gene	selected	score	k
A1BG	0	-0.3068080979416767	0
A2M	0	-0.2884233830460093	0
AAAS	0	-0.2779976477421275	0
AACS	0	-0.08015161440889126	0
AAGAB	0	-0.23485358364382775	0
AAK1	0	-0.07831420732551941	0
AAMDC	0	-0.11208966155204565	1
AAMP	0	-0.28834275787421404	0
AAR2	0	-0.29314108048374804	0
AARS2	0	-0.29025890563682843	0
AARSD1	0	-0.25334406736736564	0
AASDHPPT	0	-0.1652850818216403	0
AASS	0	-0.09693020847673499	0
AATF	0	-0.16359880064447868	1
ABAT	0	-0.14489760314146888	0
ABCA1	0	-0.28157576225688813	0
ABCA2	0	-0.3885292551041598	0
ABCA8	0	-0.21710340943601455	0
ABCB1	0	-0.16521683398134474	0
ABCB10	0	-0.22300526147978342	0
ABCB6	0	-0.1294465899145497	0
ABCB7	0	-0.14868676832429503	0
ABCB8	0	-0.14844132121190273	1
ABCC1	0	-0.09143539981787543	1
ABCC3	0	-0.047429074813315514	1
ABCC4	0	-0.17307902438565037	0
ABCD1	0	-0.09890835988238636	0
ABCD3	0	-0.013459098256838881	1
ABCD4	0	-0.5369630321898409	0
ABCE1	0	-0.10306467561757386	1
ABCF1	0	-0.2624636828655214	0
ABCF2	0	-0.21533109841365078	0
ABCF3	0	-0.21800725259072617	0
ABCG1	0	-0.14660869312198616	0
ABCG2	0	-0.6095695815806647	0
ABHD10	0	-0.24899867801380018	0
ABHD11	0	-0.20260169029653116	0
ABHD12	0	-0.1512135642910424	0
ABHD14B	0	-0.052561375131774855	1
ABHD16A	0	-0.06784875146449028	0
ABHD17B	0	-0.36712116118455557	0
ABHD2	0	-0.6836625712015189	0
ABHD3	0	-0.35438732760679653	0
ABHD4	0	-0.20948753228655037	0
ABHD5	0	-0.27213258099879745	1
ABHD6	0	-0.1750965185853109	0
ABI1	0	-0.16163605504037848	0
ABI2	0	-0.16712044581062438	1
ABI3	0	-0.026099253748061702	1
ABI3BP	1	-0.0718197516941561	2
ABL1	0	-0.20975057112456508	0
ABL2	0	-0.33697641578750104	0
ABLIM1	0	-0.00029447315972614405	1
ABLIM2	1	-0.0221243538158229	2
ABLIM3	0	-0.15055327519653378	0
ABR	0	-0.1481900838151288	0
ABRACL	0	-0.11455534662700706	1
ABRAXAS1	0	-0.22541128647717373	0
ABRAXAS2	0	-0.2056176387775568	0
ABT1	0	-0.21780462320807778	0
ABTB2	0	-0.3495911514457846	0
ACAA1	0	-0.18139622965270802	0
ACAA2	0	-0.1458620575608163	0
ACACA	0	-0.08728142292576237	1
ACAD10	0	-0.3330326153583665	0
ACAD11	0	-0.23542846199814776	0
ACAD8	0	-0.15728123685290754	0
ACAD9	0	-0.3231700635821073	0
ACADL	0	-0.25949371592690373	0
ACADM	0	-0.1635101442108079	0
ACADS	0	-0.1798709285563787	0
ACADSB	0	-0.13464608609308618	0
ACADVL	0	-0.18231244468582	0
ACAN	0	-0.09714009229445744	0
ACAP1	0	-0.147865911714179	0
ACAP2	0	-0.15685015166933575	0
ACAP3	0	-0.308186668863063	0
ACAT1	0	-0.14422556985335824	0
ACAT2	0	-0.1455970556617434	0
ACBD3	0	-0.23226319053041763	0
ACBD5	1	-0.07937496304432341	2
ACBD6	0	-0.2063684438959771	0
ACE	0	-0.1697334496868253	0
ACIN1	0	-0.04472204449944008	1
ACLY	0	-0.1673717763591575	0
ACO1	0	-0.12243561420209777	0
ACO2	0	-0.2722599525467932	0
ACOT1	0	-0.18825955175934572	0
ACOT11	0	-0.17718154998806207	0
ACOT13	0	-0.26314369244699803	0
ACOT7	0	-0.15850709701186086	0
ACOT8	0	-0.1503053485003062	1
ACOT9	0	-0.273343395815604	0
ACOX1	0	-0.1603058876446226	1
ACOX2	0	-0.2221879535263227	0
ACOX3	0	-0.13003390059354888	1
ACP1	0	-0.31207259174269064	0
ACP2	0	-0.26002763070671014	0
ACP5	0	-0.2263143944176193	0
ACP6	0	-0.18903258976575968	0
ACSF2	0	-0.14877738005404553	0
ACSF3	0	-0.23388478400158527	1
ACSL1	0	-0.1254750424811593	1
ACSL3	1	-0.11759618378123202	2
ACSL4	0	-0.1429532406426137	0
ACSL5	0	-0.12985657644414358	0
ACSS1	0	-0.19393371864336442	0
ACSS2	0	-0.11010027914569351	1
ACSS3	0	-0.10567601309681267	0
ACTA1	0	-0.1275976820196423	1
ACTB	1	-0.06525874590870845	2
ACTBL2	0	-0.059728335429627265	1
ACTG1	0	-0.09674312084749492	1
ACTL6A	0	-0.05791683052628158	1
ACTN1	0	-0.11095829958912602	0
ACTN2	0	-0.164948139481916	0
ACTN4	0	-0.11343166131836653	1
ACTR10	0	-0.1914679881097901	0
ACTR1A	0	-0.18224389941252234	0
ACTR1B	0	-0.23764583894352254	0
ACTR2	0	0.03129301255484558	1
ACTR3	0	-0.09916530438648156	0
ACTR3B	0	-0.018064874454011642	1
ACTR5	0	-0.29417611396027443	1
ACTR6	0	-0.1559233925966102	1
ACTR8	0	-0.2877784081287184	1
ACVR1	0	-0.12242493827592738	1
ACY3	0	-0.23357077711776952	0
ACYP1	0	-0.17136074893162934	1
ACYP2	0	-0.12831309660661888	1
ADA	0	-0.10004181498409256	0
ADA2	0	-0.14837083795343853	0
ADAL	0	-0.19603023741122344	0
ADAM10	0	-0.027121513866191493	1
ADAM15	0	-0.21450500975368242	0
ADAM17	0	-0.18356114237489196	0
ADAM9	0	-0.08645926928540348	1
ADAMDEC1	0	-0.9065244073569684	0
ADAMTS1	0	-0.4490076811814185	0
ADAMTS2	0	-0.41560031764691996	0
ADAMTS4	0	-0.8870822437824671	0
ADAMTS7	0	-0.19978336103621347	0
ADAMTSL1	0	-0.2914287631894076	0
ADAMTSL2	0	-0.10693753081565216	1
ADAMTSL4	1	-0.15027000918810218	2
ADAP1	0	-0.06573427316703312	0
ADAP2	0	-0.13671687909388391	0
ADAR	0	-0.10334959679550153	1
ADARB1	0	-0.021033166328647056	1
ADAT1	0	-0.3503051180090636	0
ADAT2	0	-0.6873607967833957	1
ADAT3	0	-0.45823220070902326	0
ADCK1	0	-0.1934139878302033	0
ADCK5	0	-0.9427794284724864	0
ADCY9	0	-0.4611772332191437	0
ADD1	1	0.023378565549723652	2
ADD2	1	-0.07649300844794289	2
ADD3	1	0.03755837116901849	3
ADGRE2	0	-0.1519859962479551	0
ADGRE5	0	-0.13585106792959595	1
ADGRF1	0	-0.23896628977172565	1
ADGRF5	0	-0.10850928276090754	0
ADGRG1	0	-0.14138611220496372	0
ADGRL2	0	-0.11688152034151393	0
ADGRL4	0	-0.49288188198601074	0
ADH1B	0	-0.11551971287973181	1
ADH5	0	-0.0868724714544866	1
ADI1	0	-0.18390898869512298	0
ADIPOQ	0	-0.1665402041111411	1
ADIRF	0	-0.15764282423131998	0
ADK	0	-0.10469440195003962	1
ADNP	1	-0.0197428802787065	3
ADNP2	0	-0.5096120477595131	0
ADO	0	-0.05592149521915722	1
ADPGK	0	-0.19256352322732312	0
ADPRH	0	-0.15819093612150464	0
ADRM1	0	-0.16920571521296018	0
ADSL	0	-0.1623112867625983	0
AEBP1	0	-0.13705616802744197	0
AFAP1	0	-0.17500796779094832	0
AFAP1L1	0	-0.3427622172169394	0
AFAP1L2	0	-0.053223253226156474	0
AFDN	0	-0.06399427368936794	0
AFF1	0	-0.32675508110621865	0
AFF4	0	-0.1862234151670129	1
AFG1L	0	-0.20805226497360252	0
AFG3L2	0	-0.13283715414940417	0
AFM	0	-0.3417859129558593	0
AFMID	0	-0.47587579133268393	0
AFTPH	0	-0.22962396323312256	0
AGA	0	-0.16980499382184489	0
AGAP1	0	-0.12727063002788377	1
AGAP2	0	-0.28502166344404956	0
AGAP3	0	-0.20443451404984053	0
AGFG1	0	-0.09422049801505922	0
AGFG2	0	-0.07818625296816309	0
AGGF1	0	-0.3126633452470818	0
AGK	0	-0.15625537668094605	1
AGL	0	-0.052503763108677035	1
AGMAT	0	-0.28834498341032017	0
AGO1	1	-0.0008461241647166363	2
AGO2	0	-0.1617732175549524	0
AGO3	1	-0.022518911212442677	2
AGPAT1	0	-0.21880909375306806	0
AGPAT2	0	-0.1882682926164344	0
AGPAT3	0	-0.16028964906574095	0
AGPAT4	0	-0.6737764559874357	0
AGPAT5	0	-0.20562029578771424	0
AGPS	0	-0.14224982011616627	0
AGR2	0	-0.36779762204222727	0
AGRN	1	-0.03830221584836087	2
AGT	0	-0.24600308108207591	0
AGTPBP1	0	-0.26551541831174125	0
AGTRAP	0	-0.18860164780728428	0
AHCTF1	0	-0.260707953970426	0
AHCY	0	-0.3226421704386686	0
AHCYL1	0	-0.02580731686423258	1
AHCYL2	0	-0.03866300676638591	1
AHDC1	0	-0.09524963886550603	1
AHNAK	0	-0.09449407848010968	0
AHNAK2	0	-0.08133203774550928	0
AHR	0	-0.21893608354568722	0
AHSA1	0	-0.15918848161964563	0
AHSG	0	-0.2844590158627627	1
AHSP	0	-0.09953220943459688	1
AIDA	1	-0.03470667498328517	2
AIF1	0	-0.05511833743842326	0
AIF1L	0	-0.04711887295248772	0
AIFM1	0	-0.14439533729236737	0
AIFM2	0	-0.1305967061631434	0
AIMP1	0	-0.14405100169720694	0
AIMP2	0	-0.18432450293680955	0
AIP	0	-0.09095116880637925	0
AJUBA	0	-0.10316379405988159	0
AK1	1	-0.0278062845084572	2
AK2	0	-0.20010077909719884	0
AK3	0	-0.21540792222392025	0
AK4	0	-0.11961663599499248	0
AK6	0	-0.287642567517313	0
AKAP1	0	-0.08972762245106033	0
AKAP10	0	-0.2181913101306619	0
AKAP11	0	-0.24772534284896564	0
AKAP12	1	-0.02928688070163543	2
AKAP13	0	-0.20020789594939528	0
AKAP17A	0	-0.14852926472412478	0
AKAP5	0	-0.6054469192810283	0
AKAP7	0	-0.2582131308578416	0
AKAP8	0	-0.1769522694241327	0
AKAP8L	0	-0.09323400429273954	1
AKAP9	0	-0.2836178202548378	0
AKNA	0	-0.541754585673359	0
AKR1A1	0	-0.15620277141655353	0
AKR1B1	0	-0.08945179931155872	0
AKR1B10	0	-0.145392820241939	0
AKR1C1	0	-0.1404568827794545	0
AKR1C2	0	-0.13303021630978953	0
AKR1C3	0	-0.07903121553892983	0
AKR7A2	0	-0.07919283413162378	0
AKR7A3	0	-0.18811750678949943	0
AKT1	0	-0.10349727753702112	0
AKT1S1	0	-0.3130677486549497	0
AKT2	0	-0.2335023218522716	0
AKT3	0	-0.08761393386364498	0
AKTIP	0	-0.32765924072083624	0
ALAD	0	-0.08027968676663606	1
ALAS1	0	-0.4747994816549559	0
ALB	0	-0.3357477306211697	0
ALCAM	0	-0.13249080337489932	0
ALDH16A1	0	-0.26363437984095334	0
ALDH18A1	0	-0.2128682702300509	0
ALDH1A1	1	-0.03231371912992566	2
ALDH1A2	0	-0.05184926288533716	1
ALDH1A3	0	-0.17984849968213656	0
ALDH1B1	0	-0.165113858925449	0
ALDH1L1	0	-0.08847255142620251	0
ALDH1L2	1	-0.08477469551271727	2
ALDH2	0	-0.19568105178002476	0
ALDH3A1	0	-0.15603593166458005	0
ALDH3A2	0	-0.06975054381560868	1
ALDH3B1	0	-0.09161388311733099	0
ALDH4A1	0	-0.1800880187906901	0
ALDH5A1	0	-0.11903407545970265	0
ALDH6A1	0	-0.14138762938082658	1
ALDH7A1	0	-0.13482019816085494	0
ALDH9A1	1	-0.0605672844612161	2
ALDOA	0	-0.10868639021601548	0
ALDOB	0	-0.1985008213068596	0
ALDOC	0	-0.10807629113323462	1
ALG1	0	-0.1933333359118395	1
ALG11	0	-0.15886069482569073	1
ALG12	0	-0.1744733262101751	0
ALG13	0	-0.29810849094450487	0
ALG14	0	-0.35156527157586925	0
ALG2	0	-0.2259507982030693	0
ALG5	0	-0.2673819399627202	0
ALG6	0	-0.16880351993416315	0
ALG8	0	-0.205188605897981	0
ALG9	0	-0.36411699656727	0
ALKBH3	0	-0.3708792797191315	0
ALKBH4	0	-0.3237505313637248	0
ALKBH5	1	-0.13884721839109995	2
ALKBH7	0	-0.5035473868135847	0
ALKBH8	0	-0.42080126966969517	0
ALOX5	0	-0.11009293077637491	0
ALOX5AP	0	-0.23624749708720993	0
ALPL	0	-0.1005766032283758	0
ALS2	0	-0.29454584103321524	0
ALYREF	0	-0.08238204371755878	1
AMACR	0	-0.1308543435674428	0
AMBP	0	-0.3972045036010098	0
AMBRA1	0	-0.5629536777856042	0
AMDHD2	0	-0.14227106128448075	0
AMFR	0	-0.4128434583817387	0
AMN1	0	-1.3958460161101105	0
AMOT	0	-0.15171082780430614	0
AMOTL1	0	-0.20274284070967696	0
AMOTL2	0	-0.23629077648020513	0
AMPD2	0	-0.22413338422630397	0
AMPD3	0	-0.10230999544567528	0
AMPH	0	-0.29439712307450094	0
AMT	0	-0.2397012891876039	0
AMZ2	0	-0.36643068246485444	0
ANAPC1	0	-0.2844181094849034	0
ANAPC10	0	-0.3842887866357612	0
ANAPC11	0	-0.5585667504853413	0
ANAPC13	0	-0.412581360631935	0
ANAPC16	0	-0.3074196044605538	0
ANAPC2	0	-0.3569013327487734	0
ANAPC4	0	-0.3340876035324647	0
ANAPC5	0	-0.2776070679056836	0
ANAPC7	0	-0.28633993181843775	1
ANG	0	-0.17996868241006309	1
ANGEL2	0	-0.24638005911407124	1
ANGPT2	0	-0.1838597450320742	0
ANGPTL2	1	-0.09826334394724147	2
ANGPTL4	0	-0.14516941288776813	0
ANK1	0	-0.1491309555607475	0
ANK2	1	-0.11604050361146612	2
ANK3	0	-0.05342859233201673	0
ANKFY1	0	-0.22948221498845492	0
ANKHD1	0	-0.31606462602560204	0
ANKIB1	0	-0.23081004553257123	0
ANKLE2	0	-0.21805709614110586	0
ANKMY2	0	-0.17934349427793425	0
ANKRD10	0	-0.25209361044189443	0
ANKRD11	0	-0.2666126507870662	1
ANKRD12	0	-0.423108872488917	0
ANKRD13A	0	-0.09647577154383723	0
ANKRD13D	0	-0.3799160929175912	0
ANKRD16	0	-0.38627381728679244	0
ANKRD17	0	-0.2575307359375061	0
ANKRD22	0	-0.1518150392793313	0
ANKRD27	0	-0.11559957334339321	1
ANKRD28	0	-0.3018888797175806	0
ANKRD40	0	-0.3248673468462721	0
ANKRD44	0	-0.07301457118165972	1
ANKRD50	0	-0.2622322990428755	0
ANKRD52	0	-0.28501004219735454	0
ANKRD54	0	-0.20047756336700462	0
ANKS1A	0	-0.2516671210739438	0
ANKS3	0	-0.5818088921787531	0
ANKS6	0	-0.42650228172095234	0
ANKZF1	0	-0.15829766133458728	0
ANLN	0	-0.3021617157927242	0
ANO10	0	-0.22714463242467775	0
ANO6	0	-0.14785352384740663	0
ANP32A	1	-0.14986337075733464	2
ANP32B	1	-0.03713868398438512	2
ANP32E	1	-0.07284330186506685	2
ANPEP	0	-0.11705527923842352	0
ANTXR1	0	-0.1361461044152712	0
ANTXR2	0	-0.18858300511212547	0
ANXA1	0	-0.06529181803130638	0
ANXA11	0	-0.14668662799928434	0
ANXA2	0	-0.08365386331237268	0
ANXA3	0	-0.14434647211007837	0
ANXA4	0	-0.05570136186436474	0
ANXA5	0	-0.08426739230601117	1
ANXA6	0	-0.1350683321708868	0
ANXA7	0	-0.2404506366417518	0
AOAH	0	-0.16846522077377987	0
AOC3	0	-0.17393120831830947	0
AOX1	0	-0.211967098249514	0
AP1B1	0	-0.2342132293234181	0
AP1G1	0	-0.18897546556452088	1
AP1G2	0	-0.31812888540551065	0
AP1M1	0	-0.1594871860302712	0
AP1S1	0	-0.17298663333610936	1
AP1S2	0	-0.2308926652581113	0
AP2A1	0	-0.2328827200521002	0
AP2A2	0	-0.1603213184088825	0
AP2B1	0	-0.27982103603748965	0
AP2M1	0	-0.2189009582394009	0
AP2S1	0	-0.2736514036195552	0
AP3B1	1	-0.07132575375276662	2
AP3D1	0	-0.12924101867537638	0
AP3M1	0	-0.20435974490264913	0
AP3M2	0	-0.1381281849474128	0
AP3S1	0	-0.2225768082663387	0
AP4B1	0	-0.4321056756314249	0
AP4E1	0	-0.23395594712542006	0
AP4M1	0	-0.21901204517827502	0
AP4S1	0	-0.31783935616072995	0
AP5B1	0	-0.27739306122832197	0
AP5M1	0	-0.2397346796850369	1
AP5S1	0	-0.28525699787924597	0
AP5Z1	0	-0.1765207277787493	0
APAF1	0	-0.18599676542858154	0
APBA1	0	-0.19254572461890818	0
APBA3	0	-0.47131400404138263	0
APBB1	0	-0.14045677992669214	0
APBB1IP	0	-0.06559473139592141	0
APBB2	0	-0.11942125335811889	1
APC	0	-0.1546601018449395	0
APCS	0	-0.2762658663472816	0
APEH	0	-0.17824177930139326	0
APEX1	0	-0.07581355791027404	1
API5	1	-0.028747039642923918	2
APIP	0	-0.11642761654364202	0
APLP2	0	-0.17893698152269277	0
APMAP	0	-0.14813638532267706	0
APOA1	0	-0.37750194561874884	0
APOA2	0	-0.2932764621564734	0
APOA4	0	-0.2124556530551486	1
APOB	0	-0.24174687925677688	0
APOBEC3C	0	-0.23510755617973342	0
APOBEC3F	0	-0.15147244837642243	0
APOBEC3G	0	-0.05318982430328194	1
APOBR	0	-0.15066140812668358	0
APOC1	0	-0.2977179960161511	0
APOC3	0	-0.20839440241843285	1
APOC4	0	-0.4145043054270844	0
APOD	0	-0.22748342846025774	1
APOE	0	-0.17893513262846567	0
APOF	0	-0.34365256557233825	0
APOH	0	-0.34375911968914663	0
APOL1	0	-0.3387096031055669	0
APOL2	0	-0.06696106221895451	0
APOL3	0	-0.10203064824743728	0
APOM	0	-0.46781522578966034	0
APOO	0	-0.16680639841897613	1
APOOL	0	-0.26259382785462515	1
APP	1	-0.12224333374990615	2
APPBP2	0	-0.5365717827457234	0
APPL1	1	0.010988729408898473	2
APPL2	0	-0.08050408965643044	0
APRT	0	-0.09174283468867987	1
APTX	0	-0.15457474971117738	0
AQR	1	-0.012294360955999182	3
ARAF	0	-0.2267520168230343	0
ARAP1	0	-0.1972937507727422	1
ARAP3	0	-0.09253444061259056	0
ARCN1	0	-0.06748175319508042	1
ARF4	0	-0.02474422750761616	0
ARF5	0	-0.15422017690988718	1
ARF6	0	-0.22525175716275792	0
ARFGAP1	0	-0.15400357347447993	0
ARFGAP2	0	-0.27322384591219473	0
ARFGAP3	0	-0.10751992957810233	0
ARFGEF1	1	-0.006083754309352259	2
ARFGEF2	0	-0.05842599746238086	1
ARFGEF3	0	-0.04758674991443258	0
ARFIP1	0	-0.18639854459357919	0
ARFIP2	0	-0.269035071266264	0
ARFRP1	0	-0.22040348423725575	0
ARG1	1	-0.0342047040799752	2
ARGLU1	0	-0.06948592187319798	1
ARHGAP1	0	-0.1020245583007862	0
ARHGAP10	0	-0.10586930515540116	0
ARHGAP12	0	0.018987564666158058	1
ARHGAP15	0	-0.13092048555327446	0
ARHGAP17	0	-0.17436809463184336	0
ARHGAP18	0	-0.06518187774117892	0
ARHGAP21	0	-0.08058584435758658	0
ARHGAP22	0	-0.611619934958006	0
ARHGAP23	0	-0.24661735935564183	1
ARHGAP24	1	-0.0417363847814003	2
ARHGAP25	0	-0.07593432881131981	0
ARHGAP26	0	-0.1054368785440167	0
ARHGAP27	0	-0.11410004167241254	1
ARHGAP29	0	-0.08923450526291932	0
ARHGAP30	0	-0.11069427797020595	0
ARHGAP31	0	-0.1121069841258523	0
ARHGAP32	0	-0.12682677997306638	0
ARHGAP35	0	-0.1676452562630888	0
ARHGAP4	0	-0.06439410762872702	0
ARHGAP42	0	-0.17365203299438844	0
ARHGAP44	0	-0.16929492221652892	0
ARHGAP45	0	-0.05510827433757752	1
ARHGAP5	0	-0.23168330744967283	0
ARHGAP6	0	-0.17062083458702154	0
ARHGAP9	0	-0.08723511346511259	0
ARHGDIA	0	-0.16048776645938204	1
ARHGDIB	0	-0.10346107973540623	0
ARHGEF1	0	-0.134874332305386	1
ARHGEF10	0	-0.17517675743914568	0
ARHGEF10L	0	-0.11906242653172121	0
ARHGEF11	0	-0.22765294619893503	0
ARHGEF12	0	-0.0589493618547244	1
ARHGEF16	0	-0.09313126666157964	1
ARHGEF17	0	-0.14508528879180088	0
ARHGEF18	0	-0.19416740732728327	0
ARHGEF2	0	-0.1460193882266852	0
ARHGEF28	0	-0.17319260916720192	0
ARHGEF3	0	-0.6575443403449217	0
ARHGEF37	0	-0.08587205740900114	0
ARHGEF40	0	-0.1773599304532748	0
ARHGEF5	0	-0.21920609501071286	0
ARHGEF6	0	-0.11069746485909884	0
ARHGEF7	0	-0.14361724823203703	0
ARID1A	1	-0.056685197026640696	2
ARID1B	0	-0.30490554100763584	1
ARID2	0	-0.10632552151769521	0
ARID3A	0	-0.08813538242600023	1
ARID4A	0	-0.19814011292156328	1
ARID4B	1	-0.034494516995713737	2
ARID5B	0	-0.4336597124906634	0
ARIH1	0	-0.25020679424043857	0
ARIH2	0	-0.275422473999738	0
ARL1	0	-0.1377624020570244	1
ARL14EP	0	-0.1783586868011675	0
ARL15	0	-0.2763058159149058	0
ARL2	0	-0.25975400749787564	0
ARL2BP	0	-0.20179597176344716	1
ARL3	0	-0.09937078656009209	0
ARL5B	0	-0.216963755035311	0
ARL6	0	-0.11818482756502982	0
ARL6IP1	0	-0.11926152483824437	0
ARL6IP4	0	-0.14479667155380432	1
ARL6IP5	0	-0.15070227090149718	0
ARL6IP6	0	-0.254915037811839	0
ARL8A	0	-0.18975666744420855	0
ARL8B	0	-0.20232107902569524	0
ARMC1	0	-0.12628997384593924	0
ARMC10	0	-0.1700439628103434	1
ARMC6	0	-0.18191487732659609	0
ARMC8	0	-0.23879434445775716	0
ARMC9	0	-0.17158188855775833	0
ARMCX1	0	-0.19040264433136944	0
ARMCX2	0	-0.0545324576788989	0
ARMCX3	0	-0.12813865574514632	1
ARMH3	0	-0.2338063161015683	0
ARMT1	0	-0.13834493332572478	0
ARNT	0	-0.29052926742723384	0
ARNTL	0	-0.8007481234103043	0
ARPC1A	0	-0.2271261041628591	0
ARPC1B	0	-0.09125941328571449	0
ARPC2	0	-0.10144044673709525	0
ARPC3	1	-0.026580512029637605	2
ARPC4	0	-0.11481880644759664	1
ARPC5	1	-0.0646551006201728	2
ARPC5L	0	-0.08797104811976572	0
ARPIN	0	-0.12201346232182612	1
ARPP19	0	-0.20045212791781625	0
ARRB1	0	-0.026126457909693323	0
ARRB2	0	-0.06417550282369039	1
ARRDC1	0	-0.2699712370865446	0
ARSA	0	-0.209378897275389	0
ARSB	0	-0.06523677312777706	1
ARSD	1	-0.09374871378278105	2
ARV1	0	-0.35761261534241273	0
ARVCF	0	-0.12531363893582775	0
AS3MT	0	-0.2664612786900753	0
ASAH1	0	-0.19417018680291195	0
ASAP1	0	-0.020932687184017158	1
ASAP2	0	-0.08779176152512885	0
ASAP3	0	-0.16567131867801596	0
ASB6	0	-0.5694026148162713	0
ASCC1	0	-0.24180574311502684	0
ASCC2	0	-0.24031813267416116	0
ASCC3	0	-0.2529710482549868	0
ASF1A	0	-0.25328296397673844	1
ASH2L	1	0.08586544866801973	4
ASL	0	-0.13097717984257165	1
ASMTL	0	-0.15370609839189572	1
ASNS	0	-0.1265130800721695	0
ASPA	0	-0.10113767533856133	0
ASPH	0	-0.05503222830228943	0
ASPN	0	-0.06163661222727472	1
ASPSCR1	0	-0.22217695520886913	0
ASRGL1	0	-0.047750271938750775	1
ASS1	0	-0.0902535393898437	0
ASXL2	0	-0.21635674624863563	1
ATAD1	0	-0.12493928989963657	1
ATAD2	0	-0.39617957660742775	0
ATAD2B	0	-0.3445254240655876	0
ATAD3A	0	-0.15731145374218672	0
ATAT1	0	-0.2647493657359846	0
ATE1	0	-0.07211747874081754	1
ATF1	0	-0.1985683762363472	0
ATF2	0	-0.06071721633531753	1
ATF7	1	-0.09995851370872337	2
ATF7IP	0	-0.15312317231999845	0
ATG101	0	-0.23936537664307073	0
ATG12	0	-0.2048482920583245	0
ATG13	0	-0.22830342334366596	0
ATG14	0	-0.4175595659385706	0
ATG16L1	0	-0.15553192496813223	0
ATG2A	0	-0.36483272223973107	0
ATG2B	0	-0.1454454897978496	0
ATG3	1	-0.09677442666006195	2
ATG4A	0	-0.10044115193990191	1
ATG4B	0	-0.45659602350952655	0
ATG4C	0	-0.16671567662207942	0
ATG5	0	-0.15413040910483433	0
ATG7	0	-0.0708709354926541	1
ATG9A	0	-0.3422961298858379	0
ATIC	0	-0.10752457894667264	0
ATL1	0	-0.1200098961075156	0
ATL2	0	-0.1848646277437301	0
ATL3	0	-0.08192026375444122	0
ATM	0	-0.20139982967034267	0
ATN1	0	-0.23121194931183875	0
ATOX1	0	-0.2283504741690272	0
ATP11A	0	-0.11515483317297126	0
ATP11B	0	-0.13141497204130992	0
ATP11C	0	-0.28030335510453935	0
ATP13A1	0	-0.27352509646225187	0
ATP13A3	0	-0.13134660080440647	1
ATP1A1	0	-0.23708078628449739	0
ATP1B1	0	-0.11849605562995166	0
ATP1B3	0	-0.23657984914922325	0
ATP23	0	-0.49577011069749555	0
ATP2A2	0	-0.1223746895397196	0
ATP2A3	0	-0.2693837622571107	0
ATP2B1	0	-0.14630470113410682	0
ATP2B4	0	-0.23663939288555694	0
ATP2C1	0	-0.15082315024618176	1
ATP5F1A	0	-0.27921502795290776	0
ATP5F1B	0	-0.24715955590525004	0
ATP5F1C	0	-0.27301795547014984	0
ATP5F1D	0	-0.1648866893660331	1
ATP5F1E	0	-0.2644280829601345	0
ATP5IF1	0	-0.2949646964868748	0
ATP5MD	0	-0.17100477098736658	1
ATP5ME	0	-0.21347013586438274	0
ATP5MF-PTCD1	1	-0.1033667153577422	2
ATP5MG	0	-0.11355166579812179	1
ATP5MPL	0	-0.178161187013472	0
ATP5PB	0	-0.21555751202518109	0
ATP5PD	0	-0.15527396707476376	1
ATP5PF	0	-0.24296595776543267	0
ATP5PO	0	-0.21539182868437917	0
ATP6AP1	0	-0.31810270103198934	0
ATP6AP2	0	-0.2560777680532883	0
ATP6V0A1	0	-0.2835888527851971	0
ATP6V0A2	0	-0.33129959786729957	0
ATP6V0C	0	-0.24104409684363515	0
ATP6V0D1	0	-0.2833329193683105	0
ATP6V1A	0	-0.02835936304299428	1
ATP6V1B2	0	-0.1352904399966381	0
ATP6V1C1	0	-0.08995360841133107	0
ATP6V1D	1	-0.08356555476679113	2
ATP6V1E1	0	-0.03923332054532586	1
ATP6V1F	0	-0.12156200889310106	0
ATP6V1G1	0	-0.06572991154271426	1
ATP6V1H	0	-0.12326421199389856	0
ATP7A	0	-0.4422021420641326	0
ATP8A1	0	-0.31401277883983175	0
ATP9A	0	-0.09624433830272013	0
ATP9B	0	-0.30845722126979525	0
ATPAF1	0	-0.1590862590223647	0
ATPAF2	0	-0.22164357890789171	1
ATR	0	-0.33237925698106296	0
ATRAID	0	-0.22395312905625425	1
ATRIP	0	-0.6410003802058216	0
ATRN	0	-0.3108431743044093	0
ATRX	0	-0.12600914315625095	1
ATXN1	0	-0.17602743671501236	0
ATXN10	0	-0.20537977403233615	0
ATXN1L	0	-0.16987947510497353	1
ATXN2	0	-0.3516389456675285	0
ATXN2L	1	-0.08549580267801897	2
ATXN3	0	-0.20343187624840353	0
ATXN7	0	-0.24815353668519435	0
ATXN7L3B	0	-0.2527755954428046	0
AUH	0	-0.09904270531337536	0
AUP1	0	-0.2576228954647411	0
AUTS2	0	-0.12054230185896134	0
AVEN	0	-0.1871906135715277	1
AVL9	1	-0.0665941687265306	2
AXL	0	-0.4227761631159188	0
AZGP1	1	-0.24385919024201827	2
AZI2	0	-0.1800678011575026	0
AZU1	0	-0.13634611661833124	1
B2M	0	-0.10483793830497243	0
B3GALT6	0	-0.31837887739462933	0
B3GAT3	0	-0.19277443979254788	0
B3GLCT	0	-0.0627781781243585	1
B4GALT1	1	-0.08217388417890874	2
B4GALT4	0	-0.11646996263182068	0
B4GALT7	0	-0.2919282015406262	0
B4GAT1	0	-0.2921669695432431	0
B9D1	0	-0.2817971265668834	0
BABAM1	0	-0.26440701340105777	0
BABAM2	0	-0.19693349594910564	0
BACH1	0	-0.20083863085564677	0
BAD	0	-0.18351562691048745	0
BAG1	0	-0.15925668043034533	0
BAG2	0	-0.07369783487790278	0
BAG3	0	-0.06859704707747541	0
BAG4	0	-0.18102979635407443	0
BAG5	0	-0.13219614402413735	0
BAG6	0	-0.2381146773366818	0
BAHD1	0	-0.8149460423656392	0
BAIAP2	0	-0.0728116168903167	1
BAK1	0	-0.37286881887928447	0
BANF1	0	-0.11727497186851603	1
BANP	0	-0.34595950660841235	0
BAP1	0	-0.37766969559077834	0
BASP1	0	-0.11799822638017252	0
BAX	0	-0.1815171397881205	0
BAZ1A	0	-0.21941606614199843	0
BAZ1B	0	-0.16785186632578813	0
BAZ2A	0	-0.38389354235006806	0
BBIP1	0	-0.261067736019031	0
BBS1	0	-0.10016583267158834	0
BBS2	0	-0.0667048628950526	0
BBS4	0	-0.1223481449292508	0
BBS5	0	-0.3327238646123082	0
BBS7	1	-0.06201214273133645	2
BBS9	0	-0.1821601824096075	1
BBX	0	-0.3419683647061679	0
BCAM	0	-0.08829302259693231	1
BCAP29	0	-0.18076849395082986	0
BCAP31	0	-0.11302774894081843	0
BCAR1	0	-0.10833590327995798	0
BCAR3	0	-0.14105386548941107	0
BCAS1	0	-0.39777466722184907	0
BCAS2	1	0.004258231011326176	2
BCAS3	0	-0.23557467760171752	0
BCAT1	0	-0.06133011368050425	0
BCAT2	0	-0.20962820355227704	1
BCCIP	0	-0.14585373008960295	0
BCHE	0	-0.16322555725133508	0
BCKDHA	0	-0.27335799199922256	0
BCKDHB	0	-0.23924731241837502	0
BCKDK	0	-0.27446006654154365	0
BCL10	0	-0.23958760429561413	0
BCL2L1	0	-0.13896537381087226	0
BCL2L13	0	-0.11146579468681776	0
BCL2L2	0	-0.14968072735307264	1
BCL3	0	-0.22171478979371062	1
BCL7A	0	-0.2207631849716154	0
BCL7B	0	-0.20012384017355508	0
BCL7C	0	-0.2662864905103955	0
BCL9L	0	-0.2507053261674827	0
BCLAF1	0	-0.11318096151801518	1
BCLAF3	0	-0.2500634757383474	0
BCOR	0	-0.3391768654524759	0
BCR	0	-0.1385839496066474	0
BCS1L	0	-0.3103581430256153	0
BDH1	0	-0.2595891538482503	0
BDH2	0	-0.06284448537421708	1
BECN1	0	-0.20363341074780558	0
BEND3	0	-0.20550678438381614	0
BET1	0	-0.06824892206951864	1
BET1L	0	-0.17651132448887605	0
BGN	0	-0.1543497400404478	1
BICC1	0	-0.12399933441302599	0
BICD1	0	-0.2170329875006781	0
BICD2	0	-0.15589940777456407	0
BICRA	0	-0.44582245816099614	0
BID	0	-0.1727026511606668	0
BIN1	0	-0.08612842941481763	0
BIN2	0	-0.09983353248633561	0
BIN3	1	-0.0798107608367411	2
BIRC2	0	-0.3349885713221261	0
BIRC6	0	-0.13867905918275283	0
BLM	0	-0.2260844078435166	0
BLMH	0	-0.21749827671074934	0
BLNK	0	-0.10761197978316103	0
BLOC1S1	0	-0.2454587914827652	1
BLOC1S2	0	-0.2752051524307041	0
BLOC1S3	0	-0.2796150010435222	0
BLOC1S4	0	-0.4126356717594821	0
BLOC1S5	0	-0.4147714690919959	0
BLOC1S6	0	-0.32417500201620975	0
BLVRA	0	-0.09116275903580436	0
BLVRB	0	-0.10964848030401372	0
BLZF1	0	-0.1624824362214558	1
BMP1	0	-0.1983793004007648	1
BMP2K	0	-0.13348734334189677	0
BMPR2	0	-0.5915073851442308	0
BMS1	0	-0.18465544400703998	0
BNIP1	0	-0.1913102518442348	0
BNIP2	0	-0.17153533698765105	0
BNIP3	0	-0.37365504921788417	0
BOD1	0	-0.20060542567641507	0
BOD1L1	0	-0.18544581243137692	0
BOLA1	0	-0.2693277108429026	0
BOLA2	0	-0.28866710798610795	0
BOLA3	0	-0.18241027066741516	0
BOP1	0	-0.05815917413779428	1
BORCS5	0	-0.19291526276184606	1
BORCS6	1	-0.1429276074630869	2
BORCS7	0	-0.25198860087342173	1
BORCS8	0	-0.29004264938790464	0
BPGM	0	-0.08695579901974684	0
BPHL	0	-0.23675316508584512	0
BPI	0	-0.19235622161089405	1
BPNT1	0	-0.23234155623418068	0
BPTF	0	-0.1510098045420762	0
BRAF	0	-0.30524272297034916	0
BRAP	0	-0.3698203573101624	0
BRAT1	0	-0.4687303143809875	0
BRCC3	0	-0.3105667030002783	0
BRD1	0	-0.21811535244823405	0
BRD2	0	-0.0689719553151981	1
BRD3	1	-0.03754657167802568	2
BRD4	1	-0.06476307627631639	2
BRD7	0	-0.1834732965535845	0
BRD8	0	-0.16449073375584963	0
BRD9	0	-0.06243275485570286	1
BRF1	0	-0.17142182590852623	1
BRI3	0	-0.28824715309582405	0
BRI3BP	0	-0.5812625562757252	0
BRIX1	0	-0.22815915684000135	0
BRK1	0	-0.12175368313355968	1
BRMS1	0	-0.3425830042357237	1
BRMS1L	0	-0.11547315413212453	1
BROX	0	-0.14461805938631594	0
BRPF1	0	-0.16525129222803253	1
BRWD1	0	-0.2628096325017121	0
BSCL2	0	-0.4338588320524008	0
BSDC1	0	-0.22729213154114766	0
BSG	0	-0.12285037427854457	1
BST1	0	-0.21656943892027206	0
BST2	0	-0.10725203223802929	0
BTAF1	0	-0.10133880246242241	0
BTBD1	0	-0.1553443024138941	1
BTBD2	0	-0.23981705134465298	0
BTBD8	0	-0.17079263177800025	1
BTD	0	-0.1426199710358348	1
BTF3	0	-0.13800879326633997	1
BTF3L4	0	-0.2296473046297744	1
BTK	0	-0.06464688742832356	1
BTN2A1	0	-0.22472626492917191	0
BTN3A3	0	-0.059684772546552044	1
BUB1B	0	-0.5337243651231736	0
BUB3	1	0.01385831803812292	2
BUD13	0	-0.1768928944500488	0
BUD23	0	-0.18005212753625205	0
BUD31	0	0.016038433722413103	1
BYSL	0	-0.1117442849673044	1
BZW1	0	-0.1866589274840597	0
BZW2	0	-0.09598753854919098	0
C11orf54	0	-0.19048721814589353	0
C11orf58	0	-0.2617248592957894	0
C11orf68	0	-0.2198962881240844	0
C11orf96	0	-0.0750643316690116	1
C11orf98	0	-0.3387948562963811	0
C12orf29	0	-0.22983261618578257	0
C12orf4	0	-0.29967011651808895	0
C12orf43	0	-0.20223147276546055	0
C12orf45	0	-0.28238955592755066	0
C12orf57	0	-0.19238880916119297	0
C12orf66	0	-0.2941925181806022	0
C12orf75	0	-0.28527228445275027	0
C14orf119	0	-0.2251170728403514	0
C15orf40	0	-0.24959605094219062	0
C16orf70	0	-0.3345885937057488	0
C16orf86	0	-1.2648750385782916	1
C17orf49	0	-0.1561426022501438	0
C17orf75	0	-0.20379032296769775	1
C17orf80	0	-0.26576411201598477	0
C17orf97	0	-0.20694385352197905	0
C18orf21	0	-0.31878967487105014	0
C18orf25	0	-0.28828534494278657	0
C18orf32	0	-0.26703139760397426	1
C19orf12	0	-0.3421086714961975	0
C19orf25	0	-0.23484865057913104	1
C19orf33	0	-0.26545384196371585	0
C19orf47	0	-0.18485456850715082	0
C19orf53	0	-0.2995051055117576	0
C1D	0	-0.3731621015584914	0
C1GALT1	0	-0.3365048882560087	0
C1GALT1C1	0	-0.3015386686040785	1
C1QA	1	-0.0759417298378828	2
C1QB	0	-0.1687229855979498	1
C1QBP	0	-0.04407423598595053	0
C1QC	1	-0.13033503608140182	2
C1QTNF3	0	-0.14610654677208335	0
C1R	1	-0.03747967677021904	2
C1RL	0	-0.22708028485231496	1
C1S	1	-0.08718005857679631	2
C1orf109	0	-0.539064538132102	0
C1orf122	0	-0.15972511056976574	0
C1orf131	0	-0.6309133653511155	0
C1orf174	0	-0.27711057605662986	0
C1orf198	0	-0.09772496049874276	1
C1orf21	0	-0.35043202427305287	0
C1orf226	0	-0.2720406416316554	0
C1orf35	0	-0.05579226630518128	1
C1orf50	0	-0.2887060851047813	0
C1orf52	0	-0.2783475658609698	0
C2	0	-0.22100952818515446	1
C20orf27	0	-0.2753523970785158	0
C2CD2	0	-0.3160536499031688	0
C2CD2L	0	-0.16067156235783972	1
C2CD3	0	-0.8169482208954871	0
C2CD5	0	-0.0784028949385264	0
C2orf49	0	-0.27552546059567684	0
C2orf69	0	-0.22522951010282038	0
C2orf76	0	-0.1778051470291794	0
C2orf88	0	-0.5951345469039973	1
C3	0	-0.3000805328798841	0
C3orf38	0	-0.28567817467879353	0
C4B	0	-0.2877077082968753	1
C4BPA	0	-0.21547835953801459	0
C4BPB	0	-0.22046393786830776	1
C4orf3	0	-0.25342951886372955	1
C4orf33	0	-0.16048482762159227	0
C5	0	-0.4414573830201146	1
C5AR1	0	-0.4956594470122456	0
C5orf15	0	-0.2834246774781635	0
C5orf22	0	-0.3797277429284772	0
C5orf24	1	-0.12695432801504633	2
C5orf51	0	-0.266877753095403	0
C6	0	-0.3998595479392394	0
C6orf47	0	-0.179667854115196	0
C6orf89	0	-0.2524233224052038	0
C7	0	-0.21951594369089006	1
C7orf25	0	-0.2343252588286183	0
C7orf26	0	-0.34388157649338336	0
C7orf50	0	-0.21428541695618403	0
C8A	0	-0.35889174722993933	1
C8B	0	-0.3797703000293214	1
C8G	0	-0.4145038570970268	0
C8orf33	0	-0.20635117782057139	0
C8orf37	0	-0.1832605038023304	1
C8orf82	0	-0.21174173859075712	0
C9	0	-0.3766459983192401	1
C9orf16	0	-0.33046456414875386	0
C9orf40	0	-0.6130786769068655	0
C9orf64	0	-0.11951791688936256	0
C9orf72	0	-0.42141878763172913	0
C9orf78	0	-0.11753368209201728	0
CA1	0	-0.15547147217941287	0
CA12	0	-0.06950885474053319	0
CA13	0	-0.10775990145850856	1
CA2	1	-0.039021157978452944	2
CA3	0	-0.15558593657341094	0
CA4	0	-0.0940101693959318	1
CA5B	0	-0.217575147047789	0
CA8	0	-0.16211266878108646	0
CA9	0	-0.1604417547269382	0
CAAP1	0	-0.24911111036741404	1
CAB39	0	-0.11377130181643347	0
CAB39L	0	-0.13233917866672656	0
CABIN1	0	-0.1965801394715639	0
CABLES1	0	-0.23374929931247695	0
CACHD1	0	-0.18412196007036913	1
CACNA2D1	0	-0.10474138762272196	0
CACTIN	0	-0.289392859606611	0
CACUL1	0	-0.32482481794488316	0
CACYBP	0	-0.12682953064192123	0
CAD	0	-0.11938363859050405	1
CADM1	0	-0.15741387916465396	0
CADM4	0	-0.3712257405348283	0
CADPS2	0	-0.09986402379600254	1
CALB1	0	-0.34174585431575644	0
CALB2	0	-0.11366388617659348	0
CALCOCO1	0	-0.15100791579006198	0
CALCOCO2	0	-0.19685362437040418	0
CALCRL	0	-0.32711388705018607	0
CALD1	0	-0.11883585955280125	0
CALHM5	0	-0.5058126138104739	0
CALM1	0	-0.07663606017855734	1
CALML3	0	-0.20843775418193622	0
CALR	0	-0.12889539174145684	0
CALU	0	-0.16772763907977725	0
CAMK1	0	-0.25665475197834386	0
CAMK1D	0	-0.097985392746315	0
CAMK2B	0	-0.16613813873105357	1
CAMK2D	0	-0.11535300613855821	0
CAMK2G	0	-0.17076928442601455	1
CAMK4	0	-0.024675534958780977	1
CAMKK2	0	-0.20307708875121094	0
CAMKMT	0	-0.23509107409866745	1
CAMLG	0	-0.15056694760223466	1
CAMP	0	-0.20185873795376535	1
CAMSAP1	0	-0.24547232010863945	0
CAMSAP2	0	-0.09071384624129554	0
CAMSAP3	0	-0.19716522305886847	0
CAND1	0	-0.11918849240685714	1
CAND2	0	-0.09358998784560658	0
CANT1	0	-0.10944416462015558	0
CANX	0	-0.17373141165751554	0
CAP1	0	-0.15762345440979703	0
CAP2	0	-0.10276250969839959	1
CAPG	0	-0.10979393241189853	0
CAPN1	0	-0.17029808465354015	0
CAPN15	0	-0.32012711559714513	0
CAPN2	0	-0.17419760565685732	0
CAPN5	0	-0.09780323092954162	0
CAPN7	0	-0.2782133294782013	0
CAPNS1	1	-0.12449558088940968	2
CAPRIN1	1	-0.08818488441696952	2
CAPS	0	-0.17982838260696743	0
CAPZA1	0	-0.11591382005279645	0
CAPZA2	0	-0.202602319343816	0
CAPZB	0	-0.1644460037274002	0
CARD11	0	-0.25754284539400624	0
CARD19	0	-0.21907196566112086	1
CARD6	0	-0.28229066187441354	0
CARD8	0	-0.20495954363836533	0
CARD9	0	-0.2206730714399022	0
CARHSP1	0	-0.0814279640224025	1
CARM1	0	-0.2536302828940697	0
CARMIL1	0	-0.12216949059931823	0
CARNMT1	0	-0.3949830380447329	0
CARS2	0	-0.19528887087985605	0
CASC3	0	-0.12416934931026338	0
CASK	0	-0.05983922506610789	1
CASKIN2	0	-0.1790880746286741	1
CASP1	0	-0.0639176814790746	1
CASP10	0	-0.2031628580725454	0
CASP2	0	-0.1481574853144232	0
CASP3	0	-0.20678055855790722	0
CASP4	0	-0.0836831900988124	0
CASP6	0	-0.08968796477106385	0
CASP7	0	-0.16905586603066663	0
CASP8	0	-0.23480850632010758	0
CASP9	0	-0.19122752303751456	0
CAST	0	-0.10829827130109553	0
CASTOR2	0	-0.19865922917090093	0
CAT	0	-0.07766812260388944	0
CAV1	0	-0.10392748826636453	0
CAV2	0	-0.2671420247432282	0
CAVIN1	1	-0.0938990181489647	2
CAVIN2	1	-0.07395646829712026	2
CAVIN3	0	-0.09412423086303114	0
CBFB	0	-0.10987841808945767	1
CBL	0	-0.272263653921461	0
CBLB	0	-0.3658411364484976	0
CBLL1	0	-0.07996953637429352	0
CBR1	0	-0.05108585770596804	0
CBR3	1	-0.18371419708799902	2
CBR4	0	-0.3141471641986998	0
CBS	1	-0.5978157217581961	2
CBX1	1	0.008760670288014898	2
CBX3	1	-0.04041128071491186	3
CBX4	0	-0.22324553603632383	0
CBX5	1	0.0009884254708724186	2
CBX6	0	-0.25001480957497824	1
CBX8	0	-0.1517278415913404	1
CC2D1A	0	-0.12716481967557752	0
CC2D1B	0	-0.17429707787520557	0
CCAR1	1	-0.008246585663298504	2
CCAR2	0	0.008137946102509157	1
CCDC102A	0	-0.13353998035568537	0
CCDC115	0	-0.28340660349180874	0
CCDC117	0	-0.36668217806276315	0
CCDC12	0	-0.06964830927801735	1
CCDC124	0	-0.1945591281228314	0
CCDC127	0	-0.11109535937681687	0
CCDC134	0	-0.2671819741719045	0
CCDC149	0	-0.4844092843882749	0
CCDC174	0	-0.30534427903307604	0
CCDC186	0	-0.249357499097135	0
CCDC22	0	-0.0704348584381954	1
CCDC25	0	-0.03332318226032858	1
CCDC28A	0	-0.14035822934994358	1
CCDC32	0	-0.3889455313804521	0
CCDC43	0	-0.18451380942229118	1
CCDC47	0	-0.16475052494084286	1
CCDC50	0	-0.17991022338500012	0
CCDC51	0	-0.26206062166564703	0
CCDC58	0	-0.2123038973570186	0
CCDC6	0	-0.08012262946106076	0
CCDC61	0	-0.31633637310572127	0
CCDC71L	0	-0.48831447900828184	0
CCDC8	0	-0.08574974328081025	1
CCDC80	1	-0.1143092042568925	2
CCDC82	0	-0.23688219117310721	1
CCDC85B	0	-0.5357080588935873	0
CCDC85C	0	-0.30648065355096243	0
CCDC86	0	-0.17118552482329757	0
CCDC88A	0	-0.15304653445541003	0
CCDC88B	0	-0.22554004504858485	0
CCDC88C	0	-0.2336196519323897	0
CCDC9	0	-0.23888898657428687	0
CCDC90B	0	-0.22504737310426753	0
CCDC91	0	-0.06643013429906414	1
CCDC92	0	-0.34879593256345026	0
CCDC93	0	-0.14836740562052175	0
CCDC97	0	-0.23882594432334625	0
CCDC9B	0	-0.17205451686223264	0
CCL14	0	-0.3037416064103933	0
CCL18	0	-0.22446524643790164	0
CCL5	0	-0.10585144317789788	0
CCM2	0	-0.22725188254508494	1
CCNH	0	-0.2911426513399362	0
CCNK	0	-0.21294227223705287	0
CCNL1	0	-0.32266254135694744	0
CCNL2	0	-0.37542440459014986	0
CCNT1	0	-0.2065524740395018	0
CCNT2	0	-0.23274383238564975	0
CCNY	0	-0.27144010561535875	0
CCNYL1	0	-0.29571724145545175	0
CCP110	0	-0.3430762768537067	0
CCPG1	0	-0.29920130701157294	0
CCS	0	-0.16144566049364925	1
CCSER2	0	-0.36485709224309215	0
CCT2	0	-0.07757480058507478	1
CCT3	0	-0.23299496253838284	0
CCT4	0	-0.18695251693124024	0
CCT5	0	-0.15637799398725497	0
CCT6A	0	-0.1395202293402652	0
CCT7	0	-0.3163339147919805	0
CCT8	0	-0.11205822580802043	0
CCZ1	0	-0.26956189863252317	0
CD109	0	-0.05451456118286587	1
CD14	0	-0.07707087630537132	0
CD151	0	-0.17937581408398726	1
CD163	0	-0.10409909060050564	0
CD164	0	-0.7272846111897293	0
CD180	0	-0.38143892449342676	0
CD2	0	-0.7210799353641197	0
CD200	0	-0.1410419637386345	1
CD209	0	-0.18431988174878713	0
CD248	0	-0.15968780376144803	0
CD276	0	-0.19841769679971794	0
CD2AP	0	-0.0703803437944592	0
CD2BP2	1	-0.10153290246353008	2
CD300A	0	-0.19879892919024772	0
CD320	0	-0.5503846285761371	0
CD33	0	-0.3618197692083861	0
CD34	0	-0.06078051952099954	1
CD36	0	-0.1495544038271231	0
CD38	0	-0.11845916926814956	0
CD4	0	-0.204574465752518	0
CD40	0	-0.16485874779724552	0
CD44	0	-0.11314203792853943	0
CD46	0	-0.19609155472267167	1
CD47	0	-0.04247726630492286	0
CD48	0	-0.11724352691500592	0
CD53	0	-0.18706918944381073	0
CD55	0	-0.09511954848193184	0
CD58	0	-0.22225039079110206	1
CD59	0	-0.07123497116456848	1
CD5L	0	-0.3750590320734943	0
CD63	0	-0.16486423112708185	1
CD74	0	-0.2024897273488108	0
CD81	0	-0.0931214953724466	0
CD82	0	-0.21430190309711233	0
CD84	0	-0.2923253569000023	0
CD8A	0	-0.2934110288535151	0
CD9	0	-0.2645735343783982	0
CD93	0	-0.15031455063763435	1
CD99	0	-0.15844785290602298	1
CD99L2	0	-0.14090442731932518	1
CDA	0	-0.185552244197085	0
CDC123	0	-0.20550801088876583	0
CDC16	0	-0.23390756264244641	0
CDC23	0	-0.2568535781307651	0
CDC26	0	-0.16625611684838465	0
CDC27	0	-0.1900288806147071	0
CDC34	0	-0.3339285723668828	0
CDC37	0	-0.25247436179563654	0
CDC37L1	0	-0.19508877735091695	0
CDC40	1	-0.058526829024755755	2
CDC42	0	-0.15925384503904566	1
CDC42BPA	0	-0.09412765265855601	1
CDC42BPB	0	-0.13433004199345655	0
CDC42EP1	1	-0.0742689256106221	2
CDC42EP2	0	-0.169071389601343	1
CDC42EP4	0	-0.15891029040790303	0
CDC42EP5	0	-0.17668659986696594	0
CDC5L	0	-0.0907028808196947	1
CDC73	1	-0.023119428703018974	2
CDCP1	0	-0.09962906577887948	1
CDH1	0	-0.04398907449711858	1
CDH11	0	-0.17597337425183054	0
CDH13	0	-0.10110129310450497	0
CDH2	0	-0.07456469798803762	0
CDH5	0	-0.1419116760303175	1
CDH6	0	-0.11983230518564865	0
CDIPT	0	-0.13260281267473867	0
CDK1	0	-0.12252167075791838	0
CDK11A	0	-0.1439125277744771	1
CDK11B	1	-0.06671920906917615	2
CDK12	0	-0.14901487197991628	0
CDK13	0	-0.14295491642909686	0
CDK14	0	-0.18680992407815794	0
CDK16	0	-0.19582771685345274	0
CDK17	0	-0.07042282981139258	1
CDK18	0	-0.15990541477707915	0
CDK19	0	-0.17398618742967434	0
CDK2	0	-0.19244415089292435	0
CDK2AP1	0	-0.1333174020475429	1
CDK4	0	-0.31467721237562646	0
CDK5	0	-0.32537441877970996	0
CDK5RAP1	0	-0.385498418340619	0
CDK5RAP2	0	-0.2542759057859288	0
CDK5RAP3	0	-0.260106017971574	0
CDK6	0	-0.09042387814439194	0
CDK7	0	-0.12681925074782582	0
CDK9	0	-0.2530026959073595	0
CDKAL1	1	-0.12784114852796521	2
CDKN1A	0	-0.6552703208573258	0
CDKN1B	0	-0.07813672372863065	1
CDKN1C	0	-0.34343625982765075	0
CDKN2A	0	-0.2919665431997493	0
CDKN2AIP	0	-0.14550369814131509	0
CDKN2AIPNL	0	-0.24250577822512973	0
CDKN2C	1	-0.11264290152985831	2
CDR2	0	-0.24342528703815464	0
CDR2L	0	-0.16163271290699188	0
CDS1	0	-0.26353888761641214	0
CDS2	0	-0.2397674946453936	0
CDV3	0	-0.2042367976971728	0
CDYL	0	-0.057591675318223824	0
CEACAM1	0	-0.25839448879169635	0
CEBPB	0	-0.09825339541797869	0
CEBPD	0	-0.6703328263676867	0
CEBPZ	1	0.005030304102053205	3
CEBPZOS	0	-0.33241684349184675	1
CELF1	0	-0.2347470688907103	1
CELF2	0	-0.06087522591879798	1
CELSR1	0	-0.08975538038249176	1
CEMIP2	0	-0.062042620885176314	1
CENPB	1	-0.07251505962953061	2
CENPC	0	-0.2792180823788017	0
CENPF	0	-0.2599186132828647	0
CENPV	0	-0.044798796399367825	0
CEP104	0	-0.3692837300006901	0
CEP112	0	-0.19411206965357858	0
CEP120	0	-0.29462456914769114	0
CEP128	0	-0.27109300054076946	0
CEP131	0	-0.20042641620073845	0
CEP135	0	-0.07851492604110004	1
CEP152	0	-0.33978115142683346	0
CEP164	0	-0.33400191081395986	1
CEP170	0	-0.059833734783384517	1
CEP170B	0	-0.05082574608873144	1
CEP192	0	-0.35885955296616096	0
CEP250	0	-0.1913797801403776	0
CEP290	0	-0.1723735128104759	0
CEP350	0	-0.2887592970444719	0
CEP41	0	-0.11652650983309698	0
CEP44	0	-0.2505583837169432	0
CEP55	0	-0.2183474333177129	0
CEP57	0	-0.23063996438622086	0
CEP63	0	-0.7304135528244793	0
CEP68	0	-0.15738746814290386	0
CEP78	0	-0.2031123578613092	0
CEP85	0	-0.7379315176461024	0
CEP89	0	-0.44735751408211194	0
CEP97	0	-0.18313610342978498	0
CEPT1	0	-0.27175182483685956	0
CERCAM	0	-0.8237497914314653	0
CERS2	0	-0.10802301237236203	1
CERS4	0	-0.1654182089343254	1
CERS5	0	-0.2965252809167361	0
CES1	0	-0.05940958206018654	0
CES2	0	-0.20546626956157515	0
CETN2	0	-0.08232346217344622	1
CETN3	0	-0.14344179647839816	1
CETP	0	-0.739886137952912	0
CFAP20	0	-0.17527800058084372	0
CFAP298	0	-0.26495174226552665	0
CFAP36	0	-0.1083397501270171	1
CFAP410	0	-0.48094692388789306	0
CFAP97	0	-0.1888927669546638	0
CFB	0	-0.3763601070054009	0
CFD	0	-0.14203168981212724	1
CFDP1	0	-0.16788686559138113	0
CFH	0	-0.2893730503120098	1
CFHR1	0	-0.34739826222275283	0
CFHR2	0	-0.35016155129513005	0
CFHR3	0	-0.30344092784542986	1
CFHR4	0	-0.21980722525753507	0
CFHR5	0	-0.27539049443885133	0
CFI	0	-0.21933111126612825	1
CFL1	0	-0.22375078723267597	0
CFL2	0	-0.18964368776675133	0
CFLAR	0	-0.5479218740779974	0
CFP	0	-0.29605268353503034	1
CGAS	0	-0.1612691220117059	0
CGGBP1	0	-0.17063030622666303	1
CGN	0	-0.09323303822119096	0
CGNL1	0	-0.07719494043387906	0
CGREF1	0	-0.3253627448000701	0
CHAC2	0	-0.29862359571530733	0
CHAF1A	0	-0.46604773649278597	0
CHAMP1	1	0.064024208258437	4
CHCHD1	0	-0.40531350715460723	0
CHCHD10	0	-0.15103776444820732	0
CHCHD2	0	-0.30367632588022075	0
CHCHD3	0	-0.2221025244860936	0
CHCHD4	0	-0.2100599362212836	0
CHCHD5	0	-0.212761606932994	0
CHCHD6	0	-0.14076101210772032	1
CHCHD7	0	-0.2869634319646962	0
CHD1	0	-0.13579894788650662	1
CHD1L	0	-0.19541416036416476	0
CHD2	0	-0.11626497270189202	1
CHD3	0	-0.05555618348852949	1
CHD4	1	0.05533891943015383	2
CHD6	0	-0.15037776395415456	0
CHD8	0	-0.23362577208470325	1
CHD9	0	-0.20622689580471	0
CHDH	0	-0.10356287087789981	0
CHEK1	0	-1.1576525322788975	0
CHEK2	0	-0.26074749947819337	0
CHERP	1	-0.0343760678559624	2
CHGA	0	-0.37738055675585735	0
CHGB	0	-0.6787725184575171	0
CHI3L1	0	-0.11657077576235331	1
CHID1	0	-0.1595915458568458	0
CHIT1	0	-0.1942199460646104	0
CHKA	0	-0.4756878377322695	0
CHKB	0	-0.2778786237170951	0
CHL1	0	-0.09860504346679384	0
CHM	0	-0.2061970484248718	0
CHML	0	-0.16207397500988105	0
CHMP1A	0	-0.26154500269685405	0
CHMP1B	0	-0.1264095502097324	1
CHMP2A	0	-0.1314136719594202	0
CHMP2B	0	-0.13121320357641478	0
CHMP3	0	-0.24004771401024927	0
CHMP4A	0	-0.21518215217228587	0
CHMP4B	0	-0.09339648782468292	0
CHMP5	0	-0.1781282045331126	1
CHMP6	0	-0.28462199594453663	0
CHMP7	0	-0.20858324835163383	0
CHN1	0	-0.3451182602571584	0
CHN2	0	-0.2994789913028708	0
CHORDC1	0	-0.15158054484447323	0
CHP1	0	-0.2838940203702359	0
CHPF	0	-0.23675672882472804	0
CHPF2	0	-0.286379080417055	0
CHRAC1	0	-0.21026611685697744	0
CHRD	0	-0.7334571246638932	0
CHRDL1	0	-0.6448465543187475	0
CHST14	0	-0.22326527854304518	0
CHSY1	0	-0.268582363815311	0
CHTF18	0	-0.5210309913417106	0
CHTOP	0	-0.4891612821429563	0
CHUK	0	-0.08493630905789822	1
CHURC1-FNTB	0	-0.36769874513568823	0
CIAO1	0	-0.1961499037579692	0
CIAO2A	0	-0.14152777114806323	1
CIAO2B	0	-0.30351283813202107	0
CIAO3	0	-0.3432444780337585	0
CIAPIN1	0	-0.19584229311445225	0
CIB1	0	-0.12247341506753862	0
CIC	0	-0.1529428936073648	1
CINP	0	-0.2693097524896063	0
CIP2A	0	-0.1953669030590183	0
CIR1	1	-0.13635647473850762	2
CIRBP	0	-0.0932735232750374	1
CISD1	0	-0.18423313427771015	1
CISD2	0	-0.13565879939983821	0
CISD3	0	-0.22991347041511884	0
CIT	0	-0.14502336036143143	0
CIZ1	0	-0.19174553201336877	0
CKAP2	0	-0.31959778334038613	0
CKAP4	0	-0.17363516418655076	0
CKAP5	0	-0.22890931909561965	0
CKB	0	-0.13691123688935333	0
CKMT1A	0	-0.19165099187740947	0
CKMT2	0	-0.16025482186479015	0
CKS1B	0	-0.14704339169807623	0
CLASP1	0	-0.09259819670696814	0
CLASP2	0	-0.13697708527406843	0
CLASRP	0	-0.3489459531268292	0
CLC	0	-0.11078514243166049	0
CLCC1	0	-0.1333592560413915	0
CLCN3	0	-0.250297557758803	0
CLCN7	0	-0.21021635240224185	0
CLDN10	0	-0.526880924942391	0
CLDND1	0	-0.31297455210348796	1
CLEC11A	0	-0.03473030691746918	1
CLEC14A	0	-0.3018202602647887	0
CLEC16A	0	-0.22789429096666675	0
CLEC3B	1	-0.10851604271930197	3
CLGN	0	-0.1894052749609526	1
CLIC1	0	-0.1407608869738874	0
CLIC2	0	-0.09782711583658053	1
CLIC4	0	-0.09595360371897751	0
CLIC5	0	-0.1422181181103997	0
CLIC6	0	-0.08657289768764362	0
CLINT1	0	-0.21471772393613459	0
CLIP1	0	-0.1307448547422509	0
CLIP2	0	-0.0738504738061961	1
CLK2	0	-0.5906169111426296	0
CLK3	0	-0.3039963949351274	1
CLMN	0	-0.038721679772317094	0
CLN5	0	-0.33864968508895443	0
CLNS1A	0	-0.10706216974491674	0
CLOCK	0	-0.3650220634615462	0
CLP1	0	-0.277575417474108	0
CLPB	0	-0.19510297179797095	0
CLPP	0	-0.1744078999741034	1
CLPTM1	0	-0.042249988320631995	0
CLPTM1L	0	-0.12859139573045505	0
CLPX	1	-0.1084492614799428	2
CLSTN1	0	-0.05515458740417798	1
CLSTN3	0	-0.21883317291709062	0
CLTA	0	-0.11054095197866562	0
CLTB	0	-0.17315341833228182	0
CLTC	1	0.022649441162707798	2
CLTCL1	1	-0.015588622940230844	2
CLU	0	-0.1902176544038299	0
CLUAP1	0	-0.20521815943939145	0
CLUH	0	-0.21992891207338752	0
CLYBL	0	-0.19987464710296426	0
CMAS	0	-0.040318563277538536	1
CMBL	0	-0.04883941556033086	1
CMC1	0	-0.3054081419199225	0
CMC2	0	-0.36225085675984015	0
CMC4	0	-0.23856661707243995	1
CMIP	0	-0.16937499669919767	0
CMPK1	0	-0.17086026947400884	1
CMPK2	0	-0.10490313840488338	0
CMSS1	0	-0.17890435813106015	0
CMTM4	0	-0.2799699422580936	0
CMTR1	0	-0.054633074653537984	1
CMTR2	0	-0.22297583385436245	0
CNBP	0	-0.183377225842916	0
CNDP1	0	-0.16782332625931198	0
CNDP2	0	-0.09343801109035568	1
CNKSR3	0	-0.13073368630520452	0
CNN1	0	-0.14415322915116127	0
CNN2	0	-0.09971351212821525	0
CNN3	0	-0.09321932186773296	1
CNNM3	0	-0.23275844332880657	0
CNNM4	0	-0.24758704715992716	1
CNOT1	0	-0.1775105196436651	1
CNOT10	0	-0.15359194214278798	1
CNOT11	0	-0.16672341855646547	0
CNOT2	0	-0.24480339979561055	0
CNOT3	0	-0.4190442715245247	0
CNOT4	0	-0.38571132830831456	0
CNOT6L	0	-0.2070265120511865	0
CNOT7	0	-0.3034710365617939	0
CNOT8	0	-0.3684868827775739	0
CNOT9	0	-0.27525189089086144	0
CNP	0	-0.1704423264440343	0
CNPY2	0	-0.25987162545364695	0
CNPY3	0	-0.1512810376191014	1
CNPY4	0	-0.15447421099182962	0
CNRIP1	0	-0.0636235954753633	1
CNST	0	-0.2415979566326965	0
CNTLN	0	-0.6798800033113437	0
CNTN1	1	-0.054377765394733456	2
CNTRL	0	-0.14273767573256574	0
CNTROB	0	-0.28477016833963886	0
COA1	0	-0.7416150196451277	0
COA3	0	-0.2764103802650423	0
COA4	0	-0.13985835335101443	0
COA5	0	-0.27060386155269783	0
COA6	0	-0.23108826376807387	1
COA7	0	-0.13523741307136034	0
COASY	0	-0.23979638140520643	0
COBL	0	-0.05146628790197381	0
COBLL1	0	-0.10088433076441405	0
COG1	0	-0.26891699626842336	0
COG2	0	-0.1412049790675169	0
COG3	0	-0.13786765744798396	1
COG4	0	-0.1996278506354031	0
COG5	0	-0.15143564428241796	1
COG6	0	-0.14575987372719856	1
COG7	0	-0.13646157169920287	1
COG8	0	-0.10200334607982467	1
COIL	0	-0.13520369799398885	1
COL12A1	0	-0.12008432916442054	0
COL14A1	0	-0.08590377827397795	0
COL15A1	0	-0.09785207659632127	1
COL16A1	0	-0.204950154432526	0
COL18A1	0	-0.16303177875111924	1
COL1A1	0	-0.12538388685883492	0
COL1A2	0	-0.08932678052910767	0
COL2A1	0	-0.3031007125437807	0
COL3A1	0	-0.09826195513596876	0
COL4A1	0	-0.24354548732932968	0
COL4A2	0	-0.14559012226639875	0
COL5A1	0	-0.09880826677554332	0
COL5A2	0	-0.20684668352699628	0
COL5A3	0	-0.37804247743757247	0
COL6A1	1	-0.08646980430865621	2
COL6A2	1	-0.048476624631103145	2
COL6A3	0	-0.1286759107484046	1
COL7A1	0	-0.27447293789091065	0
COL8A1	0	-0.3402356705250692	0
COLEC11	0	-0.32195303785932555	0
COLEC12	0	-0.15030683846642748	0
COLGALT1	0	-0.07421196138989346	0
COMMD1	0	-0.22864098335949215	0
COMMD10	0	-0.18580204663650854	1
COMMD2	0	-0.22507862372253423	0
COMMD3-BMI1	0	-0.20782936339844219	1
COMMD4	0	-0.3074705981203818	0
COMMD5	0	-0.24274309647494788	0
COMMD6	0	-0.40401070207277134	0
COMMD7	0	-0.2409840550281343	0
COMMD8	0	-0.26670088189174274	0
COMMD9	0	-0.14276123576828	0
COMP	0	-0.12228945011823408	0
COMT	0	-0.19078966142879172	0
COMTD1	0	-0.28221421578230227	0
COP1	0	-0.3248895264557575	0
COPA	0	-0.03167172635944245	1
COPB1	1	-0.038650785643678395	2
COPB2	1	-0.018123342525889482	2
COPE	0	-0.0196467828549989	1
COPG1	0	-0.1533905629080117	0
COPG2	0	-0.16304187018942323	1
COPRS	0	-0.2334715616061409	0
COPS2	0	-0.23055187701530228	0
COPS3	0	-0.3686476365932659	0
COPS4	0	-0.14771846767830682	1
COPS5	0	-0.3239649858133242	0
COPS6	0	-0.28547326263032646	0
COPS7A	0	-0.346829001176786	0
COPS7B	0	-0.2826824077634202	0
COPS8	0	-0.28434031175698776	0
COPZ1	0	-0.08221229503320789	0
COPZ2	0	-0.09085152853577053	0
COQ10B	0	-0.2543434594541184	0
COQ3	0	-0.3524717648947168	0
COQ5	0	-0.3172190023627987	0
COQ6	0	-0.28272334937248006	0
COQ7	0	-0.31260792459602466	0
COQ8A	0	-0.15946240111009052	0
COQ8B	0	-0.14290900605865647	0
COQ9	0	-0.16165327144190605	0
CORO1A	0	-0.08337630767177726	0
CORO1B	0	-0.2636489729031325	0
CORO1C	0	-0.1909720851653572	0
CORO2A	0	-0.24140719961435883	0
CORO2B	0	-0.0515805356017988	1
CORO7	0	-0.19844145279579228	0
COTL1	0	-0.0651295307877133	0
COX11	0	-0.254941185721547	0
COX15	0	-0.2142121657826494	0
COX17	0	-0.2544327504595052	0
COX19	0	-0.24497769957178442	0
COX20	0	-0.2746379568338957	0
COX4I1	0	-0.20870208381831779	0
COX5A	0	-0.21908919326242798	0
COX5B	0	-0.24324238578801957	0
COX6A1	0	-0.2022982039524682	0
COX6B1	0	-0.28051418207504597	0
COX6C	0	-0.16429910238274908	0
COX7A2	0	-0.233855973178708	0
COX7A2L	0	-0.1844050542778714	0
COX7B	0	-0.08346642473104095	1
COX7C	0	-0.2297598625196878	0
COX8A	0	-0.12537038292214012	0
CP	0	-0.2550393051907873	0
CPB2	0	-0.28595995483980824	0
CPD	0	-0.10847395885767856	0
CPE	0	-0.13634582761490044	0
CPEB2	0	-0.15288281848988736	0
CPEB4	0	-0.22016689803872067	0
CPM	0	-0.1291304511925154	0
CPN1	0	-0.2968025436549824	0
CPN2	0	-0.38313085212459064	0
CPNE1	0	-0.16368390881790112	0
CPNE2	0	-0.11543006241823202	0
CPNE3	0	-0.13140121337315486	0
CPNE8	0	-0.1538959183027971	0
CPOX	0	-0.16764830249117527	0
CPPED1	0	-0.13040535764779718	0
CPQ	1	-0.07130753009862895	2
CPS1	0	-0.13279359752268394	0
CPSF1	0	-0.12555957003398344	1
CPSF2	0	-0.08095647981867746	1
CPSF3	0	-0.16420351845905332	0
CPSF4	0	-0.13752628100865755	1
CPSF6	1	-0.060501757385922825	2
CPSF7	0	-0.12392474247536955	0
CPT1A	0	-0.09073347190179418	0
CPT2	0	-0.23838910239570188	0
CPTP	0	-0.27786532392888763	0
CPVL	0	-0.15822996375737491	0
CPXM1	0	-0.21206417484487874	0
CR1	0	-0.2917340708489368	0
CRABP1	0	-0.15860523054729275	0
CRABP2	0	-0.07620579100079335	0
CRADD	0	-0.13099913391764964	0
CRAT	0	-0.12285308939632052	0
CRBN	0	-0.26655836556828777	0
CRCP	0	-0.38047222482384024	0
CREB1	0	-0.4067677216696465	0
CREBBP	1	-0.13666387108808825	2
CREBRF	0	-0.3916356563183716	0
CREG1	0	-0.16906517540633442	0
CRELD1	0	-0.13232965908425756	0
CRELD2	0	-0.2281844148105571	0
CRIM1	0	-0.17451652728975509	0
CRIP1	0	-0.13373099970641705	1
CRIP2	0	-0.07199344141596385	1
CRIPT	0	-0.08763086313611664	0
CRISP3	0	-0.22060757835877443	0
CRISPLD2	0	-0.24224943222888967	1
CRK	1	-0.0834993693850802	2
CRKL	0	-0.1906377270857775	0
CRLF3	0	-0.159101936778008	0
CRMP1	0	-0.04532159094372716	1
CRNKL1	0	-0.06632385227042964	1
CROCC	0	-0.023640360763911204	1
CROT	0	-0.13145892849297705	0
CRP	0	-0.3396612450689722	0
CRTAC1	0	-0.24925180335443214	0
CRTAP	1	-0.05957331021613281	2
CRTC1	0	-0.23973079257881738	0
CRTC2	0	-0.2818197703187975	0
CRTC3	1	-0.0997789784893887	2
CRYAB	1	-0.06977472970991672	2
CRYBB1	0	-0.3462263875189245	0
CRYBG1	0	-0.074872895163284	0
CRYBG3	0	-0.11521674051380684	0
CRYL1	0	-0.049915933648208746	0
CRYM	0	-0.058559924516852845	0
CRYZ	1	-0.06787825632561281	2
CRYZL1	0	-0.24520376352370202	1
CS	0	-0.17059084507058497	0
CSAD	0	-0.5749873372496903	0
CSDE1	0	-0.19538022270814867	0
CSE1L	1	-0.11284305805244657	2
CSF1	0	-0.5183661669058202	0
CSF1R	0	-0.19503537854738978	0
CSK	0	-0.14041066039343958	0
CSNK1A1	0	-0.16594212597385982	1
CSNK1D	0	-0.29269872774446226	1
CSNK1E	0	-0.26515748303371944	0
CSNK1G1	0	-0.20562447083966068	0
CSNK1G2	0	-0.20519565670131518	0
CSNK1G3	0	-0.24500035865188224	0
CSNK2A1	0	-0.16507255199993057	0
CSNK2A2	0	-0.3948415726816429	0
CSNK2B	0	-0.20345117199002236	0
CSPG4	0	-0.11604105068960738	0
CSPP1	0	-0.2502181341255353	0
CSRP1	0	-0.12588044343578952	0
CSRP2	0	-0.07559108399051404	1
CST3	1	-0.14394788716166523	2
CSTA	0	-0.1373268392447306	0
CSTB	0	-0.1605716590407012	0
CSTF1	0	-0.15810742462399802	0
CSTF2	1	-0.12707227513047173	2
CSTF2T	0	-0.073522289700177	0
CSTF3	0	-0.03348755904018404	1
CTBP1	0	-0.13182411125232157	1
CTBP2	0	-0.07883561226828346	1
CTBS	0	-0.31432577269108086	0
CTCF	0	-0.21095265174777628	0
CTDP1	0	-0.15219698507769047	1
CTDSP1	0	-0.4604483742352018	0
CTDSPL2	0	-0.08483972068949094	0
CTH	0	-0.14455831879395195	0
CTHRC1	1	0.0115667258985302	2
CTIF	0	-0.1190290981667459	0
CTNNA1	0	-0.160686328701756	0
CTNNA2	0	-0.14592688051298527	0
CTNNAL1	0	-0.34711610924915803	0
CTNNB1	0	-0.13442744363665074	0
CTNNBIP1	0	-0.3126084426065124	0
CTNNBL1	1	0.027946476849484807	3
CTNND1	1	-0.08675831579461371	2
CTPS1	0	-0.18221900090002602	0
CTPS2	0	-0.41098898089784475	0
CTR9	0	-0.048306421646107524	1
CTSA	0	-0.2678998309452262	0
CTSB	0	-0.08526045859900015	0
CTSC	0	-0.13830697231087755	0
CTSD	0	-0.1661297549034195	0
CTSF	0	-0.15932919629816228	0
CTSG	0	-0.17500057025769186	1
CTSH	0	-0.08652004064342508	0
CTSL	0	-0.2601056146999047	0
CTSO	0	-0.2811948537111077	0
CTSS	0	-0.17198745629656026	0
CTSZ	0	-0.17460281254558221	0
CTTN	0	-0.1844488376789583	0
CTTNBP2NL	0	-0.23734754222544807	0
CTU1	0	-0.19238867736128618	0
CTU2	0	-0.20408308699360042	0
CUEDC1	0	-0.11374241333354025	0
CUEDC2	0	-0.2654124503216383	0
CUL1	0	-0.1839059893436848	0
CUL2	1	-0.032726089090245894	2
CUL3	0	-0.17993661595428115	0
CUL4A	0	-0.17644851906817977	0
CUL4B	0	-0.1403060848340209	1
CUL5	0	-0.0794133789399477	0
CUL7	0	-0.22670463207224292	1
CUL9	0	-0.45740962268488855	0
CUTA	0	-0.2637862372584954	1
CUTC	0	-0.16122233110623826	1
CUX1	0	-0.20074551789325415	0
CWC15	0	-0.02780734366678076	1
CWC22	1	-0.0418599948949009	2
CWC25	0	-0.2014241021337248	0
CWC27	0	-0.16220063759635078	1
CWF19L1	0	-0.10862036856637888	1
CWF19L2	0	-0.19320113439926007	0
CX3CL1	0	-0.3629068161726791	1
CXADR	0	-0.14512246230535747	0
CXCL12	0	-0.09028599550489655	1
CXCL14	0	-0.15546719177959795	0
CXXC1	0	-0.08370188550468094	1
CXXC5	0	-0.040963244047425414	1
CXorf38	0	-0.2214835061152048	0
CXorf56	0	-0.08870931730360163	1
CYB5A	0	-0.08882010906399679	0
CYB5B	0	-0.18772553422076851	0
CYB5R1	0	-0.16304656800587936	0
CYB5R2	0	-0.07241617957923734	0
CYB5R3	0	-0.055591174690541104	1
CYB5R4	0	-0.24359011270807845	0
CYBA	0	-0.18501113538901467	0
CYBB	0	-0.19433746227489962	0
CYBC1	0	-0.17121149178786652	0
CYBRD1	0	-0.21274736436721975	0
CYC1	0	-0.1669204085973422	0
CYCS	0	-0.32527574798331166	0
CYFIP1	0	-0.08463902298530568	0
CYFIP2	0	-0.058839286602381115	0
CYGB	0	-0.09252961283030493	1
CYHR1	0	-0.17608331977822217	0
CYLD	0	-0.13685064002546785	1
CYP1B1	0	-0.14558634496714634	0
CYP20A1	0	-0.18199298601965821	0
CYP27A1	0	-0.17727704983827453	0
CYP2S1	0	-0.09765339756945027	0
CYP2U1	0	-0.5791744053611902	0
CYP4F11	0	-0.22272276558235388	0
CYP51A1	0	-0.1621195601939521	0
CYP7B1	0	-0.3042363899686545	0
CYSTM1	0	-0.2824158211057096	0
CYTH1	0	-0.16864169455528694	0
CYTH2	0	-0.33690049883559325	0
CYTH3	0	-0.1760980239388072	0
CYTH4	0	-0.13329886287406623	0
D2HGDH	0	-0.2797053236008474	0
DAAM1	0	-0.34381508356600865	0
DAAM2	0	-0.33767885284184307	0
DAB2	0	-0.09359399157828112	0
DAB2IP	0	-0.11906085461954885	1
DAD1	0	-0.19321635501382245	1
DAG1	0	-0.09903010883574022	1
DAGLB	0	-0.23789034450392488	0
DALRD3	0	-1.2543296736129625	0
DAP	1	-0.23178979443915426	2
DAP3	0	-0.3251539236770943	0
DAPK1	0	-0.06453719243589738	1
DAPK2	0	-0.1493827059094114	0
DAPK3	0	-0.18538679261628568	1
DAPP1	0	-0.7667153716664454	0
DARS2	0	-0.19606960677789903	0
DAXX	1	-0.10496228726507364	2
DAZAP1	0	-0.26034592595404005	0
DAZAP2	0	-0.3018388404179758	0
DBH	0	-0.6901095064289512	0
DBI	0	-0.1333259076071276	1
DBN1	0	-0.07433279959514667	0
DBNL	0	-0.2544115875601521	0
DBR1	0	-0.17861374383265066	0
DBT	0	-0.20384798747986377	0
DCAF1	0	-0.18971289403402578	0
DCAF10	0	-0.24733890364378638	0
DCAF11	0	-0.26288228065884695	0
DCAF13	1	-0.12897249529834381	2
DCAF16	0	-0.6382314111781571	0
DCAF5	0	-0.3021434190920946	0
DCAF6	0	-0.22401084179598377	0
DCAF7	0	-0.36440132814956705	0
DCAF8	0	-0.3066187713613595	0
DCAKD	0	-0.289118769881955	0
DCBLD2	0	-0.2229929897079593	0
DCDC2	0	-0.608074178154117	0
DCHS1	0	-0.08684796108903312	1
DCK	0	-0.06060793765198913	1
DCLK1	0	-0.06202287863550158	1
DCLK2	0	-0.07812687581372801	0
DCN	0	-0.12583236851717777	0
DCP1A	0	-0.3506994590434043	1
DCP1B	0	-0.20866183500407626	0
DCP2	0	-0.36516215383581235	0
DCPS	0	-0.13633722430126158	1
DCTD	0	-0.15256612475118453	0
DCTN1	0	-0.21482603359442054	1
DCTN2	0	-0.0789700293929092	1
DCTN3	0	-0.27725590263761213	0
DCTN4	0	-0.3121975594164563	0
DCTN5	0	-0.1755887075193565	0
DCTN6	0	-0.2512291565524348	0
DCTPP1	0	-0.11886606156436393	0
DCUN1D1	0	-0.0906353037999897	0
DCUN1D3	0	-0.24792299175774293	0
DCUN1D4	0	-0.2705168707273968	0
DCUN1D5	1	-0.10683645858995364	2
DCXR	0	-0.20918949377893936	0
DDA1	0	-0.2099223935458172	0
DDAH1	1	0.0032049066945921607	3
DDAH2	1	-0.06838046992692375	2
DDB1	0	-0.1454343081079144	0
DDB2	0	-0.11750675981773803	0
DDHD1	0	-0.3482185508191285	0
DDHD2	0	-0.06555316975111121	0
DDI2	0	-0.08999552055185124	1
DDO	0	-0.3680609446395266	0
DDOST	1	-0.11394710385930558	2
DDR1	0	-0.11625354395592744	0
DDRGK1	0	-0.28170379780161886	0
DDT	0	-0.16706882299199716	0
DDX1	0	-0.18746067305884542	0
DDX10	0	-0.20308984562208118	0
DDX17	0	-0.030520681522147285	1
DDX18	0	-0.14948930961066326	1
DDX19A	0	-0.12520504428610196	1
DDX19B	0	-0.08348731422019931	1
DDX20	0	-0.24306948854773852	1
DDX21	0	-0.11675966867728929	0
DDX23	0	0.0136091431109507	1
DDX24	0	-0.35297770771066606	0
DDX27	0	-0.11999985883527553	1
DDX28	0	-0.2777339272395169	0
DDX31	0	-0.2125406113185689	0
DDX39A	1	-0.030578410165969138	2
DDX39B	1	0.026102597583122323	2
DDX3X	0	-0.19021538007532052	0
DDX41	0	-0.13750479823867295	0
DDX42	0	-0.12449944870357861	0
DDX46	0	-0.12238398470402707	0
DDX47	0	-0.07089640376604447	0
DDX49	0	-0.2554150859612486	0
DDX5	1	-0.028385341986580055	3
DDX50	1	-0.06387834788292356	2
DDX51	0	-0.15139897787133616	0
DDX52	0	-0.14200788045251891	1
DDX54	0	-0.2142477150334951	0
DDX55	0	-0.21649970636468768	0
DDX56	0	-0.12567297041247918	1
DDX58	0	-0.10354959695825579	0
DDX59	0	-0.21597918407501532	0
DDX6	0	-0.09000260416633958	0
DDX60	0	-0.07395351426181243	0
DDX60L	0	-0.13896739742087041	1
DECR1	0	-0.2147118204565024	1
DECR2	0	-0.09244582178473712	1
DEF6	0	-0.1277552844303121	0
DEF8	0	-0.5220681816364597	0
DEFA3	0	-0.12673723051255886	1
DEFA4	0	-0.16526295126000878	1
DEGS1	0	-0.2562789676333718	0
DEK	1	0.03826552083942004	2
DENND1A	0	-0.11709443469591782	1
DENND1B	0	-0.19149582133336368	0
DENND1C	0	-0.41677393017608144	0
DENND2A	0	-0.1935440869686805	0
DENND2D	0	-0.1256544986995061	0
DENND3	0	-0.13892237936285054	0
DENND4A	0	-0.13416131457837413	1
DENND4B	0	-0.17019416480520635	1
DENND4C	0	-0.18784888378264725	0
DENND5A	0	-0.2445700309448453	0
DENND6A	0	-0.19029251805377534	0
DENR	0	-0.16779986009187997	0
DEPDC5	0	-0.25055333219383985	0
DEPTOR	0	-0.06825726727372095	0
DERA	0	-0.23271828498154917	1
DERL1	0	-0.1850450971178693	0
DES	0	-0.17286604002749217	0
DESI1	0	-0.27127051549640224	0
DESI2	0	-0.6599601959668662	0
DET1	0	-1.0102018156341566	0
DFFA	0	-0.1280826306609508	0
DFFB	0	-0.43420797754210616	0
DGCR8	0	-0.4616019470936573	0
DGKA	0	-0.06162317535640005	0
DGKH	0	-0.2127558490785134	0
DGKQ	0	-0.0861699212040169	0
DGKZ	0	-0.21157900738157429	0
DGLUCY	0	-0.22679186556850092	0
DGUOK	0	-0.3439720245024865	0
DHCR24	0	-0.14936944583121065	0
DHCR7	0	-0.06136076925808607	0
DHFR	0	-0.13612830698618156	0
DHODH	0	-0.22939736195565516	0
DHPS	0	-0.287379253460851	0
DHRS1	0	-0.14285646311153785	0
DHRS11	0	-0.14382968289747397	0
DHRS13	0	-0.22633315533125717	1
DHRS3	0	-0.18753455501381738	0
DHRS4	0	-0.3528105478647431	0
DHRS7	0	-0.17814707149227052	0
DHRS7B	0	-0.15730306435601576	0
DHRSX	0	-0.16925413544331486	0
DHTKD1	0	-0.1842238202030345	0
DHX15	0	-0.05495473244001024	1
DHX16	0	-0.029607535079606	1
DHX29	0	-0.28264807312818735	0
DHX30	0	-0.17084446974630346	0
DHX32	0	-0.10466056233783383	0
DHX33	0	-0.38570698696071937	0
DHX34	0	-0.6460876987423042	0
DHX35	0	-0.2786874685379317	0
DHX36	0	-0.25092631048555625	0
DHX37	0	-0.3143612516674964	0
DHX38	0	-0.22487053742792326	0
DHX40	0	-0.2589113780122164	0
DHX57	0	-0.18950322819682403	0
DHX58	0	-0.21372600236711317	0
DHX8	0	-0.1218303640101448	0
DHX9	1	0.05472345438216296	3
DIABLO	0	-0.2607036612606987	0
DIAPH1	0	-0.15864649349625312	0
DIAPH2	0	-0.06809214083395485	1
DICER1	0	-0.07143403224128994	0
DIDO1	0	-0.13828278528422522	0
DIMT1	0	-0.14283872773223824	0
DIP2A	0	-0.11244958596590757	0
DIP2B	0	-0.3363258853989451	0
DIP2C	0	-0.10560185370129364	0
DIS3	0	-0.16466140245542574	0
DIS3L	0	-0.6765171154939603	0
DIS3L2	0	-0.39493301807727477	0
DIXDC1	0	-1.078865543774453	0
DKC1	0	-0.20374293533681093	0
DKK3	0	-0.3873171709670143	0
DLAT	0	-0.18790937867300356	0
DLC1	0	-0.2486529433212315	1
DLD	0	-0.23971205333583412	0
DLG1	0	-0.10396844157569751	1
DLG2	0	-0.29252685894125885	0
DLG3	0	-0.08148974585586215	0
DLG5	0	-0.07519984745271809	0
DLGAP4	0	-0.2330730239007781	0
DLST	0	-0.24144161138857229	0
DMAC1	0	-0.3796967013491718	0
DMAC2	0	-0.37546646219472823	0
DMAP1	0	-0.12976238112404218	0
DMD	0	-0.09182721290068283	0
DMTN	0	-0.15029192962087065	0
DMXL1	0	-0.08701057322780945	0
DMXL2	0	-0.21072892088377282	0
DNAAF2	0	-0.2030149666154867	0
DNAAF5	0	-0.15910954767745988	0
DNAJA1	0	-0.1268342050376776	0
DNAJA2	0	-0.2207563698899823	0
DNAJA3	0	-0.23726590376153983	0
DNAJA4	0	-0.123692686878442	0
DNAJB1	0	-0.25548910724174256	0
DNAJB11	0	-0.1925567969140309	1
DNAJB12	0	-0.06684054086044919	1
DNAJB14	0	-0.2060787010003085	0
DNAJB2	0	-0.197713196312192	0
DNAJB4	0	-0.251898022026428	0
DNAJB5	0	-0.3351459864083217	0
DNAJB6	0	-0.19674068781163728	0
DNAJB9	0	-0.26681777938239876	0
DNAJC1	0	-0.1685110544298978	0
DNAJC10	0	-0.08068631749990698	0
DNAJC11	0	-0.029497882643444995	1
DNAJC12	0	-0.1551811907184682	0
DNAJC13	1	-0.07227233885355953	2
DNAJC14	0	-0.14968387635460018	0
DNAJC16	0	-0.15459433409226492	0
DNAJC17	0	-0.31945087548160805	1
DNAJC19	0	-0.24994109276323	0
DNAJC2	0	-0.1698248448753456	0
DNAJC21	0	-0.2550293516007377	0
DNAJC24	0	-0.72281572379038	0
DNAJC25	0	-0.14974497524531621	1
DNAJC3	0	-0.07736550455009503	1
DNAJC30	0	-0.5293312158013471	0
DNAJC5	0	-0.29667917060254423	0
DNAJC7	1	-0.05665713956876641	2
DNAJC8	1	-0.035144393316754674	2
DNAJC9	0	-0.023867705153298578	0
DNAL1	0	-0.167879914431066	1
DNASE1L1	0	-0.43056853310927334	0
DNASE2	0	-0.10347358476526536	0
DNLZ	0	-0.6064700089940269	0
DNM1	0	-0.15126118505013705	0
DNM1L	0	-0.122914909264082	0
DNM2	0	-0.18928918210250828	0
DNM3	0	-0.36692888040330296	0
DNMBP	0	-0.10785911105927481	0
DNMT1	0	-0.09902811420606245	1
DNMT3A	0	-0.12396439631450495	1
DNPEP	0	-0.1244311667773558	0
DNPH1	0	-0.11988663468590484	0
DNTTIP1	0	-0.1304336865267698	0
DNTTIP2	1	-0.03632168124807111	2
DOCK1	0	-0.031893348875869434	1
DOCK10	0	-0.0858503421752911	0
DOCK11	0	-0.09179571801299796	0
DOCK2	0	-0.0597562315489248	0
DOCK4	0	-0.16275626582845154	0
DOCK5	0	-0.08892453121326475	0
DOCK6	0	-0.13392064297437342	0
DOCK7	0	-0.19160555101712834	0
DOCK8	0	-0.08445078307680229	0
DOCK9	0	-0.052259726224915634	0
DOHH	0	-0.23482953526207181	0
DOK1	0	-0.11635903466351719	1
DOK2	0	-0.13597055518706175	0
DOK3	1	-0.052188219491878574	2
DOLPP1	0	-0.8743682651499747	0
DOP1A	0	-0.24363082797955649	0
DOP1B	0	-0.095317211335553	0
DPAGT1	0	-0.28493903115001484	0
DPCD	0	-0.1628481278573619	0
DPEP1	0	-0.1408225342627168	0
DPF2	0	-0.13642153491121156	0
DPH1	0	-0.28189581166817507	0
DPH2	0	-0.23543512746423573	0
DPH5	0	-0.18762898936748504	0
DPH6	0	-0.1860450260622574	0
DPH7	0	-0.37257044851308735	0
DPM1	0	-0.13730279319266286	1
DPM3	0	-0.20365783321911218	0
DPP3	0	-0.18611027612863168	1
DPP4	0	-0.15347525873565288	0
DPP7	0	-0.28767070248940263	0
DPP8	0	-0.19694407657032328	0
DPP9	0	-0.1857828601517616	1
DPT	1	-0.062133743518474636	2
DPY19L1	0	-0.07492681949721063	0
DPY19L3	0	-0.623719200970638	0
DPY30	0	-0.2291708260894662	0
DPYD	0	-0.1252443635519032	0
DPYSL2	0	-0.039595814356295306	0
DPYSL3	0	-0.0378666041842476	1
DPYSL4	0	-0.21718010275375427	0
DR1	1	-0.0069649166002860394	2
DRAP1	0	-0.13910898890232332	1
DRG1	1	-0.011001321281250944	3
DRG2	0	-0.17846662049067039	0
DROSHA	0	-0.34022202697714354	0
DSC2	0	-0.09504836227541046	0
DSG2	0	-0.11799284596656803	1
DSN1	0	-0.1121433204220897	0
DSP	0	-0.05820292769354542	1
DST	0	-0.054957948951989445	1
DSTN	0	-0.11250771887786844	0
DSTYK	0	-0.4086688943907282	0
DTD1	0	-0.16533817988155608	0
DTD2	0	-0.9306266291912296	0
DTNA	0	-0.0797298358657026	1
DTNB	0	-0.10747871550294566	1
DTNBP1	0	-0.3319668708947205	0
DTWD1	0	-0.5475694077330059	0
DTWD2	0	-0.275963954375255	0
DTX2	0	-0.4367797881657915	0
DTX3	0	-0.1209977430553714	0
DTX3L	0	-0.10964644865310216	0
DTYMK	0	-0.1720505141626737	0
DUS1L	0	-0.4368664817498914	0
DUS2	0	-0.2832610361823961	0
DUS3L	0	-0.27038414380828707	1
DUSP11	0	-0.4332675093270664	0
DUSP12	0	-0.13410023722732461	0
DUSP19	0	-0.32271019844141346	0
DUSP22	0	-0.31377067083676696	0
DUSP23	0	-0.2628069801713033	0
DUSP3	0	-0.06285135307923333	1
DUT	0	-0.12909872592747246	0
DVL1	0	-0.097198617838386	0
DVL2	0	-0.10560600170559069	0
DVL3	0	-0.1470667682131753	1
DYM	0	-0.22249994090827138	0
DYNC1H1	0	-0.23991054146792976	0
DYNC1I1	0	-0.11249530050465653	1
DYNC1I2	0	-0.15601143220672287	0
DYNC1LI1	0	-0.2524460067614932	0
DYNC1LI2	0	-0.1541406930754758	1
DYNC2H1	0	-0.24824236188670717	0
DYNC2LI1	0	-0.28990828575664235	0
DYNLL1	0	-0.16104458409829062	1
DYNLRB1	0	-0.13710844350271	1
DYNLT1	0	-0.24954456624699847	0
DYNLT3	0	-0.10092264834645752	1
DYRK1A	0	-0.1803693782698868	0
DYSF	0	-0.10348454726931937	1
DZIP3	0	-0.46608462432593034	0
E2F4	0	-0.1342101925724259	1
E4F1	0	-0.8273778660041609	0
EAPP	0	-0.28862254252642455	0
EARS2	0	-0.14263459087198568	0
EBAG9	0	-0.2544418465561266	0
EBF1	0	-0.4268364160008763	0
EBNA1BP2	0	-0.24778369690054375	0
ECD	0	-0.14966585714587874	0
ECE1	0	-0.18321159119922456	0
ECE2	0	-0.1457740126070115	0
ECH1	0	-0.06304499194874888	1
ECHDC1	0	-0.08380489559025775	0
ECHDC2	0	-0.0759752826540718	1
ECHDC3	0	-0.21719592113605776	0
ECHS1	0	-0.19548121338537092	0
ECI1	0	-0.14583590999703072	0
ECI2	0	-0.16981983086418775	0
ECM1	0	-0.2619343870945562	1
ECM2	0	-0.25183397389164913	1
ECPAS	0	-0.18720056996899648	0
ECSIT	0	-0.3937833702211172	0
EDC3	0	-0.24641467700986489	0
EDC4	0	-0.16106542966518825	0
EDEM2	0	-0.3549867217670756	0
EDEM3	0	-0.2119015178154135	0
EDF1	0	-0.15083997570794686	0
EDIL3	0	-0.2321468592653313	0
EEA1	0	-0.09279893161413341	1
EED	0	-0.17722167258232485	1
EEF1A1	1	-0.019890110105748995	2
EEF1A2	0	-0.0247070691115173	0
EEF1AKMT1	0	-0.32111373177640196	0
EEF1AKMT2	0	-0.2786146500217511	0
EEF1B2	0	-0.1758901352386558	0
EEF1D	0	-0.1208133817369795	1
EEF1E1	0	-0.23916997069442364	1
EEF1G	1	0.04283178325707386	3
EEF2	0	-0.09406047663860359	1
EEF2K	0	-0.16027681523960718	0
EEFSEC	0	-0.25521530167436035	0
EEPD1	0	-0.1807347931739443	0
EFCAB14	0	-0.2583453681539222	0
EFEMP1	0	-0.09086172550263102	1
EFEMP2	1	-0.06207928349328693	2
EFHD1	0	-0.1134389445673476	0
EFHD2	0	-0.18953651916333478	0
EFL1	0	-0.15887364317477473	0
EFNA1	0	-0.17098601518287598	1
EFNB1	0	-0.1560938308323989	0
EFNB2	0	-0.07686975072772302	1
EFR3A	0	-0.23522467234121436	0
EFTUD2	1	0.008864224206181881	3
EGFR	0	-0.05960985140292282	1
EGLN1	0	-0.2362055046383053	0
EHBP1	0	-0.11041751020240634	0
EHBP1L1	0	-0.13644173193891007	1
EHD1	0	-0.23334727465795874	0
EHD2	0	-0.12277634935069937	1
EHD3	0	-0.20851824151876097	0
EHD4	0	-0.07365939532902396	0
EHHADH	0	-0.029225031811088865	0
EHMT1	0	-0.05906123177162802	1
EHMT2	0	-0.06061817809695842	1
EI24	0	-0.11345903490924261	0
EIF1	0	-0.26018702953427175	1
EIF1AD	0	-0.20960025697022325	0
EIF1AX	0	-0.3063158135618643	0
EIF2A	0	-0.2525091231922466	1
EIF2AK2	0	-0.06664677748140976	1
EIF2AK3	0	-0.7432082818528597	0
EIF2AK4	0	-0.19445621798987373	1
EIF2B1	0	-0.2347758793585423	0
EIF2B2	0	-0.4249950084448485	0
EIF2B3	0	-0.40349770338318736	0
EIF2B4	0	-0.4172782596972879	0
EIF2B5	0	-0.33703929942407196	0
EIF2D	0	-0.0675550936963899	1
EIF2S1	0	-0.09954586081945845	1
EIF2S2	0	-0.17255717218583574	1
EIF2S3	0	-0.08710148311002852	0
EIF3A	0	-0.18922746426718412	0
EIF3B	0	-0.11357730445187822	0
EIF3C	1	-0.19714386731607675	2
EIF3D	0	-0.20458795072603544	0
EIF3E	0	-0.06888121057798588	1
EIF3F	0	-0.21722084791316357	1
EIF3G	1	-0.0547026545512211	2
EIF3H	0	-0.1472607690937467	1
EIF3I	0	-0.12754141438278896	1
EIF3J	0	-0.11988074354016136	1
EIF3K	0	-0.28753212078983126	1
EIF3L	0	-0.19660756108701546	0
EIF3M	1	-0.02689810476215378	2
EIF4A1	1	-0.08447988481018097	2
EIF4A2	1	0.004667814729354448	2
EIF4A3	0	-0.015067979224182756	1
EIF4B	0	-0.19454075582388472	0
EIF4E	1	0.009839263503507662	2
EIF4E2	0	-0.18356094465131897	0
EIF4E3	0	-0.13711236435731236	0
EIF4EBP1	0	-0.30597692542815524	0
EIF4EBP2	0	-0.22738000701985706	0
EIF4EBP3	0	-0.4348080510007698	0
EIF4ENIF1	0	-0.15609963434405377	0
EIF4G1	1	-0.05439255039786408	2
EIF4G2	0	-0.22156927812431695	0
EIF4G3	0	-0.15927720032348877	0
EIF4H	0	-0.262472727817237	0
EIF5	0	-0.24904795525939766	0
EIF5A	0	-0.1812993597970121	1
EIF5B	0	-0.2385178022629597	0
EIF6	0	-0.0891271824688296	0
EIPR1	0	-0.19518130384973473	0
ELAC1	0	-0.31295769839588844	0
ELAC2	0	-0.26459943537726643	0
ELANE	0	-0.1512275744497515	1
ELAVL1	0	-0.1724623901797993	0
ELF1	0	-0.22494978901535592	0
ELF2	0	-0.10735209230177842	0
ELL	0	-0.18924754307524524	0
ELMO1	1	-0.0328139071667987	2
ELMO2	0	-0.16273484738782318	0
ELMOD2	0	-0.16241868636371315	0
ELN	0	-0.3683625496785089	0
ELOA	0	-0.2332105738043484	0
ELOB	0	-0.272905202602155	0
ELOC	0	-0.3597336044657571	0
ELOF1	0	-0.2697802424573245	0
ELP1	0	-0.2780111190537434	0
ELP2	0	-0.2469855927963207	0
ELP3	0	-0.34604716100199195	0
ELP4	0	-0.2923884982506355	0
ELP5	0	-0.4340250672374525	0
ELP6	0	-0.29087544762510165	0
EMB	0	-0.28262945872000167	0
EMC1	0	-0.1854099531920565	0
EMC10	0	-0.3885716437763014	0
EMC2	0	-0.3296774288110859	0
EMC3	0	-0.17773760913155848	0
EMC4	0	-0.20136419202944839	0
EMC6	0	-0.8235531215442489	0
EMC7	0	-0.23471519897681192	0
EMC8	0	-0.3723498501055096	0
EMC9	0	-0.3261220494419616	0
EMD	0	-0.12154835002940838	0
EMG1	0	-0.22245146912780184	0
EMILIN1	0	-0.16293968706639336	0
EMILIN2	0	-0.1711324508843598	0
EML1	0	-0.11144353658497241	0
EML2	0	-0.18685359201388313	0
EML3	0	-0.06411354796576171	1
EML4	0	-0.10474440182344416	0
EMSY	0	-0.2414870256157812	0
ENAH	0	-0.0864094774934829	0
ENDOD1	0	-0.1495499470572846	0
ENDOG	0	-0.3190362434802846	0
ENG	0	-0.172403391266469	0
ENGASE	0	-0.24524292125124436	0
ENO1	0	-0.1660163137258565	0
ENO2	0	-0.15383605871263784	0
ENO3	0	-0.23591553339930252	0
ENOPH1	0	-0.18609717464123085	1
ENOSF1	0	-0.19070192330233707	0
ENPEP	0	-0.2115287153909286	0
ENPP1	0	-0.16874241563432846	0
ENPP2	0	-0.0777508743277062	1
ENPP4	0	-0.15723407789612504	0
ENPP5	0	-0.4261595334231291	0
ENSA	0	-0.10722472351367585	1
ENTPD1	0	-0.21105509719246612	0
ENTPD5	0	-0.18971841713889318	0
ENTR1	0	-0.3290785683038443	0
ENY2	0	-0.31898743768959126	0
EOGT	1	-0.06263007751337606	2
EP300	1	-0.0260440317657696	2
EP400	1	-0.10634610658612868	3
EPB41	1	-0.07503151304145828	2
EPB41L1	1	-0.054877235396829295	2
EPB41L2	0	0.009827659885628698	1
EPB41L3	0	-0.039169120367538834	1
EPB41L4A	0	-0.47949610420904437	0
EPB41L5	0	-0.13067353780970176	1
EPB42	0	-0.14437097403411306	0
EPC1	0	-0.16048381873937392	0
EPC2	0	-0.46228534419893946	0
EPDR1	0	-0.10256268821608068	0
EPG5	0	-0.11025783488356158	0
EPHA2	0	-0.125927293180659	0
EPHA4	0	-0.12896375475956498	0
EPHB2	0	-0.22870771269046108	0
EPHB3	0	-0.14820207980179717	0
EPHB4	0	-0.11922531324865801	1
EPHX1	0	-0.06996941345101959	0
EPHX2	0	-0.1327926713238327	0
EPM2A	0	-0.0507855343593448	1
EPM2AIP1	0	-0.1091036799691909	1
EPN1	0	-0.14224827341005822	1
EPN2	0	-0.0974238652305003	0
EPN3	0	-0.06587170830322782	1
EPPK1	0	-0.16055716800501477	0
EPS15	0	-0.05937311336295448	1
EPS15L1	0	-0.12899660933449725	1
EPS8	0	-0.10326984230535911	0
EPS8L2	0	-0.14757608068979683	0
EPSTI1	0	-0.21886399827815534	0
ERAL1	0	-0.337774309567035	0
ERAP1	0	-0.1403405085447493	0
ERAP2	0	-0.07247127553512382	0
ERBB2	0	-0.273557026633403	0
ERBB3	0	-0.15414446786278815	0
ERBIN	0	-0.1080843664682094	0
ERC1	0	-0.07982150280726479	1
ERCC1	0	-0.5118393366885288	0
ERCC2	0	-0.21745881694867739	0
ERCC3	0	-0.2075125219364399	0
ERCC4	0	-0.2756812353214832	0
ERCC5	0	-0.1885219060478654	0
ERCC6	0	-0.3941351277393261	0
ERF	0	-0.24049100164468712	0
ERG	0	-0.21721635696827532	0
ERG28	0	-0.1966081120125077	0
ERGIC1	0	-0.11898523094883229	0
ERGIC2	0	-0.10021964184887037	1
ERGIC3	0	-0.055699326953039405	1
ERH	0	-0.024965771352021954	1
ERI1	0	-0.18700721939548207	0
ERI3	0	-0.19199969000490716	1
ERLEC1	0	-0.24626077700811297	0
ERLIN1	0	-0.2585873818899797	0
ERLIN2	0	-0.17938380246577076	0
ERMP1	0	-0.1606795188871569	0
ERN1	0	-0.6601370157546301	0
ERO1A	0	-0.11996297682745313	0
ERO1B	0	-0.1593628428414195	0
ERP29	0	-0.17322051252144552	1
ERP44	0	-0.15721694969213887	0
ERRFI1	0	-0.16529124058946476	0
ESAM	0	-0.21576878487561374	0
ESD	0	-0.11898441423127726	0
ESF1	0	-0.04372414494733466	1
ESRRA	0	-0.32350463614545927	0
ESS2	0	-0.24384893956772666	0
ESYT1	0	-0.04882137715537578	1
ESYT2	0	-0.14053479970960756	1
ETF1	0	-0.06368303837611414	1
ETFA	0	-0.23813932072127986	0
ETFB	0	-0.19829644730445845	0
ETFDH	0	-0.16119262541017826	0
ETFRF1	0	-0.2474309737109222	0
ETHE1	0	-0.11495903726042192	0
ETNK1	0	-0.12475300340622715	1
ETS1	0	-0.11881422068584939	1
ETV3	0	-0.5108465946561999	0
ETV6	0	-0.17775178451650214	0
EVA1B	0	-0.5228460929312888	0
EVI2B	0	-0.26637932558975913	1
EVI5	0	-0.4294688163562645	0
EVI5L	0	-0.35773804025529965	0
EVL	1	-0.09258623895109148	2
EVPL	0	-0.058392314538077514	1
EWSR1	0	-0.13629986153354956	1
EXD2	0	-0.12970616051829983	0
EXOC1	0	-0.19304435016706625	1
EXOC2	0	-0.32882584657503644	0
EXOC3	0	-0.34885097245592	0
EXOC4	0	-0.21255365567755594	0
EXOC5	0	-0.15477833956265974	0
EXOC6	0	-0.18580167404169184	0
EXOC6B	0	-0.0953329210840627	0
EXOC7	0	-0.1796704902351383	0
EXOC8	0	-0.1064667701479322	1
EXOG	0	-0.24198784509580712	0
EXOSC1	0	-0.22346297716951521	0
EXOSC10	0	-0.24294899793902108	0
EXOSC2	0	-0.21562709167306945	0
EXOSC3	0	-0.23145265774852292	1
EXOSC4	0	-0.24979675314053584	0
EXOSC5	0	-0.2141492938388201	0
EXOSC6	1	-0.1088488390573263	2
EXOSC7	0	-0.1277768310642497	1
EXOSC8	0	-0.21537523829196883	1
EXOSC9	0	-0.181769582674526	1
EXT2	0	-0.33783234773105764	0
EXTL2	0	-0.29821927512202456	0
EYA3	0	-0.29553042380244576	0
EZH1	0	-0.2557689234113811	0
EZH2	0	-0.3132004897520775	0
EZR	0	-0.08704262762902873	0
F10	0	-0.3088673555159918	0
F11	0	-0.3359775983894421	1
F11R	0	-0.09130338137012538	1
F12	0	-0.3884276799144656	0
F13A1	0	-0.08679842800779843	0
F13B	0	-0.3394389299756736	1
F2	0	-0.27905227647237885	1
F3	0	-0.41748262771136646	1
F5	0	-0.17781720616172456	0
F7	0	-0.511334836482674	0
F8A1	0	-0.21086239006977098	0
F9	0	-0.49600394734132003	0
FAAH	0	-0.1887905846904209	1
FABP3	0	-0.10171116709947285	0
FABP4	0	-0.07460672756912158	0
FABP5	0	-0.13425572466411628	0
FABP6	0	-0.13821022640016323	0
FADD	0	-0.20808729159453615	0
FADS2	0	-0.2002386887534556	0
FAF1	0	-0.1579866946805558	0
FAF2	0	-0.16520579551390338	0
FAH	0	-0.14396919327264532	0
FAHD1	0	-0.16725924779249668	1
FAHD2A	0	-0.1554569566039813	0
FAHD2B	0	-0.17574147025115003	0
FAIM	0	-0.09280732453420144	0
FAM102A	0	-0.14153189562487475	0
FAM102B	0	-0.3749272897838464	0
FAM107B	0	-0.10902346563214031	0
FAM110B	0	-0.6751514836496353	0
FAM111A	0	-0.21650001743909172	0
FAM114A1	0	-0.10954001512746828	0
FAM114A2	0	-0.12411781672027852	1
FAM117B	0	-0.3911187342541071	0
FAM118A	0	-0.5524001809775761	0
FAM118B	0	-0.25091925572260676	0
FAM120A	0	-0.12772832820899213	1
FAM120B	0	-0.2022951745204249	0
FAM120C	0	-0.07665221006496524	0
FAM122A	0	-0.17875542857302323	0
FAM122B	0	-0.21227621369176813	1
FAM126A	0	-0.17668657448263975	0
FAM126B	0	-0.2871988331459431	0
FAM133B	0	-0.47104467884848783	0
FAM135A	0	-0.6855911048262919	0
FAM136A	0	-0.16101117741923368	0
FAM13A	0	-0.0913031107266818	1
FAM151B	0	-0.26164277537559333	1
FAM160A2	0	-0.21232244169984024	0
FAM160B1	0	-0.14816250465546327	0
FAM160B2	0	-0.3271986560827534	0
FAM162A	0	-0.14291940667728772	1
FAM168A	0	-0.3239223257154826	0
FAM169A	0	-0.273964872541472	0
FAM171A1	0	-0.2206386396396859	0
FAM172A	1	-0.13226888109702264	2
FAM174A	0	-0.2836965423504826	0
FAM177A1	0	-0.031652593749053784	1
FAM185A	0	-0.21079633514198517	0
FAM193A	0	-0.3340484993573235	0
FAM207A	0	-0.2770712454969947	0
FAM20B	0	-0.15622577242417823	1
FAM20C	0	-0.6750330651107622	0
FAM210A	0	-0.30085385203224424	1
FAM210B	0	-0.13246848635270708	0
FAM219A	0	-0.7271768424871183	0
FAM234A	0	-0.3119779712931302	0
FAM241A	0	-0.4271225229555851	0
FAM241B	0	-0.19438306198338848	1
FAM32A	0	-0.08684863684516658	0
FAM3A	0	-0.3654548308644217	0
FAM3C	0	-0.14311874065699887	1
FAM50A	0	-0.11604980245876562	1
FAM50B	0	-0.21741122881048516	0
FAM76A	0	-0.11373896652067317	0
FAM76B	0	-0.09054867343185329	1
FAM89A	0	-0.26822831753029963	0
FAM89B	0	-0.40558740753268774	0
FAM8A1	0	-0.2519407426122593	0
FAM91A1	0	-0.1390914745227124	1
FAM98A	0	-0.238791951228214	0
FAM98B	0	-0.26377824882742085	1
FAM98C	0	-0.19354212065045612	0
FANCD2	0	-0.624126382390102	0
FANCI	0	-0.242229643781304	0
FAP	0	-0.14426399940450738	0
FAR1	0	-0.10151675007514478	1
FARP1	0	-0.052047601604118345	0
FARP2	1	-0.13504113028127102	2
FARS2	0	-0.35005229807921384	0
FARSA	0	-0.15896234682429702	0
FARSB	0	-0.24877169254760853	0
FAS	0	-0.10543381934137097	0
FASN	0	-0.16935365439506775	1
FASTKD1	0	-0.4557185777168238	0
FASTKD2	0	-0.3705168575825384	0
FASTKD5	0	-0.29940457710616586	0
FAT1	0	-0.07094140799845591	1
FAT4	0	-0.4059045191846643	0
FAU	0	-0.3290524411479369	0
FBH1	0	-0.20551140945684102	1
FBL	0	-0.1917736440956409	0
FBLIM1	1	-0.012999418962628734	2
FBLL1	0	-0.18944141250588986	1
FBLN1	1	-0.1302628368569114	2
FBLN2	0	-0.07980006064289125	1
FBLN5	0	-0.13975903009801272	1
FBLN7	0	-0.10475541636462526	1
FBN1	0	-0.15418798000238954	0
FBN2	0	-0.18939535965166113	0
FBP1	0	-0.16613634704764169	0
FBRS	0	-0.31624545646136826	0
FBXL12	0	-1.003765184992949	0
FBXL15	0	-0.3135317685020954	0
FBXL17	0	-0.3247004355010358	0
FBXL18	0	-0.20440199436841996	0
FBXL20	0	-0.15401577610253375	0
FBXL3	0	-0.34366411821666004	0
FBXL4	0	-0.6428410654202882	0
FBXL8	0	-0.34295678040487676	0
FBXO11	0	-0.2600509593514172	0
FBXO2	0	-0.12168566417912566	0
FBXO21	0	-0.2677189508785499	0
FBXO22	0	-0.15777685841556313	1
FBXO28	0	-1.3744739681170437	0
FBXO3	0	-0.2566420081733002	0
FBXO30	0	-0.30578867205119414	0
FBXO38	0	-0.16493453022440074	0
FBXO4	0	-0.13882440604852525	0
FBXO42	0	-0.41608600300599774	0
FBXO44	0	-0.20011941214813986	0
FBXO45	0	-0.47831764334930565	0
FBXO6	0	-0.22216176907579813	0
FBXO7	0	-0.20819569289583556	0
FBXO9	0	-0.3688011946605557	0
FBXW11	0	-0.2760506596224678	0
FBXW2	0	-0.34359202693463464	0
FBXW5	0	-0.2718265260125373	0
FBXW8	0	-0.6912155385549262	0
FBXW9	0	-0.16892488265857922	0
FCER1G	0	-0.06719848088680294	0
FCF1	0	-0.5232140860747512	0
FCGBP	0	-0.0846734577255294	0
FCGR1A	0	-0.1468058983346694	0
FCGR2A	0	-0.12301695869411455	0
FCGR2B	0	-0.13417244925740945	1
FCGR3A	0	-0.1450654592494274	0
FCGRT	0	-0.190186713305243	0
FCHO2	0	-0.0428724330337457	1
FCHSD1	0	-0.26868606376528287	0
FCHSD2	0	-0.20758144946490997	0
FCN1	0	-0.11176857252675865	1
FCN2	0	-0.17563729801460004	0
FCN3	0	-0.4013571944073552	0
FDFT1	0	-0.1266727740334845	0
FDPS	0	-0.2778858496574212	0
FDX1	0	-0.20170079350773004	0
FDX2	0	-0.414173522311596	0
FDXR	0	-0.11025362370367917	0
FECH	0	-0.17156297464042874	0
FEM1B	0	-0.6347412861390621	0
FEN1	0	-0.0942899836936288	0
FER	0	-0.18089430390440306	0
FERMT1	0	-0.13076140079731308	0
FERMT2	0	-0.02361691827953686	1
FERMT3	0	-0.07198770340696083	1
FES	0	-0.14061121824062525	0
FETUB	0	-0.3323654962377519	0
FEZ2	0	-0.1878756625205269	0
FGA	0	-0.3712611905266872	0
FGB	0	-0.3193015808151788	0
FGD2	0	-0.1441840617623545	1
FGD3	0	-0.14899004416520398	0
FGD4	0	-0.0959441746880467	0
FGD5	0	-0.054265460124558365	0
FGD6	0	-0.32946242483180227	0
FGF1	0	-0.14754743167877282	0
FGF2	0	-0.11659063778033743	0
FGFR1	0	-0.1487448580175756	0
FGFR1OP2	0	-0.07874772606440046	1
FGG	0	-0.32777881301409073	0
FGGY	0	-0.13366223304184982	0
FGL2	0	-0.03145112075253316	1
FGR	0	-0.09440690427655798	1
FH	0	-0.13934002600921724	0
FHIT	1	-0.07933492163531211	2
FHL1	0	-0.06309622857007029	0
FHL2	0	-0.04679223586684379	1
FHL3	0	-0.09109523424507686	1
FHL5	0	-0.1460432990281362	0
FHOD1	0	-0.20651050699406723	0
FIBP	0	-0.1700866463566832	1
FIG4	0	-0.33263986454643335	0
FILIP1	0	-0.2091477746053852	0
FILIP1L	0	-0.13925927065195637	0
FIP1L1	0	-0.11536231503653646	0
FIS1	0	-0.11605839526337676	0
FITM2	0	-0.4549027300883652	0
FIZ1	0	-0.33890776552017016	0
FKBP10	0	-0.045391431374426576	1
FKBP11	0	-0.04997054746618897	1
FKBP14	0	-0.24208810814877807	0
FKBP15	0	-0.146861407419474	0
FKBP1A	0	-0.07956248662329765	0
FKBP2	0	-0.29002754129155556	0
FKBP3	0	-0.24685860163323467	0
FKBP4	0	-0.1504185334092574	0
FKBP5	0	-0.10912761541571454	0
FKBP7	0	-0.0909348017119096	1
FKBP8	0	-0.18404216417442937	1
FKBP9	0	-0.12295105934139194	1
FKBPL	0	-0.2549465445227905	0
FLAD1	0	-0.1761645079441107	0
FLCN	0	-0.27859568527134915	0
FLI1	0	-0.10136110738649413	0
FLII	0	-0.18517435462825715	0
FLNA	0	-0.08954387793479428	0
FLNB	0	-0.10831324275383543	0
FLNC	0	-0.09643657762141013	0
FLOT1	0	-0.46653611360553604	0
FLOT2	0	-0.20512508471216645	0
FLRT3	0	-0.12570991695520692	0
FLT1	0	-0.13146518706176072	1
FLYWCH2	0	-0.213361391878989	0
FMN1	0	-0.33852100296812204	0
FMNL1	0	-0.10807019330174264	1
FMNL2	0	-0.06777820858743797	1
FMNL3	1	-0.0423368361914361	2
FMOD	0	-0.16573332921237055	0
FMR1	0	-0.12557564765651355	0
FN1	0	-0.07497188657275951	1
FN3K	0	-0.19189373570808183	1
FN3KRP	0	-0.22062092768862565	0
FNBP1	0	-0.08009690882003143	0
FNBP1L	0	-0.03108022304068468	1
FNBP4	0	-0.03255728720075442	1
FNDC1	0	-0.2481714661564433	0
FNDC3A	0	-0.22314699662575257	0
FNDC3B	0	-0.09452682974655761	1
FNIP1	0	-0.36104396571450115	0
FNIP2	0	-0.8184353430909509	0
FNTA	0	-0.19146239951584554	0
FOCAD	0	-0.14613211527890796	1
FOLH1	0	-0.30413399476728786	0
FOLR1	0	-0.14222021520136602	0
FOLR2	0	-0.0718824438374843	0
FOS	0	-0.5134391758247941	0
FOSL2	0	-0.17614708119302308	0
FOXJ2	1	-0.109112480323913	2
FOXJ3	0	-0.20517849272456642	0
FOXK1	0	-0.11517587989453645	0
FOXK2	0	-0.22507291770896315	1
FOXO1	0	-0.25288735165040993	0
FOXO3	0	-0.1576411487665914	0
FOXP1	0	-0.4787787009866329	0
FOXRED1	0	-0.35769539754414437	0
FPGS	0	-0.4511508130491852	0
FPGT	0	-0.1571598778892417	1
FRA10AC1	0	-0.17961659364353239	0
FREM2	0	-0.18256957492407294	0
FRG1	0	-0.11376481463194858	1
FRMD4A	0	-0.24499491601519335	0
FRMD6	0	-0.6038059644112674	0
FRMD8	0	-0.05956340159691058	1
FRY	0	-0.18836062700534603	0
FRYL	0	-0.13536776062936198	1
FRZB	0	-0.04741007655181836	0
FSCN1	0	-0.07104124987460607	1
FSD1L	0	-0.6036651184640416	0
FSTL1	0	-0.022211436486045143	1
FTH1	0	-0.12549389753862486	0
FTL	0	-0.10571475990059913	1
FTO	1	-0.04276198309347344	2
FTSJ1	0	-0.2804841427387689	0
FTSJ3	0	-0.2256085102539566	0
FUBP1	0	-0.11728020130316112	0
FUBP3	0	-0.1354916895627297	0
FUCA1	0	-0.15635612466602114	0
FUCA2	0	-0.26418743239676956	0
FUNDC2	0	-0.15158808415659378	0
FURIN	0	-0.7101329971315093	0
FUS	0	-0.2057233283566843	1
FUT11	0	-0.15598242564096615	1
FUT8	0	-0.19954301179721554	0
FXN	0	-0.1698408616345298	0
FXR1	1	-0.0477638036619303	2
FXR2	0	-0.18863952169094622	0
FYB1	0	-0.06149314477429248	0
FYCO1	0	-0.1340563484740255	1
FYN	0	-0.1393951010824478	0
FYTTD1	0	-0.3376250307216363	0
FZD1	0	-0.13248174141815125	0
FZD6	0	-0.2092650718402151	0
FZR1	0	-0.3746858492267291	0
G3BP1	0	-0.007654220620143667	1
G3BP2	0	-0.22214784076536995	0
G6PD	0	-0.06739168477977157	1
GAA	0	-0.18238272924442137	1
GAB1	0	-0.07212282449672583	1
GAB2	0	-0.1468980627261599	0
GABARAP	0	-0.24661427621548296	0
GABARAPL2	0	-0.12931762309931705	1
GABPA	1	-0.011329072799219625	2
GABPB1	0	-0.04978306894271308	1
GABPB2	0	-0.18484086973254016	0
GADD45GIP1	0	-0.3369584994512986	0
GAK	0	-0.18387861350174634	0
GAL3ST4	0	-0.3402277479043657	0
GALC	0	-0.2489222734203025	0
GALE	0	-0.15960278451790413	0
GALK1	0	-0.16003061384712675	0
GALK2	0	-0.06570365490118656	1
GALM	0	-0.0860629036437385	0
GALNS	0	-0.24084648020219585	0
GALNT1	0	-0.112604894954315	1
GALNT10	0	-0.11691131633359189	0
GALNT11	0	-0.2600785517905918	1
GALNT2	0	-0.08400614389990131	1
GALNT7	0	-0.0970426424675697	1
GALT	1	-0.12875854021705563	2
GAMT	0	-0.06656454546192436	0
GAN	0	-0.06483621235181478	1
GANAB	0	-0.1554024197054856	0
GANC	0	-0.2729164271353196	0
GAPDH	0	-0.17254826874931034	0
GAPVD1	0	-0.13778892942972062	1
GAR1	0	-0.2722198728305516	0
GART	0	-0.35171603866152346	0
GAS2	0	-0.5100427353132868	0
GAS2L1	0	-0.3161597767474748	0
GAS6	0	-0.1736199150167259	0
GAS7	0	-0.10383454939427061	1
GATAD1	0	-0.2720524040447729	0
GATAD2A	0	-0.07529628759068444	1
GATAD2B	0	-0.1273034069345626	1
GATB	0	-0.3946247119455866	0
GATC	0	-0.4213358308286338	0
GATD1	0	-0.226662466823713	0
GATD3A	0	-0.21183285791838974	0
GATM	0	-0.09096744161053498	0
GBA	0	-0.24063057711956684	0
GBA2	0	-0.2513226629718483	0
GBE1	0	-0.13832680070126327	0
GBF1	0	-0.18321161369218014	0
GBP1	0	-0.059427751711530044	1
GBP2	1	-0.04092222934779978	2
GBP4	0	-0.0380136123141806	0
GBP5	0	-0.057597266254263334	1
GC	0	-0.32789061968705535	1
GCA	0	-0.036277668105145405	1
GCAT	0	-0.49675385962398166	0
GCC1	0	-0.16777230960959272	0
GCC2	0	-0.2301324036281446	0
GCDH	0	-0.15137964667164772	0
GCFC2	0	-0.32846564930533084	0
GCHFR	0	-0.1714282302854168	1
GCLC	0	-0.004133801110246022	1
GCLM	0	-0.05601705489110457	1
GCN1	0	-0.23655862403663938	0
GCSH	0	-0.26229800649306356	0
GDA	0	-0.19551041117161888	1
GDAP1	0	-0.17636935868017461	0
GDAP2	0	-0.13361839247418386	1
GDE1	0	-0.36836352327692296	0
GDF15	0	-0.21187854409907278	0
GDI1	0	-0.1468879496823026	0
GDI2	0	-0.04823302896202415	0
GDPD1	0	-0.19988681313768913	0
GDPGP1	0	-0.1851789377022131	0
GEM	0	-0.3623460318944713	0
GEMIN2	0	-0.20116603102501845	0
GEMIN4	0	-0.2152662118707768	0
GEMIN5	0	-0.1731236387769623	1
GEMIN6	0	-0.2515911963873255	0
GEMIN7	0	-0.44146233173308946	0
GEMIN8	0	-0.4529380122281294	0
GET4	0	-0.2800109552275968	1
GFAP	1	-0.015185743839904703	2
GFER	0	-0.21169493325612465	0
GFM1	0	-0.23792215918004905	0
GFM2	0	-0.35083814226278665	0
GFOD1	0	-0.3729691418952504	0
GFOD2	0	-0.23505173908448648	1
GFPT1	0	-0.14528172399846812	0
GFPT2	0	-0.09906275124358192	0
GFRA1	0	-0.34070428870983904	1
GGA1	0	-0.2810441323881711	0
GGA2	0	-0.24962775570499912	0
GGA3	0	-0.18554803067997333	0
GGACT	0	-0.14702869074501235	0
GGCT	0	-0.15806489438375654	0
GGCX	0	-0.1029860293159093	0
GGH	0	-0.18196108947173406	1
GGNBP2	0	-0.4684690029612727	0
GGPS1	0	-0.3809349825342484	0
GGT1	0	-0.0898752611919152	1
GGT5	0	-0.0864330290814788	0
GGT7	0	-0.2277182915855179	0
GHDC	0	-0.11375177754792784	0
GID4	0	-0.4956237508158621	0
GID8	0	-0.2654579495832148	0
GIGYF1	0	-0.26764059286680725	0
GIGYF2	0	-0.13181626989664097	0
GIMAP1	1	-0.048386140218145364	2
GIMAP1-GIMAP5	1	-0.024547428382802224	2
GIMAP2	0	-0.2668934013846267	0
GIMAP4	0	-0.05719565459883115	1
GIMAP6	1	-0.04212991385051036	2
GIMAP7	0	-0.08443788532708026	1
GIMAP8	0	-0.08383634539700446	0
GIPC1	0	-0.22435403996564993	0
GIPC3	0	-0.2611371355349315	0
GIT1	0	-0.06378634493157735	1
GIT2	1	-0.0977973383120474	2
GJA1	0	-0.10583538109322654	0
GK	0	-0.130286573955326	0
GLA	0	-0.3275212282273	0
GLB1	0	-0.29682042026883326	0
GLCCI1	0	-0.4590952764709185	0
GLCE	0	-0.2604735075315971	0
GLDC	0	-0.5925150381312382	0
GLE1	0	-0.2788480910415638	0
GLG1	0	-0.07908516191192841	1
GLIPR1	0	-0.11692407863839102	1
GLIPR2	0	-0.09000290659584097	0
GLMN	0	-0.1276449910176968	0
GLMP	0	-0.40121369969625587	0
GLO1	1	-0.08873439557288018	2
GLOD4	0	-0.1386619719846436	1
GLRX	0	-0.17013282129600277	0
GLRX3	0	-0.01362160660458572	1
GLRX5	0	-0.2616701622609627	0
GLS	0	-0.15541426163586794	0
GLT8D1	0	-0.3635511414439355	0
GLTP	1	-0.1504414872021113	2
GLUD1	0	-0.14718175432457295	0
GLUD2	0	-0.24794898312473448	0
GLUL	0	-0.14232442685083774	1
GLYR1	0	-0.14235182876178717	0
GM2A	0	-0.3042125392223954	0
GMDS	0	-0.10824108025634108	0
GMEB1	0	-0.2510833443114231	0
GMEB2	1	-0.1319454342595794	2
GMFB	0	-0.11303228542488057	0
GMFG	0	-0.05825288107527864	1
GMIP	0	-0.0843196861091342	1
GMPPA	0	-0.1707930877462513	1
GMPPB	0	-0.2182085895674349	0
GMPR	0	-0.12929484251887405	0
GMPR2	0	-0.07133328248007384	0
GMPS	0	-0.08622571446296717	1
GNA11	0	-0.17688981816152238	0
GNA12	0	-0.23070343551309733	0
GNA13	0	-0.23498992779484268	0
GNAI1	0	-0.2879994537598673	0
GNAI2	0	-0.32564569099894924	0
GNAI3	0	-0.2828480873340882	1
GNAO1	0	-0.3204414139599102	0
GNAQ	0	-0.2802698391788641	0
GNAS	0	-0.10706020342717779	0
GNB1	0	-0.03028065998567784	1
GNB1L	0	-0.2643225967176283	0
GNB2	0	-0.03358515799999972	1
GNB3	0	-0.04384803393245614	0
GNB4	0	-0.06481279398630908	1
GNB5	0	-0.2888201119492261	1
GNE	0	-0.1605991746126258	0
GNG11	0	-0.1340546002067188	1
GNG12	0	-0.20150027034981685	0
GNG2	0	-0.2135821220709609	0
GNG5	1	-0.011017010223245258	2
GNG7	0	-0.19871301685073267	0
GNL1	0	-0.2249580822528588	0
GNL2	0	-0.2880817846497686	0
GNL3	0	-0.16036455513462383	0
GNL3L	0	-0.21953843449348245	1
GNPAT	0	-0.09562518163960278	1
GNPDA1	0	-0.09093550883129345	0
GNPDA2	1	-0.15014513851093536	2
GNPNAT1	0	-0.13669960621081118	0
GNPTAB	0	-0.23852819206809356	0
GNPTG	0	-0.25378280090877425	0
GNS	0	-0.1739634493336742	0
GOLGA1	0	-0.20144868090275994	0
GOLGA2	0	-0.24155128920435426	0
GOLGA3	0	-0.30183936600308325	0
GOLGA4	0	-0.140153525953919	0
GOLGA5	0	-0.26976002746793115	0
GOLGA6L2	0	-0.45082551136938953	0
GOLGA7	0	-0.16436842336239826	0
GOLGB1	0	-0.26214279272174845	0
GOLIM4	0	-0.09701464532927981	1
GOLM1	0	-0.09675647996868399	0
GOLPH3	0	-0.14756887226624424	1
GOLPH3L	0	-0.1483848591721682	1
GON4L	0	-0.39084492720705566	0
GON7	0	-0.26602517193665637	0
GOPC	0	-0.08301515282112856	1
GORAB	0	-0.16443394573501688	0
GORASP1	0	-0.2726413936385596	0
GORASP2	0	-0.18421833943145408	1
GOSR1	0	-0.22503816952446246	0
GOSR2	0	-0.1503805323143666	0
GOT1	0	-0.04799240544714152	0
GOT2	0	-0.16365660831215376	0
GP1BA	0	-0.4476633056266456	0
GP5	0	-0.17623111676864667	0
GPAA1	0	-0.08876562575779193	1
GPALPP1	0	-0.21587817402986403	0
GPAM	0	-0.4817621581410066	0
GPAT4	0	-0.10312274081904411	0
GPATCH1	0	-0.24175583021343772	0
GPATCH11	0	-0.15768928674226998	0
GPATCH2	0	-0.34677810935430226	0
GPATCH4	0	-0.22012668828867046	0
GPATCH8	0	-0.16465673077883128	1
GPBP1	0	-0.48843258307730375	0
GPC1	0	-0.09450794097965312	0
GPC4	0	-0.0981874628646485	0
GPC6	0	-0.14107107708659972	0
GPCPD1	0	-0.13892236323992288	0
GPD1	0	-0.17552483782210598	0
GPD1L	0	-0.0788687701250119	0
GPD2	0	-0.170599369634894	0
GPHN	0	-0.11852114812251428	0
GPI	0	-0.0425599963602935	0
GPKOW	0	-0.10462905056812621	1
GPLD1	0	-0.30590380702638037	0
GPN1	0	-0.3873322752492555	0
GPN3	0	-0.25730609606752347	0
GPNMB	0	-0.12840823229155715	0
GPR107	0	-0.2431189218739041	0
GPR108	0	-0.35375500140105587	0
GPR180	0	-0.10064483539624607	1
GPR89A	0	-0.04331172456634962	1
GPRC5C	0	-0.09354931364499967	1
GPRIN1	0	-0.44469277064849966	0
GPRIN3	0	-0.17936823576748512	1
GPS1	0	-0.3462868628589713	0
GPS2	0	-0.07758966680248255	1
GPSM1	0	-0.11064940035102815	0
GPSM3	0	-0.13251735084478217	0
GPT2	0	-0.12818907601394863	0
GPX1	0	-0.16162922117489215	0
GPX3	0	-0.14584227450064963	1
GPX4	0	-0.18362956135282887	0
GPX7	0	-0.08503994589766585	0
GPX8	0	-0.08365541770964044	0
GRAMD1A	0	-0.3471450084922984	0
GRAMD2B	0	-0.27436560069582805	0
GRAMD4	0	-0.08701588129255415	1
GRAP	0	-0.11818907667873488	1
GRAP2	0	-0.14548299354218566	0
GRB10	0	-0.05685049009350207	0
GRB2	0	-0.11336466868204646	0
GRHPR	0	-0.1895014036009633	0
GRIP1	0	-0.4949032320195389	0
GRIPAP1	0	-0.18725696573619124	0
GRK2	0	-0.16570526394683485	1
GRK3	0	-0.20754804942585467	0
GRK5	0	-0.18573244523945226	0
GRK6	0	-0.2132002105110377	0
GRN	0	-0.13084886012903657	1
GRPEL1	0	-0.08045308787704458	1
GRSF1	0	-0.19522872157185844	1
GRWD1	0	-0.15438015134926877	0
GSDMA	0	-0.3513984545580337	0
GSDMD	0	-0.13303045084681678	0
GSDME	0	-0.13705060376901085	0
GSE1	0	-0.20207226997951966	0
GSK3A	0	-0.19671747333061518	0
GSK3B	0	-0.29108797877148573	0
GSKIP	0	-0.2649624157630285	0
GSN	0	-0.0641868523820951	1
GSPT1	0	-0.15975382071194047	0
GSPT2	0	-0.12446008376911341	0
GSR	1	0.008155557037118398	3
GSS	0	-0.19769074204523726	0
GSTA4	0	-0.17308356711064504	0
GSTCD	0	-0.2315732631161659	0
GSTK1	0	-0.08211802333385618	1
GSTM1	0	-0.018034118413674718	1
GSTM2	0	-0.13006234034910466	1
GSTM3	0	-0.06454257249865854	0
GSTM4	0	-0.27823014457930034	0
GSTM5	0	-0.2584548900243056	0
GSTO1	0	-0.200929534998071	0
GSTP1	0	-0.08551829733036151	0
GSTZ1	0	-0.19306652645666772	0
GTDC1	0	-0.24457204813077493	0
GTF2A1	0	-0.1418166583015909	0
GTF2A2	0	-0.20427800305984783	0
GTF2B	0	-0.09609455476465698	1
GTF2E1	0	-0.24317981141679787	0
GTF2E2	0	-0.13040612384875022	0
GTF2F1	0	-0.1865348954067978	0
GTF2F2	0	-0.024658415517940718	0
GTF2H1	0	-0.26521507504949865	0
GTF2H2	0	-0.19817018956452706	0
GTF2H3	0	-0.3488643161900583	0
GTF2H4	0	-0.24485313081289325	0
GTF2H5	0	-0.40036211848414016	0
GTF2I	0	-0.08763471036048329	1
GTF3A	0	-0.24113685636469118	0
GTF3C1	1	-0.059397952421095176	2
GTF3C2	0	-0.16247724723364781	1
GTF3C3	0	-0.17410269549260257	0
GTF3C4	1	-0.06896269778382075	2
GTF3C5	1	-0.16532597686901762	2
GTF3C6	0	-0.4230351677421756	0
GTPBP1	0	-0.2222689280169262	1
GTPBP10	0	-0.23991081813716186	0
GTPBP2	0	-0.34790893529716865	0
GTPBP3	0	-0.3473126722950662	0
GTPBP4	0	-0.23021873653930963	1
GTPBP6	0	-0.2591597856741209	0
GUCY1A1	0	-0.034787997970002836	0
GUCY1A2	0	-0.12214456803892508	0
GUCY1B1	0	-0.06479262831300711	1
GUF1	0	-0.25721359811933003	0
GUK1	0	-0.3006760071195139	0
GULP1	0	-0.07452586413582267	1
GUSB	0	-0.1129832756796422	0
GXYLT1	0	-0.2782596391093575	0
GYG1	0	-0.09375995003118984	1
GYG2	0	-0.3775954824878409	0
GYPA	0	-0.12988829647598968	1
GYPC	0	-0.2516266667489916	0
GYS1	0	-0.17840761954759138	0
H6PD	0	-0.1100071259834094	0
HAAO	0	-0.09494055134238993	1
HABP2	0	-0.3868900955863005	0
HABP4	0	-0.2482515966224566	0
HACD2	0	-0.1932886196388789	0
HACD3	0	-0.12696155613340201	1
HACE1	0	-0.26210533121803054	0
HACL1	0	-0.22806270313033528	0
HADH	0	-0.2293713052533926	0
HADHA	0	-0.21766616609952072	1
HADHB	0	-0.19543038274783145	0
HAGH	0	-0.10771790479471959	0
HAPLN1	0	-0.12234859582347031	1
HAPLN3	0	-0.032049535482692126	1
HARS2	0	-0.20844505222312507	1
HAT1	0	-0.05014801094359106	1
HAUS1	0	-0.32934338278267805	0
HAUS2	0	-0.33305234102510195	0
HAUS3	0	-0.0858099132434752	1
HAUS4	0	-0.1849493900307222	0
HAUS5	0	-0.3869966587749075	0
HAUS6	0	-0.1593052513971635	0
HAUS7	0	-0.2271373249890077	1
HAUS8	0	-0.21250374112377163	0
HAVCR2	0	-0.5775933840378349	0
HAX1	0	-0.1709085542916792	1
HBA1	0	-0.08062471143055583	0
HBB	0	-0.05924186615504791	1
HBD	0	-0.12030045075513626	1
HBG1	0	-0.2118570421265537	0
HBM	0	-0.46590148993920044	0
HBP1	0	-0.20383000141651655	0
HBQ1	0	-0.09104063686231743	1
HBS1L	0	-0.13497653538807372	0
HBZ	0	-0.07845956057170482	1
HCCS	0	-0.2754585021699098	0
HCFC1	1	0.05154963318881543	2
HCFC2	0	-0.22237777624554061	0
HCK	0	-0.081548634918851	1
HCLS1	0	-0.07299696178945277	0
HDAC1	0	-0.06709461522769208	1
HDAC10	0	-0.18497420657751124	0
HDAC11	0	-1.3608418654847052	0
HDAC2	0	-0.13690390861407464	1
HDAC3	0	-0.12517780377614862	1
HDAC4	0	-0.14728186737341759	0
HDAC5	0	-0.051213568096004115	1
HDAC6	0	-0.3003236264858719	1
HDAC7	0	-0.31439662188679707	0
HDAC8	0	-0.24267056210038454	0
HDDC2	0	-0.12357537223197786	1
HDDC3	0	-0.0802647754261772	1
HDGF	0	-0.1252615508600401	0
HDGFL2	0	-0.006651541260264922	1
HDGFL3	0	-0.04556837734429305	1
HDHD2	0	-0.08742387641807307	1
HDHD3	0	-0.22053782605106648	0
HDHD5	0	-0.17842267956335964	0
HDLBP	0	-0.12800388230227547	0
HEATR1	0	-0.047781350918173385	1
HEATR3	0	-0.3141218339363042	0
HEATR5A	0	-0.09869445836535126	1
HEATR5B	0	-0.3121816054385109	0
HEATR6	0	-0.48311301390236744	0
HEBP1	0	-0.143692951027025	0
HEBP2	0	-0.1691161365944487	0
HECA	0	-0.15922093361319506	0
HECTD1	0	-0.3494203309061226	0
HECTD3	0	-0.3305068549434107	0
HECTD4	0	-0.22909377491041036	0
HEG1	0	-0.2265692942771061	1
HELLS	0	-0.3347019687095515	0
HELZ	0	-0.2890090029861791	0
HELZ2	0	-0.15702329032805928	0
HEPH	0	-0.28619310879186294	0
HERC1	0	-0.3333265676774151	1
HERC2	0	-0.38669719881537884	0
HERC3	0	-0.36197700641130665	0
HERC4	0	-0.11517709622177472	0
HERC5	0	-0.20117499112606602	0
HERPUD1	0	-0.27794091578447044	0
HES1	0	-0.5649639509044719	0
HEXA	0	-0.29071202305581767	0
HEXB	0	-0.25341578804518267	0
HEXIM1	0	-0.15849662233551137	1
HEXIM2	0	-0.4886222485392587	0
HFE	0	-0.8383140625164451	0
HGD	0	-0.07273414869745941	1
HGF	0	-0.217686496905316	0
HGFAC	0	-0.3817996572633926	0
HGH1	0	-0.1488074155003747	0
HGS	0	-0.1922209411424533	0
HGSNAT	0	-0.31801755268314197	0
HIBADH	0	-0.1619780005702382	0
HIBCH	0	-0.20653527416084377	0
HID1	0	-0.15390690531433507	0
HIF1AN	0	-0.12046149474906687	1
HIGD1A	0	-0.4232950478036231	0
HIKESHI	0	-0.27427845615677193	0
HINT1	0	-0.14012971274862762	0
HINT2	0	-0.1706200153601623	0
HINT3	0	-0.18928853604313187	1
HIP1	1	-0.041990190547703456	2
HIP1R	0	-0.1167055016436245	0
HIRA	0	-0.2119228850795254	0
HIRIP3	0	-0.07939248936282642	0
HK1	0	-0.17832322007863177	0
HK2	0	-0.1379333650070696	0
HK3	0	-0.06735707085360772	1
HKDC1	0	-0.14134053788229614	0
HLA-A	0	-0.30070280796775084	0
HLA-B	0	-0.12644867197736537	0
HLA-C	0	-0.10647090042865122	1
HLA-DMA	0	-0.14401444102687677	0
HLA-DMB	0	-0.12067795023672756	0
HLA-DPA1	0	-0.15433864539222636	0
HLA-DPB1	0	-0.14857204208851768	0
HLA-DQA1	0	-0.1419260842491871	0
HLA-DQB1	0	-0.09171509347172305	0
HLA-DRA	0	-0.2088194919904974	0
HLA-DRB1	0	-0.22770871183097424	0
HLA-DRB5	0	-0.266152159769793	0
HLA-E	0	-0.15542821601073376	1
HLA-F	0	-0.09960696380885012	0
HLCS	0	-0.22096714068090334	0
HLTF	0	-0.10041074105203522	0
HM13	0	-0.18979449291838496	0
HMBOX1	0	-0.2444577119872772	0
HMBS	0	-0.15672143357994192	1
HMCES	0	-0.17939201543142594	1
HMCN1	0	-0.03807518593092676	1
HMG20A	0	-0.17234772854859826	0
HMG20B	0	-0.19259963285069104	1
HMGA1	0	-0.21828074045439044	0
HMGA2	0	-0.20648237689939916	1
HMGB1	1	-0.02508783714460272	2
HMGB2	1	0.01221253529442336	2
HMGB3	0	-0.047099660860220285	1
HMGCL	0	-0.1299146529155342	0
HMGCS1	0	-0.1302810328706805	0
HMGN1	0	-0.2916978710991105	0
HMGN2	0	-0.1738232366636169	0
HMGN3	0	-0.300245886042365	0
HMGN4	0	-0.11913938266263366	0
HMGN5	1	-0.027017901243754815	2
HMGXB3	0	-1.2079520044052598	0
HMGXB4	0	-0.2619846519039296	0
HMOX1	0	-0.08841924650311708	1
HMOX2	0	-0.1877198882379784	0
HMX3	0	-0.46069779289210677	0
HNMT	0	-0.08603263037060219	0
HNRNPA0	0	-0.09897298235192183	1
HNRNPA1	0	-0.1020418694410837	1
HNRNPA2B1	0	-0.08764959402516406	1
HNRNPA3	0	-0.13283932049848218	0
HNRNPAB	0	-0.11617772017254764	1
HNRNPC	0	-0.04661805317477282	1
HNRNPD	0	-0.035222028288026896	1
HNRNPDL	0	-0.042327370143717305	0
HNRNPF	0	-0.0694791850753119	0
HNRNPH1	0	-0.10822178739062467	0
HNRNPH2	0	-0.10918462261432674	1
HNRNPH3	0	-0.041771603280300725	1
HNRNPK	1	0.01751804261614578	2
HNRNPL	1	-0.02013752209543898	2
HNRNPLL	1	-0.06913746865781498	3
HNRNPM	0	-0.06028841960046109	1
HNRNPR	0	-0.07472092576969366	0
HNRNPU	1	0.012626330756643636	2
HNRNPUL1	0	-0.1499529212632103	0
HNRNPUL2	0	-0.24818499492313117	0
HOMER1	0	-0.17542416375397152	0
HOMER2	0	-0.25081975064295897	0
HOMER3	0	-0.16192456246691928	0
HOOK1	1	-0.06858717816514373	2
HOOK2	0	-0.07348845220339868	1
HOOK3	0	-0.18658281418581818	1
HOPX	0	-0.06222525839691282	0
HP	0	-0.32447731967224375	0
HP1BP3	0	-0.3142385193411089	0
HPCAL1	0	-0.11828706788141834	0
HPF1	0	-0.12258208420474763	1
HPGDS	0	-0.16440517269302812	0
HPR	0	-0.3941357747980181	0
HPRT1	0	-0.15682476158434241	0
HPS1	0	-0.546368038504675	0
HPS3	0	-0.16461062085764844	1
HPS4	0	-0.31477612191439847	0
HPS5	0	-0.25114568142392313	0
HPS6	0	-0.38039632334330536	0
HPSE	0	-0.7046248721014059	0
HPX	0	-0.2723447612262479	0
HRAS	0	-0.2430223174487492	0
HRC	0	-0.6435169279409502	0
HRG	0	-0.37879926661996494	0
HRNR	0	-0.7522158785258136	0
HS1BP3	0	-0.13486984721624534	1
HS2ST1	0	-0.25371731849156304	0
HS6ST1	0	-0.3024375263262236	0
HSBP1	0	-0.09600349831791101	0
HSCB	0	-0.2264362918755464	0
HSD17B10	0	-0.23145495310328834	0
HSD17B11	0	-0.08866158892301192	0
HSD17B12	0	-0.17506083403376466	0
HSD17B4	1	-0.06091434872854438	2
HSD17B7	0	-0.20422931104285222	0
HSD17B8	0	-0.20847593306010773	0
HSD3B7	0	-0.5509645045227267	0
HSDL1	0	-0.19039803543121134	0
HSDL2	0	-0.11936201827771353	0
HSF1	0	-0.15736887578621078	1
HSP90AA1	0	-0.08179057175720521	1
HSP90AB1	1	0.07900754673780515	3
HSP90B1	0	-0.19072382264079057	0
HSPA12A	0	-0.006920823672945292	1
HSPA12B	0	-0.03792539991678183	1
HSPA13	0	-0.24714677736463525	0
HSPA14	0	-0.20487916278110338	1
HSPA1A	0	-0.1635248060445435	0
HSPA1L	0	-0.11813875706750747	1
HSPA2	1	-0.07302754884779832	2
HSPA4	0	-0.19081737165840335	0
HSPA4L	0	-0.12421510916546233	0
HSPA5	0	-0.26799176245636114	0
HSPA6	0	-0.09335417844621245	0
HSPA8	0	-0.06848047769524702	0
HSPA9	0	-0.20236930908136985	0
HSPB1	0	-0.04950849742547349	1
HSPB11	0	-0.24416431878216405	1
HSPB2	0	-0.2027420762690011	0
HSPB6	0	-0.17191027674644313	0
HSPB7	0	-0.23007137952084683	0
HSPB8	0	-0.07341423302946692	0
HSPBAP1	0	-0.3504460177157477	0
HSPBP1	0	-0.19064083738786503	1
HSPD1	0	-0.2036592947191028	0
HSPE1	0	-0.22529201933620896	0
HSPG2	0	-0.12598500115800543	1
HSPH1	0	-0.20361778583390056	0
HTATIP2	0	-0.00515150831338672	0
HTATSF1	0	-0.1477388029444518	0
HTD2	0	-0.3917248198594564	0
HTRA1	1	-0.03853429899896832	2
HTRA2	0	-0.1626912879012274	1
HTT	0	-0.12836056582519403	0
HUS1	0	-0.32593274363079183	0
HUWE1	0	-0.21875608543689676	0
HVCN1	0	-0.2715000836534094	0
HYI	0	-0.12471527600429837	1
HYOU1	0	-0.1875368259044816	0
HYPK	0	-0.29512219276691354	0
IAH1	0	-0.25725495129918896	0
IARS2	0	-0.2312485522067973	0
IBA57	0	-0.09837501003655248	1
IBTK	0	-0.37198477096531024	0
ICA1	0	-0.11361000656740372	0
ICAM1	0	-0.0704009806445528	0
ICAM2	0	-0.13374922609317302	0
ICAM3	0	-0.11421155743065152	0
ICE1	0	-0.5550457176583186	0
ICE2	0	-0.6117370285030426	0
IDE	0	-0.10948108899380178	1
IDH1	0	-0.11248956016637188	0
IDH2	0	-0.22052797659129203	0
IDH3A	0	-0.2016882204352107	0
IDH3B	0	-0.18807325592903482	0
IDH3G	0	-0.1948235798300154	0
IDI1	0	-0.27510439519861596	0
IDNK	0	-0.2671497201304943	0
IDS	0	-0.35740324493287356	0
IDUA	0	-0.12407370005031995	1
IFI16	0	-0.0823740525277257	0
IFI27L2	0	-0.7177081501289962	0
IFI30	0	-0.10622079694917141	0
IFI35	0	-0.11746539147054376	1
IFI44	0	-0.2183762270354032	0
IFIH1	0	-0.05827058705756709	0
IFIT1	0	-0.09508715213176341	0
IFIT2	0	-0.09479693598580477	0
IFIT3	0	-0.07584127048132003	0
IFIT5	0	-0.1494548352965564	0
IFITM3	0	-0.21245361616364639	0
IFNGR1	0	-0.41004310579863806	0
IFRD1	0	-0.19648118180322677	0
IFT122	0	-0.2393154185910645	0
IFT140	0	-0.12315049328918715	0
IFT172	0	-0.02949075827414168	1
IFT20	0	-0.14735572903274266	0
IFT22	0	-0.19774690631882372	0
IFT27	0	-0.1740881754832884	0
IFT43	0	-0.1133763089733559	0
IFT46	0	-0.21982145743547168	0
IFT52	0	-0.1340891661943116	1
IFT57	0	-0.1454204689486318	0
IFT74	1	-0.08002085260257782	2
IFT80	0	-0.19937632598303118	0
IFT81	0	-0.21094070293411232	0
IFT88	0	-0.15247458888922436	1
IGBP1	0	-0.11469011555224332	0
IGF1	0	-0.500803706287954	0
IGF1R	0	-0.14523490464718047	0
IGF2	0	-0.18301249131044237	0
IGF2BP2	0	-0.1984705608104366	0
IGF2BP3	0	-0.07021470288645085	0
IGF2R	0	-0.12385188640896332	1
IGFALS	0	-0.23792350003878532	0
IGFBP2	0	-0.10524484899386514	0
IGFBP3	0	-0.07274538496260963	1
IGFBP4	0	-0.06570558318089419	1
IGFBP5	0	-0.12481869426768358	0
IGFBP6	0	-0.07533771185773035	0
IGFBP7	1	-0.04835900291819162	2
IGHG1	0	-0.2311331382567782	1
IGHMBP2	0	-0.20599339558797808	0
IGLL1	0	-0.2886941619805756	0
IGLL5	0	-0.3727723689852635	1
IGSF3	0	-0.3914648968240332	0
IGSF8	0	-0.2304045505336989	0
IK	1	0.11418023687873262	3
IKBIP	0	-0.1705146181022905	1
IKBKB	0	-0.1934362392143119	0
IKBKG	0	-0.21283061920009766	1
IKZF1	0	-0.07904601372780506	0
IL10RB	0	-1.3080811744944103	0
IL16	0	-0.09539208777879082	0
IL18	0	-0.0781953729852925	0
IL1RAP	0	-0.08624287479056579	0
IL33	0	-0.14375640327571054	0
IL4I1	0	-0.11694409826975508	0
IL6ST	0	-0.2960373063685383	0
ILF2	1	0.08435786076267762	2
ILF3	0	-0.05677224764674545	1
ILK	1	-0.05787815825092246	2
ILKAP	0	-0.12639260035313035	1
ILVBL	1	-0.19856048521289987	2
IMMT	0	-0.17847654871439314	1
IMP3	0	-0.32927891221581534	0
IMP4	0	-0.19535694952203486	0
IMPA1	0	-0.21155252082485404	0
IMPA2	0	-0.12567581188207874	0
IMPACT	0	-0.11545789946791299	0
IMPDH1	0	-0.14301485732248062	1
IMPDH2	0	-0.14083593621483245	1
INA	0	-0.1339908262747262	0
INCENP	0	-0.6639343748919503	0
INF2	0	-0.12857222561413045	0
ING1	1	-0.06295000630558069	2
ING3	0	-0.4091192872519455	0
ING4	0	-0.14487828978398237	0
ING5	0	-0.15836963130604947	0
INHBC	0	-0.5495645811420563	0
INIP	0	-0.2167019588590442	0
INMT	0	-0.540212042441498	0
INO80	0	-0.41863919385112175	0
INO80B	0	-0.22744393646887526	0
INO80C	0	-0.5338193896151019	0
INPP1	0	-0.16573909985575183	0
INPP4A	0	-0.1509874979520882	0
INPP4B	0	-0.13245604472405742	0
INPP5A	0	-0.16336223730148886	0
INPP5B	0	-0.25028102153108056	0
INPP5D	1	-0.052280474074624016	2
INPP5F	0	-0.15420406827921207	0
INPP5K	0	-0.18562803778676407	0
INPPL1	0	-0.1900066352176637	0
INSR	0	-0.08721254095861608	0
INTS1	0	-0.14532007473214095	1
INTS10	0	-0.11261180483316022	0
INTS11	0	-0.2690731585829426	0
INTS12	0	-0.23573012886510689	0
INTS13	0	-0.1361982491896405	0
INTS14	1	-0.10355489901077533	2
INTS2	0	-0.2552405637485857	0
INTS3	0	-0.17979764794949998	0
INTS4	0	-0.19045307987418722	1
INTS5	0	-0.15782456986048277	1
INTS6	0	-0.18304912828431735	1
INTS7	0	-0.32899975771080836	0
INTS8	0	-0.22801914761117117	0
INTS9	0	-0.17871430436584845	0
IP6K1	0	-0.22028620410209396	0
IPO11	0	-0.23970061168646756	0
IPO13	0	-0.26647241006602157	0
IPO4	0	-0.19810885628901304	1
IPO5	0	-0.08762957397971854	1
IPO7	0	-0.11893231281225405	1
IPO8	0	-0.3304464478421434	0
IPO9	0	-0.1675134149956049	0
IQCB1	0	-0.8644423047917303	0
IQGAP1	0	-0.14644443612515348	0
IQGAP2	0	-0.07966651608561963	0
IQGAP3	0	-0.24198771002800776	0
IQSEC1	1	-0.05081608971914634	2
IQSEC2	0	-0.2497733521210134	0
IRAK1	0	-0.19867873187795274	0
IRAK3	0	-0.3581390508388916	0
IRAK4	0	-0.09314917658650057	0
IREB2	0	-0.25295289138921906	0
IRF2	0	-0.18338379413440362	0
IRF2BP1	1	0.07780552590352696	3
IRF2BP2	0	-0.09536121663529111	1
IRF2BPL	0	-0.05898306399739204	1
IRF3	0	-0.3001058044184093	0
IRF5	0	-0.2226957774564149	0
IRF8	0	-0.39823398771655383	0
IRF9	0	-0.09639644941521827	0
IRGQ	0	-0.20013811800862005	0
IRS1	0	-0.08896540874704881	0
IRS2	0	-0.11867129319417784	0
ISCA1	0	-0.24385362108359893	0
ISCA2	0	-0.25788157972831766	0
ISCU	0	-0.1361146310835575	0
ISG15	0	-0.0846711789275713	0
ISG20	0	-0.07903605848471582	0
ISG20L2	0	-0.48888678452771384	0
ISLR	0	-0.06969494413506225	1
ISOC1	0	-0.10172973529643317	0
ISOC2	0	-0.23302624879787232	0
IST1	0	-0.22813054363802002	0
ISY1	0	-0.20812151725080436	0
ISYNA1	0	-0.10504760566624594	0
ITCH	0	-0.1298414175373895	1
ITFG1	0	-0.07706700299133976	1
ITFG2	0	-0.32655096126099187	0
ITGA1	0	-0.12046303492059829	1
ITGA2	0	-0.1405133644630677	0
ITGA2B	0	-0.25415575487689823	0
ITGA3	0	-0.08453736597299519	0
ITGA4	0	-0.08862214920590603	0
ITGA5	0	-0.09607091881896987	0
ITGA6	0	-0.03759144471351582	1
ITGA7	0	-0.20268755772456473	1
ITGAL	0	-0.10088590664218251	1
ITGAM	0	-0.12158028000464824	1
ITGAV	0	-0.13732410364151454	0
ITGAX	0	-0.10111053560475525	1
ITGB1	0	-0.13270808063314216	0
ITGB1BP1	0	-0.2546253404864288	0
ITGB2	0	-0.15062165432922958	1
ITGB3	0	-0.13025807491655686	0
ITGB4	0	-0.08580794083128071	0
ITGB5	0	-0.13231894585867204	0
ITGB8	0	-0.14794479071499578	0
ITIH1	0	-0.3293848133866363	1
ITIH2	0	-0.3875375497480206	1
ITIH3	0	-0.3749892038247267	1
ITIH4	0	-0.4222990649170389	0
ITIH5	0	-0.07830445932670585	1
ITM2B	0	-0.26585664878825094	0
ITM2C	0	-0.4511703291416399	0
ITPA	0	-0.3805633447817696	0
ITPK1	0	-0.2531613061884718	0
ITPKB	0	-0.10249892603430469	0
ITPKC	0	-0.28784246595043206	0
ITPR1	0	-0.1054011358405704	0
ITPR2	0	-0.12127095008067061	0
ITPR3	0	-0.11007502809096552	0
ITPRID2	0	-0.150120324135031	0
ITPRIP	0	-0.1945554068739811	0
ITSN1	0	-0.145033649275988	1
ITSN2	0	-0.0385818210449207	1
IVD	0	-0.14131338312953107	0
IVNS1ABP	0	-0.160032534918663	0
IWS1	0	-0.14475417640547264	0
JADE2	0	-0.1367215784285421	1
JAG1	0	-0.09264469676153128	0
JAGN1	0	-0.21131321302401246	1
JAK1	0	-0.13518357546427956	0
JAK2	0	-0.27924849451374556	0
JAK3	0	-0.40004302196676794	0
JAM2	0	-0.41150855847195283	0
JAM3	0	-0.15476182608251315	0
JCAD	0	-0.06052291068458311	0
JCHAIN	0	-0.24154175570590608	0
JMJD1C	0	-0.2290570908748984	0
JMJD6	0	-0.2643567615897094	0
JMJD7	0	-0.18754535148389967	0
JMY	0	-0.29004486537042606	0
JOSD2	0	-0.4327943448325879	0
JPH2	0	-0.1747038763572558	0
JPT1	0	-0.0944831353734998	0
JPT2	0	-0.14945583274885615	0
JTB	0	-0.15514994382105585	0
JUN	0	-0.25117090025747346	0
JUNB	0	-0.06938648799032937	0
JUND	0	-0.2788089148413181	1
JUP	0	-0.1639152933509342	0
KALRN	0	-0.29281977271039594	0
KANK1	0	-0.03654101351714774	0
KANK2	0	-0.09407016349570023	0
KANK3	0	-0.11883844157626797	0
KANSL1	0	-0.38351997038995556	0
KANSL2	0	-0.32575429508385734	0
KANSL3	0	-0.3111648200687818	0
KAT14	0	-0.29717414858274827	0
KAT2B	0	-0.4379176309884808	0
KAT5	0	-0.18558361849659552	1
KAT6A	0	-0.18522599037774853	0
KAT7	1	-0.026853671841109806	2
KAT8	0	-0.08550110619995288	1
KATNA1	0	-0.3112173269261086	0
KATNAL1	0	-0.2185251722289407	0
KATNB1	0	-0.3081757343595021	0
KBTBD11	0	-0.05497227462350007	1
KBTBD2	0	-0.16002602775474858	1
KBTBD4	0	-0.34938690297837316	0
KBTBD6	0	-0.26189300973767693	0
KCMF1	0	-0.24295203978145294	0
KCNAB2	0	-0.1351566141055331	1
KCTD1	0	-0.12187057462544304	0
KCTD10	0	-0.10958338636138328	1
KCTD12	0	-0.09074536472719585	0
KCTD14	0	-0.10597231963503759	0
KCTD15	0	-0.11254602914487369	0
KCTD18	0	-0.20191970549035249	1
KCTD21	0	-0.20168285189078886	1
KCTD3	0	-0.2615755640894532	0
KCTD5	0	-0.1907258475079197	0
KCTD6	0	-0.6852314252057399	0
KCTD9	0	-0.18116862519690974	0
KDELR1	0	-0.7071198459035881	0
KDM1A	1	-0.036141187755267555	2
KDM1B	0	-0.15135777665498842	0
KDM2A	0	-0.13997792496548453	1
KDM2B	0	-0.24940176282219503	0
KDM3A	1	-0.09693768033990273	2
KDM3B	0	-0.12893627078984832	1
KDM4A	0	-0.2256676173968733	0
KDM4B	0	-0.2508682990779893	0
KDM5A	0	-0.13232623291633364	1
KDM5C	0	-0.22062151138799785	1
KDM6A	0	-0.24769256987931051	0
KDM8	0	-0.29536658077603584	0
KDSR	0	-0.1560522455226311	1
KEAP1	0	-0.2446739725963142	1
KHDC4	0	-0.241789146350799	1
KHDRBS1	0	-0.12384996668948448	1
KHDRBS3	0	-0.09639618860008804	1
KHK	0	-0.14421236877178883	0
KHNYN	0	-0.23889463868511346	1
KHSRP	0	-0.22938939028512242	1
KIAA0100	0	-0.2735437209329576	0
KIAA0319L	0	-0.09408410660500309	1
KIAA0513	0	-0.14777069571122672	0
KIAA0753	0	-0.6021656884952877	0
KIAA0930	0	-0.19993229074336888	0
KIAA1109	0	-0.300181709310406	1
KIAA1143	0	-0.1638243104416584	0
KIAA1191	0	-0.12509722458569067	0
KIAA1217	0	-0.061505837036926726	0
KIAA1328	0	-0.23516424714264658	0
KIAA1522	0	-0.202163039427434	0
KIAA1671	0	-0.07779573042069761	0
KIAA2013	0	-0.09741801149762873	1
KIDINS220	0	-0.2367607523150231	0
KIF11	0	-0.1382704825089669	0
KIF13A	0	-0.13205378271955232	1
KIF13B	0	-0.09205873780746995	1
KIF15	0	-0.13748169182921263	0
KIF16B	0	-0.24533062694285604	0
KIF1B	0	-0.20026685194387034	0
KIF1C	0	-0.17866533419435707	0
KIF20A	0	-0.7957702241309687	0
KIF21A	0	-0.11644281241770163	1
KIF23	0	-0.11802245347314062	0
KIF26B	0	-0.39002583055182644	0
KIF2A	0	-0.20436796307707567	0
KIF2C	0	-0.13984405341222086	0
KIF3A	0	-0.16284978253179458	0
KIF3B	0	-0.2009583189141703	0
KIF4A	0	-0.1908689716960749	0
KIF5B	0	-0.19848756812460872	0
KIF5C	0	-0.22980276549807713	0
KIF7	0	-0.34629415745409425	0
KIFAP3	0	-0.1702074426252872	1
KIFC1	0	-0.1735853042494007	0
KIFC3	0	-0.30145402399000204	0
KIN	0	-0.11093106700047273	1
KIRREL1	0	-0.26030229808615946	0
KIT	0	-0.1857592205745992	0
KLC1	0	-0.10872518570057761	1
KLC2	0	-0.07655941032367883	0
KLC4	0	-0.13545872764538563	0
KLF13	0	-0.5646646929596334	0
KLF16	0	-0.4026344449975259	0
KLF3	0	-0.17635989267735144	1
KLHDC10	0	-0.5047208554421487	0
KLHDC2	0	-0.18418317558677688	0
KLHDC3	0	-0.6540519040478221	0
KLHDC4	0	-0.22418965342913427	0
KLHL11	0	-0.27527652037093875	1
KLHL22	0	-0.2723426896595875	0
KLHL26	0	-0.20322197666467307	0
KLHL36	0	-0.208641043245043	0
KLHL42	0	-0.9416690439855195	0
KLHL7	0	-1.0742651234382825	0
KLHL9	0	-0.31391837364459113	0
KLK6	0	-0.24710909338675244	0
KLKB1	0	-0.3828219423236724	0
KMT2A	0	-0.1385191533005325	1
KMT2B	0	-0.19030284541467016	0
KMT2C	0	-0.1546109751479646	0
KMT2D	0	-0.24208114293770003	0
KMT2E	0	-0.468094591012896	0
KNG1	0	-0.3838674769089594	0
KNL1	0	-0.5431876362122077	0
KNOP1	0	-0.5505232932674932	0
KNTC1	0	-0.2930806781948039	0
KPNA1	0	-0.23437435618216992	1
KPNA2	0	-0.10552435845453141	0
KPNA3	0	-0.15006757823878997	0
KPNA4	0	-0.12578038374688547	0
KPNA6	0	-0.49008167092580424	0
KPNB1	1	-0.03572133781565617	2
KPTN	0	-0.3050194092147047	0
KRAS	0	-0.18947249272964642	1
KRI1	0	-0.22229801566052604	0
KRIT1	0	-0.2445167328805972	0
KRR1	0	-0.26000216298531714	1
KRT1	0	-0.27766008324226615	0
KRT10	0	-0.18138910708026318	1
KRT13	0	-0.1710529653332483	0
KRT17	0	-0.1781284612163871	0
KRT18	0	-0.1128011437007557	0
KRT19	0	-0.13555570793726932	0
KRT2	0	-0.2554773633892234	0
KRT5	0	-0.2145236131281775	0
KRT7	0	-0.15558940543994373	0
KRT8	0	-0.1649326784632546	0
KRT9	0	-0.2592650981907491	0
KSR1	0	-0.1557302489079308	0
KTI12	0	-0.12312159795003821	1
KTN1	0	-0.19754941209519045	0
KXD1	0	-0.16782048369397423	0
KYAT1	0	-0.06140469773951466	1
KYAT3	0	-0.1957275756599873	0
KYNU	0	-0.09450331988235458	0
L1CAM	0	-0.3444688983754544	0
L2HGDH	0	-0.1280304001244019	0
L3HYPDH	0	-0.2645259446619622	1
L3MBTL2	0	-0.15693907704613647	1
L3MBTL3	0	-0.1421310716796153	0
LACC1	0	-0.3070166560090955	0
LACTB	0	-0.14636458537553582	0
LACTB2	0	-0.10332971585327315	0
LAGE3	0	-0.3572795589757163	0
LAIR1	0	-0.16321254173256655	0
LAMA1	0	-0.1381866074205991	1
LAMA2	1	-0.12988471024252315	2
LAMA3	0	-0.1504961443992457	0
LAMA4	1	-0.02662606841846258	2
LAMA5	1	-0.12587817164418896	2
LAMB1	1	-0.043408842968979414	2
LAMB2	0	-0.09665875717157783	1
LAMC1	0	-0.08553264424820464	1
LAMC3	0	-0.07074916488263619	0
LAMP1	0	-0.28156143409159273	0
LAMP2	0	-0.2387459068214056	0
LAMTOR1	0	-0.3978409781696093	0
LAMTOR2	0	-0.25135175227085094	0
LAMTOR3	0	-0.27371455997514754	0
LAMTOR4	0	-0.2902278449153312	0
LAMTOR5	0	-0.24276672935466181	0
LANCL1	0	-0.23517372795623573	1
LANCL2	0	-0.1507529221329491	0
LAP3	0	-0.05936997398037554	0
LARP1	0	-0.3190316220256655	0
LARP1B	0	-0.15637141299260054	0
LARP4	1	-0.14397470149400932	2
LARP4B	0	-0.13036612374100734	0
LARP6	0	-0.40782170866809003	0
LARP7	0	-0.2165330424531613	1
LARS2	0	-0.17333750746226645	0
LAS1L	0	-0.20223358786608067	1
LASP1	0	-0.19151756008008522	0
LATS1	0	-0.3202497055135656	0
LBH	0	-0.17887196199607042	0
LBP	0	-0.33057767599632015	0
LBR	0	-0.13709548245656455	0
LCAT	0	-0.3050095562253098	0
LCLAT1	0	-0.1611292189960324	0
LCMT1	0	-0.19586343045563562	0
LCN2	0	-0.2180758486273421	0
LCP1	0	-0.08902683170258466	1
LCP2	0	-0.06337479204370954	1
LDAH	0	-0.16125389230352632	0
LDB1	0	-0.2530628092865425	0
LDB3	0	-0.11214402839971713	0
LDHA	0	-0.15296597984658708	0
LDHB	0	-0.1170382942451234	0
LDHD	0	-0.22283151596974277	0
LDLR	0	-0.15201351423572124	0
LDLRAP1	0	-0.1779862020012823	0
LECT2	0	-0.24370651005328536	1
LEF1	0	-0.3617158728073734	0
LEMD2	0	-0.007189066549718182	1
LEMD3	0	-0.22600619258199547	0
LENG1	0	-0.5573110490652992	0
LENG8	0	-0.2758989564246402	1
LENG9	0	-0.4206282535948559	0
LEO1	0	-0.2025358433819358	0
LETM1	0	-0.17093806933505826	0
LETMD1	0	-0.29001282290701214	0
LGALS1	0	-0.11573699845566796	0
LGALS3	0	-0.10892722113270206	0
LGALS3BP	0	-0.10049751873727193	1
LGALS8	0	-0.23696807540924364	0
LGALS9	1	-0.02081089122578986	2
LGALSL	0	-0.12958956785763362	0
LGMN	0	-0.11769551540842323	0
LHPP	0	-0.05218008548274069	1
LIAS	0	-0.2634073221884612	0
LIG1	0	-0.12880676723948717	0
LIG3	0	-0.07630621530827	1
LIG4	0	-0.35891674687257974	0
LILRB1	0	-0.21622157465640593	0
LILRB4	0	-0.20040785233850072	0
LIMA1	0	-0.12805780708378892	1
LIMCH1	0	-0.04844554372055328	1
LIMD1	0	-0.12630904836037143	0
LIMD2	0	-0.15131330984353997	1
LIME1	0	-0.7432979493117753	0
LIMK1	0	-0.12876355060820727	0
LIMK2	0	-0.13805693095384988	0
LIMS1	1	0.028682759308202736	3
LIMS2	0	-0.08070157201908354	0
LIN54	0	-0.3883833045333548	1
LIN7A	0	-0.12830481007942968	0
LIN7C	0	-0.10599403552975561	1
LIN9	0	-0.5733765917369811	0
LIPA	0	-0.16700843233223261	0
LIPE	0	-0.4445020768353297	0
LIX1L	0	-0.07270189260646304	1
LLGL1	0	-0.1291247951648648	1
LLGL2	0	-0.13396104620688662	0
LMAN1	0	-0.19378143742392315	0
LMAN2	0	-0.2233175451752582	0
LMAN2L	0	-0.06107139778372782	1
LMBRD1	0	-0.33038039689128096	0
LMBRD2	0	-0.2776384422886638	0
LMCD1	0	-0.018212816741567977	1
LMF1	0	-0.4206759784441849	0
LMF2	0	-0.2486553669586577	0
LMNA	1	0.04492758143250809	3
LMNB1	0	0.011465466336602418	1
LMNB2	1	0.046371019206720904	3
LMO4	0	-0.26825590107187397	0
LMO7	0	-0.07907411471132808	0
LMOD1	0	-0.09778713160647397	0
LMTK2	1	-0.08712263557507174	2
LNPEP	0	-0.10897367107923142	0
LNPK	0	-0.2112384846796811	0
LONP1	0	-0.21244745659458597	0
LONP2	0	-0.2739189188838572	0
LOX	0	-0.08319492394329622	1
LOXL1	0	-0.158498555941532	0
LOXL2	0	-0.10072600028474869	0
LOXL3	0	-0.3121802219333422	0
LPA	0	-0.4057748621914067	0
LPCAT1	0	-0.05948462165974262	1
LPCAT2	0	-0.19494747836792034	0
LPCAT3	0	-0.21567635109616026	1
LPCAT4	0	-0.13580395741503481	0
LPGAT1	0	-0.04549743974860786	1
LPIN1	0	-0.3411032877509676	0
LPIN2	0	-0.21741101784975814	0
LPIN3	0	-0.3340077290942537	0
LPP	0	-0.12341789096151863	0
LPXN	0	-0.04856492434377898	1
LRBA	1	-0.08232287440592437	2
LRCH1	0	-0.11540322338220341	1
LRCH2	0	-0.17676191324651797	0
LRCH3	0	-0.23013768280927108	0
LRCH4	0	-0.13428122808105653	0
LRG1	0	-0.32190240591899705	0
LRIF1	0	-0.33056867858267774	0
LRMDA	0	-0.13222593400237165	0
LRP1	0	-0.06968560792502344	0
LRP10	0	-0.1631213872549563	0
LRP2	0	-0.3072486681132377	1
LRPAP1	0	-0.12805978494369358	0
LRPPRC	0	-0.2728301104766989	0
LRRC1	0	-0.09840929373783988	1
LRRC14	0	-0.344285194687811	0
LRRC17	0	-0.2515476467773228	0
LRRC20	0	-0.16684808496607956	0
LRRC25	0	-0.1757696847207842	0
LRRC32	0	-0.36289041596585236	0
LRRC40	0	-0.14540551309457173	0
LRRC41	0	-0.14862881951991486	1
LRRC42	0	-0.4162118564667104	0
LRRC45	0	-0.3579774068634025	0
LRRC47	0	-0.197355589801044	0
LRRC57	0	-0.11149252833781045	0
LRRC59	0	-0.11080626391991462	1
LRRC8A	0	-0.27077854101468124	0
LRRC8C	0	-0.15511955466662655	0
LRRC8D	0	-0.1687066541002027	1
LRRFIP1	0	-0.1714990590808273	1
LRRFIP2	0	-0.1316416732089009	0
LRRK2	0	-0.10035336478973286	0
LRSAM1	0	-0.18550648461574565	0
LRWD1	0	-0.16137667097831718	1
LSG1	0	-0.20950709781730695	0
LSM1	0	-0.34058805222719474	0
LSM12	0	-0.24903939936793487	0
LSM14A	0	-0.21164563015449572	0
LSM14B	0	-0.26155446784519293	0
LSM2	0	-0.2336614752514215	1
LSM3	0	-0.22631127403679474	0
LSM4	0	-0.2743734797939727	0
LSM5	0	-0.3408970040453692	0
LSM6	0	-0.1285749697682465	0
LSM7	0	-0.17572415026572358	0
LSM8	0	-0.1850172338926374	0
LSP1	0	-0.097042395259607	0
LSR	0	-0.27183872181556606	0
LSS	0	-0.22043914941335724	0
LTA4H	0	-0.08558724154673325	1
LTBP1	0	-0.1979265918609528	0
LTBP2	0	-0.008383969367770527	1
LTBP3	1	-0.04183405993468039	2
LTBP4	1	-0.06985712486170667	2
LTF	0	-0.17951184925843933	1
LTN1	0	-0.25823402204687096	0
LTV1	0	-0.25940676687373954	0
LUC7L	0	-0.042591207698070475	1
LUC7L3	0	-0.02774137480025376	0
LUM	0	-0.11752737696103017	1
LUZP1	0	-0.06912785757840142	1
LXN	0	-0.09365179418353789	0
LY6E	0	-0.15901379129311824	1
LY75	0	-0.07720992657576732	1
LYAR	0	-0.22699054237254276	0
LYN	0	-0.11891345334906749	0
LYPLA1	0	-0.05913778885421493	1
LYPLA2	0	-0.25491119954717856	0
LYPLAL1	0	-0.23936689293046992	0
LYRM1	0	-0.2277686860153474	0
LYRM2	0	-0.263544518373954	0
LYRM4	0	-0.28847787195141333	0
LYRM7	0	-0.28017169763060823	0
LYRM9	0	-0.24328093535562245	0
LYSMD1	0	-0.31813103996178416	0
LYSMD2	0	-0.09421602611336448	0
LYSMD3	0	-0.6836134461677286	0
LYST	0	-0.21069400172910058	0
LYVE1	0	-0.14557982862683735	0
LYZ	0	-0.1467459067097213	1
LZIC	0	-0.11070668686155156	1
LZTFL1	0	0.003027846805503715	1
LZTR1	0	-0.22887538842344118	0
LZTS2	0	-0.2937363325031552	0
LZTS3	0	-0.2504646148773218	0
M6PR	0	-0.2677684635639769	0
MACF1	0	-0.22872200791927272	0
MACO1	0	-0.13071374767804275	0
MACROD1	0	-0.11549491678310389	0
MACROD2	0	-0.06189491936933306	0
MAD1L1	1	-0.054355724583952145	2
MAD2L1	0	-0.11861714182534296	0
MAD2L1BP	0	-0.31697278334068796	0
MADD	0	-0.23447780614022634	0
MAEA	0	-0.2967773550519322	0
MAF1	0	-0.20299409538205074	1
MAFF	0	-0.16765336165364006	0
MAFG	0	-0.2182849679030172	0
MAGED1	0	-0.11280651931114878	0
MAGED2	0	-0.07825227523961811	0
MAGI1	0	-0.02349061722889702	0
MAGI3	0	-0.26382477870277377	0
MAGT1	0	-0.18353009061689546	0
MAIP1	0	-0.18258890853578613	0
MAK16	0	-0.12893037510016642	0
MALT1	0	-0.1810838212359262	0
MAMDC2	1	-0.06966923495088295	2
MAML1	0	-0.39651371554543097	0
MAML2	0	-0.17960638334215334	0
MAML3	0	-0.2393512775311522	0
MAN1A1	0	-0.2680674682550664	0
MAN1A2	0	-0.09547243615731438	1
MAN1B1	0	-0.08545992090356727	1
MAN1C1	0	-0.41821545673050425	0
MAN2A1	0	-0.1329812719823089	0
MAN2A2	0	-0.3147285819100505	0
MAN2B1	0	-0.19229616210921668	0
MAN2B2	0	-0.2891235350494895	0
MAN2C1	0	-0.25125573080083086	0
MANBA	0	-0.2372770542526494	0
MANBAL	0	-0.30880931370803627	0
MANEA	0	-0.3911693077291374	0
MANF	0	-0.21450851514906183	0
MAOA	0	-0.05459627338738966	0
MAOB	0	-0.05484283011713762	0
MAP1A	0	-0.05013974610426719	1
MAP1B	0	-0.0056612333740079564	1
MAP1S	0	-0.2007911423878717	0
MAP2	0	-0.02996339355459946	0
MAP2K1	0	-0.2231609349189744	0
MAP2K2	0	-0.26036453997469317	0
MAP2K3	0	-0.2390763690221937	0
MAP2K4	0	-0.21340890051414627	0
MAP2K5	0	-0.26669536010872297	0
MAP2K6	0	-0.19545761132195677	0
MAP2K7	0	-0.27085482823633594	0
MAP3K11	0	-0.34440095530706305	0
MAP3K2	0	-0.2593134903691733	0
MAP3K20	0	-0.13128408057441515	0
MAP3K3	0	-0.2765287331877107	0
MAP3K4	0	-0.3717749588575915	0
MAP3K5	0	-0.11187557996097905	0
MAP3K6	0	-0.15600320925453914	0
MAP3K7	0	-0.1843104023520464	0
MAP4	1	-0.07020153555337523	2
MAP4K2	0	-0.3044580572915406	0
MAP4K3	0	-0.24220962951528113	0
MAP4K4	0	-0.07986722405821019	1
MAP4K5	0	-0.10877154901481526	0
MAP6	0	-0.2168721136432688	0
MAP7	0	-0.09310486212913897	0
MAP7D1	0	-0.08406719192112562	1
MAP7D3	0	-0.27280150006645343	0
MAP9	0	-0.20231045868199277	0
MAPK1	0	-0.20535175876134742	1
MAPK12	0	-0.2441930247994449	0
MAPK13	0	-0.14318937809316906	0
MAPK14	0	-0.14278003711252035	1
MAPK3	0	-0.21639572953166608	1
MAPK7	0	-0.37215901412095215	0
MAPK8	0	-0.254732327641605	0
MAPK8IP3	0	-0.14527440633224908	1
MAPK9	0	-0.12055225298107346	1
MAPKAP1	1	-0.16796532559758576	2
MAPKAPK2	0	-0.10318248166378999	0
MAPKAPK3	1	-0.053115691242934714	2
MAPKBP1	0	-0.5845718145789909	0
MAPRE1	0	-0.12434346881824807	0
MAPRE2	0	-0.06795327137422635	0
MAPRE3	0	-0.13796362551174757	0
MAPT	0	-0.1541023741398885	0
MARCKS	0	-0.09201042940292051	1
MARCKSL1	0	-0.07746112906717625	1
MARF1	0	-0.38697989480385353	0
MARK1	0	-0.18322848162671337	0
MARK2	0	-0.3373360828172985	0
MARK3	0	-0.1546978999513491	0
MARS2	0	-0.28520097978182374	0
MASP1	0	-0.19168828617591802	0
MASP2	0	-0.4385430454848473	1
MAST2	0	-0.19189061054033543	0
MAST3	0	-0.35706621337648714	0
MAST4	0	-0.10730560779984562	1
MAT2A	0	-0.18965431881944625	0
MAT2B	0	-0.176703773726491	0
MATN2	0	-0.10589891317842129	1
MATR3	1	-0.0080793225283811	2
MAU2	0	-0.33322305398093083	0
MAVS	0	-0.08439523902482786	1
MAX	0	-0.1941851810744701	0
MAZ	1	-0.0160627731256321	3
MB	0	-0.1967672277685656	0
MB21D2	0	-0.14748821690407654	0
MBD1	0	-0.18583462980803192	1
MBD2	0	-0.1531120896583682	1
MBD3	0	-0.01983895962168286	1
MBD4	0	-0.40911669201910666	1
MBIP	0	-0.20646918870789993	0
MBL2	0	-0.28781797214471194	1
MBLAC1	0	-0.3922402696864915	0
MBLAC2	0	-0.1386122901410221	0
MBNL1	0	-0.10619358649833002	1
MBNL2	0	-0.07325862461802997	1
MBNL3	0	-0.17958845596696527	1
MBOAT2	0	-0.27019041510422676	1
MBOAT7	0	-0.09566615637841672	0
MBP	0	-0.13538536940521237	0
MCAM	0	-0.06478280972256495	1
MCAT	0	-0.3181714739778717	0
MCC	0	-0.12453123280679519	0
MCCC1	0	-0.17424760263747788	0
MCCC2	0	-0.19899094199144438	0
MCEE	0	-0.20270053303582142	0
MCF2L	0	-0.06745227726769912	0
MCFD2	0	-0.28241759621758267	0
MCL1	0	-0.33265314361879306	0
MCM2	0	-0.1293120418338329	0
MCM3	0	-0.128823868625881	1
MCM3AP	0	-0.21771229516143364	1
MCM4	0	-0.0927159380259363	1
MCM5	0	-0.17572694495907976	0
MCM6	0	-0.09099648186148776	1
MCM7	0	-0.11386543821570416	1
MCMBP	0	-0.19668154933917098	0
MCRIP1	0	-0.1949332780785213	0
MCRIP2	0	-0.37718675339604874	1
MCRS1	0	-0.1591065170846349	0
MCTS1	0	-0.1554004303313246	1
MCU	0	-0.15313505002516642	0
MCUB	0	-0.22968484532889524	0
MCUR1	0	-0.22554019952916154	0
MDC1	0	-0.08523878515915288	1
MDH1	1	-0.11885130433715956	2
MDH2	0	-0.18760165475441956	0
MDK	0	-0.11136341389942579	1
MDM1	0	-0.18435653120218848	0
MDN1	0	-0.18414565551613693	1
ME1	0	-0.0429837510027719	1
ME2	0	-0.1773540615386198	0
ME3	0	-0.13869508257883306	0
MEA1	0	-0.14573035343757934	1
MEAF6	0	-0.3424591697045092	0
MEAK7	0	-0.32039037808101783	0
MECOM	0	-0.4598076752166561	0
MECP2	0	-0.15602224726574304	1
MECR	0	-0.24213480793386372	0
MED1	0	-0.0998988021071608	0
MED10	0	-0.24954929778260754	0
MED11	0	-0.259389386970125	0
MED12	0	-0.38491849894227625	0
MED13	0	-0.3329038726936524	0
MED13L	0	-0.33907119331331653	0
MED14	0	-0.21540163579486013	0
MED15	0	-0.304472682031057	1
MED16	1	-0.008333283617801338	2
MED17	0	-0.3458582652480715	0
MED18	0	-0.028740367439300855	1
MED20	0	-0.25255406789861257	0
MED21	0	-0.2504659805962598	0
MED22	0	-0.17551523375628847	0
MED23	1	-0.0522883141536831	3
MED24	0	-0.16619315654301067	1
MED25	0	-0.31194529143009575	0
MED26	0	-0.7162952430695477	0
MED27	0	-0.21590119001281938	0
MED28	0	-0.30624894609312325	0
MED29	0	-0.16212556985820484	0
MED30	0	-0.32435429710300634	1
MED31	0	-0.4840517804116241	0
MED4	0	-0.2888850605836505	0
MED6	0	-0.140455470694803	0
MED7	0	-0.39472269704022384	0
MED8	1	0.0031391708476564916	2
MED9	0	-0.6585931697726617	0
MEF2A	0	-0.2845694205915387	0
MEF2C	0	-0.2504279267779883	0
MEF2D	0	-0.32782613787261605	0
MEGF8	0	-0.26086062581829944	0
MEGF9	0	-0.23085836847463162	0
MEIS1	0	-0.09094328638133307	0
MELTF	0	-0.01358201107247486	0
MEMO1	0	-0.14068085374067202	0
MEN1	1	0.0649279189080337	2
MEPCE	0	-0.10067977179424456	1
MERTK	0	-0.3859533633440059	0
MESD	0	-0.16834009395026048	0
MEST	0	-0.350362597245326	0
MET	0	-0.11609953405927946	0
METAP1	0	-0.2362297202748654	0
METAP1D	0	-0.3928065992667743	0
METAP2	0	-0.22332563582417175	0
METTL1	0	-0.17382252323923628	1
METTL14	0	-0.08841425640752736	0
METTL15	0	-0.31572717009302853	0
METTL16	0	-0.13724274272975062	0
METTL17	0	-0.36788553449705286	0
METTL26	0	-0.24363720225828045	0
METTL2B	0	-0.2389810635173723	0
METTL3	0	-0.16026057635042182	0
METTL5	0	-0.26192577576403825	0
METTL7A	0	-0.19050162855146377	0
METTL7B	0	-0.08159888720511754	0
METTL9	0	-0.2708297274391659	0
MFAP1	0	-0.04006399741918039	1
MFAP2	0	-0.2059529087341176	0
MFAP4	0	-0.1435652006876618	1
MFAP5	0	-0.1751786143743689	1
MFF	0	-0.23774332454999564	0
MFGE8	1	0.012997105839207527	2
MFHAS1	0	-0.6147944431658564	0
MFN1	0	-0.13589551288672325	1
MFN2	0	-0.16638958598566936	0
MFSD10	0	-0.296746842511303	0
MFSD4B	0	-1.4487144592486438	0
MFSD6	0	-0.2876278582493521	0
MGA	0	-0.1271696467744099	1
MGAM	0	-0.11442584474436812	0
MGAT1	0	-0.10758891974034793	1
MGAT2	0	-0.2667841258730936	0
MGAT5	0	-0.257931143813832	1
MGLL	0	-0.09807155053224652	0
MGME1	0	-0.1905414416815963	0
MGMT	0	-0.12180551602462705	1
MGP	0	-0.13929749144212572	0
MGRN1	0	-0.25093642699720553	0
MGST1	0	-0.10062125988518045	0
MGST2	0	-0.2004718728806933	0
MGST3	0	-0.10194532091702031	0
MIA2	0	-0.13895229609569654	0
MIA3	0	-0.15239724508610505	0
MIB1	0	-0.24767821363956571	0
MIB2	0	-0.27314184107370315	0
MICAL1	0	-0.22399501462016333	0
MICAL2	0	-0.26645427137080946	0
MICAL3	0	-0.04004942290622741	1
MICALL1	0	-0.23993567165830604	0
MICALL2	0	-0.09572151380108741	1
MICU1	0	-0.18362490852358787	0
MICU2	0	-0.27397870817648096	1
MID1	0	-0.0840945445573145	0
MID1IP1	0	-0.20446839339193396	0
MID2	0	-0.22630529863593743	1
MIEF1	0	-0.19559851771291786	1
MIEN1	0	-0.06873880528433483	0
MIER1	0	-0.2884550560488764	0
MIF	0	-0.07245880683968677	1
MIF4GD	0	-0.2955122378599798	0
MIGA1	0	-0.3736307282143466	1
MIGA2	0	-0.891612473417616	0
MINDY1	0	-0.12632513431857947	0
MINDY2	0	-0.2636892595300778	1
MINDY3	0	-0.1484184825883325	0
MINDY4	0	-0.4581824724129325	0
MINK1	0	0.0027437313907419493	1
MINPP1	0	-0.1739640644441099	0
MIOS	0	-0.0660252381583684	1
MIPEP	0	-0.16997556914679082	0
MIS12	0	-0.19716043334664773	0
MISP3	0	-0.13172930622570606	1
MITD1	0	-0.5194194527033249	0
MITF	0	-0.19725591213434818	0
MKI67	0	-0.23926264852863252	0
MKLN1	0	-0.3575346294983405	0
MKNK1	0	-0.19694629571941635	0
MKRN1	0	-0.18040777183105372	0
MKRN2	0	-0.0839206054923504	1
MLEC	0	-0.12446102358178346	0
MLF2	0	-0.25994802174945636	0
MLH1	0	-0.09658029785004757	0
MLKL	0	-0.10105336804332585	0
MLLT1	0	-0.245398564851346	0
MLLT6	0	-0.30519348122548917	0
MLST8	0	-0.2136730668846	0
MLX	0	-0.3192426294979167	0
MLXIP	0	-0.39996306786039537	0
MLYCD	0	-0.1870778559319596	0
MMAA	0	-0.24895965492635524	0
MMAB	0	-0.2314037653114119	0
MMADHC	0	-0.44061158639641534	0
MME	0	-0.12353397446410211	0
MMGT1	0	-0.2759483662280054	1
MMP14	0	-0.16597298618775852	0
MMP19	0	-0.3227631639742386	0
MMP2	0	-0.08852311990644757	0
MMP24OS	0	-0.7892926900677733	0
MMP7	0	-0.13799133393366195	0
MMP8	0	-0.11740865572605912	1
MMP9	0	-0.1638812894620885	1
MMRN1	0	-0.20074413482611053	0
MMRN2	0	-0.13347856498940294	0
MMS19	0	-0.19066946695996206	0
MNAT1	0	-0.2585286256933171	1
MNDA	0	-0.07361366113587461	1
MNT	0	-0.43522454584032866	0
MOB1A	0	-0.09649724806159617	1
MOB2	0	-0.23721505998812087	1
MOB3A	0	-0.19862854225319687	0
MOB3B	0	-0.15505497502682358	0
MOB3C	0	-0.23527358369758655	0
MOB4	0	-0.12987743647370997	0
MOCS1	0	-0.05139085358105285	1
MOCS2	0	-0.13260985765667319	0
MOCS3	0	-0.17621418096357017	0
MOGS	0	-0.12556414731372442	1
MON1A	0	-0.3903387990065985	0
MON1B	0	-0.16244111848020149	1
MON2	0	-0.17514298847628945	0
MORC2	0	-0.15654146548882086	0
MORC3	0	-0.13510687646494585	1
MORF4L1	1	-0.07575855532948284	2
MORF4L2	0	-0.12318932342157922	0
MOSPD2	0	-0.16007218504767737	1
MOV10	0	-0.24860225286606039	0
MOXD1	0	-0.09505216155914079	0
MPC2	0	-0.2813093142879892	0
MPDU1	0	-0.24982077250916618	0
MPDZ	0	-0.2189032530753589	0
MPG	0	-0.1585820899317371	1
MPHOSPH10	0	-0.1661407592692165	1
MPHOSPH6	0	-0.2228369974210466	1
MPHOSPH8	0	-0.23150841360632884	1
MPI	0	-0.13740862543515645	0
MPLKIP	0	-0.2301918561283362	0
MPO	0	-0.1380393354065502	1
MPP1	0	-0.08349599338176691	0
MPP2	0	-0.21041483122803584	0
MPP5	0	-0.16028891806071224	0
MPP6	0	-0.021173320786735242	1
MPP7	0	-0.10994574069681473	1
MPRIP	1	-0.032761830771700584	2
MPST	0	-0.09856509842671325	0
MPV17	0	-0.18232625717314516	0
MPZL1	0	-0.2015613468083716	0
MRAS	0	-0.2052038526717086	0
MRC1	0	-0.09766364251116627	0
MRC2	0	-0.1078152732361662	0
MRE11	0	-0.2955964040732745	0
MRGBP	0	-0.35584699397225555	0
MRI1	0	-0.19364930685430531	0
MRM1	0	-0.3990958683301843	0
MRM3	0	-0.32864459329642287	0
MRNIP	0	-0.24550122624132958	0
MROH1	0	-0.22386570681943016	0
MRPL1	0	-0.20969217252095662	0
MRPL10	0	-0.2561492429487377	0
MRPL11	0	-0.3657034267923172	0
MRPL12	0	-0.257995390444836	0
MRPL13	0	-0.260272843075521	0
MRPL14	0	-0.39142756712170745	0
MRPL15	0	-0.3023824156397913	0
MRPL16	0	-0.35501210260542376	0
MRPL17	0	-0.28376113398612873	0
MRPL18	0	-0.3275255488439337	0
MRPL19	0	-0.37321755348388697	0
MRPL2	0	-0.2998930627599553	0
MRPL20	0	-0.2640068826104852	0
MRPL21	0	-0.275621515852431	0
MRPL22	0	-0.3478300060928422	0
MRPL23	0	-0.4448419200675522	0
MRPL24	0	-0.3246830373709793	0
MRPL27	0	-0.37899052086889057	0
MRPL28	0	-0.2805342950032555	0
MRPL3	0	-0.38820744099056725	0
MRPL30	0	-0.3079033827826131	0
MRPL32	0	-0.37539319653953723	0
MRPL33	0	-0.49350996690695464	0
MRPL34	0	-0.25501417008961286	0
MRPL35	0	-0.42891762868669225	0
MRPL37	0	-0.39821855429499375	0
MRPL38	0	-0.365803120879795	0
MRPL39	0	-0.29182167369172507	0
MRPL4	0	-0.19688474718172796	0
MRPL40	0	-0.2826505296274565	0
MRPL41	0	-0.33391721491258985	0
MRPL42	0	-0.3111771994144984	0
MRPL43	0	-0.34956298046125306	0
MRPL44	0	-0.3566036709417093	0
MRPL45	0	-0.3384719002546463	0
MRPL46	0	-0.3553628307712644	0
MRPL47	0	-0.2325540197828405	0
MRPL48	0	-0.3551968396465976	0
MRPL49	0	-0.38102980600630915	0
MRPL50	0	-0.37425827341198314	0
MRPL51	0	-0.4749603966869581	0
MRPL52	0	-0.3862048989424093	0
MRPL53	0	-0.44152043901787047	0
MRPL54	0	-0.31735343465498805	0
MRPL55	0	-0.3698186389908353	0
MRPL58	0	-0.3575484890116589	0
MRPL9	0	-0.3458024955663358	0
MRPS10	0	-0.1935536194776178	0
MRPS11	0	-0.29506598555331587	0
MRPS12	0	-0.2946342110244572	0
MRPS14	0	-0.3926860599330201	0
MRPS15	0	-0.2566860736066074	0
MRPS16	0	-0.32027064713060227	0
MRPS17	0	-0.3382445638147795	0
MRPS18A	0	-0.32704609576683386	0
MRPS18B	0	-0.2666632866834625	0
MRPS18C	0	-0.3301216935323382	0
MRPS2	0	-0.2152955974695117	0
MRPS21	0	-0.37460097346812987	0
MRPS22	0	-0.24988287913206478	0
MRPS23	0	-0.2799675604648038	0
MRPS24	0	-0.2875385612813422	0
MRPS25	0	-0.26841689746330205	1
MRPS26	0	-0.24856561653744907	0
MRPS27	0	-0.2665317443762327	0
MRPS28	0	-0.30215552971426807	0
MRPS30	0	-0.47801972782664437	0
MRPS31	0	-0.28931863652689216	0
MRPS33	0	-0.19272745606685668	0
MRPS34	0	-0.2824381699041442	1
MRPS35	0	-0.3069621790307685	0
MRPS36	0	-0.27733196460717774	0
MRPS5	0	-0.25567888181632437	0
MRPS6	0	-0.25164251505828594	0
MRPS7	0	-0.26000578137978536	0
MRPS9	0	-0.2865656766208524	0
MRRF	0	-0.11666254071834178	1
MRTFA	0	-0.22556256731960822	0
MRTFB	0	-0.24116678253134935	0
MRTO4	0	-0.16668569453601118	1
MSANTD2	0	-0.5590799484992577	0
MSH2	0	-0.12784592928827468	0
MSH3	0	-0.16338823813979897	1
MSH6	0	-0.08591668245975678	0
MSI1	0	-0.15400600374786938	0
MSI2	0	-0.024496801654266098	1
MSL1	0	-0.37258115554868826	0
MSL2	0	-0.5494051730561003	0
MSMO1	0	-0.2518807162780971	0
MSN	0	-0.07863372448515159	0
MSR1	0	-0.22577295011964144	0
MSRA	0	-0.13356395868301543	0
MSRB1	0	-0.8155305755373732	0
MSRB2	0	-0.13862022772375598	1
MSRB3	0	-0.11073780883539985	0
MST1	0	-0.3636772035046025	0
MSTO1	0	-0.1596885091484967	0
MT1E	0	-0.17500159416667163	1
MT1F	0	-0.15199188385708545	0
MT1X	0	-0.17301946562883802	1
MT2A	0	-0.21241169621586833	1
MTA1	0	-0.11208302954309816	1
MTA2	0	-0.18861371351819262	1
MTA3	0	-0.14266221173838725	1
MTAP	0	-0.03072127891962456	1
MTCH1	0	-0.15177135325643895	1
MTCH2	0	-0.09260563747527266	1
MTCL1	0	-0.21783439433945512	0
MTDH	0	-0.16677994088389791	0
MTERF3	0	-0.24682377970226527	0
MTERF4	0	-0.3729791686553049	0
MTFMT	0	-0.29699227732753714	0
MTFR1	0	-0.10434886793430156	1
MTFR1L	0	-0.217196731643499	0
MTG1	0	-0.5225426334174104	0
MTG2	0	-0.40455595317377024	0
MTHFD1	0	-0.13133648439394302	0
MTHFD1L	0	-0.17037275302639115	0
MTHFD2	0	-0.15242485084502494	0
MTHFR	0	-0.2274362526333058	0
MTHFS	0	-0.23713537227634135	0
MTHFSD	0	-0.25241530530300993	0
MTIF2	0	-0.3119473957504791	0
MTIF3	0	-0.22436898205154093	0
MTM1	0	-0.11145950778169653	0
MTMR1	0	-0.0614766396235362	1
MTMR10	0	-0.07715158103415412	1
MTMR11	0	-0.5304130631146141	0
MTMR12	0	-0.13197666930292964	0
MTMR14	0	-0.2238149026361101	0
MTMR2	0	-0.14075054864697295	0
MTMR3	0	-0.2178211128570838	0
MTMR6	0	-0.24717660073005693	0
MTMR9	0	-0.219608305869137	0
MTO1	0	-0.35903369794957374	0
MTOR	0	-0.22229025000736718	0
MTPAP	0	-0.3228325395107622	0
MTPN	0	-0.1968249915711126	1
MTR	1	-0.04146901845688273	2
MTREX	1	-0.03095533287000731	2
MTRF1	0	-0.3238995489634886	0
MTRF1L	0	-0.4295950020573159	0
MTRR	0	-0.17804613064548486	1
MTSS1	0	-0.11757281278267492	0
MTURN	0	-0.1817122547294413	0
MTUS1	0	-0.13621894415277305	0
MTX1	0	-0.08523628795874515	1
MTX2	0	-0.22784214263762056	0
MTX3	0	-0.19310836756240057	1
MUC1	0	-0.18796214219445861	1
MUL1	0	-0.42991667010898765	0
MVB12A	0	-0.2623506659553227	0
MVB12B	0	-0.5130655619909754	0
MVD	0	-0.25993455679348104	0
MVK	0	-0.1480328869160441	0
MVP	0	-0.05907102786321614	1
MX1	0	-0.09203273735793435	0
MX2	0	-0.09323043194691812	0
MXRA5	0	-0.08630055234218317	0
MXRA7	0	-0.09765336484118962	1
MXRA8	0	-0.30818295030058185	0
MYADM	0	-0.3116800871857957	0
MYBBP1A	1	-0.053547757911152294	3
MYCBP	0	-0.16459807020195422	0
MYCBP2	0	-0.25462357995894475	0
MYD88	0	-0.2885453596699908	0
MYDGF	0	-0.2327316403627183	0
MYEF2	0	-0.06917338569859775	0
MYH10	0	-0.11175938942421235	0
MYH11	0	-0.11262477922456593	0
MYH14	0	-0.052905994629049255	1
MYH9	0	-0.12478896023916927	0
MYL12A	0	-0.13305649467163602	0
MYL4	0	-0.20364117151481093	0
MYL6	0	-0.05891385108158852	1
MYL6B	0	-0.0931862513525289	1
MYL9	0	-0.1377733867539316	0
MYLK	0	-0.06599019055868795	0
MYO10	0	-0.23495868524119778	0
MYO18A	0	-0.09811315371226369	0
MYO19	0	-0.21436402519292436	1
MYO1B	0	-0.11101514601790863	0
MYO1C	0	-0.050591503091888104	1
MYO1D	1	-0.015579649049866463	2
MYO1E	0	-0.16863913130055885	0
MYO1F	0	-0.06640260511747635	1
MYO1G	0	-0.07536784325166508	0
MYO5A	0	-0.09745988318225568	1
MYO5B	0	-0.07022576705568404	0
MYO5C	0	-0.0774383545423992	0
MYO6	0	-0.07271766531393126	0
MYO9A	0	-0.2761991695392035	0
MYO9B	0	-0.17950997875987013	0
MYOF	0	-0.15898723468213627	0
MYSM1	0	-0.5583853519259337	0
MZB1	0	-0.10988077791019912	0
MZT1	0	-0.1749758086133544	0
MZT2B	0	-0.4820062275439666	0
N4BP1	0	-0.24682004058373103	0
N4BP2	0	-0.1470053189298938	1
N4BP2L1	0	-0.399046251528144	0
N4BP2L2	0	-0.23786833314388295	0
N6AMT1	0	-0.2870337407331425	0
NAA10	0	-0.10703999910169718	1
NAA15	0	-0.1774148332991545	1
NAA16	0	-0.18860495651566495	0
NAA20	0	-0.3970579718674892	0
NAA25	0	-0.1603089269309242	0
NAA30	0	-0.35723016656551854	0
NAA35	0	-0.3293709413241546	1
NAA38	0	-0.3057036043183977	0
NAA40	0	-0.19883255089732685	0
NAA50	0	-0.17749325561442791	0
NAA80	0	-0.2935735269676533	0
NAAA	0	-0.2052524447772289	0
NAALADL2	0	-0.1937350388210392	0
NAB1	0	-0.2878667008291881	0
NAB2	0	-0.2059288561333422	0
NABP2	0	-0.3161868234136288	0
NACA	1	-0.07768885943516457	2
NACC1	0	-0.21770297870075953	0
NADK	0	-0.12802035451881225	0
NADK2	0	-0.22017259791001687	0
NADSYN1	0	-0.32368223000414115	0
NAE1	0	-0.2897707022685422	0
NAF1	0	-0.2946579025968483	0
NAGA	0	-0.18887470337884707	1
NAGK	0	-0.1549162643444731	0
NAGLU	0	-0.26184303767101874	1
NAGPA	0	-0.47652495232990333	0
NAIP	0	-0.0970577958841288	1
NAMPT	0	-0.09909833832108951	0
NANP	0	-0.19182543416653858	0
NANS	0	-0.14819778021626928	0
NAP1L1	0	-0.02886274301330698	1
NAP1L4	0	-0.17908534961019837	0
NAPA	0	-0.23778772585230454	0
NAPB	0	-0.20688694601245264	1
NAPEPLD	0	-0.1659256368933702	0
NAPG	0	-0.15944297554402995	0
NAPRT	0	-0.13049867433310586	0
NARF	0	-0.10876840128629597	0
NARS2	0	-0.21406896422028393	0
NASP	1	-0.05097965952178178	2
NAT1	0	-0.17975783132937617	0
NAT10	0	-0.0824175331809052	1
NAT14	0	-0.30973108850333075	0
NAV1	0	-0.10646020977878079	0
NAV2	0	-0.30222755434429227	0
NAXD	1	-0.02127423298185725	3
NAXE	0	-0.17128824521188252	0
NBAS	0	-0.31556985761987527	0
NBDY	0	-0.17162029122034067	0
NBEA	0	-0.1630053765538398	0
NBEAL1	0	-0.05199578771573674	1
NBEAL2	0	-0.1498026988125628	0
NBN	0	-0.2954811960348981	0
NBR1	0	-0.15472065156965314	0
NCALD	0	-0.1395872185008617	0
NCAM1	0	-0.09876418788727598	0
NCAPD2	0	-0.16704283199934256	0
NCAPD3	0	-0.3241023137816892	0
NCAPG	0	-0.16370228744040705	0
NCAPG2	0	-0.30524047707402324	0
NCAPH	0	-0.17548456489983394	0
NCAPH2	0	-0.27317991353780485	1
NCBP1	1	-0.08398716885729693	2
NCBP2	0	-0.08615350116168181	1
NCBP3	0	-0.20732392117654083	0
NCDN	0	-0.17504058507382328	0
NCEH1	0	-0.05111756328977836	1
NCF1	0	-0.05943951809856348	1
NCF2	0	-0.07211517462500336	1
NCF4	1	-0.05483000012526834	2
NCK1	0	-0.07101294423936978	1
NCK2	0	-0.09872863493535154	0
NCKAP1	0	-0.06829539465604076	0
NCKAP1L	0	-0.0709701958866703	0
NCKAP5L	0	-0.3036787858477952	0
NCKIPSD	0	-0.3251380233480457	0
NCL	0	-0.19964462902472704	0
NCLN	0	-0.12637649857086158	1
NCOA1	0	-0.22927157208788942	1
NCOA2	0	-0.15032183022083961	0
NCOA3	0	-0.35589164781563454	0
NCOA5	0	-0.25725920319046464	0
NCOA6	0	-0.19164015988845312	1
NCOA7	0	-0.11542324240491511	0
NCOR1	0	-0.10130695502052545	0
NCOR2	0	-0.11603430173109257	1
NCS1	0	-0.27833024785512683	0
NCSTN	1	-0.10718315824812544	2
NDC1	0	-0.10803116208762172	0
NDE1	0	-0.09906683415515322	1
NDEL1	0	-0.21472038298755658	0
NDOR1	0	-0.2922041366147936	0
NDRG1	0	-0.11172738543012803	0
NDRG2	0	-0.061908749523629	0
NDRG3	0	-0.1311163271542696	1
NDST1	0	-0.4434948794583257	0
NDUFA1	0	-0.3585205612695773	0
NDUFA10	0	-0.2863224728357609	0
NDUFA11	0	-0.4051396535825623	0
NDUFA12	0	-0.22269635825362877	0
NDUFA13	0	-0.22270232468745613	0
NDUFA2	0	-0.21238603174798776	0
NDUFA3	0	-0.2935517839683569	0
NDUFA4	0	-0.2866208840336818	0
NDUFA4L2	0	-0.1963990027706621	0
NDUFA5	1	-0.07200247974062521	2
NDUFA6	0	-0.2851004099391987	0
NDUFA7	0	-0.29009667385974136	0
NDUFA8	0	-0.20145607583359645	0
NDUFA9	0	-0.32754381179865766	0
NDUFAB1	0	-0.2021370383839586	1
NDUFAF1	0	-0.32998334563349263	0
NDUFAF2	0	-0.2742106371936057	0
NDUFAF3	0	-0.36737039816979455	0
NDUFAF4	0	-0.20964764567908928	1
NDUFAF5	0	-0.25735987206881616	0
NDUFAF6	0	-0.20509017876807153	1
NDUFAF7	0	-0.3671802718081844	0
NDUFAF8	0	-0.2698528005189804	0
NDUFB1	0	-0.23733505376979033	0
NDUFB10	0	-0.2259228711925177	0
NDUFB11	0	-0.28669061306897325	0
NDUFB2	0	-0.25563257739684025	0
NDUFB3	0	-0.21595456320111697	0
NDUFB4	0	-0.30966844745054917	0
NDUFB5	0	-0.13635503589156492	1
NDUFB6	0	-0.2949769293972214	0
NDUFB7	0	-0.32100747550326036	0
NDUFB8	0	-0.2955594060222565	0
NDUFB9	0	-0.2864406011817907	0
NDUFC1	0	-0.5567188996771513	0
NDUFC2	0	-0.1275215294571201	0
NDUFS1	0	-0.343515611472745	0
NDUFS2	0	-0.28428393348615927	0
NDUFS3	0	-0.2998859182208538	0
NDUFS4	0	-0.2559111024755687	0
NDUFS5	0	-0.27021078268169485	0
NDUFS6	0	-0.24726807850609328	0
NDUFS7	0	-0.2899511428786537	0
NDUFS8	0	-0.27945341047270217	0
NDUFV1	0	-0.31410210599336436	0
NDUFV2	0	-0.23681446378862364	0
NDUFV3	0	-0.3702872729646487	0
NEBL	0	-0.042339955591082216	0
NECAP1	0	-0.1611700171521558	0
NECAP2	0	-0.09352548638253748	1
NECTIN1	0	-0.24222231583306736	0
NECTIN2	0	-0.16520209529890334	1
NECTIN3	0	-0.3079875525870472	0
NEDD1	0	-0.1593892885524021	0
NEDD4	0	-0.1818838135761172	0
NEDD4L	0	-0.1775525540478463	0
NEDD8	0	-0.20672315717884965	0
NEDD9	0	-0.19699189601848902	0
NEFL	0	-0.12445911354504065	0
NEGR1	0	-0.08546670927955968	0
NEIL2	1	-0.1310971025633271	2
NEK1	0	-0.26806502284613754	0
NEK3	0	-0.17255727952904257	0
NEK4	0	-0.35073196068968604	0
NEK6	0	-0.22261389207242283	0
NEK7	0	-0.202214645722201	1
NEK9	0	-0.21166564518786476	0
NELFA	0	-0.028832084017220698	0
NELFB	1	0.0092579011045638	2
NELFCD	0	-0.15854973361415267	0
NELFE	0	0.04173387791539533	1
NEMF	0	-0.2143111934096149	0
NEMP1	0	-0.12885942768451944	0
NENF	0	-0.14162386472360974	0
NEO1	0	-0.274671626051917	0
NEPRO	0	-0.28408482538264834	0
NES	0	-0.017901283250780064	1
NEU1	0	-0.12751239762025202	0
NEURL4	0	-0.3182030834195216	0
NEXN	0	-0.10422459850094026	1
NF1	0	-0.11273089656785444	0
NF2	0	-0.1215591428933875	1
NFAT5	0	-0.23421639774501918	0
NFATC1	0	-0.1519198001532708	1
NFATC2	0	-0.04657491952882886	1
NFATC2IP	0	-0.18891427528793545	1
NFATC3	0	-0.17950211332138513	0
NFATC4	0	-0.12830350789400644	0
NFIA	0	-0.034522911943554245	1
NFIB	1	0.006911064621559738	3
NFIC	1	0.013870246592410979	3
NFIX	1	0.015185715082713122	4
NFKB1	0	-0.03560103830576982	1
NFKB2	0	-0.17213289920434433	0
NFKBIA	0	-0.24894278309602816	0
NFKBIB	0	-0.17886648536272162	1
NFKBIE	1	-0.05014656940350788	2
NFKBIL1	0	-0.37800317667459893	0
NFRKB	0	-0.15726599370910907	0
NFS1	0	-0.1044718620497472	0
NFU1	0	-0.17910771780908452	1
NFX1	0	-0.18307746052337737	0
NFXL1	0	-0.2345099198481459	0
NFYA	0	-0.32864140177067047	0
NFYB	0	-0.33594874691333887	0
NFYC	0	-0.09869989185585452	1
NGDN	0	-0.2177879297990371	0
NGLY1	0	-0.2888507510329039	0
NGRN	0	-0.3808655169318132	0
NHEJ1	0	-0.1561829905598629	0
NHLRC2	0	-0.22855118253854517	0
NHLRC3	0	-0.287604673402006	0
NHP2	0	-0.29904747478649046	0
NHS	0	-0.12614570711371734	0
NHSL1	0	-0.3221816088757282	0
NHSL2	0	-0.1534915090758904	0
NID1	0	-0.054865551982621975	1
NID2	0	-0.06554381527299055	1
NIF3L1	0	-0.20902751579840112	0
NIFK	0	-0.19239928835896952	0
NIN	0	-0.21540086135909403	0
NINJ1	0	-1.315683841895011	0
NIP7	0	-0.12632507080711525	1
NIPBL	0	-0.16582037984527193	1
NIPSNAP1	0	-0.22840342367459288	0
NIPSNAP2	0	-0.20209576829287154	0
NIPSNAP3A	0	-0.16966525523923562	1
NISCH	0	-0.14939088852900118	0
NIT1	0	-0.25731783280374076	0
NIT2	0	-0.17201820210988578	0
NKAP	0	-0.240117313875934	0
NKAPD1	0	-0.5466043538110664	0
NKIRAS1	0	-0.28976745339521115	0
NKIRAS2	0	-0.1911340601472	1
NKRF	0	-0.13960244765343782	1
NKTR	0	-0.37055220975412856	0
NLE1	0	-0.15085971833626682	0
NLN	0	-0.19465882409881233	0
NLRC4	0	-0.45242972554153293	0
NLRX1	0	-0.1929119153386442	0
NMD3	0	-0.19883947839089303	0
NME1	0	-0.1315926819726913	0
NME2	0	-0.1078518486256503	0
NME3	0	-0.06449530170755971	1
NME6	0	-0.40369619474859936	0
NME7	0	-0.16886387330825386	0
NMI	0	-0.11280688386343293	1
NMNAT1	0	-0.16076199116724604	0
NMNAT3	0	-0.11712363737240258	1
NMRAL1	0	-0.22554179384329362	0
NMRK1	0	-0.1784658020336764	0
NMT1	0	-0.1917356352360615	0
NMT2	0	-0.1955544478775335	0
NNMT	0	-0.011732969653749661	1
NNT	0	-0.21935072943025555	0
NOA1	0	-0.3421222037957614	0
NOB1	0	-0.2217313729227291	0
NOC2L	1	-0.10119964700861836	2
NOC3L	0	-0.26274029730055215	0
NOC4L	0	-0.18739096026763993	0
NOCT	0	-0.591348933674453	0
NOL10	0	-0.10308796157536344	1
NOL11	1	-0.04045051521141459	2
NOL12	0	-0.4782807542095956	0
NOL3	0	-0.1608069832404987	0
NOL4L	0	-0.345613963911851	0
NOL6	0	-0.10882382350137879	0
NOL7	0	-0.3327881092062883	0
NOL8	0	-0.2152397625468562	1
NOL9	0	-0.22243143325934706	1
NOLC1	0	-0.15654424221694677	1
NOM1	0	-0.17974930137879125	1
NONO	0	-0.13589455294802572	0
NOP10	0	-0.22020969642687538	0
NOP14	0	-0.17241989014147618	1
NOP16	0	-0.2916176970210589	0
NOP2	1	-0.06934126950174654	2
NOP53	0	-0.5145161925669977	0
NOP56	0	-0.20455509585792844	0
NOP58	0	-0.1790359713533663	1
NOP9	0	-0.2789534171343343	0
NOS1AP	0	-0.32466057053060365	0
NOS3	0	-0.2906164663007327	0
NOSIP	0	-0.1650173030981825	0
NOSTRIN	0	-0.07261649405755603	0
NOTCH1	0	-0.3152734550248838	0
NOTCH2	0	-0.21964008633942256	0
NOTCH3	0	-0.09158759491902288	0
NOVA2	0	-0.026979248893063256	1
NPC1	0	-0.2562680888109248	0
NPC2	0	-0.22189935042648182	0
NPEPL1	0	-0.20818938056605943	0
NPEPPS	0	-0.17899732624207382	1
NPL	0	-0.093457841128899	1
NPLOC4	0	-0.3618362842436403	0
NPM1	0	-0.07753004437199394	1
NPM3	1	-0.11889101937195265	2
NPNT	0	-0.11798885333314627	1
NPRL2	0	-0.3430723049937701	0
NPRL3	0	-0.31125919791803913	0
NPTN	0	-0.11561431541510421	0
NPY	0	-0.3049225932912159	0
NQO1	0	-0.21742845298339136	0
NQO2	0	-0.16769106010202955	0
NR1H2	0	-0.5296821956105937	0
NR2C2	0	-0.14337811850658824	0
NR2C2AP	0	-0.2990444448772146	0
NR2F2	0	-0.06366926262171178	1
NR2F6	0	-0.09624278066462284	1
NR3C1	0	-0.06624530566540791	0
NRAS	0	-0.17694833477217392	0
NRBF2	0	-0.17906665772384062	0
NRBP1	0	-0.18419119600870837	0
NRBP2	0	-0.11651537062701581	0
NRCAM	0	-0.14162174660568638	0
NRDC	0	-0.07493261275171952	1
NRDE2	0	-0.2715686039555748	0
NRF1	0	-0.06312838821821129	1
NRGN	0	-0.14462503569918467	0
NRIP2	0	-0.2883664986137952	0
NRM	0	-0.370434489292064	0
NRP1	0	-0.1748045036718561	0
NRP2	0	-0.12297409439279541	0
NSA2	0	-0.3300793836724403	0
NSD1	0	-0.35993296135679664	0
NSD2	0	-0.5398784601181678	0
NSD3	0	-0.19795419936272207	0
NSDHL	0	-0.25667132933486003	0
NSF	0	-0.110581010548171	0
NSFL1C	0	-0.16388169376080583	0
NSL1	0	-0.31967282409686415	1
NSMAF	0	-0.21697464563265134	1
NSMCE1	0	-0.11600842303091415	0
NSMCE2	0	-0.19009275826640495	1
NSMCE3	0	0.015289623138493302	1
NSMCE4A	0	-0.22991384020260514	0
NSRP1	0	-0.17816915391270505	0
NSUN2	0	-0.22620284616737113	0
NSUN4	0	-0.3524293933763704	0
NSUN5	0	-0.19449481766861315	0
NSUN6	0	-0.19658566319421175	0
NT5C	0	-0.11339939414911063	0
NT5C2	0	-0.14935963649932574	1
NT5C3A	0	-0.09919453746158428	1
NT5C3B	0	-0.2841365482255548	0
NT5DC1	0	-0.14742258778488976	1
NT5DC2	0	-0.1747533644982912	0
NT5DC3	0	-0.16686828402843465	1
NT5E	0	-0.07918361681608548	0
NTAN1	0	-0.1691233760233079	0
NTHL1	0	-0.2821816793112233	0
NTMT1	0	-0.28835415988290525	0
NTN1	0	-0.2820244909645856	0
NTN4	0	-0.165107333257323	1
NTPCR	0	-0.23676601829783292	0
NUB1	0	-0.10540050804836068	1
NUBP1	0	-0.17226954915052087	0
NUBP2	0	-0.28104191435780784	1
NUBPL	0	-0.17093240588929598	0
NUCB1	0	-0.09243583021237287	1
NUCB2	0	-0.14472717020424988	0
NUCKS1	0	-0.16222351680380237	0
NUDC	0	-0.10740098342077486	0
NUDCD1	0	-0.23424635208987765	0
NUDCD2	0	-0.2843013996043956	0
NUDCD3	0	-0.13918930793579604	0
NUDT1	0	-0.21861015698408331	0
NUDT12	0	-0.0874231777142602	0
NUDT14	0	-0.20114680639410581	0
NUDT15	0	-0.14747675385885647	1
NUDT16	0	-0.2380467598004922	0
NUDT16L1	0	-0.2509296920385601	0
NUDT18	0	-0.21063910843988182	0
NUDT19	0	-0.2867551174091233	0
NUDT2	0	-0.1962055174017709	0
NUDT21	0	-0.1887301924805888	0
NUDT3	0	-0.20338166829350596	0
NUDT4	0	-0.19112938725653247	0
NUDT5	0	-0.22322587623336193	0
NUDT6	0	-0.258390462364919	0
NUDT8	0	-0.28670214444117254	0
NUDT9	0	-0.26790089103860815	0
NUF2	0	-0.6191272863138158	0
NUFIP2	0	-0.15147290152084425	0
NUMA1	1	-0.0008844883801316789	2
NUMB	0	-0.150330144735696	1
NUMBL	0	-0.12692032745657605	0
NUP107	0	-0.1428102817820725	0
NUP133	0	-0.32292642553012685	0
NUP153	0	-0.05285130069502377	0
NUP155	0	-0.16163151335099316	0
NUP160	0	-0.1503782617263713	0
NUP188	1	-0.09651772840954614	2
NUP205	0	-0.12266384942723181	0
NUP210	0	-0.04904964610193604	1
NUP214	0	-0.15051341505075885	1
NUP35	0	-0.1917654399123673	0
NUP37	0	-0.3496751851668698	0
NUP43	0	-0.27762353337423995	0
NUP50	0	-0.13212233098421883	0
NUP54	0	-0.10938756416537994	1
NUP58	0	-0.32388398021385	0
NUP62	0	-0.0954148598143159	0
NUP85	0	-0.24094007492078928	1
NUP88	0	-0.23472576300457795	0
NUP93	0	-0.14279628849907958	1
NUP98	0	-0.07689087659474159	1
NUPR1	0	-0.39574777222409263	0
NUTF2	0	-0.16473323238321128	0
NVL	0	-0.2951414865291166	0
NXF1	0	0.05352819974185208	1
NXN	0	-0.08600290533184314	0
NXT1	0	-0.17907162916934127	0
NXT2	0	-0.17983385807313945	0
OAF	0	-0.19683940983604115	0
OARD1	0	-0.18168112647266443	0
OAS1	0	-0.2806479935963739	0
OAS2	0	-0.08827377635474079	0
OAS3	0	-0.08541341337865013	0
OASL	0	-0.19011132404146489	0
OAT	0	-0.15351030748365677	0
OBSL1	0	-0.2668577067033702	0
OCIAD1	0	-0.13444258997690944	0
OCIAD2	0	-0.11382137685002128	0
OCLN	0	-0.13187506759618847	0
OCRL	0	-0.08237317391730223	1
ODF2	0	-0.13584915857902813	1
ODR4	0	-0.07802300399249305	1
OFD1	0	-0.159163039253457	0
OGA	0	-0.11147067012502568	0
OGDH	0	-0.19753424673769962	0
OGDHL	0	-0.27704791992540956	0
OGFOD1	0	-0.37773348081785674	0
OGFOD2	0	-0.203902533264743	0
OGFOD3	0	-0.4651518408609837	0
OGFR	0	-0.11767427186480046	0
OGFRL1	0	-0.20169686451300115	0
OGN	0	-0.1180679683748933	1
OGT	0	-0.2649326795857128	0
OLA1	0	-0.1519519428101513	0
OLFM4	0	-0.22909108923323176	0
OLFML1	0	-0.10462038840371742	1
OLFML2A	0	-0.8817939655863913	0
OLFML2B	0	-0.4292306149124565	0
OLFML3	1	-0.04119471185035807	2
OMA1	0	-0.11895025969674342	0
OMD	0	-0.17475114587254822	0
OPA1	0	-0.1936139359054357	0
OPA3	0	-0.08906662389125727	1
OPHN1	0	-0.06620812536322564	1
OPLAH	0	-0.1269930234474982	0
OPTN	0	-0.03868803107480166	0
ORAI1	0	-0.5646434307131976	0
ORC1	0	-1.2300854245399617	0
ORC2	0	-0.22324049175730803	0
ORC3	0	-0.304993556358647	1
ORC4	0	-0.24034213276412603	0
ORC5	0	-0.19662698355471847	1
ORM1	0	-0.24156951097368246	0
ORM2	0	-0.2934449745144633	0
OS9	0	-0.28577092110806795	0
OSBP	0	-0.23574131764748807	0
OSBP2	0	-0.31227216813997016	0
OSBPL10	0	-0.08467873466331689	0
OSBPL11	0	-0.18514535396675363	0
OSBPL1A	0	-0.14255102192809319	0
OSBPL2	0	-0.1813935022688839	0
OSBPL3	0	-0.11825557619947002	0
OSBPL5	0	-0.4651410793628424	0
OSBPL6	0	-0.4711267614196083	0
OSBPL7	0	-0.24242464722470522	0
OSBPL8	0	-0.14268290538136455	0
OSBPL9	0	-0.28229321802892404	0
OSCP1	0	-0.16513768697886747	0
OSGEP	0	-0.2815830497355995	0
OSGEPL1	0	-0.2932181684070671	0
OSMR	0	-0.3799123772773608	0
OSTC	0	-0.22677942384501257	1
OSTF1	0	-0.06936318369391475	0
OSTM1	0	-0.2606770011607721	0
OTUB1	0	-0.12277300665650004	1
OTUD1	0	-0.45208981761518335	0
OTUD4	0	-0.17535748962090897	0
OTUD5	0	-0.5148112455489255	0
OTUD6B	0	-0.13890560198352023	0
OTUD7B	0	-0.10415488028530777	0
OTULIN	1	-0.08204803784220244	2
OTULINL	0	-0.1880693808680042	0
OVCA2	0	-0.36608131514874986	0
OXA1L	0	-0.12809561210362566	1
OXCT1	0	-0.19776015873707778	1
OXLD1	0	-0.3529744643130389	0
OXNAD1	0	-0.30598007391528453	0
OXR1	0	-0.2791096609926961	1
OXSM	0	-0.221015376377199	0
OXSR1	0	-0.17492158737772515	0
P2RX4	0	-0.21969652055820893	0
P3H1	0	-0.0948321114537178	0
P3H2	0	-0.08846383042462426	0
P3H3	0	-0.09302930181877868	1
P3H4	0	-0.10223920447206898	1
P4HA1	0	-0.10037989603467061	0
P4HA2	0	-0.025229873866119357	1
P4HB	0	-0.11730396705449761	0
P4HTM	0	-0.2904223609676158	0
PA2G4	0	-0.20095941490809482	0
PAAF1	0	-0.22275009867439993	0
PABPC1	0	-0.11625565408527808	0
PABPC4	0	-0.12330478489904266	1
PACS1	0	-0.12743526792906018	1
PACS2	0	-0.15021660826271832	0
PACSIN1	0	-0.21359077965736195	0
PACSIN2	0	-0.1402896252987235	0
PACSIN3	0	-0.15503534885110803	0
PADI2	0	-0.08291908019511844	1
PADI4	1	-0.22595077285826054	2
PAF1	0	-0.042034964839834585	1
PAFAH1B1	0	-0.14886946838981902	1
PAFAH1B2	0	-0.06481996062186714	1
PAFAH1B3	0	-0.21814873779343982	0
PAFAH2	0	-0.0782631065007606	1
PAG1	0	-0.13377161978668345	1
PAICS	0	-0.11797094780893953	0
PAIP1	0	-0.21510321426815077	0
PAIP2	0	-0.2490661740224934	1
PAIP2B	0	-0.13256275074225501	0
PAK1	0	-0.07595417741536348	1
PAK1IP1	0	-0.23444711230607243	0
PAK2	0	-0.13371024789069752	0
PAK4	0	-0.14130555022354296	0
PALD1	0	-0.10503928293634249	1
PALLD	0	-0.10818051514902419	1
PALM	0	-0.1129208883994401	0
PALM3	0	-0.1112504548737453	0
PALMD	0	-0.05698925292427236	1
PAM	0	-0.10413937596531071	0
PAMR1	0	-0.08281691368608368	0
PAN2	0	-0.2938464108021864	0
PAN3	0	-0.37825469124352584	0
PANK2	0	-0.16809998923473626	0
PANK3	0	-0.32886094302705215	0
PANK4	0	-0.1777853606058256	0
PANX1	0	-0.373363492739052	0
PAPLN	0	-0.2862758534986336	1
PAPOLA	0	-0.10082177028391062	1
PAPOLG	1	-0.08439093918082079	2
PAPSS1	0	-0.1689658342208376	0
PAPSS2	0	-0.1415969759113045	0
PARD3	0	-0.10653405175263261	0
PARD3B	0	-0.22260459915606484	1
PARD6B	0	-0.17901917184578403	0
PARK7	0	-0.16974642942680046	0
PARL	0	-0.299274174966326	1
PARN	0	-0.06432509640070588	0
PARP1	1	-0.014394574888566053	2
PARP10	0	-0.12117346614512203	1
PARP12	0	-0.1738459041553264	0
PARP14	0	-0.09002145982070421	1
PARP16	0	-0.54032826224601	0
PARP2	0	-0.21164437315279874	0
PARP4	0	-0.04264957585877331	1
PARP9	0	-0.13079290610080385	0
PARS2	1	-0.06407548859622028	2
PARVA	1	-0.06075477327848696	2
PARVB	0	-0.14197883776329098	0
PARVG	1	-0.007493346498876316	2
PATJ	0	-0.14923687154651416	1
PATL1	0	-0.21629178411213307	0
PATZ1	0	-0.2520833719355563	0
PAWR	1	0.007687067872288999	2
PAXBP1	0	-0.13342689191552395	1
PAXIP1	0	-0.21759575347550292	0
PAXX	0	-0.19610100226459082	0
PBDC1	0	-0.09123594783445674	1
PBK	0	-0.08467435549679153	1
PBLD	0	-0.04931133447156158	0
PBRM1	0	-0.18495657481160396	1
PBX1	0	-0.11909379930120853	0
PBX2	0	-0.2796561740545864	0
PBXIP1	0	-0.028116980214814437	0
PC	0	-0.16291989797687506	0
PCBD1	0	-0.2523946638443696	0
PCBD2	0	-0.27657317178221624	0
PCBP1	0	-0.17826400205178625	0
PCBP2	0	-0.12906979936980228	0
PCBP3	0	-0.1516850571546059	0
PCCA	0	-0.16918538728551205	0
PCCB	0	-0.09868983319631477	0
PCDH1	0	-0.12789237878974494	1
PCF11	1	-0.13604037911657732	2
PCGF2	1	0.029105949747233285	2
PCGF5	0	-0.18368185728362021	0
PCID2	0	-0.22107077175651382	0
PCIF1	1	-0.02786560261071864	2
PCK2	0	-0.15561176411550798	0
PCM1	0	-0.12779396852024627	0
PCMT1	0	-0.12163305210962165	1
PCMTD1	0	-0.12144678467389405	0
PCMTD2	0	-0.24181406151485135	0
PCNA	1	-0.18435787443772184	2
PCNP	0	-0.19681596030959886	0
PCNT	0	-0.22214663736629053	0
PCOLCE	0	-0.0834210171293421	0
PCP4	0	-0.27357473068255855	0
PCSK1N	0	-0.35570775027266416	0
PCSK9	0	-0.49589413580040054	0
PCTP	0	-0.07853129483391408	1
PCYOX1	0	-0.09549187701410636	0
PCYOX1L	0	-0.24054627415221685	0
PCYT1A	0	-0.15322252872948133	0
PCYT2	0	-0.0850197987818303	0
PDAP1	0	-0.17450262918635628	0
PDCD10	0	-0.14886150454109526	0
PDCD11	0	-0.08569077427142682	0
PDCD2	0	-0.25594403477390965	0
PDCD2L	0	-0.2586063983923049	1
PDCD4	0	-0.051173634210934016	0
PDCD5	0	-0.3055468016886874	0
PDCD6	0	-0.33477974720101156	0
PDCD6IP	0	-0.2183805686591434	1
PDCL	0	-0.3206364177423982	0
PDCL3	0	-0.1834943803042865	0
PDE12	0	-0.20728863750274637	0
PDE1A	0	-0.38136551856531753	0
PDE1B	0	-0.31981249337387085	0
PDE1C	0	-0.16832372024072567	0
PDE2A	0	-0.08024877232464964	0
PDE3A	0	-0.08990256278961903	1
PDE4D	0	-0.16385314273250678	0
PDE4DIP	0	-0.2014684556880626	0
PDE5A	0	-0.09752339660065272	0
PDE6D	0	-0.1978379693915225	0
PDE8A	0	-0.39846332274093926	0
PDF	0	-0.1267178082502937	0
PDGFRB	0	-0.25316076491649653	0
PDHA1	0	-0.23224884071549806	1
PDHB	0	-0.24708139770413418	0
PDHX	0	-0.18280272100004635	0
PDIA2	0	-0.17883878317488294	0
PDIA3	0	-0.18338597302523868	1
PDIA4	0	-0.14440526425993022	0
PDIA5	0	-0.12960372277860477	0
PDIA6	0	-0.1444985092417184	0
PDK1	0	-0.15711675667628217	0
PDK2	0	-0.25706073866810575	0
PDK3	0	-0.17705093339768596	0
PDLIM1	0	-0.10455050187566998	0
PDLIM2	1	-0.05194283755772363	2
PDLIM3	0	-0.13372976473373877	0
PDLIM4	0	-0.04927679056388532	1
PDLIM5	0	-0.08782842208579314	0
PDLIM7	0	-0.09846678853749484	0
PDP1	0	-0.26497384024466186	0
PDPK1	0	-0.23586405048156847	0
PDPR	0	-0.3670637713840003	0
PDRG1	0	-0.2862688104937226	0
PDS5A	1	0.05926136731614655	2
PDS5B	1	0.018399716394912738	3
PDSS2	0	-0.2359708367360581	0
PDXDC1	0	-0.2105979207818754	0
PDXK	0	-0.06127202290741155	1
PDXP	0	-0.22140264891995912	0
PDZD11	0	-0.036109410806944964	0
PDZD2	0	-0.33318647388242334	0
PDZD8	0	-0.17579808817225623	0
PEA15	0	-0.1406495976853204	0
PEAK1	0	-0.13937198861143457	0
PEBP1	1	0.00651467328768498	3
PECAM1	0	-0.13682457551645277	0
PECR	0	-0.15036974709455803	0
PEF1	0	-0.43068336674510715	0
PEG10	0	-0.10819975201889227	0
PELI2	0	-0.3836429176488941	0
PELO	0	-0.20180353141925017	0
PELP1	0	-0.16936344049943017	0
PEPD	0	-0.08562397534917245	1
PER1	0	-0.47858498262610627	0
PES1	0	-0.11229265946429053	0
PEX1	0	-0.1254360734138263	1
PEX10	0	-0.8442689147278601	0
PEX11B	0	-0.32405024537326255	0
PEX12	0	-0.46457127826154865	0
PEX13	0	-0.3313677389881876	1
PEX14	0	-0.17026796877171865	1
PEX16	0	-0.23448486772435634	1
PEX19	0	-0.14547220885465081	0
PEX2	0	-0.5898063534011706	0
PEX3	0	-0.15241038999854767	1
PEX5	0	-0.24045294549656582	0
PEX6	0	-0.2614360305444092	0
PEX7	0	-0.25814351584219364	0
PF4	0	-0.19704923234214974	0
PFAS	0	-0.14443192076478512	0
PFDN1	0	-0.21988921174931847	1
PFDN2	0	-0.0994185896952982	1
PFDN4	0	-0.1735498488521453	0
PFDN5	0	-0.1577879669645077	0
PFDN6	0	-0.10765128945585238	1
PFKFB2	0	-0.1278879539398355	0
PFKFB3	0	-0.1984346708207626	0
PFKL	0	-0.21889805887459465	0
PFKM	0	-0.11090305141236127	0
PFKP	0	-0.10540535894491991	0
PFN1	0	-0.09277977627006026	1
PFN2	0	-0.08165439059800332	0
PGAM1	0	-0.13641953267727897	0
PGAM2	0	-0.2702012056879798	0
PGAM5	0	-0.24791915675898663	0
PGAP1	0	-0.5057875113020588	0
PGD	0	-0.04633481961583556	1
PGGHG	0	-0.4359941339685087	0
PGGT1B	0	-0.23682840129784105	0
PGK1	0	-0.1548333298600827	0
PGK2	0	-0.11426750433798008	1
PGLS	0	-0.2364852837606773	0
PGLYRP1	0	-0.10758185346390121	1
PGLYRP2	0	-0.36297512293502476	0
PGM1	0	-0.21348393391469575	0
PGM2	0	-0.16979359679002162	0
PGM2L1	0	-0.07417622980934588	0
PGM3	1	-0.09440700883205352	2
PGM5	0	-0.09705906696769263	0
PGP	0	-0.11370904059127404	1
PGPEP1	0	-0.2544728124984549	0
PGRMC1	0	-0.14380496352956698	0
PGRMC2	0	-0.18647602903497848	0
PGS1	0	-0.3546582801185681	0
PHACTR2	0	-0.20167641109526246	0
PHACTR4	0	-0.3413863940382468	0
PHAX	0	-0.12803446064389404	1
PHB	0	-0.20507633572821599	0
PHB2	0	-0.22403318812782697	0
PHC1	0	-0.3692635241184542	0
PHC2	1	-0.022743860491622477	2
PHC3	0	-0.1017039894825084	0
PHETA1	0	-0.6663690254476384	0
PHF1	0	-0.19049795781108655	0
PHF10	0	-0.22561349522170357	0
PHF12	0	-0.4616591171644419	0
PHF14	0	-0.22654005106000966	0
PHF2	0	-0.17021077827965284	0
PHF20	0	-1.0201701129207554	0
PHF20L1	0	-0.27735756786032706	1
PHF21A	0	-0.19251595098110455	0
PHF23	0	-0.24888681509037908	1
PHF3	0	-0.1392995913087146	0
PHF5A	1	-0.006998502167286619	3
PHF6	0	-0.12179266220924015	0
PHF8	0	-0.07816977538375068	1
PHGDH	0	-0.08632193832382028	0
PHIP	0	-0.14232382296811996	0
PHKA1	0	-0.12540993476555676	1
PHKA2	0	-0.20033193344507394	0
PHKB	0	-0.16279881518093964	0
PHKG2	0	-0.14530653691239898	0
PHLDA1	0	-0.14737455273142955	0
PHLDA3	0	-0.07333156463594499	1
PHLDB1	1	-0.05415353785401531	2
PHLDB2	0	-0.07684607034586899	0
PHPT1	1	-0.04085642491793247	2
PHRF1	0	-0.2568839071229636	0
PHYH	0	-0.08931814600541768	0
PHYHD1	0	-0.11824746124408395	0
PHYHIPL	0	-0.05855981689947334	0
PHYKPL	1	-0.07929063799303518	2
PI16	0	-0.2769686507212326	0
PI4K2A	0	-0.16522402894444482	0
PI4K2B	0	-0.16061345321954246	0
PI4KA	0	-0.11848000281196838	1
PI4KB	0	-0.14608798353055008	1
PIAS1	0	-0.3367442405169129	0
PIAS2	0	-0.6276945475684832	0
PIBF1	0	-0.24175628668981125	0
PICALM	0	-0.34082501323555625	0
PICK1	0	-0.22300941849822467	0
PID1	0	-0.09762378154748999	0
PIEZO1	0	-0.2120662170183633	0
PIGB	0	-0.9149986590366671	0
PIGG	0	-0.3264551876765847	0
PIGH	0	-0.5610623751643684	0
PIGK	0	-0.11155464122646572	1
PIGN	0	-0.3627262365736469	0
PIGO	0	-0.3612723543791966	0
PIGQ	0	-0.32170449668318724	1
PIGR	0	-0.16257019387876126	0
PIGS	0	-0.14672165689497135	1
PIGT	0	-0.18039618462141493	1
PIGU	0	-0.18316263874663113	1
PIGX	0	-0.7007082134184796	0
PIH1D1	0	-0.19413256979365845	1
PIK3AP1	0	-0.06554511755641862	0
PIK3C2A	0	-0.10118178724334832	1
PIK3C2B	0	-0.22151466175791193	0
PIK3C3	0	-0.1707886686271193	0
PIK3CA	0	-0.1675565131381515	0
PIK3CB	0	-0.09939585740936843	1
PIK3CD	0	-0.14452196815750543	0
PIK3CG	0	-0.22118250865630468	0
PIK3IP1	0	-0.24720315417108357	0
PIK3R1	0	-0.1658929560316524	0
PIK3R2	0	-0.4140590226258061	0
PIK3R4	0	-0.2832304320336417	0
PIKFYVE	0	-0.19758441017696496	0
PIN1	0	-0.11995073539753823	0
PIN4	0	-0.23456936682289192	0
PINX1	0	-0.5916480222018496	0
PIP4K2A	0	-0.11729363646170432	0
PIP4K2B	0	-0.18177367303993108	0
PIP4K2C	0	-0.14839625743832924	0
PIP4P1	0	-0.25158692462444804	0
PIP4P2	0	-0.26779248300820047	0
PIP5K1A	0	-0.13495538541192237	0
PIP5K1C	0	-0.13104568784112555	0
PIR	0	-0.1215038946106544	0
PISD	0	-0.1664240635430509	0
PITHD1	0	-0.09760443478719363	1
PITPNA	0	-0.07242046394491572	0
PITPNB	0	-0.21847488184825165	0
PITPNC1	0	-0.11441440297788845	0
PITPNM1	0	-0.19938929336871533	0
PITPNM2	0	-0.3023674299106022	0
PITRM1	0	-0.1438468064687795	1
PJA1	0	-0.16182116672831326	0
PJA2	0	-0.3596136750552772	0
PKD2	0	-0.23650782554715793	0
PKIG	0	-0.1127999011945339	1
PKLR	0	0.01044160260723834	1
PKM	0	-0.07975643629141502	0
PKN1	0	-0.08015596840390446	1
PKN2	0	-0.09126000536602832	0
PKNOX1	0	-0.15064498720517477	0
PKP2	0	-0.10126571742801974	0
PKP4	0	-0.00043818210343347653	1
PLA2G12A	0	-0.19972977445000062	0
PLA2G15	0	-0.15681995394549886	0
PLA2G2A	0	-0.2339898955438659	0
PLA2G4A	0	-0.08876642708098938	0
PLA2G4C	0	-0.4129104771797366	0
PLA2G7	0	-0.27148957974343435	0
PLAA	0	-0.06792791110846488	1
PLAC9	0	-0.3020780654650979	1
PLAT	0	-0.07866298054386818	0
PLAU	0	-0.1744563376084333	0
PLAUR	0	-0.1930340555779751	1
PLBD1	0	-0.13737722286384677	0
PLBD2	0	-0.20676182784168082	0
PLCB1	0	-0.01023985538845872	1
PLCB2	0	-0.0570022470288644	0
PLCB3	0	-0.13271423780414812	0
PLCB4	0	-0.162157299318813	0
PLCD1	1	0.017870659428762058	2
PLCD3	0	-0.11107416070819306	0
PLCG1	0	-0.16322160720569226	0
PLCG2	0	-0.13591102592234558	0
PLCH1	0	-0.1986750714432794	1
PLCL1	0	-0.2072797582953146	0
PLCL2	0	-0.2562327421153367	0
PLCXD3	0	-0.49523614717916536	0
PLD1	0	-0.22065453273683736	0
PLD2	0	-0.31322867428777085	0
PLD3	0	-0.1060305073463681	1
PLD4	0	-1.0092469364506642	0
PLEC	0	-0.09877261407338779	0
PLEK	0	-0.07017171102946136	0
PLEKHA1	0	-0.07825563214066214	0
PLEKHA2	0	-0.09263661920049501	0
PLEKHA3	0	-0.2899644303266061	1
PLEKHA4	0	-0.3631607168853458	0
PLEKHA5	0	-0.02262001976233926	1
PLEKHA6	0	-0.02418297560198128	1
PLEKHA7	1	0.014023116587725199	3
PLEKHB2	0	-0.19509420652191448	0
PLEKHF1	0	-0.20730511209660268	0
PLEKHF2	0	-0.12449396093112786	0
PLEKHG1	0	-0.20303096768411238	0
PLEKHG2	0	-0.1649005568279811	0
PLEKHG3	0	-0.2600331540443092	0
PLEKHM1	0	-0.5440180724325618	0
PLEKHM2	0	-0.3109177493914844	0
PLEKHO1	0	-0.15435420836283548	0
PLEKHO2	0	-0.10212425110551131	0
PLG	0	-0.5028146469498773	0
PLGRKT	0	-0.30225150424998015	0
PLIN2	1	-0.15483815981913512	2
PLIN3	0	-0.1661546082600954	0
PLIN4	0	-0.13959315879423118	0
PLOD1	0	-0.04276631004867844	1
PLOD2	0	-0.07342063097683987	0
PLOD3	0	-0.15675230835548098	0
PLP2	0	-0.2648999048712349	0
PLPBP	0	-0.026031626122988982	1
PLPP3	0	-0.18518212975336207	0
PLPP6	0	-0.6461377483062472	0
PLRG1	1	-0.04866342695693113	2
PLS1	0	-0.08801662514047773	0
PLS3	0	-0.12193378063126395	0
PLSCR1	0	-0.1354366033348709	0
PLSCR3	0	-0.24188696878748123	1
PLSCR4	0	-0.10094890962229945	1
PLTP	0	-0.10527189603444213	0
PLVAP	0	-0.08087202745055584	0
PLXDC2	0	-0.1433180928506315	0
PLXNA1	0	-0.17495764729412974	0
PLXNA2	0	-0.20729070910595793	0
PLXNB1	0	-0.17318373143615612	0
PLXNB2	0	-0.16313547590819355	0
PLXNC1	0	-0.1882864146351852	0
PLXND1	0	-0.2244088217780315	0
PM20D2	0	-0.17583032380489025	0
PMF1	0	-0.22399795068488987	0
PML	0	-0.1402793912345312	0
PMM1	0	-0.2507432995715143	0
PMM2	0	-0.2593491363821291	0
PMPCA	0	-0.2040042698505578	0
PMPCB	0	-0.19455934385017298	1
PMS2	0	-0.21415294987667263	0
PMVK	0	-0.22029834995530861	0
PNISR	0	-0.10969187436345809	1
PNKD	0	-0.15237935812307613	0
PNKP	0	-0.14616140555312815	1
PNMA1	0	-0.2622370892844234	0
PNN	1	0.025705455296648316	2
PNO1	0	-0.17120409961960315	0
PNP	0	-0.07308245729177756	1
PNPLA2	0	-0.30390194492747524	0
PNPLA4	0	-0.21668435238407188	0
PNPLA6	0	-0.12396989567410957	0
PNPLA8	0	-0.34965267694503027	0
PNPO	0	-0.1687505010069308	1
PNPT1	0	-0.1532114096483747	0
POC1B	0	-0.6132002728498758	0
POC5	0	-0.2557074067452036	1
PODN	0	-0.05134714498669687	1
PODXL	0	-0.0908314036390393	0
PODXL2	0	-0.9798323978552641	0
POFUT1	0	-0.18741018066945406	0
POFUT2	0	-0.19477256994513206	0
POGK	0	-0.16449341886280258	1
POGLUT1	0	-0.1711882666246811	0
POGZ	1	-0.010885479881200564	3
POLA1	0	-0.34020503153978765	0
POLA2	0	-0.35170294588788054	0
POLB	1	-0.0467219085534993	2
POLD1	0	-0.13615840693719286	1
POLD2	0	-0.29095230477920175	1
POLD3	0	-0.11539677866445257	0
POLD4	0	-0.47407767685522845	0
POLDIP2	0	-0.26098810447211596	0
POLDIP3	0	-0.16792144740108655	0
POLE	0	-0.5427426949986142	0
POLE3	0	-0.2328367402737057	0
POLE4	0	-0.25902280999627214	0
POLG	0	-0.3437214803890501	0
POLG2	0	-0.29345042214594763	0
POLI	0	-0.2414340578911145	0
POLK	0	-0.41352256221778283	0
POLL	0	-0.8630944387574175	0
POLR1A	0	-0.3842421429742554	0
POLR1B	0	-0.2197431104552278	0
POLR1C	0	-0.19057684525881727	0
POLR1D	0	-0.18276643462459066	0
POLR1E	0	-0.08147345012963583	0
POLR2A	1	0.025471889709446017	2
POLR2B	0	-0.18890388234555835	0
POLR2C	0	-0.2116469536382532	0
POLR2D	0	-0.19250685971088777	0
POLR2E	0	-0.08112662087975017	1
POLR2F	0	-0.47983169805171144	0
POLR2G	0	-0.17473333342863998	0
POLR2H	0	-0.2746760014303001	1
POLR2I	0	-0.15814291320404422	0
POLR2J	0	-0.31752225594852124	0
POLR2K	0	-0.1413964521500244	1
POLR2L	0	-0.3178917265065483	0
POLR3A	0	-0.23292346564292563	0
POLR3B	0	-0.3407320917565949	0
POLR3C	0	-0.21986864735082728	0
POLR3D	0	-0.20291962739227426	0
POLR3E	0	-0.21683563309584	0
POLR3F	0	-0.2667726034723635	0
POLR3H	0	-0.5710550084266697	0
POLR3K	0	-0.3637284212645753	0
POLRMT	0	-0.30830027432162527	0
POM121	0	-0.06484749076814933	1
POMGNT1	0	-0.4096042037005203	0
POMGNT2	0	-0.33388245524874266	0
POMP	0	-0.21683032775776803	0
POMT1	0	-0.28416931623606234	0
PON1	0	-0.34722123723794635	0
PON2	0	-0.1424523917352366	0
POP1	0	-0.206748640845203	1
POP4	0	-0.1893538179880317	1
POP7	0	-0.41524570062867666	0
POR	0	-0.0942955730126652	0
POSTN	0	-0.15632383860743887	0
POT1	0	-0.38814563649992173	0
POTEF	0	-0.022944019108742976	0
POTEI	0	-0.046846483363039246	1
POTEJ	1	-0.04355375831017032	2
POU2F1	0	-0.23258996294719975	0
PPA1	0	-0.11214112016391771	0
PPA2	0	-0.12164487904001935	0
PPAT	0	-0.11731602989027749	0
PPBP	0	-0.1623943939261983	0
PPCDC	0	-0.21696978327608166	0
PPCS	0	-0.14583468700418467	0
PPFIA1	0	-0.18927188926661015	0
PPFIBP1	0	-0.10267877489176877	1
PPFIBP2	0	-0.18783225138564894	0
PPHLN1	0	-0.19916531801125312	0
PPIA	0	-0.09013410687895344	0
PPIB	0	-0.12123985498527416	0
PPIC	0	-0.11583240304580056	0
PPID	0	-0.2925284956695429	0
PPIE	0	-0.14361452344025402	0
PPIF	0	-0.15099250311490475	0
PPIG	0	-0.05890279567469601	0
PPIH	0	-0.12436646013036141	0
PPIL1	0	-0.2081154497832723	0
PPIL2	0	-0.19257062422497673	0
PPIL3	0	-0.23684563978564274	0
PPIL4	0	-0.14006702097392	1
PPIP5K1	0	-0.3240937208270086	0
PPIP5K2	0	-0.26708167662212434	0
PPL	0	-0.05995648511026717	1
PPM1A	0	-0.2377795398601386	0
PPM1B	0	-0.3498587454413702	0
PPM1F	0	-0.10259561277695992	0
PPM1G	0	-0.11483637488369991	0
PPM1H	0	-0.1271821112411467	0
PPM1K	0	-0.24146592928460545	1
PPM1L	0	-0.27448023043608055	0
PPM1M	0	-0.48857689306977525	0
PPME1	0	-0.24693547137892985	0
PPOX	0	-0.17416822662640083	0
PPP1CA	0	-0.21450077842895507	0
PPP1CB	0	-0.19052888069695853	0
PPP1CC	0	-0.19331515586806225	0
PPP1R10	1	-0.01891552523945304	2
PPP1R11	0	-0.2667889666736222	0
PPP1R12A	0	-0.09438915375672022	0
PPP1R12B	1	-0.056217993988868356	2
PPP1R12C	0	-0.07207420256565811	0
PPP1R13B	0	-0.24474891929860082	0
PPP1R13L	0	-0.15300698079336195	0
PPP1R14A	0	-0.0641519362192849	0
PPP1R14B	0	-0.2450759404348529	0
PPP1R14C	0	-0.14039898193901626	0
PPP1R16A	0	-0.23183881625348796	0
PPP1R18	0	-0.13780114162186755	0
PPP1R2	0	-0.2391178718201624	0
PPP1R21	0	-0.13906176414930072	1
PPP1R37	0	-0.23277111559604738	0
PPP1R3D	1	-0.01319256522278508	3
PPP1R3G	0	-0.2091328716183256	0
PPP1R7	0	-0.1287063527359511	1
PPP1R8	0	-0.0557325406096205	0
PPP1R9A	0	-0.12460256880843841	0
PPP1R9B	1	-0.03547806473629698	3
PPP2CA	0	-0.16518756142678917	1
PPP2CB	0	-0.13158641872451898	1
PPP2R1A	0	-0.21669308014144342	0
PPP2R1B	0	-0.1569966537919592	0
PPP2R2A	0	-0.08790246804275485	0
PPP2R2C	0	-0.15279838698821246	0
PPP2R2D	0	-0.1540391249927084	0
PPP2R3A	0	-0.21856132766819442	0
PPP2R5A	0	-0.15677464974841437	0
PPP2R5B	0	-0.1897000689080427	0
PPP2R5C	0	-0.26972050633372413	0
PPP2R5D	0	-0.22237478209820383	0
PPP2R5E	0	-0.2003646951840275	0
PPP3CA	0	-0.12848002317101762	0
PPP3CB	0	-0.15096999123498372	1
PPP3CC	0	-0.17718715524382847	0
PPP3R1	0	-0.09322916095005632	0
PPP4C	0	-0.19755161472063806	0
PPP4R1	0	-0.2873312682824782	0
PPP4R2	0	-0.18782897941772378	1
PPP4R3A	0	-0.0809377772926774	1
PPP4R3B	0	-0.3287361856377764	1
PPP5C	0	-0.14221008728448403	0
PPP6C	0	-0.1434569199350613	1
PPP6R1	0	-0.1033216147704317	0
PPP6R2	0	-0.38388733526492397	0
PPP6R3	0	-0.3436449194389898	0
PPT1	0	-0.17451327901813457	0
PPT2	0	-0.4812717833722597	0
PPTC7	0	-0.2342042422450835	0
PPWD1	0	-0.20167616134415622	1
PQBP1	0	-0.13428935286830532	0
PRAG1	0	-0.23538523613438606	0
PRAM1	0	-0.13726178424924265	1
PRC1	0	-0.16470255831275654	0
PRCC	0	-0.23855829508329637	0
PRCP	0	-0.20453155756477348	0
PRDM10	0	-0.33689247165711667	0
PRDM11	0	-0.4819733448796528	0
PRDX1	0	-0.08928299971906486	0
PRDX2	0	-0.08405777452822619	1
PRDX3	0	-0.16177785622562985	0
PRDX4	0	-0.14689327134859836	0
PRDX5	0	-0.15855233877299657	0
PRDX6	0	-0.12273749077225556	0
PREB	0	-0.20458645074028076	1
PRELP	0	-0.16177750049997894	1
PREP	0	-0.1771715796904611	0
PREPL	0	-0.33325066691683414	0
PREX1	0	-0.04417530041205261	1
PRG4	0	-0.24503477595311862	0
PRICKLE2	0	-0.3141939432846214	0
PRIM1	0	-0.26146155555413164	0
PRIM2	0	-0.22291345457923467	0
PRKAA1	0	-0.15379296154163064	0
PRKAA2	0	-0.11672356427825452	0
PRKAB1	0	-0.1544330371623419	0
PRKAB2	1	-0.03302805900229378	2
PRKACA	0	-0.16972326221329653	0
PRKACB	0	-0.09099174443179862	1
PRKAG1	0	-0.17343213759882356	0
PRKAG2	0	-0.16431821187910287	0
PRKAR1A	0	-0.1765284511740281	0
PRKAR1B	0	-0.07301224459568331	1
PRKAR2A	0	-0.13893203155632486	0
PRKAR2B	0	-0.10948544974251015	1
PRKCA	0	-0.08906084120595559	0
PRKCB	0	-0.09158969123024015	0
PRKCD	0	-0.2491833852294401	1
PRKCE	0	-0.3015872424231703	0
PRKCH	0	-0.1966266727699313	0
PRKCI	0	-0.20245169042257039	0
PRKCQ	0	-0.16278059630195746	0
PRKCSH	0	-0.24611748568071512	0
PRKCZ	0	-0.22263165988813158	0
PRKD1	0	-0.17592484504483843	0
PRKD2	0	-0.25786711427247594	0
PRKDC	0	-0.018327235847497896	1
PRKG1	0	-0.01624731978473721	1
PRKN	0	-0.27115762375999347	0
PRKRA	0	-0.2583670956350836	0
PRKRIP1	0	-0.1951737807462965	1
PRMT1	0	-0.16612404883331075	1
PRMT2	0	-0.3598754337490608	0
PRMT3	0	-0.1089323077995878	1
PRMT5	0	-0.2775263052721666	0
PRMT7	0	-0.384781713853373	0
PRMT9	0	-0.4322145618126223	0
PRNP	0	-0.1861127642929109	0
PROC	0	-0.2939196547595984	0
PROCR	0	-0.0650686427749135	0
PRODH	0	-0.14463104049741107	0
PROM1	0	-0.10108302812898154	0
PROS1	0	-0.15338134963269814	1
PROSER1	0	-0.5478173972283785	0
PROSER2	0	-0.48081337358255566	0
PROX1	0	-0.7269170182490399	0
PROZ	0	-0.3861391193710989	0
PRPF18	0	-0.24069338921104128	0
PRPF19	0	-0.04453482938291734	1
PRPF3	0	-0.04649961477776472	1
PRPF31	0	-0.0794736057600241	1
PRPF38A	0	-0.10197448444944954	1
PRPF38B	1	-0.13123090646445404	2
PRPF39	0	-0.19421455214369812	0
PRPF4	1	0.008354463643757437	2
PRPF40A	0	-0.026833124046708325	1
PRPF40B	0	-0.3076699747759605	0
PRPF4B	0	-0.09510791490708087	0
PRPF6	1	-0.004447101064427361	3
PRPF8	1	0.0675723131520181	4
PRPH	0	-0.12155486648226788	0
PRPS1	0	-0.16941817691613661	1
PRPS2	0	-0.1693690298939244	0
PRPSAP1	0	-0.2974040938138064	0
PRPSAP2	0	-0.1664190036052056	0
PRR12	0	-0.0832834956244786	1
PRR14	0	-0.09765781761937653	1
PRR14L	0	-0.9473697242113731	1
PRR15	0	-0.16319369054829833	0
PRRC1	0	-0.15655498060688888	1
PRRC2A	0	-0.22296046158321792	1
PRRC2B	0	-0.21555946591013359	0
PRRC2C	0	-0.1397182180459874	0
PRSS2	0	-0.17017609211107115	0
PRSS23	0	-0.17014421865369295	0
PRSS3	0	-0.21176914547057293	0
PRTFDC1	0	-0.13584587443877436	0
PRTN3	0	-0.18697053299618965	1
PRUNE1	0	-0.09974047336255967	0
PRUNE2	0	-0.27081134354875747	0
PRXL2A	0	-0.0675347535963293	0
PRXL2B	0	-0.08560707801420737	0
PSAP	0	-0.2139972365522398	0
PSAT1	0	-0.10390855335781657	0
PSD3	0	-0.26758889624562837	0
PSD4	0	-0.31256891929969177	0
PSEN1	0	-0.41759058880001226	0
PSEN2	0	-0.2661619161397452	0
PSIP1	0	-0.015210483176778093	1
PSMA1	0	-0.2825691472613828	0
PSMA2	1	-0.10706146690671339	2
PSMA3	0	-0.22572853458025718	1
PSMA4	0	-0.2962646984175889	0
PSMA5	0	-0.2631235312152067	0
PSMA6	0	-0.32085713898904944	0
PSMA7	0	-0.25701990331139757	0
PSMB1	0	-0.17722073786136816	0
PSMB10	0	-0.11260870011720639	1
PSMB2	0	-0.2948134738670638	0
PSMB3	0	-0.3499614731374546	0
PSMB4	0	-0.21093722100999832	0
PSMB5	0	-0.2428528263392898	1
PSMB6	0	-0.1520715207950432	1
PSMB7	0	-0.16012570321439384	0
PSMB8	0	-0.2574361840199249	0
PSMB9	0	-0.12414046508709135	0
PSMC1	0	-0.22174571265724946	0
PSMC2	0	-0.2208610118687253	1
PSMC3	0	-0.18316471452913016	0
PSMC4	0	-0.20642154926028805	0
PSMC5	0	-0.23677981779197105	0
PSMC6	0	-0.28999157201497183	0
PSMD1	0	-0.2311395650952628	1
PSMD10	0	-0.24875454239189124	0
PSMD11	0	-0.31714697413597154	0
PSMD12	0	-0.2210238139995448	0
PSMD13	0	-0.16437412208996088	1
PSMD14	0	-0.282221205272788	0
PSMD2	0	-0.1729796349982229	1
PSMD3	0	-0.2508141141801711	0
PSMD4	0	-0.29269653995451045	0
PSMD5	0	-0.16294270505396224	0
PSMD6	0	-0.2149088020095798	0
PSMD7	0	-0.17978190925816445	1
PSMD8	0	-0.3057873455550931	0
PSMD9	0	-0.22207671933614487	0
PSME1	0	-0.11989283037856255	0
PSME2	0	-0.07715347555499244	1
PSME3	0	-0.10758113611600054	0
PSME4	0	-0.1281138298665771	1
PSMF1	0	-0.17976705882978977	0
PSMG1	0	-0.25168432617405767	0
PSMG2	0	-0.19035909198982073	0
PSMG3	0	-0.21211521393237454	0
PSMG4	0	-0.3655806728389101	0
PSPC1	0	-0.20694262463766938	0
PSPH	0	-0.19214359152682328	0
PSTPIP1	0	-0.07897422535140856	0
PSTPIP2	1	-0.04099366662145487	2
PTAR1	0	-0.26059029979995885	0
PTBP1	0	-0.09070185648522285	0
PTBP2	0	-0.11581258573473734	0
PTBP3	0	-0.43648691298653725	0
PTCD3	0	-0.29655482581968834	0
PTDSS1	0	-0.27270729080121564	0
PTDSS2	0	-0.10004057387288831	1
PTEN	0	-0.26354143559611487	0
PTER	0	-0.0765213219181579	0
PTGDS	0	-0.09297379389314013	1
PTGES	0	-0.23088495991824098	0
PTGES2	0	-0.19269103611049956	0
PTGES3	0	-0.15592700028492232	1
PTGFRN	0	-0.14669216528869888	0
PTGIS	0	-0.08346232553154596	0
PTGR1	0	-0.09433064312624051	0
PTGR2	0	-0.2088069380401897	1
PTGS1	0	-0.09927310248377144	0
PTK2	0	-0.06330715520622499	0
PTK2B	0	-0.09147599441908158	0
PTK7	0	-0.11050186130750739	0
PTMA	0	-0.11427739890311087	0
PTMS	1	-0.02306517676622636	2
PTN	0	-0.19628953875096408	0
PTP4A1	0	-0.20235060809874938	0
PTP4A2	0	-0.23657144298147736	0
PTPA	0	-0.2272542490929672	0
PTPMT1	0	-0.3720738715885985	0
PTPN1	0	-0.09815543389578796	1
PTPN11	0	-0.14989711891603374	0
PTPN12	0	-0.09615011609244974	1
PTPN13	0	-0.10459045800441727	0
PTPN14	0	-0.14299844303219633	0
PTPN18	0	-0.19653441989654746	0
PTPN2	0	-0.15937163271861904	0
PTPN21	0	-0.3067334044865794	0
PTPN23	0	-0.14930621917715584	1
PTPN6	0	-0.0994626345992565	1
PTPN7	0	-0.1880752453958281	0
PTPN9	0	-0.1437054290648021	0
PTPRA	0	-0.321508839270506	0
PTPRC	0	-0.13907469749268755	0
PTPRD	0	-0.1679614717795542	0
PTPRE	0	-0.09791093491399466	0
PTPRF	0	-0.40062578445693636	0
PTPRG	0	-0.16921095870955705	0
PTPRJ	0	-0.180022145368452	1
PTPRK	1	-0.05847676050716647	2
PTPRM	0	-0.10085767949026012	1
PTPRS	0	-0.2669099911481642	0
PTRH1	0	-0.3716185874196389	0
PTRH2	0	-0.20078394556936896	0
PTRHD1	0	-0.0779970243428382	1
PTS	0	-0.23896860720035623	1
PTTG1IP	0	-0.13729099508128967	1
PTX3	0	-0.21918297961869956	0
PUDP	0	-0.22247479288101815	0
PUF60	1	0.013622674532306511	2
PUM1	0	-0.14598064708475317	0
PUM2	0	-0.11028190919167544	0
PUM3	0	-0.20498572990160455	0
PURA	1	-0.0153192361316982	3
PURB	0	-0.10946331560371132	0
PUS1	0	-0.1724739732046951	0
PUS10	0	-0.25896671724891374	0
PUS3	0	-0.1898002342872825	1
PUS7	0	-0.09369647739827616	0
PUS7L	0	-0.2326224739015509	0
PUSL1	0	-0.4164588259557959	0
PVALB	0	-0.3610843281925479	0
PVR	0	-0.16212393013685958	0
PWP1	0	-0.16016328534895838	0
PWP2	1	-0.06628892683042956	3
PWWP2A	0	-0.34706461321890514	0
PWWP2B	0	-0.400717695712234	0
PXDC1	0	-0.23200355516039	0
PXDN	0	-0.13949318596343097	1
PXK	0	-0.16851922075963674	0
PXMP2	0	-0.4111153682072686	0
PXN	0	-0.06791477992964673	0
PYCARD	0	-0.0756643016572123	0
PYCR1	0	-0.15633278849569135	0
PYCR2	0	-0.26943579283974883	0
PYCR3	0	-0.10890956533106719	1
PYGB	0	-0.09691133856510599	0
PYGL	0	-0.15005546469929987	1
PYGM	0	-0.2079254085991704	0
PYGO2	0	-0.48301160105268404	0
PYM1	0	-0.2167358606191304	0
PYROXD1	0	-0.20225398200099903	0
PYROXD2	0	-0.25152470566917456	0
PYURF	0	-0.2673548377874909	1
PZP	0	-0.3767251358713528	0
QDPR	0	-0.10548939312165126	0
QKI	0	-0.17848352893007174	0
QPCT	0	-0.19370527492808629	0
QPCTL	0	-0.16116946183873165	0
QPRT	0	-0.15543408395551267	0
QRICH1	0	-0.11626619105109486	0
QRSL1	0	-0.32862225466997846	0
QSER1	0	-0.22820279751570222	0
QSOX1	0	-0.10972887254952235	0
QSOX2	0	-0.15687575812433527	0
QTRT1	0	-0.2940744200568779	0
QTRT2	0	-0.3170559519231216	0
R3HCC1	0	-0.2178820712542872	0
R3HCC1L	0	-0.44502243735546365	0
R3HDM1	0	-0.22694212882695078	0
R3HDM2	0	-0.3224622076634037	0
RAB10	0	-0.052251464505297905	1
RAB11A	0	-0.09894150566911694	0
RAB11B	0	-0.06263500392342768	1
RAB11FIP1	0	-0.11343509175177265	0
RAB11FIP2	0	-0.16659471208433102	0
RAB11FIP3	0	-0.20670604272252513	0
RAB11FIP5	0	-0.07146481311798508	1
RAB12	0	-0.2462614381123228	0
RAB13	0	-0.16043423554927644	1
RAB14	0	-0.24515627959229627	0
RAB18	0	-0.15737534582636262	1
RAB1A	0	-0.07763412974448383	0
RAB1B	0	-0.1207180391021079	0
RAB20	0	-0.13795363713483164	0
RAB21	0	-0.1937525442122447	0
RAB22A	0	-0.2724945671979454	0
RAB23	0	-0.07529538514348148	0
RAB24	0	-0.10533123019472072	1
RAB27A	0	-0.4162197710052782	0
RAB27B	0	-0.29577233954883303	0
RAB28	0	-0.20366825002931535	1
RAB29	0	-0.14487009743389664	0
RAB2A	1	-0.07262357780942993	2
RAB2B	0	-0.13759627316494874	0
RAB30	0	-0.5815107016778317	0
RAB31	0	-0.20238394046165573	0
RAB32	0	-0.17428392858178088	0
RAB33B	0	-0.5042778995159173	0
RAB34	0	-0.17544942124040383	0
RAB35	0	-0.28384583243379463	0
RAB36	0	-0.42274853175540866	0
RAB3D	0	-0.1685509085381276	0
RAB3GAP1	0	-0.2712672016905952	1
RAB3GAP2	0	-0.15215865391942793	1
RAB3IL1	0	-0.2327210923053833	0
RAB3IP	0	-0.17781636937615583	0
RAB43	0	-0.17865943365841008	1
RAB4A	0	-0.08521577035698132	0
RAB4B	0	-0.17920851211639208	1
RAB5A	0	-0.10394683212922269	0
RAB5B	0	-0.10284150514142251	0
RAB5C	0	-0.13786002945827705	0
RAB5IF	0	-0.28109503494936683	0
RAB6A	0	-0.1782933103536215	0
RAB6B	0	-0.1947170018271809	0
RAB7A	0	-0.3651381734921576	0
RAB8A	0	-0.16650623230709244	1
RAB8B	0	-0.22216212121375833	0
RAB9A	0	-0.16850019140587896	0
RABAC1	0	-0.08023459146616402	1
RABEP1	0	-0.028744072711888297	1
RABEP2	0	-0.13116766981171385	0
RABEPK	0	-0.15463356180792526	0
RABGAP1	0	-0.20055131217394323	0
RABGAP1L	0	-0.2193573837159696	0
RABGEF1	1	-0.11783363794003376	2
RABGGTA	0	-0.4116809484449459	0
RABGGTB	0	-0.3542913484575474	0
RABIF	0	-0.31056336088612013	0
RABL3	0	-0.35299923850475634	0
RABL6	0	-0.1894263111880962	0
RAC1	0	-0.10155474076651623	1
RAC2	0	-0.07778239824118845	1
RACGAP1	0	-0.16105042832850514	0
RACK1	0	-0.015116175264604858	1
RAD1	0	-0.7394276954718177	0
RAD17	0	-0.43836666673767566	0
RAD21	1	0.03136184275975619	2
RAD23A	0	-0.21942659505233658	0
RAD23B	0	-0.15865843226487572	1
RAD50	0	-0.3397877733131643	0
RAD54L2	0	-0.2481021895976486	0
RAD9A	0	-0.23900146160758995	0
RAE1	0	-0.1763875041578841	0
RAF1	0	-0.2084757906631765	0
RAI1	0	-0.31370928252066704	0
RAI14	1	0.023344217801993316	2
RALA	0	-0.0781808124879489	0
RALB	1	-0.1030173505009628	2
RALBP1	0	-0.1338916629640799	0
RALGAPA1	0	-0.21597252034017894	0
RALGAPA2	0	-0.05663597882680811	1
RALGAPB	0	-0.1557696518959312	0
RALGPS2	0	-0.2506344609799041	0
RALY	0	-0.11795920957889021	1
RAMAC	0	-0.09995685202968708	0
RAN	0	-0.05972427500896134	1
RANBP1	0	-0.1174869729062487	0
RANBP10	0	-0.22458013416258096	0
RANBP2	1	-0.05471855562924718	2
RANBP3	0	-0.19787913872917248	1
RANBP6	0	-0.17115886998449908	0
RANBP9	0	-0.22932080366412183	0
RANGAP1	0	-0.2777561950652507	0
RANGRF	0	-0.376237977516109	0
RAP1A	0	-0.0782522773801751	1
RAP1B	0	-0.09015876571643713	1
RAP1GAP	0	-0.18633798841649088	0
RAP1GAP2	0	-0.10053440275643233	0
RAP1GDS1	0	-0.13192838878529173	0
RAP2A	1	-0.003308097489599042	2
RAP2B	0	-0.14725585280984285	0
RAP2C	0	0.01591666902019876	1
RAPGEF1	0	-0.34292518803828054	0
RAPGEF2	0	-0.18382856284029606	0
RAPGEF6	0	-0.16836457273980396	0
RAPH1	0	-0.19805497321234308	0
RARA	0	-0.3216166803221466	0
RARRES2	0	-0.1528116582972562	0
RARS2	0	-0.2598534298111412	0
RASA1	0	-0.16472588391692597	0
RASA2	0	-0.10497731240331556	0
RASA3	0	-0.15326630838191946	0
RASA4	0	-0.050730439084911906	1
RASAL1	0	-0.09710894664613964	0
RASAL2	0	-0.15459266282143677	0
RASAL3	0	-0.04721195879535014	1
RASGRP2	0	-0.22311797043066087	0
RASIP1	0	-0.20728160138665563	0
RASL12	0	-0.21978215857154887	0
RASSF2	0	-0.12080304675983378	0
RASSF4	0	-0.1517811236893935	1
RASSF5	0	-0.2013040229191428	0
RASSF8	0	-0.2476190104796145	0
RAVER1	0	-0.3322941220656738	0
RAVER2	0	-0.2682981979170267	0
RB1	0	-0.14453265485487207	0
RB1CC1	0	-0.22500574600716966	0
RBBP4	1	0.0054904621441328625	2
RBBP5	1	-0.05723145112041259	2
RBBP6	0	-0.12891734573782193	1
RBBP7	1	0.002820466329035998	2
RBBP9	0	-0.08984884508358962	0
RBCK1	0	-0.1941175093293222	0
RBFA	0	-0.33163691326596545	0
RBFOX2	0	-0.11741563181217096	1
RBKS	0	-0.092575416564032	0
RBL2	0	-0.3220614278135273	0
RBM10	0	-0.06750436703634846	1
RBM12	0	-0.06631261014974528	1
RBM12B	0	-0.21896191936962378	0
RBM14	1	-0.05689656391622542	2
RBM15	1	-0.05641239239824898	2
RBM15B	0	-0.117729442093079	0
RBM17	0	-0.18800286362333973	1
RBM18	0	-0.33963306132503945	0
RBM19	0	-0.07630825330093129	1
RBM22	1	-0.16764863113291495	2
RBM23	0	-0.017385043100965565	1
RBM25	1	0.03521088265921911	2
RBM26	0	-0.07697043685418889	0
RBM27	0	-0.14963362395881966	1
RBM28	0	-0.3725579260768483	0
RBM3	0	-0.19350141492441708	0
RBM33	0	-0.1324026278389029	1
RBM34	0	-0.17567791825773185	0
RBM39	1	-0.1215137321653496	2
RBM42	0	-0.22600107007403003	0
RBM45	0	-0.10896343567212648	1
RBM47	0	-0.1267747537608237	0
RBM4B	0	-0.0919591491620331	1
RBM5	0	-0.146426617342091	0
RBM6	0	-0.239127897903392	0
RBM7	0	-0.08830817408466027	1
RBM8A	1	-0.05028428984060669	2
RBMS1	0	-0.150985063422602	1
RBMS2	0	-0.18920438944869328	0
RBMS3	0	-0.12301921111214734	0
RBMX	0	-0.09396375343037597	0
RBMX2	0	-0.15018757573387814	0
RBMXL1	0	-0.10122364705341644	1
RBP1	0	-0.10909029755571058	0
RBP4	0	-0.3933799324672066	0
RBP7	0	-0.08179351420641465	1
RBPJ	0	-0.07653202813214241	1
RBPMS	0	-0.1384414766539749	1
RBSN	1	-0.051165990785536165	2
RBX1	0	-0.2930207124746493	0
RC3H1	0	-0.30211063459539156	0
RC3H2	0	-0.2754980439162345	0
RCAN1	0	-0.40993209310138284	0
RCBTB2	0	-0.21613682910681095	0
RCC1	0	-0.05078707613589779	1
RCC1L	0	-0.23542756472126952	0
RCC2	0	-0.05930540477411378	1
RCCD1	0	-0.4135952097057398	0
RCHY1	0	-0.28021603823988983	0
RCL1	0	-0.1801735284935819	0
RCN1	0	-0.16602181534842972	0
RCN2	0	-0.17138460403608285	0
RCN3	0	-0.1181007666061327	0
RCOR1	0	-0.12380253011935674	1
RCOR3	0	-0.11326173119228186	1
RCSD1	0	-0.04810510820002384	1
RDH10	0	-0.15048897853448362	0
RDH11	0	-0.16201736781496087	0
RDH13	0	-0.1210012274343544	0
RDH14	0	-0.06554062952481218	1
RDX	0	-0.12750416954696536	1
RECK	0	-0.25337740524987806	0
RECQL	0	-0.1675332867785946	0
RECQL5	0	-0.20895299783387533	0
REEP3	0	-0.2516849850121309	0
REEP4	0	-0.16955315068746668	1
REEP5	0	-0.1878281068161976	1
REEP6	0	-0.18079782710525447	0
REL	0	-0.10828050821889663	0
RELA	0	-0.21456223043683642	0
RELB	0	-0.1513569798254098	0
RELCH	0	-0.09831015017969238	1
RELL1	0	-0.2502675131937641	0
RENBP	0	-0.14555549606289692	0
REPIN1	0	-0.15449533280684374	1
REPS1	0	-0.1338979403937453	1
REPS2	0	-0.055978219105875415	0
RER1	0	-0.15785958410866063	1
RERE	0	-0.32899415349867817	0
RETN	0	-0.197946890802989	0
RETREG2	0	-0.29733684555908063	0
RETREG3	0	-0.1845663376960656	0
RETSAT	0	-0.09535345369434116	1
REXO2	0	-0.086827678701246	0
REXO4	0	-0.17182434568966157	0
RFC1	1	-0.02552515535149994	2
RFC2	0	-0.12500316111307644	0
RFC3	0	-0.06364040591451073	1
RFC4	0	-0.01149166927234816	1
RFC5	1	-0.05758008537467396	2
RFESD	0	-0.40247667055859127	0
RFFL	0	-0.3239872585250668	0
RFK	0	-0.22021475897926618	0
RFLNB	0	-0.3098703502142556	0
RFT1	0	-0.1526816775568361	0
RFTN1	0	-0.11563968823828005	0
RFX1	0	-0.17399416094089984	1
RFX3	0	-0.19920471114589125	0
RFX5	0	-0.12074072163578982	0
RFX7	0	-0.29635104127977707	1
RFXANK	0	-0.30993366329481736	0
RFXAP	0	-0.39311569725257345	0
RGCC	0	-0.34993540458364536	0
RGL2	0	-0.16170136139358687	1
RGN	0	-0.10897869220891596	1
RGP1	0	-0.36109015788072696	0
RGS10	0	-0.10145558240892574	0
RGS12	1	-0.11382997605218584	2
RGS14	0	-0.3678080808907963	0
RGS19	0	-0.2831448554401782	0
RGS3	0	-0.19469349787226434	0
RHBDD1	0	-0.5349043865901852	0
RHBDD2	0	-0.2249071723224163	0
RHBDD3	0	-0.16436542316571057	0
RHBDF1	0	-0.2088381911167318	0
RHBDF2	0	-0.1516045771285446	0
RHCE	0	-0.19969962188673535	0
RHEB	0	-0.11785285584497811	0
RHOA	0	-0.13429172275572676	0
RHOB	0	-0.20027853616601105	1
RHOC	0	-0.16836882960559185	1
RHOF	0	-0.06685542419205498	0
RHOG	0	-0.16909021049096573	0
RHOQ	1	-0.013221642056429537	3
RHOT1	0	-0.18458998469694898	0
RHOT2	1	-0.06814141635760948	2
RHPN2	0	-0.07805270860010224	0
RIC1	0	-0.30668585837421347	0
RIC8A	0	-0.33139790188062	0
RIC8B	0	-0.47251726227207247	0
RICTOR	0	-0.2704949566706868	0
RIDA	0	-0.129323824823036	0
RIF1	0	-0.02865591206387602	1
RILP	0	-0.2056002520373601	0
RILPL1	0	-0.11484004184470406	1
RILPL2	0	-0.24106198279722366	0
RIN1	0	-0.25756122983737717	0
RIN2	0	-0.22926620038714854	0
RIN3	0	-0.10288257987110097	1
RING1	1	-0.02549003118352456	2
RINT1	0	-0.2474794502810816	0
RIOK1	0	-0.2081318377321762	0
RIOK2	0	-0.24739935221077375	0
RIOK3	0	-0.43104476098164907	0
RIOX1	0	-0.3684092810110467	0
RIOX2	0	-0.20545267071760326	1
RIPK1	0	-0.2644175538432703	0
RIPK2	0	-0.17578294886813828	0
RIPK3	0	-0.16867714522908914	0
RIPOR1	0	-0.07047010837860605	1
RIPOR2	0	-0.3843781226690063	0
RIT1	0	-0.31480910389641314	0
RMC1	0	-0.1080773235530577	1
RMDN1	0	-0.1045329441273704	0
RMDN2	0	-0.009100864418948543	1
RMDN3	0	-0.08410971763527961	0
RMND1	0	-0.13260704003895746	0
RMND5A	0	-0.2434071002658187	0
RNASE1	0	-0.14878181875531832	0
RNASE2	0	-0.39820215495689487	0
RNASE3	0	-0.14673906370763168	0
RNASE4	0	-0.10397687655697048	1
RNASE6	0	-0.18198485066892423	0
RNASEH2A	0	-0.08893884479476652	1
RNASEH2B	0	-0.13305606506089931	1
RNASEH2C	0	-0.048666652048560737	0
RNASEL	0	-0.18687603957336432	0
RNASET2	0	-0.0856557867927882	1
RND3	0	-0.26048855822421846	0
RNF10	0	-0.5978585698414567	0
RNF11	0	-0.8375690014781917	0
RNF113A	0	-0.2614301963121738	0
RNF114	0	-0.20092813351691893	0
RNF115	0	-0.2500665696919348	0
RNF121	0	-0.1637892631298617	0
RNF123	0	-0.1844885841644786	0
RNF126	0	-0.21733205193763597	0
RNF13	0	-0.263418267114521	0
RNF135	0	-0.30009693796322845	0
RNF14	0	-0.27623616333121725	0
RNF141	0	-0.5587795308749496	0
RNF146	0	-0.2153245633987962	0
RNF149	0	-0.4131995705505993	0
RNF166	0	-0.5475901095364721	0
RNF167	0	-0.4814795127860566	0
RNF169	0	-0.4220599355809541	0
RNF170	0	-0.11621426263491279	0
RNF181	0	-0.26743293596347684	1
RNF185	0	-0.35764051012804265	0
RNF2	0	-0.07040074814557848	1
RNF20	1	-0.004729706504797898	3
RNF213	0	-0.04426324010570158	1
RNF214	0	-0.2530089577771294	0
RNF216	0	-0.5454939149194793	1
RNF220	0	-0.19282271199311402	0
RNF25	0	-0.31892389754856304	0
RNF31	0	-0.23301637950521262	1
RNF34	0	-0.3592131651650183	0
RNF40	1	-0.08230356606233749	2
RNF41	0	-0.20382308741634145	0
RNF5	0	-0.17533476841745627	0
RNF7	0	-0.054974468932246	1
RNGTT	0	-0.15129285726551298	0
RNH1	0	-0.13971946963238815	0
RNLS	0	-0.23679922420621774	0
RNMT	0	-0.08120917644021411	0
RNPC3	0	-0.41208644898419655	0
RNPEP	0	-0.1928900251873044	1
RNPS1	0	-0.1160302633320063	0
ROBO1	0	-0.2014756453086611	0
ROCK1	0	-0.09726606933996709	0
ROCK2	0	-0.03074261246228348	0
ROGDI	0	-0.17621951055511925	0
ROMO1	0	-0.25736581211585186	0
ROR1	0	-0.4443385256941556	0
RP2	0	-0.20589198241695678	0
RP9	0	-0.2554056526222168	0
RPA1	1	0.00732544979416936	2
RPA2	0	-0.17075865598983078	0
RPA3	0	-0.08811410273784356	0
RPAIN	0	-0.19434032748721375	0
RPAP1	0	-0.4020419199158332	0
RPAP2	0	-0.3781431470852911	0
RPAP3	0	-0.20181031925135634	1
RPE	0	-0.13800859957549919	0
RPF1	0	-0.5130207903687507	0
RPF2	0	-0.10848460127414275	1
RPIA	0	-0.13925073898924442	1
RPL10	0	-0.12359993808484623	1
RPL10A	1	-0.06738576344926832	2
RPL11	0	-0.1961130537146311	0
RPL12	0	-0.2837096823925624	1
RPL13	0	-0.21884220463527088	1
RPL13A	0	-0.18471353436044183	1
RPL14	0	-0.12925906902548356	0
RPL15	0	-0.1648759228139513	1
RPL17	0	-0.16032213208166596	0
RPL18	0	-0.13971481219301246	1
RPL18A	1	-0.035779565006554694	2
RPL19	0	-0.41322414908397204	0
RPL21	0	-0.04586275122710844	1
RPL22	0	-0.16156683585750725	0
RPL22L1	0	-0.236597551362118	0
RPL23	0	-0.23411440998096059	1
RPL23A	0	-0.24329105453585828	0
RPL24	0	-0.26496444275529407	0
RPL26	1	-0.1025942678319242	2
RPL26L1	0	-0.1929397061518494	1
RPL27	0	-0.1478263756944226	0
RPL27A	0	-0.08573361917352454	1
RPL28	0	-0.055482564900984944	1
RPL29	0	-0.3117318028981432	0
RPL3	1	-0.09776677430875877	2
RPL30	0	-0.14017316449579703	0
RPL31	0	-0.2694603490620205	0
RPL32	0	-0.2818925879706715	0
RPL34	0	-0.26297445744827275	0
RPL35	0	-0.43169987168857415	0
RPL35A	0	-0.23680272363215832	0
RPL36	0	-0.22018195088608783	0
RPL37	0	-0.22483092677835498	0
RPL37A	0	-0.2821863376200371	0
RPL38	0	-0.2735207549254071	0
RPL39	0	-0.20937712614405735	0
RPL4	0	-0.18098564207552878	0
RPL5	0	-0.1721011358119457	1
RPL6	0	-0.12743219375201092	0
RPL7	0	-0.14007544735390381	0
RPL7A	0	-0.13427471292291968	0
RPL7L1	0	-0.24849798036472345	0
RPL8	0	-0.1831706268324526	0
RPL9	1	-0.02685708989315453	2
RPLP0	0	-0.013917060283596776	1
RPLP1	0	-0.06974820673918636	1
RPLP2	1	-0.10187073682202312	2
RPN1	0	-0.11434420867521952	0
RPN2	0	-0.1378115674418911	1
RPP14	0	-0.2701440028155967	0
RPP21	0	-0.19031125816181343	0
RPP25	0	-0.2357286641000944	0
RPP25L	0	-0.2826533664451276	0
RPP30	0	-0.18730256105979853	1
RPP38	0	-0.34289749861240176	0
RPP40	0	-0.2782800526947259	0
RPRD1A	0	-0.11754490195211717	1
RPRD1B	0	-0.14481717578210446	0
RPRD2	1	-0.15688886624008536	2
RPS10	0	-0.04790221511689862	0
RPS11	0	-0.11286474234649087	0
RPS12	1	-0.15076418540098574	2
RPS13	0	-0.04074793382857312	1
RPS14	0	-0.21909465350345295	0
RPS15	1	-0.02000160163387284	2
RPS15A	0	-0.0957948297945581	1
RPS16	0	-0.2876116305911366	0
RPS17	1	-0.03659417010132869	2
RPS18	0	-0.1299869796705361	1
RPS19	0	-0.16384926495810517	0
RPS19BP1	0	-0.2985170260980145	0
RPS2	0	-0.18097701169591862	1
RPS20	0	-0.19328159161486294	0
RPS21	0	-0.21352480124988996	0
RPS23	0	-0.2494916042306873	0
RPS24	0	-0.11286620850109644	1
RPS25	0	-0.12609525904431867	1
RPS26	0	0.03282033674871571	1
RPS27A	0	-0.20585425415770944	1
RPS28	0	-0.12846394740211964	1
RPS29	1	-0.17768657558419748	2
RPS3	0	-0.15960431900646438	1
RPS3A	0	-0.05693117518059439	1
RPS4X	0	-0.12312498519082189	1
RPS5	1	-0.07778220180417597	2
RPS6	0	-0.2315621776811811	1
RPS6KA1	0	-0.1321537954603697	1
RPS6KA3	0	-0.13976947736181003	0
RPS6KA4	0	-0.2050484351223214	0
RPS6KA5	0	-0.025520509638279436	1
RPS6KB1	0	-0.32628674840446303	0
RPS6KB2	1	-0.139525899708568	2
RPS6KC1	0	-0.08340775106695272	1
RPS7	1	0.04767658965778172	3
RPS8	0	-0.08819515165662595	1
RPS9	1	-0.07644950144392622	2
RPSA	0	-0.03935877507096934	1
RPTOR	0	-0.22092226323252614	0
RPUSD2	0	-0.13774800542967597	1
RPUSD4	0	-0.3633006736521118	0
RRAD	0	-0.133125560883548	0
RRAGA	0	-0.1934007644153981	0
RRAGC	0	-0.12228112717857846	0
RRAS	0	-0.1592890074795012	0
RRAS2	0	-0.1815614021052652	0
RRBP1	0	-0.13203965789276878	1
RREB1	0	-0.012646932271373399	1
RRM1	0	-0.0445211528225119	1
RRM2	0	-0.07305718665593877	1
RRM2B	0	-0.10685059093315027	0
RRN3	0	-0.3895179109334755	0
RRP1	0	-0.10055863485669489	1
RRP12	0	-0.15461571117660375	0
RRP15	0	-0.07204130390436861	0
RRP1B	0	-0.14908213686796462	1
RRP36	0	-0.39696204703968585	0
RRP7A	0	-0.2357523577316924	0
RRP8	1	-0.1284472584743736	2
RRP9	0	-0.14950272205970144	1
RRS1	0	-0.2175746281937593	0
RSBN1	0	-0.13942461647227727	0
RSBN1L	0	-0.17435659405871942	0
RSF1	1	-0.100878030121722	2
RSL1D1	0	-0.2387689704043225	1
RSL24D1	0	-0.5350208827232331	0
RSPRY1	0	-0.26332856117486403	0
RSRC1	0	-0.10296063139323433	0
RSRC2	0	-0.13971332833951222	0
RSU1	0	-0.08725210285154919	0
RTCA	0	-0.26586861851569454	0
RTCB	0	-0.14573167108438506	0
RTF1	0	-0.1314411683076286	0
RTF2	0	-0.15442005727440744	1
RTKN	0	-0.18731354006702655	0
RTL8C	0	-0.29917809767936354	0
RTN1	0	-0.06765390892327354	0
RTN2	0	-0.28754610116806417	0
RTN3	0	-0.2363351756833612	0
RTN4	0	-0.045751463904617054	1
RTN4IP1	0	-0.20532131771915724	0
RTRAF	0	-0.18905534275204244	0
RUBCN	0	-0.2601956833829325	0
RUFY1	0	-0.1047042841174034	0
RUFY2	0	-0.10063602020503626	1
RUFY3	0	-0.08428232671876101	1
RUNDC1	0	-0.5580181100316014	0
RUNX1	0	-0.16318003297563893	0
RUSC1	0	-1.0353643411923437	0
RUVBL1	0	-0.09680840607762213	0
RUVBL2	0	-0.0827470705771194	0
RWDD1	0	-0.14807735987354728	1
RWDD2B	0	-0.35169490866704406	0
RWDD3	0	-1.5692547893283393	0
RWDD4	0	-0.251856676841178	0
RXRA	0	-0.17696838097551565	0
RXRB	0	-0.2088533238216092	0
RYBP	0	-0.33393200783810106	0
S100A1	0	-0.30045516374019904	1
S100A10	0	-0.08913077923754273	1
S100A11	0	-0.13152822812275747	0
S100A12	1	-0.12206689323199013	2
S100A13	0	-0.13020652503369484	0
S100A16	0	-0.2149634249737617	0
S100A2	0	-0.17262767117157293	0
S100A3	0	-0.20182300303070866	1
S100A4	0	-0.0946564286517677	0
S100A6	0	-0.10889313815714023	0
S100A8	0	-0.07247259352906822	1
S100A9	0	-0.09286469126150072	1
S100B	0	-0.07172913971865834	1
S100P	0	-0.22792929417524524	0
SAA1	0	-0.3350377414195362	0
SAA2-SAA4	0	-0.4582265636809463	0
SAAL1	0	-0.20050945192966893	0
SACM1L	0	-0.17056668364778962	0
SACS	0	-0.2846900867596019	0
SAE1	0	-0.12267793713055435	1
SAFB	1	0.0015313313688611412	3
SAFB2	0	-0.0837306894527792	1
SAMD1	0	-0.4724755315000636	0
SAMD12	0	-0.39176726793393224	0
SAMD4A	0	-0.21168832153908718	0
SAMD4B	0	-0.15552161095942374	0
SAMD9	0	-0.15769361716121325	0
SAMD9L	0	-0.13287180484263209	0
SAMHD1	0	-0.05362511007416485	0
SAMM50	0	-0.12028522088053653	1
SAMSN1	0	-0.08401130789955824	1
SAP130	0	-0.07632645069950711	1
SAP18	1	0.0874881331514541	4
SAP30	0	-0.12816431782210747	0
SAP30BP	1	-0.01934917990762294	2
SAP30L	0	-0.1372720371317283	1
SAR1A	0	-0.18309049082425097	0
SAR1B	0	-0.15037980373940635	0
SARAF	0	-0.20188843286930033	0
SARDH	0	-0.14947812644959738	0
SARM1	0	-0.021394225728299077	1
SARNP	1	-0.04447884415884247	2
SARS2	0	-0.24862065001478678	0
SART1	0	0.03713724186224674	1
SART3	0	-0.09153683366581886	1
SASH1	0	-0.14137677445189917	0
SASH3	0	-0.08076921056898234	1
SAT2	0	-0.32242072183300796	0
SAV1	0	-0.3109710754211713	0
SAYSD1	0	-0.3830510109651196	0
SBDS	0	-0.13410734512344402	0
SBF1	0	-0.11046335360275569	1
SBF2	0	-0.05599635021619811	1
SBNO1	0	-0.13264802813315998	0
SBSPON	0	-0.09300634455155653	0
SC5D	0	-0.45495624682272784	0
SCAF1	0	-0.19667417437512255	1
SCAF11	0	-0.18810728499978951	0
SCAF4	0	-0.09045682751981875	1
SCAF8	0	-0.18136152950369266	0
SCAI	0	-0.1617936642746453	1
SCAMP1	0	-0.13506944122712672	0
SCAMP2	0	-0.24114166708500745	0
SCAMP3	0	-0.16564575399521045	0
SCAMP4	0	-0.2848085167327249	0
SCAPER	0	-0.20819115172810337	0
SCARB1	0	-0.17533912982391286	0
SCARB2	0	-0.2543897500028643	0
SCARF1	0	-0.17673902629612226	0
SCARF2	0	-0.40275398373544363	0
SCCPDH	0	-0.14779305635935908	0
SCD	0	-0.11669110625075785	1
SCD5	0	-0.15502517616922373	0
SCFD1	0	-0.2235707471621156	0
SCFD2	0	-0.3996740558088704	0
SCIN	0	-0.06626983099615642	0
SCLY	1	-0.02505408339938674	3
SCO1	1	-0.0725085667925188	2
SCO2	0	-0.21156422212660994	1
SCOC	0	-0.3518511077336993	0
SCP2	0	-0.12901695709881666	0
SCPEP1	0	-0.24326654256010558	0
SCRIB	0	-0.09916256657350077	1
SCRN1	0	-0.004028212146271723	1
SCRN2	0	-0.07146380390593143	0
SCRN3	0	-0.20597266510478054	0
SCUBE3	0	-0.29464073948319813	0
SCYL1	0	-0.18024514992750013	0
SCYL2	0	-0.0661536108553197	1
SCYL3	0	-0.23539642177797443	0
SDAD1	0	-0.34177727993549	0
SDC1	0	-0.04600494918796708	0
SDC2	0	-0.17175280198632747	0
SDC4	0	-0.14869928238828692	0
SDCBP	0	-0.17097381887516286	0
SDCCAG8	0	-0.32084586394166914	0
SDE2	0	-0.3419097375459893	0
SDF2	0	-0.29360548777251994	0
SDF2L1	0	-0.16904412674194366	0
SDF4	0	-0.26005285329648203	1
SDHA	0	-0.29741221185636063	0
SDHAF2	0	-0.36849094836308316	0
SDHAF3	0	-0.2447729763543402	0
SDHAF4	0	-0.3560456443319757	0
SDHB	0	-0.31140330675214367	0
SDHC	0	-0.4943041724104152	0
SDK1	0	-0.1552927686416012	0
SDR39U1	0	-0.20345225938404848	1
SDS	0	-0.3097407978133996	0
SDSL	0	-0.18446124063594033	0
SEC11A	0	-0.020366835486531256	0
SEC11C	0	-0.21941028219363506	0
SEC13	1	-0.09635983371542614	2
SEC14L1	0	-0.13154500390521429	1
SEC14L2	0	-0.08642033758296631	0
SEC14L4	0	-0.3170612999578547	0
SEC16A	0	-0.4284618236545722	0
SEC22A	0	-0.11753350445548064	1
SEC22B	0	-0.1422028127019746	0
SEC23A	0	-0.1060177109481703	1
SEC23B	0	-0.16992606527546175	1
SEC23IP	0	-0.0979779921601424	0
SEC24A	0	-0.20970897344900613	1
SEC24B	0	-0.28552907265523186	0
SEC24C	0	-0.2594641545244649	0
SEC24D	0	-0.17030907245307758	0
SEC31A	0	-0.19469565172579736	0
SEC61A1	0	-0.14316984485615225	0
SEC61B	0	-0.19044819065675464	1
SEC61G	0	-0.3188261952480939	0
SEC62	0	-0.18287653600875262	1
SEC63	1	-0.1672398287165507	2
SECISBP2	0	-0.3842652044142314	0
SECISBP2L	0	-0.3102422471577395	0
SEH1L	0	-0.15861260012256567	0
SEL1L	0	-0.2093245084110193	0
SELENBP1	1	0.0015079821245390646	2
SELENOF	0	-0.35022617788585375	0
SELENOH	0	-0.2755194374969125	1
SELENOK	0	-0.23397928637149285	0
SELENOM	0	-0.08337781349156324	1
SELENON	0	-0.3098576671245083	1
SELENOO	0	-0.04744968370771346	1
SELENOP	0	-0.4120591238384284	0
SELENOS	0	-0.192427882336094	0
SELENOT	0	-0.33118448402284695	0
SELENOW	0	-0.22984532050613543	0
SELL	0	-0.11767385022760875	1
SELP	0	-0.18798097311105738	0
SEMA3B	0	-0.2175931969193005	0
SEMA3C	0	-0.20404391640379788	0
SEMA4A	0	-0.1825521496393077	0
SEMA4B	0	-0.08652698885899676	0
SEMA4C	0	-0.28523361128146557	0
SEMA4D	0	-0.24044556906163939	0
SEMA7A	0	-0.13156772998673877	1
SENP1	0	-0.31160473518922827	0
SENP2	0	-0.4433642543289533	0
SENP3	0	-0.21801546902071384	0
SENP6	0	-0.25971691628973825	0
SENP7	0	-0.26510772988757986	0
SENP8	0	-0.2482016451421231	0
SEPHS1	0	-0.21068209293448753	0
SEPHS2	0	-0.20359757551484878	0
SEPSECS	0	-0.1388289020218122	0
SERAC1	0	-0.32183703846916284	0
SERBP1	1	-0.15118256985039652	2
SERF2	0	-0.216006329032128	0
SERGEF	0	-0.3090432184725419	0
SERINC1	0	-0.13930423909370254	1
SERINC3	0	-0.08442273551940802	0
SERPINA1	0	-0.3619968321365464	0
SERPINA10	0	-0.3984193255185296	0
SERPINA3	0	-0.3191087824505666	0
SERPINA4	0	-0.25078060304632593	0
SERPINA5	0	-0.14580159286664554	1
SERPINA6	0	-0.3532969523104875	0
SERPINA7	0	-0.3316050660627673	1
SERPINB1	0	-0.10662564284397875	0
SERPINB10	1	-0.12941268769375464	2
SERPINB6	0	-0.15926428810575116	0
SERPINB8	0	-0.18402275947444968	0
SERPINB9	0	-0.07842813363927523	0
SERPINC1	0	-0.3786727030929394	0
SERPIND1	0	-0.47164804010060807	0
SERPINE2	1	-0.03617007373240462	2
SERPINF1	0	-0.11066385380122028	0
SERPINF2	0	-0.2991777165582821	0
SERPING1	0	-0.30327707610098703	0
SERPINH1	1	-0.03311485902464924	2
SERPINI1	0	-0.1647048991917952	0
SESN1	0	-0.3324325587552043	0
SESTD1	0	-0.14939916387555358	0
SET	0	-0.07064386482204385	0
SETD1A	0	-0.16676789135455464	1
SETD1B	0	-0.2351429025651953	0
SETD2	0	-0.34301031324992953	0
SETD3	0	-0.19358661097834456	0
SETD7	0	-0.0384492644156228	0
SETDB1	0	-0.13203095338556164	1
SETMAR	0	-0.05946172928255502	1
SETX	0	-0.3033122389723443	0
SEZ6L2	0	-0.2245953556385404	0
SF1	0	-0.07927425670082999	1
SF3A1	1	0.050865248863451375	2
SF3A2	0	-0.046978228028954544	1
SF3A3	0	-0.08510815974167585	1
SF3B1	1	0.03720528272011556	2
SF3B2	1	0.030022535647055194	2
SF3B3	1	0.0345821562994545	3
SF3B4	0	-0.09811323362497779	0
SF3B5	0	-0.04619884687561556	1
SF3B6	0	0.006801452418891918	1
SFN	0	-0.11483683173493334	1
SFPQ	0	-0.004454029147361899	1
SFRP1	0	-0.3005954395622924	0
SFRP2	0	-0.2548206530761024	0
SFRP4	0	-0.09365839502377972	1
SFSWAP	0	-0.140680752191615	0
SFT2D3	0	-0.2219484360901347	0
SFXN1	0	-0.14816777080110982	0
SFXN2	0	-0.22138041068007835	0
SFXN3	0	-0.16916092989403314	0
SFXN4	0	-0.35737350164970966	0
SFXN5	0	-0.33686547731705996	0
SGCB	0	-0.8957918185305387	0
SGCD	0	-0.13864894989453927	0
SGCE	0	-0.2403139323760612	0
SGF29	0	-0.258508576415011	0
SGK3	0	-0.2375740868643935	0
SGPL1	0	-0.015494802742610336	1
SGPP1	0	-0.17082162655425082	0
SGSH	0	-0.25057502807863374	0
SGSM3	1	-0.05973158302814204	2
SGTA	0	-0.12286338782500243	0
SGTB	0	-0.11430852716989567	0
SH2B1	0	-0.18502358256462506	0
SH2D3C	0	-0.2833095203201893	0
SH2D4A	0	-0.07243003689143572	0
SH3BGRL	0	-0.11619858273556108	0
SH3BGRL2	0	-0.03288356781218872	0
SH3BGRL3	0	-0.2285069427125362	0
SH3BP1	0	-0.13770538090346057	1
SH3BP2	0	-0.1462013194359939	1
SH3BP4	0	-0.09757646620418332	0
SH3BP5	0	-0.16667954159313889	0
SH3BP5L	0	-0.20040123603157212	0
SH3D19	0	-0.037777874951042165	1
SH3GL1	0	-0.2134930054066066	0
SH3GL2	0	-0.19383322588781576	0
SH3GLB1	0	-0.17870040995579126	0
SH3GLB2	0	-0.1639027775496305	0
SH3KBP1	0	-0.0984036362384426	0
SH3PXD2A	0	-0.12211330023008735	0
SH3PXD2B	0	-0.09123833409030808	0
SH3RF1	0	-0.14564007462649226	0
SH3RF3	0	-0.329192697243626	0
SH3TC1	0	-0.30934681160049904	0
SHANK2	0	-0.2996723819257473	0
SHANK3	0	-0.16466931685358918	0
SHARPIN	0	-0.2598892033086603	1
SHB	0	-0.2712064613669179	0
SHBG	0	-0.2458926556407846	0
SHC1	0	-0.2677857900712276	0
SHF	0	-0.38293645465573467	0
SHKBP1	0	-0.29001009816663287	0
SHMT1	0	-0.11301675606562542	0
SHMT2	0	-0.125581552318302	0
SHOC2	0	-0.23804250525013648	0
SHPK	0	-0.17254074261745242	1
SHROOM1	0	-0.514001958249187	0
SHROOM2	0	-0.16871648279397491	0
SHROOM3	0	-0.10426720580801048	1
SHROOM4	0	-0.06674888497133154	0
SHTN1	0	-0.1074682207207436	0
SIAE	0	-0.17418769679742027	0
SIAH1	0	-0.28994824700433763	0
SIDT2	0	-0.34092258089188016	0
SIGLEC1	0	-0.22992032373471355	0
SIGMAR1	0	-0.42784059473268454	0
SIK2	0	-0.2752364355673669	0
SIK3	0	-0.2977242137886419	0
SIKE1	0	-0.30740628326133856	0
SIL1	0	-0.14422344787567723	0
SIN3A	1	0.06273514583281527	3
SIN3B	0	-0.21801307277400298	1
SIPA1	1	-0.016091332737421825	2
SIPA1L1	0	-0.14583024925622085	0
SIPA1L2	0	-0.14511737594086502	0
SIPA1L3	0	-0.1393063353179725	0
SIRPA	0	-0.24468289256980782	0
SIRT1	0	-0.24776160230444422	0
SIRT2	1	-0.0697399336415434	2
SIRT3	0	-0.13581763311933942	1
SIRT5	0	-0.11771604475718375	0
SIRT6	0	-0.25687386121032085	0
SKAP2	0	-0.06270731851512239	1
SKIV2L	0	-0.2681385543833294	0
SKP1	0	-0.2267916657674746	0
SLAIN2	0	-0.26273684534164155	0
SLC12A2	0	-0.2615453663116184	0
SLC12A4	0	-0.1552919457427296	0
SLC12A6	0	-0.16453182409937075	0
SLC12A7	0	-0.12959834269493425	1
SLC12A9	0	-0.1806174020582189	1
SLC15A4	0	-0.22159688442735193	0
SLC16A1	0	-0.21787033216522872	0
SLC16A3	0	-0.08053124122481722	1
SLC17A5	0	-0.19878948223633544	0
SLC19A1	0	-0.4384441511424404	0
SLC1A4	0	-0.24891014550397017	0
SLC1A5	0	-0.12311694077695554	0
SLC20A2	0	-0.4353613396947627	0
SLC22A18	0	-0.1557009574055988	0
SLC25A1	0	-0.16413042356316052	1
SLC25A10	0	-0.3273027199208391	0
SLC25A11	0	-0.1655665653066524	1
SLC25A12	0	-0.19747774459347786	1
SLC25A13	0	-0.1195113845152804	1
SLC25A15	0	-0.1567270390836192	0
SLC25A16	0	-0.3424436729115212	0
SLC25A19	0	-0.155178322429883	0
SLC25A20	0	-0.10079253017597396	0
SLC25A22	0	-0.1532216647858036	0
SLC25A24	0	-0.1712774993110789	0
SLC25A25	0	-0.10839019957290008	1
SLC25A29	0	-0.7004435433911512	0
SLC25A3	0	-0.23341568133106727	0
SLC25A32	0	-0.24618095172332569	0
SLC25A4	0	-0.22797225809146307	0
SLC25A40	0	-0.24051048118747512	0
SLC25A46	0	-0.06475938763239622	0
SLC25A5	0	-0.26431883968160885	0
SLC25A51	0	-0.41566596555767993	0
SLC25A6	0	-0.24102902250578356	0
SLC26A2	0	-0.42881996255297494	0
SLC26A6	0	-0.3276876142952917	0
SLC27A1	0	-0.1489773208647765	0
SLC27A2	0	-0.16578852683183815	0
SLC27A3	0	-0.23185469272429532	0
SLC27A4	0	-0.19757496209755138	0
SLC29A1	0	-0.6687900400489989	0
SLC2A1	0	-0.11351714568874224	0
SLC2A13	0	-0.11492497631545598	0
SLC2A3	0	-0.1171740275765022	1
SLC2A5	0	-0.12839650308562073	1
SLC30A1	0	-0.1811902835089801	0
SLC30A5	0	-0.09195317019075575	1
SLC30A6	0	-0.2546479885763062	0
SLC30A7	0	-0.876683920213188	0
SLC30A9	0	-0.193232048046336	1
SLC33A1	0	-0.11126057036182883	1
SLC35B2	0	-0.24664175891375267	0
SLC35B3	0	-0.4004151363329611	0
SLC35E1	0	-0.12184835302970227	1
SLC35F6	0	-0.2085877161657264	0
SLC37A4	0	-0.15257788649011045	1
SLC38A1	0	-0.3596841445983398	0
SLC38A10	0	-0.2363596322487748	0
SLC39A10	0	-0.12611073609789478	0
SLC39A11	0	-0.22507428115009648	0
SLC39A14	0	-0.14191291845379056	0
SLC39A6	0	-0.4030215747234342	0
SLC39A7	0	-0.18385928334261709	0
SLC3A2	0	-0.2557162832628378	0
SLC41A3	0	-0.22265293556577773	0
SLC43A2	0	-0.17255501814561264	0
SLC43A3	0	-0.16864517402169527	0
SLC44A1	0	-0.18208317285142167	0
SLC44A2	0	-0.09325443550569681	0
SLC44A3	0	-0.5695708158270719	0
SLC4A1	0	-0.13770541757881166	0
SLC4A1AP	0	-0.1330938713655613	0
SLC4A2	0	-0.25237648914920835	0
SLC4A4	0	-0.32254643918385273	1
SLC4A7	0	-0.21641647474859232	0
SLC52A2	0	-0.4199513257557069	0
SLC6A6	0	-0.6064171818218261	0
SLC7A1	0	-0.2500243042127591	0
SLC7A5	0	-0.2159423422377249	0
SLC7A6OS	0	-0.43324757221218385	0
SLC8A1	0	-0.402797455524558	0
SLC9A1	0	-0.18480088537258124	0
SLC9A3R1	0	-0.1483672226497778	0
SLC9A3R2	0	-0.16129094547241693	0
SLC9A6	0	-0.28119283606489154	0
SLC9A7	0	-0.2317330124318123	0
SLC9A9	0	-0.17537365042599767	0
SLCO2A1	0	-0.14106054058262663	0
SLFN11	0	-0.10959250542868162	0
SLFN5	0	-0.09483082428286113	0
SLIRP	0	-0.1924333457130552	0
SLIT2	0	-0.08738476855281227	1
SLK	0	-0.06737518870511357	1
SLMAP	0	-0.22030205821421264	0
SLPI	0	-0.12917666683507784	0
SLTM	0	-0.10041174145300955	1
SLU7	1	-0.17187147829069227	2
SMAD2	0	-0.14846632294352646	1
SMAD3	0	-0.11205095626428277	0
SMAD4	0	-0.15884382089157853	0
SMAD5	0	-0.20809007571998706	0
SMAP1	0	-0.14984641700522744	0
SMAP2	0	-0.031079743568286643	1
SMARCA1	0	-0.12676215719632625	0
SMARCA2	1	0.0886578918041721	2
SMARCA4	0	-0.0620024150881067	1
SMARCA5	0	-0.05289841055687653	1
SMARCAD1	0	-0.18133956929573203	0
SMARCAL1	0	-0.2042418150370799	0
SMARCB1	0	-0.07971959764252101	0
SMARCC1	0	-0.1254731370000283	0
SMARCC2	1	0.010268607917589382	2
SMARCD1	0	-0.13497201989980465	1
SMARCD2	0	-0.19319608958352796	0
SMARCD3	0	-0.08514869201302798	1
SMARCE1	1	0.006327161926768918	2
SMC1A	1	0.1566509981719193	5
SMC2	1	-0.01856885415798032	2
SMC3	1	0.13103063791275676	4
SMC4	1	-0.0660105924492473	2
SMC5	0	-0.09065787972807429	1
SMC6	0	-0.11605792242548332	1
SMCHD1	0	-0.11003412293124779	0
SMCR8	0	-0.31531265264376446	0
SMDT1	0	-0.5898281091425578	0
SMG1	0	-0.3606038902334745	0
SMG5	0	-0.22892841136747158	1
SMG6	0	-0.3503103479927212	0
SMG7	0	-0.2727997088745465	0
SMG8	0	-0.22170997468754164	0
SMG9	0	-0.23975531616644497	0
SMIM12	0	-0.1801453692433066	0
SMIM20	0	-0.3165296034340311	0
SMN1	0	-0.19621228316828043	0
SMNDC1	1	-0.06471565525405214	2
SMOC1	0	-0.24840894277822337	0
SMPD1	0	-0.3483679716855892	0
SMPD2	0	-0.3159724560404839	0
SMPD4	0	-0.12710170629494905	0
SMPDL3A	0	-0.19154747812567527	0
SMPDL3B	0	-0.5559739284191376	0
SMS	0	-0.15668253602891152	0
SMTN	0	-0.15511909652508882	0
SMU1	0	-0.06589122111636059	1
SMUG1	0	-0.2251894899683454	0
SMYD2	0	-0.20995471552443518	0
SMYD3	0	-0.21799457066230707	0
SMYD4	0	-0.5608207057217547	0
SMYD5	0	-0.3660248412421903	0
SNAP23	0	-0.1128038014605964	1
SNAP29	0	-0.2771356552544333	0
SNAP47	0	-0.36754631765460105	0
SNAPC5	0	-1.0183823414975919	0
SNAPIN	0	-0.3511925520377189	0
SNCA	0	-0.1715465758704409	0
SNCG	0	-0.07403639980214963	0
SND1	0	-0.0786880960317034	0
SNED1	0	-0.2781284035441093	1
SNF8	0	-0.3263111370184584	0
SNIP1	0	-0.24683595605811579	0
SNRK	0	-0.23678532981694583	0
SNRNP200	1	0.005442641679872384	2
SNRNP27	0	-0.1029979878838512	1
SNRNP40	1	0.012661591239394098	2
SNRNP48	0	-0.9909612025086124	0
SNRNP70	1	0.04405903358918699	2
SNRPA	0	-0.1175807943452489	1
SNRPA1	1	0.014758654708908747	2
SNRPB2	0	-0.05516954534734272	1
SNRPC	0	-0.13283337619415453	1
SNRPD1	1	-0.16978936171520448	2
SNRPD2	1	0.0716598605306684	2
SNRPD3	0	-0.1264513835463109	0
SNRPE	0	-0.19813649451952906	0
SNRPF	0	-0.04573753854018756	0
SNRPG	1	0.01869521159277412	3
SNTA1	0	-0.19456309781914463	0
SNTB1	0	-0.110805289210552	1
SNTB2	1	0.009038294322266587	2
SNU13	0	-0.0528512343483447	1
SNUPN	0	-0.16382703445860772	0
SNW1	1	-0.026576380425860118	2
SNX1	0	-0.02936241521933148	0
SNX11	0	-0.11097056555228739	1
SNX12	0	-0.04561260942909317	1
SNX13	0	-0.2625238406819963	0
SNX14	0	-0.2244269850538967	0
SNX15	0	-0.2661505145470743	1
SNX16	0	-0.22757124402247433	1
SNX17	1	-0.11125935468085094	2
SNX18	0	-0.06101167005611132	0
SNX19	0	-0.5780285872780484	0
SNX2	0	-0.07945790965877006	0
SNX21	0	-0.2001403184574157	0
SNX24	0	-0.3150314449592001	1
SNX27	0	-0.21323406444470533	0
SNX29	0	-0.20280569616533822	0
SNX3	0	-0.14330955145651822	1
SNX30	0	-0.08818491995480941	1
SNX33	0	-0.1811161253543509	0
SNX4	1	-0.028285310790220158	2
SNX5	0	-0.14441648192338957	1
SNX6	0	-0.07696424029598463	1
SNX7	0	-0.09477162869300002	1
SNX8	0	-0.04460894010638673	1
SNX9	0	-0.15073502837259417	0
SOAT1	0	-0.16872650917756946	0
SOD1	1	-0.11919379281544196	2
SOD2	0	-0.1636463305298631	0
SOD3	0	-0.1196577189936933	1
SOGA1	0	-0.26791439535604006	1
SOGA3	0	-0.2596695454478399	0
SON	1	-0.022134537197612426	2
SORBS1	0	-0.07421204626537437	0
SORBS2	0	-0.04891359444906316	1
SORBS3	1	0.01353794386565752	3
SORCS2	0	-0.22200990544824414	0
SORD	0	-0.11552494379685667	0
SORL1	0	-0.11086458239437562	0
SORT1	0	-0.1383013490903943	0
SOS1	0	-0.21508110283774137	0
SOS2	0	-0.23314439395122055	0
SOWAHB	0	-0.6007591506734382	0
SOWAHC	0	-0.14156419018530034	0
SOX13	0	-0.14422527496498144	1
SOX9	0	-0.2203549168380908	0
SP1	0	-0.1356264390921817	1
SP100	0	-0.10494548235270558	0
SP110	0	-0.1676411928743491	1
SP140L	0	-0.14240530395413986	1
SP2	0	-0.19208125174585683	1
SP3	0	-0.06791046861152361	0
SP4	0	-0.2700142982553119	0
SPAG1	0	-0.1770454828802413	0
SPAG5	0	-0.6722781201902472	0
SPAG7	0	-0.0006509591154336414	1
SPAG9	0	-0.1476569411937041	0
SPARC	0	-0.1348370228763216	1
SPARCL1	0	-0.0402714455515432	0
SPART	0	-0.08649580768048436	1
SPAST	0	-0.2476526747194588	0
SPATA13	0	-0.3349658529842487	0
SPATA2	0	-0.18251558786250985	1
SPATA20	0	-0.19548060260774175	0
SPATA5	0	-0.21383703279363728	0
SPATA5L1	0	-0.2867995994075277	0
SPATS2	0	-0.1836698936330539	0
SPATS2L	0	-0.0699464204122284	0
SPCS2	0	-0.23100255000648118	0
SPCS3	0	-0.26273015260018306	0
SPECC1	1	-0.0003238421455028395	2
SPECC1L	0	-0.19660687549604464	0
SPEG	0	-0.7752649775985161	0
SPEN	1	-0.07683249780327268	2
SPG11	0	-0.19421626989131366	0
SPG21	0	-0.18218872856756022	0
SPG7	0	-0.16011772014035602	0
SPHK2	0	-0.35684008995438676	0
SPI1	0	-0.1604242255806803	0
SPICE1	0	-0.40681371859822646	0
SPIN1	0	-0.09797200185940946	1
SPINT2	1	-0.08932006194683367	2
SPIRE1	0	-0.22572567132807214	0
SPN	0	-0.11924344234009052	1
SPNS1	0	-0.4178588557568669	0
SPOCK2	0	-0.18399113833674047	0
SPON1	0	-0.03942408859847538	1
SPON2	0	-0.47393269554151607	1
SPOUT1	0	-0.22916779199771273	0
SPP1	0	-0.10809793813304251	0
SPP2	0	-0.27774895454770865	0
SPPL2A	0	-0.4992861212869881	0
SPPL2B	0	-0.1382063818206791	1
SPR	0	-0.1829731119794124	0
SPRY1	0	-0.23593288099557733	0
SPRY4	0	-0.23727826394943188	0
SPRYD3	0	-0.2611369742258334	0
SPRYD4	0	-0.29070220743964076	0
SPRYD7	0	-0.21681920983325442	0
SPTA1	0	-0.14237364226572105	0
SPTAN1	1	-0.02687243535799928	2
SPTB	0	-0.15207452514079006	1
SPTBN1	0	-0.015235689335924868	1
SPTBN2	0	-0.04849573765147482	1
SPTLC1	0	-0.16832144293869566	1
SPTLC2	0	-0.13765314610106308	1
SPTY2D1	0	-0.28159389805777385	0
SQLE	0	-0.4092446226883696	0
SQOR	0	-0.17013245980415723	0
SQSTM1	0	-0.10089903409825111	0
SRA1	0	-0.2069874420038543	0
SRBD1	0	-0.0874705088770827	1
SRC	0	-0.13477574632123093	0
SRCAP	1	-0.015570841303426942	2
SRCIN1	0	-0.14535377282723083	1
SRD5A3	0	-0.14781698035662932	1
SREK1	1	-0.01788863438368534	2
SRF	0	-0.2075262711176366	0
SRFBP1	0	-0.19830775441725326	0
SRGAP1	0	-0.20968162270386942	0
SRGAP2	0	-0.14183517701792817	1
SRGN	0	-0.21918778755367527	0
SRI	1	-0.060512668669654365	2
SRM	0	-0.16778642920663286	0
SRP14	1	-0.06651718662531136	2
SRP19	0	-0.254144584613183	0
SRP54	0	-0.22423522219999398	0
SRP68	0	-0.2510942545358626	0
SRP72	0	-0.2565520023604647	0
SRP9	0	-0.09392433172215256	0
SRPK1	0	-0.26873981756021537	0
SRPK2	0	-0.18798060584440623	1
SRPRA	0	-0.0989610095616627	0
SRPRB	1	-0.060153166473532596	2
SRPX	0	-0.2687535539909807	0
SRPX2	1	-0.11910187121340132	2
SRR	0	-0.3130956736587403	0
SRRM1	0	-0.17184437732636687	0
SRRM2	0	-0.04687054937975228	1
SRRT	1	0.02689705471462362	3
SRSF1	0	0.05284226639241961	1
SRSF10	1	-0.10214558911435238	2
SRSF11	0	-0.0756599274343239	1
SRSF2	0	-0.10884518640625629	0
SRSF3	0	-0.0394206347201523	1
SRSF4	1	-0.05908636403101604	2
SRSF5	0	-0.07945114928833659	1
SRSF6	1	-0.06976735312727372	2
SRSF7	0	-0.03138289227329376	1
SRSF9	0	-0.07626073344724504	1
SRXN1	0	-0.2874020333585577	0
SS18	0	-0.13734294643590866	1
SSB	0	-0.12691417383287465	1
SSBP1	0	-0.20577502625043892	0
SSBP2	0	-0.1791742039096566	0
SSBP4	0	-0.32372580106452753	0
SSC5D	1	-0.13662566137987237	3
SSH1	0	-0.33871431712435524	0
SSH2	0	-0.48480129408011424	0
SSH3	0	-0.12415039432044384	0
SSNA1	0	-0.116005226424744	1
SSR1	0	-0.24251695517207777	0
SSR2	0	-0.2040359308288378	1
SSR3	0	-0.14005431986593958	0
SSR4	0	-0.12946749403763708	0
SSRP1	1	-0.04877313616439274	2
SSU72	0	-0.30806741424844125	0
ST13	0	-0.11205644083309756	0
ST14	0	-0.14523273410474963	0
ST6GAL1	0	-0.12537141175650848	0
ST7	0	-0.4439973885417284	0
STAB1	0	-0.02187424912832674	0
STAG1	0	-0.06201256663046982	1
STAG2	1	0.0473717514871603	2
STAM	0	-0.07079513920160677	1
STAM2	0	-0.19576677794061198	1
STAMBP	0	-0.1259697025080521	0
STAMBPL1	0	-0.18515294181807102	0
STARD10	0	-0.07547077560211075	1
STARD13	0	-0.23930824601211845	0
STARD3	0	-0.2240298696069481	1
STARD7	0	-0.15305570022922055	0
STAT1	0	-0.03202574854811217	1
STAT2	0	-0.17185401878507406	0
STAT3	0	-0.21301710738517965	0
STAT5A	0	-0.1638098165466015	0
STAT5B	0	-0.13124666867303286	0
STAT6	0	-0.15056556203410484	1
STAU1	0	-0.14973836958678458	0
STAU2	0	-0.14661385200044788	1
STBD1	1	-0.0518287963019116	2
STC1	0	-0.24528839787598908	0
STC2	0	-0.11530652443309868	1
STEAP3	0	-0.12453335443211441	0
STIM1	0	-0.056178152992968244	1
STIM2	0	-0.32402143485463175	0
STIP1	1	-0.14900013411265345	2
STK10	0	-0.1516724836599449	0
STK11	0	-0.1802871563344654	0
STK11IP	0	-0.3252721757413718	0
STK16	0	-0.42942149632600646	0
STK17A	0	-0.3826925565866597	0
STK17B	0	-0.19268613894683956	0
STK24	0	-0.15438111412528008	0
STK25	0	-0.14706744160808494	0
STK26	0	-0.07862870257069504	0
STK3	0	-0.18114566847649768	0
STK32C	0	-0.18847739339773298	0
STK33	0	-0.0706420382613971	1
STK35	0	-0.6791567134246355	0
STK38	0	-0.18036268588640653	0
STK38L	0	-0.16582300578765513	0
STK39	0	-0.06560786328628254	1
STK4	0	-0.17262163012022907	1
STMN1	0	-0.11330481708642037	1
STN1	0	-0.3755785130709111	0
STOM	0	-0.12778123275046066	0
STOML2	0	-0.17466001701056083	0
STON1	0	-0.047491136907269436	0
STON2	0	-0.1280620817874513	0
STRADA	0	-0.24046166429084087	0
STRAP	0	-0.2208535720329683	0
STRBP	0	-0.08331362206667269	1
STRIP1	0	-0.31927967441193006	0
STRN	0	-0.10369877580062717	0
STRN3	0	-0.06953835846883638	0
STRN4	0	-0.06518003952731304	0
STT3A	0	-0.16327404299458098	0
STT3B	0	-0.21918894547891404	0
STUB1	0	-0.2099770222800899	0
STX10	0	-0.3703446008054279	0
STX11	0	-0.10045712430305184	0
STX12	0	-0.18815514061459818	0
STX16	0	-0.17068005837241024	0
STX17	0	-0.2457415924111397	0
STX18	0	-0.266474003929845	0
STX2	0	-0.32236915978377406	0
STX3	0	-0.12787066908358163	1
STX4	0	-0.22065550260505068	0
STX5	0	-0.1421635223087087	0
STX6	0	-0.12127712701359808	0
STX7	0	-0.22437771312585614	0
STX8	0	-0.25253923085381536	0
STXBP1	0	-0.0916713026962936	1
STXBP2	0	-0.13581408919790336	0
STXBP3	0	-0.09190754267050767	0
STXBP4	0	-0.17892090458386004	0
STXBP5	0	-0.2254423351916226	0
STXBP6	0	-0.09447084153647493	0
SUB1	0	-0.2145815470743105	0
SUCLA2	0	-0.12090062879960799	0
SUCLG1	0	-0.25630027959374135	0
SUCLG2	0	-0.26241983775530536	0
SUDS3	0	-0.030672791060532258	0
SUFU	0	-0.5598493816313187	0
SUGP1	0	-0.07117700169367018	0
SUGP2	0	-0.09522105796091523	0
SUGT1	0	-0.13945962650696492	0
SULF1	0	-0.1328016630251437	1
SULF2	0	-0.14871823482205626	0
SULT1A1	0	-0.046714020538386185	0
SULT1A3	0	-0.11197475057268218	0
SULT1B1	0	-0.22803710831894022	0
SUMF1	0	-0.1669369130491854	1
SUMF2	0	-0.09129800565742048	0
SUMO1	0	-0.1780434129954544	0
SUMO2	0	-0.39117703227611056	0
SUN1	0	-0.10094341108177693	0
SUN2	0	-0.1318002997689512	0
SUOX	0	-0.20563506144655386	0
SUPT16H	0	-0.0828786922639572	0
SUPT20H	0	-0.3726321687113558	0
SUPT3H	0	-0.5776001093042255	0
SUPT4H1	0	-0.2875044375071831	0
SUPT5H	0	-0.03586458756552968	1
SUPT6H	0	-0.07660189594039643	1
SUPV3L1	0	-0.2486818637149104	0
SURF1	0	-0.137811031719743	1
SURF2	0	-0.35730706537436074	0
SURF4	0	-0.13312076307779858	0
SURF6	0	-0.22316807435447958	0
SUSD2	0	-0.13331000184575825	1
SUZ12	0	-0.193061550025668	0
SVBP	0	-0.3477233904800805	0
SVEP1	0	-0.22559695815501296	1
SVIL	0	-0.0428757289774073	0
SVIP	0	-0.23309810881811838	0
SWAP70	0	-0.14437364069818565	0
SYAP1	1	-0.09852255745210083	2
SYDE1	0	-0.1870103624484181	0
SYF2	0	-0.3576576797610704	0
SYK	0	-0.05863394329134379	0
SYMPK	1	-0.06931221652406935	2
SYN2	0	-0.798704742423016	0
SYNC	0	-0.26767082938856523	0
SYNCRIP	0	-0.04618076616429086	0
SYNE1	0	-0.1849897049927663	0
SYNE2	0	-0.056566087791369825	0
SYNE3	0	-0.1743214446584168	0
SYNGR1	0	-0.3184966410441127	0
SYNGR2	0	-0.17965090799841216	0
SYNJ1	0	-0.050571530919166996	1
SYNJ2	0	-0.18776869035616212	0
SYNJ2BP-COX16	0	-0.18352290274828986	1
SYNM	0	-0.16447401949882828	0
SYNPO	1	-0.02835305026799214	2
SYNPO2	0	-0.09095293938019408	0
SYNRG	0	-0.26294123895193877	0
SYPL1	0	-0.10651213661152101	1
SYTL2	0	-0.12241271355739278	0
SYTL4	0	-0.08577760936646035	0
SYVN1	0	-0.3093359845078701	0
SZRD1	0	-0.2846531587559385	0
SZT2	0	-0.249189398072436	0
TAB1	0	-0.12477578913601572	0
TAB2	0	-0.36228932584383494	0
TAB3	0	-0.31611446868652726	0
TACC1	0	-0.04637711059252502	1
TACC2	0	-0.11145158100607948	0
TACC3	0	-0.10309108129109408	1
TACO1	0	-0.10419550316525925	1
TADA1	0	-0.38285327877160963	0
TADA2B	0	-0.6501050231584586	0
TADA3	0	-0.16518324856606548	0
TAF1	0	-0.20964054880900468	0
TAF10	0	-0.21599623210677565	1
TAF11	0	-0.6873495800246615	0
TAF12	0	-0.35029813158502565	0
TAF15	0	-0.21426636660152126	0
TAF2	1	-0.1546010876548299	2
TAF3	0	-0.3670145713721096	1
TAF4	1	-0.03936034018107516	2
TAF5	0	-0.3038477957418857	0
TAF5L	0	-0.22329381101378906	0
TAF6	0	-0.1353832486424853	1
TAF6L	0	-0.14220005746915435	1
TAF7	0	-0.13627854894615998	0
TAF8	0	-0.28659032505305826	0
TAF9	0	-0.16405240302420276	0
TAF9B	0	-0.14522664815525058	1
TAGLN	0	-0.11061836971780596	0
TAGLN2	0	-0.10994897011424543	0
TALDO1	0	-0.07808254578349066	1
TAMM41	0	-0.3944879860826607	0
TANC1	0	-0.1890971205716255	0
TANC2	0	-0.07207782937554244	0
TANGO2	0	-0.09565070691642122	1
TANGO6	0	-0.24513119159081054	0
TANK	0	-0.2365839966665034	0
TAOK1	0	-0.10362461971878748	1
TAOK2	0	-0.29649195978005377	0
TAOK3	0	-0.1820870515690629	0
TAP1	0	-0.08349115072064087	0
TAP2	0	-0.052073760737901965	1
TAPBP	0	-0.06841494720148425	1
TAPBPL	0	-0.09302102517194173	1
TAPT1	0	-0.10851644861940461	0
TARBP1	0	-0.21739433382100928	0
TARBP2	0	-0.23805254142915094	0
TARDBP	0	-0.04794895426322084	0
TARS2	0	-0.27310195509091106	0
TASP1	0	-0.2898676006252201	0
TATDN1	0	-0.15321028753394633	0
TATDN3	0	-0.18372811740385955	1
TAX1BP1	0	-0.1369124097511932	0
TAX1BP3	0	-0.16371798028032883	1
TBC1D1	0	-0.07427032011643633	0
TBC1D10A	0	-0.31317391009159995	0
TBC1D10B	0	-0.2692628255563494	0
TBC1D10C	0	-0.46254270837347916	1
TBC1D13	0	-0.24163665001777002	0
TBC1D15	0	-0.08768198870035503	0
TBC1D16	0	-0.2288540637092466	0
TBC1D17	0	-0.21196521867708956	1
TBC1D2	0	-0.14919053690358572	0
TBC1D20	0	-0.26489059005975657	0
TBC1D22A	0	-0.0992568210086923	1
TBC1D22B	0	-0.21390935288758106	0
TBC1D23	0	-0.2657612656298623	1
TBC1D24	0	-0.1305317904819175	0
TBC1D2B	0	-0.07182296601198371	1
TBC1D4	0	-0.10594705964044929	0
TBC1D5	0	-0.21523077247292463	0
TBC1D7	0	-0.23757167484551472	0
TBC1D8	0	-0.16452529986853398	0
TBC1D8B	0	-0.11829332385557043	0
TBC1D9	0	-0.14359414112174784	0
TBC1D9B	0	-0.153624009114009	1
TBCA	0	-0.18349711661972512	0
TBCB	0	-0.2337699922367417	0
TBCC	0	-0.14130727817029085	0
TBCD	0	-0.4282981022885487	0
TBCE	0	-0.29032078218262125	0
TBCEL	0	-0.11702079876123354	1
TBCK	0	-0.3027435222858928	1
TBK1	0	-0.16806103585561977	1
TBL1X	0	-0.16261122483255905	0
TBL1XR1	0	-0.08818171075983357	1
TBL2	0	-0.1497357901800681	0
TBL3	1	-0.045718105777803004	2
TBP	0	-0.18390730520660345	1
TBPL1	0	-0.4973563972150156	0
TBRG4	0	-0.36351574687491667	0
TBX2	0	-0.21846387229929037	1
TBXAS1	0	-0.1404863744893355	0
TCAF1	0	-0.2537560377123861	0
TCAF2	0	-0.19258693532412155	0
TCEA1	0	-0.07239628888319204	1
TCEA2	0	-0.21521271597482702	0
TCEA3	0	-0.08197117688334789	0
TCEAL1	0	-0.10029626278897959	0
TCEAL3	0	-0.03908887218066498	1
TCEAL4	0	-0.025838318741086573	1
TCERG1	0	-0.08445849796081117	1
TCF12	0	-0.18045071475176905	0
TCF20	0	-0.18970056021727383	0
TCF25	0	-0.24164517825723517	0
TCF3	0	-0.2876199371684595	0
TCF4	0	-0.08962213479312864	1
TCHP	0	-0.39591659833340664	0
TCIRG1	0	-0.3493622306662758	0
TCN2	0	-0.33810048329471	0
TCOF1	0	-0.18651974443318614	0
TCP1	0	-0.12995155915259257	0
TCP11L1	0	-0.10594947640621219	0
TCP11L2	0	-0.483102390646145	0
TCTN3	0	-0.4534514052792461	0
TDG	0	-0.3615192556802548	0
TDP1	0	-0.2209006387308925	0
TDP2	0	-0.40400150924327577	0
TDRD3	0	-0.30838312905214343	0
TDRD7	0	-0.16121047522398094	1
TDRKH	0	-0.1220539480325293	0
TDRP	0	-0.14152168072331386	0
TEAD1	0	-0.15007724540453948	0
TEAD3	0	-0.20972775188972276	0
TECPR1	0	-0.13074671303117832	1
TECPR2	0	-0.2681679179986219	0
TECR	0	-0.14897603994194944	0
TEFM	0	-0.4054597062292311	0
TELO2	0	-0.31777487888453654	0
TENT2	0	-0.55695971530661	0
TENT4B	0	-0.2915760656894661	0
TEP1	0	-0.11513078993541011	1
TEPSIN	0	-0.8893185698539554	0
TERF1	0	-0.22633850578160725	0
TERF2	0	-0.09921433404824548	1
TERF2IP	0	-0.11256022950109183	1
TES	0	-0.170637321848104	0
TESC	0	-0.08702192044651236	0
TEX10	0	-0.29583884833924273	0
TEX2	0	-0.23030909907623126	0
TEX264	1	-0.055751203737247845	2
TEX30	0	-0.7044625850918286	0
TF	0	-0.34938912757473495	1
TFAM	0	-0.24702038919391495	0
TFAP4	0	-0.3193478612890281	0
TFB1M	0	-0.33451331174566307	0
TFB2M	0	-0.1477764483660918	1
TFCP2	0	-0.1972643280802656	0
TFDP1	0	-0.17206119362863315	0
TFDP2	0	-0.3461276291943545	0
TFE3	0	-0.21932734206776164	0
TFEB	0	-0.16153023049170007	0
TFG	0	-0.10668518361955175	0
TFIP11	1	-0.10284777855632168	2
TFPI	0	-0.14987493237942273	0
TFRC	0	-0.11073826589935906	1
TGFB1	0	-0.09695524644524237	1
TGFB1I1	1	-0.10968064768493332	2
TGFB2	0	-0.1668685267626761	1
TGFBI	0	-0.08837081345012818	0
TGFBR1	0	-0.2987819861742112	0
TGFBR2	0	-0.44455048514953466	0
TGFBR3	0	-0.31916595976592677	0
TGFBRAP1	0	-0.3243092968566019	0
TGIF1	0	-0.3849660849765204	1
TGM2	0	-0.12338228296688099	0
TGOLN2	1	0.009644184087075559	2
TGS1	0	-0.22709174413594901	0
THADA	0	-0.19390268267884517	0
THAP11	0	-0.11291846502740463	1
THAP12	0	-0.33341761637931133	0
THAP4	0	-0.49041394557590323	0
THBD	0	-0.24653175274799405	0
THBS1	0	-0.05102394415897884	1
THBS2	0	-0.05431017525923648	1
THBS3	1	-0.07582012556387951	2
THBS4	0	-0.030853448535190696	1
THEM4	0	-0.21927473204839082	0
THEM6	0	-0.08927532113120702	1
THEMIS	0	-0.36973649082513926	0
THEMIS2	0	-0.11543899001315286	0
THG1L	0	-0.17048917489735588	0
THNSL1	0	-0.12737727348505132	0
THNSL2	0	-0.28756776607992945	0
THOC1	0	-0.21031261760350298	0
THOC2	0	-0.12072446392331274	1
THOC3	0	-0.14775329131584672	1
THOC5	0	-0.07846275103227215	0
THOC6	0	-0.17283027552658942	0
THOC7	0	-0.18104780110174107	0
THOP1	0	-0.12084244283155701	0
THRAP3	1	-0.021909664347680997	3
THSD4	0	-0.09157192105139765	1
THSD7A	1	-0.03728553805013	2
THTPA	0	-0.05594530990025742	1
THUMPD1	0	-0.1526414336778825	1
THUMPD3	0	-0.16774546265127357	0
THY1	0	-0.19724305036648931	0
THYN1	0	-0.02006503474689374	0
TIA1	0	-0.21435359065792428	0
TIAL1	0	-0.18639510084796046	1
TIAM1	0	-0.38584367204373426	0
TICAM1	0	-0.6632230956352545	0
TIE1	0	-0.8559873112909531	0
TIFA	0	-0.3063384282146159	0
TIGAR	0	-0.09571682948385277	1
TIMELESS	0	-0.4800993514496895	0
TIMM10	0	-0.2627373110023795	1
TIMM10B	0	-0.3212591111733623	0
TIMM13	0	-0.2453029687793688	0
TIMM17A	0	-0.5439795976395674	1
TIMM17B	0	-0.23688279474872917	0
TIMM21	1	-0.07019560971167624	2
TIMM22	0	-0.374608729465601	0
TIMM23	0	-0.16682774600959854	1
TIMM29	0	-0.353065854235524	0
TIMM44	0	-0.1817418034469715	0
TIMM50	0	-0.19261714768108615	1
TIMM8A	0	-0.21629004878462763	0
TIMM8B	0	-0.2489412060856715	0
TIMM9	0	-0.2596542120563799	0
TIMMDC1	0	-0.1724906798945384	1
TIMP1	0	-0.01593623802075794	1
TIMP2	0	-0.16590133080094013	1
TIMP3	0	-0.11433018390897928	0
TINAGL1	0	-0.21739157889759633	0
TINF2	0	-0.6387858848654316	0
TIPRL	0	-0.2715385040192014	0
TJAP1	0	-0.18417299018867264	0
TJP1	0	-0.08175508824749553	1
TJP2	1	-0.0745253174507961	2
TK1	0	-0.1705944550173585	0
TK2	0	-0.36796437251399805	0
TKFC	0	-0.14305528830687403	0
TKT	1	-0.028681357895043325	2
TLE1	0	-0.07227333878894829	0
TLE3	0	-0.0760158829263852	1
TLK1	0	-0.1729534420144056	0
TLK2	0	-0.14943064984778606	1
TLN1	0	-0.11655273695502037	0
TLN2	0	-0.07232764765613042	1
TLNRD1	0	-0.30504497923962065	0
TLR2	0	-0.1171404777494355	0
TLR3	0	-0.17818380046592494	0
TM2D3	0	-0.37421015047492456	0
TM7SF2	0	-0.11964232521844778	0
TM7SF3	0	-0.30162974528670167	0
TM9SF1	0	-0.12128392917934687	1
TM9SF2	0	-0.23097344756718727	0
TM9SF3	0	-0.07963081323622086	1
TM9SF4	0	-0.136470467026039	0
TMA16	0	-0.2502410096679343	0
TMA7	0	-0.2536339085178675	0
TMBIM6	0	-0.15972150531101997	0
TMCC1	0	-0.4807105675089427	1
TMCC3	0	-0.19996844739785663	0
TMCO1	0	-0.16947382099116878	1
TMCO3	0	-0.08798867381798006	1
TMCO4	0	-0.3257737958156562	0
TMED1	0	-0.22569473084407016	0
TMED10	0	-0.03195801248102344	1
TMED2	1	-0.050473332815170115	2
TMED3	0	-0.23321899547940736	0
TMED4	0	-0.15417955576135273	0
TMED5	0	-0.15946848461253	0
TMED8	0	-0.191854620637311	0
TMED9	0	-0.15372983340690222	0
TMEM101	0	-0.5767177124458789	0
TMEM102	0	-0.35522053146288435	0
TMEM106B	0	-0.20233835718210305	1
TMEM109	0	-0.22754135673380588	0
TMEM11	0	-0.24337521061606054	0
TMEM115	0	-0.38557499910105814	0
TMEM119	0	-0.18980913031207958	0
TMEM120A	0	-0.13345685714678795	0
TMEM120B	0	-0.2566611776219207	0
TMEM126A	0	-0.16089308115274012	1
TMEM126B	0	-0.5113541637849784	0
TMEM131	0	-0.2352947876007117	0
TMEM132A	0	-0.283140489588388	0
TMEM134	0	-0.333006255733622	0
TMEM135	0	-0.4159438474981737	0
TMEM147	0	-0.1917789163727114	0
TMEM159	0	-0.21263584918906844	0
TMEM161A	0	-0.20843661448988676	0
TMEM165	0	-0.13891498347855755	1
TMEM167A	0	-0.09006830565517747	1
TMEM168	0	-0.23266896967405687	0
TMEM177	0	-0.23842370041309185	0
TMEM179B	0	-0.1285490816193972	1
TMEM181	0	-0.4364377879022504	0
TMEM192	0	-0.14822002106170862	0
TMEM199	0	-0.3914040915727367	0
TMEM201	0	-0.1048691272590621	0
TMEM205	0	-0.24513399421555615	0
TMEM209	0	-0.1703177772107352	0
TMEM214	0	-0.07472668332328895	0
TMEM222	0	-0.18173806750009386	1
TMEM223	0	-0.16352869249628174	1
TMEM230	0	-0.21475452140915094	0
TMEM245	0	-0.17177808718009302	0
TMEM259	0	-0.29630508046463877	0
TMEM263	0	-0.17467723827027415	0
TMEM30A	0	-0.2634287008398906	0
TMEM33	0	-0.1450110613585436	0
TMEM41A	0	-0.13360919340122937	1
TMEM41B	0	-0.1335981445003425	0
TMEM43	0	-0.14403538365001095	0
TMEM51	0	-0.24120876302365227	0
TMEM59	0	-0.44865119271799825	0
TMEM62	0	-0.32164236060449247	0
TMEM63A	0	-0.13991399761571452	1
TMEM63B	0	-0.17897494887282697	0
TMEM65	0	-0.2213284829251884	0
TMEM68	0	-0.17058686432335812	0
TMEM70	0	-0.1700627187938087	1
TMEM87A	0	-0.062438133803801754	1
TMEM87B	0	-0.17971964821215755	0
TMEM97	0	-0.43311653312880233	0
TMEM9B	0	-0.26165195041208766	0
TMF1	0	-0.2250533849626469	0
TMLHE	0	-0.16773141503381664	1
TMOD1	0	-0.054789844827348444	1
TMOD2	0	-0.056765422518493515	1
TMOD3	0	-0.23235385315880402	0
TMPO	0	-0.1168636947824784	0
TMPPE	0	-0.5518590423044294	0
TMSB10	0	-0.16178629421501417	1
TMSB4X	0	-0.20129508911289049	1
TMTC3	0	-0.12446190465288191	0
TMTC4	0	-0.2770018745958889	0
TMUB1	0	-0.17297002181410567	0
TMUB2	0	-0.327396485473759	0
TMX1	0	-0.10765337309390617	0
TMX2	0	-0.1163244766926113	1
TMX3	0	-0.14417193032842057	0
TMX4	0	-0.12235046437930955	0
TNC	0	-0.1491659527196616	1
TNFAIP2	0	-0.13555062160946257	0
TNFAIP3	0	-0.16475330437562008	0
TNFAIP6	0	-0.5694261418495089	0
TNFAIP8	0	-0.07606531374937578	1
TNFAIP8L2	0	-0.15645781873458794	0
TNFAIP8L3	0	-0.19378101729201452	0
TNFRSF12A	0	-0.16122999374057748	0
TNFRSF14	0	-0.6455868942869314	0
TNFRSF1A	0	-0.4273475258214505	0
TNFSF12	0	-0.302766172751297	0
TNIK	0	-0.06637289739834934	1
TNIP1	0	-0.27617860286466167	0
TNIP2	0	-0.16721123961693	0
TNK2	0	-0.4040198153125102	0
TNKS	0	-0.4838200106879841	0
TNKS1BP1	0	-0.14025827436040428	0
TNPO1	0	-0.18687934623558103	0
TNPO2	0	-0.23569344515400878	1
TNPO3	0	-0.1510678473379235	0
TNRC18	0	-0.20231552428306016	1
TNRC6A	0	-0.30810509705531	0
TNRC6B	0	-0.24128548035274333	0
TNRC6C	0	-0.23816214339881775	0
TNS1	1	-0.09368923987031273	2
TNS2	0	-0.12388456540618971	0
TNS3	1	-0.03384752182642722	2
TNXB	0	-0.08092781270533982	1
TOE1	0	-0.22527897977417047	0
TOLLIP	0	-0.0290073904910814	1
TOM1	0	-0.05307274866046813	1
TOM1L1	0	-0.11309787326013956	1
TOM1L2	1	-0.02344605707878652	2
TOMM20	0	-0.09270104759255222	0
TOMM22	0	-0.1533320119559552	0
TOMM34	0	-0.1818324020889633	0
TOMM40	0	-0.10346295022254023	1
TOMM5	0	-0.03082194716355986	1
TOMM6	0	-0.28979926470951983	0
TOMM7	0	-0.2573173259311911	0
TOMM70	1	-0.0514430791014697	2
TOP1	0	-0.11371183017273481	1
TOP2A	0	-0.0858524344049201	1
TOP2B	0	-0.0883141610742119	1
TOP3A	0	-0.33010861798625674	0
TOP3B	0	-0.1758861303161805	0
TOPBP1	0	-0.11701201085196229	0
TOR1A	0	-0.19732177062876138	0
TOR1AIP1	0	-0.2366788546981108	0
TOR1AIP2	0	-0.14979573835115062	1
TOR1B	0	-0.3408221767809766	0
TOR2A	0	-0.32172492082821746	1
TOR3A	0	-0.2573559808317424	0
TOR4A	0	-0.16757876518743356	0
TOX4	0	-0.08353526155353234	1
TP53BP1	0	-0.13979133945002895	1
TP53BP2	0	-0.16815668368445919	0
TP53I11	0	-0.19446629606219384	0
TP53I3	0	-0.20217549564344864	0
TP53RK	0	-0.3037436559287052	0
TPBG	0	-0.1214883484453853	0
TPCN1	0	-0.12359655909108161	1
TPD52	0	-0.13369001729034533	1
TPD52L1	0	-0.07314091721874569	0
TPD52L2	0	-0.07025075105824637	1
TPI1	0	-0.09226965914632664	1
TPK1	0	-0.10901630208991095	0
TPM1	0	-0.1808904400512185	0
TPM2	0	-0.132616762913071	0
TPM3	0	-0.10864007637859677	1
TPM4	0	-0.07907270119062401	1
TPMT	0	-0.23137636978431142	0
TPP1	0	-0.28077736989826396	0
TPP2	0	-0.04320318279125136	0
TPPP	0	-0.12562784721994338	1
TPPP3	0	-0.05171589432156613	0
TPR	1	-0.025695897265194056	3
TPRG1L	0	-0.24487512689244761	0
TPRKB	0	-0.39767427456339427	0
TPRN	0	-0.16537511361313642	0
TPST1	0	-0.2860811600133862	0
TPST2	0	-0.27048097140926874	0
TPT1	0	-0.2205556484571038	1
TPX2	0	-0.09010648728929986	0
TRA2A	0	-0.22552431226760383	0
TRA2B	0	0.027198048177137595	1
TRABD	0	-0.15519657037188578	1
TRADD	0	-0.19490551236430756	0
TRAF1	0	-0.18498876222497387	0
TRAF2	0	-0.10283257383102647	0
TRAF3	0	-0.19651021696867602	0
TRAF3IP1	1	-0.09618194182477965	2
TRAF3IP2	0	-0.5504455092044308	0
TRAF3IP3	0	-0.1338383856372575	0
TRAF4	0	-0.1916291834745664	1
TRAF5	0	-0.37566059474836777	0
TRAF6	0	-0.23883081194522404	0
TRAF7	0	-0.24635921353058335	0
TRAFD1	0	-0.09693564323656048	0
TRAK1	0	-0.8087414761584876	0
TRAM1	0	-0.17242333116723546	0
TRAP1	0	-0.1686694236837887	0
TRAPPC1	0	-0.25412730760783275	0
TRAPPC10	0	-0.25003450972104485	0
TRAPPC11	0	-0.2451815233433153	0
TRAPPC12	0	-0.3872607027202825	0
TRAPPC13	0	-0.3130219026053914	0
TRAPPC2	0	-0.25472679376434665	0
TRAPPC2L	0	-0.2416377877671497	0
TRAPPC3	0	-0.37863069908348634	0
TRAPPC4	0	-0.26943072498457965	0
TRAPPC5	0	-0.3120258529382777	0
TRAPPC6A	0	-0.17710180793372476	0
TRAPPC6B	0	-0.34500947114398645	0
TRAPPC8	0	-0.21422393172075518	0
TRAPPC9	0	-0.1605948157096846	1
TREX1	0	-0.23970473280697271	0
TRIAP1	0	-0.28852835221149853	0
TRIM14	0	-0.3676998432674395	0
TRIM16	0	-0.1703563775847599	0
TRIM2	0	-0.13490860833688129	0
TRIM21	0	-0.16023662981613213	0
TRIM22	0	-0.10196538467824119	0
TRIM24	0	-0.14986125940115022	1
TRIM25	0	-0.2425934638842692	0
TRIM26	0	-0.39816251414766446	1
TRIM27	0	-0.2992079246719138	0
TRIM28	0	-0.11609814311722647	1
TRIM3	0	-0.14589918375587946	0
TRIM32	0	-0.1789934335653292	0
TRIM33	0	-0.18040375218760318	0
TRIM38	0	-0.18840897919002927	0
TRIM4	0	-0.14103225691582702	0
TRIM41	0	-0.34725436371802887	0
TRIM44	0	-0.5796390099803354	0
TRIM47	0	-0.24785479975696428	1
TRIM5	0	-0.1753220372808312	0
TRIM56	0	-0.26569997299252684	0
TRIM65	0	-0.22616604628762643	0
TRIM68	0	-0.5386308918636761	0
TRIO	0	-0.14870838748419893	0
TRIOBP	0	-0.14431274223903215	0
TRIP10	0	-0.1544499688011653	0
TRIP11	0	-0.21608123729244455	0
TRIP12	0	-0.185343453694653	1
TRIP13	0	-0.10337566043929636	0
TRIP4	0	-0.26793906057915196	0
TRIP6	0	-0.055563636850136024	0
TRIR	0	-0.14396760327807284	0
TRIT1	0	-0.3459848522375094	0
TRMT1	0	-0.2793787520013308	0
TRMT10A	0	-0.4655663350662237	0
TRMT10C	0	-0.3028948768244424	0
TRMT11	0	-0.19747616568771317	0
TRMT112	0	-0.3379082786534514	0
TRMT13	0	-0.43292009633672296	0
TRMT1L	0	-0.1309142842394973	1
TRMT2A	0	-0.17811200802646426	0
TRMT5	0	-0.37386400514698737	0
TRMT6	0	-0.17006052417990963	1
TRMT61A	0	-0.28986263506811644	0
TRMT61B	0	-0.2391019277448918	0
TRMU	0	-0.30704130774951155	0
TRNAU1AP	0	-0.23676654028039357	0
TRNT1	0	-0.2564625748859498	0
TRPM4	0	-0.2751663955661743	0
TRPM7	0	-0.5575373763210578	0
TRPS1	0	-0.19020437174904284	0
TRPT1	0	-0.27393416171637835	0
TRPV2	0	-0.09157969912701822	1
TRRAP	0	-0.13475089281992575	1
TRUB1	0	-0.25716881426434623	0
TRUB2	0	-0.5749697259902691	0
TSC1	0	-0.2010109325541003	0
TSC2	0	-0.392022919350428	0
TSC22D1	0	-0.12576667080781323	0
TSC22D2	0	-0.1192407857490784	0
TSC22D3	0	-0.2689654896929256	1
TSC22D4	0	-0.07784530082880384	1
TSEN15	0	-0.2665345224903808	0
TSEN2	0	-0.566236473029265	0
TSEN34	0	-0.26647998828560626	0
TSEN54	0	-0.273589537102125	1
TSFM	0	-0.19276204779300207	0
TSG101	0	-0.19942918064741427	1
TSKU	0	-0.5881887294847685	0
TSN	0	-0.1225630366618281	0
TSNAX	0	-0.16830661848706518	0
TSPAN13	0	-0.14775084980507372	0
TSPAN14	0	-0.1938214286221587	0
TSPAN15	0	-0.12974617089587223	0
TSPAN6	0	-0.09875671119967143	0
TSPAN7	0	-0.18247987439795316	0
TSPAN8	0	-0.13173141780497605	0
TSPAN9	0	-0.18192129316884786	0
TSPO	0	-0.2570337722519303	0
TSPYL1	0	-0.3419464917866059	0
TSPYL4	0	-0.7414781536968726	0
TSPYL5	0	-0.08244252812254796	0
TSR1	0	-0.12969908993403667	1
TSR2	0	-0.20504493344448851	0
TSR3	0	-0.411074359522711	0
TSSC4	0	-0.21971101390885783	1
TST	0	-0.15879611400346277	0
TSTD1	0	-0.08381200100254296	0
TSTD2	0	-0.8794317784606104	0
TTC1	0	-0.0992592937367707	0
TTC12	0	-0.3872536508163898	1
TTC13	0	-0.33775911174809636	0
TTC14	0	-0.20003750963292707	0
TTC17	0	-0.3121390350726308	0
TTC19	0	-0.20986570636088464	0
TTC21B	0	-0.1819364688478179	1
TTC26	0	-0.22095868041110034	0
TTC27	0	-0.2592351004021067	0
TTC28	0	-0.26207357480031723	0
TTC3	0	-0.2096552031349665	0
TTC30A	0	-0.3333633526265376	0
TTC31	0	-0.5424410784534693	0
TTC33	0	-0.30730993892705233	0
TTC37	0	-0.29138190110601003	0
TTC38	0	-0.2203191359421735	0
TTC39A	0	-0.12141218894929559	0
TTC39B	0	-0.12055867649564027	0
TTC39C	0	-0.0873367905930601	0
TTC4	0	-0.21724902675139326	0
TTC5	0	-0.3154570934344464	0
TTC7A	0	-0.37908691340862793	0
TTC7B	0	-0.1261463140828691	0
TTC8	0	-0.303751986935881	0
TTC9	0	-0.13724305003921428	0
TTC9C	0	-0.2504271113914827	0
TTF1	0	-0.7131400767426398	0
TTF2	0	-0.2536512518995994	0
TTI1	0	-0.23904751870686317	0
TTI2	0	-0.46901056236804733	0
TTL	0	-0.44128166260882135	0
TTLL12	0	-0.08864703681862977	0
TTN	0	-0.3044226352989589	0
TTPAL	0	-0.25646510741442996	0
TTR	0	-0.2583409050676099	0
TTYH3	0	-0.19436960159561617	1
TUBA1C	0	-0.06914294834205346	0
TUBA4A	0	-0.08608856982425192	0
TUBA8	1	-0.08719188814680313	2
TUBB	0	-0.1862300249455337	0
TUBB1	0	-0.040525769783075864	1
TUBB2A	0	-0.13903793978047474	0
TUBB3	0	-0.0853776078415863	0
TUBB4A	0	-0.14702380431561088	0
TUBB4B	0	-0.1105993373592347	1
TUBB6	0	-0.07956882046841426	1
TUBB8	0	-0.034390235105961384	0
TUBG1	0	-0.22210134615002378	0
TUBGCP2	0	-0.23741739719859437	0
TUBGCP3	0	-0.24322598476521065	0
TUBGCP4	0	-0.3011873335107741	0
TUBGCP5	0	-0.3225540620073779	0
TUBGCP6	0	-0.3280573257533881	0
TUFM	0	-0.2626122738693253	0
TULP3	0	-0.2735033444072471	0
TUSC1	0	-0.34979467041608964	0
TUSC2	0	-0.3652744197881936	1
TUSC3	0	-0.1770377628583044	0
TUT1	0	-0.4111943925827358	0
TUT4	0	-0.1585501845005315	0
TUT7	0	-0.3389619105306838	0
TVP23B	0	-0.5811648872807638	0
TWF1	0	-0.12509072058493245	1
TWF2	0	-0.11949938770022542	1
TWSG1	0	-0.183945159628578	0
TXLNA	0	-0.14379807557399354	0
TXLNG	0	-0.10524557612012572	0
TXN	1	-0.049152084042224764	2
TXN2	0	-0.23752816383225683	0
TXNDC11	0	-0.28693903565751017	0
TXNDC12	0	-0.30941014469636546	0
TXNDC15	0	-0.363768956941419	0
TXNDC17	0	-0.14245010946828396	0
TXNDC5	0	-0.16389506665812598	1
TXNDC9	0	-0.15913347771349282	1
TXNIP	0	-0.21288715975254494	1
TXNL1	0	-0.21650072920374402	0
TXNL4A	0	-0.17828673590948943	0
TXNL4B	0	-0.323700092119142	0
TXNRD1	0	-0.11595348742054105	0
TXNRD2	0	-0.2976294799790299	0
TXNRD3	0	-0.19333515436187892	0
TYK2	0	-0.1996749459618552	0
TYMP	0	-0.09457169704991829	1
TYMS	0	-0.5348229625804588	0
TYROBP	0	-0.15441735938309184	0
TYW1	0	-0.32624014742222307	0
TYW3	0	-0.22501188340821932	0
TYW5	0	-0.28803021510244486	0
U2AF1	0	-0.19469952456915235	1
U2AF2	0	-0.12769176100957308	1
U2SURP	1	-0.08833965369413568	2
UACA	0	0.006173579332499302	1
UAP1	0	-0.09059091431520816	1
UAP1L1	0	-0.19362285346275643	0
UBA1	0	-0.1650315598484145	0
UBA2	0	-0.0943670266767228	0
UBA3	0	-0.16875477324281773	1
UBA5	0	-0.12773152344237101	0
UBA6	0	-0.13145123694007024	0
UBA7	0	-0.06043157485236772	0
UBAC1	0	-0.15129787402858455	0
UBAC2	1	-0.08898752585181083	2
UBALD1	0	-0.2791679758954292	0
UBAP1	0	-0.17062481290769083	0
UBAP2	0	-0.20762660410021794	1
UBAP2L	0	-0.2397998109335584	0
UBASH3B	0	-0.10754022533196114	0
UBE2A	0	-0.2077224733134741	0
UBE2B	0	-0.046675776696329586	1
UBE2C	0	-0.24106088540652743	0
UBE2E2	0	-0.19474351637130655	0
UBE2E3	0	-0.23285604226756615	1
UBE2F	0	-0.228540762960112	0
UBE2G1	0	-0.12873924744613743	1
UBE2G2	0	-0.42658409987351015	0
UBE2H	0	-0.35601958038867193	0
UBE2I	0	-0.11610535777578497	1
UBE2J1	0	-0.2935340400183041	0
UBE2J2	0	-0.37176157085133565	0
UBE2K	0	-0.3913097022541403	0
UBE2L3	0	-0.06285562281307819	1
UBE2L6	0	-0.057995106829144584	1
UBE2M	0	-0.19796272375691953	1
UBE2N	0	-0.10095335434266128	0
UBE2O	0	-0.2930709148910342	0
UBE2Q1	0	-0.23555645588057167	0
UBE2Q2	0	-0.3129524515346719	0
UBE2R2	0	-0.1643950678265587	1
UBE2S	0	-0.3696071102973656	0
UBE2V2	0	-0.09079149778434069	1
UBE2Z	0	-0.21917619402631766	0
UBE3A	0	-0.12307675960786688	0
UBE3B	0	-0.29438638202396356	0
UBE3C	0	-0.18793399261677668	0
UBE4A	0	-0.24905765074777614	0
UBE4B	0	-0.34666533796876375	0
UBFD1	0	-0.12696712962935314	1
UBIAD1	0	-0.842857639734663	0
UBL4A	0	-0.3860131967341425	0
UBL5	0	-0.17795065520727824	1
UBL7	0	-0.32731776067567436	0
UBLCP1	0	-0.22717890062203594	0
UBN1	0	-0.4015751100261514	0
UBN2	0	-0.22348616663064802	0
UBOX5	0	-0.6272085647715024	0
UBP1	0	-0.200721277541393	0
UBQLN1	0	-0.15448156393396734	0
UBQLN2	0	-0.2721250502064111	0
UBQLN4	0	-0.18599818970997667	0
UBR1	0	-0.20674608650783827	0
UBR2	0	-0.3633562173036243	0
UBR3	0	-0.2427622434654361	0
UBR4	0	-0.2331647400338513	1
UBR5	0	-0.07823829390929016	1
UBR7	0	-0.11729200022127242	0
UBTD2	0	-0.29128137057918774	0
UBTF	1	-0.07304627712346162	2
UBXN1	0	-0.1429285171299346	0
UBXN2A	0	-0.2530966342424796	0
UBXN2B	0	-0.3566431389965676	0
UBXN4	0	-0.27517635711478955	0
UBXN6	0	-0.1282135331353113	1
UBXN7	0	-0.0752312343669544	1
UCHL1	0	-0.023027966598736856	1
UCHL3	0	-0.15004274360480047	1
UCHL5	0	-0.13026032079166344	0
UCK1	0	-0.34156047783419197	0
UCK2	0	-0.2273387235133339	0
UCKL1	0	-0.28996080935732504	0
UEVLD	0	-0.23515477754734254	0
UFC1	0	-0.1314277655690222	1
UFD1	0	-0.3502961359631689	0
UFL1	0	-0.15855550632446472	1
UFM1	0	-0.10081973716648965	0
UFSP1	0	-0.5942606661957226	1
UFSP2	0	-0.20106628332533263	0
UGCG	0	-1.1659023587610629	0
UGDH	0	-0.10670271100711377	1
UGGT1	0	-0.2122779415669464	0
UGGT2	0	-0.22381233947763005	0
UGP2	0	-0.14825974841629364	0
UGT8	0	-0.20910449233335796	0
UHRF1	0	-0.07497000884874952	1
UHRF1BP1	0	-0.13002586001324962	0
UHRF1BP1L	0	-0.1670137263145754	0
UHRF2	0	-0.09274554160428816	0
UIMC1	0	-0.11492227392249936	1
ULK3	0	-0.2740901706252939	0
UMAD1	0	-0.36424658308567	0
UMPS	0	-0.29048707413941866	0
UNC119	0	-0.3252089813636095	0
UNC119B	0	-0.12246304328383635	0
UNC13B	0	-0.1441834229101187	0
UNC13D	0	-0.12163609727085226	1
UNC45A	0	-0.27785002448492435	0
UNC5B	0	-0.25317129146212686	0
UNC93B1	0	-0.23940708225837204	0
UNG	0	-0.2158790840036673	0
UNK	0	-0.0639631929713204	1
UNKL	0	-0.17696693612857076	0
UPF1	0	-0.20114192596951957	0
UPF2	0	-0.2782836229854166	0
UPF3A	0	-0.31457472200203723	0
UPF3B	0	-0.2735942080555429	0
UPP1	0	-0.2720425901565845	0
UPRT	0	-0.342693433135174	0
UQCC1	0	-0.1679869341432982	0
UQCC2	0	-0.23497328359423458	0
UQCC3	0	-0.2665311889506395	0
UQCR10	0	-0.27561605779495113	0
UQCR11	0	-0.31481884824092965	0
UQCRB	0	-0.2848387204938575	0
UQCRC1	0	-0.257895571002213	0
UQCRC2	0	-0.2403856691147989	0
UQCRFS1	0	-0.20519736218999157	0
UQCRH	0	-0.2553331517857028	0
UQCRQ	0	-0.2677618682255724	0
URB1	0	-0.20111568823983297	0
URB2	0	-0.277558161015809	0
URGCP	0	-0.32173531822552875	0
URI1	0	-0.2966162129516653	0
URM1	0	-0.27010919415529555	0
UROD	0	-0.26518620432490675	0
UROS	0	-0.10553969804975005	1
USE1	0	-0.27256142666785577	0
USF1	0	-0.0753920741440777	1
USF2	0	-0.08397545449639207	0
USO1	1	-0.17442600508136683	2
USP10	0	-0.20749632384573274	0
USP11	0	-0.17367784967459515	0
USP13	0	-0.18301529728553678	0
USP14	0	-0.20791071424526003	0
USP15	0	-0.05953398094431615	0
USP16	0	-0.22807008869546305	0
USP19	0	-0.34577386619130157	0
USP20	0	-0.46219648366083704	0
USP22	0	-0.19879544132739557	1
USP24	0	-0.20789612980008987	0
USP25	0	-0.24033017785654773	1
USP28	0	-0.21777150413620322	0
USP3	0	-0.25716998310150596	0
USP30	0	-0.25632486198726634	0
USP32	0	-0.16625035663528515	0
USP33	0	-0.33317036575805586	0
USP34	0	-0.21121378485068415	0
USP36	0	-0.22472384179509355	0
USP39	0	-0.00023154380130077784	1
USP4	0	-0.17840301550219106	0
USP40	0	-0.1784823394780095	0
USP42	0	-0.6192373300174077	0
USP46	0	-0.18458244163654675	1
USP47	0	-0.17409528984997202	1
USP48	0	-0.09109599891604528	0
USP5	0	-0.29058461727508655	0
USP53	0	-0.39112991219	0
USP54	0	-0.29657913353520043	0
USP6NL	0	-0.0941773262601946	0
USP7	0	-0.07918740551719136	0
USP8	0	-0.2994711118281152	0
USP9X	0	-0.21518686238398152	1
UTP11	0	-0.23461411208315136	0
UTP14A	0	-0.21377501205839905	0
UTP15	1	-0.0480794957504892	2
UTP18	0	-0.12739044159534246	1
UTP20	0	-0.19064473791462871	0
UTP23	0	-0.43217915802856954	0
UTP25	0	-0.1869999041641491	0
UTP3	0	-0.19774341193114148	0
UTP4	0	-0.10271136465716439	1
UTP6	0	-0.229453030387212	1
UTRN	1	-0.03777129300908537	2
UVRAG	0	-0.2056774109933345	0
UVSSA	0	-0.5296776482080358	0
UXS1	0	-0.21479256341345748	0
UXT	0	-0.33199211363290426	0
VAC14	0	-0.22530496944021702	0
VAMP2	0	-0.1475925764034423	0
VAMP4	0	-0.552661741946644	0
VAMP5	0	-0.06263102545917057	1
VAMP7	0	-0.11122031229904472	0
VAMP8	0	-0.07562331744563866	0
VANGL1	0	-0.556443840743633	0
VAPA	0	-0.15353403505461952	0
VAPB	0	-0.10137935550098195	1
VASN	0	-0.24226058672201334	0
VASP	0	-0.08516840465763612	1
VAT1	0	-0.13605800293187786	0
VAT1L	0	-0.19172533685698379	0
VAV1	0	-0.04986785175159028	0
VAV2	0	-0.17075451418017457	0
VAV3	0	-0.11977755660148488	1
VBP1	0	-0.1759692010884955	0
VCAM1	0	-0.15368794652919665	0
VCAN	1	0.00018652377878065896	2
VCL	0	-0.041130963603252704	1
VCP	0	-0.13303922890453607	0
VCPIP1	0	-0.16115019119823945	0
VDAC1	0	-0.11784414820309944	0
VDAC2	0	-0.15559726532869456	0
VDAC3	0	-0.06736399382714607	1
VEGFA	0	-0.15663727456586019	1
VEZF1	1	0.02948231403924706	3
VEZT	0	-0.17318826073342375	0
VGLL4	0	-0.07832974569768972	1
VIM	0	-0.14007125068801898	1
VIPAS39	0	-0.2975967373248716	0
VIRMA	0	-0.20041912500845802	1
VKORC1	0	-0.2594894376466187	0
VKORC1L1	0	-0.13229184824977075	0
VLDLR	0	-0.20452567622445345	0
VMAC	0	-0.29822816447364425	0
VMP1	0	-0.24188174767429818	0
VNN1	0	-0.2216266728294404	0
VNN2	0	-0.35320481507509216	1
VPS11	0	-0.07776236248918303	0
VPS13A	0	-0.10242632895437849	1
VPS13B	0	-0.2589139603278051	0
VPS13C	0	0.0030036785827975586	1
VPS13D	0	-0.3149572618140887	0
VPS16	0	-0.27947016908161043	0
VPS18	0	-0.21639474810494455	0
VPS25	0	-0.20608296565374434	0
VPS26A	0	-0.1903289050407468	0
VPS26B	0	-0.14673247070800566	1
VPS26C	0	-0.11302918033767191	0
VPS28	0	-0.19190767681701387	0
VPS29	0	-0.19202981408164774	0
VPS33A	0	-0.23347261150980642	0
VPS33B	0	-0.23813379726406553	0
VPS35	0	-0.15035926639756603	0
VPS35L	0	-0.11634106008692294	0
VPS36	0	-0.11966792806248398	1
VPS37A	0	-0.12731606737013149	0
VPS37B	0	-0.24449287040454415	0
VPS37C	0	-0.13220428347480753	1
VPS39	0	-0.18274643537341625	0
VPS41	0	-0.23765566184918913	0
VPS45	0	-0.0982604184585879	1
VPS4A	0	-0.2049892088604112	0
VPS4B	0	-0.08369578055653551	1
VPS50	1	-0.07849507284212234	2
VPS51	0	-0.3144481982765525	0
VPS52	0	-0.272846753735941	0
VPS53	0	-0.2689757951915625	0
VPS54	0	-0.29742190971721344	0
VPS72	0	-0.19477494542839766	0
VPS8	0	-0.16219040151116076	0
VPS9D1	0	-1.365329897610287	0
VRK1	0	-0.1260060657642578	0
VRK2	0	-0.4586240335775117	0
VRK3	0	-0.3849001183196237	0
VSIG4	0	-0.0573396021418184	0
VSIR	0	-0.13177220398595163	0
VSNL1	0	-0.09428251448684569	0
VTA1	0	-0.1629722870010614	1
VTI1A	0	-0.30438376644733794	0
VTI1B	0	-0.3132068546475925	0
VTN	0	-0.3354610063804983	0
VWA1	0	-0.1907085683023021	0
VWA5A	0	-0.07393227918297443	0
VWA8	0	-0.21243422719070457	0
VWF	0	-0.14578279268331942	0
WAC	0	-0.24635466717968724	0
WAPL	0	-0.02997004038232016	0
WARS2	0	-0.20875343687358824	1
WAS	0	-0.0843116729207781	1
WASF1	0	-0.25370730021847476	0
WASF2	0	-0.16199769747417386	0
WASF3	0	-0.2171951503985688	0
WASHC1	0	-0.15149511954398612	0
WASHC2A	1	-0.09382965600326602	2
WASHC2C	1	-0.09812721358519844	2
WASHC3	0	-0.21672444920634115	0
WASHC4	0	-0.22819798015917736	1
WASHC5	0	-0.21340617903044773	0
WASL	0	-0.12715100523197245	0
WBP11	0	-0.12528438208061068	1
WBP2	0	-0.13862870974966285	0
WBP4	0	-0.13766055320657328	0
WDCP	0	-0.5928500762724855	0
WDFY1	0	-0.13586836584454348	0
WDFY2	0	-0.2369800490904924	1
WDFY3	0	-0.08154772080859353	0
WDFY4	0	-0.08441718640853313	0
WDHD1	0	-0.7492819078444128	0
WDR1	0	-0.1433892855845396	0
WDR11	0	-0.25347287485253195	1
WDR12	1	-0.024752093614794322	2
WDR13	0	-0.2564196277374577	0
WDR18	0	-0.13429453788685053	1
WDR19	1	-0.05041045970630167	2
WDR20	0	-0.3032209013673867	0
WDR24	0	-0.10249365242795352	1
WDR26	0	-0.25792826716271916	0
WDR3	0	-0.11087796409906903	0
WDR33	0	-0.07313000815813844	0
WDR35	0	-0.09149510559175622	1
WDR36	0	-0.015370455820561943	1
WDR37	0	-0.12668633286560635	0
WDR4	0	-0.30284634826551815	0
WDR41	0	-0.33952792606677845	0
WDR43	0	-0.04274960841623776	0
WDR44	0	-0.04677325381913916	1
WDR45	0	-0.2238769246326767	0
WDR45B	0	-0.2004043107964407	0
WDR46	0	-0.22682591061989524	0
WDR47	0	-0.17532218585397702	0
WDR48	0	-0.10992501385953604	1
WDR5	0	-0.06840790876111706	1
WDR54	0	-0.24456969907043785	0
WDR55	0	-0.4136818533755763	0
WDR59	0	-0.12003262541317361	0
WDR6	0	-0.29292281410748167	1
WDR61	0	-0.4044870473294031	0
WDR7	0	-0.16321301428117668	0
WDR70	0	-0.11404450086548983	1
WDR73	0	-0.38093339550360183	0
WDR74	0	-0.25099390681691797	0
WDR75	0	-0.08390527530866564	0
WDR77	0	-0.21584229622361845	0
WDR81	0	-0.12303441044302044	0
WDR82	0	-0.1985023378646334	0
WDR83	0	-0.30898352499535153	0
WDR89	0	-0.1536632788208851	0
WDR91	0	-0.07222540946915522	1
WDR92	0	-0.26701794475375856	0
WDSUB1	0	-0.22483968865989704	1
WDTC1	0	-0.24346074166461856	0
WEE1	0	-0.5329461445411598	1
WFS1	0	-0.1363855621240339	0
WIPF1	0	-0.18781226440642831	0
WIPF2	0	-0.10770957684490545	0
WIPI1	0	-0.16882885209428639	0
WIPI2	0	-0.18603290193541028	1
WIZ	1	0.004856782963286205	2
WLS	0	-0.06707449530061037	0
WNK1	0	-0.20516422401363332	0
WRAP53	0	-0.4122673796290134	0
WRAP73	0	-0.7045829659332918	0
WRN	0	-0.329615832570344	0
WRNIP1	0	-0.07941302938851687	0
WTAP	1	-0.030154142041630853	2
WTIP	0	-0.53465955604309	0
WWC1	0	-0.1455541617571438	1
WWC2	0	-0.27404817301155715	0
WWC3	0	-0.3880872608680891	0
WWOX	0	-0.24276790084354477	0
WWP1	0	-0.21291014277227002	0
WWP2	0	-0.2502483194878013	0
WWTR1	0	-0.13793652820044283	1
XAB2	1	-0.060706023929468646	2
XAF1	0	-0.2038358811134488	1
XIAP	0	-0.19981182595221503	0
XIRP1	0	-0.7903304355174396	0
XPA	0	-0.2400170617562853	0
XPC	0	-0.15798320050313813	0
XPNPEP1	0	-0.2956328877339296	0
XPNPEP3	0	-0.17379190792236615	1
XPO1	1	-0.03437492705527008	2
XPO4	0	-0.1837609338741289	0
XPO5	0	-0.07253569916964385	0
XPO6	0	-0.324899371867854	0
XPO7	0	-0.30080037500871837	0
XPOT	0	-0.111228759802289	0
XPR1	0	-0.09352108287512444	1
XRCC1	0	-0.137010370777219	1
XRCC4	0	-0.2597383824443922	0
XRCC5	0	-0.09084466980243452	1
XRCC6	0	-0.08078160931580838	0
XRN1	0	-0.09592236947743879	0
XRN2	1	-0.11485792682420107	2
XXYLT1	0	-0.24257966888334384	0
XYLB	0	-0.27051735418294287	0
YAF2	0	-0.3748136377899679	1
YAP1	0	-0.13187964737507865	0
YARS2	0	-0.2784122661829901	0
YBEY	0	-0.2631685935022537	1
YBX1	0	-0.10888563520325192	1
YBX3	0	-0.19363080721740542	1
YEATS2	0	-0.18166350479715598	0
YEATS4	0	-0.04589339733929884	0
YES1	0	-0.06749472912097391	0
YIF1A	0	-0.24541521120236126	1
YIPF1	0	-0.29272898858276464	1
YIPF3	0	-0.1454959634964667	1
YIPF4	1	-0.09275484344940475	3
YIPF5	0	-0.1685618789706073	0
YIPF6	0	-0.47110619789911257	0
YJU2	0	-0.25727003279624994	1
YKT6	0	-0.14166055007147493	0
YLPM1	0	-0.21251074989289634	1
YME1L1	0	-0.07477365994262848	1
YOD1	0	-0.1833448488413589	0
YPEL5	0	-0.4118945633886352	0
YRDC	0	-0.1774483252677735	0
YTHDC1	0	-0.05089696539554815	1
YTHDC2	0	-0.11561799425926592	0
YTHDF1	0	-0.10247710628646083	1
YTHDF2	0	-0.10985469479562124	0
YTHDF3	0	-0.11435517367225771	0
YWHAB	0	-0.2166652237956907	1
YWHAE	0	-0.08513875362990696	0
YWHAG	0	-0.15855404536965118	1
YWHAH	0	-0.1753718824430511	1
YWHAQ	0	-0.17556771067571303	0
YWHAZ	0	-0.1444169821949192	0
YY1	0	-0.05329941228010175	1
ZADH2	0	-0.14495901159469968	1
ZAP70	0	-0.09322442522359213	0
ZBED1	0	-0.21939563102837054	1
ZBED3	0	-0.2693798814157381	1
ZBTB1	0	-0.20411147511371422	0
ZBTB10	0	-0.35294366251394654	0
ZBTB11	0	-0.6020782002768374	0
ZBTB14	0	-0.06379131103468835	1
ZBTB2	0	-0.2639226974313536	0
ZBTB20	0	-0.060962349239235714	0
ZBTB21	0	-0.43348254702834693	0
ZBTB33	0	-0.43653921599556167	1
ZBTB4	0	-0.23000595095448909	0
ZBTB40	0	-0.48984495694209834	0
ZBTB7A	0	-0.2641601238982644	0
ZBTB7B	0	-0.22266930208700467	0
ZBTB8OS	0	-0.1363234038769019	1
ZC2HC1A	0	-0.20854687577562622	0
ZC3H10	0	-1.5252860858359587	0
ZC3H11A	0	-0.17795152700848216	0
ZC3H12A	0	-0.3809482246154534	0
ZC3H12C	0	-0.39344434839385	0
ZC3H13	0	-0.14138487124354454	1
ZC3H14	0	-0.1267412309978286	1
ZC3H15	0	-0.20583700420024326	0
ZC3H18	0	-0.08116701976182703	0
ZC3H4	0	-0.0974821819173064	1
ZC3H6	0	-0.34341853990929627	0
ZC3H7A	0	-0.26963169262182307	0
ZC3H7B	0	-0.3025810990383882	0
ZC3HAV1	0	-0.21146543585814487	1
ZC3HAV1L	0	-0.17978367754897778	0
ZC3HC1	0	-0.14351370441600636	0
ZCCHC17	0	-0.20379565600837166	0
ZCCHC24	0	-0.11122435205104446	0
ZCCHC3	0	-0.2323391461983534	0
ZCCHC7	0	-0.7000765487871539	0
ZCCHC8	0	-0.1607106478452292	0
ZCCHC9	0	-0.3239502671165152	0
ZCRB1	0	-0.252705901083566	0
ZDHHC13	0	-0.2194849128321481	0
ZDHHC17	0	-0.3643882196045749	0
ZDHHC20	0	-0.1958799399764355	1
ZDHHC3	0	-0.20119633921261992	0
ZDHHC4	0	-0.43542203548141706	0
ZDHHC5	0	-0.1347311998302556	0
ZDHHC6	0	-0.4210799429871329	0
ZEB1	0	-0.18390729606754191	0
ZEB2	0	-0.08436807931497081	1
ZER1	0	-0.17035802262253125	0
ZFAND1	0	-0.1389849545311152	0
ZFAND2B	0	-0.2711546304640772	0
ZFAND3	0	-0.24717450028830731	1
ZFAND5	0	-0.13801315751561088	0
ZFAND6	0	-0.2865381609828447	0
ZFC3H1	0	-0.2899278678801821	0
ZFHX3	0	-0.279016339259294	0
ZFP3	1	-0.12026146966770954	2
ZFP36L1	0	-0.2378538262496943	1
ZFP36L2	0	-0.27850083832666267	0
ZFP64	0	-0.11015129022453399	1
ZFP91	0	-0.23970548769820973	1
ZFPL1	0	-0.16751120502083996	1
ZFR	1	-0.02132326104246886	2
ZFX	0	-0.2511789482831901	0
ZFYVE1	0	-0.14097521711561695	0
ZFYVE16	0	-0.21018559032708356	0
ZFYVE19	0	-0.10584283933436542	1
ZFYVE21	0	-0.08479433532305333	1
ZFYVE26	0	-0.18892658493734923	0
ZFYVE27	0	-0.1564475773147499	0
ZFYVE9	0	-0.22324983965459996	0
ZGPAT	0	-0.1096163778922464	0
ZHX1	0	-0.3033405159468523	0
ZHX2	0	-0.14988999686973498	1
ZHX3	0	-0.06152556551389241	1
ZKSCAN1	0	-0.12290759875039459	0
ZKSCAN8	0	-0.043078937617454655	1
ZMAT2	0	-0.26656087702098835	0
ZMAT3	0	-1.078502102730426	0
ZMIZ1	0	-0.12323704045056767	0
ZMIZ2	0	-0.3556247224850996	0
ZMPSTE24	0	-0.12886989676613267	0
ZMYM1	0	-0.35873656997782194	0
ZMYM2	1	-0.07717232123443415	2
ZMYM3	0	-0.05648305419138344	1
ZMYM4	0	-0.12498630568274591	0
ZMYND11	0	-0.018144315109044563	0
ZMYND8	0	-0.060609535162929495	1
ZNF106	0	-0.35278232541493393	0
ZNF131	0	-0.4388477234706977	0
ZNF143	1	-0.021630482108554696	3
ZNF146	0	-0.06908405418209448	1
ZNF148	0	-0.13269975295277509	1
ZNF185	0	-0.058441321854347486	1
ZNF207	0	-0.08209168607384083	0
ZNF217	0	-0.19531762549801918	1
ZNF22	0	-0.1492996351865759	0
ZNF24	0	-0.10882393142489684	1
ZNF276	0	-0.38218470843844987	0
ZNF280C	0	-0.4292877788460099	0
ZNF280D	0	-0.21897596902328215	0
ZNF281	0	-0.3246695102329673	0
ZNF292	0	-0.3432792977351704	0
ZNF316	1	-0.07481413866841156	2
ZNF318	0	-0.13537155048271599	0
ZNF326	0	-0.2758344278767319	0
ZNF330	0	-0.19879265893114417	0
ZNF331	0	-0.7239403628388976	0
ZNF346	0	-0.21168089811781118	0
ZNF362	0	-0.24274741393443738	0
ZNF384	0	-0.16752187215188222	0
ZNF407	0	-0.4821644932946028	0
ZNF414	0	-0.31298652344640276	0
ZNF428	0	-0.39567798882221483	0
ZNF446	0	-0.2824764548466866	0
ZNF451	0	-0.2602848444421818	0
ZNF460	0	-0.211541560657228	1
ZNF462	0	-0.36296705118418787	0
ZNF48	0	-0.515895915313543	0
ZNF503	0	-0.28689831023136775	0
ZNF512	0	-0.29445212757179695	0
ZNF512B	0	-0.22276830734656256	0
ZNF516	0	-0.28474241701749115	0
ZNF526	0	-0.3857928816385256	0
ZNF532	0	-0.364308012179838	0
ZNF574	0	-0.21295446653565206	0
ZNF579	0	-0.253053938634776	0
ZNF592	0	-0.27776808880993176	1
ZNF593	0	-0.20912297680241446	0
ZNF598	0	-0.4127087160673219	0
ZNF609	0	-0.12434394297313092	1
ZNF618	0	-0.23766638704212578	0
ZNF622	0	-0.203761772974775	0
ZNF629	1	0.015833545092260117	2
ZNF638	0	-0.025964409123913283	1
ZNF639	0	-0.4547780271751969	0
ZNF644	0	-0.27763972737837567	0
ZNF652	0	-0.16849265371163327	1
ZNF654	0	-0.33905787618574873	0
ZNF655	0	-0.36036917735279644	0
ZNF668	0	-0.351441938457537	0
ZNF672	0	-0.6946242927222198	0
ZNF687	0	-0.1830024570490695	0
ZNF688	0	-0.545399578652676	0
ZNF691	0	-0.444389288814829	0
ZNF706	0	-0.25358372487556397	0
ZNF740	0	-0.24870875076899096	0
ZNF768	1	0.018018882602035748	2
ZNF787	0	-0.09427904804419099	1
ZNF8	0	-0.6570599457021749	0
ZNF800	0	-0.1668982765394086	0
ZNF827	0	-0.7531348200976746	0
ZNF830	0	-0.10129581740264512	1
ZNF865	0	-0.44144228553770715	0
ZNFX1	0	-0.16138293243648238	0
ZNHIT1	0	-0.4800167324254677	0
ZNHIT2	0	-0.38126097253487534	0
ZNHIT6	0	-0.33193534140885983	0
ZNRF2	0	-0.2318890475015331	0
ZPR1	0	-0.14261681807236395	0
ZRANB2	1	-0.06489117543888061	2
ZRSR2	0	-0.42596410939033413	0
ZSCAN18	0	-0.1186148673876128	0
ZSWIM8	0	-0.2983816582426517	0
ZW10	0	-0.3170430627276996	0
ZWILCH	0	-0.17358176311840962	0
ZYG11B	0	-0.43798688358899607	0
ZYX	0	-0.08773597054300533	1
ZZEF1	0	-0.29423767764568176	0
ZZZ3	0	-0.3198863974244592	0
