gene	selected	score	k
A1BG	1	-0.0077338133540135415	3
A2M	0	-0.15543034629923386	0
AAAS	0	-0.27022621199985264	0
AACS	0	-0.13651705683749837	0
AAGAB	0	-0.11277263933185155	1
AAK1	0	-0.06203611019800814	1
AAMDC	0	-0.0485637920882385	1
AAMP	0	-0.09384348668273902	1
AAR2	0	-0.2187920050277048	1
AARS2	0	-0.27266350785319504	0
AARSD1	0	-0.2545889402931351	1
AASDHPPT	0	-0.15472130709084478	0
AASS	1	0.005416402347984513	3
AATF	0	-0.06752533127313338	1
ABAT	0	-0.07390766646604396	0
ABCA1	0	-0.2835138696835847	0
ABCA2	0	-0.25402444996838236	0
ABCA8	0	-0.19124694751695506	1
ABCB1	0	-0.06001813475357078	0
ABCB10	0	-0.009560203421083721	2
ABCB6	0	-0.010029038215335722	1
ABCB7	1	0.027046064740605242	3
ABCB8	0	-0.024628869512112843	2
ABCC1	0	0.05151986787140543	2
ABCC3	0	0.0118318206782315	2
ABCC4	0	0.053582688889089916	2
ABCD1	0	0.07361168364266657	2
ABCD3	1	0.1532995582879391	3
ABCD4	0	-0.16849526330285086	2
ABCE1	0	-0.16381880242914337	1
ABCF1	0	-0.1865637988736216	0
ABCF2	0	-0.1420162545841905	0
ABCF3	0	-0.13580577541375166	0
ABCG1	0	-0.09410346259311876	2
ABCG2	0	-0.7263954738502963	0
ABHD10	0	-0.13735102720199222	0
ABHD11	0	-0.1658903655040529	0
ABHD12	0	-0.0003431762157441422	2
ABHD14B	1	0.057895655085956246	3
ABHD16A	1	0.007107787298975335	3
ABHD17B	0	-0.3997015896257442	0
ABHD2	0	-0.7246785853303903	0
ABHD3	0	-0.29002441939400175	0
ABHD4	0	-0.1940013014791137	0
ABHD5	0	-0.13092223350675075	1
ABHD6	0	-0.04720101710640416	1
ABI1	0	-0.13535613335412489	2
ABI2	0	-0.08593955999863494	1
ABI3	0	-0.09250436802677156	1
ABI3BP	0	-0.009149619380804719	2
ABL1	0	-0.039842467727094405	1
ABL2	0	-0.3088311573389489	0
ABLIM1	1	0.01403872586621518	3
ABLIM2	0	0.010149028455130498	1
ABLIM3	0	-0.04326026773367798	1
ABR	0	-0.20630528984117952	0
ABRACL	0	-0.05005397133343499	2
ABRAXAS1	0	-0.252401522993467	0
ABRAXAS2	0	-0.11102121836302312	1
ABT1	0	-0.22823965811063934	0
ABTB2	0	-0.3856667176591593	0
ACAA1	0	-0.025069784907656163	2
ACAA2	0	-0.06847219094062533	1
ACACA	0	-0.0700960189476249	1
ACAD10	0	-0.24601338486159735	0
ACAD11	0	-0.11455891967043945	1
ACAD8	0	-0.13403283990793904	0
ACAD9	0	-0.1951251519676526	0
ACADL	0	-0.2862442749932732	0
ACADM	0	-0.09020466037222781	0
ACADS	0	-0.1567501698280253	0
ACADSB	0	-0.04200366119515906	2
ACADVL	0	-0.08333643401279925	1
ACAN	0	-0.1077225826529574	0
ACAP1	0	-0.08446788876844905	2
ACAP2	0	-0.10728240599456848	1
ACAP3	0	-0.1887146436706447	1
ACAT1	0	-0.041709650173099536	0
ACAT2	0	-0.07343645221679374	1
ACBD3	0	-0.06464749986291103	2
ACBD5	1	0.047660844141597644	3
ACBD6	0	-0.20694275454274713	1
ACE	0	-0.12136704355123581	1
ACIN1	1	0.033759726866292944	3
ACLY	0	-0.15009817599834024	1
ACO1	0	-0.054721203946854556	2
ACO2	0	-0.1937201571478059	0
ACOT1	0	-0.057620687290957665	2
ACOT11	0	-0.10569076388701378	2
ACOT13	0	-0.23491753974552204	0
ACOT7	0	-0.10944974534316687	1
ACOT8	0	-0.0345335113342216	2
ACOT9	0	-0.23335696338972256	0
ACOX1	0	-0.12428896862012986	1
ACOX2	0	-0.13556076014941945	2
ACOX3	1	-0.04297279539406819	3
ACP1	0	-0.19481074041477667	1
ACP2	0	-0.12007316309837554	0
ACP5	0	-0.19549874937409606	0
ACP6	0	-0.13694714408849154	0
ACSF2	0	-0.044307043562971125	1
ACSF3	0	-0.1051703154224933	1
ACSL1	0	-0.09579571538225165	1
ACSL3	1	0.07668701432829078	3
ACSL4	0	-0.1258863849160859	2
ACSL5	0	-0.0583908656978544	1
ACSS1	0	-0.1725817321977328	0
ACSS2	0	-0.10967386268978578	0
ACSS3	0	-0.07696065011008779	1
ACTA1	0	-0.035361607825317345	1
ACTB	0	-0.028395645916716384	1
ACTBL2	0	-0.03150429107594094	2
ACTG1	0	-0.03097384816371926	2
ACTL6A	0	-0.12031223727717606	1
ACTN1	0	-0.06173699499986533	1
ACTN2	0	-0.0358822352709496	1
ACTN4	0	-0.05507178512683882	2
ACTR10	0	-0.13864862918609946	0
ACTR1A	0	-0.07989441639355452	1
ACTR1B	0	-0.11668493114271242	1
ACTR2	0	-0.11805112353067977	0
ACTR3	0	-0.19672124549466832	0
ACTR3B	0	-0.1039805503568112	1
ACTR5	0	-0.2749446975567241	0
ACTR6	0	-0.2643756776307489	0
ACTR8	0	-0.2042308190616063	0
ACVR1	0	-0.11117087660342655	1
ACY3	0	-0.08888389864578272	1
ACYP1	0	-0.07829972245810106	1
ACYP2	0	-0.07748570705221558	1
ADA	0	-0.12226618088527785	0
ADA2	0	-0.060498464148248096	1
ADAL	0	-0.2047685338259949	1
ADAM10	0	0.042134971920232515	2
ADAM15	0	-0.06251574200891323	1
ADAM17	0	-0.11489127738190925	0
ADAM9	0	0.027257584879804182	1
ADAMDEC1	0	-0.7902178172286798	0
ADAMTS1	0	-0.17394075235302264	0
ADAMTS2	0	-0.4703434013626646	2
ADAMTS4	0	-0.9417662240826192	1
ADAMTS7	0	-0.11391916267491564	0
ADAMTSL1	0	-0.26607760062350577	0
ADAMTSL2	0	-0.14007181608513583	1
ADAMTSL4	0	-0.06752313863410854	1
ADAP1	0	-0.063982452389339	0
ADAP2	0	-0.08158140059767365	1
ADAR	0	-0.05788559074344331	2
ADARB1	1	0.015772614298531343	3
ADAT1	0	-0.286568552562479	0
ADAT2	0	-0.42660850414423723	1
ADAT3	0	-0.37007394596182985	0
ADCK1	0	-0.15594479700142302	1
ADCK5	0	-0.4639185380765106	0
ADCY9	0	-0.3588161526203831	0
ADD1	1	0.08939995010244475	3
ADD2	0	0.05975025698129427	2
ADD3	1	0.05265864875920227	4
ADGRE2	0	-0.13935815054074738	1
ADGRE5	0	-0.10635963097768111	1
ADGRF1	0	-0.2919278632717407	1
ADGRF5	0	-0.08780198061257495	0
ADGRG1	0	-0.11145552055320644	0
ADGRL2	0	-0.0920274581424744	0
ADGRL4	0	-0.31461941859628384	0
ADH1B	0	-0.10123885874396939	1
ADH5	1	0.04126250406923555	4
ADI1	0	-0.06985136121219425	2
ADIPOQ	0	-0.05464069848813593	2
ADIRF	1	-0.015103275041276338	3
ADK	0	-0.13357109645237106	0
ADNP	1	-0.009383264131513159	3
ADNP2	0	-0.414052886781669	0
ADO	0	-0.1101778263487169	1
ADPGK	0	-0.15428144114654593	0
ADPRH	0	-0.16409108915762152	0
ADRM1	0	-0.07360722494028737	1
ADSL	0	-0.12434620855527893	1
AEBP1	0	-0.022241098642836542	2
AFAP1	0	-0.11256039168953691	0
AFAP1L1	0	-0.31492941730740437	0
AFAP1L2	0	-0.029139110425488963	1
AFDN	0	-0.08445760709007007	1
AFF1	0	-0.2838745428179684	0
AFF4	0	-0.1498567914033474	0
AFG1L	0	-0.14442302141744226	0
AFG3L2	0	-0.016267335179949476	2
AFM	1	-0.05309837860172598	3
AFMID	0	-0.5161276676533154	0
AFTPH	0	-0.20364326401028557	1
AGA	0	-0.12179633745994256	1
AGAP1	0	-0.09991493142042347	1
AGAP2	0	-0.21470543963224195	1
AGAP3	0	-0.13737368105576123	0
AGFG1	0	-0.13124285929834303	0
AGFG2	0	-0.02214455293176662	2
AGGF1	0	-0.4547778941116471	0
AGK	1	-0.10123521774633124	3
AGL	0	-0.047943474870369415	2
AGMAT	0	-0.34802153997648266	0
AGO1	1	0.11113145541821286	4
AGO2	1	0.013639944982387154	3
AGO3	1	0.03261886320529289	3
AGPAT1	0	-0.12728072693722908	2
AGPAT2	0	-0.12535031847724865	1
AGPAT3	0	-0.0009371641660101904	2
AGPAT4	0	-0.4839725445968323	0
AGPAT5	0	-0.12941849509467157	1
AGPS	0	-0.13165809825986668	0
AGR2	0	-0.2799039517533898	0
AGRN	0	-0.08464742436621706	2
AGT	1	0.024229352787930505	3
AGTPBP1	0	-0.234329522744921	0
AGTRAP	0	-0.18969100363675379	1
AHCTF1	0	-0.15366209056174512	2
AHCY	0	-0.08906062500586191	2
AHCYL1	0	-0.07168540767980207	2
AHCYL2	0	-0.07266391248210917	2
AHDC1	0	-0.07452016540423659	1
AHNAK	0	-0.01187512812632222	1
AHNAK2	0	-0.03830242283369264	1
AHR	0	-0.07791546522665738	1
AHSA1	0	-0.15093654146476387	1
AHSG	0	0.003682651149065837	2
AHSP	0	-0.04708070746296551	2
AIDA	0	-0.0513406330877312	1
AIF1	0	-0.03541277278615446	1
AIF1L	0	-0.06577780809147067	0
AIFM1	0	-0.07018782924751672	2
AIFM2	0	-0.13486315616077835	1
AIMP1	1	-8.226862550234082e-05	3
AIMP2	0	-0.06459196013095192	2
AIP	0	-0.07701497847833948	1
AJUBA	0	-0.045752551937859286	2
AK1	1	0.0906614820649093	3
AK2	0	-0.10743643036075845	0
AK3	0	-0.1012126060295719	0
AK4	0	-0.05238235005143867	1
AK6	0	-0.22640523492393072	0
AKAP1	0	-0.13021706114408743	0
AKAP10	0	-0.2208588911019352	0
AKAP11	0	-0.24649815136931746	0
AKAP12	0	0.028875233657516923	2
AKAP13	0	-0.09383360202118128	1
AKAP17A	0	-0.18085180565221187	1
AKAP5	0	-0.5963293006368812	0
AKAP7	0	-0.27361775486010775	0
AKAP8	0	-0.0861345429774761	1
AKAP8L	0	-0.015980909958790042	1
AKAP9	0	-0.08366919501586746	1
AKNA	0	-0.29630729984066073	0
AKR1A1	0	-0.15124524544564794	0
AKR1B1	0	-0.09041982279677215	0
AKR1B10	0	-0.1327278651332992	0
AKR1C1	0	-0.11662386329459089	0
AKR1C2	0	-0.11421455299442707	0
AKR1C3	0	-0.0748844013353436	0
AKR7A2	0	0.01339885733578306	2
AKR7A3	0	-0.13668531827909747	0
AKT1	0	-0.07385803557354634	2
AKT1S1	0	-0.19248294604918284	1
AKT2	0	-0.1597962805755026	0
AKT3	0	-0.1451461306855767	0
AKTIP	0	-0.2449713694658319	0
ALAD	0	0.04967264327189186	2
ALAS1	0	-0.29957333749504605	0
ALB	1	-0.016086202053956146	3
ALCAM	0	-0.07563287570066798	1
ALDH16A1	0	-0.2095297981330059	0
ALDH18A1	0	-0.18784608622014604	0
ALDH1A1	0	-0.04620348437347738	1
ALDH1A2	0	-0.06628340811205974	1
ALDH1A3	0	-0.14277240013297593	0
ALDH1B1	0	-0.05725825455977416	1
ALDH1L1	0	-0.12504422012328334	0
ALDH1L2	0	-0.14012323672270832	0
ALDH2	0	-0.06283968657472226	1
ALDH3A1	0	-0.15929452322990698	0
ALDH3A2	0	-0.08911295461482326	1
ALDH3B1	0	-0.16489860509111437	0
ALDH4A1	0	-0.054754822591293315	2
ALDH5A1	0	-0.06118065052361103	0
ALDH6A1	0	-0.0165823772197233	1
ALDH7A1	0	-0.06327045268761924	0
ALDH9A1	1	-0.005011191225408778	3
ALDOA	0	-0.0639948819692785	1
ALDOB	0	-0.143445311438827	1
ALDOC	0	-0.11284305867397466	0
ALG1	0	-0.059127262432959196	2
ALG11	0	-0.05217385664272208	2
ALG12	0	-0.14137242121220256	1
ALG13	0	-0.29391794473442645	1
ALG14	0	-0.23081275919470898	0
ALG2	0	-0.13382604842066015	0
ALG5	0	-0.11009030059330749	1
ALG6	0	-0.04655832257774635	2
ALG8	1	0.06553703961681376	3
ALG9	1	-0.012936388030108334	3
ALKBH3	0	-0.3609589210191981	0
ALKBH4	0	-0.16349854199714237	1
ALKBH5	0	-0.16125506206044563	0
ALKBH7	0	-0.44604607644389427	0
ALKBH8	0	-0.29815453355499455	0
ALOX5	0	-0.11144138890976558	0
ALOX5AP	0	-0.1714369575093546	0
ALPL	0	-0.09224177674286196	0
ALS2	0	-0.2149229600368209	0
ALYREF	0	-0.043962047497935496	2
AMACR	0	-0.12678531263891996	0
AMBP	0	-0.08036435508897696	2
AMBRA1	0	-0.6912205701121533	0
AMDHD2	0	-0.09078521429706396	1
AMFR	0	-0.3893320879812303	1
AMN1	0	-0.5147320800318407	0
AMOT	0	-0.11940516478101845	0
AMOTL1	0	-0.052283019156099786	2
AMOTL2	0	-0.19312869360510776	0
AMPD2	0	-0.04319550699493628	0
AMPD3	0	-0.18391138275554525	0
AMPH	0	-0.06537222669477025	1
AMT	0	-0.17026815088687994	1
AMZ2	0	-0.28759848736420085	0
ANAPC1	0	-0.17577289335042723	0
ANAPC10	0	-0.2011091306190592	1
ANAPC11	0	-0.39619521718532386	0
ANAPC13	0	-0.25718763427882274	0
ANAPC16	0	-0.31728379006504104	0
ANAPC2	0	-0.3115573330336517	0
ANAPC4	0	-0.2647713446251961	0
ANAPC5	0	-0.20150291214640367	0
ANAPC7	0	-0.23750884496205962	0
ANG	1	0.013551218859326883	3
ANGEL2	0	-0.1525690907800401	0
ANGPT2	0	-0.21253440583542133	0
ANGPTL2	0	-0.03159979858009156	2
ANGPTL4	0	-0.07628918184166958	1
ANK1	0	-0.061387103503591736	1
ANK2	0	-0.05509529654814723	1
ANK3	0	-0.06283398825199456	0
ANKFY1	0	-0.17790920970912621	0
ANKHD1	0	-0.1294146382526237	0
ANKIB1	0	-0.14927374831671034	0
ANKLE2	0	-0.08847712319143029	1
ANKMY2	0	-0.08480202189045269	0
ANKRD10	0	-0.1439803221670348	1
ANKRD11	0	-0.13295774835038301	2
ANKRD12	0	-0.39013203715315214	0
ANKRD13A	0	-0.0665664172347017	0
ANKRD13D	0	-0.23649637033888796	0
ANKRD16	0	-0.2757917199321306	0
ANKRD17	0	-0.12290435020036498	1
ANKRD22	0	-0.14396540837866806	1
ANKRD27	0	-0.19887253848543102	0
ANKRD28	0	-0.1997203837298299	1
ANKRD40	0	-0.5957741797096707	0
ANKRD44	0	-0.0973552695136057	0
ANKRD50	0	-0.11678408689666449	1
ANKRD52	0	-0.3627775074712185	0
ANKRD54	0	-0.2615112185479175	0
ANKS1A	0	-0.17944417946264682	1
ANKS3	0	-0.33057696262424624	0
ANKS6	0	-0.2811363585393019	0
ANKZF1	0	-0.04681094870206118	1
ANLN	0	-0.28526075483468155	1
ANO10	0	-0.08401756578620276	2
ANO6	0	-0.010168711572008677	1
ANP32A	0	-0.0812518491401251	2
ANP32B	1	-0.0225780147508401	3
ANP32E	0	-0.051051969713443	1
ANPEP	0	-0.03793931604018398	1
ANTXR1	0	-0.09294535771202377	2
ANTXR2	0	-0.11707752111173395	0
ANXA1	0	-0.0672005060662778	0
ANXA11	0	-0.0835991901536422	2
ANXA2	0	-0.07474695625625465	0
ANXA3	0	-0.10619115494485391	1
ANXA4	0	-0.06318110344011431	0
ANXA5	0	-0.0696753056749994	1
ANXA6	0	-0.05010183856966847	2
ANXA7	0	-0.13464909139699624	0
AOAH	0	-0.11685644354466913	1
AOC3	0	-0.08631975762566345	1
AOX1	0	-0.16010599921478091	0
AP1B1	0	-0.14364469170792377	1
AP1G1	0	-0.12098392334592231	1
AP1G2	0	-0.23422776003991747	0
AP1M1	0	-0.08268268513640643	1
AP1S1	0	-0.05297605511627622	2
AP1S2	0	-0.11002233210469922	0
AP2A1	0	-0.09200770236851664	0
AP2A2	0	-0.21765120844764035	0
AP2B1	0	-0.15626018547821027	0
AP2M1	0	-0.059400142451142335	2
AP2S1	0	-0.11268715887764769	0
AP3B1	1	-0.002142776334196102	3
AP3D1	1	-0.08068573684399355	3
AP3M1	0	-0.22480650897907717	0
AP3M2	0	-0.30843817242892446	0
AP3S1	0	-0.2317783087359126	0
AP4B1	0	-0.25184272467245494	1
AP4E1	0	-0.20113481494324353	0
AP4M1	0	-0.21495474973649614	0
AP4S1	0	-0.31113757686389293	0
AP5B1	0	-0.1476195638541291	1
AP5M1	0	-0.23254258038530723	1
AP5S1	0	-0.25591251314703545	1
AP5Z1	0	-0.16854285438526498	1
APAF1	0	-0.1608188556388857	1
APBA1	0	-0.2444385983253043	1
APBA3	0	-0.3198295878132544	0
APBB1	0	-0.11641871449667796	0
APBB1IP	0	-0.08245613594832821	0
APBB2	1	-0.05660372928146408	3
APC	0	-0.2020297643726027	0
APCS	0	-0.03068090079329918	1
APEH	0	-0.0719578840192887	2
APEX1	0	-0.018027991823604938	2
API5	0	-0.021381635009220756	1
APIP	0	-0.24633683454080169	0
APLP2	0	-0.08300514009216026	1
APMAP	0	-0.013788300909352763	1
APOA1	0	-0.056567039170644595	2
APOA2	0	0.014346736625143741	2
APOA4	1	0.12305484767957534	3
APOB	0	-0.13860968586561298	1
APOBEC3C	0	-0.16372267480061042	0
APOBEC3F	0	-0.1542774552290542	0
APOBEC3G	0	-0.09232403317464005	0
APOBR	0	-0.1366615067386429	0
APOC1	0	-0.05059461196054306	2
APOC3	1	-0.023812993207079525	3
APOC4	0	-0.2660614099801493	1
APOD	0	-0.021686743915416647	2
APOE	0	-0.07047943211342377	2
APOF	0	-0.14971569380775707	1
APOH	0	-0.1749832647079997	1
APOL1	0	-0.1989528876601769	0
APOL2	0	-0.10581892906360424	1
APOL3	0	-0.0722387145608625	1
APOM	0	-0.14103190788502307	1
APOO	0	-0.16828011540762963	1
APOOL	0	-0.17692127021616894	1
APP	0	-0.028489140879320134	2
APPBP2	0	-0.5085017633943767	0
APPL1	1	0.02288923797703447	3
APPL2	0	-0.06754308054961347	1
APRT	1	-0.032900636103750124	3
APTX	0	-0.23727131845897179	0
AQR	1	0.0477705609413416	4
ARAF	0	-0.1435756366957651	1
ARAP1	0	-0.0755147053785353	2
ARAP3	0	-0.0629135562545266	1
ARCN1	0	0.015566951392062944	2
ARF4	0	0.04571872552648253	2
ARF5	0	-0.0167681599388866	2
ARF6	0	-0.17466943184968736	0
ARFGAP1	0	-0.1295087055423964	2
ARFGAP2	0	-0.15667568669386212	1
ARFGAP3	0	-0.074544899188974	2
ARFGEF1	1	0.03489568900976119	3
ARFGEF2	1	0.06236112157010145	4
ARFGEF3	0	-0.029103862593410485	0
ARFIP1	0	-0.1182494955570749	1
ARFIP2	0	-0.19930863738773458	0
ARFRP1	0	-0.08897775441862218	1
ARG1	0	-0.04261770157272576	2
ARGLU1	0	-0.08768267386836284	0
ARHGAP1	0	-0.03033844880987776	1
ARHGAP10	0	-0.10817463422462789	0
ARHGAP12	0	-0.08633095526346327	0
ARHGAP15	0	-0.12304856812144871	0
ARHGAP17	0	-0.041912483921807284	1
ARHGAP18	0	-0.0718140471041595	0
ARHGAP21	0	-0.04302699621843268	2
ARHGAP22	0	-0.445265125918171	0
ARHGAP23	0	-0.11411709560739713	2
ARHGAP24	0	-0.05450680787998372	2
ARHGAP25	0	-0.12104620421870411	0
ARHGAP26	0	-0.09829937777361955	1
ARHGAP27	0	-0.0642082829443305	1
ARHGAP29	0	-0.10468791905344918	0
ARHGAP30	0	-0.10623099552550933	0
ARHGAP31	0	-0.08180196593311388	1
ARHGAP32	0	-0.08044016372344796	0
ARHGAP35	0	-0.09972520107372743	1
ARHGAP4	0	-0.039446668654333064	2
ARHGAP42	0	-0.07347295920218755	1
ARHGAP44	0	-0.11971466467405403	0
ARHGAP45	0	-0.03425031511890388	2
ARHGAP5	0	-0.1428849282178	0
ARHGAP6	0	-0.06559174599029707	1
ARHGAP9	0	-0.09721427155219602	0
ARHGDIA	0	0.009891146321608158	2
ARHGDIB	0	-0.08847321904156005	1
ARHGEF1	0	-0.13555456922326303	2
ARHGEF10	0	-0.06539731444592159	1
ARHGEF10L	0	-0.09585769367421411	0
ARHGEF11	0	-0.12157457772882918	0
ARHGEF12	1	0.009470610861807144	3
ARHGEF16	0	-0.2603568530337247	0
ARHGEF17	0	0.04993417888792741	2
ARHGEF18	0	-0.20824675699824508	0
ARHGEF2	0	-0.0784656337859371	1
ARHGEF28	0	-0.17490375358864615	0
ARHGEF3	0	-0.6005567882688165	0
ARHGEF37	1	0.0042485251362399	3
ARHGEF40	0	-0.09359708184845454	1
ARHGEF5	0	-0.21137249216271276	0
ARHGEF6	0	-0.06849325800054996	0
ARHGEF7	0	-0.08104936947434242	2
ARID1A	0	-0.01861493409080394	2
ARID1B	0	-0.19157229586586974	0
ARID2	0	-0.13173087740694517	0
ARID3A	0	-0.09384909652699246	1
ARID4A	0	-0.07122716572367657	1
ARID4B	0	-0.011545092721341696	1
ARID5B	0	-0.3342023673872786	0
ARIH1	0	-0.1310980690761391	1
ARIH2	0	-0.13011540099288604	1
ARL1	0	-0.0892375916423422	2
ARL14EP	0	-0.12396774811266273	1
ARL15	0	-0.19903932392108892	0
ARL2	0	-0.21920890962872255	0
ARL2BP	0	-0.2117390560902191	0
ARL3	0	-0.13813183878129806	0
ARL5B	0	-0.1586651363192341	0
ARL6	0	-0.1306881485733365	0
ARL6IP1	0	-0.044981634382145634	2
ARL6IP4	0	-0.12636471807535737	0
ARL6IP5	0	0.01648661555395855	2
ARL6IP6	0	-0.2294378686897404	1
ARL8A	0	-0.044471184766833816	2
ARL8B	1	0.04308671898839026	3
ARMC1	0	-0.21423075204852782	1
ARMC10	0	-0.09304059023299407	2
ARMC6	0	-0.21153681740795366	0
ARMC8	0	-0.21405245481541768	0
ARMC9	0	-0.1899355479207503	0
ARMCX1	0	-0.09197781949133407	1
ARMCX2	0	-0.04449625444432636	1
ARMCX3	0	-0.03917537527071382	2
ARMH3	0	-0.14417764745317765	1
ARMT1	0	-0.15455980557769405	0
ARNT	0	-0.24950361074176683	0
ARNTL	0	-0.5801666593759961	0
ARPC1A	1	-0.016098848176045823	3
ARPC1B	0	-0.13264097007324901	1
ARPC2	0	-0.17443826509785312	1
ARPC3	0	-0.1464427406873245	0
ARPC4	0	-0.1470356070366507	0
ARPC5	0	-0.19662071699234385	1
ARPC5L	0	-0.2268560304215225	0
ARPIN	0	-0.04261301760595631	2
ARPP19	0	-0.18680240589483763	1
ARRB1	0	-0.03221165458471172	1
ARRB2	0	-0.09228622294662363	1
ARRDC1	0	-0.16959219494758962	1
ARSA	0	-0.2563354748330996	1
ARSB	0	-0.037951813698214244	2
ARSD	0	-0.07609146057728337	2
ARV1	0	-0.3281351715893418	1
ARVCF	0	-0.09642923495954989	2
AS3MT	0	-0.24988468175483783	0
ASAH1	0	-0.16282024352959162	0
ASAP1	0	-0.017629271232271797	1
ASAP2	0	-0.08409239004278704	1
ASAP3	0	-0.18257355615232038	0
ASB6	0	-0.33003001116193065	1
ASCC1	0	-0.2152280112519834	0
ASCC2	0	-0.19192822982972285	0
ASCC3	0	-0.1353152952326181	1
ASF1A	0	-0.20319681648302942	0
ASH2L	1	0.07735140949601267	3
ASL	0	-0.02003715779019948	1
ASMTL	0	-0.09813285140966074	0
ASNS	1	-0.06913588925398424	3
ASPA	0	-0.040099206886973646	0
ASPH	0	0.06307130105453344	2
ASPN	1	0.05567192236934617	3
ASPSCR1	0	-0.20000772022368993	0
ASRGL1	0	-0.0569259797977235	0
ASS1	0	0.01995250770392724	2
ASXL2	0	-0.1831560830794114	2
ATAD1	0	-0.013593229563956439	2
ATAD2	0	-0.28292456641187586	0
ATAD2B	0	-0.3226870381499219	0
ATAD3A	0	0.01846426361155349	2
ATAT1	0	-0.23780459206847815	0
ATE1	0	-0.06305484109124901	2
ATF1	0	-0.26068418876528665	1
ATF2	0	-0.06339465946122806	1
ATF7	0	-0.09944207026868336	1
ATF7IP	0	-0.172545267013336	0
ATG101	0	-0.1712870374348934	0
ATG12	0	-0.16862464781462874	0
ATG13	0	-0.28644885619788707	0
ATG14	0	-0.27286803418224037	0
ATG16L1	0	-0.10699214142265331	1
ATG2A	0	-0.29677344232211694	0
ATG2B	0	-0.12224195605850034	0
ATG3	0	-0.1416129293693007	0
ATG4A	0	-0.10645518469981503	1
ATG4B	0	-0.31761570336191347	0
ATG4C	0	-0.15846595424014498	0
ATG5	0	-0.19027063958073853	1
ATG7	0	-0.17513881983174784	1
ATG9A	0	-0.20246690641962478	0
ATIC	0	-0.03407033993039084	2
ATL1	0	-0.05052563504144632	1
ATL2	0	-0.017353536184953187	2
ATL3	1	0.05744369074056062	3
ATM	0	-0.14902529345117235	2
ATN1	0	-0.15500461913797886	0
ATOX1	0	-0.18482500664011173	0
ATP11A	0	-0.046599825072032745	1
ATP11B	0	-0.11030856796942681	1
ATP11C	0	-0.09141370491845621	0
ATP13A1	0	0.05741969586521556	2
ATP13A3	0	-0.12790071325144775	1
ATP1A1	0	-0.04614146172154744	1
ATP1B1	0	-0.0032968167402293693	1
ATP1B3	0	-0.10219716915125558	2
ATP23	0	-0.5644851218154789	0
ATP2A2	1	0.11534090543888786	3
ATP2A3	0	0.07060017860475862	2
ATP2B1	0	-0.07259394999888644	1
ATP2B4	0	-0.023427416197298035	1
ATP2C1	1	0.04392183770887946	3
ATP5F1A	0	-0.18177990584025092	1
ATP5F1B	0	-0.10404741836939431	2
ATP5F1C	0	-0.19013150396802286	1
ATP5F1D	0	-0.033604177527885665	2
ATP5F1E	0	-0.24981719603961525	1
ATP5IF1	0	-0.07890910290765743	1
ATP5MD	0	-0.08250820214707841	0
ATP5ME	0	-0.08656089402410494	2
ATP5MF-PTCD1	1	-0.07625790871921863	3
ATP5MG	0	-0.1002674487035059	2
ATP5MPL	0	0.007976057196453789	2
ATP5PB	0	-0.019274204308227183	2
ATP5PD	0	-0.13822939824597388	1
ATP5PF	0	-0.11709910492259105	1
ATP5PO	0	-0.13663349113632298	1
ATP6AP1	0	-0.07909277231620063	2
ATP6AP2	0	-0.18782051756369636	0
ATP6V0A1	0	-0.007340010194720836	1
ATP6V0A2	0	-0.2071603840789638	1
ATP6V0C	0	-0.21202004490761645	1
ATP6V0D1	0	-0.1789694845098822	1
ATP6V1A	0	-0.09347772689220189	1
ATP6V1B2	0	-0.0944990050964199	1
ATP6V1C1	0	-0.0870945880997265	1
ATP6V1D	0	-0.14405983394592034	0
ATP6V1E1	0	-0.18380309843610526	1
ATP6V1F	0	-0.18633343757479148	0
ATP6V1G1	0	-0.11679227966003533	0
ATP6V1H	0	-0.16343721463509514	1
ATP7A	0	-0.07818926798304904	0
ATP8A1	0	-0.16370188368918606	0
ATP9A	0	0.04848438146792066	1
ATP9B	0	-0.019939845010742085	2
ATPAF1	0	-0.07791333446762162	1
ATPAF2	0	-0.24958137533833188	0
ATR	0	-0.17558490772918833	0
ATRAID	0	-0.13451971548345915	1
ATRIP	0	-0.40772116483726306	0
ATRN	0	-0.11034156707489981	2
ATRX	0	-0.1190240706872014	0
ATXN1	0	-0.1230351413042893	0
ATXN10	0	-0.20485761604661684	0
ATXN1L	0	-0.05061552926163212	2
ATXN2	0	-0.2500477492265768	1
ATXN2L	1	0.04202289224049778	3
ATXN3	0	-0.18885940262785897	0
ATXN7	0	-0.26425546569345726	0
ATXN7L3B	0	-0.20616630449710302	0
AUH	0	-0.04250612552283252	1
AUP1	0	-0.024387415455559103	2
AUTS2	0	-0.11143177188942124	0
AVEN	0	-0.22468773017026683	0
AVL9	0	-0.06374767907704634	2
AXL	0	-0.33036600636022406	0
AZGP1	1	0.00031216056791466	3
AZI2	0	-0.2941363006424901	0
AZU1	0	-0.1075640981840463	1
B2M	0	-0.09705409779251481	0
B3GALT6	0	-0.23890908568291452	0
B3GAT3	0	-0.049086783575817944	2
B3GLCT	0	-0.1155437134591402	0
B4GALT1	0	-0.05839790413032472	2
B4GALT4	0	-0.09305903435499706	1
B4GALT7	0	-0.21877617026695692	1
B4GAT1	0	-0.2588186417068933	0
B9D1	0	-0.259775934846472	1
BABAM1	0	-0.08299476483577176	2
BABAM2	0	-0.142413016349447	0
BACH1	0	-0.13876421926165797	0
BAD	0	-0.14883160088303113	1
BAG1	0	-0.1066050178729907	0
BAG2	0	-0.04532394365275696	0
BAG3	0	-0.060477672489878564	1
BAG4	0	-0.17835887293244074	0
BAG5	0	-0.14577865676496626	0
BAG6	0	-0.13745771693584458	2
BAHD1	0	-0.5487207115002579	0
BAIAP2	0	-0.07505610152806022	1
BAK1	0	-0.1928375494754981	0
BANF1	1	0.022927869091665505	3
BANP	0	-0.23665506196058222	0
BAP1	0	-0.4330914805977873	0
BASP1	0	-0.0859666165340828	1
BAX	0	-0.14179884987166874	0
BAZ1A	0	-0.08392382965905593	2
BAZ1B	1	0.005999018276385981	3
BAZ2A	0	-0.2521033505190306	0
BBIP1	0	-0.26407393812136304	1
BBS1	0	-0.1746330671458615	1
BBS2	0	-0.09823079810932138	1
BBS4	0	-0.14931765240991485	0
BBS5	0	-0.2582694344081964	1
BBS7	0	-0.11983702814444146	1
BBS9	0	-0.13654118462040823	1
BBX	0	-0.1791596537304179	0
BCAM	0	-0.06004044080874704	0
BCAP29	0	-0.05504299767310872	1
BCAP31	0	0.11105295409186053	2
BCAR1	0	-0.15148975067107154	0
BCAR3	0	-0.11231392523920984	1
BCAS1	0	-0.25551562528831206	0
BCAS2	0	-0.0706730658458634	2
BCAS3	0	-0.1530966511925102	0
BCAT1	0	-0.09411153957637004	0
BCAT2	0	-0.19139680676651066	0
BCCIP	0	-0.24003303323696637	0
BCHE	0	-0.11131397157533962	1
BCKDHA	0	-0.20397954858217388	0
BCKDHB	0	-0.12186250595099742	0
BCKDK	0	-0.26534248323730025	0
BCL10	0	-0.06260015644497924	2
BCL2L1	0	-0.10269866764315638	1
BCL2L13	0	-0.06546032567321367	1
BCL2L2	0	-0.20251280177203562	1
BCL3	0	-0.17687624786237804	1
BCL7A	0	-0.1507083749501915	0
BCL7B	0	-0.12640824792238994	2
BCL7C	0	-0.18558585872915606	1
BCL9L	0	-0.2603385459930677	0
BCLAF1	0	-0.08849369128301059	2
BCLAF3	0	-0.2742352935115099	0
BCOR	0	-0.4354922972542239	0
BCR	0	-0.03993903773912878	1
BCS1L	0	-0.2603894011617899	0
BDH1	0	-0.16712423373195023	0
BDH2	0	-0.02139028998856302	2
BECN1	0	-0.14051079807372427	0
BEND3	0	-0.08686733811549777	2
BET1	0	0.017014879929664474	1
BET1L	0	-0.15984168777774554	2
BGN	1	0.08549800104008005	4
BICC1	0	-0.1454552578276174	0
BICD1	0	-0.12661537416921184	0
BICD2	0	-0.12871723041350558	0
BICRA	0	-0.20757032920387153	0
BID	0	-0.13627987755197377	0
BIN1	0	-0.05521633853613552	1
BIN2	0	-0.05930350739469546	1
BIN3	1	-0.023918476544738238	3
BIRC2	0	-0.23562216036712513	0
BIRC6	0	-0.010268759148874783	2
BLM	0	-0.11235333326010784	1
BLMH	0	-0.1907686134727434	0
BLNK	0	-0.06653648421973131	1
BLOC1S1	0	-0.023034036748344165	2
BLOC1S2	0	-0.08754937628095735	2
BLOC1S3	0	-0.0862424920994811	2
BLOC1S4	0	-0.17213783206278405	0
BLOC1S5	0	-0.08663689137552208	1
BLOC1S6	0	-0.1419073755353844	1
BLVRA	0	-0.10583085757706108	1
BLVRB	0	-0.004533116188657957	2
BLZF1	0	-0.3142998921538943	0
BMP1	0	-0.07696621876381766	2
BMP2K	0	-0.1578780400441821	0
BMPR2	0	-0.46227301941083515	0
BMS1	0	-0.0128411622621817	2
BNIP1	1	-0.03798646276436057	3
BNIP2	0	-0.17508782590078562	0
BNIP3	0	-0.20019307169142583	2
BOD1	0	-0.10106743295783098	0
BOD1L1	0	-0.08445888161467104	1
BOLA1	0	-0.2221536455396766	0
BOLA2	0	-0.0975084877614149	1
BOLA3	0	-0.19603243691079666	0
BOP1	0	-0.09989778071041627	1
BORCS5	0	-0.28425505479582924	1
BORCS6	0	-0.16773723912221117	0
BORCS7	0	-0.15619682270939297	0
BORCS8	0	-0.10959862347427536	1
BPGM	0	-0.014372936271262678	1
BPHL	0	-0.19219837706477366	0
BPI	0	-0.06648391929544588	2
BPNT1	0	-0.18291502360332695	0
BPTF	1	-0.00788076540846414	3
BRAF	0	-0.11451801746280002	1
BRAP	0	-0.3572158330288233	0
BRAT1	0	-0.26327565537744846	0
BRCC3	0	-0.21343705197714513	1
BRD1	0	-0.13478413927905808	0
BRD2	0	-0.06540773522137415	1
BRD3	0	-0.0405433399017487	1
BRD4	1	0.10755067900065352	4
BRD7	0	-0.1869856736712519	1
BRD8	0	-0.07542903138059907	0
BRD9	0	-0.11632018091263127	0
BRF1	0	-0.17326063034706288	0
BRI3	0	-0.1710075890055062	1
BRI3BP	0	-0.2937613717394222	1
BRIX1	0	-0.12306017311111841	1
BRK1	0	-0.19140031643233665	1
BRMS1	0	-0.418270873064742	1
BRMS1L	0	-0.05811350925437229	1
BROX	0	-0.12560445617529806	1
BRPF1	0	-0.1258674569995529	0
BRWD1	0	-0.14230368528071616	0
BSCL2	0	-0.1921679533427641	1
BSDC1	0	-0.15020071634388765	1
BSG	1	-0.01110112671870869	3
BST1	0	-0.16943184135892964	0
BST2	0	-0.04619483505731254	1
BTAF1	0	-0.021902434775773576	2
BTBD1	0	-0.22869363034249107	0
BTBD2	0	-0.12755721784855142	0
BTBD8	0	-0.1483607319068746	1
BTD	0	-0.0043431550820015406	2
BTF3	0	-0.1835099396249081	0
BTF3L4	0	-0.15650902988073306	0
BTK	0	-0.09058745658233533	0
BTN2A1	0	-0.1689346155587737	0
BTN3A3	0	0.008215436795768583	2
BUB1B	0	-0.543189358218527	0
BUB3	1	0.06535265913761487	3
BUD13	0	-0.18198800641278834	1
BUD23	0	-0.17010401943105657	1
BUD31	0	0.022082945487291908	2
BYSL	0	-0.08497470959115312	1
BZW1	0	-0.13552027236173214	2
BZW2	1	-0.022167080748317358	3
C11orf54	0	-0.07410514121898756	0
C11orf58	0	-0.18347558349747556	0
C11orf68	0	-0.10048628392355594	2
C11orf96	0	-0.06430329529497156	2
C11orf98	0	-0.3004710230573787	0
C12orf29	0	-0.20570395234532826	0
C12orf4	0	-0.16944026003493878	2
C12orf43	0	-0.18312380755406252	2
C12orf45	0	-0.18877208905909704	1
C12orf57	0	-0.2406839067596403	0
C12orf66	0	-0.23785931718143502	1
C12orf75	0	-0.33506268650857834	1
C14orf119	0	-0.26367431684108217	0
C15orf40	0	-0.17394832904767457	0
C16orf70	0	-0.27999409349587334	0
C16orf86	0	-0.7948507990995122	0
C17orf49	0	-0.22667841800472402	0
C17orf75	0	-0.11906370357376779	1
C17orf80	0	-0.19662438212511196	0
C17orf97	0	-0.09491664636898564	1
C18orf21	0	-0.3189956777244583	0
C18orf25	0	-0.12116494582620638	1
C18orf32	1	-0.08193718456691972	3
C19orf12	0	-0.22394689981367746	0
C19orf25	0	-0.12080417281106688	2
C19orf33	0	-0.2588316566203891	0
C19orf47	0	-0.11379197627163755	1
C19orf53	0	-0.18006496163555913	2
C1D	0	-0.4034389967205286	0
C1GALT1	0	-0.06319393378748102	1
C1GALT1C1	0	-0.263639708470135	1
C1QA	1	0.026843344805321457	3
C1QB	0	-0.09839663307353803	1
C1QBP	0	-0.13661189658718711	2
C1QC	0	-0.08827102143361157	2
C1QTNF3	0	-0.15818590742858396	1
C1R	0	-0.03638153956237058	2
C1RL	1	-0.06253263050206648	3
C1S	0	-0.05404943112553061	2
C1orf109	0	-0.5572231038185774	0
C1orf122	0	-0.08929246615314904	1
C1orf131	0	-0.5188153628296992	0
C1orf174	0	-0.2562139773679655	0
C1orf198	0	-0.0037468545075136153	2
C1orf21	0	-0.294356437416614	0
C1orf226	0	-0.1809560537899743	0
C1orf35	0	0.0046246370475802046	2
C1orf50	0	-0.2631351448401817	1
C1orf52	0	-0.20584004760676713	1
C2	0	-0.10318966392545097	1
C20orf27	0	-0.08746110713993102	1
C2CD2	0	-0.1718228515460662	0
C2CD2L	0	-0.02119837792836258	2
C2CD3	0	-0.3758231753365269	1
C2CD5	0	-0.11623201919780038	1
C2orf49	0	-0.2687797633297226	0
C2orf69	0	-0.16910536300174545	0
C2orf76	0	-0.15624332189340873	1
C2orf88	0	-0.3171600297427053	0
C3	0	-0.10364500911328571	1
C3orf38	0	-0.33547997085763576	0
C4B	0	-0.15645075600050895	1
C4BPA	0	-0.1773152986178269	0
C4BPB	0	-0.16732416467531971	0
C4orf3	0	-0.2484537564368709	2
C4orf33	0	-0.19116130085611666	0
C5	0	-0.12595006095062927	1
C5AR1	0	-0.3476373309396048	0
C5orf15	0	-0.2850082343145306	1
C5orf22	0	-0.2490167902626109	1
C5orf24	0	-0.016204156317864354	2
C5orf51	0	-0.12846343692278261	0
C6	0	-0.16097010227165287	1
C6orf47	0	-0.13575066214339687	2
C6orf89	0	-0.187928107889052	0
C7	0	-0.09067649899286505	2
C7orf25	0	-0.278311895579054	0
C7orf26	0	-0.2538808663776323	1
C7orf50	0	-0.16293843780420653	0
C8A	0	-0.10849817241045594	1
C8B	0	-0.1076758491698456	1
C8G	0	-0.059386247153538796	2
C8orf33	0	-0.24146833201114598	0
C8orf37	0	-0.19111716074572563	0
C8orf82	0	-0.16761164771137213	1
C9	0	-0.17900878047579655	1
C9orf16	0	-0.27227717191251155	0
C9orf40	0	-0.28806064851625657	0
C9orf64	0	-0.0623766257841919	2
C9orf72	0	-0.26744372066292826	0
C9orf78	0	-0.15451988108976017	0
CA1	0	-0.053941360315719854	1
CA12	0	-0.027005309596858224	2
CA13	0	-0.12190185442624898	1
CA2	0	0.0014804712254053083	2
CA3	0	0.013034167648913126	2
CA4	0	-0.06866659962037969	0
CA5B	0	-0.11599701333759009	0
CA8	0	-0.19278482263842536	0
CA9	0	-0.0394390927972065	2
CAAP1	0	-0.1500781176539705	1
CAB39	0	-0.16828017935268816	0
CAB39L	0	-0.13001203323924032	0
CABIN1	0	-0.1470807040909794	1
CABLES1	0	-0.12168888453918783	1
CACHD1	0	-0.1744412102182385	1
CACNA2D1	0	-0.06930592088908973	2
CACTIN	0	-0.2676387859443221	0
CACUL1	0	-0.25759320626464116	0
CACYBP	0	-0.05065009132894096	2
CAD	0	-0.11570288743843868	0
CADM1	0	-0.13091162526090686	0
CADM4	0	-0.22360966990629855	0
CADPS2	0	-0.09176222334596847	1
CALB1	0	-0.2205056788204945	1
CALB2	0	-0.08688214251077772	0
CALCOCO1	0	-0.1482394451088152	1
CALCOCO2	0	-0.09802289982941889	1
CALCRL	0	-0.2475642428827313	0
CALD1	0	-0.06826192468768935	1
CALHM5	0	-0.2739718842720765	0
CALM1	1	0.016714992838908836	3
CALML3	0	-0.12940725375611067	2
CALR	0	-0.16399683685922875	1
CALU	0	-0.14339265785860217	0
CAMK1	0	-0.056404036959802915	2
CAMK1D	0	-0.07380915738445634	1
CAMK2B	0	-0.07783878169467304	2
CAMK2D	0	-0.05866055071688896	1
CAMK2G	1	-0.021377760383609102	3
CAMK4	0	-0.02868206181005172	2
CAMKK2	0	-0.10816528558945286	1
CAMKMT	0	-0.23585245432719307	0
CAMLG	0	-0.08115496431129704	1
CAMP	0	-0.09522944770956004	1
CAMSAP1	0	-0.09077141768393046	1
CAMSAP2	0	-0.07369219227263532	1
CAMSAP3	0	-0.13722939834038722	0
CAND1	0	-0.08829376154651843	0
CAND2	0	-0.09829301771198333	1
CANT1	0	-0.16210503186657826	1
CANX	1	0.031268291522802305	3
CAP1	0	-0.1742147140857747	0
CAP2	1	0.0037811806804568804	3
CAPG	0	-0.13940833948886616	0
CAPN1	0	-0.09431302839481905	1
CAPN15	0	-0.1896575805521227	0
CAPN2	0	-0.09307215794181908	0
CAPN5	0	-0.003952947973280306	2
CAPN7	0	-0.3841173452670007	0
CAPNS1	1	0.011654630947694682	3
CAPRIN1	1	0.024731417135831598	4
CAPS	0	-0.15385457910163372	0
CAPZA1	0	-0.10111629601091117	1
CAPZA2	0	-0.02511562910437538	2
CAPZB	0	-0.12258857365937992	1
CARD11	0	-0.2301928419344977	0
CARD19	0	-0.19454554601391005	1
CARD6	0	-0.3715806916104519	1
CARD8	0	-0.19325756845985304	0
CARD9	0	-0.24596029072534398	0
CARHSP1	0	-0.039451907648436764	2
CARM1	0	-0.1643274034216803	1
CARMIL1	0	-0.07456429922436025	1
CARNMT1	0	-0.3007879982620662	0
CARS2	0	-0.24324696371615007	0
CASC3	1	-0.06447829025099235	3
CASK	0	-0.017774832017455982	1
CASKIN2	0	-0.04684053445088836	2
CASP1	0	-0.07831708218465774	0
CASP10	0	-0.1914393849102157	0
CASP2	0	-0.14800212178974237	1
CASP3	0	-0.03914154235210254	2
CASP4	0	-0.08993647694887312	0
CASP6	0	-0.0594326590934966	1
CASP7	0	-0.09494514180747575	0
CASP8	0	-0.20441775227004863	1
CASP9	0	-0.18934212763141456	0
CAST	0	-0.09866669631367823	1
CASTOR2	0	-0.19775945349883203	0
CAT	0	0.014643232949047185	1
CAV1	0	-0.006489211211544624	2
CAV2	0	-0.1347487302438683	1
CAVIN1	1	0.0649311581886724	3
CAVIN2	0	-0.089782246241386	2
CAVIN3	1	0.038270554549680924	3
CBFB	0	-0.11363450693501087	0
CBL	0	-0.1573137204132357	0
CBLB	0	-0.08973847509091232	1
CBLL1	0	-0.036839951616096316	2
CBR1	0	-0.021836702253963038	1
CBR3	0	-0.057822937655209336	1
CBR4	0	-0.21458502109298375	1
CBS	0	-0.7107321021186699	0
CBX1	1	0.03565278905181202	3
CBX3	1	0.04960761410030416	3
CBX4	0	-0.20398090035618055	1
CBX5	0	-0.06173436004395688	0
CBX6	0	-0.12945437829143716	1
CBX8	0	-0.11734128392087242	0
CC2D1A	0	-0.157279198400618	0
CC2D1B	0	-0.09898192562944459	0
CCAR1	0	0.01732825084572917	2
CCAR2	0	-0.024318074004731426	1
CCDC102A	0	-0.059961229025251826	2
CCDC115	0	-0.17611726955939228	0
CCDC117	0	-0.09498277847207699	1
CCDC12	0	-0.09391628159165248	2
CCDC124	0	-0.20057656476158642	0
CCDC127	0	-0.03269107158100916	1
CCDC134	0	-0.2882694140850326	0
CCDC149	0	-0.3814189597504198	0
CCDC174	0	-0.24577049663336323	0
CCDC186	0	-0.14669819852149196	0
CCDC22	0	0.005624303434942879	2
CCDC25	0	-0.04919713409775826	2
CCDC28A	0	-0.10433582536734783	0
CCDC32	0	-0.17026106604589633	0
CCDC43	0	-0.19392119211427525	0
CCDC47	1	0.07958160090617014	3
CCDC50	1	-0.03467449304938776	3
CCDC51	0	-0.11558366503522514	1
CCDC58	0	-0.09732502261769874	1
CCDC6	0	-0.037968953065980936	1
CCDC61	0	-0.3604488310932935	0
CCDC71L	0	-0.3631634941916041	1
CCDC8	0	-0.051019402382982415	1
CCDC80	0	-0.10371345248077095	2
CCDC82	0	-0.3740498275677527	0
CCDC85B	0	-0.3102708344771729	0
CCDC85C	0	-0.23213535144674707	0
CCDC86	0	-0.15781765686960375	0
CCDC88A	0	-0.09018821280033108	0
CCDC88B	0	-0.184377757796869	1
CCDC88C	0	-0.1413485024056441	0
CCDC9	0	-0.18613551006085632	1
CCDC90B	0	-0.22526457591105525	0
CCDC91	0	-0.0790419749583939	0
CCDC92	0	-0.2888869291615955	0
CCDC93	0	-0.12994336821856362	1
CCDC97	0	-0.10785192985924316	1
CCDC9B	0	-0.02492735627935918	2
CCL14	1	-0.09825102959165424	3
CCL18	0	-0.1007730395399801	0
CCL5	0	-0.06920422563333661	1
CCM2	0	-0.1430725132635544	0
CCNH	0	-0.20741273834467994	0
CCNK	0	-0.11503040879425815	1
CCNL1	0	-0.20806611152591464	0
CCNL2	0	-0.28944101423528296	0
CCNT1	0	-0.09992596444405402	2
CCNT2	0	-0.25919569080530336	0
CCNY	0	-0.2380298323818705	0
CCNYL1	0	-0.31140006934193215	0
CCP110	0	-0.5868104491935494	0
CCPG1	0	-0.132301898122939	0
CCS	0	-0.1372417293257401	1
CCSER2	0	-0.2986096301285842	0
CCT2	0	0.0014120839242460007	2
CCT3	0	-0.06732556854030444	2
CCT4	1	-0.0611741496642214	3
CCT5	1	-0.05944914097369254	3
CCT6A	0	-0.0029168922583586803	2
CCT7	0	-0.12131621202974233	2
CCT8	0	-0.04569778597332874	2
CCZ1	0	-0.13224472112024044	1
CD109	1	-0.00434288475768598	3
CD14	0	-0.07086052460625639	0
CD151	0	-0.11555057305431064	2
CD163	0	-0.022798784642544763	2
CD164	0	-0.5087094253275638	0
CD180	0	-0.15141399159945618	0
CD2	0	-0.34610259378787617	0
CD200	0	-0.17728147903887131	0
CD209	0	-0.11723115178203239	0
CD248	0	-0.09986891235522337	0
CD276	0	-0.0069304636944366015	1
CD2AP	0	-0.05039084382613064	0
CD2BP2	0	-0.13072788658837337	2
CD300A	0	-0.16522808790943175	0
CD320	0	-0.4322187355074859	1
CD33	0	-0.2768796487916179	0
CD34	0	-0.022654819312559776	1
CD36	0	-0.10855015516812336	1
CD38	0	-0.036741064153828294	0
CD4	0	-0.049519641216042055	1
CD40	0	-0.07451703196271313	1
CD44	0	-0.043454063551160015	1
CD46	1	-0.0028463639132134426	3
CD47	0	0.02033283570260038	2
CD48	0	-0.09328516410984031	1
CD53	0	-0.16905795435242255	0
CD55	0	-0.06828541573775915	1
CD58	0	-0.23930154433970424	0
CD59	0	-0.08235427216801477	1
CD5L	0	-0.25708905860774195	0
CD63	0	-0.0787713921888103	1
CD74	0	-0.04474559010492883	1
CD81	0	-0.022497717178223197	2
CD82	0	-0.07664361492144534	2
CD84	0	-0.1671491852144869	0
CD8A	0	-0.6028405778415331	0
CD9	0	-0.07576412825158951	2
CD93	0	-0.07991512886013813	1
CD99	0	-0.05624507020189469	1
CD99L2	0	-0.07889634695251743	1
CDA	0	-0.10650877014308346	1
CDC123	0	-0.3287429348512486	0
CDC16	0	-0.0990481544602275	1
CDC23	0	-0.20504973796479303	0
CDC26	0	-0.19122841938824373	1
CDC27	0	-0.05566768448121171	0
CDC34	0	-0.2606250707845062	0
CDC37	0	-0.16474208710840368	0
CDC37L1	0	-0.12958875130799968	0
CDC40	0	-0.0982927883961423	0
CDC42	0	-0.19297519587233458	1
CDC42BPA	0	-0.03785039114327058	2
CDC42BPB	0	0.015619920452863941	2
CDC42EP1	0	-0.004745617704661881	2
CDC42EP2	0	-0.12172010887971277	1
CDC42EP4	0	-0.07186269555654279	2
CDC42EP5	0	-0.1275056560638372	0
CDC5L	0	-0.06900960703766651	2
CDC73	1	0.019775213724547065	3
CDCP1	0	0.004410859652646345	2
CDH1	0	-0.037292839487537824	2
CDH11	0	-0.16334504669659347	0
CDH13	0	-0.062182024482622666	0
CDH2	0	-0.05515622869063934	0
CDH5	0	-0.11062910017139478	1
CDH6	0	-0.11359787413199315	0
CDIPT	0	0.1257375240803473	2
CDK1	1	-0.029819027012371657	3
CDK11A	0	-0.010426674257371036	2
CDK11B	0	-0.03808439180302392	2
CDK12	0	-0.16509716654846013	1
CDK13	0	-0.07671313494365503	1
CDK14	0	-0.1738524515995386	0
CDK16	0	-0.23567042523614154	0
CDK17	0	-0.0771521334572842	1
CDK18	0	-0.10088807406890479	0
CDK19	0	-0.189938167185083	1
CDK2	0	-0.08254803899418586	0
CDK2AP1	0	-0.2059086949364816	1
CDK4	0	-0.14361196050755376	0
CDK5	0	-0.20220658395435973	0
CDK5RAP1	0	-0.28793821204305725	0
CDK5RAP2	0	-0.22637858631679625	0
CDK5RAP3	0	-0.34456234258558804	0
CDK6	0	-0.09435683416296804	1
CDK7	0	-0.06539968740390485	1
CDK9	0	-0.15227422253471207	0
CDKAL1	1	-0.016234278227135256	3
CDKN1A	0	-0.4956815377055257	0
CDKN1B	1	0.010265738282212222	3
CDKN1C	0	-0.2447734813983454	0
CDKN2A	0	-0.14282454017008428	1
CDKN2AIP	0	-0.07787185958446628	0
CDKN2AIPNL	0	-0.28842842799529117	0
CDKN2C	0	-0.01618873188067451	2
CDR2	0	-0.26761347281033065	0
CDR2L	0	-0.1601913302031624	1
CDS1	0	-0.12018614491097997	1
CDS2	1	0.07497227627678207	3
CDV3	0	-0.15828836405199836	1
CDYL	0	-0.06672139359322245	1
CEACAM1	0	-0.1497580154863216	0
CEBPB	0	-0.13925862524156224	0
CEBPD	0	-0.7361932109462946	0
CEBPZ	1	0.1065834822722768	3
CEBPZOS	0	-0.1724393034351033	1
CELF1	0	-0.1436630043263077	1
CELF2	0	-0.01739905336967166	2
CELSR1	0	-0.04820965098308492	2
CEMIP2	0	-0.030932407681363277	2
CENPB	0	-0.15299703728597058	1
CENPC	0	-0.15326738287372899	1
CENPF	0	-0.18539930816586286	1
CENPV	0	-0.02035784261660244	1
CEP104	0	-0.32650109802534855	0
CEP112	0	-0.18563015883541606	0
CEP120	0	-0.21565369113626578	0
CEP128	0	-0.32851115809576237	1
CEP131	0	-0.14163620523676196	1
CEP135	0	-0.0832420297878574	1
CEP152	0	-0.2882496667250831	0
CEP164	0	-0.340725480353635	0
CEP170	0	-0.0472963935910772	1
CEP170B	0	-0.06136797176598354	0
CEP192	0	-0.2758820021356182	0
CEP250	0	-0.0943478095161278	2
CEP290	0	-0.2162885824337625	1
CEP350	0	-0.2107883500761763	0
CEP41	0	-0.14183183905769425	0
CEP44	0	-0.20306569582259795	0
CEP55	0	-0.22865550947990068	0
CEP57	0	-0.28508165278215397	0
CEP63	0	-0.4866384271587941	0
CEP68	0	-0.18682808724767846	0
CEP78	0	-0.27312025994894656	0
CEP85	0	-0.8328199405628427	0
CEP89	0	-0.562016549769743	0
CEP97	0	-0.1767232368366784	0
CEPT1	0	-0.11763464847202956	1
CERCAM	0	-0.5195474607306713	0
CERS2	0	0.0949194127595823	2
CERS4	0	-0.13873532918249387	1
CERS5	0	-0.4023194852958917	0
CES1	0	-0.0619911903418043	0
CES2	0	-0.07484340013208508	0
CETN2	0	-0.08003966001367277	1
CETN3	0	-0.12331850874131198	1
CETP	0	-0.5826528134531244	0
CFAP20	0	-0.14951101486264312	1
CFAP298	0	-0.20308842382028444	0
CFAP36	0	-0.08720341735266572	1
CFAP410	0	-0.3123050426824038	0
CFAP97	0	-0.3276976269426878	0
CFB	0	-0.1693622637320663	1
CFD	0	-0.08786754184427963	2
CFDP1	0	-0.11647625760348582	0
CFH	0	-0.08675375562633875	2
CFHR1	0	-0.10131024303885725	2
CFHR2	0	-0.10082357261956938	1
CFHR3	0	-0.09624130864392304	1
CFHR4	0	-0.10218597224626687	0
CFHR5	0	-0.11437512883301322	1
CFI	0	-0.06119477396776489	1
CFL1	0	-0.12298619682036697	0
CFL2	0	-0.07135173414759069	0
CFLAR	0	-0.6215195644430273	0
CFP	0	-0.14069957497445978	1
CGAS	0	-0.1482589355493613	2
CGGBP1	0	-0.04738223308661383	1
CGN	0	-0.07858751098870118	0
CGNL1	0	-0.05936646265840664	0
CGREF1	0	-0.2705009433890887	0
CHAC2	0	-0.28953512139909743	0
CHAF1A	0	-0.19804056962420108	0
CHAMP1	1	0.0701201582083963	3
CHCHD1	0	-0.2845149065044309	0
CHCHD10	0	-0.15567583284959893	0
CHCHD2	0	-0.20982929930883315	0
CHCHD3	0	-0.1883476210416691	1
CHCHD4	0	-0.13334222818229138	0
CHCHD5	0	-0.1389650754257408	1
CHCHD6	0	-0.14658738048428582	1
CHCHD7	0	-0.2512168876462909	0
CHD1	0	-0.025400785396559898	1
CHD1L	0	-0.17096584478655447	0
CHD2	0	-0.03258412389411416	1
CHD3	0	-0.045574199361322724	2
CHD4	1	0.07088101231856295	4
CHD6	0	-0.1402715413689156	1
CHD8	0	-0.08725308569548441	1
CHD9	0	-0.15690894089082338	1
CHDH	0	-0.06557414046731251	0
CHEK1	0	-0.360840724058005	0
CHEK2	0	-0.25129197844518397	0
CHERP	0	0.012468676949219121	2
CHGA	0	-0.18794662110837146	0
CHGB	0	-0.559704173838045	0
CHI3L1	0	-0.07896652226968064	1
CHID1	0	-0.13453579426341297	1
CHIT1	0	-0.21512290027154082	1
CHKA	0	-0.3190298584346877	0
CHKB	0	-0.19255282016413153	0
CHL1	0	0.009998097217819078	2
CHM	0	-0.21716730412416388	0
CHML	0	-0.13909136638357428	1
CHMP1A	0	-0.2168074535178238	1
CHMP1B	0	-0.16954554822858597	2
CHMP2A	0	-0.12019838559920734	1
CHMP2B	0	-0.15452437233881464	0
CHMP3	0	-0.19124236551401244	0
CHMP4A	0	-0.20057643349181217	0
CHMP4B	0	-0.13217444866983188	0
CHMP5	0	-0.10128261558600697	1
CHMP6	0	-0.189139947531687	0
CHMP7	0	-0.27574891123581813	0
CHN1	0	-0.13234457503698635	0
CHN2	0	-0.21374776339518023	0
CHORDC1	0	-0.09153864258702786	1
CHP1	0	-0.1555079127157895	1
CHPF	0	-0.2471038855190076	0
CHPF2	0	-0.28719419459212886	1
CHRAC1	0	-0.14634410659106326	0
CHRD	0	-0.29120848541251476	0
CHRDL1	0	-0.4739636285396167	0
CHST14	0	-0.14608107062572545	2
CHSY1	0	-0.20878660921973252	0
CHTF18	0	-0.4096165441505827	0
CHTOP	0	-0.23698245067950907	0
CHUK	0	-0.10466061435850374	1
CHURC1-FNTB	0	-0.2888450696054045	0
CIAO1	0	-0.07578004260757942	2
CIAO2A	0	-0.19154641938725342	0
CIAO2B	0	-0.24137868726957254	1
CIAO3	0	-0.2369656629787938	0
CIAPIN1	0	-0.1209602099833672	0
CIB1	0	-0.035279612427342746	1
CIC	0	-0.15453428367826982	0
CINP	0	-0.16700714459991292	0
CIP2A	0	-0.10375229653901841	0
CIR1	0	-0.1557102317071525	0
CIRBP	0	-0.12233247783170335	0
CISD1	0	-0.08590995190267814	1
CISD2	0	-0.0036597578957917112	2
CISD3	0	-0.14852663007860148	0
CIT	0	-0.13785560930893997	0
CIZ1	0	0.03929970662461072	2
CKAP2	0	-0.4363689552115451	1
CKAP4	0	0.07399883595783846	2
CKAP5	0	-0.04665700871981578	1
CKB	0	-0.024891760993810436	2
CKMT1A	0	-0.07638613497252493	1
CKMT2	0	-0.18577900554206778	1
CKS1B	0	-0.13310051880810597	0
CLASP1	0	-0.05810283037101137	2
CLASP2	0	-0.13363728428266075	0
CLASRP	0	-0.25171548758327783	0
CLC	0	-0.036543706217510956	2
CLCC1	1	0.08854450530560085	3
CLCN3	0	-0.025601765970050972	2
CLCN7	0	-0.029720002139325703	2
CLDN10	0	-0.5045697944949747	0
CLDND1	0	-0.2589998933171521	0
CLEC11A	0	-0.047936181784317224	2
CLEC14A	0	-0.20235515923845662	0
CLEC16A	0	-0.0898568224298129	0
CLEC3B	0	-0.06058787849926649	2
CLGN	0	-0.09734335024011646	1
CLIC1	0	-0.02956319195500372	1
CLIC2	0	-0.021316617881560817	1
CLIC4	0	-0.07339127691015238	1
CLIC5	0	-0.04484594468590172	1
CLIC6	0	-0.078354367644593	0
CLINT1	0	-0.07340441247834487	1
CLIP1	0	-0.09879821266943731	0
CLIP2	1	0.0023869681894776785	4
CLK2	0	-0.45833031416337155	0
CLK3	0	-0.16532408208681196	1
CLMN	0	-0.024461880943047184	1
CLN5	0	-0.27794664882362874	0
CLNS1A	0	-0.15377330832777525	1
CLOCK	0	-0.23158274856477323	1
CLP1	0	-0.1829445499806935	0
CLPB	0	-0.14585002266527292	0
CLPP	0	-0.20801691231679995	1
CLPTM1	1	0.18965872873824835	3
CLPTM1L	1	0.04962048619327273	3
CLPX	0	-0.04995658053511706	2
CLSTN1	0	-0.005464465953640957	2
CLSTN3	0	-0.24973960215469715	0
CLTA	0	-0.12219157200549695	2
CLTB	0	-0.0757418415337056	2
CLTC	0	-0.062497266823506224	2
CLTCL1	0	-0.0606116639214921	2
CLU	0	-0.055730221101114044	1
CLUAP1	0	-0.20612485842205053	0
CLUH	0	-0.05428535434926266	1
CLYBL	0	-0.16305699996450101	0
CMAS	0	-0.015694941043431145	1
CMBL	0	-0.05140867473650166	1
CMC1	0	-0.27023502399279553	0
CMC2	0	-0.2924386744194623	0
CMC4	0	-0.1379992892386026	1
CMIP	0	-0.0803725054865013	2
CMPK1	1	-0.015986811949034497	3
CMPK2	0	-0.07114441377889949	0
CMSS1	0	-0.13321623294769086	1
CMTM4	0	-0.10210285134390407	1
CMTR1	0	-0.06151136156558699	1
CMTR2	0	-0.0651004917399431	1
CNBP	0	-0.014537325298951742	1
CNDP1	0	-0.009549391566970943	1
CNDP2	0	-0.0545588059824373	0
CNKSR3	0	-0.0448659816612251	1
CNN1	0	-0.10860359195509506	0
CNN2	0	-0.07403563602498224	0
CNN3	0	-0.04532921765630375	2
CNNM3	0	-0.02748340124662758	1
CNNM4	0	0.04270918894529267	2
CNOT1	0	0.00821394928751662	2
CNOT10	0	-0.1463495441082533	0
CNOT11	0	-0.07274673866091166	2
CNOT2	0	-0.19492018356934102	0
CNOT3	0	-0.10443983839113655	1
CNOT4	0	-0.24555170869937082	0
CNOT6L	0	-0.2270380299992186	0
CNOT7	0	-0.11986305701733495	0
CNOT8	0	-0.30815112222995944	0
CNOT9	0	-0.1417707482185519	0
CNP	0	-0.05521320317079659	1
CNPY2	0	-0.16244083947683446	0
CNPY3	0	-0.15025544184495618	1
CNPY4	0	-0.10536197587925888	1
CNRIP1	0	-0.020299968936326178	2
CNST	0	-0.2076799521558474	1
CNTLN	0	-0.45239581602148177	0
CNTN1	0	-0.05325844384319026	2
CNTRL	0	-0.1944464816802973	0
CNTROB	0	-0.22758578154269848	0
COA1	0	-0.30429189872324286	0
COA3	0	-0.15858600405790307	0
COA4	0	-0.1281580156453574	0
COA5	0	-0.22549090068273628	0
COA6	0	-0.024264841330943636	2
COA7	0	-0.12571410412806805	0
COASY	0	-0.2186130275753726	0
COBL	0	-0.0497797857560901	0
COBLL1	0	-0.04867675070618742	2
COG1	0	-0.1073206668299114	2
COG2	0	-0.06094366549425513	2
COG3	0	-0.020249143455974384	2
COG4	0	-0.14807879078176384	2
COG5	0	-0.024340194289417614	2
COG6	1	-0.009404927121780055	3
COG7	0	-0.016846514750894062	1
COG8	1	4.372400007841004e-05	3
COIL	0	-0.11862363777922261	1
COL12A1	0	-0.048114812826314315	0
COL14A1	0	-0.029462661520251482	1
COL15A1	0	-0.004045045610423259	2
COL16A1	0	-0.2544907788770439	0
COL18A1	0	-0.06441942002486112	2
COL1A1	0	-0.08424034737061228	2
COL1A2	0	-0.08108717556497211	2
COL2A1	0	-0.25493340495509725	0
COL3A1	0	-0.10512051109178573	1
COL4A1	0	-0.14013295244688578	2
COL4A2	0	-0.19038024983416885	0
COL5A1	0	-0.09546050880245222	1
COL5A2	0	-0.15849167747696025	1
COL5A3	0	-0.26722976700991724	1
COL6A1	0	-0.10054190724337161	1
COL6A2	0	-0.0329382996216267	2
COL6A3	0	-0.0862269747848923	1
COL7A1	0	-0.342693894729574	0
COL8A1	0	-0.21214487869472606	0
COLEC11	0	-0.19179167379443487	0
COLEC12	0	-0.20226570813997982	0
COLGALT1	1	6.213880682996164e-05	3
COMMD1	0	-0.2344964608470927	0
COMMD10	0	-0.048823612611185174	2
COMMD2	0	-0.10844479220822918	2
COMMD3-BMI1	0	-0.16982713661430443	0
COMMD4	0	-0.2909634818729322	0
COMMD5	0	-0.13612019812417114	1
COMMD6	0	-0.3824095813204599	0
COMMD7	0	-0.17446548652327293	0
COMMD8	0	-0.2475794270261039	0
COMMD9	0	-0.08252926073087172	1
COMP	0	-0.018507382608963757	2
COMT	0	0.009041964723698562	2
COMTD1	0	-0.11305544931438619	0
COP1	0	-0.24708695494390726	0
COPA	0	0.07098158161882182	2
COPB1	1	0.0902244867371186	3
COPB2	1	0.08244565035154355	4
COPE	1	0.00018350346307445807	3
COPG1	0	-0.05710858892516246	2
COPG2	1	-0.0271933184896209	3
COPRS	0	-0.11879558396536272	2
COPS2	0	-0.2608946140859448	0
COPS3	0	-0.3389332174544713	0
COPS4	0	-0.1349543019940062	1
COPS5	0	-0.20019728753311644	0
COPS6	0	-0.14510476074027806	1
COPS7A	0	-0.2637264751488762	0
COPS7B	0	-0.30965351472937414	0
COPS8	0	-0.1269188181811119	2
COPZ1	0	-0.11062884958664447	0
COPZ2	0	-0.07423175509859502	0
COQ10B	0	-0.28218117695573336	0
COQ3	0	-0.2009097973924942	0
COQ5	0	-0.24601816285337316	0
COQ6	0	-0.2955893562068427	0
COQ7	0	-0.2506940831114988	0
COQ8A	0	-0.13250326061182277	1
COQ8B	0	-0.24420582235823757	0
COQ9	0	-0.1354454797733246	0
CORO1A	0	-0.08324348709140435	1
CORO1B	0	-0.12213621217469857	0
CORO1C	0	-0.14279632655446634	0
CORO2A	0	-0.12406132395703603	1
CORO2B	0	-0.0251957720708277	2
CORO7	0	-0.13711053935549852	0
COTL1	0	-0.08852189489527085	0
COX11	0	-0.16166725769079307	0
COX15	0	-0.0458052660684386	2
COX17	0	-0.1939197569476344	0
COX19	0	-0.18659204041154484	1
COX20	0	-0.24239189681556866	1
COX4I1	0	-0.12084537042269097	0
COX5A	0	-0.18190192268923894	1
COX5B	0	-0.278085182824814	0
COX6A1	0	-0.24040884529511325	0
COX6B1	0	-0.12611644763509378	1
COX6C	0	-0.1718794390560871	0
COX7A2	0	-0.2171609001472047	0
COX7A2L	0	-0.1901867118853507	1
COX7B	0	-0.1352222782779852	1
COX7C	0	-0.1355972534611169	1
COX8A	0	-0.149709518658365	1
CP	0	-0.06872906019969188	2
CPB2	0	0.016355781660275702	2
CPD	0	-0.03224915969346856	1
CPE	0	-0.12454969822492104	1
CPEB2	0	-0.21560735462562955	0
CPEB4	0	-0.3233910914647973	0
CPM	1	0.016013127597346438	4
CPN1	0	-0.12019698616755044	1
CPN2	0	-0.08510879815592057	1
CPNE1	0	-0.15910690500145697	1
CPNE2	0	-0.15442613162785163	0
CPNE3	0	-0.11134172093733534	1
CPNE8	0	-0.10182552044238809	0
CPOX	0	-0.1597855898309702	0
CPPED1	0	-0.06360840198623204	0
CPQ	0	-0.05478410600051128	2
CPS1	0	-0.050455950536201846	1
CPSF1	0	-0.08119434138098833	1
CPSF2	0	-0.10272293162034737	1
CPSF3	0	-0.13770820925344923	1
CPSF4	0	-0.06526398465270809	1
CPSF6	1	0.018064850143955043	3
CPSF7	0	-0.059848395781594496	2
CPT1A	0	0.0711593820942874	2
CPT2	0	-0.10386954772625416	1
CPTP	0	-0.13109046442979044	0
CPVL	0	-0.16833533020115404	0
CPXM1	0	-0.1000701936355389	1
CR1	0	-0.2641261760354725	0
CRABP1	0	-0.19601891643652702	0
CRABP2	0	-0.09410531186780677	0
CRADD	0	-0.10737194529948875	0
CRAT	0	-0.07707002283984436	0
CRBN	0	-0.2756598151266351	0
CRCP	0	-0.3912208616729677	0
CREB1	0	-0.16889749344596428	1
CREBBP	1	-0.06604175181940261	3
CREBRF	0	-0.3598630213871853	0
CREG1	0	-0.1103725889097387	1
CRELD1	0	-0.08475292985870811	2
CRELD2	0	-0.21461374584178466	1
CRIM1	0	-0.12839529011162726	1
CRIP1	0	-0.12978201879369866	0
CRIP2	0	-0.055222593934970865	2
CRIPT	0	-0.08491439785869666	2
CRISP3	0	-0.19464434194595495	1
CRISPLD2	0	-0.23756950354405243	2
CRK	1	-0.0541988769768638	3
CRKL	0	-0.060975207753462005	1
CRLF3	0	-0.12304504554732458	0
CRMP1	1	0.03696505366548698	4
CRNKL1	1	-0.0315961479818126	3
CROCC	0	-0.013700491901723521	1
CROT	0	-0.11665632331576328	0
CRP	0	-0.1963486957549708	0
CRTAC1	0	-0.08875957648874837	0
CRTAP	0	-0.028680939671248358	2
CRTC1	0	-0.11914502057504195	1
CRTC2	0	-0.0322810951034346	1
CRTC3	1	0.02837172607490992	3
CRYAB	0	-0.047040474809193364	1
CRYBB1	0	-0.3409084485913	0
CRYBG1	0	-0.06777094811633935	0
CRYBG3	0	-0.05927443220904592	1
CRYL1	1	0.026682269004939318	3
CRYM	0	-0.02411609469763466	1
CRYZ	1	0.009343367492859059	3
CRYZL1	0	-0.1337656932426203	1
CS	0	-0.06823374262034407	1
CSAD	0	-0.47255042470721154	1
CSDE1	0	-0.032137909570899695	1
CSE1L	0	0.004145216068922997	2
CSF1	0	-0.6246844829148612	0
CSF1R	0	-0.18699982432110146	0
CSK	0	-0.15276241104086954	1
CSNK1A1	0	-0.05764001771891257	2
CSNK1D	0	-0.24972303219065548	0
CSNK1E	0	-0.19852341692530576	0
CSNK1G1	0	-0.23504209554129388	1
CSNK1G2	0	-0.256439241336463	1
CSNK1G3	0	-0.17876465647543766	2
CSNK2A1	0	-0.084440649112614	1
CSNK2A2	0	-0.20613647608474855	0
CSNK2B	0	-0.02644814978104673	2
CSPG4	0	-0.11840323055455897	0
CSPP1	0	-0.18408490179633735	0
CSRP1	0	-0.07362957563895711	0
CSRP2	0	-0.017538706466532824	2
CST3	0	-0.0674814029613193	2
CSTA	0	-0.09062288864710338	1
CSTB	0	-0.05797908172130496	1
CSTF1	0	-0.1191426394339774	2
CSTF2	0	-0.12033137696856067	2
CSTF2T	0	-0.02771757685641608	1
CSTF3	0	-0.03652444519622229	1
CTBP1	0	-0.0874009333734762	1
CTBP2	0	-0.10926584336528633	1
CTBS	0	-0.12932785798404708	0
CTCF	0	-0.13080653342571474	1
CTDP1	0	-0.14071636061642812	0
CTDSP1	0	-0.27720564328556463	0
CTDSPL2	0	-0.0935567517476985	1
CTH	0	-0.11417022436213811	0
CTHRC1	0	0.0220382176178906	2
CTIF	0	0.0007896632440726192	2
CTNNA1	0	-0.12077486927087266	0
CTNNA2	0	-0.17766445816151794	0
CTNNAL1	0	-0.2883051174241918	0
CTNNB1	0	-0.0748040305620186	2
CTNNBIP1	0	-0.2991134549007284	0
CTNNBL1	0	-0.1028470044856741	1
CTNND1	0	-0.14720714000290114	1
CTPS1	0	-0.14123454913034061	0
CTPS2	0	-0.2905663091485971	0
CTR9	0	0.014856563551592242	2
CTSA	0	-0.12098174761876461	1
CTSB	0	-0.05534894294765411	1
CTSC	0	-0.054544320985429606	1
CTSD	0	-0.12786027955290855	0
CTSF	0	-0.061803015652189	1
CTSG	0	-0.10660496731087381	2
CTSH	0	-0.058740049235905034	0
CTSL	0	-0.16893253983920062	2
CTSO	0	-0.20766826013925307	0
CTSS	0	-0.11742790686916153	1
CTSZ	0	-0.16220783036838055	0
CTTN	0	-0.149749264912255	1
CTTNBP2NL	0	-0.2250838012258507	0
CTU1	0	-0.21964847798507864	0
CTU2	0	-0.08660450955877534	1
CUEDC1	0	-0.07605703457034782	0
CUEDC2	0	-0.09996184129628133	1
CUL1	0	-0.19925692155157168	0
CUL2	0	-0.053662257839509994	1
CUL3	0	-0.19506504371495234	0
CUL4A	0	-0.2051043049338399	2
CUL4B	0	-0.057339524156063915	2
CUL5	0	-0.03142255192424044	1
CUL7	0	-0.19892454834894865	0
CUL9	0	-0.3064138204721093	0
CUTA	0	-0.057947065348767354	2
CUTC	0	-0.15878787403415337	1
CUX1	0	-0.08502205606251574	1
CWC15	0	-0.04706308857542805	2
CWC22	1	0.0687350441582721	4
CWC25	0	-0.11556978210560595	1
CWC27	0	-0.10896157924505087	1
CWF19L1	0	-0.08278386017014061	1
CWF19L2	0	-0.17229759472470288	0
CX3CL1	0	-0.3172472601824407	0
CXADR	0	-0.08223330733393949	1
CXCL12	0	-0.10531095927620585	1
CXCL14	0	-0.07965077468649548	0
CXXC1	0	-0.026633769263101598	1
CXXC5	0	-0.10839978804960024	1
CXorf38	0	-0.19459163296658827	0
CXorf56	1	0.01848549591316732	3
CYB5A	0	-0.0020669169212247608	2
CYB5B	0	-0.15302131978702677	2
CYB5R1	0	-0.07547229347398103	2
CYB5R2	0	-0.05552861160290273	2
CYB5R3	1	0.02492413853706172	3
CYB5R4	0	-0.17131579213029685	0
CYBA	0	-0.07737583219828315	1
CYBB	1	0.002407969803513202	3
CYBC1	0	-0.005505300441206775	2
CYBRD1	0	-0.016354934306997818	2
CYC1	0	-0.0443069301790006	2
CYCS	0	-0.22652367825302627	0
CYFIP1	1	0.004616358530869466	3
CYFIP2	0	-0.13049051927213184	1
CYGB	0	-0.115371727473411	0
CYHR1	0	-0.13689728993982112	0
CYLD	0	-0.20078205219509676	0
CYP1B1	0	-0.10570516225999385	0
CYP20A1	0	-0.005182927004824276	1
CYP27A1	0	-0.05390331247688722	1
CYP2S1	0	-0.029044195611225575	2
CYP2U1	0	-0.4886221872197149	0
CYP4F11	0	-0.1062276751824484	1
CYP51A1	0	0.057703898279438094	2
CYP7B1	0	-0.04574277318186312	2
CYSTM1	0	-0.23133065100753977	1
CYTH1	0	-0.08728707810565672	1
CYTH2	0	-0.1622987299938173	1
CYTH3	0	-0.05805332809512261	2
CYTH4	0	-0.07955568161097372	0
D2HGDH	0	-0.21754268796541418	0
DAAM1	0	-0.1470604543994969	1
DAAM2	0	-0.1769020665002055	1
DAB2	0	-0.05002641363512113	1
DAB2IP	0	-0.012698436281608157	1
DAD1	0	-0.054470721363576426	2
DAG1	1	0.03546630967695902	3
DAGLB	0	-0.07895836386690883	2
DALRD3	0	-0.6675861576170001	0
DAP	0	-0.07373058721873568	1
DAP3	0	-0.20140158743134276	0
DAPK1	0	-0.14215251741339013	0
DAPK2	0	-0.1435771491932813	0
DAPK3	0	0.004884589039901641	1
DAPP1	0	-0.6765916226090378	0
DARS2	0	-0.1362048111607931	0
DAXX	0	-0.054358781747209386	2
DAZAP1	0	-0.19521567370478252	1
DAZAP2	0	-0.32453587887519786	0
DBH	0	-0.6355087578726126	0
DBI	0	-0.0578023518415605	0
DBN1	0	-0.07927540101845214	0
DBNL	0	-0.15529098138406927	0
DBR1	0	-0.1764693888807983	0
DBT	0	-0.1324824160296098	1
DCAF1	0	-0.06936439701851686	1
DCAF10	0	-0.2676126323791824	0
DCAF11	0	-0.17975859057024166	1
DCAF13	0	-0.07539279538764682	1
DCAF16	0	-0.5012609429650762	0
DCAF5	0	-0.23492033795330908	0
DCAF6	0	-0.2363560314791036	0
DCAF7	0	-0.18348458475726132	1
DCAF8	0	-0.26116726333189433	0
DCAKD	0	0.0015906507358858374	2
DCBLD2	0	-0.30122484932109356	1
DCDC2	0	-0.3575448756598873	0
DCHS1	0	-0.10851706225415421	2
DCK	0	-0.08569033015060687	2
DCLK1	0	-0.03793790153455762	0
DCLK2	0	-0.07009292736167319	1
DCN	0	-0.002593381177849441	1
DCP1A	0	-0.18346220749516387	1
DCP1B	0	-0.1499728088025355	0
DCP2	0	-0.28274093083544327	0
DCPS	0	-0.08471518015653783	0
DCTD	0	-0.1867682314448897	0
DCTN1	0	-0.12175805780338482	0
DCTN2	0	-0.01920751641555168	2
DCTN3	0	-0.16968007902583193	0
DCTN4	0	-0.19147712413274104	0
DCTN5	0	-0.03897553678864282	1
DCTN6	0	-0.09408331176040886	1
DCTPP1	0	-0.11963796685945498	1
DCUN1D1	0	-0.18628009229067924	0
DCUN1D3	0	-0.233633059413749	0
DCUN1D4	0	-0.20275697121530883	1
DCUN1D5	0	-0.07536968546608934	2
DCXR	0	-0.08591142884878841	1
DDA1	0	-0.1145183416876839	2
DDAH1	1	0.06936910035173452	5
DDAH2	1	0.04929563666456224	3
DDB1	0	-0.25937641455657257	0
DDB2	0	-0.16629429281021066	0
DDHD1	0	-0.26520749954743367	0
DDHD2	0	-0.09518591565914235	0
DDI2	0	-0.014855229845845936	1
DDO	0	-0.1812428629050748	0
DDOST	1	0.08236530331469401	3
DDR1	0	-0.08692264988175721	0
DDRGK1	1	0.03947165007973792	3
DDT	0	-0.1175060200822016	0
DDX1	0	-0.05446254883572356	2
DDX10	0	-0.09789060742344699	1
DDX17	1	0.048340162945903355	3
DDX18	0	0.008556192553758139	1
DDX19A	0	-0.1662309956038554	0
DDX19B	0	-0.1547410138427172	0
DDX20	0	-0.21817391962798238	1
DDX21	0	-0.014047002673192583	1
DDX23	0	0.01720582794181778	2
DDX24	0	-0.250825839471939	1
DDX27	0	-0.004670993568503279	2
DDX28	0	-0.2542717943355651	0
DDX31	1	-0.03652042877622202	3
DDX39A	0	-0.03932973039631337	2
DDX39B	0	0.03891220175027803	1
DDX3X	0	-0.09354452293387924	1
DDX41	0	-0.11127826371290724	1
DDX42	0	-0.14279098636651205	0
DDX46	0	-0.09232817980344968	1
DDX47	0	-0.0249392533301879	2
DDX49	0	-0.2552216348997431	0
DDX5	1	0.05336304976524805	3
DDX50	1	0.0419146119573626	3
DDX51	0	-0.18993635533571435	1
DDX52	0	-0.03731659472297735	1
DDX54	0	-0.1922241385871139	1
DDX55	0	-0.16922234382394918	0
DDX56	0	-0.056120186577401455	2
DDX58	0	-0.12158654176652921	0
DDX59	0	-0.20691424353966664	0
DDX6	0	-0.04364045913809639	2
DDX60	0	-0.04172966478539335	1
DDX60L	0	-0.1107993379771455	0
DECR1	0	-0.10783507061143224	1
DECR2	0	-0.0797515091489586	0
DEF6	0	-0.12753161195757587	0
DEF8	0	-0.31298706574986135	0
DEFA3	1	-0.048034392302445536	3
DEFA4	0	-0.12058561720751675	1
DEGS1	0	-0.15585248330130833	0
DEK	1	0.06305025433979625	3
DENND1A	0	-0.0763327267473486	1
DENND1B	0	-0.10914556487794347	1
DENND1C	0	-0.6197425621437914	0
DENND2A	0	-0.17210803427998145	0
DENND2D	0	-0.06012714433156112	1
DENND3	0	-0.1302989821203186	0
DENND4A	0	-0.04849189213988732	0
DENND4B	0	-0.160172070117111	1
DENND4C	0	-0.13685207034619185	0
DENND5A	0	-0.17552626380357073	1
DENND6A	0	-0.17924678515599896	0
DENR	0	-0.2017969322218161	1
DEPDC5	0	-0.1924609323275934	1
DEPTOR	0	-0.060852502162738145	0
DERA	0	-0.15919621943308387	1
DERL1	1	-0.0034320884291763774	3
DES	0	-0.11811834231535345	0
DESI1	0	-0.19123235612749076	0
DESI2	0	-0.3339251090324634	0
DET1	0	-1.0303053501649828	1
DFFA	0	-0.17648563726980476	0
DFFB	0	-0.22399758422862978	0
DGCR8	0	-0.1689111039640786	1
DGKA	0	-0.08337621789455436	1
DGKH	0	-0.18460288371879688	1
DGKQ	0	-0.07303355724870826	0
DGKZ	0	-0.13101577636408338	2
DGLUCY	0	-0.2780129866688968	0
DGUOK	0	-0.2808228735788515	0
DHCR24	0	-0.23608463887329395	0
DHCR7	0	0.04638715545239448	2
DHFR	0	-0.1792602582883906	0
DHODH	0	-0.1747745332858632	0
DHPS	0	-0.09429756561425287	0
DHRS1	0	-0.04749708072597414	2
DHRS11	0	-0.04653855221463592	1
DHRS13	0	-0.1704186305821655	2
DHRS3	0	-0.09982521847046506	1
DHRS4	0	-0.2763726474018753	0
DHRS7	0	-0.06754777897040047	1
DHRS7B	0	-0.0067479525354606495	2
DHRSX	0	-0.07958337025151332	2
DHTKD1	0	-0.22086158561878286	0
DHX15	0	-0.04480835234901166	1
DHX16	0	0.01741587923010144	1
DHX29	0	-0.09760409898767249	0
DHX30	0	-0.1180250809835601	0
DHX32	0	-0.10179694982384206	1
DHX33	0	-0.21204140028070953	0
DHX34	0	-0.6685168054066681	0
DHX35	0	-0.18265208838805672	1
DHX36	0	-0.1608384450074166	0
DHX37	0	-0.20110883262343746	1
DHX38	0	-0.2172196602720607	0
DHX40	0	-0.19256570604621484	0
DHX57	0	-0.1763691519424127	0
DHX58	0	-0.17812140162301746	0
DHX8	0	-0.020230173573253456	2
DHX9	1	0.007847092824660878	3
DIABLO	0	-0.24822329759305406	0
DIAPH1	0	-0.07846665880944889	0
DIAPH2	0	-0.033446437821738687	1
DICER1	0	-0.11017363712723198	1
DIDO1	0	-0.10568895096858766	0
DIMT1	0	-0.182667020621136	0
DIP2A	0	-0.1289562417367475	0
DIP2B	0	-0.23808941114373874	0
DIP2C	0	-0.07275814521714818	1
DIS3	0	-0.1151992439037415	1
DIS3L	0	-0.6230545556690756	0
DIS3L2	0	-0.28961721659424844	0
DIXDC1	0	-0.9941975598635434	0
DKC1	0	-0.12221440923042337	0
DKK3	0	-0.37108784161659575	0
DLAT	0	-0.12283592038869875	0
DLC1	0	-0.21647169742564185	1
DLD	0	-0.14742293887546404	1
DLG1	0	-0.07320406853392553	2
DLG2	0	-0.13237393770355227	1
DLG3	0	-0.07595681035462794	0
DLG5	0	-0.030453998243309015	2
DLGAP4	0	-0.2044272699614349	1
DLST	0	-0.10158440816355965	0
DMAC1	0	-0.2175960682847662	0
DMAC2	0	-0.3750089776544978	0
DMAP1	0	-0.18990217892854666	0
DMD	0	-0.06348814496982966	0
DMTN	1	0.0079134080344822	3
DMXL1	0	-0.10390950866192313	1
DMXL2	0	-0.1721292458691986	0
DNAAF2	0	-0.28408493536245694	0
DNAAF5	0	-0.05778754766330376	0
DNAJA1	0	-0.10779154599128533	2
DNAJA2	0	-0.16861003578964198	1
DNAJA3	0	-0.19603949602570295	0
DNAJA4	0	-0.07942679960257237	1
DNAJB1	0	-0.1633599925672309	0
DNAJB11	0	-0.19070298453974321	0
DNAJB12	0	0.06943199820608936	2
DNAJB14	0	-0.08054735384484606	2
DNAJB2	0	-0.03632957773332306	1
DNAJB4	0	-0.2408399940237936	0
DNAJB5	0	-0.35174964370729045	0
DNAJB6	0	-0.25778762315917675	0
DNAJB9	0	-0.2417881108643456	0
DNAJC1	0	0.02913206548532976	2
DNAJC10	0	-0.051580771298221986	1
DNAJC11	0	-0.0013003762192937084	2
DNAJC12	0	-0.127000389465596	0
DNAJC13	0	-0.05176065124729891	2
DNAJC14	1	0.09233308263008783	3
DNAJC16	0	0.00518027937605232	2
DNAJC17	0	-0.2371918290898008	0
DNAJC19	0	-0.1981672669417224	1
DNAJC2	0	-0.1729643464974176	1
DNAJC21	0	-0.16949452554568506	0
DNAJC24	0	-0.2366271090155411	2
DNAJC25	0	0.08108917407717516	2
DNAJC3	0	-0.1216854530690469	1
DNAJC30	0	-0.13040576907269236	1
DNAJC5	0	0.08964616188993137	2
DNAJC7	1	0.008538534868509414	3
DNAJC8	0	-0.0930349711308225	1
DNAJC9	0	-0.10156910181216369	0
DNAL1	0	-0.13219591340147915	1
DNASE1L1	0	-0.40723354991721566	0
DNASE2	0	-0.06089334371628928	2
DNLZ	0	-0.49851680519767355	0
DNM1	0	-0.09065191432451823	1
DNM1L	0	-0.10755503380535913	1
DNM2	0	-0.18175915286012562	0
DNM3	0	-0.2551971074981381	0
DNMBP	0	-0.12465509658763815	1
DNMT1	0	-0.07667395905548065	1
DNMT3A	0	-0.14202973294634683	1
DNPEP	1	0.007715782712555139	3
DNPH1	0	-0.06354432412566738	0
DNTTIP1	0	-0.03911497333375834	1
DNTTIP2	0	0.019880882546784977	2
DOCK1	1	0.04083387824401594	4
DOCK10	0	-0.08363205898260534	0
DOCK11	0	-0.07459876395272876	0
DOCK2	0	-0.02889988521107082	2
DOCK4	0	-0.07690430934202279	0
DOCK5	0	-0.10223324152538475	0
DOCK6	0	-0.11220821879645002	2
DOCK7	0	-0.07759330369136819	2
DOCK8	0	-0.11808048371338445	0
DOCK9	1	-0.01297096595591066	3
DOHH	0	-0.18480075253492562	1
DOK1	0	-0.0964518006054859	1
DOK2	0	-0.09549556564358604	0
DOK3	0	-0.05019247328441556	1
DOLPP1	0	-0.6329837802736138	0
DOP1A	0	-0.1523424294418922	1
DOP1B	0	-0.09158710266891004	0
DPAGT1	0	-0.02141631123781036	2
DPCD	0	-0.128057057613842	0
DPEP1	0	-0.08161225132271985	1
DPF2	0	-0.06733696366077191	1
DPH1	0	-0.2662177329123531	0
DPH2	0	-0.2617479913032101	0
DPH5	0	-0.28227906862532726	0
DPH6	0	-0.24105580296520027	0
DPH7	0	-0.24549267205812136	0
DPM1	0	-0.03865918600014136	2
DPM3	1	0.02847737920030044	3
DPP3	0	-0.15041094153381346	1
DPP4	0	-0.09894516540705035	0
DPP7	0	-0.20612500996920397	0
DPP8	0	-0.17021437293791644	1
DPP9	0	-0.18209213002573682	1
DPT	1	0.11125446835735575	3
DPY19L1	0	-0.01276799078646888	1
DPY19L3	0	-0.45760221278732943	1
DPY30	0	-0.06842946610759959	1
DPYD	0	-0.12567025601944942	0
DPYSL2	1	0.004585712878072639	3
DPYSL3	1	-0.021028971061839374	3
DPYSL4	0	-0.1250587205474705	1
DR1	1	0.04809652485960581	3
DRAP1	0	0.02274671087056238	2
DRG1	1	-0.049331851180675436	3
DRG2	0	-0.1720667617545425	1
DROSHA	0	-0.2710738081638955	0
DSC2	0	-0.03549115729749176	1
DSG2	0	-0.0355756118996257	1
DSN1	0	-0.12524639025936601	1
DSP	0	-0.0528178073057509	1
DST	0	-0.047417568638666564	0
DSTN	0	-0.020643494933655637	1
DSTYK	0	-0.16711448104103174	1
DTD1	0	-0.10260680118017103	0
DTD2	0	-0.6281104674567282	0
DTNA	1	0.04573867006541579	3
DTNB	0	-0.04148206290638381	1
DTNBP1	0	-0.025282112411025043	2
DTWD1	0	-0.3463016908189596	0
DTWD2	0	-0.21208730089180983	0
DTX2	0	-0.4667501678634339	0
DTX3	0	0.028431063537282236	2
DTX3L	0	-0.10595660643651568	0
DTYMK	0	-0.12546749200654359	1
DUS1L	0	-0.32008260917144	0
DUS2	0	-0.13115155494293473	1
DUS3L	0	-0.23756287595701978	0
DUSP11	0	-0.2153471948415789	0
DUSP12	0	-0.05095714922151555	2
DUSP19	0	-0.2523142699296149	0
DUSP22	0	-0.21035359277747037	0
DUSP23	0	-0.1474222310287678	0
DUSP3	0	-0.06570411474071411	1
DUT	0	-0.07276752580160131	1
DVL1	0	-0.07583659169434272	1
DVL2	0	-0.1599252492640545	1
DVL3	0	-0.23633542798903945	0
DYM	0	-0.15457227559449463	0
DYNC1H1	0	-0.061796735603626016	2
DYNC1I1	0	-0.06056901834239033	1
DYNC1I2	0	-0.012645069019260819	2
DYNC1LI1	0	-0.3213208041088687	0
DYNC1LI2	0	-0.08675126839035478	1
DYNC2H1	0	-0.09459068171004617	0
DYNC2LI1	0	-0.2853570498496557	0
DYNLL1	0	-0.06794558750041005	2
DYNLRB1	0	0.041435044817021746	2
DYNLT1	0	-0.23198336897050081	1
DYNLT3	0	-0.04712211787091515	2
DYRK1A	0	-0.1600894798299413	0
DYSF	0	-0.05333446046343826	1
DZIP3	0	-0.42256586982092215	0
E2F4	0	-0.13464981766531692	0
E4F1	0	-0.6234115064214839	0
EAPP	0	-0.1904835353007392	1
EARS2	0	-0.18097027358166778	1
EBAG9	0	-0.1525642461638636	1
EBF1	0	-0.33090290618893453	0
EBNA1BP2	0	-0.21713242274097677	0
ECD	0	-0.15988190806699082	0
ECE1	1	0.013828671864632922	3
ECE2	0	-0.4045748670066479	1
ECH1	0	-0.1110033304616915	2
ECHDC1	0	-0.07367671548593435	2
ECHDC2	0	-0.059712602632233304	2
ECHDC3	0	-0.09986823269352393	0
ECHS1	0	-0.12448288696335867	0
ECI1	0	-0.1321302992869136	1
ECI2	0	-0.1401423011201606	0
ECM1	0	-0.08574224542816614	1
ECM2	0	-0.17673574490538202	1
ECPAS	1	-0.019615294564123545	3
ECSIT	0	-0.27014576668140583	0
EDC3	0	-0.20309247435747588	0
EDC4	0	-0.0844714642590587	0
EDEM2	0	-0.3970556964130344	0
EDEM3	0	-0.1616013774629136	2
EDF1	0	-0.15872920308600177	0
EDIL3	0	-0.23482420514333274	0
EEA1	0	-0.05042589340264521	2
EED	0	-0.17856289144919396	1
EEF1A1	1	0.022236218560453602	4
EEF1A2	0	-0.02835463273798301	2
EEF1AKMT1	0	-0.20713564053945616	0
EEF1AKMT2	0	-0.25293882571022736	0
EEF1B2	1	-0.10056959425055378	3
EEF1D	1	-0.03397742552815748	3
EEF1E1	0	-0.09542029055259617	1
EEF1G	1	0.014282482326358282	3
EEF2	0	0.028445095910914354	2
EEF2K	0	-0.1748517458791395	0
EEFSEC	0	-0.17212690437788564	1
EEPD1	0	-0.19618926996860148	0
EFCAB14	0	-0.2594977129208466	0
EFEMP1	0	-0.0020757751143521907	1
EFEMP2	0	0.03763490657203018	2
EFHD1	0	-0.0644502553810975	1
EFHD2	0	-0.07969707724087138	1
EFL1	0	-0.1796631316409044	1
EFNA1	0	-0.1014278244145014	1
EFNB1	0	-0.08617423363952657	0
EFNB2	0	-0.12097123858596628	0
EFR3A	0	0.0066003644196293175	2
EFTUD2	0	-0.09208190686415677	0
EGFR	0	-0.06459210126686331	1
EGLN1	0	-0.10726991302781996	1
EHBP1	0	-0.10425026879933068	1
EHBP1L1	0	-0.12411849053745465	1
EHD1	0	-0.03665121784391926	1
EHD2	1	0.057101634050663576	3
EHD3	0	0.039570455213824025	2
EHD4	0	-0.010031710369901237	1
EHHADH	1	-0.037020790054456	3
EHMT1	0	-0.08876188567809933	1
EHMT2	0	-0.09598734953206424	0
EI24	0	0.06798173518543822	2
EIF1	0	-0.20435126809095042	1
EIF1AD	0	-0.15269509416956834	1
EIF1AX	0	-0.20533930840700348	0
EIF2A	0	-0.21058677524512817	0
EIF2AK2	0	-0.06579201474344781	1
EIF2AK3	0	-0.41298065775063825	0
EIF2AK4	0	-0.14519871645137816	1
EIF2B1	0	-0.2107024264270288	1
EIF2B2	0	-0.31821896065961275	0
EIF2B3	0	-0.3447642393318309	0
EIF2B4	0	-0.35264688294238183	0
EIF2B5	0	-0.30157108072634703	1
EIF2D	0	-0.1573593564122728	0
EIF2S1	0	-0.12922219444441005	2
EIF2S2	0	-0.14586797431779272	1
EIF2S3	1	0.04395065008314338	3
EIF3A	0	-0.04241175883472008	2
EIF3B	0	-0.06665997609802422	2
EIF3C	0	-0.06001242308313065	2
EIF3D	0	-0.10876428119284254	2
EIF3E	0	-0.05133844919050236	2
EIF3F	0	-0.0975369248333991	2
EIF3G	1	0.014791374363901355	3
EIF3H	0	-0.09870511640470638	1
EIF3I	1	0.034969836321362656	3
EIF3J	1	0.004744380927619718	3
EIF3K	0	-0.12507707351841152	0
EIF3L	0	-0.040195929032864744	1
EIF3M	0	-0.016426038447892644	2
EIF4A1	1	0.07305713613368278	4
EIF4A2	0	-0.06997277528473282	2
EIF4A3	1	0.030013696051282762	4
EIF4B	0	-0.1019844909350581	2
EIF4E	0	-0.04100749996721378	2
EIF4E2	0	-0.18379108052653945	1
EIF4E3	0	-0.1238611524286024	1
EIF4EBP1	0	-0.1767137619399507	0
EIF4EBP2	0	-0.16800342041507416	0
EIF4EBP3	0	-0.33005819078550896	0
EIF4ENIF1	0	-0.21854049510955167	0
EIF4G1	1	0.03928317580226614	3
EIF4G2	1	-0.05889721911950484	3
EIF4G3	0	-0.14826119809564284	0
EIF4H	0	-0.08341887805991151	1
EIF5	0	-0.2737359692293534	0
EIF5A	0	-0.06748355991929385	2
EIF5B	0	-0.0725532749031945	2
EIF6	0	-0.09673898339479518	0
EIPR1	0	-0.0799773737553708	0
ELAC1	0	-0.29720280176655206	1
ELAC2	0	-0.08563809640019149	1
ELANE	0	-0.09319542814191122	1
ELAVL1	0	-0.09921253531362016	1
ELF1	0	-0.10091197105959257	1
ELF2	0	-0.05618314112762764	1
ELL	0	-0.12618330424951757	0
ELMO1	0	-0.08153918822997816	1
ELMO2	0	-0.14584892273019898	1
ELMOD2	1	0.03301926403321444	3
ELN	0	-0.2578217166754864	1
ELOA	0	-0.10411793684870416	1
ELOB	0	-0.02557530999727267	2
ELOC	0	-0.18822616918836454	0
ELOF1	0	-0.25644518352836077	0
ELP1	0	-0.2635115844730593	0
ELP2	0	-0.1888214141077566	0
ELP3	0	-0.23894153614126545	0
ELP4	0	-0.30268484545299573	0
ELP5	0	-0.338979891029516	0
ELP6	0	-0.34830769774703935	0
EMB	0	-0.32311204445281005	0
EMC1	1	0.19756139592486333	4
EMC10	0	-0.11690934743518674	1
EMC2	0	-0.13516123799831126	1
EMC3	1	0.04573315992496486	3
EMC4	1	0.044845609063824385	3
EMC6	0	-0.8144630462556787	0
EMC7	0	0.06135080477775599	2
EMC8	0	-0.31972607713307966	0
EMC9	0	-0.4244856045409534	0
EMD	1	0.05773911768469	3
EMG1	0	-0.14307741686295206	0
EMILIN1	0	-0.1315426948656369	0
EMILIN2	0	-0.10541073887632701	0
EML1	0	-0.03111012742786874	2
EML2	0	-0.0438737951121653	1
EML3	1	0.023757014220870058	3
EML4	0	-0.12881537998855253	0
EMSY	0	-0.13510892283273646	0
ENAH	0	-0.06505982617446775	0
ENDOD1	0	-0.03829675404918164	1
ENDOG	0	-0.32298025934500624	0
ENG	1	-0.011335072765860477	3
ENGASE	0	-0.13539715038724984	1
ENO1	0	-0.08023704539157943	0
ENO2	0	-0.11372828721968906	0
ENO3	0	-0.17470226733383493	2
ENOPH1	0	-0.12276671740183018	2
ENOSF1	0	-0.14972109487796376	1
ENPEP	0	-0.15881595125487014	0
ENPP1	0	-0.09828707391725175	0
ENPP2	0	-0.061731418380895874	2
ENPP4	0	-0.08145480786499397	1
ENPP5	0	-0.402403783245473	0
ENSA	0	-0.17785312564882147	1
ENTPD1	0	-0.074629237152205	1
ENTPD5	0	-0.06726716771468197	1
ENTR1	0	-0.24759880516760102	0
ENY2	0	-0.18562954489658295	0
EOGT	0	-0.02884811593412164	2
EP300	1	-0.012125545370128216	3
EP400	0	-0.10189280633415718	1
EPB41	0	0.031480436223024044	2
EPB41L1	0	0.008673581799298242	2
EPB41L2	0	0.0373923882529841	1
EPB41L3	0	-0.05390237305674457	1
EPB41L4A	0	-0.5274722415082816	0
EPB41L5	0	-0.11408303189916569	0
EPB42	0	-0.0021032572149105562	1
EPC1	0	-0.15391130359255717	1
EPC2	0	-0.31726154154595815	0
EPDR1	0	-0.15101950886202578	0
EPG5	0	-0.06642333725685444	2
EPHA2	0	-0.13348761884274252	0
EPHA4	0	-0.2288404137785684	0
EPHB2	0	-0.16942122362773918	0
EPHB3	0	-0.10766094340207624	1
EPHB4	0	-0.11184172676001006	2
EPHX1	0	0.023509172828954723	2
EPHX2	0	-0.14128507710305566	0
EPM2A	0	-0.12681755873565229	2
EPM2AIP1	0	-0.045306513767482195	2
EPN1	0	-0.01982460063569926	2
EPN2	0	-0.09530528857096038	0
EPN3	0	-0.13380908370039388	0
EPPK1	0	-0.08355160362171252	1
EPS15	0	-0.05062853045634417	2
EPS15L1	0	-0.05346913346241764	2
EPS8	0	-0.10847459996331772	0
EPS8L2	0	-0.14378740000070225	0
EPSTI1	0	-0.2891430042792471	0
ERAL1	0	-0.28965077676064604	0
ERAP1	0	-0.07659385436602315	1
ERAP2	0	-0.05469776342468582	0
ERBB2	0	-0.005711529246680594	2
ERBB3	0	-0.11918230623643203	0
ERBIN	0	-0.0519660885381837	2
ERC1	0	-0.13739284170986305	1
ERCC1	0	-0.34866830664504206	0
ERCC2	0	-0.1974194065258754	2
ERCC3	0	-0.1870868079918728	0
ERCC4	0	-0.3115985072245624	0
ERCC5	0	-0.17601567691975437	0
ERCC6	0	-0.2169740741844723	0
ERF	0	-0.08988268322321506	1
ERG	0	-0.11228037042474401	0
ERG28	0	-0.04984979824004612	2
ERGIC1	0	0.0674993032324272	2
ERGIC2	0	-0.023443317157018178	1
ERGIC3	1	0.07347226894162956	3
ERH	1	0.011226870013917723	3
ERI1	0	-0.148909295811172	0
ERI3	0	-0.14876263101235146	1
ERLEC1	0	-0.25918729089649567	0
ERLIN1	0	-0.1585229625485712	1
ERLIN2	0	-0.11153407813998786	1
ERMP1	0	0.017972982404606885	2
ERN1	0	-0.29286688033041974	0
ERO1A	0	-0.07603757625445581	0
ERO1B	0	-0.12044067182523946	2
ERP29	0	-0.2182660285407429	1
ERP44	0	-0.11508540048247459	0
ERRFI1	0	-0.19434390451282066	2
ESAM	0	-0.13190380895051312	0
ESD	1	0.007004891265752258	3
ESF1	1	-0.009879282690827978	3
ESRRA	0	-0.3179846778384835	1
ESS2	0	-0.15983770044000334	0
ESYT1	0	0.10567361639803655	2
ESYT2	0	0.004919877427141686	2
ETF1	1	-0.033334882772622684	3
ETFA	0	-0.14711597194802595	1
ETFB	0	-0.1545132467326774	0
ETFDH	0	-0.08994190021508017	1
ETFRF1	0	-0.3128155611272684	0
ETHE1	0	-0.08051847231554002	0
ETNK1	0	-0.09669886310954001	2
ETS1	0	-0.14329862146806222	1
ETV3	0	-0.4103597388760978	0
ETV6	0	-0.14085064060806815	0
EVA1B	0	-0.48671005807902834	0
EVI2B	0	-0.23708382053731647	0
EVI5	0	-0.19529413936554813	0
EVI5L	0	-0.171300067355182	0
EVL	0	-0.12116329709708751	1
EVPL	0	-0.042165210038376845	2
EWSR1	0	-0.06761396974947652	1
EXD2	0	-0.1375371950967587	0
EXOC1	0	-0.18388501852323	0
EXOC2	0	-0.24086162056971264	0
EXOC3	0	-0.21187232099671807	1
EXOC4	0	-0.15331479100786655	0
EXOC5	0	-0.16603615272580688	0
EXOC6	0	-0.17282875880390897	1
EXOC6B	1	-0.042374559974266784	3
EXOC7	0	-0.1773585708158995	0
EXOC8	0	-0.14235880095177383	1
EXOG	0	-0.06899706030703234	2
EXOSC1	0	-0.19096078007006642	1
EXOSC10	0	-0.24351140843808072	0
EXOSC2	0	-0.1905807569619969	0
EXOSC3	0	-0.2311038447030327	0
EXOSC4	0	-0.20653544345804545	0
EXOSC5	0	-0.19808537325658365	0
EXOSC6	0	-0.12357113559366244	1
EXOSC7	0	-0.19038277801686682	0
EXOSC8	0	-0.16675266520558635	1
EXOSC9	0	-0.17124733528974698	0
EXT2	0	-0.24068364638981893	0
EXTL2	0	-0.2721209308053588	0
EYA3	0	-0.24770300101759873	0
EZH1	0	-0.13233179675058343	1
EZH2	0	-0.17943494526403997	1
EZR	0	-0.06983804524760964	0
F10	0	-0.17272036386450446	0
F11	0	-0.13244305633784842	1
F11R	0	-0.03306196018870292	1
F12	0	-0.07161080490928987	1
F13A1	0	-0.06900090373084213	0
F13B	0	-0.10724910655830662	2
F2	0	-0.11213162609738306	1
F3	0	-0.30591064159440357	1
F5	0	-0.1400439099996616	0
F7	0	-0.3106937907552459	0
F8A1	0	-0.0998178263604765	2
F9	0	-0.1787168345938149	1
FAAH	0	-0.059836776275985756	2
FABP3	0	-0.05387364403443854	1
FABP4	0	-0.06045388604930517	0
FABP5	0	-0.028423199895148514	2
FABP6	0	-0.12687036690240755	0
FADD	0	-0.2524783881141177	0
FADS2	0	-0.1543014104766679	1
FAF1	0	-0.16074867670931484	0
FAF2	0	-0.1059743654852932	1
FAH	0	-0.08916490839896082	0
FAHD1	0	-0.1306973603485081	1
FAHD2A	0	-0.1500781262626645	1
FAHD2B	0	-0.2336101110253966	0
FAIM	0	-0.09962681846200132	0
FAM102A	0	-0.17864360432180165	1
FAM102B	0	-0.25115788986833554	0
FAM107B	0	-0.06640304647349318	0
FAM110B	0	-0.6157310589023413	0
FAM111A	0	-0.1281683150106289	2
FAM114A1	0	-0.10711794521947748	1
FAM114A2	0	-0.13265503763044223	0
FAM117B	0	-0.19836473124519008	0
FAM118A	0	-0.5573234679793317	0
FAM118B	0	-0.19124085737794289	0
FAM120A	1	0.0007697748188031622	3
FAM120B	0	-0.14288844534600123	0
FAM120C	1	-0.010476087946712915	3
FAM122A	0	-0.12790049242498433	1
FAM122B	0	-0.2105529033379649	1
FAM126A	0	-0.07084011633291509	1
FAM126B	0	-0.11681568619590124	1
FAM133B	0	-0.32980582953147153	0
FAM135A	0	-0.47000668836182563	0
FAM136A	0	-0.17446416312544205	1
FAM13A	0	-0.09392111875068931	1
FAM151B	0	-0.39105639551785837	1
FAM160A2	0	-0.34430117531222204	0
FAM160B1	0	-0.10698849932125767	1
FAM160B2	0	-0.21739745163756422	0
FAM162A	0	-0.0315737074509673	2
FAM168A	0	-0.1441994013121068	0
FAM169A	0	-0.1664507247258143	0
FAM171A1	0	-0.19091188207785512	0
FAM172A	1	-0.02573434827810172	3
FAM174A	0	-0.3114363520557573	1
FAM177A1	0	-0.08060334390947972	1
FAM185A	0	-0.1187680087145809	1
FAM193A	0	-0.22264425264294121	1
FAM207A	0	-0.29275349935212003	0
FAM20B	0	0.02804061005355244	1
FAM20C	0	-0.24390511418789948	1
FAM210A	0	-0.21968058837284535	0
FAM210B	0	0.02075148602705522	2
FAM219A	0	-0.3771347556665759	0
FAM234A	0	-0.014442980590372342	2
FAM241A	0	-0.26506912603334476	0
FAM241B	0	-0.14901778665202786	2
FAM32A	0	-0.22973262379832007	0
FAM3A	0	-0.3693370412171179	0
FAM3C	0	0.023344461715673837	2
FAM50A	0	-0.16960668357728648	0
FAM50B	0	-0.1913136408053816	0
FAM76A	0	-0.156318807869062	1
FAM76B	0	-0.03305280241469216	2
FAM89A	0	-0.35257845391767184	1
FAM89B	0	-0.5026080868406274	0
FAM8A1	0	-0.18427664553463585	1
FAM91A1	0	0.0013874085144248787	2
FAM98A	0	-0.18561912923304352	1
FAM98B	0	-0.0769269297140172	2
FAM98C	0	-0.16688468237351	0
FANCD2	0	-0.7091375036707923	0
FANCI	0	-0.207512087525837	0
FAP	0	-0.07272363472731633	0
FAR1	0	-0.049295281738789165	2
FARP1	0	-0.0922703458681077	2
FARP2	0	-0.0937972147957157	1
FARS2	0	-0.19494569144793206	0
FARSA	0	-0.22115465096929285	0
FARSB	0	-0.2275546924598962	0
FAS	0	-0.10087764145931548	1
FASN	0	-0.08343428018948251	1
FASTKD1	0	-0.3687142409989825	1
FASTKD2	0	-0.24236600817162515	0
FASTKD5	0	-0.16200995947770105	0
FAT1	0	-0.04269684981770745	1
FAT4	0	-0.1976016580975251	1
FAU	0	-0.18964306381551832	0
FBH1	0	-0.06514019038335542	1
FBL	0	-0.185980939482076	1
FBLIM1	1	0.01991703283478712	3
FBLL1	0	-0.15274662368633507	0
FBLN1	0	-0.08601037746404713	1
FBLN2	0	-0.023881367273121644	1
FBLN5	0	-0.0763131449017741	1
FBLN7	0	-0.020231662247925903	1
FBN1	0	-0.0943589900495574	2
FBN2	0	-0.2546783597613376	0
FBP1	0	-0.11506730966041415	1
FBRS	0	-0.22039138279692363	1
FBXL12	0	-0.8072989032045867	0
FBXL15	0	-0.29041703166150523	0
FBXL17	0	-0.2232378405175155	0
FBXL18	0	-0.2828604408742989	0
FBXL20	0	-0.06578126826879163	2
FBXL3	0	-0.2876023462113419	0
FBXL4	0	-0.5153272588319914	0
FBXL8	0	-0.14176952450946229	1
FBXO11	0	-0.23417984392773872	0
FBXO2	0	-0.0573282126022555	1
FBXO21	0	-0.23161790877131977	0
FBXO22	0	-0.1257298424884688	1
FBXO28	0	-0.8725963597253077	0
FBXO3	0	-0.17793292922848156	0
FBXO30	0	-0.2499959475079871	0
FBXO38	0	-0.07778967489089066	1
FBXO4	0	-0.1319172747300858	0
FBXO42	0	-0.3078949680024655	0
FBXO44	0	-0.16370404440720693	0
FBXO45	0	-0.3281194044132191	0
FBXO6	0	-0.06568750289642634	0
FBXO7	0	-0.12019862628911218	1
FBXO9	0	-0.42597967422506067	0
FBXW11	0	-0.17875711449452977	0
FBXW2	0	-0.21400646566087955	0
FBXW5	0	-0.12597050920807945	1
FBXW8	0	-0.49417375167198846	0
FBXW9	0	-0.07072842151148762	0
FCER1G	0	-0.017610737193155517	2
FCF1	0	-0.7571503414230216	0
FCGBP	0	-0.08194071358374597	2
FCGR1A	0	-0.06500983330448178	1
FCGR2A	0	-0.1288420080458915	0
FCGR2B	0	-0.05960129095652206	2
FCGR3A	0	-0.1286518325225622	0
FCGRT	0	-0.18044987980001304	0
FCHO2	0	-0.08345377303846874	0
FCHSD1	0	-0.15365006504240647	0
FCHSD2	0	-0.07100990172744433	1
FCN1	0	-0.06254280819528431	1
FCN2	0	-0.122780645107995	1
FCN3	0	-0.1671272871698534	1
FDFT1	0	0.009925514059703995	2
FDPS	0	-0.14220092623265154	1
FDX1	0	-0.10787860856354528	0
FDX2	0	-0.22798606751639183	0
FDXR	0	-0.03127158876255606	1
FECH	0	-0.06861986250305314	2
FEM1B	0	-0.528112345220231	0
FEN1	0	-0.0667217883837663	1
FER	0	-0.15506730409512137	0
FERMT1	1	-0.038302786295962184	3
FERMT2	1	0.0159981573843161	3
FERMT3	0	-0.0814744208969569	0
FES	0	-0.1274902390112032	0
FETUB	0	-0.03814180586493622	1
FEZ2	0	-0.18967870419337046	0
FGA	0	-0.19222565213892143	0
FGB	0	-0.1462355705349344	1
FGD2	0	-0.19267603642925568	1
FGD3	0	-0.1075310485887399	0
FGD4	0	-0.10251324994235053	0
FGD5	0	-0.059967930507502355	0
FGD6	0	-0.23268248804000904	0
FGF1	0	-0.1336446640819744	0
FGF2	0	-0.11896916862210101	0
FGFR1	0	-0.1440807804792351	1
FGFR1OP2	0	-0.057256175455816426	1
FGG	0	-0.14313377891105755	0
FGGY	0	-0.04347023343447628	1
FGL2	0	0.010389989623484419	2
FGR	0	-0.0721501169271948	2
FH	0	-0.08840783457350646	1
FHIT	0	-0.13236326063449216	0
FHL1	0	-0.052927796123410344	1
FHL2	1	-0.011160439719804618	3
FHL3	1	-0.04294599956465702	4
FHL5	0	-0.10299111642232048	1
FHOD1	0	-0.154407865067329	1
FIBP	0	-0.17516490391640646	0
FIG4	0	-0.21630293708101372	0
FILIP1	0	-0.13929649869514008	0
FILIP1L	0	-0.0736663204366002	0
FIP1L1	0	-0.07662191744975475	1
FIS1	0	-0.05997552703588205	0
FITM2	0	-0.2641657860944392	2
FIZ1	0	-0.18034941259162945	1
FKBP10	0	-0.023207041619239078	2
FKBP11	0	-0.09536241812093885	1
FKBP14	0	-0.16626399092828503	1
FKBP15	0	-0.12694761283000366	0
FKBP1A	0	-0.08833259741912743	1
FKBP2	0	-0.26590439177551656	0
FKBP3	0	-0.23487575768575408	0
FKBP4	0	-0.11812981096747839	1
FKBP5	0	-0.05713969293369794	2
FKBP7	0	-0.08901497442883821	1
FKBP8	0	-0.08442262572836359	2
FKBP9	0	-0.09792696776847597	1
FKBPL	0	-0.20380467731715912	1
FLAD1	0	-0.10620095120222932	1
FLCN	0	-0.24264331294980873	0
FLI1	0	-0.08701671719118396	0
FLII	0	-0.13362462648883702	1
FLNA	0	-0.014577442495152864	2
FLNB	0	-0.06468905349249107	1
FLNC	0	-0.041107036527344806	2
FLOT1	0	-0.20595207763625503	1
FLOT2	0	-0.04399725358706146	2
FLRT3	0	-0.1494607044132839	1
FLT1	0	-0.1152918956731481	1
FLYWCH2	0	-0.1651206214022971	0
FMN1	0	-0.18823044139393189	0
FMNL1	0	-0.04143935744858778	1
FMNL2	0	-0.03296324410491456	1
FMNL3	1	-0.026470825728455105	3
FMOD	0	-0.07664759832493884	1
FMR1	0	-0.11314908504381563	0
FN1	0	-0.09194904806335277	0
FN3K	0	-0.07006823532121731	1
FN3KRP	0	-0.08667447661888802	0
FNBP1	0	-0.1058791366528951	0
FNBP1L	0	-0.054061326062193805	0
FNBP4	1	-0.04678971848702129	3
FNDC1	0	-0.3149469265499975	1
FNDC3A	0	-0.009957354621717165	1
FNDC3B	0	0.023259932689574936	2
FNIP1	0	-0.28769725073031893	0
FNIP2	0	-0.5329851571061961	0
FNTA	0	-0.22022607088567395	0
FOCAD	0	-0.15800629567422672	1
FOLH1	0	-0.188773577763211	0
FOLR1	0	-0.16327769115485732	0
FOLR2	0	-0.0027667983703528786	2
FOS	0	-0.3266971408847782	0
FOSL2	0	-0.1332685265795105	0
FOXJ2	0	-0.11932961076459703	0
FOXJ3	0	-0.16297490825726374	0
FOXK1	0	-0.0366640690806707	1
FOXK2	0	-0.13854793719709452	1
FOXO1	0	-0.177794814528027	1
FOXO3	0	-0.09792943792772742	1
FOXP1	0	-0.2706399351356799	0
FOXRED1	0	-0.30864364587929943	0
FPGS	0	-0.37111228011364245	0
FPGT	0	-0.20644554047142233	0
FRA10AC1	0	-0.22339972638120115	1
FREM2	0	-0.05638555390212746	1
FRG1	0	-0.139668704609994	1
FRMD4A	0	-0.3292580487602006	0
FRMD6	0	-0.3548626393702567	0
FRMD8	0	-0.11259978970077764	1
FRY	0	-0.07834522480557338	0
FRYL	0	-0.046458387819428966	2
FRZB	0	-0.041430366786504656	2
FSCN1	0	-0.03323076176002428	1
FSD1L	0	-0.43292355838924534	1
FSTL1	0	-0.05486793808871587	2
FTH1	0	0.03075579307752229	2
FTL	1	0.004873084389265603	3
FTO	0	-0.14339381210099456	0
FTSJ1	0	-0.337984821441865	0
FTSJ3	0	-0.11948247314725499	1
FUBP1	0	-0.15176464247452812	0
FUBP3	0	-0.050655751913895194	2
FUCA1	0	-0.07120703262124127	1
FUCA2	0	-0.13860311427680966	0
FUNDC2	1	0.015527804882879118	3
FURIN	0	-0.7595891259693148	0
FUS	0	-0.10418069735713142	0
FUT11	0	-0.10063814496670923	2
FUT8	0	-0.05354843330091076	1
FXN	0	-0.03204978307684116	2
FXR1	0	-0.015083005101369784	1
FXR2	1	-0.018008232438487023	3
FYB1	0	-0.060125989921278954	0
FYCO1	0	-0.026994189250223483	1
FYN	0	-0.039353966054222776	1
FYTTD1	0	-0.2534452243365144	0
FZD1	0	-0.029205665828019884	1
FZD6	0	-0.15203091752042935	1
FZR1	0	-0.4057219346155156	0
G3BP1	0	-0.03612235358616758	2
G3BP2	0	-0.11981418698620905	2
G6PD	0	-0.08752471048185521	1
GAA	0	-0.13047869013402838	1
GAB1	0	-0.028153308808811606	1
GAB2	0	-0.16345346118911733	0
GABARAP	0	-0.3559724635847824	0
GABARAPL2	0	-0.13390119444367693	1
GABPA	1	-0.022772943249187466	3
GABPB1	1	0.03554239496979735	3
GABPB2	0	-0.2133920749771372	0
GADD45GIP1	0	-0.305812643991586	0
GAK	0	-0.06740985747683674	2
GAL3ST4	0	-0.2489890638258437	1
GALC	0	-0.04266312141991396	1
GALE	0	-0.07637643163530064	2
GALK1	0	-0.146325631218264	0
GALK2	0	-0.06515733212391114	1
GALM	0	-0.06359669627172754	1
GALNS	0	-0.24067147019630236	0
GALNT1	0	0.08042869588992901	2
GALNT10	0	-0.10675545901829972	1
GALNT11	0	-0.15026906436271995	1
GALNT2	0	0.06312001214945812	2
GALNT7	0	-0.013143659594075218	2
GALT	0	-0.10208057850589594	1
GAMT	0	-0.07319331148811727	0
GAN	0	-0.10130980603786191	0
GANAB	0	-0.1968627297067029	1
GANC	0	-0.2804131564589242	0
GAPDH	0	-0.06693724030241154	0
GAPVD1	0	-0.0300410907975046	2
GAR1	0	-0.13959336899513725	0
GART	0	-0.1579604990726661	0
GAS2	0	-0.3025049946445984	0
GAS2L1	0	-0.24251464187767108	0
GAS6	0	-0.0653513600791334	0
GAS7	0	-0.0775383685838687	1
GATAD1	0	-0.18270560260827537	0
GATAD2A	0	-0.007243754335297381	2
GATAD2B	0	-0.0722672424931551	2
GATB	0	-0.23112619723426114	0
GATC	0	-0.2732175611243749	0
GATD1	0	-0.09451138455772339	0
GATD3A	0	-0.10959053746711696	1
GATM	0	-0.043720893763887145	1
GBA	0	-0.10005548678678482	0
GBA2	0	-0.3021729193249163	0
GBE1	0	-0.04060893741480132	2
GBF1	0	-0.032484381266746985	1
GBP1	0	-0.057602673805069594	1
GBP2	0	-0.010683268262088699	2
GBP4	0	-0.04263210040207406	1
GBP5	0	-0.07267222531023346	0
GC	0	-0.09274407510390295	2
GCA	0	-0.14131475487488745	1
GCAT	0	-0.6007692424972485	0
GCC1	0	-0.06138868323486313	2
GCC2	0	-0.07342657304831099	2
GCDH	0	-0.14813046967001603	1
GCFC2	0	-0.32290480481567085	1
GCHFR	0	-0.11411206519329757	0
GCLC	0	0.0002952904658458766	1
GCLM	0	-0.02015636172603144	1
GCN1	0	-0.012101099082525515	2
GCSH	0	-0.2315197743693654	0
GDA	0	-0.16582212220255527	0
GDAP1	0	-0.05254075182835718	1
GDAP2	0	-0.0680332250286109	1
GDE1	0	-0.0027123968774862284	2
GDF15	0	-0.19089758840031798	0
GDI1	0	-0.0030055912040527987	2
GDI2	0	-0.06652521538517517	1
GDPD1	0	-0.16260406407729416	1
GDPGP1	0	-0.16469162557403333	0
GEM	0	-0.2196130133833764	1
GEMIN2	0	-0.24118816667221837	0
GEMIN4	0	-0.2043652505728783	0
GEMIN5	0	-0.04033640070055116	2
GEMIN6	0	-0.17692378268112693	1
GEMIN7	0	-0.2786115131676491	0
GEMIN8	0	-0.3118863553454235	0
GET4	0	-0.06524297781277269	2
GFAP	0	-0.05295034634776574	2
GFER	0	-0.20106027147924904	0
GFM1	0	-0.11945451865840406	0
GFM2	0	-0.2186948596426798	1
GFOD1	0	-0.2191424424702805	0
GFOD2	0	-0.1881316588295214	0
GFPT1	0	-0.027922931318888417	1
GFPT2	0	0.00507458339204688	1
GFRA1	0	-0.3558566241682597	2
GGA1	0	-0.15649259102813687	0
GGA2	0	-0.21538882850915483	0
GGA3	0	-0.14472472961012323	1
GGACT	0	-0.1439725005589742	0
GGCT	0	-0.0847204955652927	0
GGCX	1	0.06742080199908237	3
GGH	0	-0.024809088653615842	2
GGNBP2	0	-1.027970650995613	0
GGPS1	0	-0.2161737051623446	0
GGT1	0	-0.022034475636515796	1
GGT5	1	0.01253093526063338	3
GGT7	0	-0.1280056373878873	1
GHDC	0	-0.050904566815210696	1
GID4	0	-0.5991133087316355	0
GID8	0	-0.26600505913217465	0
GIGYF1	0	-0.16126918085820643	0
GIGYF2	0	-0.03107133599696358	2
GIMAP1	0	-0.01660065278197608	1
GIMAP1-GIMAP5	0	0.0005993228101367542	2
GIMAP2	1	-0.022080806008644326	4
GIMAP4	0	-0.03510219330923806	2
GIMAP6	0	-0.07158736002069861	1
GIMAP7	0	-0.07953039862714431	0
GIMAP8	0	-0.10352193273966273	0
GIPC1	0	-0.10728591844694879	0
GIPC3	0	-0.3151196870460303	0
GIT1	0	-0.004616944277261304	2
GIT2	0	-0.13863036292137537	0
GJA1	0	-0.14686907988436934	0
GK	0	-0.10572876322321205	0
GLA	0	-0.2098404699950333	0
GLB1	0	-0.16448525968688363	0
GLCCI1	0	-0.33212998154775775	0
GLCE	0	-0.06406194189240544	1
GLDC	0	-0.41434344180512694	1
GLE1	0	-0.2182687848339747	0
GLG1	1	0.15465828134453333	5
GLIPR1	0	-0.0262322145412325	1
GLIPR2	0	-0.10245841075522674	0
GLMN	0	-0.13362708620644875	0
GLMP	0	-0.28290509841081485	0
GLO1	1	-0.024558362124976814	3
GLOD4	1	0.060154365287526455	5
GLRX	0	-0.1672334411010195	0
GLRX3	0	-0.013316237231541378	2
GLRX5	0	-0.1642564118076564	1
GLS	0	-0.1327499098992195	0
GLT8D1	0	-0.11141635535741265	1
GLTP	0	-0.07494895790688597	2
GLUD1	0	-0.11558800240647145	0
GLUD2	0	-0.09895633176069188	1
GLUL	0	-0.15179829526065042	0
GLYR1	0	-0.11266340659585605	1
GM2A	0	-0.13015380729780374	1
GMDS	0	-0.10973551305443138	0
GMEB1	0	-0.08852343427575038	1
GMEB2	1	0.031561267657464684	4
GMFB	0	-0.09563197656044688	0
GMFG	0	-0.11643404484402813	1
GMIP	0	-0.16345152418784875	0
GMPPA	0	-0.145357880497319	0
GMPPB	0	-0.1106756312867081	1
GMPR	0	0.023082044420744893	2
GMPR2	0	-0.07180126007445588	0
GMPS	0	-0.0398543860514285	1
GNA11	0	-0.02977680405162316	1
GNA12	0	0.01777040517300202	2
GNA13	0	-0.030004441332945175	2
GNAI1	0	-0.1119037508034608	1
GNAI2	1	-0.0573729293487639	3
GNAI3	0	-0.08997553664094397	1
GNAO1	0	-0.06468636396881705	1
GNAQ	0	0.022940097459642143	1
GNAS	1	0.0010473245506516017	3
GNB1	0	-0.03314201415864306	1
GNB1L	0	-0.2922025046538308	0
GNB2	0	0.013714886398558682	2
GNB3	0	-0.05196832338613046	1
GNB4	0	-0.07709993315953818	2
GNB5	0	-0.1565270776965677	1
GNE	0	-0.11633127071321155	0
GNG11	0	-0.07427597761762963	0
GNG12	0	-0.1184669062054057	1
GNG2	0	-0.061670416953628016	1
GNG5	0	-0.07719456448544522	1
GNG7	0	-0.18824230434734587	0
GNL1	0	-0.11747768871945911	1
GNL2	0	-0.15322508765676907	0
GNL3	0	-0.13382163105785733	0
GNL3L	0	-0.12763784878047466	1
GNPAT	1	-0.030912848979990182	3
GNPDA1	0	-0.09090739872066997	2
GNPDA2	0	-0.10885330120243923	1
GNPNAT1	0	-0.13081223785705692	0
GNPTAB	0	-0.14836129740420764	1
GNPTG	0	-0.29100268407777974	0
GNS	0	-0.09824726719921671	0
GOLGA1	0	-0.08975369829147414	1
GOLGA2	0	-0.16251897647969626	1
GOLGA3	0	-0.2598381433331374	0
GOLGA4	0	-0.0782155968377765	2
GOLGA5	0	-0.10757110383253617	1
GOLGA6L2	0	-0.35434020193289556	0
GOLGA7	0	-0.0780637558446993	1
GOLGB1	0	0.020302695843916977	2
GOLIM4	0	0.059699682113980954	2
GOLM1	1	-0.01375833182823986	3
GOLPH3	0	-0.07322907798132262	2
GOLPH3L	0	-0.04828604478653818	2
GON4L	0	-0.3908551533265967	0
GON7	0	-0.22903214207348568	0
GOPC	0	-0.11230117418765806	1
GORAB	0	-0.13659788248178867	1
GORASP1	0	-0.17742521173866738	1
GORASP2	0	0.019828084960531015	2
GOSR1	0	-0.07945886230142418	1
GOSR2	0	-0.05492167797665639	2
GOT1	0	-0.014756618163224319	1
GOT2	0	-0.0212195983420613	2
GP1BA	0	-0.42089015999808677	0
GP5	0	-1.0151048489039787	0
GPAA1	0	0.08222760770091968	2
GPALPP1	0	-0.10534723177940335	1
GPAM	0	-0.3424829583471022	0
GPAT4	0	-0.08458149617642334	1
GPATCH1	0	-0.14273601884264506	1
GPATCH11	0	-0.11387700599221703	1
GPATCH2	0	-0.27240564366938413	0
GPATCH4	0	-0.15826825799679467	1
GPATCH8	0	-0.04861052778486148	1
GPBP1	0	-0.37786510169119286	0
GPC1	0	-0.0680311558460994	0
GPC4	0	-0.11609399050051175	1
GPC6	0	-0.09013590166754823	1
GPCPD1	0	-0.13629775927644258	0
GPD1	0	-0.1429485968172355	1
GPD1L	0	-0.06971422860833335	1
GPD2	0	-0.15950636294833523	1
GPHN	0	-0.1500391882787792	0
GPI	0	-0.03796290117951934	1
GPKOW	0	-0.12045060585433727	0
GPLD1	0	-0.16666555908380926	1
GPN1	0	-0.32173088552156665	0
GPN3	0	-0.2007448624305804	0
GPNMB	0	-0.10142193168921465	1
GPR107	0	-0.06439920957237853	1
GPR108	0	-0.0501669570124571	2
GPR180	1	0.07073315874080018	3
GPR89A	1	0.013754676465419086	4
GPRC5C	0	-0.08511792151851241	1
GPRIN1	0	-0.2947833532182084	0
GPRIN3	0	-0.12673360241982926	0
GPS1	0	-0.21900199553379313	0
GPS2	0	-0.15925932914563873	1
GPSM1	0	-0.07607800811157586	0
GPSM3	0	-0.15552070260461232	0
GPT2	0	-0.06428598906897791	0
GPX1	0	-0.1427955282483789	0
GPX3	1	0.08340027267073391	3
GPX4	0	-0.11793635862424098	0
GPX7	0	-0.09105499390800251	0
GPX8	0	-0.043255086933417584	1
GRAMD1A	0	-0.3086553385785539	0
GRAMD2B	0	-0.017259721517696874	1
GRAMD4	0	0.030671706832048305	1
GRAP	0	-0.06879548959047305	1
GRAP2	0	-0.1854259701365017	0
GRB10	0	-0.06623070915348396	0
GRB2	0	-0.0416038219520632	1
GRHPR	0	-0.08718507882746937	2
GRIP1	0	-0.652135250030067	0
GRIPAP1	0	-0.11157908682251416	0
GRK2	0	-0.10846696600470587	1
GRK3	0	-0.21982571772726484	0
GRK5	0	-0.16504976839993937	1
GRK6	0	-0.17966671249915786	0
GRN	0	-0.09997538895611748	1
GRPEL1	0	-0.09540202197214011	2
GRSF1	0	-0.10430879292817907	2
GRWD1	0	-0.1383248173174499	0
GSDMA	0	-0.26860965196711	0
GSDMD	0	-0.13251755252354083	0
GSDME	0	-0.09070036324189165	1
GSE1	0	-0.1966368986642928	1
GSK3A	0	-0.09121456128621848	2
GSK3B	0	-0.1489718273468635	1
GSKIP	0	-0.15456177968201984	0
GSN	0	-0.06864601214525827	1
GSPT1	0	-0.09127378957546825	2
GSPT2	0	-0.048781907385179124	2
GSR	1	0.013054147159451579	3
GSS	0	-0.02000039711146716	2
GSTA4	0	-0.10371575563132662	0
GSTCD	0	-0.16697079382211963	0
GSTK1	0	-0.050954835455681455	1
GSTM1	0	-0.0210224022494597	1
GSTM2	0	-0.10469139951652115	0
GSTM3	0	-0.03756189220627319	1
GSTM4	0	-0.23753809409638005	0
GSTM5	0	-0.22916137032253606	0
GSTO1	0	-0.04925469476830222	1
GSTP1	0	-0.01951529773762082	2
GSTZ1	0	-0.1964781947772031	0
GTDC1	0	-0.24100921847691908	0
GTF2A1	0	-0.1119728789190744	0
GTF2A2	0	-0.24074604319811535	1
GTF2B	0	-0.08514777583947639	1
GTF2E1	0	-0.26926615267508686	0
GTF2E2	0	-0.17061209147898831	0
GTF2F1	0	-0.23217172312516157	0
GTF2F2	0	-0.14246526913765986	0
GTF2H1	0	-0.12494412757949505	0
GTF2H2	0	-0.13667377309865741	1
GTF2H3	0	-0.2604564113317031	0
GTF2H4	0	-0.13421834627145068	1
GTF2H5	0	-0.25856030467452407	0
GTF2I	0	-0.14330662363705443	1
GTF3A	0	-0.21445553488346522	0
GTF3C1	1	0.04831605285623778	3
GTF3C2	0	-0.06673238721465265	1
GTF3C3	0	-0.06462692975139828	1
GTF3C4	0	-0.0396918128447675	2
GTF3C5	0	-0.13782213574344687	0
GTF3C6	0	-0.418307623304557	0
GTPBP1	0	-0.16848728702811852	1
GTPBP10	0	-0.18009010901227937	0
GTPBP2	0	-0.1714701760968323	1
GTPBP3	0	-0.31624699644762194	0
GTPBP4	0	-0.15125418640134247	1
GTPBP6	0	-0.2663419694411485	0
GUCY1A1	0	0.005404773688389898	2
GUCY1A2	0	-0.09151772127097828	0
GUCY1B1	1	0.04728576170052838	3
GUF1	0	-0.19349794940101916	0
GUK1	0	-0.2020024805687691	0
GULP1	1	0.0001415065878510799	4
GUSB	1	0.04509486453375737	4
GXYLT1	0	-0.13192896367804793	1
GYG1	0	-0.14988111500545329	1
GYG2	0	-0.5556918908148342	0
GYPA	0	-0.2280746900944064	1
GYPC	0	-0.1455328695977259	1
GYS1	0	-0.052492946604862686	1
H6PD	0	-0.07582572019724784	1
HAAO	1	0.0694364505334117	4
HABP2	0	-0.17731131460984467	1
HABP4	0	-0.1642274541952676	0
HACD2	1	0.08228246963053316	3
HACD3	1	0.10510238540814361	4
HACE1	0	-0.28847839330927855	1
HACL1	0	-0.23208506817343197	0
HADH	0	-0.09862055576704556	1
HADHA	0	-0.11476647054114815	1
HADHB	0	-0.07292016567274177	1
HAGH	0	-0.0350446426667645	1
HAPLN1	0	-0.079155180450473	1
HAPLN3	0	-0.04779634910011764	1
HARS2	0	-0.23740383364106127	0
HAT1	0	-0.03273288393663983	2
HAUS1	0	-0.25535248974008157	0
HAUS2	0	-0.3453718945891667	0
HAUS3	0	-0.12793659132888408	2
HAUS4	0	-0.14465150715341618	2
HAUS5	0	-0.2745809400442472	0
HAUS6	0	-0.10731630300579742	0
HAUS7	0	-0.14419003527757565	0
HAUS8	0	-0.19637425595850838	0
HAVCR2	0	-0.19986512216668417	0
HAX1	0	-0.0812778924587706	1
HBA1	0	0.005812409805809215	1
HBB	0	0.014053467977919804	2
HBD	0	-0.010980346027837599	1
HBG1	0	-0.1340999256548834	1
HBM	0	-0.4423240214387338	0
HBP1	0	-0.17331067417693377	0
HBQ1	0	-0.1684731384828461	1
HBS1L	0	-0.15845080032731088	0
HBZ	0	-0.010704406000972172	2
HCCS	0	-0.15291715718917692	1
HCFC1	1	0.07567863754736948	3
HCFC2	0	-0.11540536366706702	1
HCK	0	-0.039331975397301676	2
HCLS1	0	-0.08900969802915829	0
HDAC1	0	-0.0005842081367669006	2
HDAC10	0	-0.1532703313742214	0
HDAC11	0	-0.4378059528661501	0
HDAC2	0	-0.09048736302891933	2
HDAC3	0	-0.12734460144368925	0
HDAC4	0	-0.11914912646349496	0
HDAC5	1	0.06058641513331899	4
HDAC6	0	-0.15339260876290864	1
HDAC7	1	-0.060053211320992284	3
HDAC8	0	-0.29792108129294637	0
HDDC2	0	-0.1194591665188787	0
HDDC3	0	-0.07155345876863668	1
HDGF	0	-0.0776529762088132	1
HDGFL2	0	-0.0094585380909689	1
HDGFL3	1	0.10218887601025295	4
HDHD2	0	-0.06791355456059164	2
HDHD3	0	-0.1032385084105482	2
HDHD5	0	-0.13064971402930148	0
HDLBP	0	-0.1256812517830952	0
HEATR1	1	0.05546472573598038	3
HEATR3	0	-0.11174534400063445	1
HEATR5A	0	-0.12445542976262107	1
HEATR5B	0	-0.14351287519990077	1
HEATR6	0	-0.3307407021054297	0
HEBP1	0	-0.11625989423580847	0
HEBP2	0	-0.05252639766588716	2
HECA	1	-0.0445359185284866	3
HECTD1	0	-0.12627016276721173	2
HECTD3	0	-0.18099622123334166	0
HECTD4	0	-0.141868075085937	0
HEG1	0	-0.35410476337648317	1
HELLS	0	-0.34662937114611786	0
HELZ	0	-0.09248359376930704	2
HELZ2	0	-0.08324385833033875	2
HEPH	0	-0.15014085755719508	1
HERC1	0	-0.10813038665195111	1
HERC2	0	-0.2748237915589902	0
HERC3	0	-0.26471438161949534	0
HERC4	0	-0.11657273674498611	1
HERC5	0	-0.18958778620354405	0
HERPUD1	0	-0.058882646505071155	1
HES1	0	-0.3412552378806833	0
HEXA	0	-0.11046600660741443	1
HEXB	0	-0.07610853433034556	1
HEXIM1	0	-0.16143830366864018	0
HEXIM2	0	-0.46854758235937366	0
HFE	0	-0.41424798991474543	0
HGD	0	-0.055089311993341286	0
HGF	0	-0.18051440231652305	1
HGFAC	0	-0.13011322446104043	1
HGH1	0	-0.13179558656285276	1
HGS	0	-0.10099036944269872	1
HGSNAT	0	-0.32950193193496646	0
HIBADH	0	-0.09353113514454951	0
HIBCH	0	-0.10862208115504897	0
HID1	0	-0.0661360799408391	2
HIF1AN	0	-0.1535371191259542	1
HIGD1A	0	-0.23425898393578323	0
HIKESHI	0	-0.2407599847052575	0
HINT1	0	-0.07277136625355421	1
HINT2	0	-0.23442806454711157	0
HINT3	0	-0.1275638878911553	1
HIP1	0	-0.07981445275027849	0
HIP1R	0	-0.08007752762233414	1
HIRA	0	-0.15911393130525292	0
HIRIP3	0	-0.11234478703721365	1
HK1	0	-0.0923830790563992	1
HK2	0	-0.07618115746000331	0
HK3	0	-0.11612695262461861	0
HKDC1	0	-0.13952396986214421	0
HLA-A	0	-0.17874603938025105	1
HLA-B	1	0.049124859484019234	3
HLA-C	0	-0.00263855702280694	2
HLA-DMA	0	-0.06618997170303977	1
HLA-DMB	0	-0.037248986352788685	1
HLA-DPA1	0	-0.10195544576954177	0
HLA-DPB1	0	-0.11654464779602236	0
HLA-DQA1	0	-0.058963478435510974	2
HLA-DQB1	0	-0.07193916355338084	1
HLA-DRA	0	-0.06664779098244557	1
HLA-DRB1	0	-0.16107031725253967	0
HLA-DRB5	0	-0.15647739787006518	0
HLA-E	0	-0.07333002812434995	2
HLA-F	0	-0.04684727352508752	2
HLCS	0	-0.24267194569728162	0
HLTF	0	-0.038135882456063044	1
HM13	1	0.0499770697889793	3
HMBOX1	0	-0.20800308318897534	1
HMBS	0	-0.06768812952523193	1
HMCES	0	-0.01940475498239176	2
HMCN1	0	-0.05712386585117861	1
HMG20A	0	-0.13259243833656667	0
HMG20B	0	-0.2259787807126236	0
HMGA1	0	-0.0551210699726277	2
HMGA2	0	-0.1946947524995328	0
HMGB1	0	-0.07768375358702109	1
HMGB2	0	0.060333611505003826	2
HMGB3	0	-0.02387759999785998	1
HMGCL	0	-0.0841467414039623	0
HMGCS1	0	-0.090562099312444	1
HMGN1	0	-0.19452628376215078	0
HMGN2	0	-0.08438597568531434	1
HMGN3	0	-0.15461710694163222	1
HMGN4	0	0.029881233286563606	2
HMGN5	0	-0.008371873769831398	2
HMGXB3	0	-0.8739146833575011	0
HMGXB4	0	-0.2089313277437564	0
HMOX1	0	-0.06028443615498134	1
HMOX2	1	0.03382218766191743	3
HMX3	0	-0.5226751732999388	0
HNMT	0	-0.03554056298687284	0
HNRNPA0	0	-0.0766726879734945	1
HNRNPA1	0	0.016645508524167595	2
HNRNPA2B1	0	0.05333931996143745	2
HNRNPA3	0	-0.06782570464324834	2
HNRNPAB	0	-0.09608682105879765	0
HNRNPC	0	-0.007063403859848499	2
HNRNPD	0	0.0014658495522643978	2
HNRNPDL	0	-0.012786914934809598	1
HNRNPF	0	-0.13889375954579986	0
HNRNPH1	0	-0.08317378398791693	1
HNRNPH2	0	-0.080486158987184	1
HNRNPH3	0	-0.01595475998419374	2
HNRNPK	0	-0.03082238737993865	2
HNRNPL	0	-0.0634512485810023	2
HNRNPLL	0	0.03274055321982859	2
HNRNPM	0	-0.05539231386851712	2
HNRNPR	0	-0.024041459601078917	1
HNRNPU	1	0.04310765089816463	3
HNRNPUL1	0	-0.08220542339598336	2
HNRNPUL2	0	-0.21743770910352583	0
HOMER1	0	-0.10485976344446062	1
HOMER2	0	-0.2220279028878358	1
HOMER3	0	-0.1267275929786402	0
HOOK1	0	-0.0346316350603464	1
HOOK2	1	-0.05755149837800584	3
HOOK3	0	-0.1297859556250952	2
HOPX	0	-0.0338055546337076	1
HP	0	-0.18862493596904892	1
HP1BP3	0	-0.21613557505488915	0
HPCAL1	0	-0.053838933091499674	0
HPF1	0	-0.07133742852532146	1
HPGDS	0	-0.04362271405978823	1
HPR	0	-0.18992647021605732	1
HPRT1	0	-0.09090653904657071	2
HPS1	0	-0.5139179470048236	0
HPS3	0	-0.2100299940686227	0
HPS4	0	-0.3774379628816404	0
HPS5	0	-0.15991941945800336	0
HPS6	0	-0.3125101902382108	0
HPSE	0	-0.3802758206018545	0
HPX	0	-0.07641625897035173	2
HRAS	0	-0.17005920602947958	1
HRC	0	-0.39989944719566545	0
HRG	1	-0.05354066972480217	3
HRNR	0	-0.42391047417962396	0
HS1BP3	0	-0.09366526480349421	0
HS2ST1	0	-0.08038039459258506	1
HS6ST1	0	-0.3310277127501637	0
HSBP1	0	-0.18038827114998285	0
HSCB	0	-0.2082302443700391	0
HSD17B10	0	-0.13022096459887736	0
HSD17B11	0	-0.01779603274558178	1
HSD17B12	0	-0.05509053877630367	2
HSD17B4	0	-0.022041232889486857	1
HSD17B7	0	-0.14631647988020924	0
HSD17B8	0	-0.10849998235471872	0
HSD3B7	0	-0.20145948458870322	0
HSDL1	0	-0.11218410891095157	2
HSDL2	0	-0.0433478710448911	0
HSF1	0	-0.16621294285833468	0
HSP90AA1	1	-0.06542687730156191	3
HSP90AB1	1	0.09482853586476105	4
HSP90B1	0	-0.1931897179411508	0
HSPA12A	1	0.06799275690338746	3
HSPA12B	1	0.00889949544575532	3
HSPA13	0	-0.13312922960793258	0
HSPA14	0	-0.08755627783941489	2
HSPA1A	0	-0.12037856680477713	1
HSPA1L	0	-0.0648828117473478	2
HSPA2	0	-0.06664719133455141	0
HSPA4	0	-0.23718536809792773	0
HSPA4L	0	-0.11266872929754586	0
HSPA5	0	-0.17253821422232335	0
HSPA6	0	-0.06920403627272029	1
HSPA8	0	-0.07060104866530592	1
HSPA9	0	-0.07491738551978852	1
HSPB1	1	0.041934932026974535	4
HSPB11	0	-0.17937714739762098	1
HSPB2	0	-0.032865276670830626	2
HSPB6	0	-0.02114943409822074	1
HSPB7	0	-0.1060652042762141	0
HSPB8	0	-0.01986544301481096	2
HSPBAP1	0	-0.2515478751326367	0
HSPBP1	0	-0.08887129141826491	2
HSPD1	0	-0.15412529326735958	1
HSPE1	0	-0.14795994097965443	1
HSPG2	1	-0.008234389608438203	3
HSPH1	0	-0.11316014861006578	1
HTATIP2	1	0.030544911506810164	3
HTATSF1	0	-0.04578168361790682	2
HTD2	0	-0.4525357264703061	0
HTRA1	1	0.003235018407862661	3
HTRA2	0	-0.20692963695627586	1
HTT	0	-0.09809134747804502	1
HUS1	0	-0.28418350424323496	1
HUWE1	0	-0.09908759094843042	1
HVCN1	0	-0.14950511775388678	0
HYI	1	0.06635735756392831	4
HYOU1	0	-0.1763772327788564	0
HYPK	0	-0.17318183023723882	1
IAH1	0	-0.1777768697430626	1
IARS2	0	-0.1858995229890794	1
IBA57	0	-0.17134348097389593	1
IBTK	0	-0.16686163654003616	0
ICA1	0	-0.08673369660306356	0
ICAM1	0	-0.03949581263565298	1
ICAM2	0	-0.0970844980173293	1
ICAM3	0	-0.07588284015373373	2
ICE1	0	-0.5332651207649063	0
ICE2	0	-0.43409719170054595	1
IDE	0	-0.05018960757737532	2
IDH1	0	-0.05358083654407617	1
IDH2	0	-0.12752482636382512	0
IDH3A	0	-0.19026519818612714	0
IDH3B	0	-0.23230473667204143	0
IDH3G	0	-0.16248627554358075	0
IDI1	0	-0.06942849860528306	1
IDNK	0	-0.23345910403729847	0
IDS	0	-0.10518672319281534	1
IDUA	0	-0.11694429971238914	1
IFI16	0	-0.03509616990621922	2
IFI27L2	0	-0.9249629339054666	0
IFI30	0	-0.07989889293735547	1
IFI35	0	-0.03402173995751067	1
IFI44	0	-0.16353981016486085	2
IFIH1	0	-0.05885802376931563	1
IFIT1	0	-0.08195854134592999	0
IFIT2	0	-0.04708304012236414	1
IFIT3	0	-0.02871437157032612	1
IFIT5	0	-0.1253839340479201	0
IFITM3	0	-0.19444038135321243	0
IFNGR1	0	-0.13851594732996295	1
IFRD1	0	-0.20848034427316825	1
IFT122	0	-0.18551191551962112	0
IFT140	1	-0.055158392680431934	3
IFT172	1	-0.03587485979031808	3
IFT20	0	-0.13369640934639224	1
IFT22	0	-0.1610842020365983	0
IFT27	0	-0.09424808133495012	0
IFT43	0	-0.17682789210306699	1
IFT46	0	-0.16798841211719748	0
IFT52	0	-0.21110174250100616	0
IFT57	0	-0.12892399548495814	1
IFT74	0	-0.19213319032448198	0
IFT80	0	-0.1705198952466938	1
IFT81	0	-0.16011301337199124	1
IFT88	0	-0.08520115632629707	0
IGBP1	0	-0.07386369342616902	2
IGF1	0	-0.1972324752802961	1
IGF1R	0	-0.039106111550431547	1
IGF2	0	-0.1530449524358198	1
IGF2BP2	0	-0.04318135118566182	1
IGF2BP3	0	-0.06381350348662412	0
IGF2R	1	0.011141072617629186	3
IGFALS	0	-0.021954759854650698	2
IGFBP2	0	-0.0646416767701147	1
IGFBP3	0	-0.008712472103665058	2
IGFBP4	0	-0.08907724549845661	1
IGFBP5	0	-0.07905985851910058	2
IGFBP6	0	-0.09168451614296562	2
IGFBP7	0	-0.03890497418932776	2
IGHG1	0	-0.05642065692202801	2
IGHMBP2	0	-0.21788746150701926	0
IGLL1	0	-0.23425503263001374	0
IGLL5	0	-0.1273282033411391	0
IGSF3	0	-0.3878993328610048	1
IGSF8	0	-0.10972755873398884	1
IK	0	-0.03299443686894236	2
IKBIP	1	-0.03919637986633938	3
IKBKB	0	-0.10649187681892887	0
IKBKG	0	-0.18113432283970046	0
IKZF1	0	-0.04964156530774944	0
IL10RB	0	-1.4427900981515598	0
IL16	0	-0.11638650067678853	0
IL18	0	-0.07851920640943362	1
IL1RAP	0	-0.14469190311288394	0
IL33	0	-0.07896122428865789	1
IL4I1	0	-0.09208484940385754	0
IL6ST	0	-0.22376736517752643	0
ILF2	0	-0.031404462756395336	2
ILF3	0	-0.06049265225471726	1
ILK	1	0.06417807141751342	3
ILKAP	0	-0.1304296821755439	1
ILVBL	0	0.003991917082682583	2
IMMT	0	-0.0948080749057199	2
IMP3	0	-0.32004443792531057	0
IMP4	0	-0.03878946081461827	2
IMPA1	0	-0.2198546758504841	0
IMPA2	0	-0.10632887564781923	1
IMPACT	0	-0.14007504920437192	0
IMPDH1	0	-0.08978251050576799	1
IMPDH2	1	-0.0388167522290224	3
INA	1	-0.024683527855134075	3
INCENP	0	-0.23111576950163695	2
INF2	0	-0.022422811088041075	2
ING1	0	-0.048229120453965435	2
ING3	0	-0.27903042327276323	0
ING4	0	-0.15766749015596426	1
ING5	0	-0.18845721406559265	1
INHBC	0	-0.38925721819377845	0
INIP	0	-0.19310411776901776	0
INMT	0	-0.45640876873815917	0
INO80	0	-0.16510209800866332	0
INO80B	0	-0.26727472546245945	0
INO80C	0	-0.5633760187270855	0
INPP1	0	-0.217984818446034	0
INPP4A	0	-0.10032767598050621	0
INPP4B	0	-0.11030202428769749	0
INPP5A	0	-0.11672715861589986	1
INPP5B	0	-0.2363325317746022	0
INPP5D	0	-0.08665739368383032	0
INPP5F	0	-0.06796810571423692	0
INPP5K	0	-0.1545074064078648	0
INPPL1	0	-0.08618685468896821	2
INSR	0	-0.05557552262603196	1
INTS1	1	0.03185591861130406	3
INTS10	0	-0.08939207942648712	1
INTS11	0	-0.24884382817012632	1
INTS12	0	-0.08123495895452558	1
INTS13	0	-0.02324327337986352	2
INTS14	0	-0.0160532785142073	1
INTS2	0	-0.24410502806096251	0
INTS3	0	-0.02068851196752074	2
INTS4	0	-0.12784903381952648	0
INTS5	0	-0.10449762714962399	0
INTS6	0	-0.18929364898483353	1
INTS7	0	-0.10212026130384107	0
INTS8	0	-0.10915048953991391	1
INTS9	0	-0.2315850596937657	0
IP6K1	0	-0.1599341281258937	1
IPO11	0	-0.1457920015398988	1
IPO13	0	-0.1608715950460557	1
IPO4	0	-0.11882513627970288	2
IPO5	0	-0.052193310378891175	1
IPO7	0	-0.13950373950693104	1
IPO8	0	-0.19971612538574618	0
IPO9	0	-0.1528779765374749	0
IQCB1	0	-0.47002277451731284	0
IQGAP1	0	-0.09897024659027318	1
IQGAP2	0	-0.0766872858265627	1
IQGAP3	0	-0.20527735975406008	0
IQSEC1	1	0.10792461571994252	3
IQSEC2	0	-0.18093416146628297	0
IRAK1	0	-0.1467163094136035	2
IRAK3	0	-0.18355722494098853	1
IRAK4	0	-0.09944905885335972	0
IREB2	0	-0.22312159987081842	0
IRF2	0	-0.16777428469361316	1
IRF2BP1	1	0.03342617850649389	4
IRF2BP2	0	0.00034322801935414286	2
IRF2BPL	0	-0.014664399363000891	2
IRF3	0	-0.22768685835018293	0
IRF5	0	-0.2443333896739129	0
IRF8	0	-0.2931641957384303	0
IRF9	0	-0.14475582647446308	0
IRGQ	0	-0.21891766891265427	1
IRS1	0	-0.06091172716132638	1
IRS2	0	-0.025655256858735282	0
ISCA1	0	-0.15135348264802767	1
ISCA2	0	-0.23941832641838898	0
ISCU	0	-0.21641413333419618	0
ISG15	0	-0.05023493038737102	0
ISG20	0	-0.05813878225770173	1
ISG20L2	0	-0.08387537072246556	2
ISLR	0	-0.07135178034203704	1
ISOC1	0	-0.10262793504074803	0
ISOC2	0	-0.17092776388080821	0
IST1	0	-0.1558167089935409	0
ISY1	0	-0.17290179217497387	0
ISYNA1	0	-0.05138852704849763	1
ITCH	0	-0.0923281790635054	2
ITFG1	0	-0.028712301927616278	2
ITFG2	0	-0.23847658830148352	0
ITGA1	0	-0.05515556062018788	2
ITGA2	0	-0.02139450247100366	1
ITGA2B	0	-0.2271960389517012	0
ITGA3	0	-0.05894408335909653	1
ITGA4	0	-0.05885287842696753	1
ITGA5	0	-0.08075775252581499	1
ITGA6	0	0.004376279352870177	1
ITGA7	0	-0.08517508395794422	1
ITGAL	0	-0.0717198134675159	2
ITGAM	0	-0.08803639915053374	2
ITGAV	0	-0.055356070367458224	1
ITGAX	0	-0.025468547344833482	2
ITGB1	0	-0.038555419238536635	1
ITGB1BP1	0	-0.3409044207897202	0
ITGB2	1	-0.026147019135352605	3
ITGB3	0	-0.10629568691810472	1
ITGB4	0	-0.05372742567118684	1
ITGB5	0	0.011716510042888817	1
ITGB8	0	-0.052455284474976806	1
ITIH1	0	-0.1696682557885889	1
ITIH2	0	-0.10997512695419973	2
ITIH3	0	-0.25163299191504146	1
ITIH4	0	-0.12018944680181869	2
ITIH5	0	-0.058860681879661404	2
ITM2B	0	-0.21592391312892917	0
ITM2C	0	-0.3768914373090476	0
ITPA	0	-0.3148559279451179	0
ITPK1	0	-0.15332262895627968	0
ITPKB	0	-0.018493109176881274	1
ITPKC	0	-0.21290524937294292	0
ITPR1	0	-0.004596654898352379	2
ITPR2	1	0.046789804037088614	3
ITPR3	0	0.004861430942659315	2
ITPRID2	0	-0.08632634495762892	1
ITPRIP	0	-0.18381522818166685	1
ITSN1	0	-0.05263707454391618	1
ITSN2	0	-0.06596280320806606	1
IVD	0	-0.07123461418316097	1
IVNS1ABP	0	-0.08143056311112236	1
IWS1	0	-0.12441773054250915	0
JADE2	0	-0.06542530518434639	0
JAG1	0	-0.05747092334382081	2
JAGN1	0	-0.06198509651961966	2
JAK1	0	-0.09798475987402847	1
JAK2	0	-0.18526930310149076	0
JAK3	0	-0.26173693004949056	1
JAM2	0	-0.3238356908862924	1
JAM3	0	-0.14843560198676742	0
JCAD	0	-0.006500074987985377	2
JCHAIN	0	-0.2129383509252417	1
JMJD1C	0	-0.20405234608902684	1
JMJD6	0	-0.19199351220115926	0
JMJD7	0	-0.09014755568523217	1
JMY	0	-0.3108684130742812	0
JOSD2	0	-0.2640398934098444	0
JPH2	0	-0.17450000912373836	0
JPT1	0	-0.07674255070782542	1
JPT2	0	-0.13089896976261806	0
JTB	1	0.026438377362441902	3
JUN	0	-0.18075512279187733	0
JUNB	1	0.031546277741774674	3
JUND	0	-0.1543046966489309	1
JUP	0	-0.15827178192964564	1
KALRN	0	-0.21679425217082698	1
KANK1	0	-0.02752917411159524	2
KANK2	1	-0.007830228210056253	3
KANK3	0	-0.10104722769065848	0
KANSL1	0	-0.39136891419922304	0
KANSL2	0	-0.3992112410588101	0
KANSL3	0	-0.27985713451836947	0
KAT14	0	-0.26656313032852885	0
KAT2B	0	-0.32861247651438447	0
KAT5	0	-0.1743881284532535	0
KAT6A	0	-0.16796119514956828	1
KAT7	1	-0.0162788097581127	3
KAT8	0	-0.07787755604836384	1
KATNA1	0	-0.20516562927518778	0
KATNAL1	0	-0.17138883358001655	0
KATNB1	0	-0.14762850796715413	1
KBTBD11	0	-0.03286296427500336	0
KBTBD2	0	-0.11954259864045964	1
KBTBD4	0	-0.25037282348115614	0
KBTBD6	0	-0.20657866785331708	0
KCMF1	0	-0.21421068542241115	1
KCNAB2	0	-0.11229675432810385	1
KCTD1	0	-0.17488271690465837	0
KCTD10	0	-0.16134764851605898	1
KCTD12	0	-0.048496397168670734	2
KCTD14	0	-0.06851268239190408	0
KCTD15	0	-0.2465990924862016	0
KCTD18	0	-0.20541550860529628	0
KCTD21	0	-0.20695372503863227	0
KCTD3	0	-0.188435344983291	0
KCTD5	0	-0.18752840406075158	1
KCTD6	0	-0.39126690296048	0
KCTD9	0	-0.17402818627457028	0
KDELR1	0	-0.2716940966562643	0
KDM1A	0	-0.09096006717685093	1
KDM1B	0	-0.32157471552155553	0
KDM2A	0	-0.06686589099034893	2
KDM2B	0	-0.22015756494205227	0
KDM3A	0	-0.01667239652686489	2
KDM3B	0	-0.0813253122339112	1
KDM4A	0	-0.21289822866433913	1
KDM4B	0	-0.16075637778130428	1
KDM5A	0	-0.1115777101773449	2
KDM5C	0	-0.1482562498350085	1
KDM6A	0	-0.16561836094144106	0
KDM8	0	-0.29113841730195317	0
KDSR	0	-0.06996280946585615	2
KEAP1	0	-0.21274766065523423	0
KHDC4	0	-0.16550175871262648	1
KHDRBS1	0	-0.008333689475174563	1
KHDRBS3	0	-0.14219068988192754	0
KHK	0	-0.07022182842632785	1
KHNYN	0	-0.26691830448876896	0
KHSRP	0	-0.011562675200772983	1
KIAA0100	0	-0.055728691508246476	2
KIAA0319L	0	-0.04520874629075772	1
KIAA0513	0	-0.08523598198499234	1
KIAA0753	0	-0.6642735658223357	0
KIAA0930	0	-0.2172053619912669	0
KIAA1109	0	-0.05634840095904005	1
KIAA1143	0	-0.12002137856290185	1
KIAA1191	0	-0.02799183377729576	1
KIAA1217	0	-0.06388839556510664	1
KIAA1328	0	-0.2638959913120477	0
KIAA1522	0	-0.10683890976627552	0
KIAA1671	0	-0.15482741311680806	0
KIAA2013	0	0.06753797153628788	2
KIDINS220	1	-0.05773101508585805	3
KIF11	0	-0.1368739467213827	1
KIF13A	0	-0.04518822757339958	1
KIF13B	0	-0.07826227873399998	0
KIF15	0	-0.11950082202355432	0
KIF16B	0	-0.2585876363986205	0
KIF1B	0	-0.2089503410234106	0
KIF1C	0	-0.1417699273215994	0
KIF20A	0	-0.6152293544633045	0
KIF21A	0	-0.07877596151728565	1
KIF23	0	-0.1807278539694543	0
KIF26B	0	-0.4152906676209886	0
KIF2A	0	-0.1736847004564948	0
KIF2C	0	-0.09715673416866104	1
KIF3A	0	-0.16635677615224764	1
KIF3B	0	-0.15852440639875726	1
KIF4A	0	-0.13185279920851414	0
KIF5B	0	-0.13126256071837103	1
KIF5C	0	-0.15712348197693574	1
KIF7	0	-0.14956818342807043	1
KIFAP3	0	-0.19090940204271564	1
KIFC1	0	-0.16136068932867004	0
KIFC3	0	-0.3335676398660946	0
KIN	0	-0.15684596958822983	0
KIRREL1	0	-0.20177427521303026	0
KIT	0	-0.19483304869420576	0
KLC1	0	-0.10977863106253583	2
KLC2	0	-0.0814207200426024	1
KLC4	1	-0.050818969652200896	3
KLF13	0	-0.4205220407658784	0
KLF16	0	-0.40498046240466723	0
KLF3	0	-0.139582147613536	1
KLHDC10	0	-0.34292733289884436	0
KLHDC2	0	-0.10327566604517639	1
KLHDC3	0	-0.47209679894517487	0
KLHDC4	0	-0.170310936047448	0
KLHL11	0	-0.2325681866953982	1
KLHL22	0	-0.1716162173527321	0
KLHL26	0	-0.16366948137057263	1
KLHL36	0	-0.10031685012351887	1
KLHL42	0	-0.9433069402127249	0
KLHL7	0	-0.8215100437462695	0
KLHL9	0	-0.35615854443593326	0
KLK6	0	-0.24791872892173564	0
KLKB1	0	-0.14292199209707168	1
KMT2A	0	-0.11881180873964825	1
KMT2B	0	-0.24444378434965824	1
KMT2C	0	-0.1850645330871623	0
KMT2D	0	-0.22648314469779898	1
KMT2E	0	-0.5189296273639672	0
KNG1	0	-0.0491029595949523	2
KNL1	0	-0.7800795604835781	0
KNOP1	0	-0.5126722159351018	0
KNTC1	0	-0.366688907302042	0
KPNA1	0	-0.1888578326543938	0
KPNA2	0	-0.08882499070697251	0
KPNA3	0	-0.17644470816754887	0
KPNA4	0	-0.18951406637700094	0
KPNA6	0	-0.22510450745197544	0
KPNB1	0	-0.09672907902312235	1
KPTN	0	-0.2407820842242876	0
KRAS	0	-0.11767255129432437	2
KRI1	1	-0.025996118759894504	3
KRIT1	0	-0.1779838876608369	0
KRR1	0	-0.07828465793261226	2
KRT1	0	-0.18434270418628584	0
KRT10	0	-0.241400006482474	1
KRT13	0	-0.22266208304760965	0
KRT17	0	-0.23292867705639533	0
KRT18	0	-0.07264011612668156	2
KRT19	0	-0.1045343141176793	1
KRT2	0	-0.2301055372492548	0
KRT5	0	-0.18420676684624265	0
KRT7	0	-0.14871577305336237	1
KRT8	0	-0.09772027532435598	1
KRT9	0	-0.3333867551743771	0
KSR1	0	-0.12310058217196732	0
KTI12	0	-0.16783594273013983	0
KTN1	0	-0.1703885299116724	0
KXD1	0	-0.16834569685283138	0
KYAT1	1	-0.06523167527974486	3
KYAT3	0	-0.20467639676103624	0
KYNU	0	-0.04367703698995852	1
L1CAM	0	-0.24565769968630366	0
L2HGDH	0	-0.07431670187269532	0
L3HYPDH	0	-0.1310444472088567	1
L3MBTL2	0	-0.17593953342404967	1
L3MBTL3	0	-0.1378612392406195	1
LACC1	0	-0.16014815573363803	1
LACTB	0	-0.09904594491431284	1
LACTB2	0	-0.07717102883548263	0
LAGE3	0	-0.25134348669363327	0
LAIR1	0	-0.17301203422159467	0
LAMA1	0	-0.17519290716487262	1
LAMA2	0	-0.12918725930260563	1
LAMA3	0	-0.2240527086846238	1
LAMA4	0	-0.07529131730228297	2
LAMA5	0	-0.16922770050892627	2
LAMB1	0	-0.07201114836089084	1
LAMB2	1	-0.04700055207622469	3
LAMC1	0	-0.034960195709881396	2
LAMC3	0	-0.09862727418515578	0
LAMP1	0	-0.1711942222389427	1
LAMP2	0	-0.06520636609506335	2
LAMTOR1	0	-0.1752135558952218	2
LAMTOR2	0	-0.18628857698212747	0
LAMTOR3	0	-0.10446275615963588	1
LAMTOR4	0	-0.23625284002346617	1
LAMTOR5	0	-0.1384514359384667	1
LANCL1	1	0.042290402138854925	4
LANCL2	0	-0.03622339161900708	1
LAP3	0	0.00927062705545884	1
LARP1	0	-0.18993859995710133	1
LARP1B	0	-0.13644691794790417	1
LARP4	1	0.0378824068032861	3
LARP4B	0	-0.07832122577668013	1
LARP6	0	-0.17207806486916716	0
LARP7	0	0.004881880883066181	2
LARS2	0	-0.06828993482655708	2
LAS1L	0	-0.08582619586817401	2
LASP1	0	-0.14312072375541657	0
LATS1	0	-0.26677458459897785	0
LBH	0	-0.07823445412039491	1
LBP	0	-0.11729358207700277	1
LBR	1	0.05881716789722483	3
LCAT	0	-0.10639866490185383	1
LCLAT1	0	-0.014673499270016346	2
LCMT1	0	-0.1756211673242954	0
LCN2	0	-0.10745459005983102	1
LCP1	0	-0.07974140367238622	1
LCP2	0	-0.05781891877201314	1
LDAH	0	-0.10593509164414894	1
LDB1	0	-0.18246216082749417	0
LDB3	0	-0.01985638427649502	2
LDHA	0	-0.03297856309540044	1
LDHB	1	-0.009387486483354657	3
LDHD	0	-0.13153564257631634	0
LDLR	0	-0.21489204088014585	0
LDLRAP1	0	-0.19437833985154684	0
LECT2	1	-0.025991549278672754	3
LEF1	0	-0.1850722504980318	0
LEMD2	1	0.07563728963737537	3
LEMD3	0	0.06488780796299258	2
LENG1	0	-0.27586895419636603	0
LENG8	0	-0.21997089050912672	0
LENG9	0	-0.3835943931112954	0
LEO1	0	-0.15380051032420067	1
LETM1	0	-0.014064610617480221	2
LETMD1	0	-0.09047109577305579	2
LGALS1	0	-0.0426276073320987	1
LGALS3	0	-0.07241633327076133	0
LGALS3BP	0	-0.08670546629116685	2
LGALS8	0	-0.21019565897242737	0
LGALS9	0	-0.09399376269281434	0
LGALSL	0	-0.0921311982072617	0
LGMN	0	-0.13285769685136103	0
LHPP	1	-0.0074784244563915634	3
LIAS	0	-0.16956311103987143	2
LIG1	0	-0.15587379714847152	0
LIG3	0	-0.05421118679238198	0
LIG4	0	-0.15282327394376943	1
LILRB1	0	-0.12235457024862835	0
LILRB4	0	-0.15214785872872288	0
LIMA1	0	-0.05599091376432512	2
LIMCH1	0	-0.04530917720842392	1
LIMD1	0	-0.06489087803714054	1
LIMD2	0	-0.1557176770834364	1
LIME1	0	-0.4188134060786969	1
LIMK1	0	-0.10015593011734374	0
LIMK2	0	-0.1080406036199496	1
LIMS1	1	0.17779751785048298	5
LIMS2	1	0.021614909719383714	3
LIN54	0	-0.28671374208256806	0
LIN7A	0	-0.09213229485687405	1
LIN7C	0	-0.07993329189135095	2
LIN9	0	-0.5423794231674064	0
LIPA	0	-0.14195647139828665	0
LIPE	0	-0.3338684091804555	0
LIX1L	0	-0.10381291653893177	1
LLGL1	1	0.06714541218929884	4
LLGL2	0	-0.07057957816344251	2
LMAN1	0	0.06106496141924385	2
LMAN2	0	-0.039724456105623855	2
LMAN2L	1	0.10385055799026141	3
LMBRD1	0	-0.18055565529142287	0
LMBRD2	0	0.006833484009194623	2
LMCD1	0	-0.012158285727561119	2
LMF1	0	-0.40799932697486374	0
LMF2	0	0.012070895022641479	2
LMNA	1	0.139035335925572	4
LMNB1	1	0.028504090342168564	3
LMNB2	1	0.12119106608126981	3
LMO4	0	-0.12505130440436507	1
LMO7	0	-0.0847385040174397	0
LMOD1	0	-0.0759162155889076	0
LMTK2	1	-0.04335671885623078	3
LNPEP	0	-0.03623313161304759	1
LNPK	0	-0.025858154867819054	2
LONP1	0	-0.10488498446273505	0
LONP2	0	-0.24042456344108426	0
LOX	0	-0.05566577165137493	1
LOXL1	0	-0.11903949813765566	0
LOXL2	0	-0.0764148408657381	2
LOXL3	0	-0.24174705819133874	0
LPA	0	-0.28894542240713156	0
LPCAT1	0	-0.005720788243072438	2
LPCAT2	0	-0.07551020790948017	1
LPCAT3	0	-0.0484896448487161	2
LPCAT4	0	-0.20473781955891748	0
LPGAT1	1	0.004477694687325817	3
LPIN1	0	-0.22603457501155008	0
LPIN2	0	-0.16535758454830649	0
LPIN3	0	-0.3474568970923458	0
LPP	0	-0.019257678851000475	2
LPXN	1	-0.019526023551038718	3
LRBA	0	-0.0073147762371677	1
LRCH1	0	-0.14562352655794647	0
LRCH2	0	-0.14274517781673723	1
LRCH3	0	-0.2158015587863918	0
LRCH4	0	-0.12099147066339806	0
LRG1	0	-0.0888125668190516	2
LRIF1	0	-0.3024690268691592	0
LRMDA	0	-0.11748456776735505	0
LRP1	1	0.0686032538765098	3
LRP10	1	-0.0026162402261603436	3
LRP2	0	-0.20218592039115704	1
LRPAP1	0	-0.15422433544939612	1
LRPPRC	0	-0.17891421503254015	1
LRRC1	0	-0.04158505567730692	2
LRRC14	0	-0.2060764144420558	0
LRRC17	0	-0.21439434453936568	0
LRRC20	0	-0.15229626566988563	1
LRRC25	0	-0.2504625855233484	0
LRRC32	0	-0.30323946724429224	0
LRRC40	0	-0.12847221231801248	0
LRRC41	0	-0.11815677928151525	0
LRRC42	0	-0.42386372091190117	1
LRRC45	0	-0.3527486234900625	1
LRRC47	0	-0.15739478530353382	0
LRRC57	0	-0.1134024390988885	0
LRRC59	0	0.07298057167281263	2
LRRC8A	0	-0.12131699354771726	2
LRRC8C	0	-0.054965313003607054	1
LRRC8D	0	-0.0731411913565975	2
LRRFIP1	0	-0.09832522118437978	2
LRRFIP2	0	-0.003445464775416701	2
LRRK2	0	-0.09880274074218931	0
LRSAM1	0	-0.21505718758807543	0
LRWD1	0	-0.20355897395166048	0
LSG1	0	-0.13918247665189035	1
LSM1	0	-0.3324072213541729	0
LSM12	0	-0.27455198677052406	0
LSM14A	0	-0.16059096936289716	0
LSM14B	0	-0.18913662934240885	0
LSM2	0	-0.16530115817931473	0
LSM3	0	-0.3027033436491917	0
LSM4	0	-0.21305952062843825	0
LSM5	0	-0.18172415258945723	2
LSM6	1	0.027890208173651936	3
LSM7	0	-0.21829365136658038	0
LSM8	0	-0.060080781330391034	1
LSP1	0	-0.06632328071954881	1
LSR	0	-0.04895905598905932	1
LSS	0	-0.149785305797487	0
LTA4H	0	-0.1601757197969281	0
LTBP1	0	-0.0800513530843057	0
LTBP2	0	0.01838044729770877	1
LTBP3	0	-0.13550583202137564	1
LTBP4	0	-0.03080180229138052	2
LTF	0	-0.0948631492362481	1
LTN1	0	-0.046005847877281264	2
LTV1	0	-0.2366776739894117	0
LUC7L	0	-0.09048574173513135	0
LUC7L3	0	0.02198396973641576	2
LUM	1	0.07090648734268008	3
LUZP1	0	-0.048749074496193236	1
LXN	0	-0.034745857910646445	2
LY6E	0	-0.16040230443811684	0
LY75	0	-0.05910531371902468	0
LYAR	0	-0.0716659557988599	2
LYN	0	-0.04044015699477198	1
LYPLA1	0	-0.049422227753230616	2
LYPLA2	0	-0.1459484238646039	0
LYPLAL1	0	-0.2277591145639389	0
LYRM1	0	-0.16462239547467558	0
LYRM2	0	-0.14786478667173586	0
LYRM4	0	-0.21895667554786255	1
LYRM7	0	-0.17871232378351531	1
LYRM9	0	-0.12403641749291709	1
LYSMD1	0	-0.247912837676521	1
LYSMD2	0	-0.18163688766136107	0
LYSMD3	0	-0.4343738406079999	0
LYST	0	-0.2837129199253928	1
LYVE1	0	-0.07828468666612576	2
LYZ	0	-0.15364263843614975	0
LZIC	0	-0.07438838094279263	1
LZTFL1	0	-0.049664518449354315	0
LZTR1	0	-0.2502092051567063	0
LZTS2	0	-0.2796328188644005	1
LZTS3	0	-0.1379344989452878	1
M6PR	0	-0.07447015932568873	1
MACF1	0	-0.17284229064410994	0
MACO1	0	0.009257260997984258	2
MACROD1	0	-0.032424159937923226	1
MACROD2	0	-0.014246523625850983	2
MAD1L1	0	0.009378565963275437	2
MAD2L1	0	-0.08554542888260921	1
MAD2L1BP	0	-0.1459839609377879	1
MADD	0	-0.24393985091975173	0
MAEA	0	-0.25001074981348875	0
MAF1	0	-0.1980866830919487	0
MAFF	0	-0.17995590320361637	1
MAFG	0	-0.11838723238491522	1
MAGED1	0	-0.05329297366750062	1
MAGED2	1	-0.011063915135049179	3
MAGI1	0	-0.01604198585492732	2
MAGI3	0	-0.1798501763936227	1
MAGT1	0	-0.0043634804378290745	2
MAIP1	0	-0.10839303790937145	1
MAK16	0	-0.1073978412883719	1
MALT1	0	-0.08952019516336358	1
MAMDC2	0	-0.024206974764471534	1
MAML1	0	-0.2869673429969891	0
MAML2	0	-0.1652680063312085	0
MAML3	0	-0.1880807130807035	0
MAN1A1	0	-0.17116667476849884	0
MAN1A2	0	0.029973514866164164	2
MAN1B1	1	0.05056629550981674	3
MAN1C1	0	-0.4091977514943628	1
MAN2A1	1	0.0394847375751327	3
MAN2A2	0	-0.07723773669842575	1
MAN2B1	0	-0.1540646737659282	1
MAN2B2	0	-0.16644321895728267	2
MAN2C1	0	-0.09171670929834785	1
MANBA	0	-0.1635821827293022	0
MANBAL	0	-0.15512299830382487	1
MANEA	0	-0.3571687168787366	0
MANF	0	-0.24916261237059026	0
MAOA	0	-0.030562511604568965	1
MAOB	0	-0.01720801815778204	2
MAP1A	0	0.01721432442590982	2
MAP1B	0	0.008103921861228542	1
MAP1S	0	-0.1645851548952091	1
MAP2	0	-0.034317538416787294	1
MAP2K1	0	-0.14164392952773178	0
MAP2K2	0	-0.2493355255223396	0
MAP2K3	0	-0.11802694591863772	1
MAP2K4	0	-0.08677988799007638	0
MAP2K5	0	-0.10689525864285651	1
MAP2K6	0	-0.20358188922851422	0
MAP2K7	0	-0.2060911816986462	0
MAP3K11	0	-0.29618943903987843	0
MAP3K2	0	-0.21567363292854136	0
MAP3K20	0	-0.11375270417959263	0
MAP3K3	0	-0.0685933977785997	2
MAP3K4	0	-0.23956196091388154	0
MAP3K5	0	-0.04356293320467926	1
MAP3K6	0	-0.11865204440750694	0
MAP3K7	0	-0.22607493431636816	1
MAP4	0	-0.012057094320000178	2
MAP4K2	0	-0.16614509474173045	0
MAP4K3	0	-0.20520674882401133	0
MAP4K4	0	-0.054386034395962055	1
MAP4K5	0	-0.07224024924979328	1
MAP6	0	-0.09947540275302531	0
MAP7	0	-0.07545568258690184	0
MAP7D1	0	-0.12054448967767768	1
MAP7D3	0	-0.2924487075797858	0
MAP9	0	-0.18726211787211008	0
MAPK1	0	-0.0514754829989764	1
MAPK12	0	-0.09555461335745782	1
MAPK13	0	-0.10789008560970256	2
MAPK14	0	-0.00519972228485196	2
MAPK3	0	-0.08406744535037264	1
MAPK7	0	-0.23674423720249377	0
MAPK8	0	-0.26483685034249727	0
MAPK8IP3	0	-0.11269134872602786	1
MAPK9	0	-0.011001447183209978	2
MAPKAP1	0	-0.26583220301220173	0
MAPKAPK2	0	-0.011197794632901168	2
MAPKAPK3	0	-0.04278221083412932	1
MAPKBP1	0	-0.3639455450886387	0
MAPRE1	0	-0.22164296233147204	0
MAPRE2	0	-0.06668334526112554	0
MAPRE3	0	-0.027467314394599585	1
MAPT	0	-0.06073174788162319	1
MARCKS	0	-0.12010864512081301	1
MARCKSL1	0	-0.08920644354041914	0
MARF1	0	-0.2640152712401299	0
MARK1	0	-0.1676205907849	0
MARK2	0	-0.1625570559866501	1
MARK3	0	-0.24697134402926735	0
MARS2	0	-0.16246168040278633	0
MASP1	0	-0.18409919515091613	0
MASP2	0	-0.126420300926154	2
MAST2	0	-0.19014678775154384	1
MAST3	0	-0.2294939482050605	0
MAST4	0	-0.16690709948167481	0
MAT2A	0	-0.05357898887817062	2
MAT2B	0	-0.12367046124677375	1
MATN2	0	-0.10785767316103816	1
MATR3	0	-0.01705075917307726	2
MAU2	0	-0.16429643648051678	0
MAVS	0	-0.026846133482504857	2
MAX	0	-0.07750180597743919	1
MAZ	1	-0.012649578855355078	3
MB	0	-0.09597609232528319	1
MB21D2	0	-0.14952086394244962	0
MBD1	0	-0.0167175273348324	2
MBD2	0	-0.10912112837001756	2
MBD3	0	0.0048549405169906	2
MBD4	0	-0.36587750130734314	0
MBIP	0	-0.24137298198973461	0
MBL2	0	-0.265492669943761	1
MBLAC1	0	-0.2913846164064988	0
MBLAC2	0	-0.1260915966517564	0
MBNL1	0	-0.008921239334564882	1
MBNL2	0	-0.0021728692781148363	1
MBNL3	1	0.027153225522050232	3
MBOAT2	0	-0.11671814879252237	1
MBOAT7	1	0.10791000296784496	3
MBP	0	-0.040330974589156736	2
MCAM	0	-0.03094041798401872	1
MCAT	0	-0.19851387047771624	0
MCC	0	-0.10462120880772281	1
MCCC1	0	-0.11121179734029259	0
MCCC2	0	-0.20527405961562667	1
MCEE	0	-0.15060357627447135	0
MCF2L	0	-0.09239807692234746	0
MCFD2	0	-0.13415454410796745	0
MCL1	0	-0.30520937030140705	0
MCM2	0	-0.12401395035264558	1
MCM3	0	-0.09173018921296199	2
MCM3AP	0	-0.20577074742604284	1
MCM4	0	-0.06707244212395953	0
MCM5	0	-0.10787109319946772	1
MCM6	0	-0.10081155872537728	2
MCM7	0	-0.1302396737952427	1
MCMBP	0	-0.09277948197791828	1
MCRIP1	0	-0.11924274562419587	0
MCRIP2	0	-0.3479178233274456	0
MCRS1	0	-0.11201114479902616	1
MCTS1	0	-0.0947654619085843	1
MCU	0	-0.022001002990947798	1
MCUB	0	-0.1349051456920527	1
MCUR1	0	-0.11844467577952597	2
MDC1	0	-0.04446263135575852	1
MDH1	1	0.004627788563064619	3
MDH2	0	-0.09140161877421857	0
MDK	0	-0.1115647335287329	1
MDM1	0	-0.12856848329903742	1
MDN1	0	-0.03844465923133818	2
ME1	0	-0.038723334979745686	2
ME2	0	-0.12749036449024187	0
ME3	0	-0.12597421201750575	2
MEA1	0	-0.19324768488385763	0
MEAF6	0	-0.19499442240431525	0
MEAK7	0	-0.21226929002172884	0
MECOM	0	-0.1798883653254392	1
MECP2	1	-0.014720228675001168	3
MECR	0	-0.1930096439971879	0
MED1	0	-0.014821933280265997	1
MED10	0	-0.2510821305958492	1
MED11	0	-0.18521582434981393	1
MED12	0	-0.17125400602754395	1
MED13	0	-0.23727921747619818	0
MED13L	0	-0.3330757181414804	0
MED14	0	-0.06881464314514407	2
MED15	0	-0.19233964681955257	1
MED16	0	-0.016622657619564305	2
MED17	0	-0.23914268679251385	1
MED18	0	-0.01393776510268962	1
MED20	0	-0.22311296392669494	0
MED21	0	-0.14338003109170158	1
MED22	0	-0.10870685464467526	1
MED23	1	-0.01581866261222106	3
MED24	0	-0.009487804347763617	2
MED25	0	-0.2023101032998223	0
MED26	0	-0.4390616865112401	0
MED27	0	-0.20137518944654326	1
MED28	0	-0.21141933260378262	0
MED29	0	-0.1507428025697027	0
MED30	0	-0.2640644008007635	1
MED31	0	-0.5318791284335334	0
MED4	0	-0.23531226027907576	1
MED6	0	-0.017630470076954185	2
MED7	0	-0.24137465377151127	0
MED8	1	0.05543574055012322	3
MED9	0	-0.5402998410336259	0
MEF2A	1	-0.013754296417207235	3
MEF2C	0	-0.15513616684203663	0
MEF2D	1	-0.0795215623737168	3
MEGF8	0	-0.19604273958169477	1
MEGF9	0	-0.2818537827815925	0
MEIS1	0	-0.06332486535909274	1
MELTF	0	-0.0056000474681932606	2
MEMO1	0	-0.17072511556907125	1
MEN1	1	0.06681077007796632	3
MEPCE	0	-0.0005066693414537235	2
MERTK	0	-0.43236430058462594	0
MESD	0	-0.21546373973049118	0
MEST	0	-0.22282016661459333	1
MET	0	-0.06538181781875582	1
METAP1	0	-0.1835842834056443	0
METAP1D	0	-0.27988893524891845	0
METAP2	0	-0.14361004169807354	1
METTL1	0	-0.21170431904083215	0
METTL14	0	-0.16120661372272757	0
METTL15	0	-0.23469428042910906	0
METTL16	0	-0.18972183291340494	0
METTL17	0	-0.2882518051632564	0
METTL26	0	-0.07641530251520846	1
METTL2B	0	-0.04584565232494324	2
METTL3	0	-0.18223636697187634	1
METTL5	0	-0.1855618478567159	1
METTL7A	0	-0.0779225922869839	1
METTL7B	0	0.023220868550013336	1
METTL9	0	-0.20135661005704636	1
MFAP1	0	-0.06880256244125896	2
MFAP2	0	-0.2017265781461975	0
MFAP4	0	-0.07323148359139053	2
MFAP5	0	-0.07208610319378299	2
MFF	0	-0.02227292161562338	2
MFGE8	1	0.00010900663149196466	3
MFHAS1	0	-0.5831864157603711	0
MFN1	0	-0.12265778690501336	1
MFN2	0	-0.14754017787402515	0
MFSD10	0	-0.058218772605853654	2
MFSD4B	0	-0.752330761848857	0
MFSD6	0	-0.09717401028426875	1
MGA	0	-0.10420429589469452	2
MGAM	0	-0.09649866695819406	2
MGAT1	0	0.05260265513190858	2
MGAT2	0	-0.11012450575739288	1
MGAT5	0	-0.2989691717579109	1
MGLL	0	-0.09869847283970996	0
MGME1	0	-0.14825769982041875	0
MGMT	0	-0.08667243852891582	1
MGP	0	-0.09569881382891553	1
MGRN1	0	-0.2000601110002515	1
MGST1	1	0.014549835645097786	3
MGST2	0	-0.16450234386208445	1
MGST3	0	-0.03892878214651212	1
MIA2	1	0.03546522812937888	3
MIA3	1	0.0916451035736719	4
MIB1	0	-0.2381362612704765	0
MIB2	0	-0.09021386348301078	1
MICAL1	0	-0.14472963955452217	0
MICAL2	0	-0.1397553286240834	0
MICAL3	0	-0.06955981896943367	1
MICALL1	0	-0.05539508137277056	1
MICALL2	0	-0.04250363534195504	1
MICU1	0	-0.006282676194110798	2
MICU2	0	-0.1845691538410942	2
MID1	0	-0.08778145646498646	0
MID1IP1	0	-0.31524509066350026	0
MID2	0	-0.15772076329868592	1
MIEF1	0	-0.21811370542150418	0
MIEN1	0	-0.10349989485226208	0
MIER1	0	-0.048359799690651004	2
MIF	0	0.04893156772001638	1
MIF4GD	0	-0.1708123651376776	0
MIGA1	0	-0.4709708296546518	1
MIGA2	0	-0.7075772755109242	1
MINDY1	0	-0.07795045263391064	2
MINDY2	0	-0.2284630921594502	1
MINDY3	0	-0.17353094077107833	0
MINDY4	0	-0.3818310131607608	0
MINK1	0	-0.09130367201078449	2
MINPP1	0	-0.21438728451672523	0
MIOS	0	-0.02321943889995402	2
MIPEP	0	-0.10053591861409525	0
MIS12	0	-0.10908292322439797	2
MISP3	0	-0.09530270191563397	1
MITD1	0	-0.5216985446057129	0
MITF	0	-0.1820827901673276	1
MKI67	0	-0.14515318231930435	1
MKLN1	0	-0.16367400369858046	0
MKNK1	0	-0.13576478176994664	0
MKRN1	0	-0.12356786225747936	1
MKRN2	0	-0.10818317708686791	2
MLEC	1	0.1120560717322677	3
MLF2	0	-0.2103362018946969	0
MLH1	0	-0.08945164015879396	0
MLKL	0	-0.05781536573234969	1
MLLT1	0	-0.19930897179016246	0
MLLT6	0	-0.29921729905925665	0
MLST8	0	-0.13533369097475692	2
MLX	0	-0.22266722745120499	0
MLXIP	0	-0.38535598599381204	0
MLYCD	0	-0.10148783193953521	1
MMAA	0	-0.22813890032745926	0
MMAB	0	-0.16344680079541762	0
MMADHC	0	-0.5361850112855044	0
MME	0	-0.12807206092443618	1
MMGT1	0	-0.01675754494163518	2
MMP14	0	-0.0033877872191234782	2
MMP19	0	-0.4532792852849643	1
MMP2	0	-0.06569491288238104	0
MMP24OS	0	-0.575607198234932	0
MMP7	0	-0.09853281094717846	0
MMP8	0	-0.10247253704369552	2
MMP9	0	-0.04038870224014969	1
MMRN1	0	-0.18589030745909424	0
MMRN2	0	-0.08790040213526215	1
MMS19	1	-0.004345487718428939	3
MNAT1	0	-0.15577182291107503	1
MNDA	0	-0.05543473678081958	2
MNT	0	-0.5008860923214759	1
MOB1A	0	-0.1612816891743573	0
MOB2	0	-0.11566642200467929	1
MOB3A	0	-0.25581870551876085	1
MOB3B	0	-0.0679644236096681	0
MOB3C	0	-0.19352200735039812	0
MOB4	0	-0.04267171232466492	2
MOCS1	0	-0.0988110070281925	2
MOCS2	0	-0.12832675089100484	1
MOCS3	0	-0.10932920734326593	1
MOGS	0	0.030278266827644295	2
MON1A	0	-0.38962384610756506	0
MON1B	0	-0.20481277903156386	0
MON2	0	-0.035860562594466884	2
MORC2	0	-0.1189205718323509	1
MORC3	0	-0.14301380243557565	1
MORF4L1	0	-0.030973601442790637	2
MORF4L2	0	-0.14137648342941073	0
MOSPD2	1	0.04829302792376653	3
MOV10	0	-0.2128886782425389	0
MOXD1	0	-0.0881726001704894	1
MPC2	0	-0.03425489809650107	2
MPDU1	0	-0.020163814815491614	2
MPDZ	0	-0.17706191066888088	0
MPG	0	-0.08104211376641443	1
MPHOSPH10	0	-0.10008492372880831	1
MPHOSPH6	0	-0.1179708679179143	1
MPHOSPH8	0	-0.12509017211936174	2
MPI	0	-0.0693696585198565	2
MPLKIP	0	-0.2765302855494307	0
MPO	0	-0.07522026924144157	2
MPP1	0	-0.07706712785788762	1
MPP2	0	-0.3091541849225886	0
MPP5	0	-0.12508706775059258	1
MPP6	0	-0.08198499124780062	1
MPP7	0	-0.04438476996273368	1
MPRIP	0	-0.024087456845893872	2
MPST	1	0.030002584938448162	3
MPV17	0	-0.14769337036609356	1
MPZL1	0	-0.12883983331036533	1
MRAS	0	-0.17790783609277724	1
MRC1	0	-0.03346557688417922	1
MRC2	0	0.01618145192352906	2
MRE11	0	-0.19483392413326964	0
MRGBP	0	-0.38972351755618206	0
MRI1	0	-0.22792397109012005	0
MRM1	0	-0.281443774774493	0
MRM3	0	-0.19401023905375964	1
MRNIP	0	-0.23619509594735222	0
MROH1	0	-0.13380558223449848	0
MRPL1	0	-0.20777790838216198	1
MRPL10	0	-0.2254578643919472	0
MRPL11	0	-0.3152717413824897	0
MRPL12	0	-0.3160316073289846	0
MRPL13	0	-0.3746866068468087	0
MRPL14	0	-0.4522479409940926	0
MRPL15	0	-0.3118336948525489	0
MRPL16	0	-0.37555531277977205	0
MRPL17	0	-0.27458205678389314	1
MRPL18	0	-0.4355033685191911	0
MRPL19	0	-0.33253965488317927	0
MRPL2	0	-0.21454823387022276	0
MRPL20	0	-0.22987129415091695	0
MRPL21	0	-0.37151696793677236	0
MRPL22	0	-0.26939733259535037	0
MRPL23	0	-0.2821840714234415	0
MRPL24	0	-0.3397964997489623	0
MRPL27	0	-0.31397822602983283	0
MRPL28	0	-0.3321173599466818	0
MRPL3	0	-0.3676607565862387	0
MRPL30	0	-0.23470214784076032	0
MRPL32	0	-0.26334894432723377	1
MRPL33	0	-0.4570554563703075	0
MRPL34	0	-0.27461457125429695	0
MRPL35	0	-0.24860683877697093	0
MRPL37	0	-0.3860735504091302	0
MRPL38	0	-0.35993508211218084	0
MRPL39	0	-0.3383440101005639	0
MRPL4	0	-0.35266922308914417	0
MRPL40	0	-0.36243299151079345	0
MRPL41	0	-0.3984489790178646	0
MRPL42	0	-0.1683162939838004	1
MRPL43	0	-0.314121830371608	0
MRPL44	0	-0.38192026626500375	0
MRPL45	0	-0.30956895138144436	0
MRPL46	0	-0.25935227804910765	0
MRPL47	0	-0.15799210889382503	0
MRPL48	0	-0.3742530060496515	0
MRPL49	0	-0.2799118173003094	0
MRPL50	0	-0.21938702546503874	0
MRPL51	0	-0.32021971267234595	0
MRPL52	0	-0.2553574859585779	0
MRPL53	0	-0.3694669326370613	0
MRPL54	0	-0.14923932849717808	0
MRPL55	0	-0.3754988297451037	0
MRPL58	0	-0.3012052283377562	0
MRPL9	0	-0.3748538215011101	0
MRPS10	0	-0.15569044364818643	0
MRPS11	0	-0.20282466494050572	0
MRPS12	0	-0.16550099092303674	0
MRPS14	0	-0.15398381492241797	1
MRPS15	0	-0.18576574433978268	0
MRPS16	0	-0.28034617694350905	0
MRPS17	0	-0.23258941636147848	0
MRPS18A	0	-0.3463486333770004	0
MRPS18B	0	-0.1543421761264694	0
MRPS18C	0	-0.3252329167041804	0
MRPS2	0	-0.26975895828195084	0
MRPS21	0	-0.241359971940869	0
MRPS22	0	-0.18028002029010515	0
MRPS23	0	-0.15200528093148988	1
MRPS24	0	-0.29039639640610376	0
MRPS25	0	-0.27056746396577835	1
MRPS26	0	-0.1764253308510944	1
MRPS27	0	-0.18168482851584797	2
MRPS28	0	-0.12291187070834961	2
MRPS30	0	-0.3149103218285937	0
MRPS31	0	-0.2466845447130223	0
MRPS33	0	-0.1711921893191294	0
MRPS34	0	-0.13154099208138817	1
MRPS35	0	-0.28971303034538104	0
MRPS36	0	-0.15274648654968304	1
MRPS5	0	-0.12202155696706085	2
MRPS6	0	-0.1469122732287192	0
MRPS7	0	-0.2237592380059524	1
MRPS9	0	-0.2122084269964243	1
MRRF	0	-0.21331346952314237	0
MRTFA	0	-0.14414833748803138	1
MRTFB	0	-0.11643301062140954	0
MRTO4	0	-0.08936596997089598	1
MSANTD2	0	-0.4502874802476103	0
MSH2	0	-0.13352267872422569	1
MSH3	0	-0.19484315588146556	1
MSH6	0	-0.0933502441029645	1
MSI1	0	-0.19806130371020644	0
MSI2	0	-0.06704327581279397	2
MSL1	0	-0.3202674201349727	0
MSL2	0	-0.5443862944817879	0
MSMO1	0	-0.10004260441307451	1
MSN	0	-0.15841322980268194	1
MSR1	0	-0.10667762460147975	0
MSRA	0	-0.12575950231172323	0
MSRB1	0	-0.7817936478274579	0
MSRB2	0	-0.018817280142876196	1
MSRB3	0	-0.06060060208766632	0
MST1	0	-0.08495984533704058	1
MSTO1	0	-0.20822926920862783	0
MT1E	0	-0.06403018589711887	1
MT1F	0	-0.09109079002819276	0
MT1X	0	-0.028063241204283586	2
MT2A	0	-0.08061683020765367	1
MTA1	0	-0.06099729257604791	2
MTA2	0	-0.13131713859479335	0
MTA3	0	-0.035389070301089995	1
MTAP	0	0.03122518947110376	2
MTCH1	0	-0.011418742036560578	2
MTCH2	0	-0.02904484673564211	2
MTCL1	0	-0.16598754358867387	1
MTDH	0	-0.012617319994631485	1
MTERF3	0	-0.28054761321527655	1
MTERF4	0	-0.1522879915247404	0
MTFMT	0	-0.21749178524954163	0
MTFR1	0	-0.11744701822752042	1
MTFR1L	0	-0.11075417507584669	0
MTG1	0	-0.3450027207523391	0
MTG2	0	-0.22976544856871448	0
MTHFD1	0	-0.14705789376150352	0
MTHFD1L	0	-0.19950911727246012	0
MTHFD2	0	-0.16031892618660426	0
MTHFR	0	-0.1820291100261336	0
MTHFS	0	-0.18980772856737027	0
MTHFSD	0	-0.3107997289105445	0
MTIF2	0	-0.21642073804428952	0
MTIF3	0	-0.15560770392059803	0
MTM1	0	-0.1232005980437894	0
MTMR1	0	-0.06514814363517854	1
MTMR10	0	-0.11716065220483118	0
MTMR11	0	-0.548607741148349	0
MTMR12	0	-0.06470880253037026	2
MTMR14	0	-0.21414202660713566	0
MTMR2	0	-0.0751852549305491	1
MTMR3	0	-0.17482145774050148	1
MTMR6	0	-0.17747392609329923	0
MTMR9	0	-0.25602169711889716	0
MTO1	0	-0.3129357755398351	0
MTOR	1	-0.007662227624091657	4
MTPAP	0	-0.11099552421637929	0
MTPN	0	-0.09352351264715711	2
MTR	0	-0.06334537012062422	2
MTREX	1	0.043916327562146626	3
MTRF1	0	-0.388484451408761	0
MTRF1L	0	-0.46551025793417866	0
MTRR	0	-0.1668461634364725	0
MTSS1	0	-0.17197784396088833	1
MTURN	0	-0.11848772456374132	1
MTUS1	0	-0.13099968588883928	0
MTX1	0	0.02279477507510082	2
MTX2	0	-0.08121730238367145	0
MTX3	0	-0.15143081822618037	0
MUC1	0	-0.2323883136566658	0
MUL1	0	-0.2651617552318001	0
MVB12A	0	-0.2606134855443209	0
MVB12B	0	-0.4213799868178659	0
MVD	0	-0.18120071292479892	0
MVK	0	-0.11222123664737285	1
MVP	0	-0.07882147870589115	0
MX1	0	-0.07232675128139443	0
MX2	0	-0.09040500168447821	0
MXRA5	0	-0.06450033096764678	0
MXRA7	0	-0.11107235123649328	0
MXRA8	0	-0.22371132215861875	0
MYADM	0	-0.2742965525898356	0
MYBBP1A	1	0.07148838553246317	3
MYCBP	0	-0.18418118197913527	1
MYCBP2	0	-0.03400168401511466	2
MYD88	0	-0.3391147605553327	0
MYDGF	0	-0.19828582430610814	0
MYEF2	0	-0.09044658000751013	0
MYH10	0	-0.053356923465376106	2
MYH11	0	-0.06642086067720414	0
MYH14	0	-0.03564481708304668	1
MYH9	0	-0.04592091149053914	2
MYL12A	0	-0.01975700341399058	2
MYL4	0	-0.07744758958404806	1
MYL6	0	0.024891704143159398	2
MYL6B	1	-0.06916763396711689	3
MYL9	0	-0.04910550497984196	2
MYLK	0	-0.01591865207790594	2
MYO10	0	-0.06368787845557139	1
MYO18A	0	-0.05536676792105526	2
MYO19	0	-0.22542713459066405	0
MYO1B	0	-0.04768917797870469	2
MYO1C	1	0.1006482431077961	4
MYO1D	1	0.07412092397126582	3
MYO1E	0	-0.020983333615620256	2
MYO1F	0	-0.04799295758412906	2
MYO1G	0	-0.05165479304977866	0
MYO5A	0	-0.07186750114690131	2
MYO5B	0	-0.05115437642417052	1
MYO5C	0	-0.03570622410658841	2
MYO6	0	-0.04635544577172728	1
MYO9A	0	-0.1662234941495512	0
MYO9B	0	-0.10817082203997472	1
MYOF	0	-0.10392117900204616	1
MYSM1	0	-0.5980035460409339	0
MZB1	0	-0.08511407456020627	0
MZT1	0	-0.17967857124206207	1
MZT2B	0	-0.3406415852728094	0
N4BP1	0	-0.149156130337638	0
N4BP2	0	-0.1494949908739968	1
N4BP2L1	0	-0.182596483857643	1
N4BP2L2	0	-0.07397060043899742	1
N6AMT1	0	-0.21361436958498037	1
NAA10	1	0.06950151933990471	3
NAA15	0	-0.03253821866902593	2
NAA16	1	-0.13121235998213998	3
NAA20	0	-0.3893457397011007	1
NAA25	0	-0.09570658963279577	1
NAA30	0	-0.2537432883865957	0
NAA35	0	-0.21495112705488034	1
NAA38	0	-0.33980068222250603	0
NAA40	0	-0.11256162288757712	1
NAA50	0	-0.08613611775811277	2
NAA80	0	-0.21635600119396928	0
NAAA	0	-0.12930075514669523	0
NAALADL2	0	-0.09904651533275297	0
NAB1	0	-0.2599702111403638	0
NAB2	0	-0.16181972208006443	1
NABP2	0	-0.15099555003257115	2
NACA	0	-0.06322988208834858	2
NACC1	0	-0.061283704806159744	1
NADK	0	-0.2156341407140269	0
NADK2	0	-0.1769368271710626	0
NADSYN1	0	-0.2820579659809481	0
NAE1	0	-0.22490945207084131	0
NAF1	0	-0.24346450377458514	1
NAGA	0	-0.14681246060928438	1
NAGK	0	-0.26461798929836655	0
NAGLU	0	-0.18364408271338947	1
NAGPA	0	-0.38785657810270613	0
NAIP	0	-0.0795194717209379	1
NAMPT	0	-0.0649822394640832	0
NANP	0	-0.12893478040449174	1
NANS	0	-0.06312175743658313	1
NAP1L1	0	-0.0060222836903572165	2
NAP1L4	0	-0.1163615966673559	2
NAPA	0	-0.15673585405911972	0
NAPB	0	-0.20340549334097982	0
NAPEPLD	0	-0.07845252903463155	1
NAPG	0	-0.09927333134052571	0
NAPRT	0	-0.03161344064568254	1
NARF	0	-0.14083764395696113	1
NARS2	0	-0.18822945834290192	0
NASP	1	0.025964796553512824	3
NAT1	0	-0.20510613640131034	0
NAT10	1	0.07008342648003876	4
NAT14	0	-0.08099342597925138	1
NAV1	0	-0.03510188484960364	1
NAV2	0	-0.21607521865343013	0
NAXD	1	0.07095339306113918	4
NAXE	0	-0.036153881587155434	1
NBAS	0	-0.25401898425401287	0
NBDY	0	-0.14512445467839535	0
NBEA	0	-0.1440880050998785	0
NBEAL1	1	0.02121792784585764	4
NBEAL2	0	-0.06048859187052297	1
NBN	0	-0.26879246152844843	0
NBR1	0	-0.12450560295037538	0
NCALD	0	-0.09106405531098202	1
NCAM1	0	-0.09812528711531046	0
NCAPD2	0	-0.13960573635757514	0
NCAPD3	0	-0.18018979744237598	1
NCAPG	0	-0.10174733322220657	2
NCAPG2	0	-0.1364117878120906	1
NCAPH	0	-0.17559418159997198	0
NCAPH2	0	-0.2051050615126564	0
NCBP1	0	-0.024045749772536158	2
NCBP2	0	0.031643955473737294	2
NCBP3	0	-0.10029891644317782	1
NCDN	0	-0.12270120543547047	0
NCEH1	0	0.007387514552491259	2
NCF1	0	-0.02237659969751902	2
NCF2	0	-0.06375495243767101	0
NCF4	0	-0.07519518684031991	2
NCK1	0	-0.008705883188232021	1
NCK2	0	-0.019817131582981384	2
NCKAP1	0	-0.1293660898745295	1
NCKAP1L	0	-0.0443444359859064	2
NCKAP5L	0	-0.3614775548568041	0
NCKIPSD	0	-0.14104760193169424	0
NCL	0	-0.08774003925970023	2
NCLN	0	0.04552797106329155	2
NCOA1	0	-0.10560707762287029	1
NCOA2	0	-0.05007394871624886	1
NCOA3	0	-0.16143702398591347	1
NCOA5	0	-0.20347995772169902	0
NCOA6	0	-0.2346834813375644	0
NCOA7	0	-0.077540811866145	1
NCOR1	0	-0.163449708814447	0
NCOR2	0	-0.08869943561740178	1
NCS1	0	-0.21011150599076878	0
NCSTN	0	-0.046802863546999376	1
NDC1	1	0.020449536013163672	3
NDE1	0	-0.07145268659457645	2
NDEL1	0	-0.1978655726771865	0
NDOR1	0	-0.2832174859094763	0
NDRG1	0	-0.06999879544220286	0
NDRG2	0	-0.04589390096614874	0
NDRG3	0	-0.10759988917790234	0
NDST1	0	-0.1730151031165166	1
NDUFA1	0	-0.28706159471430975	0
NDUFA10	0	-0.2033977880646914	0
NDUFA11	0	-0.19476608697169334	1
NDUFA12	0	-0.23127828308584092	0
NDUFA13	0	-0.19117164337740533	1
NDUFA2	0	-0.19514988282919576	1
NDUFA3	0	-0.19203210445503294	1
NDUFA4	0	-0.23762631406902165	0
NDUFA4L2	0	-0.11301383666314595	0
NDUFA5	0	-0.16439716160741918	1
NDUFA6	0	-0.3266183053028309	0
NDUFA7	0	-0.15750946778801495	0
NDUFA8	0	-0.13948375046664221	2
NDUFA9	0	-0.1590205259849714	1
NDUFAB1	0	-0.15642112970365638	2
NDUFAF1	0	-0.2984445754628467	1
NDUFAF2	0	-0.2001300552450927	0
NDUFAF3	0	-0.2470964598098258	0
NDUFAF4	0	-0.10666879236948494	0
NDUFAF5	0	-0.20527525080680847	1
NDUFAF6	0	-0.20713592949618712	0
NDUFAF7	0	-0.17376477616026997	0
NDUFAF8	0	-0.29354366552452155	1
NDUFB1	0	0.0008882536063147233	2
NDUFB10	1	0.04511722381127726	4
NDUFB11	1	-0.005273760038220904	3
NDUFB2	0	-0.12222607674739386	1
NDUFB3	0	-0.11995975393822729	2
NDUFB4	0	-0.2384027840498471	0
NDUFB5	0	0.019603735419135064	2
NDUFB6	0	-0.1132750460507613	1
NDUFB7	0	-0.1475987560397611	1
NDUFB8	1	-0.00408054035671236	3
NDUFB9	0	-0.09443248364421805	2
NDUFC1	0	-0.3861044220047666	1
NDUFC2	0	-0.15318472238366726	1
NDUFS1	0	-0.28147609890826775	0
NDUFS2	0	-0.1188435371839119	0
NDUFS3	0	-0.20932893419404133	0
NDUFS4	0	-0.24946406052643494	0
NDUFS5	0	-0.26974290486419006	0
NDUFS6	0	-0.23277057702721032	1
NDUFS7	0	-0.29907955733729025	0
NDUFS8	0	-0.2768723269722939	0
NDUFV1	0	-0.21833015116985735	0
NDUFV2	0	-0.11069179804343254	0
NDUFV3	0	-0.3430081207545315	0
NEBL	0	0.0047166144812953205	2
NECAP1	0	-0.096576823747562	1
NECAP2	0	-0.12146871346102502	1
NECTIN1	0	-0.2619424774842679	0
NECTIN2	0	-0.04433047654091498	2
NECTIN3	0	-0.2696508248078661	0
NEDD1	0	-0.222204983792893	0
NEDD4	0	-0.07921249947695037	1
NEDD4L	0	-0.0941711647933491	0
NEDD8	0	-0.07833491280479432	2
NEDD9	0	-0.18218632300677598	1
NEFL	0	-0.050513966293141276	2
NEGR1	0	-0.05636783463386076	1
NEIL2	0	-0.10039619299363141	1
NEK1	0	-0.17188777272005729	0
NEK3	0	-0.13833853906722435	1
NEK4	0	-0.22999255344157135	0
NEK6	0	-0.13004577121997962	2
NEK7	0	-0.08231199090843114	1
NEK9	0	-0.12992637714329433	0
NELFA	0	-0.02042076251759644	1
NELFB	1	-0.003122006237264101	3
NELFCD	0	-0.12736092768911447	1
NELFE	0	-0.029553543376362422	2
NEMF	0	-0.20167378230055638	0
NEMP1	0	-0.13497057778860994	1
NENF	0	-0.20300229389172803	0
NEO1	0	-0.04792860902134539	2
NEPRO	0	-0.17721959640292267	0
NES	1	0.01632355849282264	3
NEU1	0	-0.08985400856059245	1
NEURL4	0	-0.2860475493083386	0
NEXN	0	-0.05950380778203129	1
NF1	0	-0.10443878316385562	1
NF2	0	-0.030147271419693776	2
NFAT5	0	-0.1196849565439653	1
NFATC1	0	-0.024661032501622278	1
NFATC2	0	-0.06277550505145683	0
NFATC2IP	0	-0.2188781858665942	0
NFATC3	0	-0.08344900751792254	0
NFATC4	0	-0.046538466350538356	2
NFIA	1	-0.01154992947265442	3
NFIB	0	0.018110248290944198	2
NFIC	1	0.038092116177915004	3
NFIX	1	0.08079351002010211	4
NFKB1	0	-0.023539113259179924	1
NFKB2	0	-0.053224567207057885	1
NFKBIA	0	-0.16029836227148872	0
NFKBIB	0	-0.19701471282385277	2
NFKBIE	0	-0.04350177404224463	2
NFKBIL1	0	-0.21154964558492542	1
NFRKB	0	-0.19382493059435893	0
NFS1	0	-0.07258135105472772	2
NFU1	0	-0.12125030490934226	1
NFX1	0	-0.09197917727197821	1
NFXL1	0	-0.00016814969051825724	2
NFYA	0	-0.37695375773610057	0
NFYB	0	-0.1741154737656327	1
NFYC	0	0.04524563554616326	2
NGDN	0	-0.05806344401451654	1
NGLY1	0	-0.19503453006691074	0
NGRN	0	-0.32003693702101765	0
NHEJ1	1	-0.08832064316446113	3
NHLRC2	0	-0.1007278982640633	1
NHLRC3	0	-0.20588357583493583	0
NHP2	0	-0.25472430168740695	1
NHS	0	-0.10857144585330936	0
NHSL1	0	-0.1397886015110256	0
NHSL2	0	-0.13596227282608123	0
NID1	1	-0.019707114186535358	4
NID2	0	-0.06797339560404889	2
NIF3L1	1	-0.06601487089005142	3
NIFK	0	-0.09634829216427215	2
NIN	0	-0.25851886486251996	0
NINJ1	0	-0.48381261431636846	2
NIP7	0	-0.08701930564262453	1
NIPBL	0	0.0035833018068187595	2
NIPSNAP1	0	-0.15495542567142578	0
NIPSNAP2	0	-0.1035241065021093	0
NIPSNAP3A	0	-0.032242256480623524	2
NISCH	0	-0.23053974573692554	0
NIT1	0	-0.24961046060210754	0
NIT2	0	-0.07494062210180177	1
NKAP	0	-0.166256220859606	0
NKAPD1	0	-0.4780305484111166	0
NKIRAS1	0	-0.20095639400505858	0
NKIRAS2	0	-0.32384150005675516	0
NKRF	1	-0.004735819884176739	3
NKTR	0	-0.23218145942159651	1
NLE1	0	-0.17347591443690122	0
NLN	0	-0.1585690891891185	0
NLRC4	0	-0.5141770821384105	0
NLRX1	0	-0.07006891563185655	1
NMD3	0	-0.08192082104491857	2
NME1	1	-0.003320359125534816	3
NME2	1	0.03138663449183607	3
NME3	0	-0.05088859336768636	1
NME6	0	-0.2569458467775361	0
NME7	0	-0.18034036308792273	0
NMI	0	-0.08504151511633559	0
NMNAT1	0	-0.19861441355791198	0
NMNAT3	0	-0.12269167773073116	0
NMRAL1	0	-0.13911556596761604	1
NMRK1	0	-0.18572667229877568	0
NMT1	0	-0.10842170304427926	2
NMT2	0	-0.13641790809783805	0
NNMT	0	-0.0004047562865199401	2
NNT	0	0.019803093784897075	2
NOA1	0	-0.1604770074888862	0
NOB1	0	-0.1832100778097085	0
NOC2L	0	-0.04965283355164498	2
NOC3L	0	-0.10377416340744025	1
NOC4L	0	-0.19310183718117663	1
NOCT	0	-0.5793181029774163	0
NOL10	0	-0.05597095716225836	1
NOL11	1	0.021976167502344452	3
NOL12	0	-0.30773406088886784	0
NOL3	0	-0.13727438612660445	1
NOL4L	0	-0.21515947374971992	0
NOL6	0	-0.1169060133549904	1
NOL7	0	-0.3055753684703187	0
NOL8	0	-0.11107340221765342	1
NOL9	0	-0.0915916787855594	1
NOLC1	0	0.01240141318299622	2
NOM1	0	-0.10941231283633135	1
NONO	0	-0.08149632886440614	1
NOP10	0	-0.2363823253008849	0
NOP14	0	-0.04948406508959831	2
NOP16	0	-0.17719199539120564	0
NOP2	0	0.0033279141895820514	2
NOP53	0	-0.3656348054227096	0
NOP56	0	-0.16762619508934928	1
NOP58	0	-0.1347068857744465	1
NOP9	0	-0.1793598075006	1
NOS1AP	0	-0.20883215490215573	0
NOS3	0	-0.17385517838235934	0
NOSIP	0	-0.04915892996298923	1
NOSTRIN	0	-0.09719007507439742	1
NOTCH1	0	-0.18339242262480038	0
NOTCH2	0	-0.039110939452236045	0
NOTCH3	0	-0.030003460012658283	2
NOVA2	0	-0.019780579059401643	1
NPC1	0	-0.03958568901192862	2
NPC2	0	-0.09765534472213264	2
NPEPL1	0	-0.09888312533879655	0
NPEPPS	0	-0.10049078206778986	2
NPL	0	-0.05735685101229696	2
NPLOC4	0	-0.26557159514482903	0
NPM1	0	-0.08325814174325309	1
NPM3	0	-0.07757986567162292	2
NPNT	0	-0.09702676014576435	0
NPRL2	0	-0.41701560922753844	0
NPRL3	0	-0.2390267019572177	0
NPTN	0	0.005093336077120663	1
NPY	0	-0.24773782428958507	0
NQO1	0	-0.21981671776667983	0
NQO2	0	-0.09961133915672027	1
NR1H2	0	-0.6108656927009845	0
NR2C2	0	-0.01285410143396932	1
NR2C2AP	0	-0.21776900874761912	1
NR2F2	1	0.03259254814524271	3
NR2F6	0	-0.06340524827708557	1
NR3C1	0	-0.08604478295904405	0
NRAS	0	-0.10975063073771171	1
NRBF2	0	-0.10016305449774343	0
NRBP1	0	-0.11336515590434529	0
NRBP2	0	-0.029182636657965083	1
NRCAM	0	-0.13494595399395148	0
NRDC	1	0.02509987296931334	4
NRDE2	0	-0.2577652844167634	0
NRF1	0	-0.015191764408526784	2
NRGN	0	-0.13265199371328792	0
NRIP2	0	0.01878274285837396	2
NRM	0	-0.12780954044812148	2
NRP1	0	-0.1273245423128934	0
NRP2	0	-0.11717201570189814	0
NSA2	0	-0.22115199989171286	0
NSD1	0	-0.3835383795131141	0
NSD2	0	-0.16627258368644654	0
NSD3	0	-0.09509283928638186	0
NSDHL	0	-0.012563219378105617	2
NSF	0	-0.09042514830828262	2
NSFL1C	0	-0.19241868346306132	0
NSL1	0	-0.321423501143902	1
NSMAF	0	-0.15192862447121555	1
NSMCE1	0	-0.22614930526024404	0
NSMCE2	0	-0.12953550209549844	1
NSMCE3	1	0.013799962482737082	3
NSMCE4A	0	-0.19881211777812674	0
NSRP1	0	-0.07628141685955998	1
NSUN2	0	-0.08144260761837245	1
NSUN4	0	-0.2542700236108761	0
NSUN5	0	-0.13868567461077552	1
NSUN6	0	-0.202861623017984	0
NT5C	0	-0.04092109963015937	2
NT5C2	0	-0.1329470822801957	1
NT5C3A	0	-0.07651560795180916	2
NT5C3B	0	-0.16772973506309646	0
NT5DC1	0	-0.07773210546584966	1
NT5DC2	0	-0.16434670595005213	1
NT5DC3	0	-0.15381031903672399	1
NT5E	0	-0.040288549705811444	1
NTAN1	0	-0.18186184711010697	0
NTHL1	0	-0.1434065451716376	0
NTMT1	0	-0.28707805463427016	0
NTN1	0	-0.2726271686771874	0
NTN4	0	-0.13454223328669299	2
NTPCR	0	-0.16539315055531634	1
NUB1	0	-0.12487136645392005	0
NUBP1	0	-0.1658485611125429	1
NUBP2	0	-0.1792288291561004	1
NUBPL	0	-0.15956043677703166	1
NUCB1	0	-0.0005647492860156478	1
NUCB2	0	-0.09342804493848357	0
NUCKS1	1	0.037859570479047144	4
NUDC	0	-0.08339035679024938	0
NUDCD1	0	-0.17797580028313348	0
NUDCD2	0	-0.14291385158965741	0
NUDCD3	0	-0.10956273984548932	0
NUDT1	0	-0.14456767555469058	1
NUDT12	0	-0.12013981104981233	0
NUDT14	0	-0.1607011068335799	0
NUDT15	0	-0.12147546872040497	1
NUDT16	0	-0.19373267871021002	0
NUDT16L1	0	-0.16435877316371694	0
NUDT18	0	-0.2775525715209173	0
NUDT19	0	-0.21987064025082534	0
NUDT2	0	-0.10797516702660057	0
NUDT21	0	-0.05534042984812858	2
NUDT3	0	-0.14758106698231763	1
NUDT4	0	-0.1543992421675021	0
NUDT5	0	-0.08005490253470772	0
NUDT6	0	-0.20647467871339123	0
NUDT8	0	-0.27454230526835627	0
NUDT9	0	-0.2359692382727821	0
NUF2	0	-0.7365162946015856	0
NUFIP2	1	0.02613574570451623	3
NUMA1	0	-0.0036492557278602405	1
NUMB	0	-0.09960307982871389	1
NUMBL	0	-0.01999552607901604	2
NUP107	0	-0.09941951781776952	1
NUP133	0	-0.2415246135390384	2
NUP153	0	-0.02728690368495912	1
NUP155	0	-0.12323916330547953	2
NUP160	0	-0.01245191766127991	2
NUP188	0	-0.024547043629103184	2
NUP205	1	-0.005465960938794356	3
NUP210	0	0.03450805781016539	2
NUP214	0	-0.12322433544918403	1
NUP35	0	-0.19102797924785286	1
NUP37	0	-0.12765599140528402	0
NUP43	0	-0.2788552884177088	0
NUP50	0	-0.1039187135961174	1
NUP54	0	-0.12031723130211272	1
NUP58	0	-0.2764610276337529	0
NUP62	0	-0.07832313490105489	2
NUP85	0	-0.15739819787600134	1
NUP88	0	-0.16991661168281383	1
NUP93	0	-0.051034600009139994	1
NUP98	0	-0.011884241186922412	2
NUPR1	0	-0.295041828788357	0
NUTF2	1	0.0468812725813626	3
NVL	0	-0.2883853972540682	0
NXF1	1	0.144767714568046	5
NXN	0	-0.07593053163725604	1
NXT1	0	-0.048019316220023436	2
NXT2	0	-0.023656072886063143	2
OAF	0	-0.25002760174174	0
OARD1	0	-0.11616794110903475	1
OAS1	0	-0.2142140430756053	0
OAS2	0	-0.015745837158018042	1
OAS3	0	0.0029862202882520394	1
OASL	0	-0.1773592927095903	0
OAT	0	-0.1107023186022659	0
OBSL1	0	-0.20701453112939627	0
OCIAD1	1	-0.027111904696874606	3
OCIAD2	0	-0.03590389038325376	2
OCLN	1	-0.12465700551184758	3
OCRL	0	-0.024841878271705076	2
ODF2	0	-0.12331913747654193	1
ODR4	1	-0.020733835337505297	3
OFD1	0	-0.24456275708906006	0
OGA	0	-0.043094689150620646	1
OGDH	0	-0.11921828088415636	1
OGDHL	0	-0.11482803446218207	1
OGFOD1	0	-0.2685693873237271	0
OGFOD2	0	-0.25295914394294056	0
OGFOD3	0	-0.1968196715450831	1
OGFR	0	-0.025031819901911823	1
OGFRL1	0	-0.20531070630477521	0
OGN	0	-0.004011336246726505	2
OGT	0	-0.09739323745938137	1
OLA1	0	-0.1459335050724347	0
OLFM4	0	-0.10079002949696196	0
OLFML1	1	0.09582228134543605	4
OLFML2A	0	-0.3645958331718025	0
OLFML2B	0	-0.30439962680291377	0
OLFML3	1	0.0902954612808583	4
OMA1	0	0.03586688376776635	2
OMD	0	-0.11103811732652158	1
OPA1	0	-0.05300516825432996	1
OPA3	0	-0.05108129633569507	2
OPHN1	0	-0.0413503604305865	1
OPLAH	0	-0.027559728882329743	2
OPTN	0	-0.06176175375165547	0
ORAI1	0	-0.5389763082615691	0
ORC1	0	-1.5093934773902173	0
ORC2	0	-0.1906086769694792	1
ORC3	0	-0.13352483811305146	1
ORC4	0	-0.188138984781908	0
ORC5	0	-0.15440672291360213	0
ORM1	1	-0.04886023336978996	3
ORM2	1	-0.06804924253468257	3
OS9	0	-0.13572170675897782	0
OSBP	0	-0.14232671200009897	0
OSBP2	0	-0.3406391821454919	0
OSBPL10	0	-0.08759848071722136	0
OSBPL11	0	-0.13052403357593578	0
OSBPL1A	0	-0.10434137989287032	1
OSBPL2	0	-0.07915724667220062	0
OSBPL3	0	-0.07293750463518597	0
OSBPL5	0	-0.15649023107485188	0
OSBPL6	0	-0.24184130205168972	0
OSBPL7	0	-0.08591933418739166	2
OSBPL8	0	-0.007108504569190216	1
OSBPL9	0	-0.1747929790384012	0
OSCP1	0	-0.13093130732343336	0
OSGEP	0	-0.28581013908420944	0
OSGEPL1	0	-0.3330263139699701	0
OSMR	0	-0.35866227264337536	0
OSTC	1	0.033857238684686354	3
OSTF1	0	-0.08245613779326896	1
OSTM1	0	-0.11481831224517247	1
OTUB1	0	-0.062413732554763915	2
OTUD1	0	-0.5001714943922115	0
OTUD4	0	-0.12408571657523479	1
OTUD5	0	-0.6024494993348652	0
OTUD6B	0	-0.24553852676270274	0
OTUD7B	0	-0.07636211423970188	0
OTULIN	0	-0.13368786757550705	0
OTULINL	0	-0.07760056086958975	1
OVCA2	0	-0.2197145034307773	1
OXA1L	1	-0.015128431239293161	3
OXCT1	0	-0.0751813437495777	1
OXLD1	0	-0.21593924635693845	0
OXNAD1	0	-0.35207194652073726	0
OXR1	0	-0.07181070626001394	1
OXSM	0	-0.10382635660099962	0
OXSR1	0	-0.15751351091166205	0
P2RX4	0	-0.1399677384940259	1
P3H1	0	-0.07732731207200566	1
P3H2	0	-0.12739125724546146	1
P3H3	0	-0.18234916064666795	1
P3H4	0	-0.15909613136888603	0
P4HA1	0	-0.068761875465043	1
P4HA2	0	-0.06801154422655496	2
P4HB	0	-0.10987421930121204	0
P4HTM	0	-0.3657363180191815	1
PA2G4	0	-0.16753492659869304	1
PAAF1	0	-0.2665891100206106	0
PABPC1	0	0.058213494795192965	2
PABPC4	0	0.020704277619968358	2
PACS1	0	-0.12308398383562154	1
PACS2	0	-0.1605977017105673	1
PACSIN1	0	-0.13467430049503398	0
PACSIN2	0	-0.1636266325987567	0
PACSIN3	0	-0.007872387602772785	2
PADI2	0	-0.10307626952992925	0
PADI4	0	-0.1404756059023518	2
PAF1	0	-0.030925494220467076	1
PAFAH1B1	0	-0.029233560191912054	1
PAFAH1B2	0	-0.08138585853915067	1
PAFAH1B3	0	-0.11060099917910313	1
PAFAH2	0	-0.041044997278822194	1
PAG1	0	-0.0631248295354199	0
PAICS	0	-0.09066820048316229	0
PAIP1	0	-0.250537021940005	0
PAIP2	0	-0.13689426418130488	2
PAIP2B	0	-0.13925054592710656	0
PAK1	0	-0.05745298659808458	1
PAK1IP1	0	-0.114151223217778	2
PAK2	0	-0.1508828749677315	1
PAK4	0	-0.12641153035402347	0
PALD1	0	-0.13142910657826842	0
PALLD	0	-0.03224919971606406	2
PALM	0	-0.03608908078287808	1
PALM3	0	-0.05351597321905186	0
PALMD	0	-0.027530985077325144	1
PAM	0	-0.09630327764541176	0
PAMR1	0	-0.06582453807294313	0
PAN2	0	-0.22676438716735778	0
PAN3	0	-0.3034710800794185	0
PANK2	0	-0.18964757461234397	0
PANK3	0	-0.235331514391029	0
PANK4	0	-0.1842202496004784	1
PANX1	0	-0.4200219159060289	1
PAPLN	0	-0.07008559269068027	2
PAPOLA	0	-0.08556282727948511	1
PAPOLG	0	-0.1300167987639049	1
PAPSS1	0	-0.2135247121612272	0
PAPSS2	0	-0.08985920035489102	0
PARD3	0	-0.0700885918896192	0
PARD3B	0	-0.17558509408825457	0
PARD6B	0	-0.10113790441481434	1
PARK7	0	-0.0441965829205754	1
PARL	0	-0.19887449141513036	1
PARN	0	-0.051173653209909076	1
PARP1	0	-0.0350058269147985	1
PARP10	0	-0.08565038873005601	1
PARP12	0	-0.11265382416609074	0
PARP14	0	-0.06988250347457932	0
PARP16	0	-0.30018840509271694	0
PARP2	0	-0.10356723235843365	1
PARP4	0	-0.04850934054950956	1
PARP9	0	-0.09322065649659485	0
PARS2	0	-0.10158629904190124	1
PARVA	1	0.05467978979755887	3
PARVB	0	-0.06669206608753851	2
PARVG	0	-0.05449492892070953	1
PATJ	0	-0.21162466327901427	0
PATL1	0	-0.15008165402582058	2
PATZ1	0	-0.13133033823007073	2
PAWR	0	0.03914805412585454	2
PAXBP1	0	-0.045727116228321804	2
PAXIP1	0	-0.23506655151774228	0
PAXX	0	-0.1339626486772672	1
PBDC1	0	-0.12901501993475253	2
PBK	0	-0.06110083002648582	1
PBLD	0	-0.030159444358742217	1
PBRM1	0	-0.04669293199033551	2
PBX1	0	-0.10649989794920571	1
PBX2	0	-0.30270178184329016	0
PBXIP1	0	-0.0236689262846724	1
PC	0	-0.06477388494143974	1
PCBD1	0	-0.09639738453298705	2
PCBD2	0	-0.19245512893210737	1
PCBP1	0	-0.0676326335939701	2
PCBP2	0	-0.10838956674545126	1
PCBP3	0	-0.0910512507449408	1
PCCA	0	-0.16840372257511174	0
PCCB	0	-0.08337556945207446	1
PCDH1	0	-0.062467019486192245	0
PCF11	0	-0.12553817700798364	1
PCGF2	0	0.0089139278072248	2
PCGF5	0	-0.21616631682885173	1
PCID2	0	-0.03078392790744334	1
PCIF1	0	-0.06417040932318178	2
PCK2	0	-0.05789695219915618	1
PCM1	0	-0.09831207765320193	0
PCMT1	0	-0.08762529966526596	1
PCMTD1	0	-0.15543615011305176	0
PCMTD2	0	-0.20391048958869334	0
PCNA	0	-0.07049981058266246	2
PCNP	0	-0.018502467081034056	2
PCNT	0	-0.1134915508886527	1
PCOLCE	0	-0.0301831050773949	1
PCP4	0	-0.17895470499014504	0
PCSK1N	0	-0.2902023906311335	0
PCSK9	0	-0.22336601762998157	0
PCTP	0	-0.06550561591532506	1
PCYOX1	1	0.09002580325711951	3
PCYOX1L	0	-0.2099455972775799	0
PCYT1A	0	-0.056673993675429565	2
PCYT2	0	-0.06012052922564043	2
PDAP1	0	-0.219835873017269	1
PDCD10	0	-0.24003507942322422	0
PDCD11	1	-0.010015905224377463	3
PDCD2	0	-0.25460390860032966	0
PDCD2L	0	-0.29940866155578566	0
PDCD4	0	-0.049535425054718765	2
PDCD5	0	-0.1116158905903956	0
PDCD6	0	-0.2432988938035356	0
PDCD6IP	0	-0.14222244626420247	1
PDCL	0	-0.24181215462979583	0
PDCL3	0	-0.12267396406577966	0
PDE12	0	-0.243616368538519	1
PDE1A	0	-0.16381558286315814	1
PDE1B	0	-0.16751939841776353	2
PDE1C	0	-0.19602182999495493	0
PDE2A	0	-0.01551911237083318	2
PDE3A	0	-0.08967356097909085	1
PDE4D	0	-0.1731820859901974	1
PDE4DIP	0	-0.02614369691426412	1
PDE5A	0	-0.13495623478297986	0
PDE6D	0	-0.08187793806135266	1
PDE8A	0	-0.31268830205934406	0
PDF	0	-0.2708097419303382	0
PDGFRB	0	-0.15719823929832652	0
PDHA1	0	-0.16052551713221008	1
PDHB	0	-0.16169745787438572	1
PDHX	0	-0.152560699599191	1
PDIA2	0	-0.21066020028665142	0
PDIA3	0	-0.18010762061053465	0
PDIA4	0	-0.1675163621930183	0
PDIA5	0	-0.08699233950200347	1
PDIA6	0	-0.14473888934484808	1
PDK1	0	-0.16314199851712327	1
PDK2	0	-0.2325488095977383	0
PDK3	0	-0.19785349706074368	0
PDLIM1	0	-0.04777080511234292	0
PDLIM2	1	0.019791641188371366	3
PDLIM3	0	-0.10339374299852153	0
PDLIM4	0	-0.0041851738736524815	2
PDLIM5	0	-0.046396182333697945	1
PDLIM7	1	0.03507507823988478	3
PDP1	0	-0.18687091655111981	0
PDPK1	0	-0.19833757289609444	0
PDPR	0	-0.2847954011337893	0
PDRG1	0	-0.21701615107064756	0
PDS5A	1	0.10961294278404454	4
PDS5B	1	0.05846264128369707	3
PDSS2	0	-0.2606597837600225	0
PDXDC1	0	-0.0839940937984057	1
PDXK	1	-0.007883510600062624	3
PDXP	0	-0.22233638170349476	1
PDZD11	0	-0.06594208202352114	2
PDZD2	0	-0.25815740238212737	0
PDZD8	1	0.02094432730314983	3
PEA15	0	-0.0982490307007316	0
PEAK1	0	-0.06330138697175967	2
PEBP1	1	0.062054538519038804	4
PECAM1	0	-0.03721750342929826	1
PECR	0	-0.06188083052224271	1
PEF1	0	-0.22169068597997596	1
PEG10	0	-0.11855047273228733	0
PELI2	0	-0.28457971227411827	0
PELO	0	-0.167653484887059	0
PELP1	0	-0.08760274563208852	1
PEPD	0	-0.021728833778632058	1
PER1	0	-0.48640447147771654	0
PES1	1	0.06057835253609125	4
PEX1	0	-0.04779756937031996	2
PEX10	0	-1.1448165746544532	0
PEX11B	0	-0.1380653087072108	1
PEX12	0	-0.23383928436902077	1
PEX13	0	-0.23665510652067773	1
PEX14	0	-0.0876597653650578	1
PEX16	0	-0.17281734213078406	2
PEX19	0	-0.058262336751552256	2
PEX2	0	-0.5118373598059295	0
PEX3	0	-0.03425603572734333	2
PEX5	0	-0.1510137581646743	1
PEX6	0	-0.15310821850220635	1
PEX7	0	-0.1861979366192565	0
PF4	0	-0.13961403467143804	0
PFAS	0	-0.10550003099074501	0
PFDN1	0	-0.21377619608403467	0
PFDN2	0	-0.10397839743145351	2
PFDN4	0	-0.10394724959029726	0
PFDN5	1	0.005977266717365004	3
PFDN6	0	-0.13564914955545876	2
PFKFB2	0	-0.08661586973079935	0
PFKFB3	0	-0.10873687332421014	1
PFKL	0	-0.07037531711505743	2
PFKM	0	-0.06583241391804626	1
PFKP	0	-0.038046543662043616	1
PFN1	0	-0.004885545472864322	1
PFN2	0	-0.037800828494187394	1
PGAM1	1	0.0159064311176876	3
PGAM2	0	-0.06606461017761714	1
PGAM5	0	-0.14802159290362965	1
PGAP1	0	-0.30572319010838606	0
PGD	0	-0.10668939171782839	0
PGGHG	0	-0.3830997115039111	0
PGGT1B	0	-0.2248599916588931	1
PGK1	0	-0.07416203945045459	1
PGK2	1	0.0069911877813448875	3
PGLS	0	-0.02221099674277748	1
PGLYRP1	1	-0.01930548293602242	3
PGLYRP2	0	-0.0627134068739657	1
PGM1	0	-0.051640931809968385	0
PGM2	0	-0.0654558100511528	2
PGM2L1	0	-0.09015116929045375	0
PGM3	1	-0.07550985407471662	3
PGM5	0	-0.07073384943703062	0
PGP	0	-0.1505651401500895	1
PGPEP1	0	-0.2812842197922188	0
PGRMC1	0	-0.1099893901256453	1
PGRMC2	0	-0.06869029377871519	1
PGS1	0	-0.29238814234654636	0
PHACTR2	0	-0.16378974248016148	0
PHACTR4	0	-0.22481101511097373	0
PHAX	0	-0.2431903358985997	0
PHB	0	-0.17402382870051977	0
PHB2	0	-0.17963521840938934	0
PHC1	0	-0.34956495382899	0
PHC2	0	-0.08666640704010728	2
PHC3	0	-0.09391282027595453	1
PHETA1	0	-0.472103520116942	0
PHF1	0	-0.06511953050008834	2
PHF10	0	-0.14553834306813004	1
PHF12	0	-0.39178845621080255	0
PHF14	0	-0.11666300352646483	0
PHF2	0	-0.14863903866654218	1
PHF20	0	-0.9841206078186421	0
PHF20L1	0	-0.2398645729269912	1
PHF21A	0	-0.2449912280965981	0
PHF23	0	-0.2532481212521799	0
PHF3	0	-0.1701773458962995	0
PHF5A	1	0.12685341959330265	4
PHF6	1	0.030423413542682437	3
PHF8	0	-0.10313538980243564	1
PHGDH	0	-0.0639386134676593	0
PHIP	0	-0.026977817364166025	2
PHKA1	0	-0.12207989284062286	1
PHKA2	0	-0.22245243306810933	1
PHKB	0	-0.07873907123279972	2
PHKG2	0	-0.20205935323920557	1
PHLDA1	0	-0.12011708219378132	0
PHLDA3	0	-0.0855922976393065	1
PHLDB1	0	-0.015198786791374758	2
PHLDB2	0	-0.09219998951338013	0
PHPT1	1	0.022916733813599276	3
PHRF1	0	-0.12915816711022987	1
PHYH	0	-0.07369468208666781	0
PHYHD1	0	-0.07208703198021191	0
PHYHIPL	0	-0.050009669292827665	1
PHYKPL	1	0.006852624039747716	3
PI16	0	-0.1038194615061672	1
PI4K2A	0	0.01674171891477959	2
PI4K2B	0	-0.11555476727406191	1
PI4KA	1	0.0367363370227324	3
PI4KB	0	-0.0918349059635277	1
PIAS1	0	-0.3280964170530393	0
PIAS2	0	-0.672079791830803	0
PIBF1	0	-0.19788345186232156	1
PICALM	0	-0.16897688744359077	0
PICK1	0	-0.17791892094846723	1
PID1	0	-0.11161728062022151	0
PIEZO1	0	-0.08284226333132301	2
PIGB	0	-0.7408002159249658	1
PIGG	0	-0.28849353364344843	1
PIGH	0	-0.27938591854688444	1
PIGK	0	0.05038333475352223	2
PIGN	0	-0.19079520795786623	2
PIGO	0	-0.12864408194542878	1
PIGQ	0	-0.456025914201723	1
PIGR	0	-0.07068592314611286	1
PIGS	0	0.08581758294839735	2
PIGT	0	0.052994246313649816	2
PIGU	0	-0.11695158607244575	2
PIGX	0	-0.5058116880722453	0
PIH1D1	0	-0.15061172635291958	0
PIK3AP1	0	-0.08799497809821104	0
PIK3C2A	0	-0.04252208264548726	2
PIK3C2B	0	-0.19652228999894644	0
PIK3C3	0	-0.18850087305351437	1
PIK3CA	0	-0.1317273407590711	0
PIK3CB	0	-0.20409007981415228	1
PIK3CD	0	-0.15989026859270886	0
PIK3CG	0	-0.19203986098146916	0
PIK3IP1	0	-0.24576962221317306	1
PIK3R1	0	-0.18290902050280297	0
PIK3R2	0	-0.12848783478276826	1
PIK3R4	0	-0.15997326362567652	0
PIKFYVE	0	-0.22739802301043452	0
PIN1	0	-0.04546620894198784	1
PIN4	0	-0.22062407136007806	0
PINX1	0	-0.7242337119722633	0
PIP4K2A	0	-0.006811545068589583	2
PIP4K2B	0	-0.09954196600939529	1
PIP4K2C	0	-0.08349936102812143	0
PIP4P1	0	-0.1368964489861291	1
PIP4P2	0	-0.17859213173155586	2
PIP5K1A	0	-0.14745683943112262	1
PIP5K1C	0	0.00013352716176817623	1
PIR	0	-0.14217486024728282	0
PISD	0	-0.14139573253181806	0
PITHD1	0	-0.037654274096545384	1
PITPNA	0	-0.20550180954146188	1
PITPNB	0	-0.17754927589928293	1
PITPNC1	0	-0.11643233938724804	0
PITPNM1	0	-0.1395920066547315	0
PITPNM2	0	-0.3354299623216271	1
PITRM1	0	-0.12571065247953378	1
PJA1	0	-0.10741446397116612	0
PJA2	0	-0.1616848659842232	0
PKD2	0	-0.10283908832998108	1
PKIG	0	-0.10251567316663232	1
PKLR	1	0.05596420842967757	3
PKM	0	-0.040381888792428974	1
PKN1	0	0.005845288300259567	2
PKN2	0	-0.20300751436050088	0
PKNOX1	0	-0.043235458664490724	2
PKP2	0	-0.08913558991676915	0
PKP4	0	0.0011088595321728394	1
PLA2G12A	0	-0.2000833937549577	0
PLA2G15	0	-0.10004400324116436	0
PLA2G2A	0	-0.06677236961977204	2
PLA2G4A	0	-0.0934545646226239	0
PLA2G4C	0	-0.33773719486830533	0
PLA2G7	0	-0.2922741549278915	1
PLAA	0	-0.11637756115856104	0
PLAC9	1	-0.11238167739286795	3
PLAT	0	-0.07056318780517555	1
PLAU	0	-0.05491526731162512	0
PLAUR	0	-0.3168400510818775	0
PLBD1	0	-0.17409189093659633	0
PLBD2	0	-0.0949528476865866	0
PLCB1	0	-0.030777193910578426	0
PLCB2	0	-0.11319203171403229	0
PLCB3	0	-0.05376984682809947	0
PLCB4	0	-0.14720207966329296	0
PLCD1	1	0.11246376722478804	3
PLCD3	0	-0.09287233629202515	1
PLCG1	0	-0.13017709548444176	0
PLCG2	0	-0.11191781970796563	0
PLCH1	0	-0.13903164817551977	0
PLCL1	0	-0.12140547936193716	1
PLCL2	0	-0.23524203571621766	0
PLCXD3	0	-0.708426076229401	0
PLD1	0	-0.13666589898491882	0
PLD2	0	-0.14507141701133408	0
PLD3	0	-0.10480022602449739	0
PLD4	0	-0.7551837575720325	0
PLEC	0	-0.03303117831643934	2
PLEK	0	-0.10460178301224572	1
PLEKHA1	0	-0.0704984219574977	0
PLEKHA2	0	-0.09753806867742651	0
PLEKHA3	0	-0.20743234965263024	1
PLEKHA4	0	-0.2824266341491849	0
PLEKHA5	0	-0.03681583379849122	1
PLEKHA6	0	-0.035684797071803	1
PLEKHA7	0	0.014883602085780722	2
PLEKHB2	0	-0.173853761149915	0
PLEKHF1	0	-0.1344682495124517	1
PLEKHF2	0	-0.20064410256416437	0
PLEKHG1	0	-0.14772927672954733	0
PLEKHG2	0	-0.1568453716090514	0
PLEKHG3	0	-0.027504750020527203	2
PLEKHM1	0	-0.21065260158519267	1
PLEKHM2	0	-0.1808756285120051	1
PLEKHO1	0	-0.1731895399488436	0
PLEKHO2	0	-0.06377361134419998	0
PLG	0	-0.2386317451584786	0
PLGRKT	0	-0.016924310305761442	1
PLIN2	0	0.032013731784891065	2
PLIN3	0	-0.08597648209845114	0
PLIN4	0	-0.09171460894655396	1
PLOD1	1	0.017470685635614804	3
PLOD2	0	-0.08228731350675261	0
PLOD3	0	-0.14249296174940398	1
PLP2	0	-0.16445151207588968	0
PLPBP	0	-0.05221229493539352	0
PLPP3	0	-0.06467779254093171	1
PLPP6	0	-0.40435437435496213	0
PLRG1	0	-0.13372592510904385	0
PLS1	0	-0.0743812146761192	2
PLS3	0	-0.11466519691509877	0
PLSCR1	1	-0.037253083114158606	3
PLSCR3	0	-0.2013427594269599	1
PLSCR4	0	-0.1954679973534228	0
PLTP	0	-0.1447091994911515	0
PLVAP	0	-0.03234835354787754	2
PLXDC2	0	-0.0997553853007369	2
PLXNA1	0	-0.06337578700918785	2
PLXNA2	0	-0.16468260995642367	1
PLXNB1	0	-0.0415912997889023	2
PLXNB2	0	-0.06906645183970847	1
PLXNC1	0	-0.08926620558244634	0
PLXND1	0	-0.06157946799495216	1
PM20D2	0	-0.14933105450495368	0
PMF1	0	-0.16944857037168387	1
PML	0	-0.06275016350356086	1
PMM1	0	-0.1845443019990773	0
PMM2	0	-0.1564723489293345	1
PMPCA	0	-0.1528482194609367	1
PMPCB	0	-0.12693076927918662	2
PMS2	0	-0.23030435573819702	0
PMVK	0	-0.12476565220022853	1
PNISR	0	-0.05591118591511672	2
PNKD	0	-0.0408458235973842	2
PNKP	0	-0.20886894909520715	0
PNMA1	0	-0.18927013142741336	1
PNN	1	0.07074911663930025	3
PNO1	0	-0.14710819906551398	1
PNP	0	0.010162237353002262	2
PNPLA2	0	-0.31668401846270183	0
PNPLA4	0	-0.25498398720341997	0
PNPLA6	0	-0.02343013780325064	1
PNPLA8	0	-0.18660102587156233	2
PNPO	0	-0.12163515494771174	0
PNPT1	0	-0.07777102978877666	1
POC1B	0	-0.36954784675943975	0
POC5	0	-0.2929715852296754	0
PODN	0	-0.009771182225758157	2
PODXL	0	-0.1012891329906441	0
PODXL2	0	-1.028508014419638	0
POFUT1	0	-0.2185847845188975	1
POFUT2	0	-0.21505922391899907	0
POGK	0	-0.18673658526326936	0
POGLUT1	0	-0.08708279439367585	2
POGZ	1	0.03478733049537387	4
POLA1	0	-0.18168093922708545	1
POLA2	0	-0.35353647440145236	0
POLB	0	-0.16751774746030287	0
POLD1	0	-0.09824241549364858	2
POLD2	0	-0.26384830695505695	0
POLD3	0	-0.09857181385537957	1
POLD4	0	-0.5304475069787278	0
POLDIP2	0	-0.26747631222218027	0
POLDIP3	0	-0.1442684723851096	1
POLE	0	-0.5121563648037436	0
POLE3	0	-0.13628154634639683	1
POLE4	0	-0.09146214787220153	1
POLG	0	-0.24920846768574073	0
POLG2	0	-0.3343979313870296	0
POLI	0	-0.25497295210175197	0
POLK	0	-0.44428976475275483	0
POLL	0	-0.8954785012816678	0
POLR1A	0	-0.2567421195262278	0
POLR1B	0	-0.08793511237468558	1
POLR1C	0	-0.20560428179757725	0
POLR1D	0	-0.0578483404847034	1
POLR1E	0	-0.016227050656779162	2
POLR2A	1	0.01370135382479156	3
POLR2B	0	-0.041017425648883554	2
POLR2C	0	-0.18099272472943495	0
POLR2D	1	-0.03656786445408043	3
POLR2E	0	-0.017027054727227264	2
POLR2F	0	-0.3476983653418509	0
POLR2G	0	-0.04147204678296082	1
POLR2H	0	-0.08625068711093502	0
POLR2I	0	-0.17800129020987074	1
POLR2J	0	-0.25777485979952824	0
POLR2K	0	-0.1378331086796225	1
POLR2L	0	-0.13270428400208015	1
POLR3A	0	-0.21685473154214124	0
POLR3B	0	-0.2707713608406363	0
POLR3C	0	-0.23063450902698976	0
POLR3D	0	-0.1379665243539276	0
POLR3E	0	-0.2153102400468993	0
POLR3F	0	-0.23524812685210678	0
POLR3H	0	-0.41460494905196316	0
POLR3K	0	-0.2059493756020358	1
POLRMT	0	-0.19976780808374722	0
POM121	0	0.02531963381899762	2
POMGNT1	0	-0.131317926744943	2
POMGNT2	0	-0.11714837304024042	2
POMP	0	-0.16249067406002854	0
POMT1	0	-0.1822275503554831	1
PON1	0	-0.14749888101775008	1
PON2	0	-0.06424945430141363	1
POP1	0	-0.046449140165793226	2
POP4	0	-0.022084409420716898	2
POP7	0	-0.26839310381097164	0
POR	0	0.00296792295848744	2
POSTN	0	-0.060404882231340926	1
POT1	0	-0.3262276810176653	0
POTEF	0	-0.04593253889108112	2
POTEI	0	-0.01066271977458616	1
POTEJ	0	0.00531885797024364	1
POU2F1	0	-0.14707583389463902	1
PPA1	0	-0.09995602742897321	0
PPA2	0	-0.05585771548466499	0
PPAT	0	-0.06351329804147889	2
PPBP	0	-0.19928646602520916	0
PPCDC	0	-0.14483999957748744	0
PPCS	0	-0.12900996323615394	1
PPFIA1	0	-0.14784765850469855	0
PPFIBP1	0	-0.06539199858096684	1
PPFIBP2	0	-0.1694156782274009	0
PPHLN1	0	-0.18917606602420217	0
PPIA	1	-0.01510068911549851	3
PPIB	0	-0.14135801939690001	0
PPIC	0	-0.11866864520383935	0
PPID	0	-0.28891556568901844	0
PPIE	0	-0.12640441796649063	2
PPIF	0	-0.05733730941420036	0
PPIG	0	-0.031528520925578986	1
PPIH	0	-0.038502104080422636	2
PPIL1	0	-0.163993761909057	0
PPIL2	0	-0.11770070388531588	1
PPIL3	0	-0.14944654494155205	1
PPIL4	0	-0.1425269255880543	0
PPIP5K1	0	-0.2283781257954316	0
PPIP5K2	0	-0.2753474318269987	0
PPL	0	-0.02063741902338482	1
PPM1A	0	-0.1685635467732375	0
PPM1B	0	-0.2854967504041139	1
PPM1F	0	0.02319715084687182	2
PPM1G	0	-0.06393722975014748	1
PPM1H	0	-0.13213633655984797	0
PPM1K	0	-0.20934064030924576	0
PPM1L	0	-0.2361009280132273	0
PPM1M	0	-0.31030834448238614	0
PPME1	0	-0.16656564406343188	0
PPOX	0	-0.07753428334711936	0
PPP1CA	0	-0.10192544176405456	1
PPP1CB	0	-0.08063496773858249	2
PPP1CC	0	-0.11052278067448865	1
PPP1R10	1	0.053800073948482206	3
PPP1R11	0	-0.2941325744650082	0
PPP1R12A	0	-0.015566541048375238	2
PPP1R12B	0	-0.03648337196694348	2
PPP1R12C	0	0.015452559966542706	2
PPP1R13B	0	-0.15948999413387593	0
PPP1R13L	0	-0.08654393398927412	0
PPP1R14A	1	0.00732024870079116	3
PPP1R14B	0	-0.26762586951285733	0
PPP1R14C	0	-0.09817059868607211	1
PPP1R16A	0	-0.1752229469099264	0
PPP1R18	0	-0.08717563489951373	0
PPP1R2	0	-0.008163687890848644	2
PPP1R21	0	-0.09853924763271452	2
PPP1R37	0	-0.09865777938238099	1
PPP1R3D	1	0.005211462775457009	3
PPP1R3G	0	-0.21649673617602083	0
PPP1R7	0	-0.1378933041363009	0
PPP1R8	0	-0.09477649915073771	1
PPP1R9A	0	-0.08497612195156472	1
PPP1R9B	0	-0.016005189373297674	2
PPP2CA	0	-0.0927259701204837	0
PPP2CB	0	-0.07198807766215402	0
PPP2R1A	0	-0.1495651356270474	1
PPP2R1B	0	-0.20359414678529136	1
PPP2R2A	0	-0.2024984230283013	0
PPP2R2C	0	-0.1693258473384056	0
PPP2R2D	0	-0.19589550843273332	0
PPP2R3A	0	-0.20141249596859018	0
PPP2R5A	0	-0.12726681882462917	0
PPP2R5B	0	-0.13656564347639852	0
PPP2R5C	0	-0.14791032944082647	0
PPP2R5D	0	-0.14140754230391206	0
PPP2R5E	0	-0.19648553774256589	0
PPP3CA	0	-0.0319842214554812	1
PPP3CB	0	-0.10093254067956595	2
PPP3CC	0	-0.13968390012890725	0
PPP3R1	0	0.01693941831035098	1
PPP4C	0	-0.11908206890968473	1
PPP4R1	0	-0.1896387668993819	1
PPP4R2	1	0.04542854169901488	3
PPP4R3A	0	-0.031761560042910156	1
PPP4R3B	0	-0.16985837490110353	1
PPP5C	0	-0.08280211561414201	2
PPP6C	0	-0.1566187951729902	1
PPP6R1	0	-0.045771266253818776	1
PPP6R2	0	-0.26447217122484057	0
PPP6R3	0	-0.17277930747627918	1
PPT1	0	-0.20212785204511086	0
PPT2	0	-0.39413815857000933	1
PPTC7	0	-0.30470853129697073	0
PPWD1	0	-0.22483359259392172	0
PQBP1	0	-0.005172589475048598	2
PRAG1	0	-0.1283795301896554	1
PRAM1	0	-0.11279458204006025	1
PRC1	0	-0.14219986230947254	0
PRCC	0	-0.20188745624688442	0
PRCP	0	-0.10400548595266354	1
PRDM10	0	-0.35122547988730024	0
PRDM11	0	-0.5461787763690614	0
PRDX1	0	-0.08024968469551788	0
PRDX2	1	0.056146524233764594	3
PRDX3	0	-0.06248745034962848	1
PRDX4	0	-0.183941750880861	1
PRDX5	0	-0.12257982688481925	1
PRDX6	0	-0.049255021224634765	2
PREB	0	-0.020451246687315815	2
PRELP	0	-0.03623924042469766	2
PREP	0	-0.1457634563786277	0
PREPL	0	-0.25306049580586654	0
PREX1	0	-0.02018993911881414	1
PRG4	0	-0.2289200040311111	1
PRICKLE2	0	-0.36215545276804334	0
PRIM1	0	-0.1846163997492119	0
PRIM2	0	-0.13035155528274883	0
PRKAA1	0	-0.010865868278432198	2
PRKAA2	0	-0.10630630225147	2
PRKAB1	0	-0.09551230927970553	0
PRKAB2	0	-0.08857952013985665	1
PRKACA	0	-0.12592359141856233	1
PRKACB	0	-0.1696388524132747	0
PRKAG1	0	-0.07996433028504588	1
PRKAG2	0	-0.07455796919299071	1
PRKAR1A	0	-0.3070230373717441	0
PRKAR1B	0	-0.13234578677017517	1
PRKAR2A	0	-0.05153900821672595	2
PRKAR2B	1	-0.0031684537045335998	3
PRKCA	1	-0.01614235331766748	3
PRKCB	0	-0.03749358821808718	2
PRKCD	0	-0.09331143183888575	1
PRKCE	0	-0.0790919747382832	1
PRKCH	0	-0.19311680081296864	0
PRKCI	0	-0.1440689518540524	0
PRKCQ	0	-0.20419403872795167	0
PRKCSH	0	-0.204985853437617	1
PRKCZ	0	-0.11332581169795644	0
PRKD1	0	-0.12331381179685993	0
PRKD2	0	-0.10747277133169102	1
PRKDC	1	0.08342857721371674	4
PRKG1	0	-0.010892431637559836	1
PRKN	0	-0.15325352276992965	1
PRKRA	0	-0.14343650982785777	0
PRKRIP1	0	-0.11278124083656942	1
PRMT1	0	-0.11439946164022044	1
PRMT2	0	-0.19726118757511749	0
PRMT3	0	-0.16739913701953052	0
PRMT5	0	-0.23287935686885564	0
PRMT7	0	-0.30075556358372835	0
PRMT9	0	-0.3173857231851169	0
PRNP	0	-0.14510313665969604	0
PROC	0	-0.12959848596136173	2
PROCR	0	-0.0339796731797589	2
PRODH	0	-0.057264156877389706	0
PROM1	0	-0.11864183885608966	0
PROS1	0	-0.10768956055972638	1
PROSER1	0	-0.45926776180030726	0
PROSER2	0	-0.14838382760705965	0
PROX1	0	-0.8085206040539952	0
PROZ	0	-0.21334418783580186	0
PRPF18	0	-0.17509675295535598	1
PRPF19	0	-0.0947667486993514	1
PRPF3	0	0.011687588517661196	2
PRPF31	0	-0.06903458714190537	1
PRPF38A	0	-0.04059915246949958	1
PRPF38B	0	-0.05447261712821379	2
PRPF39	0	-0.20175566564708594	0
PRPF4	1	0.05279340764456766	4
PRPF40A	0	-0.02722984448145168	1
PRPF40B	0	-0.18068169701211936	1
PRPF4B	0	-0.017080117293909864	2
PRPF6	1	0.09635838131381459	3
PRPF8	1	0.2092890127544776	5
PRPH	0	-0.05851320959558463	1
PRPS1	0	-0.08521555150199392	1
PRPS2	0	-0.12577349716052175	0
PRPSAP1	0	-0.2790585488391676	0
PRPSAP2	0	-0.17249874365465023	0
PRR12	0	-0.11296719260292427	1
PRR14	1	-0.027625924615956678	3
PRR14L	0	-0.7306307381648428	0
PRR15	0	-0.19701427864245394	1
PRRC1	0	-0.07097151554653891	1
PRRC2A	0	-0.06047961054336313	2
PRRC2B	0	-0.10492849937755425	0
PRRC2C	0	-0.010854312429204004	1
PRSS2	0	-0.23347251441467948	1
PRSS23	0	-0.1057742591527139	0
PRSS3	0	-0.22459961124619246	0
PRTFDC1	0	-0.10775544540529398	1
PRTN3	0	-0.09949273606393508	1
PRUNE1	0	-0.15328762870026624	1
PRUNE2	0	-0.1788071393398274	0
PRXL2A	0	-0.059325640784334464	1
PRXL2B	0	-0.02968369912759052	2
PSAP	0	-0.08037933680594882	1
PSAT1	0	-0.041579838661332455	1
PSD3	0	-0.19724922313822776	0
PSD4	0	-0.3094865143863137	0
PSEN1	0	-0.19720083698552482	1
PSEN2	0	-0.10985157477702748	1
PSIP1	1	0.0395070679546496	3
PSMA1	0	-0.1296246023343314	1
PSMA2	1	0.0197762880044667	3
PSMA3	0	-0.25622122659117585	1
PSMA4	0	-0.18469048758793213	1
PSMA5	0	-0.10863415132741042	1
PSMA6	0	-0.0848398595963544	2
PSMA7	0	-0.20460627228406572	0
PSMB1	0	-0.1255975751894413	0
PSMB10	0	-0.0943339261417259	2
PSMB2	0	-0.23510251769277146	0
PSMB3	0	-0.1851015822015082	1
PSMB4	1	0.03190228257235015	3
PSMB5	0	-0.11487424520526539	1
PSMB6	0	-0.10448763307445916	1
PSMB7	0	-0.1445336681284051	1
PSMB8	0	-0.1687300312460113	0
PSMB9	0	-0.10068582510209319	2
PSMC1	0	-0.22179126889032305	0
PSMC2	0	-0.13145629402636771	1
PSMC3	0	-0.07482529751529751	1
PSMC4	0	-0.1363449188876576	0
PSMC5	0	-0.09423865004870323	1
PSMC6	0	-0.16329986379102213	0
PSMD1	0	-0.04070135993057886	1
PSMD10	0	-0.13612361248110702	0
PSMD11	0	-0.0009948339742482145	2
PSMD12	0	-0.08458278134281808	0
PSMD13	0	0.005093065783977118	2
PSMD14	0	-0.17412832011956286	2
PSMD2	0	-0.08807473743397214	1
PSMD3	0	-0.16108427519774954	0
PSMD4	0	-0.11628534615236971	1
PSMD5	0	-0.10426883293516225	2
PSMD6	0	-0.1128222585531284	2
PSMD7	0	-0.027308354935955525	2
PSMD8	0	-0.12915748912109787	1
PSMD9	0	-0.10752530557481173	1
PSME1	0	-0.09728194820188257	0
PSME2	0	-0.07407946372793764	1
PSME3	0	-0.06271336636800842	1
PSME4	0	0.011872965403332455	2
PSMF1	0	-0.05832175167851448	2
PSMG1	0	-0.1350049342798606	1
PSMG2	0	-0.09897882730123093	1
PSMG3	0	-0.1485253529460711	1
PSMG4	0	-0.3747266303960409	0
PSPC1	0	-0.193414912126614	0
PSPH	0	-0.16943130285184071	0
PSTPIP1	0	-0.06033370959472911	1
PSTPIP2	0	-0.07661612113299036	1
PTAR1	0	-0.29457926255818034	0
PTBP1	1	0.08280799940876125	3
PTBP2	0	-0.1502067745088591	0
PTBP3	0	-0.18086282926107983	1
PTCD3	0	-0.2506021830770806	0
PTDSS1	0	-0.11915714840337781	1
PTDSS2	1	-0.021447202647256323	3
PTEN	0	-0.1428332853076205	0
PTER	0	-0.062271408973986066	0
PTGDS	0	-0.08073379491935759	1
PTGES	0	-0.09575482941754856	2
PTGES2	0	-0.26105745202082986	0
PTGES3	0	-0.0755211345447605	1
PTGFRN	0	-0.02370259246557552	1
PTGIS	1	-0.022082285179218404	3
PTGR1	0	-0.04757348361828127	1
PTGR2	0	-0.0389910038827835	2
PTGS1	0	-0.06155279586155852	1
PTK2	0	-0.08632714654052104	1
PTK2B	0	-0.050010534657972935	1
PTK7	0	-0.01950521984104638	1
PTMA	1	0.0721849573530937	4
PTMS	1	0.061003320347554	5
PTN	0	-0.17416442572303828	0
PTP4A1	0	-0.20336972896335181	1
PTP4A2	0	-0.1570598647136722	2
PTPA	1	-0.06143168197090866	3
PTPMT1	0	-0.2711616321910236	0
PTPN1	1	-0.014884848841844215	3
PTPN11	0	-0.12673913493863503	1
PTPN12	0	-0.015840497344956697	2
PTPN13	0	-0.09066203160303406	0
PTPN14	0	-0.18743927400308738	1
PTPN18	0	-0.10038765631604238	1
PTPN2	0	-0.1855807559127353	0
PTPN21	0	-0.22396919957584646	0
PTPN23	0	-0.042617729385841914	2
PTPN6	0	-0.04729598775747692	1
PTPN7	0	-0.16773171213811572	0
PTPN9	0	-0.22152443417254636	0
PTPRA	0	-0.18840866535442574	1
PTPRC	0	0.001390600581650379	2
PTPRD	0	-0.17480211885742317	0
PTPRE	0	-0.20291459256702188	0
PTPRF	0	-0.2349423468748427	0
PTPRG	0	-0.10649220552883416	0
PTPRJ	0	-0.03989909870631825	1
PTPRK	1	-0.010949124077057637	3
PTPRM	0	0.0008665305444329401	2
PTPRS	0	-0.14175352671044333	0
PTRH1	0	-0.3326369626864375	0
PTRH2	0	-0.09521862694589192	2
PTRHD1	1	0.04966962749013829	3
PTS	0	-0.2136577543207619	0
PTTG1IP	0	-0.14816494389301826	1
PTX3	0	-0.17862542826575994	0
PUDP	0	-0.11077941929382389	2
PUF60	1	-0.020484462676522264	3
PUM1	0	-0.05076838203458892	1
PUM2	0	-0.0726346245586395	2
PUM3	0	-0.08475090890691081	2
PURA	1	0.11591715929780219	5
PURB	0	-0.03801780305859122	2
PUS1	0	-0.08294453051129666	1
PUS10	0	-0.2422785201755812	1
PUS3	0	-0.21963776891246342	0
PUS7	0	-0.09258505100327544	0
PUS7L	0	-0.1459191107238742	1
PUSL1	0	-0.4977729501994471	0
PVALB	0	-0.16354121977318856	0
PVR	1	0.030157401234695104	3
PWP1	0	-0.03864904869148968	1
PWP2	0	-0.028893834529970897	2
PWWP2A	0	-0.26506401336286217	0
PWWP2B	0	-0.315265081935338	0
PXDC1	0	-0.15404833364983936	0
PXDN	0	-0.17639390584689438	1
PXK	0	-0.16605275576725634	0
PXMP2	0	-0.2139410755760533	2
PXN	0	-0.028938328910751245	1
PYCARD	0	-0.06419489882313387	2
PYCR1	0	-0.1374450281232511	0
PYCR2	0	-0.25827466691651935	0
PYCR3	0	-0.14960550391931998	0
PYGB	0	-0.02732108490001478	1
PYGL	0	-0.13915671142443403	0
PYGM	0	-0.10489840704197421	1
PYGO2	0	-0.300759360307352	1
PYM1	0	-0.19383573955993144	0
PYROXD1	0	-0.14568702567802277	1
PYROXD2	0	-0.39434526056882196	0
PYURF	0	-0.11986155385511607	1
PZP	0	-0.1660326698113983	1
QDPR	0	-0.01267054262154022	2
QKI	0	-0.12006304524843367	1
QPCT	0	-0.18210227220103764	1
QPCTL	0	-0.07307671260481526	2
QPRT	0	-0.09599075085015915	0
QRICH1	0	-0.08222514131642314	2
QRSL1	0	-0.22808277051364928	0
QSER1	0	-0.2124041547451679	0
QSOX1	0	-0.10179538835655193	0
QSOX2	1	0.037269921874288195	3
QTRT1	0	-0.2480081179774288	0
QTRT2	0	-0.23718905263369558	0
R3HCC1	0	-0.17522660995264966	0
R3HCC1L	0	-0.4841499067616405	0
R3HDM1	0	-0.1949999383186193	0
R3HDM2	0	-0.3100304994585057	0
RAB10	0	0.0307551939054236	2
RAB11A	0	-0.10751304370431902	1
RAB11B	0	-0.1409935184817764	2
RAB11FIP1	0	-0.11271816032757506	0
RAB11FIP2	0	-0.15773578087962392	1
RAB11FIP3	0	-0.24463532450201142	0
RAB11FIP5	1	-0.004980337551358438	3
RAB12	0	-0.12072495770342839	1
RAB13	0	-0.09412284016462971	1
RAB14	0	-0.007313196805248045	2
RAB18	1	0.0789685260676991	3
RAB1A	0	0.040537712069706536	2
RAB1B	0	0.029427008927115778	2
RAB20	0	-0.1421532090054147	1
RAB21	0	-0.03527909335213386	2
RAB22A	0	-0.045252739819662643	2
RAB23	0	-0.04880631252556182	2
RAB24	0	-0.14204895995492292	1
RAB27A	0	-0.07632779159981638	1
RAB27B	0	-0.08723919880353859	1
RAB28	0	-0.19846425422839947	0
RAB29	0	-0.06157673106890664	2
RAB2A	0	-0.004791403682641226	2
RAB2B	0	-0.10726564089505308	2
RAB30	0	-0.1612013688626106	0
RAB31	0	-0.06638138816980507	1
RAB32	0	-0.07758543951051369	2
RAB33B	0	-0.11222574760391187	1
RAB34	0	-0.016235388126848806	2
RAB35	0	-0.047349814619818485	2
RAB36	0	-0.48570886091436327	0
RAB3D	0	0.013445081006638604	1
RAB3GAP1	0	-0.12557024653997784	1
RAB3GAP2	0	-0.1212775065928674	1
RAB3IL1	0	-0.042876634174574955	2
RAB3IP	0	-0.15764553133743014	0
RAB43	0	-0.06913709746766349	2
RAB4A	1	-0.017259769979971022	3
RAB4B	0	-0.09052753405772047	2
RAB5A	0	-0.015127179795390522	2
RAB5B	0	0.004945439999297923	2
RAB5C	0	0.04470850998496093	2
RAB5IF	0	-0.10641535482223403	1
RAB6A	0	-0.06855328965876241	1
RAB6B	0	-0.06246261657902683	1
RAB7A	0	-0.13535128562952686	1
RAB8A	0	-0.07170799669767831	2
RAB8B	0	-0.09971267307923534	2
RAB9A	0	-0.07700195239679775	1
RABAC1	0	0.00880497812542606	2
RABEP1	0	-0.07135947246781056	2
RABEP2	0	-0.12936679733336515	0
RABEPK	0	-0.1337405187967043	1
RABGAP1	0	-0.06558736384469888	2
RABGAP1L	0	-0.1688200746649247	0
RABGEF1	0	-0.07390635046635538	2
RABGGTA	0	-0.1644223031509394	1
RABGGTB	0	-0.26372111143691074	1
RABIF	0	-0.2313472691436719	0
RABL3	0	-0.1968953114933989	0
RABL6	0	-0.08581420208921267	2
RAC1	0	-0.07701835856623616	1
RAC2	0	-0.05348074798978051	1
RACGAP1	0	-0.2399470310505845	0
RACK1	0	0.09523827733611687	2
RAD1	0	-0.42612681116091516	0
RAD17	0	-0.29261396344832963	0
RAD21	0	-0.03557287706262672	2
RAD23A	0	-0.028621046708954063	2
RAD23B	0	-0.032952839433696764	2
RAD50	0	-0.2720301316830111	0
RAD54L2	0	-0.2927818277439857	0
RAD9A	0	-0.4176308575557165	0
RAE1	0	-0.11994847256264869	1
RAF1	0	-0.1189953247796652	2
RAI1	0	-0.23513809176333894	0
RAI14	1	0.07877239757640482	4
RALA	0	0.029786643023368215	2
RALB	0	-0.03512677888215958	2
RALBP1	0	-0.13100675889004598	0
RALGAPA1	0	-0.097765727321881	0
RALGAPA2	0	-0.01675130558490747	1
RALGAPB	0	-0.15640470284747948	2
RALGPS2	0	-0.29441775834702744	0
RALY	0	-0.13884218768230072	0
RAMAC	0	-0.1087548314590739	1
RAN	1	-0.02251539722081814	3
RANBP1	1	0.01241786195974764	3
RANBP10	0	-0.12503507371630274	1
RANBP2	0	0.01711924891173206	2
RANBP3	0	-0.11939745142649771	1
RANBP6	0	-0.1538350373646551	0
RANBP9	0	-0.10107373797760602	2
RANGAP1	0	-0.1536601809596217	0
RANGRF	0	-0.2981177271176371	0
RAP1A	0	-0.02243102074222548	1
RAP1B	0	-0.0002839073775821405	1
RAP1GAP	0	-0.08634642440193593	0
RAP1GAP2	0	-0.13794463242483718	0
RAP1GDS1	0	-0.24988927831551763	0
RAP2A	1	0.11928192447273493	3
RAP2B	0	-0.016091327310652076	2
RAP2C	0	0.04768313851972937	2
RAPGEF1	0	-0.1103805304129815	1
RAPGEF2	0	-0.1996389970032147	0
RAPGEF6	0	-0.12471878737676437	0
RAPH1	0	-0.11150833803095181	1
RARA	0	-0.05902702362143064	1
RARRES2	0	-0.01009892434114774	2
RARS2	0	-0.14705856494545091	1
RASA1	0	-0.15068171913799921	0
RASA2	0	-0.098273965036539	1
RASA3	0	-0.055920136259434136	0
RASA4	0	-0.07750339995896563	1
RASAL1	0	-0.0779986582039552	0
RASAL2	0	-0.1479165871980274	0
RASAL3	0	-0.046526304695148915	0
RASGRP2	0	-0.20524523452671337	0
RASIP1	0	-0.08291189028399944	1
RASL12	0	-0.2472179110036307	0
RASSF2	0	-0.23370447325260915	0
RASSF4	0	-0.14829807972086428	0
RASSF5	0	-0.23352024861778684	0
RASSF8	0	-0.14893277343003147	0
RAVER1	0	-0.24359058402132705	0
RAVER2	0	-0.25239171138551175	0
RB1	0	-0.17372553626426862	0
RB1CC1	0	-0.22709832404792843	0
RBBP4	1	0.01078015406414381	3
RBBP5	1	-0.03751077059466046	3
RBBP6	1	0.02059229561292102	3
RBBP7	1	-0.019710687827728158	3
RBBP9	0	-0.11987685721625181	0
RBCK1	0	-0.10826162410392555	0
RBFA	0	-0.3281968136647246	0
RBFOX2	0	-0.10954527729003127	1
RBKS	0	-0.10829963580167512	0
RBL2	0	-0.13624096161976307	0
RBM10	0	-0.1376131333420077	1
RBM12	1	0.09891730567366715	3
RBM12B	0	-0.2000606828323907	0
RBM14	1	0.1100379498248932	3
RBM15	0	-0.06748097604481924	2
RBM15B	0	-0.1139153108520232	0
RBM17	0	-0.0877201157584195	1
RBM18	0	-0.21633169494832183	0
RBM19	0	-0.059423888435298944	2
RBM22	0	0.006473719788195999	1
RBM23	0	-0.14349395356604636	1
RBM25	1	0.08318219758545208	3
RBM26	0	-0.06707136686016624	1
RBM27	0	-0.09432939125032495	0
RBM28	1	-0.005665627134172474	3
RBM3	0	-0.1862269246079196	0
RBM33	0	-0.06601651110724804	2
RBM34	0	-0.1163532657354603	1
RBM39	0	-0.01851470274211152	2
RBM42	0	-0.09741002061508636	2
RBM45	0	-0.10134938106285647	0
RBM47	0	-0.10254105574683434	1
RBM4B	1	-0.007719850379060941	3
RBM5	0	-0.12416210286805662	0
RBM6	0	-0.12598770935068593	1
RBM7	0	-0.17214856027712605	1
RBM8A	0	-0.038170520796209584	2
RBMS1	0	-0.07574307704296315	1
RBMS2	0	-0.14248563419884525	0
RBMS3	0	-0.048622300371082464	1
RBMX	0	-0.1262596606539941	2
RBMX2	0	-0.15223205136732965	1
RBMXL1	0	-0.09486780797558445	2
RBP1	0	-0.08965209347967892	0
RBP4	0	-0.07367300548778355	2
RBP7	0	-0.10801387375520981	0
RBPJ	0	-0.05182481633338698	1
RBPMS	0	-0.1341283273822917	0
RBSN	0	0.013491397129746802	2
RBX1	0	-0.09456729007643067	1
RC3H1	0	-0.24235981872561774	0
RC3H2	0	-0.2611348254215133	0
RCAN1	0	-0.32229361773009213	0
RCBTB2	0	-0.10689688447043263	0
RCC1	0	-0.07968764267524545	1
RCC1L	0	-0.2022522966522633	0
RCC2	0	-0.06462835709601507	1
RCCD1	0	-0.2554182889171325	0
RCHY1	0	-0.06794376515898012	2
RCL1	0	-0.06529874959776703	2
RCN1	0	-0.13531550547539267	0
RCN2	0	-0.1384570204074763	0
RCN3	0	-0.06445005112271356	1
RCOR1	0	-0.13287777803279693	0
RCOR3	0	-0.10814785585108852	0
RCSD1	0	-0.08254584310181452	0
RDH10	0	-0.13371771856080078	0
RDH11	0	-0.0021463293598049382	1
RDH13	0	-0.11245472829221748	0
RDH14	0	-0.04016150403270236	2
RDX	0	-0.21697822630346794	1
RECK	0	-0.225600628597394	1
RECQL	0	-0.17139467266212327	0
RECQL5	0	-0.0882948920595826	2
REEP3	0	-0.10852794972626167	2
REEP4	0	-0.010563293358885718	2
REEP5	0	-0.09335322618432404	1
REEP6	0	-0.08800112546058152	0
REL	0	-0.12336147488665054	0
RELA	0	-0.07586779359513164	1
RELB	0	-0.08150370927083703	0
RELCH	0	-0.16331814121752605	0
RELL1	0	-0.22110976699552096	0
RENBP	0	-0.1402814910979882	0
REPIN1	0	-0.15236495577742565	0
REPS1	0	-0.15660626564282792	1
REPS2	0	-0.07687145700119422	0
RER1	0	0.04235149246191353	2
RERE	0	-0.238614321464624	0
RETN	0	-0.1322616949559887	1
RETREG2	0	-0.2389914684447219	1
RETREG3	0	-0.05977553246656475	1
RETSAT	0	0.0724996471688129	2
REXO2	0	-0.0899254960708435	1
REXO4	0	-0.02444500175411144	2
RFC1	1	0.0390765019135398	3
RFC2	0	-0.16446292253159625	0
RFC3	0	-0.059800571946257486	1
RFC4	0	-0.053240542477612174	1
RFC5	0	-0.039975124568887514	2
RFESD	0	-0.4560316129445085	1
RFFL	0	-0.28993913969085666	0
RFK	0	-0.1276697074157925	0
RFLNB	0	-0.29373589004873846	0
RFT1	1	-0.003954305074528819	3
RFTN1	0	-0.10222459561909521	0
RFX1	0	-0.052914225646571264	1
RFX3	0	-0.26783848125861215	0
RFX5	0	-0.08056992927488163	1
RFX7	0	-0.23459155966086817	0
RFXANK	0	-0.17779609469000862	0
RFXAP	0	-0.302822386193825	0
RGCC	0	-0.15631793427802948	0
RGL2	0	-0.1221883577333043	1
RGN	0	-0.027733940116074517	1
RGP1	0	-0.35784194863809604	0
RGS10	0	-0.07432955850017592	0
RGS12	0	-0.060608300067751794	1
RGS14	0	-0.345753028474438	0
RGS19	0	-0.11196895077614107	1
RGS3	0	-0.16957889937550757	0
RHBDD1	0	-0.26995736195535036	0
RHBDD2	0	0.027429860619938358	2
RHBDD3	0	-0.009976526732687674	2
RHBDF1	0	-0.08757776659958785	1
RHBDF2	0	-0.05934555569956779	1
RHCE	0	-0.046010871831545556	2
RHEB	0	-0.15384566320360785	0
RHOA	0	-0.15071810120881893	1
RHOB	0	-0.18571730451094443	1
RHOC	0	-0.12695221684722227	1
RHOF	0	-0.10895794050580916	1
RHOG	0	-0.13545143720357153	2
RHOQ	1	0.015545744471896227	3
RHOT1	0	-0.09792395384402292	2
RHOT2	1	0.0891678193003695	3
RHPN2	0	-0.09908461277029362	0
RIC1	0	-0.35069732337263554	0
RIC8A	0	-0.18307067154013854	0
RIC8B	0	-0.35171302186551057	0
RICTOR	0	-0.17562378973872314	0
RIDA	0	-0.07117526625740407	1
RIF1	0	0.015154799195912458	2
RILP	0	-0.15849797803783128	1
RILPL1	0	-0.14937503854740503	1
RILPL2	0	-0.2131286858646281	0
RIN1	0	-0.18845724930782187	0
RIN2	0	-0.1819361437369505	0
RIN3	0	-0.09951867473313196	0
RING1	0	-0.053424124937330245	2
RINT1	0	-0.3277170141822805	0
RIOK1	0	-0.1674241222372418	0
RIOK2	0	-0.20841053279585425	0
RIOK3	0	-0.2409331649163013	0
RIOX1	0	-0.24435128692240032	0
RIOX2	0	-0.17994813712888705	0
RIPK1	0	-0.1139261856217741	1
RIPK2	0	-0.1393275429180578	0
RIPK3	0	-0.13524509516787822	0
RIPOR1	0	-0.05601266795880071	2
RIPOR2	0	-0.34064421587051336	0
RIT1	0	-0.18048909411445158	1
RMC1	0	-0.2048613569415425	1
RMDN1	0	-0.08116928354846688	2
RMDN2	1	0.006036927820758079	3
RMDN3	1	-0.06101927962367236	3
RMND1	0	-0.11699910694563094	1
RMND5A	0	-0.28264716731684275	0
RNASE1	0	-0.11405587659139535	0
RNASE2	0	-0.08656478087365907	1
RNASE3	0	-0.11074708479315351	1
RNASE4	1	0.007648725443959059	3
RNASE6	0	-0.14876433923762003	0
RNASEH2A	0	-0.08505992061980666	2
RNASEH2B	0	-0.1409549715207189	1
RNASEH2C	0	-0.09974274659922576	1
RNASEL	0	-0.14805163269692195	0
RNASET2	0	-0.042981400192834376	1
RND3	0	-0.3440405814503764	0
RNF10	0	-0.47521748412740905	0
RNF11	0	-1.0937486046091816	0
RNF113A	0	-0.1611743924780352	0
RNF114	0	-0.08261578216793204	1
RNF115	0	-0.18439828076476078	1
RNF121	0	-0.0223668114490444	2
RNF123	0	-0.05997714083764942	1
RNF126	0	-0.033693705146747875	2
RNF13	0	-0.1700253959327968	0
RNF135	0	-0.17710318349564733	1
RNF14	0	-0.12603340666463736	1
RNF141	0	-0.45344526789186457	0
RNF146	0	-0.19820398447291443	0
RNF149	0	-0.5326500348909907	0
RNF166	0	-0.4580126900203288	0
RNF167	0	-0.2540906004928111	0
RNF169	0	-0.2061112132310003	0
RNF170	0	0.005770723996808644	2
RNF181	0	-0.15372088591854371	1
RNF185	0	-0.05981160895933144	1
RNF2	0	-0.12257416218864661	1
RNF20	0	0.00773769468760806	2
RNF213	0	-0.013477164225451898	2
RNF214	0	-0.20382475321664412	1
RNF216	0	-0.46080948077707085	1
RNF220	0	-0.229473979281007	0
RNF25	0	-0.29221502236496233	0
RNF31	0	-0.2279193058662365	0
RNF34	0	-0.40516867414439534	0
RNF40	1	-0.04035075396503196	3
RNF41	0	-0.1388796222888909	0
RNF5	0	-0.054928294558868454	1
RNF7	0	-0.015289180323225451	1
RNGTT	0	-0.15992841654987675	0
RNH1	0	-0.046245898899203414	2
RNLS	0	-0.24275406714005623	0
RNMT	0	-0.08465713428165789	1
RNPC3	0	-0.32595482699937783	0
RNPEP	0	-0.09651571599752293	1
RNPS1	0	-0.26193456167303747	0
ROBO1	0	-0.21070431997244626	0
ROCK1	0	-0.028032333193993657	1
ROCK2	1	0.006417177884845339	3
ROGDI	0	-0.24141807740269045	0
ROMO1	0	-0.17199760020494814	1
ROR1	0	-0.3377149111722165	0
RP2	0	-0.15993863892614152	1
RP9	0	-0.2593793049269867	0
RPA1	0	-0.1046159012371332	0
RPA2	0	-0.15790157621474413	0
RPA3	0	-0.1274074192185841	0
RPAIN	0	-0.07433548187410173	1
RPAP1	0	-0.2749359038658961	0
RPAP2	0	-0.20032006853690515	0
RPAP3	0	-0.15759496983524343	1
RPE	0	-0.08400279773503357	2
RPF1	0	-0.32504234807756743	1
RPF2	0	-0.04984431767703725	1
RPIA	0	0.006920512794746261	2
RPL10	0	0.07328743428415789	2
RPL10A	0	-0.02086276391355078	1
RPL11	0	-0.013647755162510983	2
RPL12	0	-0.10808312618584492	2
RPL13	0	-0.10325657225435796	2
RPL13A	0	-0.03859077402744336	2
RPL14	0	-0.1574544823655888	0
RPL15	0	-0.12171103864508756	1
RPL17	0	-0.05345917211490701	2
RPL18	0	-0.11226187738493006	0
RPL18A	1	0.09939941141530187	3
RPL19	0	-0.28161936328525694	0
RPL21	0	-0.020737933195100994	2
RPL22	0	-0.1340388311705234	2
RPL22L1	0	-0.13586741611278536	0
RPL23	0	-0.17483596578966915	1
RPL23A	0	-0.1459334042367403	1
RPL24	0	-0.2046790958949806	1
RPL26	0	-0.09563325121981837	1
RPL26L1	0	-0.12288779430717442	2
RPL27	0	-0.08913317700982894	2
RPL27A	1	0.021846086072534247	3
RPL28	0	-0.09121911216339067	2
RPL29	0	-0.1903579578573263	0
RPL3	0	-0.07691619092221941	1
RPL30	1	0.05399042879532252	3
RPL31	0	-0.1351520069571983	1
RPL32	1	-0.1019741974105963	3
RPL34	0	-0.3055498316574703	1
RPL35	0	-0.2839943412948234	1
RPL35A	0	-0.007617854433745438	1
RPL36	0	-0.23894238161360754	0
RPL37	0	-0.2216058099492199	1
RPL37A	0	-0.22789452062262777	0
RPL38	1	-0.017251488760391183	3
RPL39	0	-0.26168781665811913	0
RPL4	0	-0.1089582320121341	2
RPL5	0	-0.10141831837793851	1
RPL6	0	-0.12824673022578814	1
RPL7	0	-0.19085718202893562	1
RPL7A	0	-0.12796848654878673	1
RPL7L1	0	-0.229546189111632	0
RPL8	0	-0.21122220930355562	1
RPL9	1	0.027542169372882046	3
RPLP0	1	0.01916116194685508	4
RPLP1	1	-0.004207532083333254	3
RPLP2	1	-0.029650462119766418	3
RPN1	1	0.1295100253037535	4
RPN2	1	0.0873592106280875	3
RPP14	0	-0.1536386753890934	0
RPP21	0	-0.14441252525241932	0
RPP25	0	-0.18041316059657325	1
RPP25L	0	-0.2048043905777844	0
RPP30	1	-0.12357621876210963	3
RPP38	0	-0.19492314165902977	1
RPP40	0	-0.1643708614122929	1
RPRD1A	0	-0.13863098995687423	1
RPRD1B	0	-0.16789787037089737	0
RPRD2	0	-0.06185165544082616	0
RPS10	0	-0.015773371707813864	2
RPS11	0	0.04043453068579421	2
RPS12	1	0.11170023677428387	4
RPS13	0	0.044356597099840175	2
RPS14	0	-0.15004794114250525	1
RPS15	0	-0.028722022506871704	2
RPS15A	1	0.009887690295130465	3
RPS16	1	0.028427974265271994	3
RPS17	1	0.04722179529264926	3
RPS18	0	-0.0018703085114627704	2
RPS19	0	-0.06756035177842937	2
RPS19BP1	0	-0.1752078144556326	0
RPS2	1	0.07552896639068182	3
RPS20	0	-0.2444060732478844	0
RPS21	0	-0.026955754445891822	2
RPS23	0	-0.19957149022035683	0
RPS24	0	-0.003523199132077659	2
RPS25	1	-0.00455288188898475	3
RPS26	1	0.11410539461788446	3
RPS27A	1	0.07815944979211782	4
RPS28	1	0.0460466491424523	3
RPS29	1	0.01571510786865931	3
RPS3	1	-0.03784730157957673	3
RPS3A	0	0.08296428211730586	2
RPS4X	1	0.13501891473488206	3
RPS5	1	0.051802840846311135	3
RPS6	0	-0.16408184268443413	0
RPS6KA1	0	-0.11305195533635141	0
RPS6KA3	0	-0.15760694179287218	1
RPS6KA4	0	-0.05470165330831232	2
RPS6KA5	0	-0.049601947226494296	1
RPS6KB1	0	-0.2535327589323456	0
RPS6KB2	0	-0.14947339312973168	1
RPS6KC1	0	-0.16638555089457516	1
RPS7	0	0.029691663951105302	1
RPS8	0	-0.04857014730751818	1
RPS9	1	0.026246717361739967	3
RPSA	0	-0.06451723636287786	2
RPTOR	0	-0.14757454251015964	0
RPUSD2	0	-0.07730522279628864	1
RPUSD4	0	-0.36607239930451063	0
RRAD	0	-0.14816237671050514	0
RRAGA	0	-0.14597145444079124	2
RRAGC	1	-0.04237351971049581	3
RRAS	0	-0.10141247897337598	1
RRAS2	0	-0.1724089102594352	1
RRBP1	0	-0.10402582930236437	0
RREB1	0	0.006390878707537548	2
RRM1	0	-0.012333284782653641	2
RRM2	0	-0.07071482131454347	1
RRM2B	0	-0.11842305115856237	1
RRN3	0	-0.3415080765167538	0
RRP1	0	0.039431718878861044	2
RRP12	1	0.013944943470928528	3
RRP15	0	-0.017687078403707802	2
RRP1B	1	-0.015147616755980243	3
RRP36	0	-0.22741556330552498	1
RRP7A	0	-0.15569373174265014	1
RRP8	0	-0.016918971590197375	2
RRP9	1	0.03099612731895566	3
RRS1	0	-0.14298294890682947	0
RSBN1	0	-0.12524915248965934	1
RSBN1L	0	-0.1000282009170129	0
RSF1	0	-0.039035475515422344	2
RSL1D1	0	0.007710908242833585	2
RSL24D1	0	-0.6717094480834472	0
RSPRY1	0	-0.2222612596999002	0
RSRC1	0	-0.09146582310083036	1
RSRC2	0	-0.02157149245990312	1
RSU1	1	0.07827169395975288	4
RTCA	0	-0.24244136094511054	0
RTCB	0	-0.07627411914167789	2
RTF1	0	-0.06100908406486322	1
RTF2	0	-0.07175944936383774	1
RTKN	0	-0.16848404670259598	0
RTL8C	0	-0.30506347298202746	0
RTN1	0	-0.055420026311040135	2
RTN2	0	-0.1846403010102718	0
RTN3	0	-0.08229725169027156	1
RTN4	0	0.004939133040487239	2
RTN4IP1	0	-0.07738115582700031	0
RTRAF	0	-0.1490739181672344	0
RUBCN	0	-0.21539394755543131	0
RUFY1	0	-0.0485647808198579	1
RUFY2	0	-0.026794461014449024	2
RUFY3	0	-0.04133175522897748	1
RUNDC1	0	-0.4041517980272272	1
RUNX1	0	-0.16685533572193587	0
RUSC1	0	-0.649111580471673	0
RUVBL1	0	-0.10002739037637394	1
RUVBL2	0	-0.08222192606954878	1
RWDD1	0	-0.2808690831492541	0
RWDD2B	0	-0.28359088057952714	0
RWDD3	0	-0.5296785855230631	0
RWDD4	0	-0.11608689907529915	0
RXRA	0	-0.1332160788887357	0
RXRB	0	-0.13765768385654048	0
RYBP	0	-0.18299374433823348	0
S100A1	0	-0.2879690048228527	1
S100A10	1	-0.020816090253780156	3
S100A11	0	-0.12114588858725536	0
S100A12	0	-0.13112544608985488	2
S100A13	0	-0.08797453917212987	0
S100A16	0	-0.16346839230008908	0
S100A2	0	-0.21190398670722527	0
S100A3	0	-0.11038316908063694	0
S100A4	0	-0.08685436806143523	1
S100A6	0	-0.012504065400178298	1
S100A8	0	-0.09635839827470344	1
S100A9	0	-0.08517494236102244	2
S100B	0	-0.022687793380434824	1
S100P	0	-0.12441880639471756	0
SAA1	0	-0.3197601898641609	0
SAA2-SAA4	0	-0.28912990912190467	0
SAAL1	0	-0.18100755842042923	1
SACM1L	0	0.058121447701092885	2
SACS	0	-0.1931682950098299	0
SAE1	0	-0.039837680320723386	1
SAFB	1	-0.00392704199875178	3
SAFB2	0	-0.062424119490028095	2
SAMD1	0	-0.25058439973106256	0
SAMD12	0	-0.42793750808160846	0
SAMD4A	0	-0.20266550628682262	0
SAMD4B	0	-0.16087905624382026	0
SAMD9	0	-0.07620804113767699	0
SAMD9L	0	-0.0718366568809531	0
SAMHD1	0	-0.05325159108060314	0
SAMM50	0	-0.04969175627560222	2
SAMSN1	0	-0.10100473957264913	1
SAP130	0	-0.058117819370050214	2
SAP18	1	0.10439132148379966	3
SAP30	0	-0.1792942174111901	1
SAP30BP	1	0.02412831858297228	3
SAP30L	0	-0.07967971637002284	2
SAR1A	0	-0.12303557656596445	0
SAR1B	0	-0.10886016084614451	1
SARAF	0	-0.1303030873943019	1
SARDH	0	-0.054962849654631565	1
SARM1	0	0.013819681089298663	2
SARNP	1	0.05813990200113006	4
SARS2	0	-0.1674473983536087	0
SART1	1	0.018666494853921918	3
SART3	1	-0.007293070570154464	3
SASH1	0	-0.11344723221103063	0
SASH3	0	-0.128519568783726	0
SAT2	0	-0.2792867797199019	0
SAV1	0	-0.14302567300097735	0
SAYSD1	0	-0.11148288781928761	2
SBDS	0	-0.07223129046732846	1
SBF1	1	0.048108304167919204	3
SBF2	0	-0.012820894199432342	2
SBNO1	0	-0.14317409006537574	0
SBSPON	0	-0.03061853045028552	1
SC5D	0	-0.5833731865263405	0
SCAF1	0	-0.11244382903357579	1
SCAF11	0	-0.10825044478069401	1
SCAF4	0	-0.04630604345955662	1
SCAF8	0	-0.17679218590509985	0
SCAI	0	-0.1332578486325392	1
SCAMP1	1	-0.052713021067771315	3
SCAMP2	0	-0.08628372346948066	1
SCAMP3	0	-0.06284399278204991	2
SCAMP4	0	-0.13374461347397426	1
SCAPER	0	-0.17053298688638438	0
SCARB1	0	-0.26699838995659936	0
SCARB2	0	-0.01927895050911666	2
SCARF1	0	-0.19132700126452856	0
SCARF2	0	-0.3313105612086168	0
SCCPDH	0	-0.12364883823451303	0
SCD	0	0.020399448275743425	2
SCD5	0	-0.0884021504674831	0
SCFD1	0	-0.32123106239889115	0
SCFD2	0	-0.39707031355085187	0
SCIN	0	-0.07444431477560957	0
SCLY	0	-0.05528039065700622	2
SCO1	0	0.02837545819366924	2
SCO2	0	-0.039837937179021544	2
SCOC	0	-0.15689577708611152	1
SCP2	0	-0.1356927281032249	1
SCPEP1	0	-0.1876154978262664	0
SCRIB	0	-0.1235605268462648	1
SCRN1	0	0.0037843164444607406	2
SCRN2	0	-0.014803308450397198	2
SCRN3	0	-0.11699086520043997	0
SCUBE3	0	-0.1864683962735874	0
SCYL1	0	-0.19739480671376725	0
SCYL2	0	-0.1196411373968506	0
SCYL3	0	-0.11744243408119645	1
SDAD1	0	-0.16370854487396447	0
SDC1	0	-0.05111280477579701	0
SDC2	0	-0.06588411304352161	0
SDC4	0	-0.11667039018856143	1
SDCBP	0	-0.15917644680141466	1
SDCCAG8	0	-0.15704746230196603	0
SDE2	0	-0.12248549601600814	1
SDF2	0	-0.15972796651090135	1
SDF2L1	0	-0.16437962478809487	0
SDF4	0	-0.1626001064117986	1
SDHA	0	-0.25550392666468313	0
SDHAF2	0	-0.21750754040555212	1
SDHAF3	0	-0.23957658081081723	0
SDHAF4	0	-0.19909760458587236	0
SDHB	0	-0.3281310597982732	0
SDHC	0	-0.34168252281966566	0
SDK1	0	-0.23495666085641842	0
SDR39U1	0	-0.22870344247729282	0
SDS	0	-0.12937437303456747	0
SDSL	0	-0.2842387661900504	0
SEC11A	1	0.11995354333508698	4
SEC11C	0	-0.14353191166605134	0
SEC13	1	0.024623866780953223	3
SEC14L1	0	-0.21387617904700398	1
SEC14L2	0	-0.05484988412395928	0
SEC14L4	0	-0.2100924137513457	1
SEC16A	0	-0.18704027935717554	0
SEC22A	0	0.02229600106179857	2
SEC22B	1	0.01679995251869134	3
SEC23A	0	-0.11279098081829016	0
SEC23B	0	-0.09625382764893921	1
SEC23IP	0	-0.03352782277447806	2
SEC24A	0	-0.2168985858915525	0
SEC24B	0	-0.2721092316254956	0
SEC24C	0	-0.1582666428022788	0
SEC24D	0	-0.13251077411731466	0
SEC31A	0	-0.14648649111135909	1
SEC61A1	1	0.08430321139508527	4
SEC61B	0	-0.048346238882880935	2
SEC61G	0	-0.37958734199195854	0
SEC62	1	0.08770484470694467	3
SEC63	1	0.08444553230901261	4
SECISBP2	0	-0.338164945544756	0
SECISBP2L	0	-0.29193703336312476	0
SEH1L	0	-0.03177178295880652	2
SEL1L	1	0.06052890170117128	3
SELENBP1	0	0.08123075241810931	2
SELENOF	0	-0.27617144568631147	0
SELENOH	0	-0.14111011567358153	1
SELENOK	0	-0.09129082958105524	1
SELENOM	0	-0.07430387483397718	0
SELENON	0	-0.3394177455648389	0
SELENOO	0	-0.14736674705417305	2
SELENOP	0	-0.11094798949521253	2
SELENOS	0	-0.13985902524997107	1
SELENOT	0	-0.1793383309659844	1
SELENOW	0	-0.10351603363514131	1
SELL	1	-0.012887948051024237	3
SELP	0	-0.16115977568211082	0
SEMA3B	0	-0.14884483624884642	0
SEMA3C	0	-0.14516711287026474	0
SEMA4A	0	-0.1626811549603701	0
SEMA4B	0	-0.10041033493234881	0
SEMA4C	0	-0.21673152390574182	1
SEMA4D	0	-0.2012238417365722	0
SEMA7A	0	-0.18434155611079342	1
SENP1	0	-0.17168026475226397	0
SENP2	0	-0.42825534459832515	0
SENP3	0	-0.08831015089930853	1
SENP6	0	-0.26794129902822594	0
SENP7	0	-0.211810157115786	0
SENP8	0	-0.16845442761732693	1
SEPHS1	0	-0.11000673671904111	2
SEPHS2	0	-0.15972250061428886	0
SEPSECS	0	-0.09807430572211107	1
SERAC1	0	-0.25547788047763376	0
SERBP1	0	-0.09163056620107557	2
SERF2	0	-0.10478407758368627	1
SERGEF	0	-0.23828058283490677	1
SERINC1	1	0.029136822558328567	3
SERINC3	0	0.0010231443288740937	1
SERPINA1	0	-0.02954862893135917	2
SERPINA10	0	-0.08452244690658976	2
SERPINA3	0	-0.08176837353465284	2
SERPINA4	1	0.05711230224676417	3
SERPINA5	1	0.06838608431583407	3
SERPINA6	0	-0.013158069399372033	2
SERPINA7	0	-0.01443012758945322	2
SERPINB1	0	-0.1336617588998512	0
SERPINB10	0	-0.1276897530772969	2
SERPINB6	0	-0.014423614047806097	1
SERPINB8	0	-0.1727842271792275	1
SERPINB9	0	-0.10510918423566924	0
SERPINC1	1	0.05716891918633279	3
SERPIND1	0	-0.10644072454385445	2
SERPINE2	0	0.01358633830540006	2
SERPINF1	1	0.013928724391391967	3
SERPINF2	1	0.046861605418561846	3
SERPING1	0	-0.08399646214315967	2
SERPINH1	0	-0.06383175818991668	2
SERPINI1	0	-0.1753054913642895	0
SESN1	0	-0.23119956432311203	0
SESTD1	0	-0.18683238710123112	0
SET	0	-0.08095393766958163	2
SETD1A	0	-0.11954688847683488	1
SETD1B	0	-0.15405422332277752	0
SETD2	0	-0.1597546608041564	0
SETD3	0	-0.1875844288320912	0
SETD7	0	-0.0325560426589449	1
SETDB1	0	-0.12488954487580668	0
SETMAR	1	-0.0014065745804010044	3
SETX	0	-0.1412130736672135	0
SEZ6L2	0	-0.20762909595740706	0
SF1	0	0.03637256501040934	2
SF3A1	0	0.05689826596270999	2
SF3A2	0	-0.033060236493928336	2
SF3A3	0	-0.002960949755650277	2
SF3B1	1	0.06943140998538073	3
SF3B2	0	-0.015551911225530434	2
SF3B3	0	0.012261997994941622	2
SF3B4	0	-0.017902900599393763	1
SF3B5	1	0.024352699761383597	3
SF3B6	1	0.015157557925549825	3
SFN	0	-0.11496347706260512	0
SFPQ	0	0.04277324458653454	2
SFRP1	0	-0.2879960929939588	1
SFRP2	0	-0.5495998383164522	1
SFRP4	0	-0.07319086226369881	2
SFSWAP	0	-0.09766001396176537	1
SFT2D3	0	-0.11787011760207904	2
SFXN1	0	-0.11303325152333095	1
SFXN2	0	-0.13083281477042705	2
SFXN3	0	-0.1309966661247765	1
SFXN4	0	-0.19611956796080302	0
SFXN5	0	-0.15375818814242967	0
SGCB	0	-0.36059226156112956	1
SGCD	0	-0.09351748246604233	1
SGCE	0	-0.2441224838263397	1
SGF29	0	-0.21714522346884127	0
SGK3	0	-0.26181370510890833	0
SGPL1	1	0.13219190336604342	3
SGPP1	0	-0.069832739039243	2
SGSH	0	-0.07304212509336987	2
SGSM3	0	-0.11455596977500049	2
SGTA	0	-0.13183299887673647	1
SGTB	0	-0.11893034341239846	0
SH2B1	0	-0.061049910854484205	2
SH2D3C	0	-0.27751370238807976	0
SH2D4A	0	-0.06282955782217524	1
SH3BGRL	0	-0.08083624748082688	1
SH3BGRL2	0	-0.014660666478961021	2
SH3BGRL3	0	-0.044223718709519674	1
SH3BP1	0	-0.12141381786709511	0
SH3BP2	0	-0.19148957744400857	0
SH3BP4	0	-0.0545150223035953	0
SH3BP5	0	-0.16989808261352765	0
SH3BP5L	0	-0.23144967126147908	1
SH3D19	1	0.025660994246213858	3
SH3GL1	0	-0.13842322180964456	0
SH3GL2	0	-0.1548214139033023	1
SH3GLB1	0	-0.04219014322682224	1
SH3GLB2	0	-0.00041285877859847974	2
SH3KBP1	0	-0.13555043752121004	0
SH3PXD2A	0	-0.0528028616787138	2
SH3PXD2B	1	-0.004905515647882681	3
SH3RF1	0	-0.18417104227759235	0
SH3RF3	0	-0.294642353225536	0
SH3TC1	0	-0.23344287951556647	1
SHANK2	0	-0.10164625151067004	1
SHANK3	1	0.01715345441930852	3
SHARPIN	0	-0.1561351310488925	0
SHB	0	-0.18696021803072774	0
SHBG	0	-0.003991347107093424	1
SHC1	0	-0.1369009140147368	0
SHF	0	-0.3477150590063415	0
SHKBP1	0	-0.29977644121076463	0
SHMT1	0	-0.0730417657915355	1
SHMT2	0	-0.07896312413481879	1
SHOC2	0	-0.19971748398323358	0
SHPK	0	-0.05051453064186552	1
SHROOM1	0	-0.33614042987609516	1
SHROOM2	0	-0.0950770615292655	0
SHROOM3	0	-0.08280424391744691	0
SHROOM4	0	-0.0867249913495618	1
SHTN1	0	-0.04752064626710362	1
SIAE	0	-0.08524541628756205	0
SIAH1	0	-0.2164298211113289	0
SIDT2	0	-0.175589543427894	0
SIGLEC1	0	-0.08122314075396359	1
SIGMAR1	0	-0.36358316777772876	0
SIK2	0	-0.24783649917069478	0
SIK3	0	-0.18227919969117107	0
SIKE1	0	-0.10045939266129282	1
SIL1	0	-0.09401240015258763	1
SIN3A	0	0.016306564475545703	2
SIN3B	0	-0.16897602302790787	1
SIPA1	1	-0.0647015739716179	3
SIPA1L1	0	-0.10841092933372314	0
SIPA1L2	0	-0.0636274722184753	1
SIPA1L3	0	-0.16726386375695376	0
SIRPA	0	-0.07418692677973485	0
SIRT1	0	-0.20252888163472987	0
SIRT2	0	-0.1402920692488483	0
SIRT3	0	-0.15917136139790083	0
SIRT5	0	-0.12687086011380583	1
SIRT6	0	-0.29670117723337425	1
SKAP2	0	-0.15533624999312293	0
SKIV2L	0	-0.35539953561558957	0
SKP1	0	-0.08986518492612475	0
SLAIN2	0	-0.2001838925892872	0
SLC12A2	0	-0.03763267919510678	1
SLC12A4	0	-0.10654149196051263	2
SLC12A6	0	-0.10896969236752621	1
SLC12A7	1	0.06229537990622026	3
SLC12A9	0	-0.0330449755246685	2
SLC15A4	0	-0.02899622655539911	2
SLC16A1	0	-0.06997064491592841	1
SLC16A3	0	-0.007597218625430041	1
SLC17A5	0	-0.14405190674910417	0
SLC19A1	0	-0.4080089978266718	0
SLC1A4	0	-0.0396412501036605	2
SLC1A5	0	-0.012839136114825723	2
SLC20A2	0	-0.20839229756366318	1
SLC22A18	0	-0.048980130714943296	1
SLC25A1	0	0.03282158762539343	2
SLC25A10	0	-0.11557275672519889	2
SLC25A11	0	0.036164209515092124	2
SLC25A12	1	-0.045061226410871735	3
SLC25A13	0	-0.018174114398768815	2
SLC25A15	0	-0.16603842734140722	1
SLC25A16	0	-0.4164814728728346	0
SLC25A19	0	0.01496513577126298	2
SLC25A20	0	0.03129102228777829	2
SLC25A22	0	-0.12922954170303527	1
SLC25A24	0	-0.06924587949882287	2
SLC25A25	0	-0.17158545118463628	1
SLC25A29	0	-0.233273837128318	0
SLC25A3	0	-0.050500610564223766	2
SLC25A32	0	-0.008857193403703662	2
SLC25A4	0	-0.01857534846180977	2
SLC25A40	0	-0.13225397361928934	2
SLC25A46	0	-0.02726880057688938	2
SLC25A5	0	-0.07384999454514876	2
SLC25A51	0	-0.3017038950161782	1
SLC25A6	0	-0.026071997530114983	2
SLC26A2	0	-0.4371755879565643	1
SLC26A6	0	-0.24787019281695696	1
SLC27A1	0	-0.026840644291224635	2
SLC27A2	0	-0.18557053348696642	1
SLC27A3	0	-0.1639581978336961	0
SLC27A4	1	0.03368967825069569	3
SLC29A1	0	-0.42793434120014845	0
SLC2A1	0	-0.04881849127129916	2
SLC2A13	0	-0.18984845780954018	0
SLC2A3	0	-0.07981297182091068	2
SLC2A5	0	-0.06227543991760587	0
SLC30A1	0	-0.0860995248263958	1
SLC30A5	0	0.02687334484833852	2
SLC30A6	0	-0.17487399253868247	1
SLC30A7	0	-0.5685668866951387	0
SLC30A9	1	-0.03210932934026685	3
SLC33A1	1	0.08951462716635936	3
SLC35B2	0	-0.0368090578757436	2
SLC35B3	0	-0.2416715728839854	2
SLC35E1	0	0.03748024261830028	2
SLC35F6	0	0.048780053932318816	2
SLC37A4	0	-0.024918448596816453	2
SLC38A1	0	-0.20619162662597423	1
SLC38A10	0	-0.1564044198961259	0
SLC39A10	0	-0.06979818395899831	1
SLC39A11	0	-0.1848238178186828	1
SLC39A14	0	-0.028987259974977975	1
SLC39A6	0	-0.37093832162518253	1
SLC39A7	0	-0.026037016551246784	2
SLC3A2	1	0.033768946305056724	3
SLC41A3	0	-0.30111098872566494	1
SLC43A2	0	-0.043779698308206966	2
SLC43A3	0	-0.48880935869803527	1
SLC44A1	0	-0.02036229924280631	2
SLC44A2	0	0.035955039725915114	2
SLC44A3	0	-0.6464955866946432	2
SLC4A1	0	0.017091830289859795	1
SLC4A1AP	0	-0.08168739276156271	2
SLC4A2	0	-0.18548615857688253	1
SLC4A4	0	-0.07382229549146424	0
SLC4A7	0	-0.19034015248866248	0
SLC52A2	0	-0.07026488188874862	1
SLC6A6	0	-0.4998298885213872	1
SLC7A1	0	-0.03840254601340156	2
SLC7A5	0	-0.16592450159324038	2
SLC7A6OS	0	-0.35819362095629587	1
SLC8A1	0	-0.23253536354421267	0
SLC9A1	0	-0.13701013711385762	1
SLC9A3R1	0	-0.10294914797959694	0
SLC9A3R2	0	-0.0698470764743508	0
SLC9A6	0	-0.16080704508046242	1
SLC9A7	0	-0.09784917619916643	1
SLC9A9	0	-0.12472241985052221	0
SLCO2A1	0	-0.09654403006510485	0
SLFN11	0	-0.0458708909977818	2
SLFN5	0	-0.05207150854347268	0
SLIRP	0	-0.14543492357823382	2
SLIT2	0	0.011707427547609419	2
SLK	0	-0.06521517950716957	1
SLMAP	0	-0.17692600984123402	2
SLPI	0	-0.05757112556044529	1
SLTM	0	-0.049836642466669766	2
SLU7	0	-0.1170114275662204	1
SMAD2	0	-0.04273692521326928	2
SMAD3	0	-0.03428350012409176	2
SMAD4	0	-0.02572610835310594	2
SMAD5	0	-0.16718428330898932	0
SMAP1	0	-0.19176355387423125	0
SMAP2	0	-0.10211520631514556	1
SMARCA1	0	0.039544093948732616	2
SMARCA2	1	0.061075800837147455	3
SMARCA4	1	0.029238026846829402	3
SMARCA5	1	0.13106718620669802	5
SMARCAD1	0	-0.0875160213338509	1
SMARCAL1	0	-0.30929470223151595	0
SMARCB1	0	-0.047442812352897726	2
SMARCC1	0	-0.14682770282836669	0
SMARCC2	0	-0.011967334872120806	2
SMARCD1	0	-0.11218761225691454	0
SMARCD2	0	-0.17130593711639008	0
SMARCD3	0	-0.04972494038473531	2
SMARCE1	1	0.0072528148575108035	3
SMC1A	1	0.12412715851371278	3
SMC2	1	0.010208985719849939	3
SMC3	1	0.09188726690105156	4
SMC4	1	0.00047130613597234363	3
SMC5	0	-0.06632795419449954	1
SMC6	0	-0.08061565927159622	2
SMCHD1	0	-0.05070703481887369	1
SMCR8	0	-0.3239217945496474	0
SMDT1	0	-0.6306286399012853	0
SMG1	0	-0.12170199337361451	2
SMG5	0	-0.19578534466439906	0
SMG6	0	-0.2783490291228246	0
SMG7	0	-0.20102300061061898	0
SMG8	1	0.0020557152047233074	3
SMG9	0	-0.1835168608977497	0
SMIM12	0	-0.2018081187648384	0
SMIM20	0	-0.20459373437147393	1
SMN1	0	-0.08970157374501345	1
SMNDC1	1	-0.023677760395991503	3
SMOC1	0	-0.08810398384936904	0
SMPD1	0	-0.21365058069076398	0
SMPD2	0	-0.2368925911229546	1
SMPD4	1	0.12962210489003648	3
SMPDL3A	0	-0.1443423074615314	0
SMPDL3B	0	-0.35556999206132156	1
SMS	0	-0.09079688834427038	0
SMTN	0	-0.0954955835782316	1
SMU1	0	-0.11329462634060979	0
SMUG1	0	-0.22684837694359056	1
SMYD2	0	-0.1974247850333416	0
SMYD3	0	-0.0951291960058796	2
SMYD4	0	-0.5737363490245955	0
SMYD5	0	-0.1464993488556476	1
SNAP23	0	-0.07299706753987764	2
SNAP29	0	-0.14558948370826488	1
SNAP47	0	-0.3090866312201262	0
SNAPC5	0	-0.6985742446862753	1
SNAPIN	0	-0.2711303384301989	1
SNCA	0	-0.031091631669058085	1
SNCG	0	-0.048724989351399184	0
SND1	0	-0.10900640569084719	1
SNED1	0	-0.10134569760558132	2
SNF8	0	-0.3042048766323678	1
SNIP1	0	-0.07053118324485715	1
SNRK	0	-0.13160673511188814	0
SNRNP200	1	0.06378263678286007	3
SNRNP27	0	0.022595560474797504	2
SNRNP40	0	0.05556742499609826	2
SNRNP48	0	-0.8703508979456972	0
SNRNP70	1	0.109244716699777	3
SNRPA	0	-0.038925158911327994	2
SNRPA1	0	-0.039249122469553324	2
SNRPB2	1	0.08263873603527888	3
SNRPC	0	-0.02725601954629594	2
SNRPD1	0	-0.27523585187209015	0
SNRPD2	1	0.14024064563848562	3
SNRPD3	0	-0.07735030125178963	1
SNRPE	0	-0.15332696372659818	2
SNRPF	0	-0.032459863402961156	2
SNRPG	0	-0.06756239241782909	0
SNTA1	0	-0.009560383078979396	1
SNTB1	0	-0.07614024835287223	2
SNTB2	1	0.09496829830419633	4
SNU13	0	-0.0052308960977822975	2
SNUPN	0	-0.15051389281867897	1
SNW1	0	-0.1567213728989704	1
SNX1	0	-0.12549316883142467	0
SNX11	0	-0.1151548496958557	1
SNX12	0	-0.04636279083048634	2
SNX13	0	-0.18706696833117037	1
SNX14	0	-0.20522342830283558	1
SNX15	0	-0.18444850833930942	1
SNX16	0	-0.1566686329633758	0
SNX17	0	-0.07723502973053605	2
SNX18	0	-0.018795123131504783	2
SNX19	0	-0.5952983677921961	1
SNX2	0	-0.11338229259742065	1
SNX21	1	-0.035948283245036954	3
SNX24	0	-0.2296575477189152	2
SNX27	0	-0.23024021976291115	0
SNX29	0	-0.2152930780688846	0
SNX3	0	-0.0740885666379496	1
SNX30	0	-0.024845114803043918	1
SNX33	0	-0.08664241047753211	1
SNX4	0	-0.01987912124627214	2
SNX5	0	-0.10527840532407626	1
SNX6	0	-0.11891190897915502	1
SNX7	0	-0.010737980290173282	2
SNX8	0	-0.06252493983866272	1
SNX9	0	-0.08155175068647166	1
SOAT1	1	0.005054566408348277	3
SOD1	0	0.08167227241954916	2
SOD2	0	-0.06894313786843588	1
SOD3	1	0.03707704726230736	3
SOGA1	0	-0.20003656064918784	1
SOGA3	0	-0.16649476249628545	0
SON	1	0.02391855141976969	3
SORBS1	0	0.009645613853892841	2
SORBS2	1	0.0158530937527915	3
SORBS3	1	0.14038770469885847	3
SORCS2	0	-0.2371516186020536	0
SORD	0	-0.06970194391626663	1
SORL1	0	-0.02497339014950282	1
SORT1	0	-0.09775854141970505	1
SOS1	0	-0.15122982481034175	1
SOS2	0	-0.16821140373310323	1
SOWAHB	0	-0.35697989221019005	0
SOWAHC	0	-0.1205409176811008	0
SOX13	0	-0.12573401854747362	0
SOX9	0	-0.17021926267612203	1
SP1	0	-0.06868727979791098	1
SP100	0	-0.045717709941022824	2
SP110	0	-0.12815600282900233	0
SP140L	0	-0.06640823537045382	1
SP2	0	-0.19250393042584207	1
SP3	0	-0.07957060075406383	1
SP4	0	-0.20864693992085237	0
SPAG1	0	-0.13616587180283024	0
SPAG5	0	-0.5105942134236197	0
SPAG7	0	-0.08666639349594166	0
SPAG9	0	-0.13635529494882057	0
SPARC	0	-0.08881236331319356	1
SPARCL1	0	-0.025678969090063536	1
SPART	0	-0.04609096388596103	1
SPAST	0	-0.20452522240415988	1
SPATA13	0	-0.2043805997907929	0
SPATA2	0	-0.2762311719658902	1
SPATA20	0	-0.12287063902491246	1
SPATA5	0	-0.24662654136867931	1
SPATA5L1	0	-0.2928531277032421	0
SPATS2	0	-0.13271273257171315	0
SPATS2L	0	-0.032979086447199664	1
SPCS2	1	0.07542559551438888	3
SPCS3	0	-0.09020934743878387	1
SPECC1	0	-0.027683909288546138	2
SPECC1L	0	-0.19109389599393983	0
SPEG	0	-0.6428508185456632	0
SPEN	0	-0.12015702349761555	1
SPG11	0	-0.248466943711954	0
SPG21	0	-0.12885633636201166	1
SPG7	0	-0.09543958814546011	1
SPHK2	0	-0.2430141809384633	0
SPI1	0	-0.1647430406718746	0
SPICE1	0	-0.321259878277384	0
SPIN1	0	-0.051836544325031195	1
SPINT2	1	-0.012246724247563576	3
SPIRE1	0	-0.20292661844436077	0
SPN	0	-0.07142256233213899	2
SPNS1	0	-0.28415399254393175	1
SPOCK2	0	-0.22805890066255521	0
SPON1	0	-0.053246122164370815	1
SPON2	0	-0.2857379001424248	1
SPOUT1	0	-0.12642745807789005	0
SPP1	0	-0.09275697867186941	1
SPP2	0	-0.16293988232554846	1
SPPL2A	0	-0.3461930904249784	0
SPPL2B	0	-0.22642814814534526	1
SPR	0	-0.060105903439402475	2
SPRY1	0	-0.11446945226134424	1
SPRY4	0	-0.2510810558451574	0
SPRYD3	0	-0.1279275582084235	0
SPRYD4	0	-0.22659441260887295	0
SPRYD7	0	-0.06357804401692334	1
SPTA1	0	-0.04079044152735423	1
SPTAN1	1	0.08748640305941238	4
SPTB	0	-0.0338213014859648	2
SPTBN1	1	0.0523878718237775	4
SPTBN2	1	0.015263756699689263	3
SPTLC1	0	0.000332162963226465	2
SPTLC2	0	-0.032545102489069826	2
SPTY2D1	0	-0.10433594028382161	1
SQLE	0	-0.24435268515831626	1
SQOR	0	-0.06002991367819743	1
SQSTM1	0	-0.0818266173719653	0
SRA1	0	-0.1358956419567146	0
SRBD1	0	-0.07238266380479252	1
SRC	0	-0.0646145448746048	2
SRCAP	0	-0.0015943548563994592	2
SRCIN1	0	-0.08663241096271243	2
SRD5A3	0	-0.03063004080350234	2
SREK1	1	0.07954527146331081	3
SRF	0	-0.18039950701268181	1
SRFBP1	0	-0.1388432830957272	0
SRGAP1	0	-0.20366554131210438	0
SRGAP2	0	-0.04896150932665994	2
SRGN	0	-0.23214211845719895	0
SRI	1	0.01419091016722438	3
SRM	0	-0.12182046573733699	1
SRP14	1	-0.01830792141964006	3
SRP19	0	-0.2967481015101597	0
SRP54	0	-0.35153496603697454	0
SRP68	0	-0.10039838121210731	1
SRP72	0	-0.18038347607829436	1
SRP9	0	-0.05919580199671766	1
SRPK1	0	-0.1847056100873179	0
SRPK2	0	-0.18656147205457854	0
SRPRA	1	0.06178331677070873	3
SRPRB	1	0.13744571808776856	4
SRPX	0	-0.15615468605906555	1
SRPX2	0	-0.1425737682884415	2
SRR	0	-0.3834979512911938	0
SRRM1	0	-0.12753269268524642	2
SRRM2	0	-0.02597257406679302	2
SRRT	1	0.07182797264941977	3
SRSF1	1	0.13879178117087274	4
SRSF10	0	-0.05254422118907952	1
SRSF11	1	-0.05234321687251951	3
SRSF2	0	-0.1238353041688883	1
SRSF3	0	0.07935612607222163	2
SRSF4	0	-0.06650482388144381	1
SRSF5	0	-0.13181655837296635	0
SRSF6	0	-0.070131799671346	1
SRSF7	1	0.09935109088301385	3
SRSF9	0	0.019914986495270397	2
SRXN1	0	-0.09224297267134787	2
SS18	0	-0.15680400474269623	1
SSB	0	-0.10030868662488737	1
SSBP1	0	-0.1683535782553598	1
SSBP2	0	-0.15006916720206614	0
SSBP4	0	-0.1963539931003631	1
SSC5D	1	0.02300515749893452	3
SSH1	0	-0.19149113470893603	0
SSH2	0	-0.24438160198668904	0
SSH3	0	-0.030122050912143716	2
SSNA1	0	-0.20955293035240108	0
SSR1	1	-0.010981779077498855	4
SSR2	0	-0.20983423403194196	1
SSR3	1	0.14718610495248047	3
SSR4	1	0.05302604426381925	3
SSRP1	0	-0.043731258328078185	1
SSU72	0	-0.13004654500171958	0
ST13	0	-0.11817039161827567	0
ST14	0	-0.04014810366221616	2
ST6GAL1	0	-0.11721880211154367	1
ST7	0	-0.3305269682811313	0
STAB1	1	0.0218631316053916	3
STAG1	0	-0.004034183912688919	2
STAG2	1	0.08892115491875083	4
STAM	0	-0.051994094489758266	2
STAM2	0	-0.06418552378037974	1
STAMBP	0	-0.09640943096242849	0
STAMBPL1	0	-0.1620712026136054	0
STARD10	0	-0.09290945259519019	1
STARD13	0	-0.27640237150873725	0
STARD3	0	-0.13330949139091194	1
STARD7	0	-0.10588455586162789	1
STAT1	1	-0.014962115735005402	3
STAT2	0	-0.05436411893268733	1
STAT3	0	-0.12569975580129997	0
STAT5A	0	-0.10327053279704423	1
STAT5B	0	-0.2168626002120399	0
STAT6	1	-0.020729140632530438	3
STAU1	0	-0.10888886071948103	1
STAU2	0	-0.11392318526654033	1
STBD1	0	-0.051192559319556075	2
STC1	0	-0.25603345737138994	1
STC2	0	-0.16966974661220965	0
STEAP3	0	-0.07424929632899964	1
STIM1	1	0.09754406504760806	3
STIM2	0	-0.18879384433334928	0
STIP1	0	-0.012793097655855457	2
STK10	0	-0.10741313270144018	0
STK11	0	-0.22351500801949548	0
STK11IP	0	-0.09008678705183351	1
STK16	0	-0.41327436012076646	0
STK17A	0	-0.37862548504577237	0
STK17B	0	-0.0632981908474106	1
STK24	0	-0.13849853741061285	0
STK25	0	-0.025326297123910706	2
STK26	0	-0.09879853712448824	1
STK3	0	-0.15809919064199945	0
STK32C	0	-0.1993579150995303	0
STK33	0	-0.09223256904553624	0
STK35	0	-0.8343117920692695	0
STK38	0	-0.12382200789320814	1
STK38L	0	-0.08209461242574	1
STK39	0	-0.06586300593749031	1
STK4	0	-0.32130095082637067	0
STMN1	0	-0.062428328217341	1
STN1	0	-0.197671259339618	1
STOM	0	0.01569067527403952	2
STOML2	0	-0.08713370988712055	1
STON1	0	-0.01491657260867756	1
STON2	0	-0.11643751743640832	0
STRADA	0	-0.19026364988935476	0
STRAP	0	-0.0583918370027894	2
STRBP	0	-0.04778605351746164	1
STRIP1	0	-0.1534750508723074	0
STRN	0	-0.12381423217774626	1
STRN3	1	0.001624814685890419	3
STRN4	0	-0.06008333066362502	1
STT3A	1	0.13307640612138527	3
STT3B	0	0.02534900397292727	2
STUB1	0	-0.1225042907329098	0
STX10	0	-0.08158887928481665	2
STX11	0	-0.0983676759044981	1
STX12	0	-0.13872139878258544	0
STX16	0	-0.08636958525292988	2
STX17	0	-0.245404191241886	0
STX18	0	-0.08858028095943407	2
STX2	0	-0.24460380893653627	0
STX3	0	-0.07429985016791225	2
STX4	0	-0.07142259296392786	1
STX5	1	0.06882502164605386	3
STX6	0	-0.07548917607508218	1
STX7	0	-0.06721753726924735	2
STX8	0	-0.2500997226823597	1
STXBP1	1	0.04230800325536244	3
STXBP2	0	-0.05580972756043784	1
STXBP3	0	-0.06073637485232071	2
STXBP4	0	-0.10858172306121538	1
STXBP5	0	-0.29581793868014533	0
STXBP6	0	-0.04765607812245097	2
SUB1	0	-0.15292774496516812	1
SUCLA2	0	-0.1122278549209899	0
SUCLG1	0	-0.08019176388884937	1
SUCLG2	0	-0.12948341669194835	0
SUDS3	0	-0.0355928201169239	1
SUFU	0	-0.36262067735988485	0
SUGP1	0	-0.10569500822817053	0
SUGP2	0	-0.1180236619651778	1
SUGT1	0	-0.10441939881708237	2
SULF1	0	-0.1392546100405101	1
SULF2	0	-0.11030843557519587	0
SULT1A1	0	-0.0568218158517233	1
SULT1A3	0	-0.11107411572207111	0
SULT1B1	0	-0.13238170432090887	0
SUMF1	0	-0.0831364820813332	1
SUMF2	0	-0.09692068390310155	0
SUMO1	0	-0.1396971118951548	1
SUMO2	0	-0.1857079663012809	0
SUN1	0	0.025728326100997106	2
SUN2	1	0.00775400091196139	3
SUOX	0	-0.2094457812722077	0
SUPT16H	1	0.004014474421613	3
SUPT20H	0	-0.29266674493068645	1
SUPT3H	0	-0.8128288396189568	0
SUPT4H1	0	-0.17707529445742148	1
SUPT5H	0	-0.01707572163131673	2
SUPT6H	0	-0.024923876685332625	1
SUPV3L1	0	-0.13655072965383208	0
SURF1	0	-0.029654618150980742	2
SURF2	0	-0.3033762246505367	0
SURF4	0	0.02330192781331277	2
SURF6	0	-0.20926349585672654	0
SUSD2	0	-0.02633702092108998	2
SUZ12	0	-0.17588454107632617	0
SVBP	0	-0.2559663992559329	0
SVEP1	0	-0.0573643678162012	2
SVIL	0	-0.03498778137154994	2
SVIP	0	-0.06273146194756714	2
SWAP70	0	-0.130099374696071	0
SYAP1	0	-0.10814174476501526	1
SYDE1	0	-0.07931920332356926	1
SYF2	0	-0.25690467491082886	0
SYK	0	-0.08111260064618968	0
SYMPK	1	0.005623820487031084	3
SYN2	0	-0.6822647048492849	0
SYNC	0	-0.1814303472697126	1
SYNCRIP	0	-0.07328800489355931	2
SYNE1	0	-0.12202263026979235	0
SYNE2	0	-0.017897636555829283	2
SYNE3	0	-0.21537187647051717	0
SYNGR1	0	-0.23110917422005803	0
SYNGR2	0	-0.04220443447706219	1
SYNJ1	0	-0.00938840378299408	1
SYNJ2	0	-0.09428258284822326	0
SYNJ2BP-COX16	0	-0.06208332006512496	2
SYNM	0	-0.09067273852753191	0
SYNPO	1	0.08599340244490092	3
SYNPO2	0	-0.058263673460118834	0
SYNRG	0	-0.1291316915874264	1
SYPL1	1	-0.07973060730144932	3
SYTL2	0	-0.03592631412460806	1
SYTL4	0	-0.053294638668709	0
SYVN1	0	-0.04370838923369626	1
SZRD1	0	-0.2203174044133472	0
SZT2	0	-0.18182711756478456	0
TAB1	0	-0.13086071359695914	2
TAB2	0	-0.17399354872918887	0
TAB3	0	-0.22905255502704902	0
TACC1	0	-0.08375837934037468	1
TACC2	0	-0.09508219280739846	0
TACC3	0	-0.09750030003132294	1
TACO1	0	-0.10102309807937553	1
TADA1	0	-0.4218560543496196	0
TADA2B	0	-0.5563237530502662	0
TADA3	1	-0.06071494463491449	3
TAF1	0	-0.1772706440772141	0
TAF10	0	-0.19737328609015445	0
TAF11	0	-0.659092668020038	0
TAF12	0	-0.19630826612316438	0
TAF15	0	-0.10237611763699625	1
TAF2	0	-0.11223158462256852	1
TAF3	0	-0.4344538081819921	0
TAF4	0	-0.09180175528291294	0
TAF5	0	-0.2690688161377225	0
TAF5L	0	-0.22256003677567665	1
TAF6	0	-0.1832341837432267	1
TAF6L	0	-0.07430072055661033	2
TAF7	0	-0.058937585090325505	1
TAF8	0	-0.2849205019523272	1
TAF9	0	-0.0410295998101589	2
TAF9B	1	-0.010622422307693741	3
TAGLN	0	-0.07075082023977301	0
TAGLN2	0	-0.03902608067856194	1
TALDO1	1	0.010401114506705616	3
TAMM41	0	-0.3510197006946282	0
TANC1	0	-0.11120540058108175	0
TANC2	0	-0.055129824417633	1
TANGO2	1	0.07196101968378635	4
TANGO6	0	-0.29103234136165756	0
TANK	0	-0.06805131503560809	2
TAOK1	0	-0.08563803412746315	1
TAOK2	0	-0.08256124308701544	1
TAOK3	0	-0.15881339367527225	0
TAP1	1	0.015972798583848404	3
TAP2	1	0.05419782203529252	3
TAPBP	1	0.05096923030837032	3
TAPBPL	0	-0.09059014803229941	1
TAPT1	0	-0.01569475199188442	2
TARBP1	0	-0.1807792309065998	0
TARBP2	0	-0.25577803133870025	0
TARDBP	1	0.008593352104333818	3
TARS2	0	-0.13612397542815874	1
TASP1	0	-0.09762926739637674	1
TATDN1	0	-0.17415867999045978	0
TATDN3	0	-0.22483415194538656	0
TAX1BP1	0	-0.08080833126472926	0
TAX1BP3	0	-0.04573772334501523	1
TBC1D1	0	-0.06673530716402096	1
TBC1D10A	0	-0.23715874848321783	0
TBC1D10B	0	-0.15751689788268392	0
TBC1D10C	0	-0.26581524028069003	1
TBC1D13	0	-0.1846402734326264	0
TBC1D15	0	-0.10416426097702429	1
TBC1D16	0	-0.28294638229731295	0
TBC1D17	0	-0.01718958897499368	2
TBC1D2	0	-0.08976810765922327	1
TBC1D20	0	-0.20276737343205617	1
TBC1D22A	0	-0.11852148683334329	1
TBC1D22B	0	-0.14032057291485409	1
TBC1D23	0	-0.1837892378576668	0
TBC1D24	0	-0.11335674418695615	0
TBC1D2B	0	-0.011556141382785578	2
TBC1D4	0	-0.07808155235524183	0
TBC1D5	0	-0.04696185189602664	0
TBC1D7	0	-0.19436586018277463	1
TBC1D8	0	-0.23853109039268153	0
TBC1D8B	0	-0.10468584790684794	1
TBC1D9	0	-0.06327226017861087	1
TBC1D9B	0	-0.07682203111782854	1
TBCA	0	-0.04881435647385636	2
TBCB	0	-0.062203503993106334	2
TBCC	0	-0.1575557052318056	1
TBCD	0	-0.27301133392015897	0
TBCE	0	-0.21066084304207192	0
TBCEL	0	-0.06227705808649577	2
TBCK	0	-0.21559201269399214	0
TBK1	0	-0.1941411246355504	0
TBL1X	0	-0.11902475836664603	1
TBL1XR1	0	-0.01181026153861534	2
TBL2	0	-0.0032463622308095603	2
TBL3	0	-0.05225156194169783	1
TBP	0	-0.18586411241757955	2
TBPL1	0	-0.5889608325892116	1
TBRG4	0	-0.1859761887412853	1
TBX2	0	-0.16379327016496056	1
TBXAS1	1	0.003833393609045127	3
TCAF1	0	-0.10682123465902689	2
TCAF2	0	-0.1478003199736038	0
TCEA1	0	-0.01566602242393376	2
TCEA2	0	-0.08021212410175349	1
TCEA3	0	-0.09317509219708417	0
TCEAL1	0	-0.1185098788744429	1
TCEAL3	0	-0.02689061812750542	1
TCEAL4	1	-0.015114605494967579	3
TCERG1	0	-0.027417264937983556	2
TCF12	0	-0.11780948725398768	1
TCF20	0	-0.14896571938722122	0
TCF25	0	-0.16311821179525116	1
TCF3	0	-0.2346727910285776	0
TCF4	0	-0.07337475662517208	1
TCHP	0	-0.33183123905110495	0
TCIRG1	0	-0.08750095151240667	1
TCN2	0	-0.33171431380690375	0
TCOF1	0	-0.04459966704488804	2
TCP1	0	-0.035001049483989646	2
TCP11L1	0	-0.08447317100965904	1
TCP11L2	0	-0.4368368390427836	0
TCTN3	0	-0.22782156614957655	1
TDG	0	-0.37408489965547037	0
TDP1	0	-0.14222554709497787	0
TDP2	0	-0.2041813620088572	0
TDRD3	0	-0.2122149178119864	0
TDRD7	0	-0.15211271315559824	1
TDRKH	0	-0.08101315186515104	2
TDRP	0	-0.13530694229849372	0
TEAD1	0	-0.16608909300623897	0
TEAD3	0	-0.18415478852227526	0
TECPR1	0	-0.07044259542379072	1
TECPR2	0	-0.05586401746635668	2
TECR	0	0.03709791769354761	2
TEFM	0	-0.2887044086233669	0
TELO2	0	-0.1827895264799615	0
TENT2	0	-0.34627301553398654	0
TENT4B	0	-0.14058527452718647	1
TEP1	0	-0.033415096236159056	2
TEPSIN	0	-0.3905235594214418	0
TERF1	0	-0.21403110788787233	0
TERF2	0	-0.12161478017306479	1
TERF2IP	0	-0.10949931702462719	1
TES	0	-0.03079171194029918	2
TESC	0	-0.05558138132746497	0
TEX10	0	-0.10493499498752568	2
TEX2	0	-0.1402241315903347	1
TEX264	1	0.038481929264120175	3
TEX30	0	-0.6813724051871227	0
TF	1	-0.08981964076137473	3
TFAM	0	-0.20120699731994254	0
TFAP4	0	-0.28906543264955553	0
TFB1M	0	-0.2764226356328802	0
TFB2M	0	-0.06282530005463512	2
TFCP2	0	-0.22510175233099913	0
TFDP1	0	-0.2481084067127708	0
TFDP2	0	-0.2498659345329762	1
TFE3	0	-0.13936044747369367	0
TFEB	0	-0.13852899518437267	0
TFG	0	-0.11577123296271603	1
TFIP11	0	-0.044483467042167955	1
TFPI	0	-0.09219807417984867	1
TFRC	0	-0.06071101448756898	2
TGFB1	0	-0.06609053080968866	1
TGFB1I1	0	0.004237578115651519	2
TGFB2	0	-0.06873449702922835	1
TGFBI	0	-0.037470692209274535	1
TGFBR1	0	-0.32287609069234313	0
TGFBR2	0	-0.37346169440011306	1
TGFBR3	0	-0.17351949143460516	0
TGFBRAP1	0	-0.13026380949054578	1
TGIF1	0	-0.07916141157821834	1
TGM2	0	-0.06442849704424566	0
TGOLN2	1	0.1475149636938557	3
TGS1	0	-0.2249368513648065	0
THADA	0	-0.15128718425419357	1
THAP11	0	-0.14484976066701077	2
THAP12	0	-0.24632093856472076	0
THAP4	0	-0.32144906991628563	0
THBD	0	-0.26534887203721763	0
THBS1	0	-0.022001367089411496	2
THBS2	0	0.011534189761489521	2
THBS3	1	-0.011992969538950854	3
THBS4	1	0.00795387848698488	3
THEM4	0	-0.18514997967263577	1
THEM6	1	0.08639773233304068	3
THEMIS	0	-0.2407840775512239	0
THEMIS2	0	-0.11331119451139067	0
THG1L	0	-0.13027183549234414	1
THNSL1	0	-0.06911463430894572	0
THNSL2	0	-0.21204257748209296	0
THOC1	0	-0.09554748885330644	1
THOC2	1	0.05108565144524994	3
THOC3	0	-0.10157694121757672	1
THOC5	0	-0.03564300160841596	2
THOC6	0	-0.11195092058729295	1
THOC7	0	-0.113937021464436	1
THOP1	0	-0.07973446269213087	1
THRAP3	0	0.03902322537701902	2
THSD4	0	0.00718756157745361	2
THSD7A	0	-0.024204474223839277	2
THTPA	0	-0.08739510234935297	2
THUMPD1	0	-0.12704068325607218	1
THUMPD3	0	-0.17525926033233952	0
THY1	0	-0.09107111657417441	0
THYN1	0	-0.07323330954079146	2
TIA1	0	-0.18595985576227503	0
TIAL1	0	-0.12026536771230303	1
TIAM1	0	-0.6905212776789813	0
TICAM1	0	-0.7136793255624061	0
TIE1	0	-0.5364482411013184	0
TIFA	0	-0.21821632862997892	0
TIGAR	0	-0.12156693425009688	2
TIMELESS	0	-0.49624444289223335	0
TIMM10	0	-0.18946537909155228	0
TIMM10B	0	-0.11703017104481675	1
TIMM13	0	-0.12636926733131706	0
TIMM17A	0	-0.34584931152686904	1
TIMM17B	0	-0.22260538953769515	0
TIMM21	0	0.04192050959421526	2
TIMM22	0	-0.2785982609801587	0
TIMM23	0	-0.10617910067167566	2
TIMM29	0	-0.24491953644548387	2
TIMM44	0	-0.03136218230102774	2
TIMM50	0	-0.06614177213326475	2
TIMM8A	0	-0.13984911577384818	1
TIMM8B	0	-0.22480802815525366	0
TIMM9	0	-0.22236147521051083	0
TIMMDC1	0	-0.040318543352614374	2
TIMP1	1	-0.01931505168889884	3
TIMP2	0	-0.09671078816954194	2
TIMP3	1	-0.03432083547020416	3
TINAGL1	0	-0.1271659914299061	1
TINF2	0	-0.24010813122979507	1
TIPRL	0	-0.22454595024848553	0
TJAP1	1	-0.0327682322246469	3
TJP1	0	-0.05164325308953686	2
TJP2	0	-0.040093894207147	1
TK1	0	-0.09979033761033387	1
TK2	0	-0.2921546409462381	0
TKFC	0	-0.05044092017765632	2
TKT	1	-0.005048647024944121	3
TLE1	0	-0.1353365126677082	0
TLE3	0	-0.11892453405609833	1
TLK1	0	-0.049449301195716874	0
TLK2	0	-0.16610564455815888	0
TLN1	0	-0.0036024566747197423	2
TLN2	1	0.053819530592168555	4
TLNRD1	0	-0.27377469287562617	0
TLR2	0	-0.07613983158223483	0
TLR3	0	-0.06657771282284668	1
TM2D3	0	-0.16394187851811176	2
TM7SF2	0	-0.021469034347363858	1
TM7SF3	0	-0.11170230986091552	1
TM9SF1	0	0.0008919889451586546	2
TM9SF2	0	0.0921625295772033	2
TM9SF3	1	0.1195088444142087	3
TM9SF4	0	0.07781548425189469	2
TMA16	0	-0.1810838167507703	1
TMA7	0	-0.29266585193108846	0
TMBIM6	0	-0.03114694094427011	1
TMCC1	0	-0.2168517064632062	0
TMCC3	0	-0.13190747031436195	0
TMCO1	0	-0.03315288921715301	2
TMCO3	0	0.010546070641507043	2
TMCO4	0	-0.18133883829583144	0
TMED1	0	-0.08352717721321763	1
TMED10	1	0.08122589702875435	3
TMED2	1	0.1410336815240712	3
TMED3	0	-0.09949342364562999	1
TMED4	0	-0.0708229925886612	2
TMED5	0	0.010475142733513201	2
TMED8	0	-0.2010784460018562	0
TMED9	0	-0.044992319135592415	1
TMEM101	0	-0.4866827346344456	0
TMEM102	0	-0.348572913730881	0
TMEM106B	0	-0.14864808924456602	0
TMEM109	1	0.05855140350643042	3
TMEM11	0	-0.18247227571282387	1
TMEM115	0	-0.12123496705098438	0
TMEM119	0	-0.19238000664072707	1
TMEM120A	0	0.02366881538783642	2
TMEM120B	0	-0.26138512105167877	0
TMEM126A	0	-0.1965300281827124	0
TMEM126B	0	-0.28816216585518584	0
TMEM131	0	-0.06418306451726788	1
TMEM132A	0	-0.34888343112224385	0
TMEM134	0	-0.16403101074142287	1
TMEM135	0	-0.3653594044385964	2
TMEM147	0	-0.06273020910020195	1
TMEM159	0	-0.20463698393864732	0
TMEM161A	0	-0.06448059631829939	1
TMEM165	1	0.05230782857484904	3
TMEM167A	1	0.013900751076588797	3
TMEM168	0	-0.051079115510493246	2
TMEM177	0	-0.18496524690082097	0
TMEM179B	0	-0.024112572609195	2
TMEM181	0	-0.22598075490616876	0
TMEM192	0	-0.08853348085566964	1
TMEM199	0	-0.03631540000534838	2
TMEM201	1	-0.018961945221616018	3
TMEM205	0	-0.04174134546186521	2
TMEM209	0	-0.11255323675391697	1
TMEM214	1	0.1857839893335363	4
TMEM222	0	-0.0004635161654853948	2
TMEM223	0	-0.10226154487306935	1
TMEM230	0	-0.14417078097213448	2
TMEM245	0	-0.030440199305289555	2
TMEM259	0	-0.20221920085638798	1
TMEM263	0	-0.07636708241172419	1
TMEM30A	0	-0.05991074161744464	2
TMEM33	1	-0.05762828040362779	3
TMEM41A	0	-0.09786980936664447	1
TMEM41B	0	-0.04586922261195812	2
TMEM43	0	0.10716014599722141	2
TMEM51	0	-0.08412962593100312	1
TMEM59	0	-0.35843458597713684	0
TMEM62	0	-0.12736088636298484	1
TMEM63A	1	0.03021013067412891	3
TMEM63B	0	-0.07985770307994819	2
TMEM65	0	-0.05600220663916804	1
TMEM68	0	-0.20032358850260082	0
TMEM70	0	-0.031139496734728343	1
TMEM87A	0	0.015889819678659406	2
TMEM87B	0	0.007627516656454505	2
TMEM97	0	-0.30305828977007704	0
TMEM9B	0	-0.21606162160126696	2
TMF1	0	-0.08087709399667098	2
TMLHE	0	-0.10608919712896983	2
TMOD1	1	0.09680955559083315	3
TMOD2	0	-0.027864886669670647	2
TMOD3	0	-0.10872255084566085	1
TMPO	0	-0.08210830755740335	0
TMPPE	0	-0.5458672317747336	0
TMSB10	0	-0.11919817642364654	0
TMSB4X	0	-0.09550075496490938	2
TMTC3	0	0.09829030625986013	2
TMTC4	0	-0.3193006512942164	1
TMUB1	0	-0.15547856519163833	1
TMUB2	0	-0.21297419172338797	2
TMX1	0	0.011857190330467334	1
TMX2	0	0.028082400077617142	2
TMX3	0	-0.04347392032968635	2
TMX4	1	0.040240842457838676	3
TNC	0	-0.11501849168921911	1
TNFAIP2	0	-0.08072947549122893	1
TNFAIP3	0	-0.15036260263440587	0
TNFAIP6	0	-0.43224415812944283	1
TNFAIP8	0	-0.05716908974378809	1
TNFAIP8L2	0	-0.14123295572539166	0
TNFAIP8L3	0	-0.08105496947668647	1
TNFRSF12A	0	-0.17521624467018798	0
TNFRSF14	0	-0.4920873897608743	0
TNFRSF1A	0	-0.3372728743656492	0
TNFSF12	0	-0.2047420187553571	0
TNIK	0	-0.11373037180663634	0
TNIP1	0	-0.23788017373318543	0
TNIP2	0	-0.26891399922734877	0
TNK2	0	-0.3636123120426812	0
TNKS	0	-0.3863223208941874	0
TNKS1BP1	0	-0.1096691372145012	0
TNPO1	1	-0.1016065862456554	3
TNPO2	1	0.023930805469169418	3
TNPO3	1	-0.015890971370728597	3
TNRC18	0	-0.2716285279111331	0
TNRC6A	0	-0.2526405119529577	0
TNRC6B	0	-0.05050657282704294	2
TNRC6C	0	-0.22764285524914052	0
TNS1	1	0.08004776665290846	4
TNS2	1	0.009783766466446978	3
TNS3	0	-0.04475136711602935	1
TNXB	0	-0.03984033647927634	1
TOE1	0	-0.14941249032749365	0
TOLLIP	1	0.027138180949122397	3
TOM1	0	-0.08859242133923938	1
TOM1L1	0	-0.11040623399457077	1
TOM1L2	1	0.01709512154893374	3
TOMM20	0	-0.22035108921680274	1
TOMM22	1	-0.053975792527393415	3
TOMM34	0	-0.1714312084362079	0
TOMM40	1	0.036934164183327976	3
TOMM5	0	0.0011640386195231	1
TOMM6	0	-0.1306330444801742	1
TOMM7	0	-0.18101870809557524	1
TOMM70	0	-0.05502643303751272	2
TOP1	0	0.0415419595437743	2
TOP2A	0	-0.10297373086894905	1
TOP2B	0	-0.010524784185250293	2
TOP3A	0	-0.3556506081128041	0
TOP3B	0	-0.1930797356466412	0
TOPBP1	0	-0.12171472180033138	0
TOR1A	0	-0.15913939060713495	0
TOR1AIP1	0	-0.07857276242223382	1
TOR1AIP2	0	-0.01440545502453942	1
TOR1B	0	-0.22538540047060804	0
TOR2A	0	-0.11784902500720222	0
TOR3A	0	-0.10066849734997145	0
TOR4A	0	-0.14306931822283342	1
TOX4	0	-0.08333675196819215	0
TP53BP1	0	-0.11081068102088842	0
TP53BP2	0	-0.11547822562054702	0
TP53I11	0	-0.15129692219871133	2
TP53I3	0	-0.1142515243584056	1
TP53RK	0	-0.25258691787214904	0
TPBG	0	-0.060253061738979964	1
TPCN1	0	-0.10225498850933731	1
TPD52	0	-0.030900463579305777	1
TPD52L1	0	-0.05762435354630628	2
TPD52L2	1	0.022479491742966862	3
TPI1	0	-0.00873492679272812	2
TPK1	0	-0.052319243334925505	2
TPM1	0	-0.08503630260375655	1
TPM2	0	-0.07307098801471082	1
TPM3	0	-0.028310533476668127	2
TPM4	0	-0.030953495012031845	2
TPMT	0	-0.17310465986935603	1
TPP1	0	-0.12586051301213072	1
TPP2	0	-0.08046524567574949	1
TPPP	0	-0.049200233272407703	2
TPPP3	0	-0.04945581661496098	0
TPR	0	0.005780850414472715	2
TPRG1L	0	-0.059726381191566126	1
TPRKB	0	-0.24427816209225792	0
TPRN	0	-0.1443861447654639	0
TPST1	0	-0.13329530464500933	1
TPST2	0	-0.10295175633942961	1
TPT1	0	-0.16153147962189257	2
TPX2	0	-0.09921174451698189	1
TRA2A	0	-0.13417811467223892	1
TRA2B	1	0.13077197851867686	4
TRABD	0	-0.17165543009318002	2
TRADD	0	-0.06608306966670538	2
TRAF1	0	-0.10243419572632464	1
TRAF2	0	-0.09452893593562708	1
TRAF3	0	-0.23389637368868493	0
TRAF3IP1	0	-0.0877041380543343	1
TRAF3IP2	0	-0.4348476755461016	0
TRAF3IP3	0	-0.16833218370209632	0
TRAF4	0	-0.19302756360290219	1
TRAF5	0	-0.25122291289895804	0
TRAF6	0	-0.17884359398006702	0
TRAF7	0	-0.2653411370065211	0
TRAFD1	0	-0.034691749532746244	1
TRAK1	0	-0.6261166685066734	0
TRAM1	0	-0.10371939601599023	1
TRAP1	0	-0.13148303068466863	1
TRAPPC1	0	-0.24451146176944252	0
TRAPPC10	0	-0.0819815082037883	1
TRAPPC11	0	-0.2122675394398982	0
TRAPPC12	0	-0.26105981429635206	0
TRAPPC13	0	-0.2642030208554972	0
TRAPPC2	0	-0.24881918143027595	0
TRAPPC2L	0	-0.19067113622812942	0
TRAPPC3	0	-0.31418555617850324	0
TRAPPC4	0	-0.28694184507949794	0
TRAPPC5	0	-0.31472969682005375	0
TRAPPC6A	0	-0.15970923698673767	0
TRAPPC6B	0	-0.29576617915858083	0
TRAPPC8	0	-0.2145650219733172	0
TRAPPC9	0	-0.13136916081414218	1
TREX1	0	-0.4481390969444402	0
TRIAP1	0	-0.14151563546496557	1
TRIM14	0	-0.2114257539846343	0
TRIM16	0	-0.038487463642652674	1
TRIM2	0	-0.10912934828760086	0
TRIM21	0	-0.06482650263806125	0
TRIM22	0	-0.06755089632902206	1
TRIM24	0	-0.09853933966189529	2
TRIM25	0	-0.13339057358977985	1
TRIM26	0	-0.24778621974431334	0
TRIM27	0	-0.24675727220487223	0
TRIM28	0	-0.14332639537377415	1
TRIM3	0	-0.14510918776908793	0
TRIM32	0	-0.1526648472986362	0
TRIM33	0	-0.06643638959565017	1
TRIM38	0	-0.03692526775282094	2
TRIM4	0	-0.1115767788201983	1
TRIM41	0	-0.3507009463568188	0
TRIM44	0	-0.681744025401519	0
TRIM47	0	-0.1387221636217824	1
TRIM5	0	-0.18344206837143012	1
TRIM56	0	-0.2328772762999196	0
TRIM65	0	-0.16549489469064538	0
TRIM68	0	-0.3358102916132109	0
TRIO	0	-0.10329296186726697	2
TRIOBP	0	0.024490501132548796	2
TRIP10	0	-0.12047719810746635	0
TRIP11	0	-0.17703669907717795	0
TRIP12	0	-0.04280582684394406	1
TRIP13	0	-0.15571756269553821	1
TRIP4	0	-0.11444025676839653	0
TRIP6	0	-0.01451840063418256	2
TRIR	0	-0.11054333898060131	1
TRIT1	0	-0.14961136574058073	0
TRMT1	0	-0.1803921116969513	0
TRMT10A	0	-0.4098549197773325	0
TRMT10C	0	-0.1411496913514523	0
TRMT11	0	-0.21652593324140929	1
TRMT112	0	-0.23862582311987443	0
TRMT13	0	-0.38460494020521774	0
TRMT1L	0	-0.03502614263217668	2
TRMT2A	0	-0.11737249945787061	0
TRMT5	0	-0.14925058800035113	0
TRMT6	0	-0.14480619295091493	0
TRMT61A	0	-0.09903099435629595	1
TRMT61B	0	-0.126716653559921	0
TRMU	0	-0.215004968114489	0
TRNAU1AP	0	-0.23330385662368772	0
TRNT1	0	-0.32652829742072625	1
TRPM4	0	-0.11819618370036158	1
TRPM7	0	-0.5209872000720057	0
TRPS1	0	-0.12986934175516235	0
TRPT1	0	-0.21039992139429414	0
TRPV2	0	-0.09352758111370776	0
TRRAP	1	0.09064591552955638	4
TRUB1	0	-0.16512797656662465	0
TRUB2	0	-0.5407660167816677	0
TSC1	0	-0.12210824746506943	1
TSC2	0	-0.16177303686844366	0
TSC22D1	0	-0.13297770967060174	1
TSC22D2	0	-0.11051984053101589	0
TSC22D3	0	-0.18906399442716543	0
TSC22D4	0	-0.02399189740615116	2
TSEN15	0	-0.22551389619068535	0
TSEN2	0	-0.4158980107742953	0
TSEN34	0	-0.1806137556855813	0
TSEN54	0	-0.23466345655299317	1
TSFM	0	-0.047480712656954235	1
TSG101	0	-0.16599232660253788	1
TSKU	0	-0.403780701188201	0
TSN	0	-0.10236406698570558	1
TSNAX	0	-0.10444579325910248	1
TSPAN13	0	-0.11960379194498202	1
TSPAN14	0	-0.07113423651245583	1
TSPAN15	0	-0.02252827764170288	2
TSPAN6	0	-0.031924639335658436	2
TSPAN7	0	-0.23068956600532503	0
TSPAN8	0	-0.046266987829069885	1
TSPAN9	0	-0.0143636485394324	1
TSPO	0	-0.22350373555849162	0
TSPYL1	0	-0.3712758924161511	0
TSPYL4	0	-0.5293446521916708	0
TSPYL5	0	-0.06461762543793417	1
TSR1	0	-0.06823394345186963	0
TSR2	0	-0.18399778396116953	0
TSR3	0	-0.2631261526469769	0
TSSC4	0	-0.20416454107125176	0
TST	0	-0.058520718861329236	1
TSTD1	0	-0.030745829312203578	2
TSTD2	0	-0.5709001481088936	0
TTC1	0	-0.08647384983402233	1
TTC12	0	-0.2509873772785687	1
TTC13	0	-0.34237561967536684	0
TTC14	0	-0.1493558887521816	1
TTC17	0	-0.17759436821305036	1
TTC19	0	-0.2237724239450838	0
TTC21B	0	-0.1260557015069327	2
TTC26	0	-0.12732137670691407	1
TTC27	0	-0.1222050100235523	0
TTC28	0	-0.14093764461205496	1
TTC3	0	-0.1696819826410742	0
TTC30A	0	-0.31594247812486065	0
TTC31	0	-0.7448828757037682	0
TTC33	0	-0.22012786808410886	0
TTC37	0	-0.25284917089899944	1
TTC38	0	-0.20796101547402118	0
TTC39A	0	-0.05710005614262885	1
TTC39B	0	-0.0980391885682422	0
TTC39C	0	-0.04880517564147881	0
TTC4	0	-0.055184666878984476	1
TTC5	0	-0.15428804224783357	0
TTC7A	0	-0.17358968133466648	0
TTC7B	1	0.028787921447569698	3
TTC8	0	-0.21411080762370274	0
TTC9	0	-0.0446339809957121	1
TTC9C	0	-0.21563994387138222	0
TTF1	0	-0.30865858980687755	1
TTF2	0	-0.2844311249258977	0
TTI1	0	-0.19881032125740955	0
TTI2	0	-0.24154893920794943	1
TTL	0	-0.5307961273113557	0
TTLL12	0	-0.07887101019999834	0
TTN	0	-0.21267887020508977	0
TTPAL	0	-0.358385902438862	0
TTR	1	0.04448536433855876	3
TTYH3	0	-0.14455935066437792	1
TUBA1C	0	-0.09884787433882145	1
TUBA4A	1	0.01083132840432266	3
TUBA8	0	-0.01351795490998314	2
TUBB	0	-0.0715851323030744	1
TUBB1	1	-0.03148582468897818	3
TUBB2A	0	-0.017595462815684457	2
TUBB3	0	-0.05472640538244836	2
TUBB4A	1	0.01778689364541698	3
TUBB4B	0	-0.05118028921031718	1
TUBB6	0	-0.08989469296752446	2
TUBB8	1	0.07907550109492952	4
TUBG1	0	-0.33973856772479605	0
TUBGCP2	0	-0.22847890687411537	0
TUBGCP3	0	-0.1755286460396042	0
TUBGCP4	0	-0.3369462682750898	0
TUBGCP5	0	-0.25985871914197356	0
TUBGCP6	0	-0.22730358036727286	0
TUFM	0	-0.17861892970104243	0
TULP3	0	-0.2511503078431474	0
TUSC1	0	-0.21716678433564945	0
TUSC2	0	-0.270736071495048	1
TUSC3	0	-0.3100060591573677	1
TUT1	0	-0.2507563407727313	0
TUT4	0	-0.10330668754410739	2
TUT7	0	-0.09138877670199441	0
TVP23B	0	-0.1652443088304308	1
TWF1	0	-0.07060122674403516	0
TWF2	0	-0.11752834302588389	0
TWSG1	0	-0.22133782515756445	1
TXLNA	0	-0.12357403468591317	1
TXLNG	0	-0.12823155049971144	1
TXN	0	-0.042074696527342366	2
TXN2	0	-0.036293375174860976	1
TXNDC11	0	-0.23136184995301026	1
TXNDC12	0	-0.17354397381608075	1
TXNDC15	0	-0.5850088408972326	0
TXNDC17	0	-0.12985365200142424	1
TXNDC5	0	-0.10114144649470033	1
TXNDC9	1	-0.08824835904783927	3
TXNIP	0	-0.12206466364850695	1
TXNL1	0	-0.1994534493360644	1
TXNL4A	0	-0.1825014505198229	0
TXNL4B	0	-0.34330870456977713	0
TXNRD1	0	-0.10658411881675312	0
TXNRD2	0	-0.14640422090029703	0
TXNRD3	0	-0.24508406685748635	0
TYK2	0	-0.15028940504722016	1
TYMP	0	-0.06566288796809137	1
TYMS	0	-0.8728869832565065	0
TYROBP	1	-0.01302582998115116	3
TYW1	0	-0.081948367627758	1
TYW3	0	-0.4694788023029597	0
TYW5	0	-0.18701353397926537	0
U2AF1	1	0.06888485625048837	3
U2AF2	0	-0.09303576662907195	1
U2SURP	1	0.01846984242036782	3
UACA	0	-0.016088177022832606	2
UAP1	0	-0.06850815147338538	0
UAP1L1	0	-0.09588643437753483	1
UBA1	0	-0.04618262646754304	1
UBA2	0	-0.09984854317382166	1
UBA3	0	-0.17418379984916316	1
UBA5	0	-0.1430645298892294	0
UBA6	0	-0.15808025879939575	0
UBA7	0	-0.07989892048163336	0
UBAC1	0	-0.13023269442020785	1
UBAC2	0	0.05618682584569505	2
UBALD1	0	-0.2112554011884869	1
UBAP1	0	-0.1874486604839296	0
UBAP2	0	-0.10485992349632067	0
UBAP2L	0	0.006175846639331656	2
UBASH3B	0	-0.12912441516613232	0
UBE2A	0	-0.04591701499978536	2
UBE2B	0	-0.06622143321660452	2
UBE2C	0	-0.14545306305337263	0
UBE2E2	0	-0.16603406088669675	0
UBE2E3	0	-0.21120941926100686	0
UBE2F	0	-0.24087645642800465	0
UBE2G1	0	-0.10661793553745472	1
UBE2G2	0	-0.301292572207312	0
UBE2H	0	-0.20606084479831469	0
UBE2I	0	-0.0824488190613184	0
UBE2J1	0	-0.09972154908436323	0
UBE2J2	0	-0.24814669659649793	2
UBE2K	0	-0.09990050544195529	2
UBE2L3	0	-0.01246542053124372	2
UBE2L6	1	-0.005899977177851819	3
UBE2M	0	-0.08997055727052847	2
UBE2N	0	-0.011203024781238222	1
UBE2O	0	-0.10413610169175991	0
UBE2Q1	0	-0.16368274120660026	0
UBE2Q2	0	-0.24852145057927694	0
UBE2R2	0	-0.20532292746152353	1
UBE2S	0	-0.2070528540626892	0
UBE2V2	1	0.07861790434706958	3
UBE2Z	0	-0.13040037344191824	1
UBE3A	0	-0.12391058995681128	0
UBE3B	0	-0.20235814216744594	0
UBE3C	0	-0.15225250982242094	0
UBE4A	0	-0.17302627132340911	0
UBE4B	0	-0.13157904767958248	0
UBFD1	0	-0.1153545817129427	1
UBIAD1	0	-0.9564061582434864	0
UBL4A	0	-0.1547046575281884	1
UBL5	0	-0.08763237584379857	1
UBL7	0	-0.17188618006477832	0
UBLCP1	0	-0.21032301148983112	0
UBN1	0	-0.15488162411273315	1
UBN2	0	-0.1464259540571673	1
UBOX5	0	-0.5316932507107726	0
UBP1	0	-0.10177476989385818	2
UBQLN1	1	0.05171690526908605	3
UBQLN2	0	-0.10369395026422283	1
UBQLN4	0	-0.09546479125823439	2
UBR1	0	-0.1581182902249119	0
UBR2	0	-0.1005696692582129	1
UBR3	0	-0.10172143075574473	1
UBR4	0	-0.11244405033178118	2
UBR5	1	-0.07178850022777758	3
UBR7	0	-0.1049892774698274	0
UBTD2	0	-0.304037151025403	0
UBTF	0	0.01655136133173995	2
UBXN1	0	-0.06061587395139871	2
UBXN2A	0	-0.2558224706623385	1
UBXN2B	0	-0.2751966816929753	0
UBXN4	0	-0.097605632608323	1
UBXN6	1	0.08250122098705157	3
UBXN7	0	-0.1017058488686233	1
UCHL1	0	-0.014681341523635563	2
UCHL3	1	-0.06563743376142238	3
UCHL5	0	-0.14220498374995888	0
UCK1	0	-0.20254587117608436	0
UCK2	0	-0.19240508108929974	0
UCKL1	0	-0.3194943320946895	1
UEVLD	0	-0.15065937973880805	0
UFC1	0	-0.13248352725540627	0
UFD1	0	-0.21567941690506806	0
UFL1	0	-0.24205860292459894	0
UFM1	1	-0.04839606668968742	3
UFSP1	0	-0.7102656622604051	0
UFSP2	0	-0.17972893705051374	0
UGCG	0	-1.0062250051849564	0
UGDH	0	-0.05925295956522887	2
UGGT1	0	-0.15943989429841735	1
UGGT2	0	-0.1812377113447261	1
UGP2	0	-0.07032822192335202	1
UGT8	0	-0.10937521787552691	0
UHRF1	0	-0.06028260520432031	1
UHRF1BP1	0	-0.21968888946286808	0
UHRF1BP1L	0	-0.15715847502593427	0
UHRF2	0	-0.06340392005178695	1
UIMC1	0	-0.12953864272543059	0
ULK3	0	-0.24648035392360365	0
UMAD1	0	-0.11025334467081915	1
UMPS	0	-0.13748079523212495	0
UNC119	0	-0.22508556937466112	0
UNC119B	0	-0.1977044804435971	0
UNC13B	0	-0.05139918580936814	1
UNC13D	0	-0.11297973069718854	1
UNC45A	0	-0.13361940452193471	1
UNC5B	0	-0.1559665251980378	0
UNC93B1	1	0.019105118534949634	3
UNG	0	-0.1931727590302697	0
UNK	0	-0.03935613229627186	1
UNKL	0	-0.12467141830365971	1
UPF1	0	-0.06303023773727912	2
UPF2	0	-0.03992375114842408	1
UPF3A	0	-0.31960575882761344	0
UPF3B	0	-0.17509325817645607	0
UPP1	0	-0.16595566111298413	0
UPRT	0	-0.32734130602595424	0
UQCC1	0	-0.18468538576225696	1
UQCC2	0	-0.1206553454726564	1
UQCC3	0	-0.23629065936139396	0
UQCR10	1	-0.02574043078412367	3
UQCR11	0	-0.28329038060379685	0
UQCRB	0	-0.26268483677049315	0
UQCRC1	0	-0.17928506321785725	0
UQCRC2	0	-0.23298977106909655	0
UQCRFS1	0	-0.12246887099656542	1
UQCRH	0	-0.17746212124721322	0
UQCRQ	0	-0.22073399994072523	0
URB1	0	-0.1609298276867226	0
URB2	0	-0.22823930559578504	0
URGCP	0	-0.1790252302845757	1
URI1	0	-0.1826173458993909	0
URM1	0	-0.25303999277721545	0
UROD	0	-0.25588458348236176	0
UROS	0	-0.07394270605078693	1
USE1	0	-0.03709458146243942	2
USF1	0	-0.0275935963058615	1
USF2	0	-0.042969202690518724	1
USO1	0	-0.06696415477119957	2
USP10	0	-0.21856130521693667	0
USP11	0	-0.13290322131105467	0
USP13	0	-0.12030761667305816	0
USP14	0	-0.16795423712001034	0
USP15	0	0.005808957330586578	2
USP16	0	-0.0795160324268362	1
USP19	0	-0.2540538827688537	0
USP20	0	-0.3464158716582062	0
USP22	0	-0.12728354264009756	0
USP24	0	-0.09858721906900719	1
USP25	0	-0.17415827641158071	0
USP28	0	-0.16174142761506805	1
USP3	0	-0.12786001016596826	0
USP30	0	-0.14251878816631314	0
USP32	0	-0.18696868107439907	0
USP33	0	-0.27957782261617287	0
USP34	0	-0.14568558680644023	1
USP36	0	-0.1760329428520723	0
USP39	1	0.07330535524736496	5
USP4	0	-0.2325755629981347	0
USP40	0	-0.16104155114557556	0
USP42	0	-0.6800791225175995	0
USP46	0	-0.3134900495903394	0
USP47	0	-0.21832445767585495	0
USP48	0	-0.09367204436764325	1
USP5	0	-0.20093658055258948	0
USP53	0	-0.3839199422381921	0
USP54	0	-0.11753118509160973	0
USP6NL	1	-0.022252210447316956	3
USP7	0	-0.03354574475746247	1
USP8	0	-0.12166867483453578	1
USP9X	0	-0.06465449922917381	2
UTP11	0	-0.03418111026325267	2
UTP14A	0	-0.09451006902640391	1
UTP15	0	-0.050967950080273515	1
UTP18	0	-0.05957883900548884	1
UTP20	0	-0.1029312057265394	1
UTP23	0	-0.2162514278766939	0
UTP25	0	-0.1679284713160713	1
UTP3	0	-0.05652801022006286	2
UTP4	0	-0.031238366327972257	1
UTP6	0	-0.08586809627180339	2
UTRN	1	0.02456970723101936	3
UVRAG	0	-0.1844741642521023	1
UVSSA	0	-0.39781739530273635	0
UXS1	0	-0.1409201898965096	1
UXT	0	-0.1828275665436047	0
VAC14	0	-0.13331339877458417	2
VAMP2	0	-0.0400856825151623	2
VAMP4	0	-0.35201631606853845	0
VAMP5	0	0.05106876172495158	2
VAMP7	0	-0.023512206564590583	1
VAMP8	0	0.02499157856808919	2
VANGL1	0	-0.13177375136573283	1
VAPA	0	0.00010360070514760095	2
VAPB	0	-0.02029255530752484	2
VASN	0	-0.12676814396312414	1
VASP	0	0.006751835875378179	2
VAT1	0	-0.11271581889256796	1
VAT1L	0	-0.2073810902679556	1
VAV1	0	-0.03453703315120486	1
VAV2	0	-0.03477762055237838	2
VAV3	0	-0.15018434430049843	0
VBP1	1	0.041145183717407496	3
VCAM1	0	-0.09376220452414284	0
VCAN	0	-0.006283410703565223	1
VCL	1	0.06132526247786259	3
VCP	0	-0.1424249932987464	0
VCPIP1	0	-0.10661001508204822	0
VDAC1	0	-0.09208584463983682	1
VDAC2	0	-0.02870016499637868	2
VDAC3	0	0.03351401091063991	2
VEGFA	0	-0.0957714485457399	1
VEZF1	1	0.08587093846683405	4
VEZT	0	-0.07131074328336431	2
VGLL4	0	-0.07372241908475208	2
VIM	0	-0.0485631803357659	1
VIPAS39	0	-0.27328344925721715	0
VIRMA	0	-0.10751610720531694	0
VKORC1	0	0.03867837548824983	2
VKORC1L1	1	0.1455002493121993	4
VLDLR	0	-0.06632672886203149	2
VMAC	0	-0.35597091077961174	0
VMP1	1	-0.05760155926416166	3
VNN1	0	-0.11282656216920497	0
VNN2	0	-0.07613802018958815	2
VPS11	0	-0.12488342110969301	0
VPS13A	0	-0.08162392666768241	0
VPS13B	0	-0.2692157140779173	0
VPS13C	0	-0.025451749104846693	2
VPS13D	0	-0.23243559784421364	0
VPS16	0	-0.2223552553460803	1
VPS18	0	-0.15515871557453523	0
VPS25	0	-0.32327491550614806	0
VPS26A	0	-0.10515552649266162	1
VPS26B	0	-0.14770588557414327	0
VPS26C	0	-0.25575198058300896	0
VPS28	0	-0.16006170961780003	1
VPS29	0	-0.14962044360372978	1
VPS33A	0	-0.399496874672851	0
VPS33B	0	-0.22118215089529988	0
VPS35	0	-0.177064368855846	2
VPS35L	0	-0.09892412217663799	2
VPS36	0	-0.14921994812622433	1
VPS37A	0	-0.2369725814576865	0
VPS37B	0	-0.227976764216323	1
VPS37C	0	-0.18088492025903907	0
VPS39	0	-0.14705641926200558	0
VPS41	0	-0.2403101720065685	1
VPS45	0	-0.06287476933971327	2
VPS4A	0	-0.04757586036809371	2
VPS4B	0	-0.1310988890213769	1
VPS50	1	-0.039673611041275814	3
VPS51	0	-0.19735972912988625	0
VPS52	0	-0.2047542673540274	0
VPS53	0	-0.18069828336901567	1
VPS54	0	-0.2708583075546999	0
VPS72	0	-0.19892341797575913	0
VPS8	0	-0.05544076346108786	1
VPS9D1	0	-0.9205885098878295	1
VRK1	0	-0.13774428829593297	0
VRK2	0	0.01762480205066309	2
VRK3	0	-0.33348854224643554	0
VSIG4	0	-0.027156235271714117	2
VSIR	0	-0.08144420963765968	1
VSNL1	0	-0.058743466501135114	1
VTA1	0	-0.12406535599314142	1
VTI1A	0	-0.09748091074879081	1
VTI1B	0	-0.1495118301625312	1
VTN	0	-0.14705880765053858	1
VWA1	0	-0.08381388467631756	2
VWA5A	0	-0.0649914088153424	0
VWA8	0	-0.15989052176430432	0
VWF	0	-0.0301336461606868	1
WAC	0	-0.1757916458088774	0
WAPL	0	-0.01243415715631772	2
WARS2	0	-0.16244374664217873	1
WAS	0	-0.1086267818085882	0
WASF1	0	-0.20347661843094636	0
WASF2	0	-0.20806442289034716	0
WASF3	0	-0.25939999496045846	0
WASHC1	0	-0.1384490580654964	0
WASHC2A	0	-0.11784641251040714	0
WASHC2C	0	-0.10397825765922533	1
WASHC3	0	-0.30289185145517555	0
WASHC4	0	-0.08539258137152322	0
WASHC5	0	-0.12666607196920554	0
WASL	0	-0.1345350603128702	2
WBP11	0	-0.11262117204050717	1
WBP2	0	-0.029266172079186102	2
WBP4	0	-0.12520302841903924	0
WDCP	0	-0.32260426142237364	1
WDFY1	0	-0.09505302201746374	1
WDFY2	0	-0.22766491601955527	1
WDFY3	0	-0.07354975524302379	0
WDFY4	0	-0.1277906535783521	0
WDHD1	0	-0.403825146476586	1
WDR1	0	-0.07081040540517548	0
WDR11	0	-0.13762480245074574	2
WDR12	1	0.04232184614471624	3
WDR13	0	-0.25004846770082634	1
WDR18	0	-0.10927257115209059	0
WDR19	0	-0.05111938102717197	2
WDR20	0	-0.2844345714840043	0
WDR24	0	-0.07272047772647218	1
WDR26	0	-0.3076759722089254	1
WDR3	0	-0.05829987680888665	2
WDR33	0	-0.09002229346256109	1
WDR35	0	-0.03657279000982392	2
WDR36	1	-0.008597827193549503	3
WDR37	0	-0.10783971154879572	0
WDR4	0	-0.24183839342070196	1
WDR41	0	-0.24850957546149682	0
WDR43	1	0.024309683760556457	3
WDR44	0	-0.16496172481789917	1
WDR45	0	-0.21350476901055657	0
WDR45B	0	-0.17331274090652643	0
WDR46	0	-0.17228432010584133	1
WDR47	0	-0.16098410301293078	0
WDR48	0	-0.0803493242012577	0
WDR5	0	-0.0795142012853769	1
WDR54	0	-0.19545146919221984	0
WDR55	0	-0.2712870154563853	0
WDR59	0	-0.14958868884404325	1
WDR6	0	-0.333771262984242	0
WDR61	0	-0.2830347987873595	0
WDR7	0	-0.17523411041630954	0
WDR70	0	-0.15798628973263149	0
WDR73	0	-0.314549623690432	0
WDR74	0	-0.15946121844583033	1
WDR75	0	0.0017215770184480423	2
WDR77	0	-0.16562389647987838	1
WDR81	1	0.004715460297086862	3
WDR82	0	-0.1556737383233458	0
WDR83	0	-0.2960924158294286	0
WDR89	0	-0.17282621412143748	1
WDR91	0	-0.06758715495440341	1
WDR92	0	-0.12071728632047476	1
WDSUB1	0	-0.22888262585456526	0
WDTC1	0	-0.22405778082417135	0
WEE1	0	-0.2311562299644084	0
WFS1	1	0.09737995586621492	3
WIPF1	0	-0.18252160788475857	0
WIPF2	0	-0.12153100951370713	0
WIPI1	0	-0.2087194522253104	0
WIPI2	0	-0.09618971512939406	1
WIZ	0	-0.04058551680222862	1
WLS	0	-0.00869819419588736	1
WNK1	0	-0.12531637268744789	0
WRAP53	0	-0.24115430842215516	1
WRAP73	0	-0.4892706865365928	0
WRN	0	-0.42185937236214405	0
WRNIP1	0	-0.08161246051913604	1
WTAP	0	0.03017072728215416	1
WTIP	0	-0.2706891491399662	0
WWC1	0	-0.10990100984669855	0
WWC2	0	-0.23242303026013386	1
WWC3	0	-0.1888469546846435	1
WWOX	0	-0.13235987675993988	0
WWP1	0	-0.13635799160033957	1
WWP2	0	-0.17363976126229924	0
WWTR1	0	-0.056037250230559575	2
XAB2	0	-0.03436350028773746	2
XAF1	0	-0.12348063570790402	0
XIAP	0	-0.09950407263682215	1
XIRP1	0	-0.4483064096679173	0
XPA	0	-0.11600260160156997	0
XPC	0	-0.049829466022252154	1
XPNPEP1	0	-0.08521524452303744	1
XPNPEP3	0	-0.167722916729348	0
XPO1	1	0.0334367767474356	3
XPO4	0	-0.14698856531369292	0
XPO5	0	-0.0055303476632832405	2
XPO6	0	-0.26195853027492644	0
XPO7	0	-0.1039565148624072	1
XPOT	0	-0.06015227093246196	1
XPR1	0	-0.0065388119018717685	2
XRCC1	0	-0.15039933146526469	0
XRCC4	0	-0.26868431227258127	0
XRCC5	0	-0.13236388077664418	1
XRCC6	0	-0.10116208027010024	2
XRN1	1	0.02569117155942996	3
XRN2	0	-0.13016155327514758	0
XXYLT1	0	-0.19981120618141732	1
XYLB	0	-0.13194630094517762	0
YAF2	0	-0.310633692807352	0
YAP1	0	-0.09999806085825538	1
YARS2	0	-0.21799913024951864	0
YBEY	0	-0.2095094800216935	0
YBX1	0	0.023424892823186355	2
YBX3	0	-0.09465450820128254	1
YEATS2	0	-0.22673741146874987	0
YEATS4	0	-0.0026863539985628954	2
YES1	0	-0.10792577350240107	1
YIF1A	0	-0.04441272416362036	2
YIPF1	1	-0.11186140811634157	3
YIPF3	0	-0.09915912346016068	2
YIPF4	0	-0.06905672007535259	2
YIPF5	1	0.020096609146776905	3
YIPF6	0	-0.19942940004330617	2
YJU2	0	-0.23177226989485938	0
YKT6	1	0.05363662730701106	3
YLPM1	0	-0.06286200331546654	0
YME1L1	1	0.13444460139818498	3
YOD1	0	-0.04706684384421397	1
YPEL5	0	-0.32507803446759287	0
YRDC	0	-0.09416048118534565	0
YTHDC1	0	-0.01083701344683582	2
YTHDC2	0	-0.12330070695087655	0
YTHDF1	0	0.024965045829827285	2
YTHDF2	0	0.01957724038939478	2
YTHDF3	1	0.04618797358833547	3
YWHAB	0	-0.06963197029450949	2
YWHAE	1	0.028137651212948596	3
YWHAG	0	-0.004423712397203636	2
YWHAH	0	-0.14543395568093825	1
YWHAQ	0	-0.08985723185276674	1
YWHAZ	0	-0.08848430097671992	1
YY1	0	-0.05439021893690523	1
ZADH2	0	-0.14410027911780396	0
ZAP70	0	-0.10298316868660798	0
ZBED1	0	-0.09076085757991972	1
ZBED3	0	-0.5915978174886736	1
ZBTB1	0	-0.15845746491464374	1
ZBTB10	0	-0.23267548256378995	0
ZBTB11	0	-0.39860577762598726	0
ZBTB14	0	-0.047458449478657225	2
ZBTB2	0	-0.43483880500705185	0
ZBTB20	0	-0.029832766424497358	1
ZBTB21	0	-0.18673608559812768	0
ZBTB33	0	-0.29909488196894696	1
ZBTB4	0	0.009622570711451164	1
ZBTB40	0	-0.35996429630125304	0
ZBTB7A	0	-0.28164962113854025	0
ZBTB7B	0	-0.16816242286703445	0
ZBTB8OS	0	-0.20100121250168032	0
ZC2HC1A	0	-0.11654533913367282	1
ZC3H10	0	-0.9064414933089464	0
ZC3H11A	1	-0.04750144402899205	3
ZC3H12A	0	-0.5069945411774865	0
ZC3H12C	0	-0.2942894783306105	0
ZC3H13	0	-0.1328890601289246	1
ZC3H14	0	-0.11522978244545037	1
ZC3H15	0	-0.14368907461705296	0
ZC3H18	0	-0.03814821945651324	2
ZC3H4	0	-0.011346235931380563	1
ZC3H6	0	-0.2890912589347775	0
ZC3H7A	0	-0.13723033842482396	0
ZC3H7B	0	-0.21381822808472056	0
ZC3HAV1	0	-0.028393485389824703	2
ZC3HAV1L	0	-0.1927971984093459	0
ZC3HC1	0	-0.13466681592887347	1
ZCCHC17	0	-0.2029601715998856	1
ZCCHC24	0	-0.14795595076684978	0
ZCCHC3	0	-0.22601212003982626	0
ZCCHC7	0	-0.6812636417881224	0
ZCCHC8	0	-0.14839821868223269	0
ZCCHC9	0	-0.21312083497606732	1
ZCRB1	0	-0.2025324992615059	0
ZDHHC13	0	-0.03005008289515218	2
ZDHHC17	0	-0.16401103059964608	1
ZDHHC20	0	-0.19938806933160774	0
ZDHHC3	1	-0.02090616029686548	3
ZDHHC4	0	-0.2781283769962722	0
ZDHHC5	0	-0.027521695629762515	2
ZDHHC6	0	-0.5310389764952255	0
ZEB1	0	-0.13664526184611106	0
ZEB2	0	-0.006905520296704565	2
ZER1	0	-0.13585230640921958	1
ZFAND1	0	-0.1768694786852943	0
ZFAND2B	0	-0.19201993669652775	0
ZFAND3	0	-0.24412643972256945	1
ZFAND5	1	-0.01385888924784658	3
ZFAND6	0	-0.08798416939516765	1
ZFC3H1	0	-0.23028505245635	0
ZFHX3	0	-0.31318095735347684	0
ZFP3	0	-0.0192508741681141	1
ZFP36L1	0	-0.1928067397026215	1
ZFP36L2	0	-0.1503180394827568	0
ZFP64	0	-0.10476020389085591	1
ZFP91	0	-0.1544090574218663	1
ZFPL1	0	0.05267256534986382	2
ZFR	1	0.08287989996102449	3
ZFX	0	-0.19592153146612618	0
ZFYVE1	0	-0.2064584410576205	1
ZFYVE16	0	-0.1983915242345359	0
ZFYVE19	0	-0.07557727008092908	1
ZFYVE21	0	-0.026120306531425795	2
ZFYVE26	0	-0.07300136142515394	1
ZFYVE27	0	-0.06187009241462234	1
ZFYVE9	0	-0.2100053341892722	0
ZGPAT	0	-0.110780815261266	1
ZHX1	0	-0.2552541908034556	0
ZHX2	0	-0.09401276667982626	1
ZHX3	0	-0.10283857244238356	0
ZKSCAN1	0	-0.026289115214792564	2
ZKSCAN8	1	-0.05311907836335662	3
ZMAT2	0	-0.22273302789916	1
ZMAT3	0	-0.6886523157796949	0
ZMIZ1	0	-0.18154865690305438	1
ZMIZ2	0	-0.35211362375519284	0
ZMPSTE24	1	0.13740274448924578	4
ZMYM1	0	-0.3483986341132469	0
ZMYM2	1	0.01850606952317192	3
ZMYM3	0	-0.05355542534643496	1
ZMYM4	0	-0.12022965207529386	1
ZMYND11	0	-0.10197318652506122	1
ZMYND8	0	-0.018722052395930798	2
ZNF106	0	-0.17673557496059542	0
ZNF131	0	-0.29609673353258775	0
ZNF143	0	0.0033753234650885657	2
ZNF146	0	-0.07714015261958332	2
ZNF148	0	-0.03774138136090398	2
ZNF185	0	-0.05084223702558952	1
ZNF207	1	0.04275601632771443	3
ZNF217	0	-0.1417901141076244	1
ZNF22	0	-0.14099002972822902	0
ZNF24	0	-0.011677277664689897	2
ZNF276	0	-0.24237951649986839	0
ZNF280C	0	-0.3020790418114699	0
ZNF280D	0	-0.18825048242594283	1
ZNF281	0	-0.2532861496423937	0
ZNF292	0	-0.40310394875401423	0
ZNF316	0	-0.029685106036570263	2
ZNF318	0	-0.1756655311536393	0
ZNF326	0	-0.10369875536000621	1
ZNF330	0	-0.23219129931426852	1
ZNF331	0	-0.5304076797530847	0
ZNF346	0	-0.19871621839545878	0
ZNF362	0	-0.20297668749228817	1
ZNF384	0	-0.15880520075001525	0
ZNF407	0	-0.480736757974901	0
ZNF414	0	-0.23838837578554878	0
ZNF428	0	-0.22531183842478658	0
ZNF446	0	-0.2827982247885699	1
ZNF451	0	-0.21084779267061907	0
ZNF460	0	-0.08362446509778934	2
ZNF462	0	-0.2690742076615088	0
ZNF48	0	-0.3023720503772546	0
ZNF503	0	-0.18794288653645658	0
ZNF512	0	-0.1420660399694843	0
ZNF512B	0	-0.17002978506326655	1
ZNF516	0	-0.18373348743736795	0
ZNF526	0	-0.29895165830797266	0
ZNF532	0	-0.4517109873244786	0
ZNF574	0	-0.14218732243782373	0
ZNF579	0	-0.20984860599862948	0
ZNF592	0	-0.15477010854807838	0
ZNF593	0	-0.2543368396267168	0
ZNF598	0	-0.21401104446390487	0
ZNF609	0	-0.038935435686385925	1
ZNF618	0	-0.18583500185771493	1
ZNF622	1	-0.032141953927049174	3
ZNF629	0	0.0854990519618098	2
ZNF638	1	-0.02061199420179356	3
ZNF639	0	-0.3081486994708814	1
ZNF644	0	-0.2576475934743604	0
ZNF652	0	-0.11166547973812953	1
ZNF654	0	-0.24361720575088103	0
ZNF655	0	-0.3143395013068239	0
ZNF668	0	-0.21247672473284235	1
ZNF672	0	-0.3461879979526859	0
ZNF687	0	-0.017790778906528238	1
ZNF688	0	-0.5078291250773147	1
ZNF691	0	-0.4325115895521666	0
ZNF706	0	-0.25389866225644814	0
ZNF740	0	-0.22682433281123818	0
ZNF768	1	0.09462660023980307	4
ZNF787	1	0.11323103505735725	4
ZNF8	0	-0.4883131922299868	0
ZNF800	0	-0.0931252563563926	2
ZNF827	0	-0.8775301599189884	0
ZNF830	0	-0.16309291370411322	0
ZNF865	0	-0.23201099687160584	0
ZNFX1	0	-0.10218787327793974	1
ZNHIT1	0	-0.32571967608213453	0
ZNHIT2	0	-0.2496642860242301	1
ZNHIT6	0	-0.15816254450200326	1
ZNRF2	0	-0.1649620223615507	0
ZPR1	0	-0.07743597657995831	2
ZRANB2	0	-0.0493277635359844	1
ZRSR2	0	-0.506271475220121	0
ZSCAN18	0	-0.07935828854378144	0
ZSWIM8	0	-0.27271278857524295	0
ZW10	0	-0.14528891672675623	1
ZWILCH	0	-0.33158448075089425	0
ZYG11B	0	-0.16239198323430742	0
ZYX	0	-0.02714906654602478	2
ZZEF1	0	-0.13715312288607628	2
ZZZ3	0	-0.3602732374142141	0
