gene	selected	score	k
A1BG	1	-0.07390739670418248	2
A2M	0	-0.18254905630762575	0
AAAS	0	-0.2590954231233669	1
AACS	1	-0.04489139205409434	2
AAGAB	1	-0.14151542776813283	2
AAK1	0	-0.03352417899013474	0
AAMDC	1	-0.10282293348897908	2
AAMP	0	-0.14774833008267532	1
AAR2	0	-0.21174876673426288	1
AARS2	0	-0.24877229974293588	0
AARSD1	0	-0.27753787576766703	0
AASDHPPT	0	-0.12457374879029175	0
AASS	1	-0.039671818456229815	3
AATF	1	-0.08914813621594579	2
ABAT	0	-0.11906136496852167	0
ABCA1	0	-0.3156981809638514	0
ABCA2	0	-0.2746675455166561	0
ABCA8	0	-0.20600118054345593	0
ABCB1	0	-0.12441915506280472	0
ABCB10	1	-0.027787798868911036	2
ABCB6	1	-0.004183854522682956	2
ABCB7	1	0.0021773988460772444	3
ABCB8	1	-0.017717690927328878	2
ABCC1	1	0.06533268237842214	3
ABCC3	1	0.0336076416976377	2
ABCC4	1	0.026147654101788674	2
ABCD1	1	0.06602623392515714	2
ABCD3	1	0.18145365602772814	4
ABCD4	0	-0.17366546175554184	1
ABCE1	0	-0.10199350554086298	1
ABCF1	0	-0.15652827272293152	1
ABCF2	0	-0.1387815656125146	1
ABCF3	0	-0.14335260090338045	1
ABCG1	1	-0.08943875816626419	3
ABCG2	0	-1.0012525158141188	0
ABHD10	0	-0.16184562385322654	0
ABHD11	0	-0.1698212210655669	1
ABHD12	1	0.08563913665686704	3
ABHD14B	1	0.07082103997667269	3
ABHD16A	1	0.092333307891373	3
ABHD17B	0	-0.29197806564684264	0
ABHD2	0	-0.8491520618766734	0
ABHD3	0	-0.27052856510148393	0
ABHD4	0	-0.2217045267372205	0
ABHD5	0	-0.22431267770253932	0
ABHD6	0	-0.05855045859879525	1
ABI1	0	-0.1392768305916264	1
ABI2	1	-0.06936195995597003	2
ABI3	1	-0.034410793624590444	2
ABI3BP	1	-0.00584462756065674	2
ABL1	1	-0.013224345540939103	3
ABL2	0	-0.2604118668566363	0
ABLIM1	1	0.027575215820789662	3
ABLIM2	0	-0.05336561311095463	1
ABLIM3	0	-0.10060026803792403	1
ABR	0	-0.09599209269351566	1
ABRACL	1	-0.06444183335885992	3
ABRAXAS1	0	-0.14155009429720006	0
ABRAXAS2	0	-0.13075278775360016	1
ABT1	0	-0.2640189064841144	1
ABTB2	0	-0.364792325420464	0
ACAA1	0	-0.04797162680757362	1
ACAA2	0	-0.08674431690216428	0
ACACA	1	-0.032310911141919724	2
ACAD10	0	-0.31276607628429814	0
ACAD11	0	-0.15231260764547164	1
ACAD8	0	-0.1411264126583544	1
ACAD9	0	-0.2872351130707019	0
ACADL	0	-0.24104439709510558	0
ACADM	1	-0.09424335194065897	2
ACADS	0	-0.19828150440322775	0
ACADSB	0	-0.12564767987604014	1
ACADVL	0	-0.10006881496763267	1
ACAN	0	-0.1010208358422668	0
ACAP1	1	-0.07463417937926024	2
ACAP2	0	-0.09876938234546236	1
ACAP3	0	-0.17071266754109551	1
ACAT1	0	-0.11366276505072512	1
ACAT2	0	-0.0672087263008633	1
ACBD3	0	-0.12586968069817855	1
ACBD5	1	0.07050147316602327	3
ACBD6	0	-0.15934742615979144	0
ACE	1	-0.08860205736023903	2
ACIN1	1	-0.04973903203478264	3
ACLY	0	-0.12552136494698596	0
ACO1	0	-0.08625257246178226	0
ACO2	0	-0.2079913338314196	0
ACOT1	0	-0.06360137103621015	0
ACOT11	0	-0.11245849898152402	1
ACOT13	0	-0.2211320446178764	0
ACOT7	0	-0.10717831809631191	0
ACOT8	0	-0.1445377002750044	0
ACOT9	0	-0.19132749043816633	0
ACOX1	0	-0.13780271214036188	1
ACOX2	0	-0.13576662483558916	1
ACOX3	1	-0.06940534391819551	2
ACP1	0	-0.2036946996444288	1
ACP2	0	-0.13257407251557396	0
ACP5	0	-0.20456601815392128	1
ACP6	0	-0.134016156341906	0
ACSF2	0	-0.03837351187686956	1
ACSF3	0	-0.19889775675746696	1
ACSL1	0	-0.0775062566342076	0
ACSL3	1	0.06112868191060874	3
ACSL4	0	-0.14222370698402084	1
ACSL5	0	-0.09986649350141683	1
ACSS1	0	-0.2278635250893913	0
ACSS2	0	-0.10390620580374685	0
ACSS3	0	-0.09921964040286277	1
ACTA1	1	0.034649256772641926	3
ACTB	1	0.0439853719681654	3
ACTBL2	1	0.07130443813393099	4
ACTG1	1	0.06670486936589189	2
ACTL6A	0	-0.07013089179331458	1
ACTN1	1	-0.03510106543556034	2
ACTN2	1	0.004315102688220762	3
ACTN4	1	0.007566463993956757	2
ACTR10	0	-0.1319426844510453	0
ACTR1A	1	0.030524020792076594	2
ACTR1B	1	-0.045568593151618916	2
ACTR2	1	0.02538845227003596	2
ACTR3	0	-0.05225561348575525	1
ACTR3B	1	0.037189549929227746	3
ACTR5	0	-0.24978115033379739	0
ACTR6	0	-0.1269268347628003	0
ACTR8	0	-0.28456771181348184	0
ACVR1	1	-0.04279853818359773	3
ACY3	0	-0.14055435430374796	1
ACYP1	0	-0.1356347432041806	0
ACYP2	0	-0.04243139050641144	1
ADA	0	-0.06539019195631234	0
ADA2	1	-0.0544476251227752	2
ADAL	0	-0.18930990413095655	0
ADAM10	1	0.11850545391280806	3
ADAM15	0	-0.06381719612747705	1
ADAM17	1	-0.060066895275862765	3
ADAM9	1	0.04541169450309552	4
ADAMDEC1	0	-0.8972072998381776	0
ADAMTS1	0	-0.41742664774424654	0
ADAMTS2	0	-0.23152900347755595	1
ADAMTS4	0	-0.4380610163892584	1
ADAMTS7	0	-0.12788086701512527	1
ADAMTSL1	0	-0.5100980939437909	0
ADAMTSL2	0	-0.14814226045793347	1
ADAMTSL4	0	-0.08210300216558267	1
ADAP1	0	-0.07663537520678283	1
ADAP2	0	-0.11498236209357174	1
ADAR	1	-0.0407939838153976	2
ADARB1	1	0.032680767124918124	3
ADAT1	0	-0.3611562104739316	0
ADAT2	0	-0.6363317887111769	1
ADAT3	0	-0.3901874860994299	0
ADCK1	0	-0.16431372966625007	1
ADCK5	0	-0.3823679713025595	0
ADCY9	0	-0.4623640603411395	0
ADD1	1	0.1199928292940168	4
ADD2	1	-0.008865727140295324	3
ADD3	1	0.09005648027186666	4
ADGRE2	0	-0.1151478591413384	0
ADGRE5	0	-0.14411041231450858	1
ADGRF1	0	-0.3373862038019887	1
ADGRF5	0	-0.0950653862030771	0
ADGRG1	0	-0.13140352048038623	0
ADGRL2	0	-0.08865963902166944	0
ADGRL4	0	-0.4497913922799327	0
ADH1B	0	-0.1052630109980226	1
ADH5	1	0.053153515480818314	3
ADI1	1	-0.11630138777593838	2
ADIPOQ	1	-0.11141306318511342	2
ADIRF	0	-0.03693669260487022	1
ADK	0	-0.07097506942518257	1
ADNP	1	-0.005817786253711038	3
ADNP2	0	-0.4662294852652099	0
ADO	1	-0.00997607800961762	2
ADPGK	1	-0.04906947497869385	2
ADPRH	0	-0.14199176833751098	0
ADRM1	0	-0.021115031910320037	1
ADSL	0	-0.12174647198166819	1
AEBP1	0	-0.09398905609325156	1
AFAP1	0	-0.12889230670192606	0
AFAP1L1	0	-0.41584784762975546	0
AFAP1L2	0	-0.029614627168308753	1
AFDN	0	-0.03481909120274375	1
AFF1	0	-0.3649732092930554	0
AFF4	0	-0.21125657311906948	0
AFG1L	0	-0.17974172288973617	0
AFG3L2	1	0.0385529556503288	2
AFM	1	-0.1240336767689703	3
AFMID	0	-0.5534450988372528	0
AFTPH	0	-0.16722392808989767	0
AGA	0	-0.16385864619272175	0
AGAP1	0	-0.0993811983149078	1
AGAP2	0	-0.1588325584027108	0
AGAP3	0	-0.10779792722841072	1
AGFG1	0	0.0020771748787485585	1
AGFG2	1	-0.03425636318750284	3
AGGF1	0	-0.4458789589841582	0
AGK	1	-0.13414113500091487	2
AGL	1	-0.04496507503503908	2
AGMAT	0	-0.3348902741025178	0
AGO1	1	0.10377987607883166	4
AGO2	1	-0.039084726329267405	2
AGO3	1	0.06011933063384718	3
AGPAT1	1	-0.06553965727061502	2
AGPAT2	0	-0.09352108107101216	0
AGPAT3	1	0.09116297110390843	2
AGPAT4	0	-0.744488284900968	0
AGPAT5	0	-0.0801724331101676	1
AGPS	0	-0.1617137336794999	0
AGR2	0	-0.5650299025372856	0
AGRN	1	0.0026870453386781206	3
AGT	0	-0.02714127226510238	1
AGTPBP1	0	-0.2317110391557761	0
AGTRAP	0	-0.18643840696801323	0
AHCTF1	0	-0.24617099970363004	1
AHCY	1	-0.12125813880232927	2
AHCYL1	1	0.022177477275367858	3
AHCYL2	1	-0.008417413022669958	2
AHDC1	0	-0.077211915118255	1
AHNAK	0	-0.03618408745269666	0
AHNAK2	0	-0.029591493316216338	0
AHR	0	-0.10887066990675114	1
AHSA1	0	-0.09679078100366978	0
AHSG	1	-0.09419879719951862	2
AHSP	1	-0.06560776741691679	2
AIDA	1	0.018715468903727717	2
AIF1	1	-0.017086130798367665	2
AIF1L	0	-0.06929283260539881	0
AIFM1	1	-0.0522835503444589	2
AIFM2	0	-0.12084248170640437	1
AIMP1	0	-0.1550176525961936	1
AIMP2	0	-0.13545387322369778	0
AIP	1	0.009732294011663017	3
AJUBA	0	-0.10627539583756059	1
AK1	1	0.09303075856238577	4
AK2	0	-0.1307850159688539	0
AK3	0	-0.10643274404464868	0
AK4	0	-0.10306496671567453	0
AK6	0	-0.3112463193355663	0
AKAP1	0	-0.06442704125048732	0
AKAP10	0	-0.19641134568302834	0
AKAP11	0	-0.18917613272947548	1
AKAP12	1	-0.008310251069601583	2
AKAP13	1	-0.06919056714205929	2
AKAP17A	1	-0.20846189139829904	2
AKAP5	0	-0.7632297440937205	0
AKAP7	0	-0.2703789666259873	0
AKAP8	0	-0.11041618187513658	1
AKAP8L	1	-0.030282118390988145	2
AKAP9	0	-0.18176174853546107	0
AKNA	0	-0.4513798213628977	0
AKR1A1	0	-0.13459612002236213	1
AKR1B1	0	-0.06277018331431318	0
AKR1B10	0	-0.1350366734287551	0
AKR1C1	0	-0.12803823388388613	0
AKR1C2	0	-0.13319877298417632	0
AKR1C3	0	-0.10318728386984037	0
AKR7A2	1	-0.020322746600032502	2
AKR7A3	0	-0.1815441926175043	0
AKT1	0	-0.07354820706670924	1
AKT1S1	0	-0.20512951933358373	0
AKT2	0	-0.15661669167436504	1
AKT3	0	-0.10766112675298553	0
AKTIP	0	-0.3601033572084357	0
ALAD	1	0.029809850880572742	2
ALAS1	0	-0.4480127820980478	0
ALB	1	-0.09870646779687717	3
ALCAM	0	-0.11076871460260666	1
ALDH16A1	0	-0.27435779120482934	0
ALDH18A1	0	-0.2166488180256816	0
ALDH1A1	1	-0.022340545633425878	2
ALDH1A2	0	-0.0659276575514886	1
ALDH1A3	0	-0.17533705855375284	0
ALDH1B1	1	-0.05979944624785406	2
ALDH1L1	1	-0.04462527665798864	2
ALDH1L2	0	-0.07799647298027274	1
ALDH2	0	-0.09785430148500798	1
ALDH3A1	0	-0.09880909642881683	0
ALDH3A2	0	-0.09797730449363795	0
ALDH3B1	0	-0.05827416003845616	1
ALDH4A1	0	-0.07976576705949187	1
ALDH5A1	0	-0.049653482383558635	1
ALDH6A1	0	-0.08650024272839249	1
ALDH7A1	0	-0.0920220665364638	1
ALDH9A1	1	-0.015538932816428102	2
ALDOA	0	-0.06802419342748994	1
ALDOB	0	-0.11320470271139871	1
ALDOC	0	-0.061519966224771475	1
ALG1	0	-0.01389251020187644	1
ALG11	1	-0.014322847311580867	3
ALG12	0	-0.09980157098223061	1
ALG13	0	-0.14750118435134799	1
ALG14	0	-0.29237559210001024	0
ALG2	0	-0.17012003809341236	0
ALG5	0	-0.012745519445113762	1
ALG6	1	0.007724155737725552	2
ALG8	1	-0.015587160664692035	3
ALG9	1	-0.017439962462051484	2
ALKBH3	0	-0.42990842212742175	0
ALKBH4	0	-0.2065885074870495	0
ALKBH5	0	-0.09780776718890845	1
ALKBH7	0	-0.5706417782331683	0
ALKBH8	0	-0.372144367953967	0
ALOX5	0	-0.15068128327510796	0
ALOX5AP	0	-0.14114448703265234	1
ALPL	0	-0.09745000809998323	0
ALS2	0	-0.17868192942997346	0
ALYREF	1	-0.032686435213327605	2
AMACR	0	-0.1330453062131009	0
AMBP	1	-0.20486344169168103	2
AMBRA1	0	-0.8315705888799855	0
AMDHD2	0	0.002060194601938617	1
AMFR	0	-0.3187369753162626	1
AMN1	0	-1.5158376677205032	0
AMOT	0	-0.11889501624603138	0
AMOTL1	1	-0.03372339031452868	2
AMOTL2	0	-0.1996851861362936	0
AMPD2	1	-0.08474054352312387	2
AMPD3	0	-0.08598688299100866	0
AMPH	0	-0.14372366661535285	0
AMT	0	-0.16343448694151125	1
AMZ2	0	-0.33507178306140545	1
ANAPC1	0	-0.21012072579658492	0
ANAPC10	0	-0.2556190633537363	1
ANAPC11	0	-0.3138633798189935	0
ANAPC13	0	-0.3402745939131358	0
ANAPC16	0	-0.2741841838328145	1
ANAPC2	0	-0.3721802943338605	0
ANAPC4	0	-0.2551287503085883	0
ANAPC5	0	-0.26246039821335987	0
ANAPC7	1	-0.2697890510279654	2
ANG	1	-0.034259571369262706	2
ANGEL2	0	-0.151762969017117	0
ANGPT2	0	-0.20650798893147648	0
ANGPTL2	1	-0.0700124687816371	2
ANGPTL4	0	-0.08486474742511702	1
ANK1	1	-0.08599213117377622	2
ANK2	1	-0.09503583922989922	2
ANK3	0	-0.07579484615855711	0
ANKFY1	0	-0.21853998518522477	0
ANKHD1	0	-0.17613572906810526	0
ANKIB1	0	-0.24795512365317846	0
ANKLE2	0	-0.12609511461727135	1
ANKMY2	0	-0.11516983632723558	0
ANKRD10	0	-0.1612059978073102	1
ANKRD11	1	-0.10961540185018145	2
ANKRD12	0	-0.429777879695772	0
ANKRD13A	0	-0.07884060450117363	0
ANKRD13D	0	-0.3823000263000151	0
ANKRD16	0	-0.4968528974523173	0
ANKRD17	0	-0.13524362302817908	1
ANKRD22	0	-0.1066217488336598	1
ANKRD27	0	-0.17841699645550993	0
ANKRD28	0	-0.28094934505914954	1
ANKRD40	0	-0.4068043072916046	0
ANKRD44	0	-0.06487579988643806	1
ANKRD50	0	-0.10030539873437254	1
ANKRD52	0	-0.33510946572686706	0
ANKRD54	0	-0.31423079208790167	0
ANKS1A	0	-0.18710643842786925	0
ANKS3	0	-0.35272153590853106	0
ANKS6	0	-0.3055679644574948	0
ANKZF1	1	-0.20683958147157416	2
ANLN	0	-0.22857285119248197	1
ANO10	1	-0.014380181092459327	3
ANO6	1	0.013780195002097217	2
ANP32A	1	-0.1794091192004561	2
ANP32B	1	-0.10291275577750399	3
ANP32E	0	-0.11040725098450196	0
ANPEP	0	-0.027693035908722963	0
ANTXR1	0	-0.04999327362293464	1
ANTXR2	0	-0.0795651482786194	1
ANXA1	0	-0.10602772664587437	0
ANXA11	1	-0.09822627339695963	2
ANXA2	0	-0.04711475138671154	1
ANXA3	0	-0.12824181516496358	1
ANXA4	0	-0.03940646329966862	1
ANXA5	0	-0.020184258555780744	1
ANXA6	0	-0.0488346675126697	1
ANXA7	0	-0.10389468193100722	0
AOAH	0	-0.1190022780404318	1
AOC3	0	-0.14772598926942276	0
AOX1	0	-0.2420882944628988	0
AP1B1	0	-0.16559811200349803	1
AP1G1	1	-0.06957994940826918	2
AP1G2	0	-0.22110500339520306	1
AP1M1	0	-0.03895581431234868	1
AP1S1	1	-0.08834653048240462	2
AP1S2	1	-0.11521889520070765	2
AP2A1	1	-0.11383481719070514	2
AP2A2	0	-0.15151245482058512	0
AP2B1	0	-0.19151707711761862	0
AP2M1	0	-0.1299994537179938	1
AP2S1	0	-0.2313313256743259	0
AP3B1	1	0.045686110180750736	3
AP3D1	1	-0.04218150662989384	3
AP3M1	0	-0.17587504779117616	0
AP3M2	0	-0.24000935565316595	0
AP3S1	0	-0.21675962920217762	0
AP4B1	0	-0.31246280296427625	1
AP4E1	0	-0.14942282773137175	1
AP4M1	0	-0.2431900786256939	0
AP4S1	0	-0.25007879052370635	0
AP5B1	0	-0.12155952132632039	1
AP5M1	0	-0.1822286207307099	1
AP5S1	0	-0.18263398648707999	1
AP5Z1	0	-0.12344776411554952	1
APAF1	0	-0.17384982348821942	1
APBA1	0	-0.21264406283963894	0
APBA3	0	-0.4862463290395733	0
APBB1	0	-0.13102622076057166	0
APBB1IP	0	-0.02013723385531576	1
APBB2	1	-0.07824015343296802	2
APC	0	-0.15883508116102846	1
APCS	0	-0.08162374096821831	1
APEH	0	-0.06953683851326475	1
APEX1	1	-0.026294449299534194	2
API5	1	-0.055106992614338844	3
APIP	0	-0.2091411996533517	1
APLP2	1	-0.07229316038306062	3
APMAP	1	0.027732546793842478	2
APOA1	1	-0.12251966513113768	2
APOA2	1	-0.05299074660131921	2
APOA4	1	0.028397646051067482	3
APOB	1	-0.0863233720312685	2
APOBEC3C	0	-0.24681131440601983	0
APOBEC3F	0	-0.11472289647835857	0
APOBEC3G	0	-0.08809767044816405	1
APOBR	0	-0.09040109976577852	1
APOC1	1	-0.08716814763250455	2
APOC3	1	-0.10381568271396738	2
APOC4	0	-0.21347619288892616	1
APOD	1	-0.003502766937471441	2
APOE	1	-0.06350078602769714	2
APOF	0	-0.1786965990709452	1
APOH	0	-0.20100408574002157	1
APOL1	0	-0.16037645397236952	1
APOL2	0	-0.0702135752571666	1
APOL3	0	-0.0647755423915499	1
APOM	0	-0.21417401784593978	0
APOO	1	-0.1642354772849764	2
APOOL	0	-0.2724540982246707	0
APP	1	-0.030043183232745425	3
APPBP2	0	-0.789421093479046	0
APPL1	1	0.07191867878978908	3
APPL2	0	-0.06489267003166183	1
APRT	0	-0.05334397396982034	1
APTX	0	-0.2629067863524745	0
AQR	1	0.04441035765250504	3
ARAF	0	-0.12829056550762713	1
ARAP1	1	-0.06037901052708903	2
ARAP3	0	-0.07851772939132184	0
ARCN1	0	-0.05496909687173427	1
ARF4	1	0.10180024926845754	3
ARF5	1	-0.07033546858860293	2
ARF6	1	-0.10478498877969589	2
ARFGAP1	0	-0.14736312692685388	1
ARFGAP2	0	-0.18144438369516738	0
ARFGAP3	0	-0.15502890130903438	1
ARFGEF1	1	0.08504375453678858	3
ARFGEF2	1	0.06822740428506796	3
ARFGEF3	0	-0.029654098670511397	1
ARFIP1	1	-0.1193678329062233	2
ARFIP2	0	-0.2420225586535357	0
ARFRP1	1	-0.05576033128885518	2
ARG1	1	0.04914176682391001	3
ARGLU1	0	-0.08948730759419368	1
ARHGAP1	1	0.05987881167396194	3
ARHGAP10	0	-0.08886648205029887	1
ARHGAP12	0	0.016803394026514935	1
ARHGAP15	0	-0.13455603272185016	1
ARHGAP17	1	-0.073677321895706	2
ARHGAP18	0	-0.053095592449262194	0
ARHGAP21	1	-0.05220820904616817	2
ARHGAP22	0	-0.7619553869979863	0
ARHGAP23	1	-0.11501839375106586	3
ARHGAP24	0	-0.05124890410454266	1
ARHGAP25	0	-0.07301693765618925	0
ARHGAP26	0	-0.09502070289536857	1
ARHGAP27	1	-0.033967639196395616	2
ARHGAP29	0	-0.08917525863823694	1
ARHGAP30	0	-0.0739296660381783	1
ARHGAP31	0	-0.07135657618678667	1
ARHGAP32	0	-0.10598508308164338	1
ARHGAP35	0	-0.09317152509431795	1
ARHGAP4	1	-0.03427643257880118	2
ARHGAP42	0	-0.12725960827822305	0
ARHGAP44	0	-0.18099509129815888	1
ARHGAP45	1	-0.013908896511875444	2
ARHGAP5	0	-0.14416443619330246	0
ARHGAP6	0	-0.0868631637469759	0
ARHGAP9	0	-0.08515266050268078	1
ARHGDIA	1	0.004107093477052662	2
ARHGDIB	0	-0.10879775995012235	0
ARHGEF1	1	-0.0721866191790556	2
ARHGEF10	0	-0.09770996170967647	1
ARHGEF10L	0	-0.09347205903338125	0
ARHGEF11	0	-0.12340555598541765	1
ARHGEF12	1	-0.014352676862454278	2
ARHGEF16	0	-0.20068479087702218	0
ARHGEF17	1	0.009924395123329436	2
ARHGEF18	0	-0.09887470217476264	1
ARHGEF2	0	-0.10201158782416901	1
ARHGEF28	0	-0.14951407794402885	0
ARHGEF3	0	-0.7130339865321005	0
ARHGEF37	1	0.00516034941998714	2
ARHGEF40	0	-0.1368479945416669	0
ARHGEF5	0	-0.1671028116052204	0
ARHGEF6	0	-0.09010868031427907	1
ARHGEF7	0	-0.06608721288413086	0
ARID1A	0	-0.06439247377097411	1
ARID1B	0	-0.15794855492112192	1
ARID2	0	-0.055331828217789945	1
ARID3A	1	-0.0657145074273389	2
ARID4A	0	-0.162944593382351	1
ARID4B	1	0.004621487883923697	2
ARID5B	0	-0.43003597562274604	0
ARIH1	0	-0.10802694371090471	0
ARIH2	0	-0.16963455181666376	0
ARL1	0	-0.11347419359035178	1
ARL14EP	0	-0.1543141082990879	0
ARL15	0	-0.2120057642289867	0
ARL2	0	-0.25646324829993167	0
ARL2BP	0	-0.20295650535640367	1
ARL3	0	-0.11424120212549016	0
ARL5B	0	-0.17438337095244316	0
ARL6	0	-0.10975012692491937	1
ARL6IP1	1	0.013821994199189138	3
ARL6IP4	1	-0.18161621007586654	2
ARL6IP5	1	0.019559328489750432	3
ARL6IP6	0	-0.18941442913187223	1
ARL8A	0	-0.04184296447425636	1
ARL8B	1	0.015513726943668477	3
ARMC1	0	-0.07841061941891236	1
ARMC10	0	-0.10971814096355662	0
ARMC6	0	-0.17550918339304028	0
ARMC8	0	-0.2420164800571873	0
ARMC9	0	-0.17009257397382013	0
ARMCX1	0	-0.146332472931422	0
ARMCX2	0	-0.04653046874037995	1
ARMCX3	1	-0.04055168167076376	3
ARMH3	1	-0.1681456422433211	2
ARMT1	0	-0.1350111679250717	0
ARNT	0	-0.19744592159121846	0
ARNTL	0	-0.5231623926905294	0
ARPC1A	1	-0.002937668832850554	3
ARPC1B	1	-0.032369717028194994	2
ARPC2	1	-0.053641038612635715	2
ARPC3	1	-0.032168850793795924	3
ARPC4	1	-0.02662230715696124	2
ARPC5	1	-0.006235705238903981	3
ARPC5L	1	-0.04156846209130809	2
ARPIN	0	-0.06422210281195359	1
ARPP19	0	-0.11882184846521678	1
ARRB1	1	-0.0008384440993522993	2
ARRB2	0	-0.05227494797463174	1
ARRDC1	0	-0.3152824557080582	1
ARSA	0	-0.209219223373385	1
ARSB	0	-0.036608031956315054	1
ARSD	1	-0.013200525895813098	3
ARV1	1	-0.22721498495114414	2
ARVCF	0	-0.1178749036015883	0
AS3MT	0	-0.1996247832519055	0
ASAH1	0	-0.1681112636972747	0
ASAP1	1	-0.0107541419108148	2
ASAP2	0	-0.08228010036870251	1
ASAP3	0	-0.1215996090337996	0
ASB6	0	-0.3116865567404181	0
ASCC1	0	-0.24398857219394973	0
ASCC2	0	-0.2087146619377783	0
ASCC3	1	-0.08156529201470682	2
ASF1A	0	-0.1938711084282769	0
ASH2L	1	0.05904734580523333	3
ASL	0	-0.041383959213177154	0
ASMTL	0	-0.10949834868242361	1
ASNS	1	-0.07802144440575728	2
ASPA	0	-0.07747686646143725	0
ASPH	1	0.09464587932440582	3
ASPN	0	0.007872113498302302	1
ASPSCR1	0	-0.2345722399585155	0
ASRGL1	0	-0.05930109751332063	1
ASS1	0	-0.023561570010268804	1
ASXL2	0	-0.18226336037457647	1
ATAD1	1	0.011145261257905095	2
ATAD2	0	-0.29612817220799814	1
ATAD2B	0	-0.23799025886685626	1
ATAD3A	1	0.036332756162085464	2
ATAT1	0	-0.273978851521238	0
ATE1	1	-0.03278845976330326	2
ATF1	0	-0.3094766174630598	1
ATF2	0	-0.02115568721604414	1
ATF7	1	-0.071493553843967	2
ATF7IP	0	-0.09583024745148785	0
ATG101	0	-0.19684067389797358	0
ATG12	0	-0.20296487963594645	1
ATG13	0	-0.2655806738361087	0
ATG14	0	-0.30150174573554855	0
ATG16L1	0	-0.09396221904127951	1
ATG2A	0	-0.3822800623897658	0
ATG2B	0	-0.1606347491565024	0
ATG3	1	-0.0275704785057244	3
ATG4A	1	-0.0854191313133573	2
ATG4B	0	-0.3922902900680071	0
ATG4C	0	-0.20764049493343903	0
ATG5	0	-0.10620528055150044	0
ATG7	0	-0.08867361174285704	1
ATG9A	0	-0.2164140286902369	0
ATIC	0	0.00911438837305208	1
ATL1	1	-0.03163845928772309	2
ATL2	0	0.016527916065573134	1
ATL3	1	0.04265720124764246	3
ATM	1	-0.04459736345222476	2
ATN1	0	-0.21286668721335017	1
ATOX1	0	-0.16163009453198773	0
ATP11A	1	-0.010095236168578511	3
ATP11B	0	-0.07983415948218153	1
ATP11C	0	-0.10245688106501391	1
ATP13A1	0	0.07605951622687228	1
ATP13A3	1	-0.09004631529094045	2
ATP1A1	1	0.06598445649803249	2
ATP1B1	1	0.06362647932563342	2
ATP1B3	0	-0.01759229828213818	1
ATP23	0	-0.2456288289331899	0
ATP2A2	1	0.11754537592726191	4
ATP2A3	1	0.03888411258163152	3
ATP2B1	1	0.02086894561440906	2
ATP2B4	1	-0.01760013084642982	2
ATP2C1	1	0.012366598546652058	3
ATP5F1A	0	-0.24989960754488433	1
ATP5F1B	0	-0.22174892051469275	1
ATP5F1C	0	-0.20868517769781653	1
ATP5F1D	1	-0.13463724371692373	2
ATP5F1E	0	-0.18183147178476425	0
ATP5IF1	0	-0.11751414633896613	0
ATP5MD	0	-0.09454619319903139	1
ATP5ME	1	-0.1235034279378675	2
ATP5MF-PTCD1	1	-0.0619891986883387	2
ATP5MG	1	-0.053229836067084424	3
ATP5MPL	1	0.00217943029604587	2
ATP5PB	1	-0.023063194066324677	2
ATP5PD	0	-0.13523719356179828	1
ATP5PF	0	-0.1164093223483533	1
ATP5PO	0	-0.18493384109345273	1
ATP6AP1	1	-0.07551740038321719	2
ATP6AP2	0	-0.27712775482686364	0
ATP6V0A1	1	0.01766821197327724	2
ATP6V0A2	0	-0.2264321928376623	1
ATP6V0C	0	-0.22231454016890653	1
ATP6V0D1	0	-0.25024075151151864	0
ATP6V1A	1	0.005116065563128996	3
ATP6V1B2	1	-0.07568123202682203	2
ATP6V1C1	1	-0.040033968101372455	2
ATP6V1D	0	-0.059574075518792756	1
ATP6V1E1	1	-0.012037842932714343	2
ATP6V1F	0	-0.1389339490452139	1
ATP6V1G1	0	-0.1009716870030227	0
ATP6V1H	1	-0.09123015677897495	2
ATP7A	0	-0.18764404196735457	1
ATP8A1	0	-0.2379788794513978	0
ATP9A	1	0.0557639683179343	3
ATP9B	0	-0.07137887287769304	1
ATPAF1	1	-0.10142282511672436	2
ATPAF2	0	-0.257546760429083	0
ATR	0	-0.1811145634622069	0
ATRAID	0	-0.11912511065432034	1
ATRIP	0	-0.3683088310611011	0
ATRN	1	-0.14072648930395432	2
ATRX	0	-0.10658755422903052	0
ATXN1	0	-0.10919367168785174	0
ATXN10	0	-0.16104668882414377	0
ATXN1L	1	-0.03189846438275108	2
ATXN2	0	-0.23041989843070282	0
ATXN2L	1	0.033562613488924704	3
ATXN3	0	-0.20845438983395398	0
ATXN7	0	-0.23609734622933246	0
ATXN7L3B	0	-0.23436743718150907	1
AUH	1	-0.10192501497218875	2
AUP1	1	0.005517480016683995	2
AUTS2	0	-0.11399232903606867	0
AVEN	0	-0.19534338814810917	1
AVL9	1	-0.0347578065933932	2
AXL	0	-0.338176901847976	0
AZGP1	1	-0.0940892186833491	3
AZI2	0	-0.25023753932738535	0
AZU1	1	-0.10182646231832759	2
B2M	0	-0.15096944158733977	1
B3GALT6	0	-0.23517495373100986	0
B3GAT3	1	-0.02162180394297228	2
B3GLCT	0	-0.050888405270804626	0
B4GALT1	1	-0.03620126409980594	2
B4GALT4	0	-0.0813126739600392	1
B4GALT7	0	-0.1920571641912469	1
B4GAT1	0	-0.25050817537815606	1
B9D1	0	-0.2845011077406448	0
BABAM1	0	-0.13695244761124367	1
BABAM2	0	-0.171053357049084	0
BACH1	0	-0.10106854862647416	0
BAD	0	-0.15114794859184758	1
BAG1	0	-0.14218688199653978	0
BAG2	0	-0.0361122946335574	1
BAG3	0	0.0029793527048938783	1
BAG4	0	-0.10225671847604745	0
BAG5	0	-0.12601689798124266	0
BAG6	1	-0.1566819152466188	2
BAHD1	0	-0.4902727956605787	0
BAIAP2	1	-0.026302835219477416	2
BAK1	0	-0.24387609555447215	0
BANF1	1	0.005706420592375972	2
BANP	0	-0.29075254798189953	0
BAP1	0	-0.3979089109732699	0
BASP1	1	-0.07149265202357893	2
BAX	0	-0.17335806629770667	0
BAZ1A	0	-0.11679422744496537	0
BAZ1B	1	0.002170293263851021	3
BAZ2A	0	-0.2735037847112459	0
BBIP1	0	-0.27228461369214824	1
BBS1	0	-0.08657445879212788	1
BBS2	1	-0.032758222015581324	2
BBS4	0	-0.09811782913520534	0
BBS5	0	-0.27201123207520295	1
BBS7	1	-0.04925117793617289	3
BBS9	0	-0.17343038096464536	1
BBX	0	-0.185886670680789	0
BCAM	0	-0.03356938905576438	1
BCAP29	1	0.05173783660754412	2
BCAP31	1	0.11052876503763709	3
BCAR1	1	-0.07415042048341089	2
BCAR3	0	-0.13650377050160847	1
BCAS1	0	-0.30199782735989583	0
BCAS2	1	0.030125258215587137	3
BCAS3	0	-0.19863041236401968	0
BCAT1	0	-0.07962576925944452	1
BCAT2	0	-0.2155945623758289	1
BCCIP	0	-0.17539871175426242	0
BCHE	0	-0.12270524682700741	0
BCKDHA	0	-0.15612924601955974	1
BCKDHB	0	-0.21738335618826995	1
BCKDK	0	-0.2195612615465449	0
BCL10	0	-0.1909498618306292	0
BCL2L1	1	-0.06840522688472539	2
BCL2L13	1	-0.0544956272506774	2
BCL2L2	0	-0.19294755527529017	1
BCL3	0	-0.15568952253998536	1
BCL7A	0	-0.20824529987059287	0
BCL7B	0	-0.1316966037681131	1
BCL7C	0	-0.150422742767072	1
BCL9L	0	-0.31217892519860413	0
BCLAF1	1	-0.08480332251096176	2
BCLAF3	0	-0.45843713160109284	0
BCOR	0	-0.37987978688605584	0
BCR	1	-0.041180665776895324	2
BCS1L	0	-0.2444916224298766	0
BDH1	0	-0.1722008738233049	1
BDH2	0	-0.04334962935302589	1
BECN1	0	-0.15147360040584107	0
BEND3	0	-0.18605961855050998	0
BET1	1	0.05667810590502022	2
BET1L	1	-0.06133418925917704	2
BGN	0	0.002757674831344814	1
BICC1	0	-0.13970444813761865	1
BICD1	0	-0.1082137667630654	0
BICD2	0	-0.0871146582214274	1
BICRA	0	-0.3404126272701594	0
BID	0	-0.1454026975919927	0
BIN1	0	-0.06063133115743689	1
BIN2	0	-0.0732509343378798	1
BIN3	1	0.00021523729610360142	2
BIRC2	0	-0.376098719879246	0
BIRC6	1	0.003994309929133201	3
BLM	0	-0.09069939351998438	1
BLMH	0	-0.17439317521972575	0
BLNK	1	-0.0014404774350242843	3
BLOC1S1	1	-0.06222993242891336	2
BLOC1S2	1	-0.10889788605686106	2
BLOC1S3	1	-0.14898466678450234	2
BLOC1S4	0	-0.2569768261862542	1
BLOC1S5	0	-0.21506804159913617	1
BLOC1S6	0	-0.16739153022080186	1
BLVRA	0	-0.09968572115081628	0
BLVRB	1	-0.03714386833091675	2
BLZF1	0	-0.16239605651874858	1
BMP1	1	-0.0439529467487067	3
BMP2K	0	-0.11599696732935436	0
BMPR2	0	-0.6690443972980757	0
BMS1	1	-0.03619707418790505	2
BNIP1	1	-0.005199400133104659	3
BNIP2	0	-0.09567806708566752	1
BNIP3	0	-0.12648059629359046	1
BOD1	0	-0.1539536000565572	0
BOD1L1	0	-0.19334713687508648	1
BOLA1	0	-0.20584641175041604	0
BOLA2	0	-0.21128897893286083	0
BOLA3	0	-0.1520540607987576	0
BOP1	1	-0.09089618442315872	2
BORCS5	0	-0.1734101736504547	1
BORCS6	1	-0.11870022940248945	2
BORCS7	0	-0.0538781971816691	1
BORCS8	0	-0.20442235172984047	0
BPGM	0	-0.04776476931757147	1
BPHL	0	-0.20912791232640776	0
BPI	1	-0.046013488037695796	2
BPNT1	0	-0.11912011020581792	0
BPTF	1	-0.035916336285588525	2
BRAF	0	-0.12699836698130454	0
BRAP	0	-0.31631339631627503	0
BRAT1	0	-0.41926026038203634	0
BRCC3	0	-0.22395009832244273	1
BRD1	0	-0.1859917899808573	0
BRD2	1	-0.027877363076306394	3
BRD3	0	-0.0011951868338278258	1
BRD4	1	0.07082400076684862	3
BRD7	0	-0.23244211617523894	0
BRD8	0	-0.12809267601189345	0
BRD9	0	-0.10647609527500805	0
BRF1	0	-0.192247179980304	0
BRI3	0	-0.13355860274903703	1
BRI3BP	0	-0.39802754077682156	1
BRIX1	1	-0.07931504602469892	2
BRK1	1	-0.0715704194946223	2
BRMS1	0	-0.38782128205723027	1
BRMS1L	0	-0.07546489411433933	0
BROX	1	-0.05898629088222986	2
BRPF1	1	-0.08092390888554862	2
BRWD1	0	-0.12250079907994023	0
BSCL2	0	-0.21949910139522447	1
BSDC1	0	-0.1774081066908771	1
BSG	1	0.03584812440573548	2
BST1	0	-0.16856427237321192	0
BST2	0	-0.08141152516225544	1
BTAF1	1	-0.01614785272329646	3
BTBD1	0	-0.2037522684692575	1
BTBD2	0	-0.1720020740858375	1
BTBD8	0	-0.17072416985184566	1
BTD	1	-0.03547547678446378	2
BTF3	0	-0.15761682779555314	1
BTF3L4	0	-0.12024732633010486	1
BTK	0	-0.06808435279067375	1
BTN2A1	0	-0.1716662466369357	0
BTN3A3	0	0.019277499778041503	1
BUB1B	0	-0.7886942889800441	0
BUB3	1	0.0580348780116971	4
BUD13	0	-0.13347687381246998	1
BUD23	0	-0.27308931150868054	0
BUD31	1	0.06015675119788246	2
BYSL	0	-0.10976366039141794	1
BZW1	0	-0.12338285032119925	1
BZW2	1	-0.015144675173653838	3
C11orf54	0	-0.06353769360269725	1
C11orf58	0	-0.15028687066636554	1
C11orf68	1	-0.10709276479250429	2
C11orf96	1	-0.01460244291413024	4
C11orf98	0	-0.269635758707816	0
C12orf29	0	-0.18557308187819693	0
C12orf4	0	-0.19949532722571303	1
C12orf43	1	-0.15920164304382506	2
C12orf45	0	-0.17384657515986485	0
C12orf57	0	-0.1480159051273955	0
C12orf66	0	-0.16425256819223927	1
C12orf75	0	-0.24557378478259756	1
C14orf119	0	-0.19861590923121822	0
C15orf40	0	-0.27413783102106015	0
C16orf70	0	-0.30959436750867747	0
C16orf86	0	-1.2617494129142723	0
C17orf49	0	-0.21348087314567876	0
C17orf75	0	-0.2130387108781667	1
C17orf80	0	-0.1385668823906253	0
C17orf97	0	-0.11815802745789254	1
C18orf21	0	-0.28950489811561453	0
C18orf25	0	-0.17390039260537388	1
C18orf32	1	-0.03945904564858232	2
C19orf12	0	-0.2577122956014326	1
C19orf25	1	-0.12848879201698477	2
C19orf33	0	-0.2981930389566235	0
C19orf47	0	-0.11700191634628872	1
C19orf53	0	-0.298468393307442	1
C1D	0	-0.40516946192072484	0
C1GALT1	0	-0.12962802624654485	1
C1GALT1C1	0	-0.2596444026404839	1
C1QA	1	0.06525671329586444	3
C1QB	1	-0.049968134747438886	2
C1QBP	0	-0.11016917751925448	1
C1QC	1	-0.06106643090621411	2
C1QTNF3	0	-0.17495070302322793	1
C1R	1	-0.009826561780988622	2
C1RL	0	-0.09361426310993695	1
C1S	1	-0.033153155349726085	2
C1orf109	0	-0.48291311755232413	0
C1orf122	0	-0.13978730062568795	0
C1orf131	0	-0.6706792090695127	0
C1orf174	0	-0.21471448143360555	0
C1orf198	1	-0.016985436155862305	2
C1orf21	0	-0.4020747112394686	0
C1orf226	0	-0.19056880103104198	0
C1orf35	1	-0.0243579022984594	2
C1orf50	0	-0.2934759077208778	0
C1orf52	0	-0.12796445886708288	1
C2	0	-0.13531724762683278	1
C20orf27	0	-0.18070190555774862	0
C2CD2	0	-0.14964191888532874	0
C2CD2L	1	0.02558592975842568	3
C2CD3	0	-0.6261448582808128	0
C2CD5	0	-0.12986641187733555	1
C2orf49	0	-0.28441740064951404	0
C2orf69	0	-0.21829948663289378	0
C2orf76	0	-0.14821447589772796	1
C2orf88	0	-0.38916786904492817	0
C3	0	-0.1424691535440889	1
C3orf38	0	-0.26143859926910384	0
C4B	0	-0.1664666018427156	1
C4BPA	0	-0.2362327849776452	0
C4BPB	0	-0.1540604907996673	1
C4orf3	1	-0.35947591111439003	2
C4orf33	0	-0.11768800663220495	0
C5	0	-0.20259767680677507	1
C5AR1	0	-0.2621041365289727	0
C5orf15	1	-0.19359060031475459	2
C5orf22	0	-0.29464911307648356	1
C5orf24	1	-0.00015891905772018046	2
C5orf51	0	-0.2500750031553635	0
C6	0	-0.2311572584269223	1
C6orf47	1	-0.1349380584704587	2
C6orf89	0	-0.21825860298922936	1
C7	1	-0.10650604859473936	2
C7orf25	0	-0.18421178216900308	0
C7orf26	0	-0.2566360408325884	1
C7orf50	0	-0.19594744685868748	0
C8A	0	-0.1991291070402062	1
C8B	0	-0.1739010663534458	1
C8G	1	-0.1344872465466278	2
C8orf33	0	-0.19452285261413582	0
C8orf37	0	-0.16349466171425248	0
C8orf82	0	-0.10446242976984252	1
C9	0	-0.16512772282443053	1
C9orf16	0	-0.3756354651303285	0
C9orf40	0	-0.32844685470954427	1
C9orf64	0	-0.12460817240186235	0
C9orf72	0	-0.4048711363757921	0
C9orf78	0	-0.11132217188419216	0
CA1	0	-0.08593230426929402	1
CA12	1	0.02434548690546984	3
CA13	0	-0.06516896135975139	1
CA2	1	-0.056537772020177714	2
CA3	1	-0.057400546096977735	2
CA4	0	-0.07676028720368173	1
CA5B	0	-0.17272937333521773	1
CA8	0	-0.1739916051518005	0
CA9	0	-0.10596204211138008	0
CAAP1	0	-0.23440489370762224	0
CAB39	0	-0.08364898339687307	0
CAB39L	0	-0.10296245167256421	1
CABIN1	0	-0.22556698103605738	0
CABLES1	0	-0.15856047347098454	1
CACHD1	1	-0.15202011974246993	2
CACNA2D1	1	-0.10331206749468358	2
CACTIN	0	-0.26597142663972173	0
CACUL1	0	-0.3012614372982502	0
CACYBP	0	-0.0732951675112341	1
CAD	1	-0.0439639978750194	2
CADM1	0	-0.1127626102963583	0
CADM4	0	-0.1676270804069244	1
CADPS2	0	-0.1248051468798012	1
CALB1	0	-0.2730325138691414	0
CALB2	0	-0.1345125092355218	0
CALCOCO1	0	-0.16742582680244117	0
CALCOCO2	0	-0.13391390955853488	1
CALCRL	0	-0.23426712144097134	0
CALD1	0	-0.08924677082026788	1
CALHM5	0	-0.35009775279463595	0
CALM1	1	0.011669687663520164	2
CALML3	1	-0.06223134364989706	2
CALR	0	-0.08757385412827487	1
CALU	0	-0.10362000656321438	0
CAMK1	0	-0.07376632845679562	1
CAMK1D	0	-0.10341135126857873	1
CAMK2B	0	-0.11194792217676293	1
CAMK2D	0	-0.1615740931462996	0
CAMK2G	0	-0.0818908644336536	1
CAMK4	1	0.02093569054190072	2
CAMKK2	0	-0.10103321827134124	1
CAMKMT	0	-0.3640536129685901	1
CAMLG	0	0.016134867014836178	1
CAMP	1	-0.09477944008258057	2
CAMSAP1	0	-0.11685820584816109	0
CAMSAP2	1	-0.07487664726267478	2
CAMSAP3	0	-0.1356760302169521	0
CAND1	0	-0.07916213297258672	1
CAND2	0	-0.07309614557160363	1
CANT1	1	-0.07722925907361791	2
CANX	1	0.09529499234891964	4
CAP1	0	-0.16524267866094983	0
CAP2	1	-0.0231705651245809	3
CAPG	0	-0.11528239143564259	0
CAPN1	1	-0.11920020680599175	2
CAPN15	0	-0.31815730463624164	0
CAPN2	0	-0.1291040245628549	0
CAPN5	1	0.019541314798097117	2
CAPN7	0	-0.26411332816677974	0
CAPNS1	1	0.07569326704645504	3
CAPRIN1	1	0.03853642492870596	3
CAPS	0	-0.1665333817018851	0
CAPZA1	0	-0.09740170219377142	1
CAPZA2	1	-0.041622295094405425	2
CAPZB	1	-0.03035457733355021	2
CARD11	0	-0.16900265800723785	1
CARD19	0	-0.18515567678996675	1
CARD6	0	-0.24329977938544692	1
CARD8	0	-0.189230166459147	0
CARD9	0	-0.20691342553114778	0
CARHSP1	1	-0.015090827546967339	2
CARM1	0	-0.1277295936660391	1
CARMIL1	0	-0.10894658828085575	0
CARNMT1	0	-0.22604011034822752	0
CARS2	0	-0.25723492190535097	0
CASC3	0	-0.1665633498435585	0
CASK	0	-0.035525110488180967	1
CASKIN2	1	-0.07626781823704316	2
CASP1	0	-0.05365337518802005	1
CASP10	0	-0.1463859586335317	1
CASP2	1	-0.11080922651507556	2
CASP3	0	-0.14364977078912297	0
CASP4	1	-0.05259407017861054	2
CASP6	0	-0.07690148794294796	1
CASP7	0	-0.1268075850329205	0
CASP8	0	-0.21838095399623253	1
CASP9	0	-0.2548579690280469	0
CAST	0	-0.041476520321125074	1
CASTOR2	0	-0.20103559231431212	0
CAT	1	0.01297224399491008	2
CAV1	1	-0.03323714493083392	2
CAV2	0	-0.17073866880901117	0
CAVIN1	1	0.005250516684632023	2
CAVIN2	1	-0.06802020259244966	2
CAVIN3	1	0.10806734859362847	3
CBFB	0	-0.07239812499837875	1
CBL	0	-0.16048055223716315	1
CBLB	0	-0.14947975452589943	1
CBLL1	0	-0.10110622537891911	0
CBR1	1	-0.011945565155355501	3
CBR3	0	-0.0576328077819566	1
CBR4	0	-0.23595544609381114	1
CBS	1	-0.6906293541581218	2
CBX1	1	0.053156587352139927	3
CBX3	1	0.0852150129778485	4
CBX4	1	-0.11357531807288798	2
CBX5	1	0.011074708849633519	4
CBX6	0	-0.1491486768025192	1
CBX8	0	-0.10509637122395454	1
CC2D1A	0	-0.08712990612682164	0
CC2D1B	0	-0.18147804969863304	1
CCAR1	1	0.010968509044418382	2
CCAR2	0	-0.015895267777352222	1
CCDC102A	1	-0.050856200082232836	2
CCDC115	0	-0.33451816579182714	0
CCDC117	0	-0.13139223634599734	1
CCDC12	0	-0.03252511145923848	1
CCDC124	0	-0.1863657511880155	0
CCDC127	1	-0.053783349425229644	2
CCDC134	0	-0.2749797975513375	0
CCDC149	0	-0.39196019436468676	0
CCDC174	0	-0.29528914463313816	0
CCDC186	0	-0.18652382221189107	1
CCDC22	1	0.049420890341564404	3
CCDC25	0	-0.01974375506480818	1
CCDC28A	0	-0.10654235591731047	0
CCDC32	0	-0.249216989212618	0
CCDC43	0	-0.17007323635244018	0
CCDC47	1	0.1406303784239203	4
CCDC50	1	-0.02197286021250548	2
CCDC51	1	-0.10939558533053892	2
CCDC58	0	-0.11499516193768784	1
CCDC6	0	-0.01606754732689164	1
CCDC61	0	-0.3359114271576143	0
CCDC71L	0	-0.4644720492275251	0
CCDC8	0	-0.07337872318137237	1
CCDC80	1	-0.08100629885763926	2
CCDC82	0	-0.3650802749579371	1
CCDC85B	0	-0.411612001474011	0
CCDC85C	0	-0.2162999995615753	0
CCDC86	0	-0.13898081218473063	1
CCDC88A	0	-0.0688423245897494	1
CCDC88B	0	-0.14513063753663297	0
CCDC88C	0	-0.1153447170814271	1
CCDC9	0	-0.2406698022700228	1
CCDC90B	0	-0.175080185120637	0
CCDC91	1	-0.0031056487007886644	2
CCDC92	0	-0.25842665895289707	0
CCDC93	1	-0.027184577242609136	2
CCDC97	0	-0.1227682517695066	0
CCDC9B	0	-0.08157256232471297	1
CCL14	1	-0.21936963469816284	2
CCL18	0	-0.12792265242513853	0
CCL5	0	-0.061135617218726256	1
CCM2	0	-0.18640465261934439	0
CCNH	0	-0.2680524328864365	0
CCNK	0	-0.20185324011163736	0
CCNL1	0	-0.27935688728498687	0
CCNL2	0	-0.32989501836049107	0
CCNT1	0	-0.1026371634264522	1
CCNT2	0	-0.4211872029210998	0
CCNY	0	-0.28963592372484326	0
CCNYL1	0	-0.2804806715605316	0
CCP110	0	-0.6996091213595408	0
CCPG1	0	-0.13832763816652655	0
CCS	0	-0.10836564950884568	1
CCSER2	0	-0.3769318667720455	0
CCT2	1	0.05012117035567407	2
CCT3	1	-0.03154963526689287	2
CCT4	0	-0.06349660240215135	1
CCT5	1	-0.016337387710681557	3
CCT6A	1	0.003372959136995985	2
CCT7	0	-0.1453306460507329	1
CCT8	1	-0.005577505178476017	2
CCZ1	0	-0.23743281431753788	0
CD109	1	-0.009864187533681078	3
CD14	0	-0.062101163667178785	1
CD151	1	-0.012147626324409	3
CD163	0	-0.012410824171285575	1
CD164	0	-0.4279462205499004	0
CD180	0	-0.14600030228191804	0
CD2	0	-0.4405323190926171	0
CD200	0	-0.15510322406607374	1
CD209	0	-0.17287277798845738	0
CD248	0	-0.08596037213213661	0
CD276	1	0.0025925586344163914	2
CD2AP	1	-0.013449585583956458	2
CD2BP2	1	-0.042795759852835416	2
CD300A	0	-0.11963259035634888	1
CD320	0	-0.481759958548754	1
CD33	0	-0.18937866613087237	1
CD34	1	-0.014543381310956116	2
CD36	0	-0.15354185249682267	1
CD38	0	-0.05274554528024766	1
CD4	0	-0.0985263552026122	1
CD40	1	-0.08681290424462815	2
CD44	1	-0.013980679205800461	3
CD46	1	-0.021854859603157084	2
CD47	1	0.1084302650986998	4
CD48	0	-0.06506024743685312	1
CD53	0	-0.21308932965524244	0
CD55	0	-0.0892511999803548	0
CD58	0	-0.19540141846997944	0
CD59	1	-0.03942255724240058	2
CD5L	0	-0.3433885234286561	0
CD63	0	-0.0943760107298193	1
CD74	0	-0.09940507933380605	1
CD81	1	-0.05767054256405195	2
CD82	1	-0.1330177989734599	3
CD84	0	-0.16873263900164698	1
CD8A	0	-0.3668124493673505	0
CD9	0	-0.13351818276088734	1
CD93	0	-0.12013295896004453	1
CD99	0	-0.10099103455049603	1
CD99L2	0	-0.15024970979124058	1
CDA	0	-0.1627630855549325	0
CDC123	0	-0.19641489222947223	1
CDC16	0	-0.16538760564820687	1
CDC23	0	-0.2461195581807824	0
CDC26	0	-0.14960370331743045	1
CDC27	0	-0.04779273979129774	1
CDC34	0	-0.23783906972709534	0
CDC37	0	-0.202317642274706	0
CDC37L1	0	-0.09709690641860136	1
CDC40	0	-0.0654214898362828	1
CDC42	1	-0.041368540838205944	2
CDC42BPA	0	-0.08408572644837495	0
CDC42BPB	1	0.042509776760157686	2
CDC42EP1	1	0.03565257390359508	3
CDC42EP2	1	-0.16150717716181653	2
CDC42EP4	0	-0.07851717905665936	1
CDC42EP5	0	-0.10416559364796645	0
CDC5L	0	-0.06951366805707841	1
CDC73	1	0.02318038994064304	2
CDCP1	0	0.014660448214830604	1
CDH1	1	0.07918542424358685	3
CDH11	0	-0.18955198038934634	0
CDH13	0	-0.09581443939789826	0
CDH2	0	-0.05675391065924652	0
CDH5	1	-0.08384759688181428	2
CDH6	0	-0.1033638691200014	0
CDIPT	1	0.18300614104327062	2
CDK1	0	-0.07847655697721519	0
CDK11A	0	-0.033773016149822296	1
CDK11B	0	-0.061538093067700084	1
CDK12	0	-0.1521539224444091	1
CDK13	0	-0.08774446334244604	1
CDK14	0	-0.16941658930928952	0
CDK16	0	-0.16888783023454937	0
CDK17	0	-0.08884397814723193	1
CDK18	0	-0.11935347389263692	0
CDK19	0	-0.20840392612088382	0
CDK2	0	-0.1461785552749249	0
CDK2AP1	0	-0.25038896175615755	1
CDK4	0	-0.19495086484613472	0
CDK5	0	-0.21650998535294494	0
CDK5RAP1	0	-0.3463192994418753	0
CDK5RAP2	0	-0.24209927321803643	0
CDK5RAP3	0	-0.25922865746602197	0
CDK6	0	-0.09898944477486442	1
CDK7	0	-0.1737796578034519	1
CDK9	0	-0.18328957262273496	1
CDKAL1	1	-0.031367024248099194	3
CDKN1A	0	-0.6976237018113298	0
CDKN1B	1	-0.02747683763697148	3
CDKN1C	0	-0.5274694341645383	0
CDKN2A	0	-0.1409951425320342	0
CDKN2AIP	1	-0.08838832373641022	2
CDKN2AIPNL	0	-0.30729985388328523	0
CDKN2C	1	-0.020703599339278258	2
CDR2	0	-0.15930333859844364	1
CDR2L	0	-0.12724958426109217	1
CDS1	0	-0.09607177511209859	1
CDS2	1	-0.00012824740492476048	3
CDV3	0	-0.1411879821269695	0
CDYL	1	-0.01634382047374302	2
CEACAM1	0	-0.2690520175385932	0
CEBPB	0	-0.16030430577580398	0
CEBPD	0	-0.5720960676666987	0
CEBPZ	1	0.08064452812125208	4
CEBPZOS	1	-0.2294909267016198	2
CELF1	0	-0.1779130271432749	1
CELF2	1	-0.02084859114082662	2
CELSR1	1	-0.04998052900383622	3
CEMIP2	1	0.040340886158736225	4
CENPB	1	0.03403108155529973	3
CENPC	0	-0.182789040393539	0
CENPF	0	-0.2754693090073659	0
CENPV	1	0.016422167031482273	3
CEP104	0	-0.2920858852377454	0
CEP112	0	-0.22797092285036819	1
CEP120	0	-0.24453393566779122	0
CEP128	0	-0.23035487104274158	0
CEP131	0	-0.16923768779380205	0
CEP135	1	-0.004616478999758445	2
CEP152	0	-0.3124344461809753	0
CEP164	0	-0.3447380821223468	0
CEP170	1	-0.0503646949582036	2
CEP170B	1	-0.0094787938835629	2
CEP192	0	-0.26476326642044773	0
CEP250	0	-0.0719537643816903	1
CEP290	0	-0.19163038895900253	0
CEP350	0	-0.20403128674249715	0
CEP41	0	-0.10840472146389216	0
CEP44	0	-0.20442796543326197	0
CEP55	0	-0.23721039294361387	0
CEP57	0	-0.21721824738140927	0
CEP63	0	-0.7378842331633688	0
CEP68	0	-0.1395213220237742	0
CEP78	0	-0.2667415891923587	0
CEP85	0	-0.6991977006089387	0
CEP89	0	-0.47333626321982686	0
CEP97	0	-0.14221795183598038	0
CEPT1	0	-0.14309835131139867	1
CERCAM	0	-0.5339558406562455	1
CERS2	0	0.013386317864385289	1
CERS4	1	-0.12268341756988292	2
CERS5	0	-0.3368365617293062	0
CES1	0	-0.05957775825320194	0
CES2	0	-0.1389933846070898	0
CETN2	1	-0.03762618242531971	2
CETN3	0	-0.1495438677847522	0
CETP	0	-0.4162874811889273	0
CFAP20	0	-0.20359050363556683	0
CFAP298	0	-0.2440478884586672	0
CFAP36	1	-0.08864642731236186	2
CFAP410	0	-0.3526146775216127	0
CFAP97	0	-0.18970170845248008	0
CFB	0	-0.19823757261862548	1
CFD	1	-0.11338554816995819	3
CFDP1	0	-0.1260114016507397	0
CFH	0	-0.21404471628021385	1
CFHR1	1	-0.19190010336820743	2
CFHR2	1	-0.1608705173202276	2
CFHR3	0	-0.19841859414753482	1
CFHR4	0	-0.1698208508886113	0
CFHR5	0	-0.20660706706748283	1
CFI	0	-0.07431848338940307	1
CFL1	0	-0.26913963925070244	0
CFL2	0	-0.17987713281350176	0
CFLAR	0	-0.6378750074473051	0
CFP	0	-0.23001593947957905	1
CGAS	1	-0.04685179447837834	2
CGGBP1	0	-0.08544963756013532	1
CGN	0	-0.07785387822535289	0
CGNL1	0	-0.06370489106210768	1
CGREF1	0	-0.301184798899885	0
CHAC2	0	-0.3617843328411009	0
CHAF1A	0	-0.317508282164938	0
CHAMP1	1	0.1406097470244235	4
CHCHD1	0	-0.24979963984596437	0
CHCHD10	0	-0.11384698220528659	1
CHCHD2	0	-0.271942704620029	0
CHCHD3	0	-0.16536926569134405	0
CHCHD4	0	-0.07135341725988342	1
CHCHD5	0	-0.1491074695803416	1
CHCHD6	0	-0.13203907534582518	1
CHCHD7	0	-0.3488142773661965	0
CHD1	1	-0.01336083924531598	2
CHD1L	0	-0.21190645017902066	0
CHD2	1	0.001324277908575261	3
CHD3	1	0.05915572082491318	3
CHD4	1	0.06473905697885579	3
CHD6	0	-0.14461645829936082	1
CHD8	0	-0.05577819979657317	1
CHD9	0	-0.11076569017817003	1
CHDH	0	-0.07969227731735692	0
CHEK1	0	-0.899348251537452	0
CHEK2	0	-0.2216216039794155	1
CHERP	1	-0.006039798346835118	2
CHGA	0	-0.38116192529477777	0
CHGB	0	-0.36241414309456477	0
CHI3L1	0	-0.08657657039724366	1
CHID1	0	-0.14066041052447273	0
CHIT1	0	-0.18070419776827606	1
CHKA	0	-0.44788027285849596	0
CHKB	0	-0.24453037892624016	0
CHL1	1	-0.023945539094990642	2
CHM	0	-0.1788153486409722	1
CHML	0	-0.12122073255704305	1
CHMP1A	0	-0.19736260397703914	1
CHMP1B	0	-0.22377147287806248	1
CHMP2A	1	-0.1726000634584054	2
CHMP2B	0	-0.12183733665804448	0
CHMP3	0	-0.12959836520639761	0
CHMP4A	1	-0.1569106445874302	2
CHMP4B	1	-0.046680105136009405	2
CHMP5	0	-0.17791687212897514	1
CHMP6	0	-0.19874296892690108	1
CHMP7	0	-0.20640862587399494	0
CHN1	0	-0.17548404157399175	0
CHN2	0	-0.25452476465194934	0
CHORDC1	0	-0.15304811180270517	0
CHP1	0	-0.20659312769632948	1
CHPF	0	-0.05585354965823097	1
CHPF2	0	-0.31963514354974876	0
CHRAC1	0	-0.15756237436002626	0
CHRD	0	-0.3910608026354227	0
CHRDL1	0	-0.4161767172344919	0
CHST14	0	-0.13614367412166617	0
CHSY1	0	-0.1765065301990174	0
CHTF18	0	-0.3959664304017668	0
CHTOP	0	-0.2606305067528158	1
CHUK	0	-0.0918423041542956	0
CHURC1-FNTB	0	-0.2878610861103505	0
CIAO1	1	-0.15440151054795387	2
CIAO2A	0	-0.10837629132389903	1
CIAO2B	0	-0.26291113275385475	0
CIAO3	0	-0.2550999452801844	0
CIAPIN1	0	-0.11479749928792424	1
CIB1	0	-0.06908210843298432	1
CIC	0	-0.1757265372272849	0
CINP	0	-0.19283633754709903	0
CIP2A	0	-0.1305190873024583	0
CIR1	0	-0.15876689550140893	1
CIRBP	0	-0.08790788311543586	1
CISD1	1	-0.0721193009410082	2
CISD2	1	0.050271219977563696	2
CISD3	0	-0.2023897530496054	0
CIT	0	-0.11856769014987274	0
CIZ1	1	0.00908326677557594	3
CKAP2	0	-0.35930915367167726	0
CKAP4	1	0.09187209751681456	3
CKAP5	0	-0.1064607466916389	1
CKB	0	-0.09043230898973349	1
CKMT1A	0	-0.13132922714270565	0
CKMT2	1	-0.11718093471103237	2
CKS1B	0	-0.11929531992452536	0
CLASP1	0	-0.08137505511595582	1
CLASP2	0	-0.12693375569550824	0
CLASRP	0	-0.33921028532223324	0
CLC	1	-0.07511760202304962	2
CLCC1	1	0.1282835362283892	4
CLCN3	1	0.01122408078169836	3
CLCN7	1	0.0198056478907409	2
CLDN10	0	-0.43678258079950033	0
CLDND1	1	-0.15618808104202972	2
CLEC11A	0	-0.06135711978827172	1
CLEC14A	0	-0.24220491733720487	0
CLEC16A	0	-0.08440980233063664	1
CLEC3B	1	-0.1308043020069382	2
CLGN	0	-0.13585230556528866	0
CLIC1	0	-0.016961347206177025	1
CLIC2	0	-0.04028002196565814	1
CLIC4	0	-0.024976415216199914	1
CLIC5	0	-0.07565142817037651	1
CLIC6	0	-0.08724137763348924	0
CLINT1	1	-0.04346987748496921	2
CLIP1	0	-0.07495082712206436	1
CLIP2	1	-0.0013344577749612196	3
CLK2	0	-0.33345073788176294	1
CLK3	0	-0.26888357943686475	1
CLMN	0	-0.08300512326392862	1
CLN5	0	-0.30385468231905055	0
CLNS1A	0	-0.290046446230732	1
CLOCK	0	-0.22415901938658575	1
CLP1	0	-0.17945558877997317	0
CLPB	0	-0.14793102520492732	0
CLPP	0	-0.15910700457240584	1
CLPTM1	1	0.26433650506311623	4
CLPTM1L	1	0.04804210393303396	3
CLPX	1	0.054214749086261116	3
CLSTN1	1	0.0023411919556879574	2
CLSTN3	0	-0.2768256921267572	0
CLTA	1	-0.07780237725570846	3
CLTB	1	-0.053873801916815	2
CLTC	1	0.0029769293698572786	2
CLTCL1	1	0.02718395055830052	3
CLU	0	-0.09382912022429568	1
CLUAP1	0	-0.19855947361978393	0
CLUH	0	-0.1396542192439242	1
CLYBL	0	-0.1531285998911267	0
CMAS	1	0.027995064757246717	3
CMBL	1	-0.02898024114812008	2
CMC1	0	-0.22977390127399863	0
CMC2	0	-0.34530771579561986	0
CMC4	0	-0.10037269228747445	1
CMIP	0	-0.11978932811428292	1
CMPK1	1	-0.00965239583267804	3
CMPK2	0	-0.09353458061342655	0
CMSS1	0	-0.1765635841433561	1
CMTM4	0	-0.11680490510349131	1
CMTR1	0	-0.008174134520005417	1
CMTR2	0	-0.09853629734540999	0
CNBP	0	-0.1089462717613094	1
CNDP1	1	-0.019433083058232676	3
CNDP2	0	-0.0793110983977717	0
CNKSR3	0	-0.10297191361399571	1
CNN1	0	-0.13829268343816717	0
CNN2	1	-0.03443415520216194	2
CNN3	1	-0.04232889890601605	2
CNNM3	1	0.010690296403610421	2
CNNM4	1	0.05059835257303669	3
CNOT1	1	-0.023121189596363258	2
CNOT10	0	-0.19905228512547504	1
CNOT11	0	-0.12108711249544343	0
CNOT2	0	-0.24665877041303905	1
CNOT3	0	-0.20113452787199576	0
CNOT4	0	-0.27872644958756	0
CNOT6L	0	-0.15855394850670038	1
CNOT7	0	-0.19970119470086195	0
CNOT8	0	-0.3619354547786224	0
CNOT9	0	-0.1867482337216756	0
CNP	0	-0.0923555416946088	1
CNPY2	0	-0.19887980714506165	0
CNPY3	0	-0.11361970091243109	1
CNPY4	0	-0.10659178381313492	1
CNRIP1	1	-0.029009909169195037	2
CNST	0	-0.1883401543260243	1
CNTLN	0	-0.8495460675888568	0
CNTN1	0	-0.04872632525411422	1
CNTRL	0	-0.161011373760159	1
CNTROB	0	-0.28095065613986014	0
COA1	0	-0.31395349453640087	0
COA3	0	-0.1861767006231001	0
COA4	0	-0.1567755523456271	0
COA5	0	-0.17627437086540448	0
COA6	1	-0.1153475342325175	2
COA7	1	-0.07036346048827469	2
COASY	0	-0.22193837426358645	0
COBL	0	-0.04261191210370508	1
COBLL1	1	-0.0633456486678085	2
COG1	0	-0.22017489645713573	1
COG2	0	-0.1493541550183853	1
COG3	0	-0.10536576992879106	1
COG4	0	-0.21803627759472471	1
COG5	1	-0.10930990619931662	2
COG6	1	-0.0735224686346938	3
COG7	1	-0.09865947866327565	2
COG8	1	-0.08191462217194574	2
COIL	0	-0.08618178584687466	1
COL12A1	0	-0.1094330565855269	0
COL14A1	0	-0.07213578927987024	0
COL15A1	1	-0.0412918362899167	2
COL16A1	0	-0.23952684960904821	0
COL18A1	1	-0.07120976096127674	2
COL1A1	1	-0.0018390901269540794	2
COL1A2	1	-0.05211093200254434	2
COL2A1	0	-0.269201241370154	1
COL3A1	0	-0.045509302388728926	1
COL4A1	1	-0.17450242613645828	2
COL4A2	0	-0.15341141187932472	1
COL5A1	1	-0.060756065529103676	2
COL5A2	0	-0.1734890697788519	1
COL5A3	0	-0.3262993434220641	1
COL6A1	1	-0.04278932755423006	2
COL6A2	1	-0.0249477265570563	3
COL6A3	1	-0.09606188268326692	2
COL7A1	0	-0.3289474317708491	0
COL8A1	0	-0.2565687254726386	0
COLEC11	0	-0.20112546846916396	0
COLEC12	0	-0.1313534033674773	0
COLGALT1	0	-0.01759976020996676	1
COMMD1	0	-0.16203911510357286	1
COMMD10	1	-0.012193347273431104	2
COMMD2	1	-0.07170700063155952	2
COMMD3-BMI1	1	-0.05024280940935559	2
COMMD4	0	-0.2494337471067108	1
COMMD5	1	-0.13253142364997478	2
COMMD6	0	-0.25730624725243956	0
COMMD7	0	-0.1119108696515962	1
COMMD8	0	-0.15012645827792007	0
COMMD9	1	-0.025088012346871646	2
COMP	1	-0.04950103292570722	2
COMT	0	-0.07388837040862217	1
COMTD1	0	-0.10744038325750338	0
COP1	0	-0.20301857868630252	1
COPA	1	0.04159832872663994	3
COPB1	1	0.05370399291709431	2
COPB2	1	0.04524060036971604	3
COPE	0	-0.07627702621954646	1
COPG1	0	-0.08496909523161006	1
COPG2	0	-0.17645937903370323	1
COPRS	0	-0.1421743353688198	1
COPS2	0	-0.28595545035354103	0
COPS3	0	-0.3246500587079218	0
COPS4	0	-0.0968020305478156	1
COPS5	0	-0.31136235634813897	0
COPS6	0	-0.2404556004005693	0
COPS7A	0	-0.29438344708799347	0
COPS7B	0	-0.2499582776759822	0
COPS8	0	-0.16879180592635848	1
COPZ1	1	-0.07687305111355461	2
COPZ2	0	-0.0693200534419995	0
COQ10B	0	-0.2668647570579763	0
COQ3	0	-0.2611068219744306	0
COQ5	0	-0.3096449177051928	0
COQ6	0	-0.2814046641986031	0
COQ7	0	-0.2199469097946476	0
COQ8A	0	-0.18035821933180554	1
COQ8B	0	-0.15939918141398188	1
COQ9	0	-0.16702224312850994	0
CORO1A	0	-0.07525773887406839	0
CORO1B	0	-0.2725437088086203	0
CORO1C	0	-0.14798391810197475	0
CORO2A	0	-0.153127580319579	1
CORO2B	1	-0.03213100222824926	2
CORO7	0	-0.10860471357821151	0
COTL1	1	-0.01673935692326882	2
COX11	0	-0.2072246680819454	1
COX15	1	-0.08137475117898867	2
COX17	0	-0.14424652217715347	0
COX19	0	-0.19977158621543883	1
COX20	0	-0.18959391667541614	1
COX4I1	1	-0.07304570264272547	2
COX5A	0	-0.13803316506161956	0
COX5B	0	-0.1926114361553019	0
COX6A1	0	-0.09212801576535518	1
COX6B1	0	-0.23506938691569162	0
COX6C	1	-0.09175410839964938	2
COX7A2	0	-0.15777701919548645	0
COX7A2L	0	-0.13627973694497475	1
COX7B	1	-0.048453372788926134	3
COX7C	1	-0.06761992897099935	2
COX8A	0	-0.12935933673858618	1
CP	0	-0.15744897994998241	1
CPB2	0	-0.09788355671247384	1
CPD	1	-0.025176586283511854	3
CPE	0	-0.14067423178807548	1
CPEB2	0	-0.2647338310417696	0
CPEB4	0	-0.3426210232829102	0
CPM	0	-0.02741155588140476	1
CPN1	0	-0.19072950916212256	0
CPN2	0	-0.1468615929442715	1
CPNE1	0	-0.13028635110057105	0
CPNE2	0	-0.1255646234426631	0
CPNE3	0	-0.09732114030472105	1
CPNE8	0	-0.11078876334529264	1
CPOX	0	-0.18344881211013414	0
CPPED1	0	-0.10398874630610562	1
CPQ	1	-0.07124276538894064	2
CPS1	0	-0.04497419167218708	1
CPSF1	0	-0.07299206933080661	0
CPSF2	0	-0.05823688486195724	1
CPSF3	0	-0.16696888315695646	1
CPSF4	1	-0.06820850500619145	2
CPSF6	1	0.005993505749019879	2
CPSF7	1	-0.05510901452862824	2
CPT1A	1	0.10500639858608218	3
CPT2	0	-0.12828696359353942	1
CPTP	0	-0.14534584812576895	0
CPVL	0	-0.12451496490647321	0
CPXM1	1	-0.14687253106937695	2
CR1	0	-0.2559361443213718	0
CRABP1	0	-0.18794776794495147	0
CRABP2	0	-0.04242719826904342	0
CRADD	0	-0.11006693028597898	1
CRAT	0	-0.07132634637862478	0
CRBN	0	-0.25004469647996413	0
CRCP	0	-0.45114250046285387	0
CREB1	0	-0.2730532720874216	1
CREBBP	1	-0.04146782389521482	2
CREBRF	0	-0.24027971067926543	1
CREG1	0	-0.13941132297127265	1
CRELD1	0	-0.04416118062696974	1
CRELD2	0	-0.17844239678574186	0
CRIM1	0	-0.07685916439815682	1
CRIP1	0	-0.14872071285742364	0
CRIP2	1	-0.027787601483098757	3
CRIPT	0	-0.16705347067670234	0
CRISP3	0	-0.1966491689889741	1
CRISPLD2	0	-0.1984045753594072	1
CRK	1	0.023538530138582696	3
CRKL	1	-0.05488396897860719	2
CRLF3	0	-0.10673730160945691	1
CRMP1	1	0.04238894930024732	3
CRNKL1	1	0.02663140343100843	3
CROCC	1	0.0331806975686341	3
CROT	0	-0.13576659984629247	0
CRP	0	-0.29552996125540154	0
CRTAC1	0	-0.1123637567454188	1
CRTAP	1	0.027957165532819673	3
CRTC1	0	-0.19436131493583653	1
CRTC2	0	-0.11258573347545928	1
CRTC3	1	0.056356898224200994	3
CRYAB	0	-0.07142090392509852	1
CRYBB1	0	-0.1675658109482871	1
CRYBG1	0	-0.06765861101533992	0
CRYBG3	0	-0.1098397271440315	0
CRYL1	1	0.025871721300313177	3
CRYM	0	-0.04742766472058612	0
CRYZ	1	0.014233612298370779	4
CRYZL1	1	-0.0457224670349967	3
CS	0	-0.12416524359779504	1
CSAD	0	-0.6065866352708538	1
CSDE1	0	-0.16592203129297087	0
CSE1L	1	-0.035623140556216036	2
CSF1	0	-0.4690385287382807	0
CSF1R	0	-0.15624968836112843	0
CSK	1	-0.0843588210780969	2
CSNK1A1	1	-0.0441300127887001	2
CSNK1D	0	-0.3112061322184047	0
CSNK1E	0	-0.3008603150746006	0
CSNK1G1	0	-0.08627554100399107	1
CSNK1G2	1	-0.06721207588509398	2
CSNK1G3	0	-0.04721586992124018	1
CSNK2A1	0	-0.131405367127516	0
CSNK2A2	0	-0.21829362715199213	0
CSNK2B	0	-0.15349079167890695	1
CSPG4	0	-0.0957832375957907	0
CSPP1	0	-0.251550621780771	0
CSRP1	0	-0.11141110709192525	0
CSRP2	1	0.01725068321593514	2
CST3	0	-0.07137227131994643	1
CSTA	0	-0.060514878406487824	1
CSTB	0	-0.07594854900658325	1
CSTF1	1	-0.10757634424631142	2
CSTF2	1	-0.07554820477779733	2
CSTF2T	1	-0.03205240610123339	2
CSTF3	0	-0.046726435853227596	1
CTBP1	1	-0.0706393053101592	2
CTBP2	0	-0.09650855963920031	1
CTBS	0	-0.09621336579347016	0
CTCF	0	-0.16594107605228184	0
CTDP1	0	-0.13092542271451818	0
CTDSP1	0	-0.35091529690298673	0
CTDSPL2	1	-0.05489158765211841	2
CTH	0	-0.09793696079472831	0
CTHRC1	1	-0.003174089991071466	2
CTIF	1	0.00355950296478946	3
CTNNA1	0	-0.13090705017574553	1
CTNNA2	0	-0.07116879197016775	1
CTNNAL1	0	-0.20510747765098963	0
CTNNB1	1	-0.01768000721460532	3
CTNNBIP1	0	-0.3215883418388227	0
CTNNBL1	1	0.003945973622111054	3
CTNND1	0	-0.07239032175619592	1
CTPS1	0	-0.07931856311073615	0
CTPS2	0	-0.2677780291766847	0
CTR9	1	0.02919590860554988	3
CTSA	0	-0.12913512378301537	1
CTSB	0	-0.059882997134461755	0
CTSC	0	-0.06287008743673392	0
CTSD	0	-0.13484474801721955	0
CTSF	0	-0.1778690288871285	0
CTSG	1	-0.11565655391403717	2
CTSH	0	-0.0505493124195572	1
CTSL	0	-0.18946679497382926	1
CTSO	0	-0.26493580933150895	0
CTSS	0	-0.14084215666031474	0
CTSZ	0	-0.1578564265892062	0
CTTN	0	-0.14308706721163644	1
CTTNBP2NL	0	-0.2346092491835799	0
CTU1	0	-0.18033515746569292	0
CTU2	0	-0.10580064425981428	1
CUEDC1	0	-0.10359145494662644	0
CUEDC2	0	-0.11038781582549824	1
CUL1	0	-0.13379311794121396	0
CUL2	0	-0.030923739279894898	1
CUL3	0	-0.17169414886031817	0
CUL4A	1	-0.1551467601671483	2
CUL4B	0	-0.043903339233355584	1
CUL5	1	-0.041747615440213756	2
CUL7	0	-0.12361499113196912	1
CUL9	0	-0.3380624915068938	0
CUTA	0	-0.13502589101762216	1
CUTC	0	-0.19745034173625292	1
CUX1	0	-0.09711314041447167	1
CWC15	1	0.030888490718873708	2
CWC22	1	0.06104191398743658	3
CWC25	0	-0.15769476738421326	0
CWC27	1	-0.11302159078586405	2
CWF19L1	0	-0.02999067109661746	1
CWF19L2	0	-0.16228909454106183	0
CX3CL1	0	-0.24465517158299216	1
CXADR	0	-0.08384880062704306	1
CXCL12	0	-0.10649809526379259	1
CXCL14	0	-0.12485174266039722	0
CXXC1	0	-0.059078047245316755	1
CXXC5	0	-0.0982504180121532	0
CXorf38	0	-0.216349987757516	0
CXorf56	0	-0.08316665972390117	1
CYB5A	1	0.0037535081961092773	2
CYB5B	0	-0.10557532679550648	1
CYB5R1	1	-0.10278749266942266	2
CYB5R2	1	-0.05044088542333793	2
CYB5R3	1	0.04919070283236658	4
CYB5R4	0	-0.19821309932279105	0
CYBA	1	-0.010316320674384174	3
CYBB	1	-0.003605279856106118	2
CYBC1	1	0.042805512783275386	3
CYBRD1	0	-0.05575645166900086	1
CYC1	1	-0.0022905357851345635	2
CYCS	0	-0.13814605556130882	0
CYFIP1	1	-0.004380198064634433	2
CYFIP2	1	-0.044614719715531444	2
CYGB	0	-0.08825342566971839	1
CYHR1	0	-0.22038278912843948	0
CYLD	0	-0.12924424388203806	0
CYP1B1	0	-0.1012651818253187	0
CYP20A1	0	-0.047592926614535194	1
CYP27A1	0	-0.09128744671958122	0
CYP2S1	0	-0.015886764849844297	1
CYP2U1	0	-0.5380216022270168	0
CYP4F11	0	-0.10545413875252203	1
CYP51A1	1	0.047311162145009536	3
CYP7B1	1	-0.0292313218712111	2
CYSTM1	0	-0.2527682451626881	1
CYTH1	0	-0.13044662449764322	1
CYTH2	0	-0.2525204382646976	0
CYTH3	0	-0.0893004746784487	1
CYTH4	0	-0.0959048956121549	1
D2HGDH	0	-0.2302263218848207	0
DAAM1	0	-0.11029956479427923	1
DAAM2	0	-0.2338105298976519	0
DAB2	1	-0.025425678628861737	2
DAB2IP	0	-0.01886384794308038	1
DAD1	1	-0.028965941106919208	2
DAG1	1	-0.03230699604386383	2
DAGLB	0	-0.10644918734644811	1
DALRD3	0	-0.7045168410188454	0
DAP	1	-0.12188498572175022	2
DAP3	0	-0.25598369117278874	0
DAPK1	0	-0.0608385480324124	1
DAPK2	0	-0.1066516467002464	0
DAPK3	1	0.017949424745178747	2
DAPP1	0	-0.7340592257631838	0
DARS2	0	-0.18980528372238595	0
DAXX	1	-0.03198936135552487	3
DAZAP1	1	-0.17750194103961303	2
DAZAP2	0	-0.26972805042112385	0
DBH	0	-0.6014725742359897	0
DBI	0	-0.0859803854449408	1
DBN1	0	-0.04127693536236846	1
DBNL	0	-0.15842581582807494	1
DBR1	0	-0.16233206219634444	0
DBT	0	-0.15498076138045946	1
DCAF1	0	-0.06554069278229642	1
DCAF10	0	-0.26834868776546356	0
DCAF11	0	-0.24313125274668201	1
DCAF13	0	-0.0688656501121255	1
DCAF16	0	-0.644248372240072	0
DCAF5	0	-0.2813215332555264	0
DCAF6	0	-0.23027437543792367	0
DCAF7	0	-0.23465492941842409	0
DCAF8	0	-0.267306815601361	0
DCAKD	1	-0.0017131117927457016	3
DCBLD2	0	-0.3140024891080781	0
DCDC2	0	-0.4092457085097244	0
DCHS1	1	-0.07205848641182772	2
DCK	1	-0.045168743905584396	3
DCLK1	0	-0.054297756737864675	1
DCLK2	0	-0.15620167366584908	0
DCN	0	-0.1012282443639555	1
DCP1A	0	-0.21018457734688484	0
DCP1B	0	-0.18693335092936356	0
DCP2	0	-0.25464571999991165	0
DCPS	0	-0.07824278935129278	1
DCTD	0	-0.20227242702150142	0
DCTN1	0	-0.10710771111239943	1
DCTN2	1	0.0026073565864049796	3
DCTN3	0	-0.16335180763869364	1
DCTN4	0	-0.206209597160221	0
DCTN5	1	-0.06538546323126251	2
DCTN6	1	-0.1082847143572903	2
DCTPP1	0	-0.1335414260763984	0
DCUN1D1	0	-0.12101118957559036	1
DCUN1D3	0	-0.21659040440732918	0
DCUN1D4	0	-0.26342820075763945	1
DCUN1D5	0	-0.08163241342982111	1
DCXR	0	-0.12810072298449499	1
DDA1	0	-0.10901070762808314	1
DDAH1	1	0.07858598247543584	4
DDAH2	1	0.04741300055513657	3
DDB1	0	-0.20602963523269105	0
DDB2	0	-0.12233528448686357	0
DDHD1	0	-0.2855955341475642	0
DDHD2	0	-0.09758021471359478	0
DDI2	0	-0.07337033664045282	1
DDO	0	-0.1952707619956125	0
DDOST	1	0.17638947077731987	4
DDR1	1	-0.050626725698928475	2
DDRGK1	1	0.029935362770106076	3
DDT	0	-0.19140561509618967	0
DDX1	0	-0.07530941218860358	1
DDX10	0	-0.1682446095248685	1
DDX17	1	0.03981799159049566	3
DDX18	0	-0.047757304665857175	1
DDX19A	0	-0.12822527891269908	0
DDX19B	0	-0.11631618758976134	0
DDX20	0	-0.18501895018951736	1
DDX21	0	-0.04742878617215478	1
DDX23	1	0.06322433312748935	4
DDX24	0	-0.21436594651784896	0
DDX27	1	-0.04674252614858404	2
DDX28	0	-0.26315653239673154	0
DDX31	0	-0.061400300845903574	1
DDX39A	1	0.022194611151169077	4
DDX39B	1	0.07510279566369557	3
DDX3X	0	-0.11357958795464276	1
DDX41	0	-0.07692456102071302	1
DDX42	0	-0.13346363262176195	0
DDX46	0	-0.08227111290128473	1
DDX47	1	-0.0046193790964633805	2
DDX49	0	-0.4091494563259358	0
DDX5	1	0.05886751407658737	3
DDX50	1	0.015728151103742656	2
DDX51	0	-0.1817018676066709	0
DDX52	0	-0.010882686674648845	1
DDX54	1	-0.19434934263404396	2
DDX55	0	-0.15806505082593486	0
DDX56	1	-0.030887868769498263	2
DDX58	0	-0.08809451320071808	1
DDX59	0	-0.17026755399538826	1
DDX6	1	-0.06062393356654942	2
DDX60	0	-0.05145681064682518	1
DDX60L	0	-0.09101084812917758	1
DECR1	0	-0.11457449713365579	1
DECR2	0	-0.09115322813989502	1
DEF6	0	-0.0882007169063784	1
DEF8	0	-0.5008612026828765	0
DEFA3	1	-0.0557944067343051	3
DEFA4	0	-0.1320854801805295	1
DEGS1	0	-0.16859336062048982	1
DEK	1	0.10439968368281402	4
DENND1A	1	-0.06516505333172781	2
DENND1B	0	-0.189140535078728	1
DENND1C	0	-0.1993156005479543	1
DENND2A	0	-0.18053552670660197	0
DENND2D	0	-0.0660407792125126	1
DENND3	0	-0.12879577229717568	1
DENND4A	0	-0.05819116536175935	1
DENND4B	0	-0.15862733122260697	1
DENND4C	0	-0.12100924984456567	1
DENND5A	0	-0.16083457745267848	1
DENND6A	0	-0.18562293484687803	0
DENR	1	-0.16103135540693808	2
DEPDC5	0	-0.22616481649413625	0
DEPTOR	0	-0.06179574905254598	0
DERA	0	-0.23314895543494543	1
DERL1	1	-0.004227005926540345	3
DES	0	-0.10948735054845686	0
DESI1	0	-0.2423096223214017	0
DESI2	0	-0.6129577886006536	0
DET1	0	-1.6625367566891722	1
DFFA	0	-0.1105238559741486	0
DFFB	0	-0.26700235386300675	0
DGCR8	0	-0.44470942879828057	0
DGKA	1	-0.07128262509418	2
DGKH	0	-0.1819703963161019	1
DGKQ	0	-0.030972904363903885	1
DGKZ	0	-0.1401765592157211	1
DGLUCY	0	-0.27414110375786593	0
DGUOK	0	-0.22955088233131665	0
DHCR24	0	-0.16834236330791294	0
DHCR7	1	0.04472660831614246	3
DHFR	0	-0.1146069342947692	0
DHODH	0	-0.19425430585128883	0
DHPS	0	-0.09958645753842085	0
DHRS1	0	-0.059170451315673375	0
DHRS11	1	-0.07502271720825943	2
DHRS13	1	-0.16953443682091698	2
DHRS3	1	-0.16386703984022358	2
DHRS4	0	-0.3120023254666066	0
DHRS7	0	-0.025679827055039562	1
DHRS7B	1	0.022194571123961202	2
DHRSX	0	-0.10353787065441747	1
DHTKD1	0	-0.1815541420442141	0
DHX15	1	0.00792440501425004	3
DHX16	1	-0.014506281260072617	2
DHX29	0	-0.08557821894815923	1
DHX30	0	-0.09915412569786648	1
DHX32	0	-0.095641042109511	1
DHX33	0	-0.23267410860974733	0
DHX34	0	-0.7954807024356452	0
DHX35	0	-0.12081402571728847	1
DHX36	0	-0.15772387894288178	0
DHX37	0	-0.153584791516382	1
DHX38	0	-0.18380485739842095	0
DHX40	0	-0.19822616507448518	0
DHX57	0	-0.15057116920357685	0
DHX58	0	-0.24375794132918918	0
DHX8	1	-0.005543314470350195	2
DHX9	1	0.021031359295957296	2
DIABLO	0	-0.2838610963611236	1
DIAPH1	0	-0.09113687126567004	1
DIAPH2	1	-0.01842843591382824	2
DICER1	0	-0.046003817948219776	1
DIDO1	0	-0.17471192497264182	0
DIMT1	0	-0.16061483168413587	1
DIP2A	0	-0.06712681869003706	1
DIP2B	0	-0.2522971452278926	0
DIP2C	0	-0.044679458924081664	1
DIS3	0	-0.11221501739525357	0
DIS3L	0	-0.8060484394857171	0
DIS3L2	0	-0.2898441474923312	0
DIXDC1	0	-0.8243966854196462	0
DKC1	0	-0.1455607779761599	0
DKK3	0	-0.42461079781618977	1
DLAT	0	-0.23824798859447963	1
DLC1	0	-0.277311337939598	1
DLD	0	-0.13227234604512722	1
DLG1	1	-0.047212197015024375	2
DLG2	1	-0.1010705327053693	2
DLG3	0	-0.08258635937817703	0
DLG5	0	-0.08520106244245837	1
DLGAP4	0	-0.19131882395744904	1
DLST	0	-0.17977727739354593	0
DMAC1	0	-0.16934400543749378	0
DMAC2	0	-0.29965702626064256	0
DMAP1	0	-0.17070310918375814	1
DMD	0	-0.12872066374058608	0
DMTN	1	-0.0458410847766685	2
DMXL1	0	-0.0775761359125128	1
DMXL2	0	-0.132849064903073	0
DNAAF2	0	-0.22778325875608346	0
DNAAF5	0	-0.056124603467021805	1
DNAJA1	0	-0.1633041094489677	1
DNAJA2	0	-0.10586627244473337	1
DNAJA3	0	-0.19858281908819397	0
DNAJA4	0	-0.07084618171253684	1
DNAJB1	0	-0.16437832048971987	0
DNAJB11	0	-0.07865707583756795	1
DNAJB12	1	0.07355380843541422	2
DNAJB14	0	-0.07597407499518946	0
DNAJB2	0	-0.153084260135994	0
DNAJB4	0	-0.22530387176374692	0
DNAJB5	0	-0.3047257446067472	0
DNAJB6	0	-0.1909011857446132	1
DNAJB9	0	-0.24472344531765677	0
DNAJC1	1	0.02853377572393188	3
DNAJC10	0	-0.04184782409871816	0
DNAJC11	1	0.10198412425386683	3
DNAJC12	0	-0.1985816194458164	0
DNAJC13	1	-0.012104904253911523	3
DNAJC14	1	0.06943923183143483	2
DNAJC16	1	0.08146752321621614	3
DNAJC17	0	-0.18104961284708204	1
DNAJC19	0	-0.20568581292599825	1
DNAJC2	0	-0.18364434478256333	0
DNAJC21	0	-0.13030727036163797	0
DNAJC24	0	-0.4520507440389441	0
DNAJC25	1	0.16167708519471874	4
DNAJC3	0	-0.0697392978602557	1
DNAJC30	1	-0.12721757301106762	2
DNAJC5	1	0.04936878563925309	2
DNAJC7	1	-0.0017673445072622224	2
DNAJC8	1	-0.025381047149539242	2
DNAJC9	0	-0.07837155306790586	0
DNAL1	0	-0.17209968176460075	0
DNASE1L1	0	-0.46270641470426466	0
DNASE2	0	-0.10691706106789096	1
DNLZ	0	-0.5669373287881849	0
DNM1	0	-0.0762791284108334	1
DNM1L	1	-0.044873325247552574	2
DNM2	0	-0.15188752161985794	0
DNM3	0	-0.2950696851938877	0
DNMBP	1	-0.06380174611316052	2
DNMT1	1	-0.1228075978896888	2
DNMT3A	0	-0.11325268945291829	1
DNPEP	1	0.059575996746501866	3
DNPH1	1	-0.055783168953899544	2
DNTTIP1	0	-0.06347167329756213	0
DNTTIP2	1	0.05100692903656734	3
DOCK1	1	0.05111308993398268	4
DOCK10	0	-0.06259989297193362	1
DOCK11	0	-0.04479483058186018	0
DOCK2	0	-0.027386463200678925	0
DOCK4	0	-0.10324406091755609	0
DOCK5	0	-0.12690341312578776	0
DOCK6	1	-0.0268373851143284	3
DOCK7	1	-0.07312392679038264	2
DOCK8	0	-0.08292522128307486	0
DOCK9	0	-0.0223239114540884	1
DOHH	0	-0.15974510318197394	1
DOK1	0	-0.0718454987317702	1
DOK2	0	-0.08593830169032504	1
DOK3	1	-0.05618250975152663	2
DOLPP1	0	-0.914017789670232	0
DOP1A	0	-0.09560213048134832	1
DOP1B	1	-0.06906181423468204	2
DPAGT1	1	0.015564685671080426	2
DPCD	0	-0.18292369786190438	0
DPEP1	0	-0.14444285527816428	1
DPF2	0	-0.13639971159543082	1
DPH1	0	-0.22865130266752826	0
DPH2	0	-0.2623045745609351	0
DPH5	0	-0.22645965435100748	0
DPH6	0	-0.23794424174891712	0
DPH7	0	-0.2524457100752421	1
DPM1	0	-0.08432827513867239	1
DPM3	0	-0.014786419544030227	1
DPP3	0	-0.17033613263413253	1
DPP4	0	-0.11654310850570589	0
DPP7	0	-0.24386706660397706	0
DPP8	0	-0.17247073349308872	0
DPP9	0	-0.13336658841057775	1
DPT	1	0.059617289601722114	2
DPY19L1	0	-0.023627945221458013	1
DPY19L3	0	-0.3150192854522284	1
DPY30	1	-0.06661573579606216	2
DPYD	0	-0.18689066404159232	0
DPYSL2	1	-0.04408299099958525	2
DPYSL3	1	-0.035085798474621274	2
DPYSL4	0	-0.12086268781272444	1
DR1	1	0.06366252791697793	3
DRAP1	1	-0.003701280755683381	2
DRG1	1	-0.0580644745944055	3
DRG2	0	-0.14806330150049074	0
DROSHA	0	-0.2681031849844298	1
DSC2	1	-0.04872675836650464	2
DSG2	0	-0.01918122337621498	1
DSN1	0	-0.10666829161097129	1
DSP	0	-0.048906734180654	1
DST	1	-0.03975096817236344	2
DSTN	0	-0.04674728013971074	0
DSTYK	0	-0.17202085312660165	1
DTD1	0	-0.09000251849543836	0
DTD2	0	-0.7307068068967217	0
DTNA	1	-0.002816065261998063	2
DTNB	1	-0.012180172017393062	2
DTNBP1	0	-0.16467056567740568	0
DTWD1	0	-0.4893639736615335	0
DTWD2	0	-0.2790708315835759	0
DTX2	0	-0.34485189737183	0
DTX3	1	-0.0227539030066485	2
DTX3L	0	-0.09833160761998844	0
DTYMK	0	-0.13835909314290357	1
DUS1L	0	-0.3385645669885295	0
DUS2	0	-0.19352968124394768	0
DUS3L	0	-0.34826378094681804	0
DUSP11	0	-0.34757995212914566	0
DUSP12	0	-0.09359622056851578	0
DUSP19	0	-0.37369536146801063	0
DUSP22	0	-0.2907376568751395	0
DUSP23	0	-0.13440920192943223	0
DUSP3	1	-0.0256620742409276	3
DUT	0	-0.08185904660666724	1
DVL1	0	-0.0402277099663844	1
DVL2	0	-0.11317099656521094	1
DVL3	0	-0.13232017264338652	0
DYM	0	-0.16631682000601955	0
DYNC1H1	1	-0.13308946970029173	2
DYNC1I1	1	-0.01822779117916842	2
DYNC1I2	0	-0.11576229262436208	1
DYNC1LI1	0	-0.1939753726956724	0
DYNC1LI2	0	-0.06009271626041157	1
DYNC2H1	0	-0.139005969783435	0
DYNC2LI1	0	-0.24267487810671612	0
DYNLL1	1	-0.018298989710730202	3
DYNLRB1	1	-0.12505195427642007	2
DYNLT1	0	-0.2520526441656313	1
DYNLT3	0	-0.09603033455699082	1
DYRK1A	0	-0.20944225571553116	0
DYSF	1	0.0033681126240223598	3
DZIP3	0	-0.35104450179660734	0
E2F4	1	-0.0688445260399133	2
E4F1	0	-1.355347563584774	0
EAPP	0	-0.22103272877917196	0
EARS2	0	-0.13975239544708046	0
EBAG9	0	-0.13804899605774695	1
EBF1	0	-0.42838924424409486	0
EBNA1BP2	0	-0.16549031327791208	0
ECD	0	-0.17961549465405438	1
ECE1	1	0.08048717598215624	3
ECE2	0	-0.1590656331529337	1
ECH1	1	-0.04342412726752712	2
ECHDC1	0	-0.06887222373001602	0
ECHDC2	1	-0.0425450128598305	3
ECHDC3	0	-0.09937095682123051	1
ECHS1	0	-0.10180690393548142	1
ECI1	0	-0.1577621561374017	1
ECI2	0	-0.12019306627662256	0
ECM1	0	-0.2014962813435346	1
ECM2	0	-0.18084844585834242	1
ECPAS	1	-0.056907194611563405	2
ECSIT	0	-0.2986888882275679	0
EDC3	0	-0.18493435324798885	0
EDC4	0	-0.09125622638015934	1
EDEM2	0	-0.3865519053685932	0
EDEM3	0	-0.10962969286804661	1
EDF1	0	-0.19644608148102466	0
EDIL3	0	-0.24855894063139142	0
EEA1	1	0.0047058878165380565	2
EED	0	-0.15215584886968997	1
EEF1A1	1	0.11284350124635985	4
EEF1A2	1	0.11986915724753786	4
EEF1AKMT1	0	-0.21963397958462744	0
EEF1AKMT2	0	-0.2621559016087569	0
EEF1B2	0	-0.1382415100582201	1
EEF1D	1	-0.02772444812024019	2
EEF1E1	0	-0.16425738555338495	1
EEF1G	1	0.018678115016096914	3
EEF2	1	0.02969777015142867	2
EEF2K	0	-0.12394654799487956	0
EEFSEC	0	-0.18809769729389714	1
EEPD1	0	-0.12685272940783623	1
EFCAB14	0	-0.26584615641091647	0
EFEMP1	0	-0.04534458442928684	1
EFEMP2	1	-0.019845178631523158	2
EFHD1	0	-0.0548721141587167	1
EFHD2	0	-0.08866347763264246	1
EFL1	0	-0.1491449079626861	0
EFNA1	0	-0.1992484093743497	1
EFNB1	0	-0.08887548876682264	0
EFNB2	1	-0.065476253787341	2
EFR3A	1	-0.03179496430228398	2
EFTUD2	0	-0.06976181978324732	1
EGFR	1	-0.05538422781796957	2
EGLN1	0	-0.10455840674013109	1
EHBP1	0	-0.09629462141167831	0
EHBP1L1	0	-0.10363975139397703	1
EHD1	0	-0.13056992967912978	1
EHD2	1	0.006961847741834143	2
EHD3	1	-0.030431374126629683	2
EHD4	1	-0.03764811444613984	2
EHHADH	1	-0.020442290884345137	2
EHMT1	0	-0.07001066277205023	1
EHMT2	1	-0.04563419512240674	2
EI24	0	0.08276998110582133	1
EIF1	0	-0.16704846787084526	1
EIF1AD	0	-0.11534384474934319	1
EIF1AX	0	-0.18982659314637312	1
EIF2A	0	-0.204206862901858	0
EIF2AK2	0	-0.07437188709201456	1
EIF2AK3	0	-0.4332072580203302	0
EIF2AK4	0	-0.1548017554397449	1
EIF2B1	0	-0.22658937102039775	1
EIF2B2	0	-0.2966126654511973	0
EIF2B3	0	-0.3919733916548317	0
EIF2B4	0	-0.3539146926993338	0
EIF2B5	0	-0.29956797040364086	0
EIF2D	0	-0.10156192306174947	0
EIF2S1	1	-0.0197135484064497	2
EIF2S2	0	-0.10114042223244515	1
EIF2S3	1	0.043888261132562445	3
EIF3A	0	-0.10347487228948982	1
EIF3B	0	-0.05431314920919996	1
EIF3C	1	-0.11067811552061002	2
EIF3D	1	-0.1751739384286586	2
EIF3E	1	-0.12140293150640931	2
EIF3F	0	-0.10827195518815766	1
EIF3G	1	0.00819440176609625	2
EIF3H	0	-0.07933555496020454	1
EIF3I	1	0.006441954461840616	2
EIF3J	1	-0.02066276064745502	3
EIF3K	1	-0.08625794800104333	2
EIF3L	0	-0.11628552774052325	1
EIF3M	1	0.043795699479617055	4
EIF4A1	1	0.04640040620598394	2
EIF4A2	1	0.013298150429876855	2
EIF4A3	1	0.04211611707286066	3
EIF4B	0	-0.19374776491125942	0
EIF4E	1	-0.09651202840698604	2
EIF4E2	0	-0.12764381317710424	0
EIF4E3	1	-0.06935719682348106	2
EIF4EBP1	0	-0.21790407200384793	0
EIF4EBP2	0	-0.07101092968609939	1
EIF4EBP3	0	-0.36277083552747247	0
EIF4ENIF1	0	-0.14858122555525383	0
EIF4G1	1	0.0359818153510353	4
EIF4G2	1	-0.05571018646667678	2
EIF4G3	0	-0.07425967570041164	0
EIF4H	0	-0.14078774228165258	1
EIF5	0	-0.19549563623688018	0
EIF5A	0	-0.11543718868523674	1
EIF5B	0	-0.1015911063138955	0
EIF6	0	-0.08728908034165547	1
EIPR1	0	-0.07035912150502492	1
ELAC1	0	-0.2153395490706754	1
ELAC2	0	-0.14686827846025602	1
ELANE	1	-0.0966412796815502	2
ELAVL1	1	-0.0853051117707172	2
ELF1	0	-0.1135007339925164	0
ELF2	1	-0.048814384486789285	2
ELL	0	-0.14425508590168712	1
ELMO1	1	-0.009380227671641081	2
ELMO2	1	-0.15385686338391802	2
ELMOD2	1	0.01987189725640179	2
ELN	0	-0.23478040414671483	1
ELOA	0	-0.15021402816212065	1
ELOB	0	-0.018940315040642093	1
ELOC	0	-0.13061657191804044	1
ELOF1	0	-0.2931451151444302	0
ELP1	0	-0.33465371215476447	0
ELP2	0	-0.2552042740097223	0
ELP3	0	-0.24815371940889602	0
ELP4	0	-0.21707186379374743	0
ELP5	0	-0.3763796833611756	0
ELP6	0	-0.3099989311293731	0
EMB	0	-0.31908335375204794	0
EMC1	1	0.15472143410365222	4
EMC10	0	-0.14347644936650678	1
EMC2	0	-0.2544807828737966	0
EMC3	1	0.09314169542310598	3
EMC4	1	0.11193987859514976	3
EMC6	0	-0.7342240917635173	1
EMC7	1	0.06058799524637194	2
EMC8	0	-0.2521954157833502	0
EMC9	0	-0.3780845913099078	0
EMD	1	-0.00397284236648352	2
EMG1	0	-0.18295307893712714	0
EMILIN1	0	-0.11262448288295823	0
EMILIN2	0	-0.13444941852632236	0
EML1	1	-0.061216393688697114	2
EML2	0	-0.07713516755476298	1
EML3	1	0.05386863401474631	3
EML4	0	-0.05665323734170844	1
EMSY	0	-0.17301990863068564	0
ENAH	0	-0.03248468785693568	1
ENDOD1	0	-0.037004152539188595	1
ENDOG	0	-0.2774849344856499	0
ENG	1	0.0459945904956646	4
ENGASE	0	-0.16406186907330153	1
ENO1	0	-0.11369608326740936	0
ENO2	0	-0.08461964115483399	1
ENO3	0	-0.16929116232919114	1
ENOPH1	1	-0.15018852209807154	2
ENOSF1	0	-0.20831191339709992	0
ENPEP	0	-0.1871818532227228	1
ENPP1	0	-0.10844979789955511	0
ENPP2	1	-0.07546259236397428	2
ENPP4	0	-0.11107827608567078	1
ENPP5	0	-0.26318491751177236	0
ENSA	0	-0.08006892308359823	1
ENTPD1	0	-0.09636482820206035	1
ENTPD5	0	-0.07600590917741079	1
ENTR1	0	-0.3092361347884714	0
ENY2	0	-0.22923031639756494	1
EOGT	1	-0.0409762355597912	2
EP300	1	0.044835528164805856	3
EP400	0	-0.10437752169676635	1
EPB41	1	-0.05776671870808141	2
EPB41L1	1	-0.0002798969606298177	2
EPB41L2	1	0.036835558384504564	3
EPB41L3	0	-0.05033722013834744	1
EPB41L4A	0	-0.41404777685867955	0
EPB41L5	0	-0.12134861904150003	1
EPB42	0	-0.04225243149973294	1
EPC1	0	-0.14914918581939243	0
EPC2	0	-0.35637493323529335	0
EPDR1	0	-0.11596314205656508	0
EPG5	0	-0.07575588063719349	1
EPHA2	0	-0.08602244029395556	1
EPHA4	0	-0.1323601741046388	1
EPHB2	0	-0.17547640583680274	0
EPHB3	1	-0.10602002658084964	2
EPHB4	1	-0.12471723715406409	2
EPHX1	1	0.04264328222779766	3
EPHX2	0	-0.14670959338705364	0
EPM2A	0	-0.12819073178983892	1
EPM2AIP1	1	-0.04969514992644328	2
EPN1	1	-0.04034485752210682	2
EPN2	0	-0.057634550518172525	0
EPN3	0	-0.14652418939561293	0
EPPK1	0	-0.05449235386340599	1
EPS15	1	0.03228482157850734	3
EPS15L1	0	-0.11628760626088366	1
EPS8	0	-0.10413223119791377	0
EPS8L2	0	-0.1236218117302786	0
EPSTI1	0	-0.285786311612411	0
ERAL1	0	-0.39015424525023856	0
ERAP1	0	-0.06511091361374508	1
ERAP2	0	-0.07277252137789901	0
ERBB2	0	0.008869899032416579	1
ERBB3	0	-0.10244704364916941	0
ERBIN	1	-0.07006253714463576	2
ERC1	1	-0.03574834902488938	2
ERCC1	0	-0.3830751363039636	0
ERCC2	0	-0.2667750524448593	1
ERCC3	0	-0.20796018008281197	0
ERCC4	0	-0.2660844239700636	0
ERCC5	0	-0.11716975363852948	0
ERCC6	0	-0.29255730467760693	0
ERF	0	-0.2496885374892872	0
ERG	0	-0.12946562414924018	0
ERG28	1	-0.012333209722723917	2
ERGIC1	0	0.04869965147454268	1
ERGIC2	1	0.03112376237786575	3
ERGIC3	1	0.07091951250124863	4
ERH	1	0.036642706349042396	3
ERI1	0	-0.16083023284529935	0
ERI3	0	-0.05931053312627775	1
ERLEC1	0	-0.23199922790530497	0
ERLIN1	0	-0.07911060634909266	1
ERLIN2	0	-0.1640854806303677	1
ERMP1	1	0.03920452067227495	4
ERN1	0	-0.5671044289212273	0
ERO1A	0	-0.08875560609309276	0
ERO1B	1	-0.13114131531783785	3
ERP29	0	-0.1811744622441338	0
ERP44	0	-0.13331379845675376	0
ERRFI1	0	-0.13311040383083061	1
ESAM	0	-0.17685983568126867	0
ESD	1	-0.0020527365389922197	2
ESF1	1	-0.023554309767596766	2
ESRRA	0	-0.4306387777281797	1
ESS2	0	-0.1936855397196722	0
ESYT1	1	0.1332130704267392	3
ESYT2	1	0.02607923952381013	2
ETF1	1	0.050621448052677966	4
ETFA	0	-0.150008959440681	0
ETFB	0	-0.12915402566140446	0
ETFDH	0	-0.10978923919906865	0
ETFRF1	0	-0.1839237999130693	0
ETHE1	0	-0.09455761606623904	0
ETNK1	1	-0.12704877019831798	2
ETS1	0	-0.09515103557844351	1
ETV3	0	-0.6329217873537158	0
ETV6	0	-0.13472941139679132	0
EVA1B	0	-0.5132167122824598	0
EVI2B	0	-0.16819345180921283	1
EVI5	0	-0.22349215785149515	0
EVI5L	0	-0.23265224852565414	0
EVL	1	-0.033381921705098	2
EVPL	1	-0.0226636038495454	3
EWSR1	0	-0.08928025417057597	1
EXD2	0	-0.09496203751172097	0
EXOC1	0	-0.10844814458329466	1
EXOC2	0	-0.25292836359373905	0
EXOC3	1	-0.2067659696192897	2
EXOC4	0	-0.13154651375483956	0
EXOC5	0	-0.09143356709028691	1
EXOC6	0	-0.110674235603712	0
EXOC6B	0	-0.02506917969087834	1
EXOC7	0	-0.1575048050286441	0
EXOC8	0	-0.11214026046129474	1
EXOG	1	-0.03315208994358644	2
EXOSC1	0	-0.1772767608974522	1
EXOSC10	0	-0.21177654762167336	0
EXOSC2	0	-0.19152701042382944	0
EXOSC3	0	-0.17935777227626246	0
EXOSC4	0	-0.30062757989564004	1
EXOSC5	0	-0.1887405500432336	1
EXOSC6	1	-0.1443684967998555	2
EXOSC7	0	-0.2309042793012091	1
EXOSC8	1	-0.202266053921318	2
EXOSC9	0	-0.17756388781847457	0
EXT2	0	-0.2545408428496748	0
EXTL2	0	-0.26349930367829255	0
EYA3	0	-0.2751389199711472	0
EZH1	0	-0.21369000416324604	1
EZH2	0	-0.28053974972258755	0
EZR	0	-0.08324302664781391	0
F10	0	-0.1922089871203006	1
F11	0	-0.19806081863402542	1
F11R	1	0.08233204975091911	3
F12	0	-0.20028245659722788	1
F13A1	0	-0.08269859236607588	0
F13B	1	-0.17046048867345648	2
F2	0	-0.1582729254357694	1
F3	0	-0.20902131246134759	0
F5	0	-0.0645164633148242	1
F7	0	-0.35407059658977535	0
F8A1	0	-0.07264969240820665	1
F9	0	-0.28535401674692074	1
FAAH	0	-0.1311662791051751	1
FABP3	0	-0.051467233936678694	1
FABP4	0	-0.06901405481208807	0
FABP5	0	-0.11632649843298182	1
FABP6	0	-0.16229816759247412	0
FADD	0	-0.2564269886996028	0
FADS2	1	-0.3796184251296823	2
FAF1	0	-0.10784876119669436	0
FAF2	0	-0.10752593269934348	0
FAH	0	-0.10167895165588581	0
FAHD1	1	-0.14625285815599418	2
FAHD2A	0	-0.15210723910346688	0
FAHD2B	0	-0.24328495097088693	1
FAIM	1	-0.05304180999463518	2
FAM102A	0	-0.19967442188457424	1
FAM102B	0	-0.25507675516304473	0
FAM107B	0	-0.05476441053778176	1
FAM110B	0	-0.5130088236081085	1
FAM111A	0	-0.2714384406565644	0
FAM114A1	0	-0.10029918847574684	1
FAM114A2	0	-0.08504848712521203	1
FAM117B	0	-0.2953858957252459	0
FAM118A	0	-0.43460804638748807	1
FAM118B	0	-0.2097762035254437	0
FAM120A	1	-0.01674375993334444	3
FAM120B	0	-0.15254460109352955	0
FAM120C	1	-0.02447247011753092	2
FAM122A	0	-0.10301143440132074	1
FAM122B	0	-0.22006452919993102	0
FAM126A	1	-0.047278872584517254	2
FAM126B	0	-0.10940442404258352	1
FAM133B	0	-0.3981042641220709	0
FAM135A	0	-0.5810156892444657	0
FAM136A	0	-0.16462381414291336	1
FAM13A	0	-0.09547185024983812	1
FAM151B	0	-0.1983373661486006	1
FAM160A2	0	-0.2393546902301003	0
FAM160B1	0	-0.08443491635832275	1
FAM160B2	0	-0.3583255902288164	0
FAM162A	1	-0.012060264237738493	3
FAM168A	0	-0.14545817303261782	0
FAM169A	0	-0.23350094281584594	0
FAM171A1	0	-0.26571949620262697	1
FAM172A	1	-0.049437408612179566	2
FAM174A	0	-0.3458190712499625	1
FAM177A1	0	-0.09733980851898283	0
FAM185A	0	-0.15962541568047922	0
FAM193A	0	-0.2670978936421486	1
FAM207A	0	-0.3164434617293524	0
FAM20B	1	0.036539710716409345	3
FAM20C	0	-0.34974212307154423	0
FAM210A	0	-0.2233246539829874	0
FAM210B	1	0.007158186423060997	2
FAM219A	0	-0.2634558198243898	0
FAM234A	0	-0.12377729146084152	1
FAM241A	0	-0.31187595687291203	0
FAM241B	1	-0.17198805468271372	2
FAM32A	1	-0.11281344303356322	2
FAM3A	0	-0.34066261157688005	1
FAM3C	1	-0.04077464469460494	2
FAM50A	0	-0.19284628209102342	1
FAM50B	0	-0.23515615154212974	0
FAM76A	0	-0.19114952043382497	0
FAM76B	0	-0.1209774666118026	0
FAM89A	0	-0.23597316540968322	0
FAM89B	0	-0.4850517986535493	0
FAM8A1	1	-0.12953811312167968	2
FAM91A1	0	-0.08027079235923844	1
FAM98A	0	-0.18701046011756478	1
FAM98B	0	-0.14324400839922546	1
FAM98C	0	-0.19620386804351334	0
FANCD2	0	-0.7034511628295433	0
FANCI	0	-0.18543050182700102	0
FAP	0	-0.08428654588302419	0
FAR1	0	-0.027098241614505702	1
FARP1	1	-0.12593634810745927	2
FARP2	0	-0.09843543526761597	1
FARS2	0	-0.34289032370716066	0
FARSA	0	-0.21984795304364052	0
FARSB	0	-0.21608813459947046	0
FAS	0	-0.04280014101439992	1
FASN	0	-0.07548304960571077	1
FASTKD1	0	-0.3569568479608174	1
FASTKD2	0	-0.31367412902481395	0
FASTKD5	0	-0.19267586952242438	1
FAT1	1	-0.0712035600064051	3
FAT4	0	-0.25883723665796	1
FAU	0	-0.2482987586804914	0
FBH1	1	-0.08159488768004915	2
FBL	0	-0.16764426769575289	1
FBLIM1	1	0.005766642036741237	2
FBLL1	0	-0.19577318330791033	0
FBLN1	0	-0.14878240460470332	0
FBLN2	1	-0.061730028673044376	2
FBLN5	1	-0.1151152523861377	2
FBLN7	0	-0.02641982395831542	1
FBN1	1	-0.08454546661681224	2
FBN2	0	-0.16947804578776068	0
FBP1	0	-0.1435600860370504	0
FBRS	0	-0.302202221157433	0
FBXL12	0	-1.14281977738186	0
FBXL15	0	-0.30378979687466123	0
FBXL17	0	-0.30946175709235135	0
FBXL18	0	-0.21489619853603367	0
FBXL20	0	-0.09848833477985947	1
FBXL3	0	-0.2827719776028911	0
FBXL4	0	-0.40165504313277245	0
FBXL8	0	-0.21104964240223287	0
FBXO11	0	-0.22581975470740306	0
FBXO2	0	-0.07009026718767693	1
FBXO21	0	-0.2301848514583012	0
FBXO22	0	-0.07570065273756026	1
FBXO28	0	-1.350715294042633	0
FBXO3	0	-0.1655751314980104	0
FBXO30	0	-0.284429501341425	0
FBXO38	0	-0.07260675776895735	1
FBXO4	0	-0.18572813995682816	0
FBXO42	0	-0.4556150844397637	0
FBXO44	0	-0.15698802420254157	0
FBXO45	0	-0.44145270262922753	0
FBXO6	0	-0.1632497591723758	0
FBXO7	0	-0.18448424143378334	1
FBXO9	0	-0.45694963550028395	1
FBXW11	0	-0.22260354510147007	0
FBXW2	0	-0.27313508583503837	0
FBXW5	0	-0.11453662886641522	1
FBXW8	0	-0.4540538787924012	0
FBXW9	0	-0.09018089442894538	1
FCER1G	1	0.01150632002392294	3
FCF1	0	-0.580535151392147	0
FCGBP	0	-0.07383065988397419	0
FCGR1A	0	-0.09224926258805441	1
FCGR2A	0	-0.09456238702769877	1
FCGR2B	1	-0.05931313143929774	2
FCGR3A	0	-0.0787793946762094	1
FCGRT	0	-0.12332164454097097	1
FCHO2	1	0.007024235324748057	2
FCHSD1	0	-0.1429378127339815	1
FCHSD2	1	-0.08296107841023166	2
FCN1	1	-0.05518468089721647	3
FCN2	0	-0.11194933923581663	1
FCN3	0	-0.23252927440099397	1
FDFT1	1	0.0124144149295861	3
FDPS	0	-0.08103322958542639	1
FDX1	0	-0.16834921629622146	1
FDX2	0	-0.2415404404001264	0
FDXR	0	-0.06083366064392663	0
FECH	0	-0.18523747847805103	1
FEM1B	0	-0.4490593103020954	1
FEN1	0	-0.08689809188258368	1
FER	1	-0.09338816780913317	2
FERMT1	0	-0.12221198872585673	1
FERMT2	1	0.0357220854873523	4
FERMT3	0	-0.04328404136006964	1
FES	0	-0.10247549729021488	0
FETUB	0	-0.20714224087425676	1
FEZ2	0	-0.04891528710341221	1
FGA	0	-0.21498046206904958	1
FGB	0	-0.16054968909749426	1
FGD2	0	-0.12457148365314068	1
FGD3	0	-0.1307948293095815	1
FGD4	0	-0.06665003914372296	1
FGD5	0	-0.032826754713231224	1
FGD6	0	-0.3069361280504576	0
FGF1	0	-0.14448141305753123	0
FGF2	0	-0.13006761174517684	0
FGFR1	0	-0.07169886907451488	1
FGFR1OP2	0	-0.10570808956779605	1
FGG	0	-0.20426461084462927	0
FGGY	0	-0.025655250675875575	1
FGL2	1	-0.0233663963750661	2
FGR	1	-0.020632742650855372	3
FH	1	-0.119098418391873	2
FHIT	1	-0.052279425538128546	2
FHL1	1	-0.03544664087334316	2
FHL2	1	-0.02086247894225788	3
FHL3	1	0.014791121615173925	4
FHL5	0	-0.12674019246690854	0
FHOD1	0	-0.15378779884095534	1
FIBP	0	-0.14969318403428938	1
FIG4	0	-0.3023859863521807	0
FILIP1	0	-0.1371743444347288	1
FILIP1L	0	-0.08457067352555482	1
FIP1L1	0	-0.07880892824829518	1
FIS1	0	-0.0610854867870139	1
FITM2	1	-0.24146215081546685	2
FIZ1	0	-0.28728109185854256	1
FKBP10	0	-0.02328621948825954	1
FKBP11	1	-0.0131310516223761	3
FKBP14	0	-0.23175470817330535	1
FKBP15	0	-0.07517688844949266	1
FKBP1A	1	0.004161579484579217	2
FKBP2	0	-0.25306473628753684	0
FKBP3	0	-0.1620503411679573	0
FKBP4	0	-0.11829295366089347	0
FKBP5	1	-0.043953017585330975	2
FKBP7	1	-0.036321645788515336	2
FKBP8	1	-0.08466937622328044	2
FKBP9	0	-0.05575731648896556	1
FKBPL	0	-0.19204819965012146	1
FLAD1	0	-0.0857927783666704	0
FLCN	0	-0.3028995714109059	0
FLI1	0	-0.11288671768957514	0
FLII	0	-0.12805904429812692	1
FLNA	1	0.003062889550022019	3
FLNB	0	-0.06578516317821151	1
FLNC	1	-0.043975166716255384	2
FLOT1	0	-0.31232904433534003	0
FLOT2	0	-0.0413004788637283	1
FLRT3	0	-0.13586868555007087	0
FLT1	1	-0.11462640698747313	2
FLYWCH2	0	-0.20981399616548008	0
FMN1	0	-0.24163609451687057	0
FMNL1	1	-0.003340675813636681	2
FMNL2	1	0.03017658618612882	3
FMNL3	1	0.019808035837170085	3
FMOD	0	-0.10503205986286361	0
FMR1	0	-0.11926090470683412	0
FN1	0	-0.08220891400077734	1
FN3K	1	-0.058934429263157936	2
FN3KRP	0	-0.07846872713763745	1
FNBP1	1	-0.040413871565534866	2
FNBP1L	0	-0.04861910142280722	1
FNBP4	1	-0.05054329449169781	2
FNDC1	0	-0.27659917889780666	1
FNDC3A	1	0.027926492397056857	3
FNDC3B	1	0.06867354295566637	4
FNIP1	0	-0.3523186342068191	0
FNIP2	0	-0.6882481186950059	0
FNTA	0	-0.15095325198035958	1
FOCAD	0	-0.16422291756465796	1
FOLH1	0	-0.23780830593776078	0
FOLR1	0	-0.11180200635455743	1
FOLR2	1	-0.06277509489446145	2
FOS	0	-0.3331564264773867	0
FOSL2	0	-0.1977010067114523	0
FOXJ2	0	-0.14313215676932267	0
FOXJ3	0	-0.12524293488139734	0
FOXK1	0	-0.0444275522809061	1
FOXK2	0	-0.14854624665512212	1
FOXO1	1	-0.14068363782077706	2
FOXO3	0	-0.09375844042580635	0
FOXP1	0	-0.23338128173664882	0
FOXRED1	0	-0.29561351277758313	0
FPGS	0	-0.41526124899043254	0
FPGT	0	-0.1733561240315442	0
FRA10AC1	0	-0.2527722823391875	0
FREM2	1	-0.08690616509694425	2
FRG1	0	-0.12495400065954292	1
FRMD4A	0	-0.2026147070486582	0
FRMD6	0	-0.44562165544294413	0
FRMD8	0	-0.049063962527860314	1
FRY	0	-0.10301347423842408	0
FRYL	1	0.03438393943820866	3
FRZB	1	-0.035343069760141864	3
FSCN1	1	-0.027067972760082	2
FSD1L	0	-0.4839085671764479	1
FSTL1	0	-0.07610212786702288	1
FTH1	1	0.03537534999637162	3
FTL	1	-0.031228232835794838	3
FTO	0	-0.09485289384513698	0
FTSJ1	0	-0.31551195409616206	1
FTSJ3	1	-0.07581047791322444	3
FUBP1	0	-0.13358777737073957	0
FUBP3	0	-0.08048967664474312	1
FUCA1	0	-0.1547144340349021	1
FUCA2	0	-0.19216925378917143	1
FUNDC2	0	-0.08214362438148268	0
FURIN	0	-0.6990723318612533	1
FUS	0	-0.1679777169522551	0
FUT11	0	-0.10671433291534493	1
FUT8	1	-0.07531329362394919	2
FXN	1	-0.06511729841786722	2
FXR1	1	-0.015162333336259822	2
FXR2	1	-0.06008746991232714	2
FYB1	1	-0.02006181195468238	2
FYCO1	1	-0.01627173408427978	2
FYN	0	-0.05559785988449628	1
FYTTD1	0	-0.3243109656818719	0
FZD1	1	-0.014168034372028012	2
FZD6	0	-0.15363308558824254	1
FZR1	0	-0.5713311842484727	0
G3BP1	1	0.09609236797435136	2
G3BP2	0	-0.11176765317663781	1
G6PD	0	-0.05296874276626094	0
GAA	0	-0.07318910196547528	1
GAB1	0	-0.011153988197351205	1
GAB2	0	-0.13264461402160005	0
GABARAP	0	-0.3463753210925224	0
GABARAPL2	0	-0.08142492131440958	1
GABPA	1	0.030514694200830562	3
GABPB1	1	0.10328107385595739	4
GABPB2	0	-0.22635544140107763	0
GADD45GIP1	0	-0.28328384360742254	1
GAK	1	-0.0756820503847924	2
GAL3ST4	0	-0.08811604336992483	1
GALC	0	-0.11278303784976536	1
GALE	0	-0.11022915691773542	0
GALK1	0	-0.23332374012269663	0
GALK2	0	-0.02366261753484644	1
GALM	0	-0.0764727709561584	1
GALNS	0	-0.1889993270743533	0
GALNT1	1	0.024706942177218742	2
GALNT10	0	-0.0645112383731777	1
GALNT11	0	-0.12167720933642989	1
GALNT2	1	0.0969045548522152	3
GALNT7	1	0.030942892358137304	2
GALT	1	-0.09017672771359656	2
GAMT	0	-0.07253083205204398	0
GAN	0	-0.09432104855732627	0
GANAB	0	-0.11816300360781826	1
GANC	0	-0.21032891618021518	0
GAPDH	0	-0.06484422089580033	1
GAPVD1	1	-0.011556289022494804	2
GAR1	0	-0.10565834621218444	0
GART	0	-0.12654545630598135	1
GAS2	0	-0.5158467132125104	0
GAS2L1	0	-0.2081231533063347	1
GAS6	0	-0.14137951254060208	1
GAS7	0	-0.014682692535467301	1
GATAD1	0	-0.18889592795461668	1
GATAD2A	0	-0.05526503471562829	1
GATAD2B	1	-0.08600177750925764	2
GATB	0	-0.2787939708721517	0
GATC	0	-0.3521388387180604	0
GATD1	1	-0.05298355454755177	2
GATD3A	0	-0.07203203252064491	1
GATM	0	-0.07187693955367067	0
GBA	0	-0.19752536777686683	0
GBA2	0	-0.27072997580260716	0
GBE1	0	-0.069711733546355	0
GBF1	0	-0.05700089289558741	1
GBP1	0	-0.04723720972035992	1
GBP2	1	0.003238045019246899	2
GBP4	0	-0.025589961483738717	1
GBP5	0	-0.07011938814856178	0
GC	0	-0.1621975086793835	1
GCA	0	-0.1306884348070413	0
GCAT	0	-0.7655622255627176	0
GCC1	1	-0.07900033466144422	2
GCC2	0	-0.11853680762203592	1
GCDH	0	-0.1041596320783749	1
GCFC2	0	-0.24619013979230867	0
GCHFR	0	-0.19444829700601124	0
GCLC	0	-0.013380763731160405	1
GCLM	1	-0.030977134270252383	2
GCN1	1	-0.047553830408876695	3
GCSH	0	-0.18391821512062334	0
GDA	0	-0.15797649800126673	0
GDAP1	0	-0.1429659362481531	0
GDAP2	1	-0.1993273055172821	2
GDE1	1	-0.003026689692977652	2
GDF15	0	-0.19352373038963175	0
GDI1	1	-0.004295972422362298	2
GDI2	1	0.0017564292607879812	2
GDPD1	0	-0.07021696855817688	1
GDPGP1	0	-0.19736491726346556	0
GEM	0	-0.4399246967946485	1
GEMIN2	0	-0.28197127943818434	1
GEMIN4	0	-0.14274358635683773	0
GEMIN5	1	-0.037678109416720784	2
GEMIN6	0	-0.1736546451386202	1
GEMIN7	0	-0.35096183869886743	0
GEMIN8	0	-0.44379903002196563	0
GET4	1	-0.2090259848434764	2
GFAP	1	-0.04756004988463407	2
GFER	0	-0.19965209334865233	0
GFM1	1	-0.10989392729565997	2
GFM2	0	-0.3679915643950163	1
GFOD1	0	-0.22628314248869494	1
GFOD2	0	-0.1376926634874626	1
GFPT1	1	-0.03866675646733548	2
GFPT2	1	-0.02844069184330546	2
GFRA1	0	-0.5359463258640049	1
GGA1	0	-0.17547886728228304	1
GGA2	0	-0.24420330984195465	0
GGA3	0	-0.2633803348379211	1
GGACT	0	-0.1515677696217675	0
GGCT	0	-0.09146524070734467	0
GGCX	1	0.11945257889290162	3
GGH	0	-0.026271228327690622	1
GGNBP2	0	-0.3951016782266795	0
GGPS1	0	-0.17551057507921397	0
GGT1	0	-0.05750758580693973	1
GGT5	1	-0.01592007354844046	2
GGT7	0	-0.1632262417034672	0
GHDC	1	0.012925314022157602	2
GID4	0	-0.5018483287232481	0
GID8	0	-0.19919745628813174	1
GIGYF1	0	-0.23489656577452359	0
GIGYF2	1	-0.06301848800364222	2
GIMAP1	1	0.0381555305164049	2
GIMAP1-GIMAP5	1	0.06406675874690046	4
GIMAP2	1	-0.12140042734074759	3
GIMAP4	1	-0.031309195704054466	2
GIMAP6	1	-0.000857127034027999	3
GIMAP7	0	-0.049998479500892444	1
GIMAP8	0	-0.0585024928499534	0
GIPC1	0	-0.21837537812763957	0
GIPC3	0	-0.2492322687081784	0
GIT1	1	0.06373627112803817	3
GIT2	1	-0.028875918055241413	2
GJA1	0	-0.11965090158561353	0
GK	0	-0.09306168944500312	0
GLA	0	-0.2604642982198243	0
GLB1	0	-0.19662189371755515	0
GLCCI1	0	-0.40681781836978875	0
GLCE	0	-0.16744749219824867	1
GLDC	0	-0.5919023263216202	0
GLE1	0	-0.19088368002829628	0
GLG1	1	0.11924444590619539	3
GLIPR1	1	-0.02970532651995657	2
GLIPR2	0	-0.07879182104599136	1
GLMN	0	-0.10800563980961311	0
GLMP	0	-0.3620164645063306	0
GLO1	0	-0.06967131115539726	1
GLOD4	1	0.050577324253403486	4
GLRX	0	-0.19294692330060217	0
GLRX3	1	0.009839416414614	2
GLRX5	1	-0.24768821485148967	2
GLS	0	-0.13412288446498583	0
GLT8D1	0	-0.24162679162324036	1
GLTP	1	-0.12773457271878047	2
GLUD1	0	-0.08974987705207471	0
GLUD2	0	-0.14491057251311146	1
GLUL	0	-0.11856155135890353	0
GLYR1	0	-0.10775832058764448	1
GM2A	0	-0.17574836182297052	1
GMDS	0	-0.10528755812928989	1
GMEB1	0	-0.1321449672476587	1
GMEB2	1	-0.05701098979661218	3
GMFB	1	-0.06320423179621526	2
GMFG	0	-0.09925925763279193	1
GMIP	0	-0.0373987234976913	1
GMPPA	0	-0.10933766776984447	1
GMPPB	0	-0.1693439783075442	0
GMPR	1	-0.03006129121618416	2
GMPR2	0	-0.10445209765679916	0
GMPS	1	-0.04599742512592396	2
GNA11	1	0.02205911205519768	3
GNA12	0	-0.014321464329068334	1
GNA13	1	-0.03449251306633315	2
GNAI1	1	-0.07346607087886912	2
GNAI2	1	-0.10856121227045726	2
GNAI3	1	-0.058599169908399126	2
GNAO1	0	-0.17403840667763096	1
GNAQ	1	0.015717613540338515	2
GNAS	1	0.01873898959784376	2
GNB1	1	0.07576570925765606	3
GNB1L	0	-0.2750940555452655	0
GNB2	1	0.06444252787122476	3
GNB3	1	0.03657106864817979	2
GNB4	1	0.011311788804707497	2
GNB5	0	-0.17500615054463106	1
GNE	0	-0.11967070723188973	0
GNG11	1	-0.05267434269673902	2
GNG12	1	-0.08974005772746267	2
GNG2	0	-0.056353714078243224	1
GNG5	1	-0.03707389634278244	3
GNG7	0	-0.19686170685614787	0
GNL1	0	-0.14543207048679802	1
GNL2	0	-0.18856379682401386	0
GNL3	0	-0.10561801848435755	0
GNL3L	1	-0.14601045635467563	2
GNPAT	1	-0.030925498439625436	3
GNPDA1	1	-0.016245147028925055	3
GNPDA2	1	-0.04534575578812426	3
GNPNAT1	0	-0.14033563370229257	0
GNPTAB	0	-0.11968064724080145	1
GNPTG	0	-0.2412991273274668	0
GNS	0	-0.11609604500247654	0
GOLGA1	0	-0.08187307893992991	1
GOLGA2	0	-0.23527884270223845	1
GOLGA3	0	-0.19914847353845147	0
GOLGA4	1	-0.020264230409664262	2
GOLGA5	0	-0.11125212318329931	1
GOLGA6L2	0	-0.47480691173686473	0
GOLGA7	0	0.02251393319910979	1
GOLGB1	0	-0.05586236361451703	1
GOLIM4	1	0.03866629963073084	3
GOLM1	1	-0.012496820462615679	2
GOLPH3	1	-0.04844676624886533	2
GOLPH3L	1	-0.07647120156823949	2
GON4L	0	-0.3807975219907398	0
GON7	0	-0.2641147216918781	0
GOPC	1	-0.044812428815542274	2
GORAB	0	-0.13841526867807427	0
GORASP1	0	-0.213904878096388	1
GORASP2	1	-0.0014317832906822648	2
GOSR1	0	-0.12061233935567908	1
GOSR2	0	-0.07074960228979085	1
GOT1	0	-0.01198714037554586	1
GOT2	0	-0.0544021101790378	1
GP1BA	0	-0.4329687507874903	0
GP5	0	-0.5282343572620507	0
GPAA1	1	0.16076890679033995	3
GPALPP1	0	-0.17604837305835003	1
GPAM	0	-0.4028077058977596	0
GPAT4	1	0.027297157721859838	2
GPATCH1	0	-0.16789300727452158	0
GPATCH11	0	-0.09281265970257249	1
GPATCH2	0	-0.33385678759347603	0
GPATCH4	0	-0.2145540224558397	0
GPATCH8	0	-0.056087455017456475	1
GPBP1	0	-0.4242063346608956	0
GPC1	0	-0.11219822039293734	0
GPC4	0	-0.07884570119632084	1
GPC6	0	-0.12076012217376068	1
GPCPD1	0	-0.1534787873257376	0
GPD1	0	-0.1536844995285019	0
GPD1L	0	-0.05145660206467312	1
GPD2	0	-0.09549103585248477	0
GPHN	0	-0.10622206602816013	0
GPI	1	0.01657573897931616	2
GPKOW	0	-0.12673556169230063	0
GPLD1	0	-0.18852199195001804	1
GPN1	0	-0.3251890460146844	0
GPN3	0	-0.18389964679886123	0
GPNMB	0	-0.11925164663697467	0
GPR107	0	-0.03897909524375746	1
GPR108	0	-0.06589662301109424	1
GPR180	1	0.13121910442253717	4
GPR89A	1	0.06786656384831788	4
GPRC5C	1	-0.06848041708706908	2
GPRIN1	0	-0.39006503707780593	0
GPRIN3	0	-0.10474557568232726	1
GPS1	0	-0.28954854176028966	0
GPS2	0	-0.15087602127439922	0
GPSM1	0	-0.11386037363166265	1
GPSM3	0	-0.10964051488446387	0
GPT2	0	-0.07462827868683579	0
GPX1	0	-0.09891180737263974	0
GPX3	1	-0.006473439641587664	3
GPX4	0	-0.13443658212835424	0
GPX7	0	-0.0492797760100764	0
GPX8	0	0.032452279744930874	1
GRAMD1A	0	-0.26128829466025133	0
GRAMD2B	0	-0.08444564258810235	1
GRAMD4	1	0.033301015741961974	2
GRAP	1	-0.04945266954285216	2
GRAP2	0	-0.12470511444719086	0
GRB10	0	-0.05665778297230036	0
GRB2	0	-0.03797149334006429	1
GRHPR	0	-0.130656826722597	1
GRIP1	0	-0.5458725652705836	0
GRIPAP1	0	-0.1328780447026749	1
GRK2	1	-0.07333554279463993	2
GRK3	1	-0.13261757106077882	2
GRK5	0	-0.14652840826262775	0
GRK6	0	-0.1963658851629933	0
GRN	0	-0.17096581747391007	1
GRPEL1	1	-0.02394604864549136	2
GRSF1	1	-0.08054189659005132	2
GRWD1	0	-0.12955202038371072	1
GSDMA	0	-0.2665924751847616	0
GSDMD	0	-0.14298507310973851	0
GSDME	0	-0.08068301974914924	1
GSE1	0	-0.16194770221636673	1
GSK3A	0	-0.08124661273410012	1
GSK3B	0	-0.13512671018096753	1
GSKIP	0	-0.10977436995730314	1
GSN	0	-0.032716333228636124	1
GSPT1	1	-0.04481098490533382	2
GSPT2	0	-0.07829998177682125	1
GSR	1	0.010652386130816923	2
GSS	1	-0.03445276992253225	2
GSTA4	0	-0.102687460175322	1
GSTCD	0	-0.21419052436388072	0
GSTK1	1	-0.050565204254414554	2
GSTM1	1	-0.015164870205899638	2
GSTM2	0	-0.049724458429475926	1
GSTM3	0	-0.031393504259476415	1
GSTM4	0	-0.23446297133439992	0
GSTM5	0	-0.23969297641223922	0
GSTO1	0	-0.0933295050163966	0
GSTP1	0	-0.04347787484223396	1
GSTZ1	0	-0.1671780737239096	0
GTDC1	0	-0.22553777018476012	0
GTF2A1	0	-0.16086426879966473	0
GTF2A2	0	-0.2042201525590123	0
GTF2B	1	-0.023243469384729903	3
GTF2E1	0	-0.20072274473758883	0
GTF2E2	0	-0.12276163493218603	1
GTF2F1	0	-0.19289351127182713	0
GTF2F2	0	-0.024897328261634703	1
GTF2H1	0	-0.1762069153492464	0
GTF2H2	0	-0.17110402512487194	0
GTF2H3	0	-0.36529678837123736	0
GTF2H4	0	-0.14623712378026404	1
GTF2H5	0	-0.32037522127206797	0
GTF2I	1	-0.08104390785897578	2
GTF3A	0	-0.2555201358793483	0
GTF3C1	1	0.010621353066985778	3
GTF3C2	1	-0.08813969851295758	2
GTF3C3	0	-0.06688460957695633	1
GTF3C4	1	0.010648324708880238	3
GTF3C5	0	-0.1721287687210306	0
GTF3C6	0	-0.3760887650347148	1
GTPBP1	0	-0.17223215064099914	1
GTPBP10	0	-0.23621614533807667	1
GTPBP2	0	-0.25432294495037133	1
GTPBP3	0	-0.2917029823858913	0
GTPBP4	0	-0.15906773673544528	0
GTPBP6	0	-0.20468876185184262	0
GUCY1A1	1	0.00449065734787202	2
GUCY1A2	0	-0.10642297422710101	0
GUCY1B1	1	0.07096187256272472	3
GUF1	0	-0.20723979883519786	1
GUK1	0	-0.17478628851840794	0
GULP1	1	-0.022203798817002424	3
GUSB	1	0.03651200811062173	4
GXYLT1	0	-0.15561698650869976	0
GYG1	0	-0.0688167432695601	1
GYG2	0	-0.5679131824536578	0
GYPA	0	-0.14813112040140702	1
GYPC	0	-0.21197989635095923	1
GYS1	1	-0.0628932106815899	2
H6PD	0	-0.05734565813405136	1
HAAO	1	0.037968597373202476	4
HABP2	0	-0.23862013180752642	1
HABP4	0	-0.19226619244315382	0
HACD2	1	0.0915468609898669	3
HACD3	1	0.14320765532367039	4
HACE1	0	-0.2912619493531457	0
HACL1	0	-0.17820334507171712	0
HADH	0	-0.24966243242564307	1
HADHA	1	-0.10219994812809971	2
HADHB	1	-0.021962572891276257	2
HAGH	0	-0.009960756408238885	1
HAPLN1	0	-0.07515403691006686	1
HAPLN3	0	-0.05281131158131201	1
HARS2	0	-0.19230072133596032	1
HAT1	0	-0.025999657599730136	1
HAUS1	0	-0.2108496075161593	0
HAUS2	0	-0.3909251526560743	0
HAUS3	1	-0.09103262510915126	2
HAUS4	0	-0.25761719509583747	1
HAUS5	0	-0.30732431307935065	1
HAUS6	1	-0.06474050067139497	2
HAUS7	0	-0.2324704925610021	0
HAUS8	0	-0.23680255186347948	0
HAVCR2	0	-0.4515724328874712	0
HAX1	0	-0.13047057413252433	1
HBA1	0	-0.05396551362015848	1
HBB	1	-0.018978673799162966	2
HBD	0	-0.035364172534520164	1
HBG1	0	-0.18234424670859375	1
HBM	0	-0.4478931731834527	0
HBP1	0	-0.16701432787462603	0
HBQ1	0	-0.10426475066812668	1
HBS1L	0	-0.06862792795838678	1
HBZ	1	-0.07160370569324895	2
HCCS	0	-0.15369944241156036	1
HCFC1	1	0.1326953515333901	4
HCFC2	0	-0.19575473353498807	0
HCK	1	-0.017874731264419658	2
HCLS1	0	-0.05607083024636398	0
HDAC1	0	-0.0789219024093473	1
HDAC10	0	-0.15741792538199356	1
HDAC11	0	-0.6827694487445573	0
HDAC2	0	-0.18732135307779652	1
HDAC3	0	-0.15305895707218986	1
HDAC4	0	-0.12972617133071956	0
HDAC5	1	0.07818091239167471	3
HDAC6	0	-0.23011710541226624	1
HDAC7	1	-0.03986715818790018	3
HDAC8	0	-0.2836027331752694	0
HDDC2	0	-0.16328172413572786	1
HDDC3	1	-0.05762599444941866	2
HDGF	1	-0.04266188504688011	3
HDGFL2	1	0.002696723999150279	2
HDGFL3	1	0.07620135017176578	3
HDHD2	0	-0.06929728916950713	1
HDHD3	0	-0.18153023246844296	1
HDHD5	0	-0.08907362995689487	0
HDLBP	1	-0.09279939322730342	2
HEATR1	1	0.011252278070766475	3
HEATR3	0	-0.22516399062636633	0
HEATR5A	0	-0.06862093309146458	1
HEATR5B	0	-0.11580688457564	1
HEATR6	0	-0.3322571352322618	0
HEBP1	1	-0.09889208418351611	2
HEBP2	1	-0.0800483864324106	2
HECA	1	-0.006706765530804237	4
HECTD1	0	-0.25246836508722575	1
HECTD3	0	-0.2881633635059557	0
HECTD4	0	-0.11031284554672431	1
HEG1	0	-0.2811353609832111	0
HELLS	0	-0.3469581918610858	0
HELZ	1	-0.13797805535889668	2
HELZ2	0	-0.16408627224750794	0
HEPH	0	-0.24823259039174222	1
HERC1	0	-0.10935241134105918	1
HERC2	0	-0.2298292218612205	1
HERC3	0	-0.26541581729667707	1
HERC4	1	-0.06038752896209578	2
HERC5	0	-0.2535208072283476	0
HERPUD1	0	-0.09886322147277693	0
HES1	0	-0.41418103437387666	0
HEXA	0	-0.13124170332002008	1
HEXB	0	-0.1084124324222574	1
HEXIM1	0	-0.18816582621386768	0
HEXIM2	0	-0.520541704152071	0
HFE	0	-0.7143445089129933	0
HGD	0	-0.09904214306078887	0
HGF	0	-0.16310655582601613	0
HGFAC	0	-0.2198759659845016	0
HGH1	0	-0.13724983366485702	1
HGS	0	-0.10406468320565147	1
HGSNAT	0	-0.33037387012372926	0
HIBADH	0	-0.13518953683930782	0
HIBCH	0	-0.10484249983608221	0
HID1	1	-0.08561002760274906	2
HIF1AN	0	-0.08998334411694124	1
HIGD1A	0	-0.13949530387991899	1
HIKESHI	0	-0.2036536316041595	0
HINT1	0	-0.12476710267499605	1
HINT2	0	-0.14901350378824857	0
HINT3	0	-0.12442277009882381	1
HIP1	1	-0.037139724401734395	2
HIP1R	0	-0.07313833089342428	0
HIRA	0	-0.26519505707199553	0
HIRIP3	0	-0.11198669591882304	1
HK1	0	-0.10245861829767293	0
HK2	0	-0.0916683957171796	0
HK3	0	-0.09028053247103224	0
HKDC1	0	-0.1220308518468021	0
HLA-A	0	-0.22933263153895794	1
HLA-B	1	0.022570735307938322	3
HLA-C	1	0.0052765540304044595	3
HLA-DMA	0	-0.045933166867810536	1
HLA-DMB	0	-0.038072511874374784	1
HLA-DPA1	0	-0.08552169811606337	0
HLA-DPB1	0	-0.13548803018961725	0
HLA-DQA1	0	-0.058859346320708085	1
HLA-DQB1	1	-0.06594414717736405	2
HLA-DRA	0	-0.10572208926315396	0
HLA-DRB1	0	-0.11640494382426647	0
HLA-DRB5	0	-0.27123572303762533	0
HLA-E	1	-0.0435086174431713	3
HLA-F	1	-0.0007610205015698742	2
HLCS	0	-0.28269563581487245	0
HLTF	0	-0.09079805588863772	1
HM13	1	0.08417406575629927	3
HMBOX1	0	-0.20378307723391692	1
HMBS	0	-0.12057935413086843	1
HMCES	1	-0.11150929088936985	2
HMCN1	1	-0.033308901561066376	3
HMG20A	0	-0.21106570827042342	0
HMG20B	0	-0.17401826818019192	0
HMGA1	1	-0.04929504421233555	2
HMGA2	0	-0.2722703781411261	1
HMGB1	1	-0.05159654517183142	2
HMGB2	1	-0.01639991997738304	2
HMGB3	1	-0.0032796091902707603	2
HMGCL	0	-0.09386680091148195	1
HMGCS1	0	-0.1317706077189051	0
HMGN1	0	-0.20389835074443025	0
HMGN2	1	-0.11101805434771157	2
HMGN3	1	-0.2044753848935918	2
HMGN4	1	0.029971382816434477	3
HMGN5	1	-0.0419965230035387	2
HMGXB3	0	-1.3642136954331854	0
HMGXB4	0	-0.16702168347556923	0
HMOX1	0	-0.07126848271694926	0
HMOX2	1	0.08338090066521313	3
HMX3	0	-0.46604565241641627	0
HNMT	0	-0.02722390589286492	1
HNRNPA0	1	-0.020612148358820064	2
HNRNPA1	1	0.0828714610188895	2
HNRNPA2B1	1	0.06135065250421666	3
HNRNPA3	1	-0.01406494967184404	3
HNRNPAB	1	-0.03198826668218231	2
HNRNPC	1	-0.018624338215786802	2
HNRNPD	1	0.05217228498993075	3
HNRNPDL	1	-0.025297654532213682	2
HNRNPF	1	-0.05010357609023854	3
HNRNPH1	1	-0.06435614151132948	2
HNRNPH2	1	0.035020035032039855	2
HNRNPH3	0	-0.04883871192250782	1
HNRNPK	1	0.04250452172822228	3
HNRNPL	0	-0.026288457527287385	1
HNRNPLL	1	0.0278617221261184	3
HNRNPM	1	-0.0355009816966698	2
HNRNPR	0	0.0035216659713539463	1
HNRNPU	1	0.0126074412974193	3
HNRNPUL1	0	-0.053134732228261684	1
HNRNPUL2	0	-0.18522877538199112	0
HOMER1	0	-0.15391825539211054	1
HOMER2	0	-0.19478482850843534	0
HOMER3	0	-0.22464395432067827	0
HOOK1	1	-0.021684295157227435	2
HOOK2	1	-0.014340178488362925	3
HOOK3	1	-0.08769041042478179	2
HOPX	0	-0.033272424566157116	1
HP	0	-0.17859300477195156	1
HP1BP3	0	-0.2464711623011783	0
HPCAL1	1	0.0076179333161838	3
HPF1	0	-0.11073629217272626	1
HPGDS	0	-0.08739806086023949	1
HPR	0	-0.18147676325681453	1
HPRT1	1	-0.035356317861136875	2
HPS1	0	-0.5494068954251983	0
HPS3	0	-0.1490122531863018	1
HPS4	0	-0.3133682043488848	0
HPS5	0	-0.246851893415442	0
HPS6	0	-0.3651979890094394	0
HPSE	0	-0.5050907673908793	0
HPX	1	-0.09166361057953105	2
HRAS	0	-0.13199196783505412	1
HRC	0	-0.418750610811007	0
HRG	1	-0.15671040683986598	3
HRNR	0	-0.5202658000031859	0
HS1BP3	0	-0.12199867542768053	1
HS2ST1	0	-0.19339220793772482	1
HS6ST1	0	-0.3027221600264468	0
HSBP1	0	-0.1118841383878059	0
HSCB	0	-0.20927982492811142	0
HSD17B10	0	-0.20877832645011765	1
HSD17B11	0	-0.04853686944417658	1
HSD17B12	1	-0.02415975301484896	3
HSD17B4	1	0.03549151629049972	3
HSD17B7	0	-0.1300734242052899	1
HSD17B8	0	-0.1511717255060847	1
HSD3B7	0	-0.3312475843787738	0
HSDL1	1	-0.08822400764110838	2
HSDL2	0	-0.07164424699417031	1
HSF1	0	-0.26816577307727085	0
HSP90AA1	1	-0.048956679957054675	3
HSP90AB1	1	0.1593373408359005	4
HSP90B1	0	-0.17442731076595536	0
HSPA12A	1	0.029399113428434587	4
HSPA12B	1	0.007680095822212759	2
HSPA13	0	-0.18399840564755707	1
HSPA14	1	-0.09562712045714532	2
HSPA1A	0	-0.08159544368555684	1
HSPA1L	1	-0.09682893693392078	2
HSPA2	1	-0.07066672994230878	2
HSPA4	0	-0.1564695297918585	0
HSPA4L	0	-0.09762538605599722	1
HSPA5	0	-0.1846995987075017	1
HSPA6	0	-0.04644323855008546	1
HSPA8	1	-0.06342904858122154	2
HSPA9	0	-0.13822188184598044	1
HSPB1	1	0.051710648145777104	3
HSPB11	0	-0.2737467632773892	1
HSPB2	0	-0.08323816751893227	1
HSPB6	0	-0.09353227472237222	1
HSPB7	0	-0.15885252195809177	0
HSPB8	0	-0.036004149208143675	1
HSPBAP1	0	-0.2904608085116998	0
HSPBP1	0	-0.12733689595869263	1
HSPD1	0	-0.11919091357393838	1
HSPE1	1	-0.037083429938223035	2
HSPG2	1	-0.05449477517186222	2
HSPH1	0	-0.10834121635215177	1
HTATIP2	1	0.0167716501696021	3
HTATSF1	1	-0.09558830493502761	2
HTD2	0	-0.4277415870118281	0
HTRA1	1	0.012360739040536833	2
HTRA2	0	-0.2593367810810706	1
HTT	1	-0.01961326072517172	3
HUS1	0	-0.2799388712481944	0
HUWE1	0	-0.11601533478996355	0
HVCN1	0	-0.07173048747388182	1
HYI	1	-0.0161500289499527	2
HYOU1	0	-0.13529035097781777	0
HYPK	0	-0.3157103492333634	0
IAH1	0	-0.14003480729197273	1
IARS2	0	-0.22412039073399598	0
IBA57	1	-0.11216603646283459	2
IBTK	0	-0.24881184353612973	0
ICA1	0	-0.13223131028961657	0
ICAM1	0	-0.054660360567825014	0
ICAM2	0	-0.11795332095457797	0
ICAM3	1	-0.051825080968675705	2
ICE1	0	-0.4863651804696255	0
ICE2	0	-0.47847264120807453	1
IDE	0	-0.05140076978033874	1
IDH1	0	-0.05404068918477546	0
IDH2	0	-0.1345958866403788	0
IDH3A	0	-0.14810048252461866	1
IDH3B	0	-0.20311598100609313	1
IDH3G	0	-0.11242718604539301	1
IDI1	0	-0.06879908013619476	1
IDNK	0	-0.28062036988093325	0
IDS	0	-0.20368373551289856	0
IDUA	0	-0.1376858035213677	0
IFI16	1	-0.0592393952258094	2
IFI27L2	0	-0.7084376254620655	0
IFI30	0	-0.08295940587393955	0
IFI35	1	0.001161994552325063	2
IFI44	0	-0.19405021719241577	1
IFIH1	0	-0.06732009102920028	0
IFIT1	0	-0.08087533334444906	0
IFIT2	0	-0.06287061922196487	1
IFIT3	0	-0.05791743746039109	0
IFIT5	0	-0.1264079266890436	0
IFITM3	0	-0.19049900781915727	1
IFNGR1	0	-0.21793957311667525	0
IFRD1	0	-0.26608138053457203	1
IFT122	0	-0.19102341752809399	1
IFT140	0	-0.10557152576144353	1
IFT172	1	-0.06719276314814779	2
IFT20	0	-0.15547814610698266	1
IFT22	0	-0.18569344919456787	0
IFT27	0	-0.08361635557988145	0
IFT43	0	-0.10802966924275022	0
IFT46	0	-0.20544803856443344	0
IFT52	0	-0.13286645359545984	0
IFT57	0	-0.16030403170624463	0
IFT74	0	-0.13911350618751397	0
IFT80	0	-0.2255912540506905	0
IFT81	0	-0.24632976282674623	1
IFT88	0	-0.14049564333723205	1
IGBP1	1	-0.11324435529672175	2
IGF1	1	-0.17780226310947256	2
IGF1R	1	0.005138619896128321	3
IGF2	0	-0.15176967825729287	1
IGF2BP2	0	-0.08908094217945084	0
IGF2BP3	0	-0.07198535344913173	0
IGF2R	1	0.11290226821987677	3
IGFALS	0	-0.10571040702959196	1
IGFBP2	0	-0.05723041356118204	1
IGFBP3	1	-0.09034120274611297	2
IGFBP4	0	-0.12855014330157966	1
IGFBP5	0	-0.11151892284727874	1
IGFBP6	1	-0.12375856116681724	2
IGFBP7	1	-0.05394390387397596	2
IGHG1	0	-0.14135015133676865	1
IGHMBP2	0	-0.2689073551285003	1
IGLL1	0	-0.23098838931003485	0
IGLL5	0	-0.25985138174893657	0
IGSF3	1	-0.3426490354353001	2
IGSF8	0	-0.09082996736775978	1
IK	1	0.0397467760895847	3
IKBIP	1	-0.05550497086786851	2
IKBKB	0	-0.11812528861026847	1
IKBKG	0	-0.1483508864452486	1
IKZF1	0	-0.06536038933716247	0
IL10RB	0	-1.8610205168697285	0
IL16	0	-0.0846701336589207	1
IL18	0	-0.058449286850656534	1
IL1RAP	0	-0.11742829919621507	1
IL33	0	-0.0879687995754226	1
IL4I1	0	-0.10351347011278253	1
IL6ST	0	-0.17042051352429796	1
ILF2	1	0.014665973994177938	4
ILF3	0	-0.08546122241608528	1
ILK	1	0.034108095615964215	2
ILKAP	0	-0.07824440327254141	1
ILVBL	1	0.01866621234306754	3
IMMT	0	-0.10600591512499533	1
IMP3	0	-0.24528096225224433	1
IMP4	0	-0.10654407646742514	0
IMPA1	0	-0.15073035310689095	0
IMPA2	0	-0.08490372873637801	1
IMPACT	0	-0.1339757393090896	1
IMPDH1	0	-0.16098080717382562	1
IMPDH2	1	-0.05963732235852438	2
INA	0	-0.03815314072030972	1
INCENP	0	-0.31553044635951016	0
INF2	1	0.003777199201618539	2
ING1	1	-0.07873848145328521	2
ING3	0	-0.36277641294479546	0
ING4	1	-0.09494520127318698	2
ING5	0	-0.17669195657384876	0
INHBC	0	-0.47631760544047735	1
INIP	0	-0.3365635440046503	0
INMT	0	-0.46189106257002777	0
INO80	0	-0.20463500233208448	0
INO80B	0	-0.2890765106476899	0
INO80C	0	-0.5612256558832829	0
INPP1	0	-0.15672540598439977	0
INPP4A	0	-0.10009088302123936	1
INPP4B	0	-0.10098765782848115	1
INPP5A	1	-0.11954835472798994	2
INPP5B	0	-0.32749044205871836	0
INPP5D	1	-0.0296925822611797	2
INPP5F	0	-0.0776893734059447	1
INPP5K	0	-0.10763595621851156	1
INPPL1	1	-0.06541053390390994	2
INSR	0	-0.012858608575253783	1
INTS1	1	-0.0357357098619685	2
INTS10	1	-0.08009703421500805	2
INTS11	1	-0.24508019783771945	2
INTS12	0	-0.1299637625144328	1
INTS13	0	-0.12165875620570706	0
INTS14	1	-0.05533591759778374	2
INTS2	0	-0.20096019079092925	1
INTS3	0	-0.16215462530065056	0
INTS4	0	-0.08338890655965155	1
INTS5	0	-0.12199926814995318	1
INTS6	1	-0.16719035503318153	2
INTS7	0	-0.224826170176259	0
INTS8	0	-0.12965284839747448	0
INTS9	0	-0.25776458629890636	0
IP6K1	0	-0.21288615915674516	0
IPO11	0	-0.22129999480461807	0
IPO13	0	-0.12455353641932713	0
IPO4	1	-0.1482707539647136	2
IPO5	0	-0.05585100638549632	1
IPO7	0	-0.13084938156227327	1
IPO8	0	-0.28673053215437166	0
IPO9	0	-0.18021780398641513	0
IQCB1	0	-0.5317035048607581	0
IQGAP1	0	-0.13289080099731643	1
IQGAP2	0	-0.0699600396967311	1
IQGAP3	0	-0.23146272708511711	0
IQSEC1	1	0.13632693175748706	4
IQSEC2	0	-0.13641213304692362	0
IRAK1	0	-0.17838822621402692	1
IRAK3	0	-0.26164350930776437	0
IRAK4	1	-0.028024856923773555	2
IREB2	0	-0.21807226256803697	1
IRF2	0	-0.13215064287564812	1
IRF2BP1	1	0.035645086022413876	3
IRF2BP2	0	-0.020965929628220543	1
IRF2BPL	1	-0.0613110256767996	2
IRF3	0	-0.2731710128313633	0
IRF5	0	-0.19467010539106455	1
IRF8	0	-0.34112303533451593	0
IRF9	0	-0.07869274920247629	0
IRGQ	0	-0.11400267666696082	0
IRS1	0	-0.0689247149689899	0
IRS2	0	-0.055588563901621604	1
ISCA1	0	-0.12933448760322092	1
ISCA2	0	-0.2162606345874508	1
ISCU	0	-0.17811498831193737	0
ISG15	0	-0.06367911234974463	0
ISG20	0	-0.07479220254367511	1
ISG20L2	1	-0.11623281297364847	2
ISLR	0	-0.08668036312935191	1
ISOC1	0	-0.05149890419506031	1
ISOC2	0	-0.24485287191663346	0
IST1	0	-0.21494221799375932	0
ISY1	0	-0.1990494262749422	0
ISYNA1	0	-0.05153652978393104	1
ITCH	1	0.0278581353635108	2
ITFG1	1	0.0070755153862608385	3
ITFG2	0	-0.26591793874006603	0
ITGA1	0	-0.0948683928740833	1
ITGA2	1	-0.06503221546919224	2
ITGA2B	0	-0.22860582796783885	0
ITGA3	1	-0.036360483173393555	2
ITGA4	1	-0.0403574016021883	2
ITGA5	0	-0.05935878719083426	1
ITGA6	1	0.030491691739812716	2
ITGA7	0	-0.1455243769883039	1
ITGAL	1	-0.022882678052774198	2
ITGAM	0	-0.10885410844363094	1
ITGAV	1	-0.03447529540645864	2
ITGAX	1	-0.03462028524391174	2
ITGB1	1	-0.011611763976853665	2
ITGB1BP1	0	-0.24491284068034208	1
ITGB2	1	-0.018462512318731722	2
ITGB3	0	-0.09296793551316421	1
ITGB4	0	-0.014290002179918687	1
ITGB5	1	0.032325531975464346	2
ITGB8	0	-0.041943674872928584	1
ITIH1	0	-0.16575136083063285	1
ITIH2	0	-0.19982738931000318	1
ITIH3	0	-0.20785527119084693	1
ITIH4	1	-0.14639617442386496	2
ITIH5	0	-0.09668471679029741	1
ITM2B	0	-0.23357781398170455	0
ITM2C	0	-0.3575410069269368	0
ITPA	0	-0.31043401670090354	0
ITPK1	0	-0.2054787178355435	0
ITPKB	1	-0.013391896739535942	2
ITPKC	0	-0.285543958815846	0
ITPR1	1	0.050798038561015904	3
ITPR2	1	0.09901815165824465	3
ITPR3	1	0.10145024570889005	4
ITPRID2	1	-0.06828367460851556	2
ITPRIP	1	-0.14009331654745275	2
ITSN1	0	-0.06614179506323785	1
ITSN2	1	0.012032913373256576	2
IVD	0	-0.0982817685194286	1
IVNS1ABP	1	-0.09537837701935821	2
IWS1	0	-0.08627355038392055	0
JADE2	0	-0.1387011498294911	1
JAG1	0	-0.05365590256479543	0
JAGN1	1	-0.058107016424366276	2
JAK1	0	-0.10726742514948459	1
JAK2	0	-0.1988024835961244	0
JAK3	0	-0.26394253526251077	1
JAM2	0	-0.40126515896186293	1
JAM3	0	-0.10798778681098678	1
JCAD	1	-0.00861696594375482	2
JCHAIN	0	-0.23516905224596005	0
JMJD1C	0	-0.1835864540440179	1
JMJD6	0	-0.22451969509560837	1
JMJD7	0	-0.09919577135773353	1
JMY	0	-0.3994683295815841	0
JOSD2	0	-0.3714922869017353	0
JPH2	0	-0.18520848391747616	0
JPT1	0	-0.0957635689427139	0
JPT2	0	-0.10826462858911756	0
JTB	0	-0.013567165535943265	1
JUN	0	-0.18979006723243882	0
JUNB	1	-0.009453120321689396	2
JUND	1	-0.175635567471616	2
JUP	0	-0.08310289071872681	1
KALRN	0	-0.2200683474809806	0
KANK1	1	0.007735116921469121	3
KANK2	1	0.0012925761144432196	3
KANK3	0	-0.11349404597182455	0
KANSL1	0	-0.4149079481534111	0
KANSL2	0	-0.34675078926348085	0
KANSL3	0	-0.27183345886363647	0
KAT14	0	-0.37314269998238886	0
KAT2B	0	-0.6062535870693153	0
KAT5	0	-0.2056391206277885	0
KAT6A	1	-0.12858063224758057	2
KAT7	1	-0.07118713424667303	2
KAT8	0	-0.15866816361344957	0
KATNA1	0	-0.24479886800416378	0
KATNAL1	0	-0.24713741534611383	0
KATNB1	0	-0.2012600593869786	1
KBTBD11	1	-0.01779133010456794	2
KBTBD2	0	-0.12143536703058304	1
KBTBD4	0	-0.24172399679822795	0
KBTBD6	0	-0.30792355152279366	1
KCMF1	0	-0.22866086191533513	1
KCNAB2	0	-0.09957463894674638	0
KCTD1	0	-0.1254810850243146	0
KCTD10	0	-0.15631853505207421	1
KCTD12	1	-0.046700031670490756	2
KCTD14	0	-0.07481205941823876	0
KCTD15	0	-0.21983219452101171	0
KCTD18	0	-0.14208445513045584	0
KCTD21	0	-0.14671570798847874	0
KCTD3	0	-0.24533056660307037	1
KCTD5	0	-0.1386624470929288	0
KCTD6	0	-0.5703972216082451	0
KCTD9	0	-0.127539977117651	1
KDELR1	0	-0.2824760176399897	1
KDM1A	1	-0.03599396894165617	2
KDM1B	0	-0.2771599043999094	0
KDM2A	1	-0.0960425701416732	2
KDM2B	0	-0.22467243892029493	1
KDM3A	0	-0.12405533945871947	1
KDM3B	0	-0.10884272289596493	0
KDM4A	0	-0.24418252981174837	0
KDM4B	0	-0.27264597513331823	0
KDM5A	1	-0.022704918024202048	3
KDM5C	0	-0.12812634377436408	1
KDM6A	0	-0.21782649130221712	0
KDM8	0	-0.298690232118212	0
KDSR	1	0.00029905300569642025	2
KEAP1	0	-0.26435908535221075	0
KHDC4	0	-0.18775007245131656	1
KHDRBS1	0	0.007106191999269521	1
KHDRBS3	0	-0.14926536142018051	0
KHK	0	-0.13004735976900697	1
KHNYN	0	-0.2343831020099473	0
KHSRP	0	-0.04998299997170423	1
KIAA0100	1	-0.051203838789828184	3
KIAA0319L	1	0.04693231939115	2
KIAA0513	0	-0.13427688446870994	1
KIAA0753	0	-1.0995025630548252	0
KIAA0930	0	-0.17239562247589416	1
KIAA1109	0	-0.1196469142399635	1
KIAA1143	0	-0.08200504286541495	0
KIAA1191	1	-0.047004760761574185	2
KIAA1217	0	-0.05221153038356444	0
KIAA1328	0	-0.19925742314451464	1
KIAA1522	0	-0.06841800429110893	1
KIAA1671	0	-0.07508131908448827	0
KIAA2013	1	0.03968049070338358	3
KIDINS220	1	-0.04153471011235856	3
KIF11	0	-0.1258723905304729	0
KIF13A	0	-0.02528978629718156	1
KIF13B	0	-0.08264023250556936	0
KIF15	0	-0.11185034672193031	0
KIF16B	0	-0.20641371608958275	0
KIF1B	0	-0.18687366091001548	0
KIF1C	0	-0.13903739141695565	0
KIF20A	0	-0.4241423788594858	0
KIF21A	0	-0.10671631871066205	1
KIF23	0	-0.13818509901177056	0
KIF26B	0	-0.3397149058713641	0
KIF2A	0	-0.17122534503355752	0
KIF2C	0	-0.16184574325273388	0
KIF3A	0	-0.12142668372968826	1
KIF3B	0	-0.14817514449833466	0
KIF4A	0	-0.17388222600108788	0
KIF5B	0	-0.1532413510142479	0
KIF5C	0	-0.14798581292383747	1
KIF7	0	-0.2163686253798339	0
KIFAP3	0	-0.17689087580349858	1
KIFC1	0	-0.12698288608577252	0
KIFC3	0	-0.33735172088513743	1
KIN	0	-0.2293663531239431	0
KIRREL1	0	-0.19584267435534558	0
KIT	0	-0.21222163319842946	0
KLC1	1	-0.05254975561666295	2
KLC2	0	-0.05893750637376001	1
KLC4	1	-0.0847939589686004	2
KLF13	0	-0.49541976302411656	0
KLF16	0	-0.4135411250137334	0
KLF3	1	-0.11802398012885713	2
KLHDC10	0	-0.31328058174306694	0
KLHDC2	0	-0.26084086937087225	1
KLHDC3	0	-0.5571752325075655	0
KLHDC4	0	-0.16368166364708484	0
KLHL11	0	-0.21673304805067475	1
KLHL22	0	-0.2231018094182417	0
KLHL26	0	-0.14765631829985634	1
KLHL36	0	-0.1480129364221038	1
KLHL42	0	-0.9510677874852387	0
KLHL7	0	-0.7216233125513328	0
KLHL9	0	-0.29493942563202513	0
KLK6	0	-0.19433020419426733	0
KLKB1	0	-0.2193049755673273	1
KMT2A	0	-0.15072580941085514	1
KMT2B	0	-0.2116093386099666	0
KMT2C	0	-0.08581200297326849	1
KMT2D	0	-0.23222721111641972	1
KMT2E	0	-0.6382249386364196	0
KNG1	0	-0.155826390647477	1
KNL1	0	-0.655835517242102	0
KNOP1	0	-0.5134024039034858	0
KNTC1	0	-0.28016155142656546	0
KPNA1	0	-0.21220808575911954	0
KPNA2	0	-0.11383960907284488	0
KPNA3	0	-0.16932802462942806	1
KPNA4	0	-0.09771174289411032	0
KPNA6	0	-0.328652500201431	0
KPNB1	0	-0.048523256650785024	1
KPTN	0	-0.2593509560143698	0
KRAS	1	-0.03189746515760348	2
KRI1	0	-0.0988438311722871	1
KRIT1	0	-0.19313898630992335	0
KRR1	0	-0.14493206905691958	1
KRT1	0	-0.21751070094616592	0
KRT10	0	-0.2669658253125595	1
KRT13	0	-0.19143826220798627	1
KRT17	0	-0.18889347247862692	0
KRT18	1	-0.10791527855991193	2
KRT19	0	-0.12149364792948698	1
KRT2	0	-0.22643542808067946	1
KRT5	0	-0.14610960714987326	0
KRT7	0	-0.0999254991113501	1
KRT8	1	-0.08803988458927972	2
KRT9	0	-0.23236294510978564	0
KSR1	0	-0.14613763523336357	1
KTI12	0	-0.15695554962278024	1
KTN1	0	-0.11717320463923805	1
KXD1	1	-0.14143810183697308	3
KYAT1	1	0.020426807433063097	2
KYAT3	0	-0.14557645224169047	0
KYNU	0	-0.05141653684366002	1
L1CAM	0	-0.2875849217233304	0
L2HGDH	0	-0.08434466668996796	1
L3HYPDH	1	-0.13239791575858764	2
L3MBTL2	0	-0.2074047904381496	0
L3MBTL3	0	-0.09787791106395982	1
LACC1	0	-0.1418512228544111	1
LACTB	1	-0.08114279513186227	2
LACTB2	0	-0.05581739162017182	0
LAGE3	0	-0.27638946762637834	0
LAIR1	0	-0.16369700205579743	0
LAMA1	0	-0.14883565013052524	1
LAMA2	1	-0.1489634385189537	2
LAMA3	0	-0.19100587940562733	1
LAMA4	1	-0.036476118837289656	2
LAMA5	1	-0.06139568324579363	3
LAMB1	1	-0.019416448272604334	3
LAMB2	1	-0.0743955684273777	2
LAMC1	1	0.007322236116656294	3
LAMC3	1	-0.08097160004777793	2
LAMP1	0	-0.14694998539277676	1
LAMP2	0	-0.11868277296238754	1
LAMTOR1	0	-0.19512638636211024	1
LAMTOR2	0	-0.21263334491548713	1
LAMTOR3	0	-0.11301695331661747	1
LAMTOR4	0	-0.201392359527976	1
LAMTOR5	0	-0.07625925863862237	1
LANCL1	1	0.009010025429827536	2
LANCL2	1	-0.03552470078322134	2
LAP3	0	0.022384360106576528	1
LARP1	0	-0.18863916414280385	1
LARP1B	0	-0.11992307721497877	1
LARP4	1	-0.04914207366465856	3
LARP4B	0	-0.07437288983164458	1
LARP6	0	-0.19421478739592807	0
LARP7	0	-0.0801222564690666	1
LARS2	0	-0.05635590030597073	1
LAS1L	0	-0.14958405901424685	1
LASP1	0	-0.1016165855851074	1
LATS1	0	-0.2620429533972834	0
LBH	1	-0.03152982863823458	2
LBP	0	-0.19795231425923446	1
LBR	1	0.028920096198072363	3
LCAT	0	-0.17890146530020434	0
LCLAT1	1	0.054160286901128805	3
LCMT1	0	-0.16606892427886488	0
LCN2	0	-0.14625922573819738	1
LCP1	0	-0.05448530606746127	1
LCP2	0	-0.03936717187678374	1
LDAH	0	-0.17335866725293977	0
LDB1	0	-0.2104391386704089	0
LDB3	0	-0.02648679129438038	1
LDHA	0	-0.04384018235538269	1
LDHB	1	0.010989516422245885	2
LDHD	0	-0.21628180283886503	0
LDLR	0	-0.15316603273516105	1
LDLRAP1	0	-0.22135882484884378	0
LECT2	1	-0.11903547553239706	2
LEF1	0	-0.17488557523840925	0
LEMD2	1	-0.002708664049122561	2
LEMD3	1	0.07340717873323188	3
LENG1	0	-0.3337899787258784	0
LENG8	0	-0.277840487905742	0
LENG9	0	-0.3779928983422195	0
LEO1	0	-0.1676371651747979	0
LETM1	1	0.07922101527162555	2
LETMD1	1	-0.05272067157176363	2
LGALS1	0	-0.08535253027668381	1
LGALS3	0	-0.10261648655928943	0
LGALS3BP	0	-0.06935966673252936	1
LGALS8	0	-0.19196607915619368	0
LGALS9	0	-0.04022510436569602	1
LGALSL	0	-0.08616461783111136	1
LGMN	0	-0.09980169664613732	0
LHPP	1	-0.0011077100530939798	2
LIAS	0	-0.19123371504510414	1
LIG1	0	-0.1305040927852988	1
LIG3	0	-0.03212211640285898	1
LIG4	0	-0.26779446324785916	0
LILRB1	0	-0.0721453078937956	1
LILRB4	0	-0.15681329609865408	0
LIMA1	1	-0.12648120221677442	2
LIMCH1	1	-0.05315991930870424	2
LIMD1	1	-0.0225346449202656	3
LIMD2	0	-0.13693229085980158	1
LIME1	1	-0.5061649233220029	2
LIMK1	0	-0.10107586026663766	0
LIMK2	0	-0.14700928300219324	0
LIMS1	1	0.20132426999896497	5
LIMS2	1	-0.0115748971812828	3
LIN54	0	-0.4159873585368337	0
LIN7A	0	-0.10764181863933228	1
LIN7C	1	0.013376610331319969	3
LIN9	0	-0.4838910724935884	0
LIPA	0	-0.08911559971714977	1
LIPE	0	-0.24984855092965436	1
LIX1L	1	-0.03147353637552242	2
LLGL1	1	0.04935522529730242	4
LLGL2	0	-0.056401106156135895	1
LMAN1	1	0.03334062684732008	4
LMAN2	0	-0.036669893493258776	1
LMAN2L	1	0.07208318805963254	3
LMBRD1	0	-0.13370664428895035	0
LMBRD2	0	-0.017182057805352237	1
LMCD1	1	0.007457429659039838	2
LMF1	0	-0.3747430900139742	1
LMF2	1	0.055246590284085316	2
LMNA	1	0.14039855981053714	4
LMNB1	1	0.0714916979817885	3
LMNB2	1	0.1397887080223822	3
LMO4	0	-0.18634838687195537	1
LMO7	0	-0.08617399491187917	1
LMOD1	0	-0.09958879518775123	0
LMTK2	1	0.015829805922967975	3
LNPEP	0	0.02540368909155764	1
LNPK	1	-0.04111109783450288	3
LONP1	0	-0.11683554362895095	0
LONP2	0	-0.2871756412164469	0
LOX	0	-0.08368402745054432	1
LOXL1	0	-0.12332415462949009	1
LOXL2	0	-0.09614431620626754	1
LOXL3	0	-0.3237902248052897	0
LPA	0	-0.3040149593861834	1
LPCAT1	0	-0.023413036091645762	1
LPCAT2	0	-0.09296143688939468	1
LPCAT3	1	-0.04873859926513607	2
LPCAT4	0	-0.15731677150946702	0
LPGAT1	1	0.054409465341424636	3
LPIN1	0	-0.2614777116361392	0
LPIN2	0	-0.2332494057281811	0
LPIN3	0	-0.281332242851313	0
LPP	1	-0.024191786751470785	2
LPXN	1	-0.015910983694824823	3
LRBA	0	-0.046583256804142506	1
LRCH1	0	-0.0791299937507658	1
LRCH2	0	-0.12746611925329487	1
LRCH3	0	-0.17106119954942597	0
LRCH4	0	-0.08965473838236995	1
LRG1	0	-0.14312814335817492	1
LRIF1	0	-0.3221735153719049	0
LRMDA	0	-0.09242649735068241	0
LRP1	1	0.07748661090647105	4
LRP10	1	-0.017682543269772158	3
LRP2	0	-0.21098133021309912	1
LRPAP1	0	-0.06511074918365459	1
LRPPRC	0	-0.19109417054340044	1
LRRC1	1	-0.03714327239822244	3
LRRC14	0	-0.3854770859982867	0
LRRC17	0	-0.28385962430412776	0
LRRC20	0	-0.12372178962719867	1
LRRC25	0	-0.20461109885793421	0
LRRC32	0	-0.3990265791550253	0
LRRC40	0	-0.13539278163090945	0
LRRC41	0	-0.15133948858612167	1
LRRC42	0	-0.4019875457575052	0
LRRC45	0	-0.34009814303583774	0
LRRC47	0	-0.12713794862077873	0
LRRC57	0	-0.15716410714638268	1
LRRC59	1	0.07014066014081055	2
LRRC8A	1	-0.031334101428845657	2
LRRC8C	0	-0.03740793092309066	1
LRRC8D	1	-0.12791868039945414	2
LRRFIP1	1	-0.08761713473418897	2
LRRFIP2	1	-0.021407981614246018	2
LRRK2	0	-0.1341046655843363	0
LRSAM1	0	-0.19787220447639903	0
LRWD1	0	-0.12335817116285411	1
LSG1	0	-0.1442313326129558	1
LSM1	0	-0.391916686222879	0
LSM12	0	-0.19070049173738202	1
LSM14A	0	-0.22711966638501577	0
LSM14B	0	-0.22064427883895563	0
LSM2	0	-0.08371120630103253	1
LSM3	0	-0.26084737166633376	0
LSM4	0	-0.16430916994935663	1
LSM5	0	-0.1914548656486924	0
LSM6	1	0.03469044201896078	3
LSM7	0	-0.2211418159670635	1
LSM8	0	-0.15270020817612756	1
LSP1	0	-0.07301036758320278	0
LSR	1	-0.07958252133900988	2
LSS	0	-0.18494018827080852	1
LTA4H	0	-0.14269524619855029	0
LTBP1	0	-0.1428826822995167	0
LTBP2	1	0.023012926391174658	3
LTBP3	1	-0.07082359683097009	2
LTBP4	1	-0.03660612953017168	2
LTF	1	-0.09973723934606785	2
LTN1	1	-0.08789007978438358	2
LTV1	0	-0.221737512291844	0
LUC7L	0	-0.0855885196148971	1
LUC7L3	0	-0.04193689856219156	1
LUM	1	-0.001582760540723893	2
LUZP1	1	-0.01972877741648866	2
LXN	0	-0.018970073681226437	1
LY6E	0	-0.10588309967920972	1
LY75	0	-0.06174559547921006	1
LYAR	0	-0.2125550912697296	1
LYN	0	-0.03633730631526372	1
LYPLA1	0	0.016210924952663797	1
LYPLA2	0	-0.1923197712148383	0
LYPLAL1	0	-0.1285656547359351	0
LYRM1	0	-0.17186712446408658	0
LYRM2	0	-0.11170517120911838	0
LYRM4	0	-0.20942015066968533	1
LYRM7	0	-0.17661731965570157	0
LYRM9	0	-0.11121817888813931	0
LYSMD1	0	-0.21630474893785698	0
LYSMD2	0	-0.09360746798622188	1
LYSMD3	0	-0.5100305075845869	0
LYST	0	-0.22065683834860578	0
LYVE1	0	-0.13361160584690376	1
LYZ	0	-0.10650873127572072	1
LZIC	0	-0.08244921985344714	1
LZTFL1	1	-0.05339139698918168	2
LZTR1	0	-0.16942504554235752	0
LZTS2	0	-0.26278613464703915	1
LZTS3	0	-0.1526002847767935	0
M6PR	0	-0.13010326577220485	1
MACF1	0	-0.16216928079665144	0
MACO1	1	0.0025527726200425425	3
MACROD1	0	-0.10111047134209508	0
MACROD2	1	0.013589488166521136	2
MAD1L1	0	0.012522568783445417	1
MAD2L1	0	-0.07951290105100692	1
MAD2L1BP	1	-0.2517123311903727	2
MADD	0	-0.17259385597242227	1
MAEA	0	-0.21575142651158957	0
MAF1	0	-0.19573551120890972	0
MAFF	1	-0.12548779989908704	2
MAFG	0	-0.2097744037569626	1
MAGED1	0	-0.06835333737420887	1
MAGED2	0	-0.06595740196855873	1
MAGI1	0	-0.007693017739144501	1
MAGI3	0	-0.18941928793878324	0
MAGT1	1	0.04242162353675421	3
MAIP1	0	-0.14564855886637826	0
MAK16	0	-0.08036247700291067	1
MALT1	0	-0.09947764301349586	1
MAMDC2	1	-0.03962219298564155	2
MAML1	0	-0.38572400563900566	1
MAML2	0	-0.1729824465768836	0
MAML3	0	-0.18926944191953637	1
MAN1A1	0	-0.17975325159035854	0
MAN1A2	0	0.011446782917952623	1
MAN1B1	1	0.011061817750264737	3
MAN1C1	0	-0.24257425949469685	1
MAN2A1	0	-0.042643792388961724	1
MAN2A2	1	-0.11110071647691351	2
MAN2B1	0	-0.1103773704297624	1
MAN2B2	0	-0.1905091819641617	1
MAN2C1	0	-0.12715246662022667	1
MANBA	0	-0.11545560900467466	1
MANBAL	1	-0.12289634000573897	2
MANEA	0	-0.30838477500548017	0
MANF	0	-0.1507120022243513	0
MAOA	1	-0.021746717060222482	2
MAOB	1	-0.0003745984226158801	2
MAP1A	1	0.02005003357491934	3
MAP1B	1	0.01686939168328298	2
MAP1S	0	-0.20405521129431992	0
MAP2	0	-0.03960267077589614	0
MAP2K1	0	-0.152929598473348	0
MAP2K2	0	-0.26981393910890306	0
MAP2K3	0	-0.15154750512744564	1
MAP2K4	0	-0.11497808190619888	0
MAP2K5	1	-0.20155348504804102	2
MAP2K6	0	-0.19025435353744163	1
MAP2K7	0	-0.23966570975954382	1
MAP3K11	0	-0.31479509342823037	0
MAP3K2	0	-0.14916967228710312	1
MAP3K20	0	-0.0999674554356945	0
MAP3K3	0	-0.15680081596499193	1
MAP3K4	0	-0.19512436837769379	0
MAP3K5	0	-0.04947592697377545	1
MAP3K6	0	-0.13892974962450605	0
MAP3K7	0	-0.1599117881660714	1
MAP4	1	0.058816344922349675	4
MAP4K2	0	-0.24060949065655737	1
MAP4K3	0	-0.26484432020793014	0
MAP4K4	1	-0.05236695076624441	2
MAP4K5	0	-0.11639373719000105	1
MAP6	0	-0.17764851524158043	0
MAP7	0	-0.08505349707630853	0
MAP7D1	1	-0.06247332017245803	2
MAP7D3	0	-0.3348923570159769	0
MAP9	0	-0.2973496350815975	0
MAPK1	0	-0.0626462603769876	1
MAPK12	0	-0.1458857966237304	1
MAPK13	0	-0.15720189108729843	1
MAPK14	1	-0.007268370401649402	2
MAPK3	0	-0.08670488539927265	1
MAPK7	0	-0.2441889590514744	0
MAPK8	0	-0.26474690183702987	0
MAPK8IP3	0	-0.11288093741312663	1
MAPK9	0	-0.003924818712537864	1
MAPKAP1	1	-0.2079413726704983	2
MAPKAPK2	1	-0.03306200391470186	2
MAPKAPK3	0	-0.06919756974388323	1
MAPKBP1	0	-0.4939351283846576	0
MAPRE1	1	-0.058338809234025145	2
MAPRE2	0	-0.05745019992015769	0
MAPRE3	1	-0.04101329602830247	2
MAPT	0	-0.07233478796247056	0
MARCKS	1	-0.0834853670281149	3
MARCKSL1	0	-0.08531774864098426	1
MARF1	0	-0.2936446481096725	0
MARK1	0	-0.19455873478056626	1
MARK2	0	-0.186984269719671	1
MARK3	0	-0.1243581433114687	0
MARS2	0	-0.2399655489119541	0
MASP1	0	-0.1424743755649122	0
MASP2	0	-0.2931358038987759	1
MAST2	0	-0.05338320184703799	1
MAST3	0	-0.17495196006832778	1
MAST4	0	-0.0717897330468504	1
MAT2A	0	-0.07088675802631368	1
MAT2B	0	-0.14745441094206063	0
MATN2	0	-0.098495223560972	1
MATR3	1	-0.007703349485823578	2
MAU2	0	-0.3323400282377482	0
MAVS	1	-0.04765429401594938	2
MAX	1	-0.04817759245068748	2
MAZ	1	-0.023888263399821343	2
MB	0	-0.1424041530948125	1
MB21D2	0	-0.13333178117124528	1
MBD1	1	-0.05055320194640942	3
MBD2	0	-0.1296049619749036	1
MBD3	1	-0.024562751921188442	3
MBD4	0	-0.4296851781785726	1
MBIP	0	-0.23995798085887285	0
MBL2	0	-0.31816658030820716	0
MBLAC1	0	-0.3597560250352575	0
MBLAC2	0	-0.18502296826887515	0
MBNL1	1	0.04071777001626139	2
MBNL2	1	0.028282190279221565	2
MBNL3	1	0.08018715516335181	3
MBOAT2	0	-0.15298658278548288	1
MBOAT7	1	0.11087062732463941	3
MBP	1	-0.0017795332800022413	2
MCAM	0	-0.02048193499871746	1
MCAT	0	-0.23871113752154774	1
MCC	0	-0.12683863996149863	0
MCCC1	0	-0.12062004596040551	0
MCCC2	0	-0.1496449238236866	1
MCEE	0	-0.19772353494822345	1
MCF2L	0	-0.05272818236985882	0
MCFD2	0	-0.1937631875887226	1
MCL1	0	-0.3371102186634004	0
MCM2	0	-0.14955642641831585	1
MCM3	1	-0.07643713805413108	2
MCM3AP	0	-0.1695332871371635	1
MCM4	0	-0.07826541620151181	1
MCM5	0	-0.1789990729503867	0
MCM6	1	-0.08559667702375579	2
MCM7	0	-0.11495370987424929	1
MCMBP	0	-0.12254098235399072	1
MCRIP1	0	-0.17075584044882489	0
MCRIP2	0	-0.4250372537266619	0
MCRS1	0	-0.11560330399547633	0
MCTS1	1	-0.06554832279991528	2
MCU	0	-0.054516529163429014	1
MCUB	0	-0.26580460669031253	1
MCUR1	0	-0.17283735219483767	1
MDC1	1	-0.05316782020531073	2
MDH1	1	-0.0040906268264866655	3
MDH2	0	-0.09991413670875166	1
MDK	0	-0.09985247942750149	1
MDM1	0	-0.1260061321210513	1
MDN1	1	-0.01385101879690552	2
ME1	1	-0.015069894274581677	2
ME2	0	-0.14137696481718348	1
ME3	0	-0.10841512749808804	0
MEA1	0	-0.23096829490181808	0
MEAF6	0	-0.24009200176394502	0
MEAK7	0	-0.2149797293448331	0
MECOM	0	-0.1756128016995703	1
MECP2	1	-0.10017762584969914	2
MECR	0	-0.19039647131915954	0
MED1	1	-0.062229883932528526	2
MED10	0	-0.2339757354935065	0
MED11	0	-0.13274244378328287	1
MED12	0	-0.33681660778957134	1
MED13	0	-0.2520555306795048	0
MED13L	0	-0.40239808238275715	0
MED14	0	-0.186470929225458	0
MED15	0	-0.28318088333828845	0
MED16	1	-0.0718744217515465	2
MED17	0	-0.2634846058588155	0
MED18	0	-0.08632917247126166	0
MED20	0	-0.2987069278527641	0
MED21	0	-0.16680027095053754	1
MED22	0	-0.11064586748893476	1
MED23	1	-0.028893237243358884	2
MED24	0	-0.08633186108356365	1
MED25	0	-0.2908156582498181	0
MED26	0	-0.5265194280454178	0
MED27	0	-0.17200323258099737	1
MED28	0	-0.27603457864846304	0
MED29	0	-0.17798046925333896	0
MED30	0	-0.32558305090064	1
MED31	0	-0.42165482465112436	0
MED4	0	-0.17504616411663154	1
MED6	1	-0.13540437577459988	2
MED7	0	-0.21468328046919596	1
MED8	1	0.04271615061527419	4
MED9	0	-0.7746583384393453	0
MEF2A	0	-0.06762559179645247	1
MEF2C	0	-0.159450388564177	0
MEF2D	0	-0.11654182750305168	1
MEGF8	0	-0.27754443618911473	1
MEGF9	0	-0.22064614275032315	0
MEIS1	0	-0.09090385003776422	0
MELTF	1	0.018023912531624338	4
MEMO1	0	-0.12599842891140905	1
MEN1	1	0.10277534441650782	3
MEPCE	1	-0.010375680259961923	3
MERTK	0	-0.566033038012781	0
MESD	0	-0.12956751834695807	1
MEST	0	-0.19013371654266092	1
MET	0	-0.08184454000084664	1
METAP1	0	-0.16036853128434894	0
METAP1D	0	-0.3195606107088981	0
METAP2	0	-0.1638837854956819	1
METTL1	0	-0.19330497948150235	0
METTL14	0	-0.13230785546476542	1
METTL15	0	-0.25789968396697377	0
METTL16	0	-0.13722829475159676	1
METTL17	0	-0.2818395616062658	0
METTL26	0	-0.17493771497685318	0
METTL2B	0	-0.11721782219289663	1
METTL3	0	-0.23220045559843552	0
METTL5	0	-0.2578993187644082	1
METTL7A	0	-0.07401122735487378	1
METTL7B	0	-0.022241000421241098	1
METTL9	0	-0.2184257128861336	1
MFAP1	1	0.0002539007637047952	2
MFAP2	0	-0.15047734884424152	0
MFAP4	1	-0.06483760301791841	2
MFAP5	0	-0.10087633626732151	1
MFF	1	-0.05725646506581483	2
MFGE8	1	0.013917095282542244	2
MFHAS1	0	-0.5899310462334316	0
MFN1	1	-0.029149955739652917	2
MFN2	1	-0.07500115116830738	2
MFSD10	0	-0.14237208464013365	1
MFSD4B	0	-1.4541348665211364	0
MFSD6	0	-0.1356753722409983	1
MGA	1	-0.09452348696700844	2
MGAM	1	-0.041799410739286315	2
MGAT1	0	-0.030601628635430388	1
MGAT2	0	-0.1091844440333529	1
MGAT5	0	-0.22147974663970746	1
MGLL	0	-0.08102381473327214	1
MGME1	0	-0.11508127125936418	1
MGMT	0	-0.0631114250832999	1
MGP	0	-0.15842077088915987	1
MGRN1	0	-0.2334303706867174	1
MGST1	1	-0.014458542796442903	3
MGST2	1	-0.12564464469446246	2
MGST3	0	-0.0253837460506235	1
MIA2	1	0.11392621874037653	4
MIA3	1	0.10592243485043884	4
MIB1	0	-0.2212294851438333	1
MIB2	0	-0.1471282080623685	0
MICAL1	0	-0.13880673169897298	1
MICAL2	0	-0.17155094908843482	0
MICAL3	0	-0.022501276311291323	1
MICALL1	1	-0.027448281868567376	2
MICALL2	0	-0.03169996484942621	1
MICU1	0	-0.09561271898272945	1
MICU2	0	-0.23185624734994645	1
MID1	0	-0.0674636952255311	0
MID1IP1	0	-0.33303962827775213	0
MID2	0	-0.24388309456358753	1
MIEF1	0	-0.16836687624011645	1
MIEN1	0	-0.07005833316976671	0
MIER1	0	-0.1722882480312455	0
MIF	1	0.026261566537191118	2
MIF4GD	0	-0.21393518053533117	1
MIGA1	0	-0.45639784910651465	1
MIGA2	0	-0.8747401057399152	0
MINDY1	1	-0.10012453730304885	2
MINDY2	0	-0.263890247300156	0
MINDY3	0	-0.12464977631741143	1
MINDY4	0	-0.3479360952063147	0
MINK1	1	0.03717107385415401	2
MINPP1	0	-0.14242486708245206	1
MIOS	0	0.0019040917621299613	1
MIPEP	0	-0.11045138561123732	0
MIS12	0	-0.10831976882433081	1
MISP3	0	-0.11309804994195176	1
MITD1	0	-0.5281760715939408	0
MITF	0	-0.18158859282852896	1
MKI67	0	-0.2114932813255442	1
MKLN1	0	-0.22910418763171503	0
MKNK1	0	-0.15137406332992015	0
MKRN1	0	-0.13078939083156077	1
MKRN2	0	-0.0663432842586905	1
MLEC	1	0.16250299215389422	4
MLF2	0	-0.22440395996999857	0
MLH1	0	-0.11926760220030977	0
MLKL	0	-0.13743549905450103	0
MLLT1	0	-0.18038291838385137	0
MLLT6	0	-0.2470838985772459	0
MLST8	0	-0.09540090121345976	1
MLX	0	-0.29237047191471094	0
MLXIP	0	-0.4833787470655456	0
MLYCD	0	-0.16566640758843953	1
MMAA	0	-0.241537838373026	0
MMAB	0	-0.28627282560793266	0
MMADHC	0	-0.6260789890038424	0
MME	0	-0.08777975083252809	1
MMGT1	0	-0.07154600777163819	1
MMP14	0	-0.030448764942251204	1
MMP19	1	-0.6483316999358223	2
MMP2	0	-0.15814779488837477	1
MMP24OS	0	-0.6122306770199462	0
MMP7	0	-0.16048382115923268	0
MMP8	1	-0.07730726404880453	2
MMP9	1	-0.07655154816213869	2
MMRN1	0	-0.21779449900036685	0
MMRN2	0	-0.1143474229634305	0
MMS19	0	-0.04254790019662792	1
MNAT1	0	-0.32385283970548673	0
MNDA	0	-0.10413980275219739	1
MNT	0	-0.5722587022870348	0
MOB1A	0	-0.09249916040718068	1
MOB2	0	-0.07686122882665528	1
MOB3A	0	-0.19690996477171246	0
MOB3B	0	-0.08198960888765641	1
MOB3C	0	-0.2170769561388734	0
MOB4	1	-0.08333363375508325	2
MOCS1	1	-0.052884350668772215	2
MOCS2	0	-0.10344854987674608	1
MOCS3	1	-0.023766078721357917	2
MOGS	1	0.10086458393688173	3
MON1A	0	-0.27850834197691976	0
MON1B	0	-0.1769333454197503	0
MON2	1	-0.07325146718898903	2
MORC2	0	-0.13621882887384879	0
MORC3	0	-0.057760492345625566	1
MORF4L1	1	-0.0935757244365087	2
MORF4L2	0	-0.07252442273630158	0
MOSPD2	1	0.026882208071095388	2
MOV10	0	-0.20079481051487078	0
MOXD1	0	-0.10668164285490926	1
MPC2	1	-0.09529984196446342	2
MPDU1	1	-0.031526676751933394	2
MPDZ	0	-0.14514786152126996	0
MPG	1	-0.16890678875105697	2
MPHOSPH10	0	-0.11345663724972162	1
MPHOSPH6	0	-0.1191059542353928	1
MPHOSPH8	0	-0.2927078638666102	0
MPI	0	-0.05107588482274692	1
MPLKIP	0	-0.2489535329156462	0
MPO	1	-0.08073227108065391	2
MPP1	1	-0.08519867973681376	2
MPP2	0	-0.21211543749402978	1
MPP5	0	-0.12303239493152544	0
MPP6	1	-0.03866571454519051	2
MPP7	0	-0.1362692449706133	1
MPRIP	1	0.01657008912316684	2
MPST	1	0.01135695870968868	3
MPV17	0	-0.19565089664582708	0
MPZL1	0	-0.0903121838364808	1
MRAS	0	-0.21199209839766348	1
MRC1	0	-0.033416915370278806	1
MRC2	1	0.0061725705439333225	3
MRE11	0	-0.17874920004930042	0
MRGBP	0	-0.302501809829005	0
MRI1	0	-0.2318560400880753	0
MRM1	0	-0.4307142915273133	0
MRM3	0	-0.24538352931823243	1
MRNIP	0	-0.19643540987961958	0
MROH1	0	-0.14519212798182585	1
MRPL1	0	-0.1354188724932491	1
MRPL10	1	-0.1532922481880583	2
MRPL11	0	-0.2591680611282847	0
MRPL12	0	-0.33701695896501427	1
MRPL13	0	-0.3321217241608004	0
MRPL14	0	-0.37280083369171435	0
MRPL15	0	-0.2639465678242815	1
MRPL16	0	-0.3475605356075531	0
MRPL17	0	-0.1683077628777789	0
MRPL18	0	-0.4022532295808737	0
MRPL19	0	-0.2905683967987186	1
MRPL2	0	-0.23803617099280688	0
MRPL20	0	-0.13718270602200783	1
MRPL21	0	-0.2700130948270555	0
MRPL22	0	-0.2823921115702841	0
MRPL23	0	-0.2949406362135466	0
MRPL24	0	-0.3248209638934909	1
MRPL27	0	-0.3342854101022995	0
MRPL28	1	-0.19475600645314728	2
MRPL3	0	-0.3334725990971649	0
MRPL30	0	-0.25015911348125924	1
MRPL32	0	-0.41390165190635664	0
MRPL33	0	-0.459242298124887	0
MRPL34	0	-0.20805072338061675	0
MRPL35	0	-0.23842859630411267	0
MRPL37	0	-0.31679313556624134	1
MRPL38	0	-0.3308498109920187	0
MRPL39	0	-0.31565268086144693	1
MRPL4	0	-0.2090426036354965	1
MRPL40	1	-0.2374151748039588	2
MRPL41	0	-0.20889000372649988	0
MRPL42	0	-0.19017545177220646	1
MRPL43	0	-0.2782380188941667	0
MRPL44	0	-0.28818950043618974	1
MRPL45	0	-0.2950278206847645	0
MRPL46	0	-0.23628054699328746	1
MRPL47	0	-0.09604412617129543	1
MRPL48	0	-0.49185097318318344	0
MRPL49	0	-0.2662050811072187	1
MRPL50	0	-0.3503354469197028	0
MRPL51	0	-0.29764726335020825	1
MRPL52	0	-0.20641501096008427	0
MRPL53	0	-0.43710247035965716	0
MRPL54	0	-0.09510324760682173	1
MRPL55	0	-0.33643874455885603	0
MRPL58	0	-0.2891541918062207	1
MRPL9	0	-0.3833872243173202	0
MRPS10	0	-0.16538506000061753	1
MRPS11	0	-0.23090103060404116	0
MRPS12	0	-0.13478047232442072	1
MRPS14	0	-0.20408868370856484	0
MRPS15	0	-0.21953203731441642	1
MRPS16	0	-0.23549137926667818	0
MRPS17	0	-0.2042301976302406	1
MRPS18A	0	-0.2754162359796574	0
MRPS18B	0	-0.10590348081912601	1
MRPS18C	0	-0.3856642579560269	0
MRPS2	0	-0.19677491234277916	0
MRPS21	0	-0.3689167146046941	0
MRPS22	0	-0.10200994144333708	1
MRPS23	0	-0.19116098253122615	1
MRPS24	0	-0.3799437481608182	0
MRPS25	0	-0.3462937145318333	1
MRPS26	1	-0.18637651180843195	2
MRPS27	0	-0.14264201838619864	1
MRPS28	0	-0.12033538236002679	1
MRPS30	0	-0.3771005066348074	0
MRPS31	0	-0.14895926256853695	1
MRPS33	0	-0.13092297876787112	1
MRPS34	1	-0.05321136547577189	2
MRPS35	0	-0.25405280729621665	0
MRPS36	1	-0.20424493758663545	2
MRPS5	1	-0.03166874354213366	2
MRPS6	0	-0.15948224767167418	0
MRPS7	1	-0.20670923615876302	2
MRPS9	0	-0.20711529231978573	1
MRRF	0	-0.1424226218432416	1
MRTFA	0	-0.20180661246282483	0
MRTFB	0	-0.11946837504845131	0
MRTO4	0	-0.06702085421116444	1
MSANTD2	0	-0.43367268180481533	0
MSH2	0	-0.10446519243386843	1
MSH3	0	-0.1537984307882913	1
MSH6	0	-0.07916150389938327	0
MSI1	0	-0.25126523335418194	1
MSI2	1	-0.00862389894731586	2
MSL1	0	-0.39688330657319154	0
MSL2	0	-0.6818503268178048	0
MSMO1	1	-0.0932844018234924	2
MSN	0	-0.055283789937030293	1
MSR1	0	-0.12478890086063646	0
MSRA	0	-0.1249923961187032	0
MSRB1	0	-0.9566185257212091	0
MSRB2	1	0.0029895205176880824	2
MSRB3	0	-0.1094965456453256	0
MST1	1	-0.19637698391019132	2
MSTO1	0	-0.18500863389968644	0
MT1E	0	-0.13029548647591432	1
MT1F	0	-0.11860840975315026	0
MT1X	1	-0.10737484813576337	2
MT2A	0	-0.18032900209969122	1
MTA1	0	-0.09089368220044547	1
MTA2	1	-0.16563612382929635	2
MTA3	1	-0.08896993638755889	2
MTAP	1	0.015935282466631222	3
MTCH1	1	0.006045008614662323	2
MTCH2	1	-0.016714866471115013	2
MTCL1	0	-0.1928787411422578	0
MTDH	0	0.015036208945141816	1
MTERF3	0	-0.38479421387435003	1
MTERF4	0	-0.12347377816349128	0
MTFMT	0	-0.35991646797420696	0
MTFR1	0	-0.07893528194036331	1
MTFR1L	0	-0.11623282261781553	0
MTG1	0	-0.4533826520343519	0
MTG2	0	-0.3495753437800586	0
MTHFD1	0	-0.09125440843716462	0
MTHFD1L	0	-0.09817649057195332	0
MTHFD2	0	-0.13214063398715692	1
MTHFR	0	-0.26459912547476305	1
MTHFS	0	-0.20553192331466913	0
MTHFSD	0	-0.23842175806574062	0
MTIF2	0	-0.2595816712453287	0
MTIF3	0	-0.11762282492668338	0
MTM1	0	-0.09988794013836252	0
MTMR1	1	-0.031930154925972974	2
MTMR10	0	-0.09998105134741775	1
MTMR11	0	-0.64113743994451	0
MTMR12	1	-0.04109707218194236	2
MTMR14	0	-0.21939637420843336	0
MTMR2	0	-0.06012694753118264	0
MTMR3	0	-0.18950365703409142	0
MTMR6	0	-0.14275149093219414	0
MTMR9	0	-0.14432696396279734	1
MTO1	0	-0.3100533977774108	0
MTOR	1	0.01434021758843794	3
MTPAP	0	-0.16938005367103165	1
MTPN	1	-0.04159970875520228	3
MTR	1	-0.02841164630556332	4
MTREX	1	0.05309090936911909	4
MTRF1	0	-0.3721843512122328	0
MTRF1L	0	-0.4153491142270226	0
MTRR	0	-0.16597594031890145	0
MTSS1	0	-0.131221133134729	0
MTURN	0	-0.11804095094533003	1
MTUS1	0	-0.1276992130534273	0
MTX1	1	-0.0030228597009266554	2
MTX2	0	-0.14536108951856203	1
MTX3	1	-0.1021239628589274	2
MUC1	0	-0.13246163954516746	1
MUL1	0	-0.36785164875717247	0
MVB12A	0	-0.30728027926866613	0
MVB12B	0	-0.3475728618519458	0
MVD	0	-0.17478141408860995	0
MVK	0	-0.16647289836633472	1
MVP	0	-0.06121938268302933	0
MX1	0	-0.10573809637624312	0
MX2	0	-0.12327635015156875	0
MXRA5	0	-0.0602039302508242	0
MXRA7	0	-0.08900350883950267	1
MXRA8	0	-0.2556326754615428	0
MYADM	0	-0.24802590114759981	0
MYBBP1A	1	0.04926313684287055	4
MYCBP	0	-0.10960764159408527	1
MYCBP2	0	-0.041736860816058166	1
MYD88	0	-0.3360000608491348	0
MYDGF	0	-0.15267509809486973	0
MYEF2	0	-0.06980865511193068	0
MYH10	1	-0.04704537605899382	2
MYH11	0	-0.094625658488121	0
MYH14	1	-0.008091040662970445	2
MYH9	1	-0.02487159669373468	2
MYL12A	1	0.02370651501462051	2
MYL4	0	-0.19729632075322404	0
MYL6	1	0.04897725722860186	3
MYL6B	1	0.09156364642730423	4
MYL9	1	-0.03247370035493784	3
MYLK	0	-0.0357486762334537	1
MYO10	0	-0.05579060951551458	1
MYO18A	0	-0.029738823286151017	1
MYO19	0	-0.18528499268548612	1
MYO1B	0	-0.06179212075663314	1
MYO1C	1	0.03233976041839674	3
MYO1D	1	0.04669159671053154	3
MYO1E	0	-0.04695315433674306	0
MYO1F	1	-0.02193256384923506	2
MYO1G	0	-0.049460777643586376	0
MYO5A	1	0.009536581046290122	2
MYO5B	0	-0.02624766900918074	1
MYO5C	1	0.0030633818717998003	3
MYO6	1	-0.031235922085756356	2
MYO9A	0	-0.22339416138618637	0
MYO9B	1	-0.020071300940668158	2
MYOF	1	-0.0224289720585369	2
MYSM1	0	-0.7221559490963024	0
MZB1	0	-0.10118914899074119	0
MZT1	0	-0.09480302050259767	1
MZT2B	0	-0.4160219962881319	0
N4BP1	0	-0.1842947655968604	0
N4BP2	0	-0.11759358039479859	1
N4BP2L1	0	-0.35910275192456254	1
N4BP2L2	0	-0.14025853959893447	1
N6AMT1	0	-0.24883297502552967	0
NAA10	1	0.037950439303563205	3
NAA15	1	-0.04917022331915744	2
NAA16	1	-0.1381281264450105	2
NAA20	0	-0.39770757968763915	0
NAA25	0	-0.0733717611207669	1
NAA30	0	-0.23897860371671986	0
NAA35	0	-0.16142972762030922	1
NAA38	0	-0.35691729337748596	0
NAA40	0	-0.1450278634729592	0
NAA50	1	-0.04328547694677642	2
NAA80	0	-0.23098829675806692	0
NAAA	0	-0.12297224668742734	0
NAALADL2	0	-0.08668554009274865	1
NAB1	0	-0.32105563021808503	0
NAB2	0	-0.242948583440661	0
NABP2	0	-0.18110961442131018	1
NACA	1	-0.06518072951606992	2
NACC1	1	-0.11597047345500007	2
NADK	0	-0.0740001363609101	0
NADK2	0	-0.18377038320686181	0
NADSYN1	0	-0.38968341778262605	1
NAE1	0	-0.34395845729623037	0
NAF1	0	-0.16483128837697575	1
NAGA	0	-0.14667882404719673	1
NAGK	0	-0.13380139427619847	0
NAGLU	0	-0.18795019403868457	1
NAGPA	0	-0.38686989162631286	0
NAIP	1	-0.07429952320369082	2
NAMPT	0	-0.039054052849235	1
NANP	0	-0.10273593148938462	1
NANS	0	-0.0972097335684717	1
NAP1L1	1	0.05910528604089675	3
NAP1L4	0	-0.14798973786839847	1
NAPA	0	-0.17080856410907086	1
NAPB	0	-0.1433623910591438	1
NAPEPLD	0	-0.11301080439163884	0
NAPG	0	-0.35491148082795837	0
NAPRT	0	-0.06384048293957159	1
NARF	0	-0.08088803197246834	1
NARS2	0	-0.14331577615759478	1
NASP	1	-0.018527412761795984	2
NAT1	0	-0.17660757103433516	0
NAT10	1	0.034518203507518976	3
NAT14	1	-0.19246663156192745	2
NAV1	0	-0.016162139241861422	1
NAV2	0	-0.16482964510264123	0
NAXD	1	0.06896519045593075	3
NAXE	1	0.0028702991122333404	3
NBAS	0	-0.19751183112994125	0
NBDY	0	-0.20152555613665357	0
NBEA	0	-0.10327564173812973	0
NBEAL1	1	0.0405520002262937	3
NBEAL2	0	-0.12792313075149903	1
NBN	0	-0.28519116712185255	0
NBR1	0	-0.07937880914653854	1
NCALD	0	-0.09223248343438235	0
NCAM1	0	-0.11919583376843604	0
NCAPD2	0	-0.06573267942339653	1
NCAPD3	0	-0.15931729330802238	1
NCAPG	0	-0.15279436190176893	1
NCAPG2	0	-0.2829318648890776	0
NCAPH	0	-0.16467117469695594	0
NCAPH2	0	-0.23801227809973477	0
NCBP1	0	-0.03668046098676531	1
NCBP2	0	-0.022514972257509695	1
NCBP3	0	-0.14933503662725506	0
NCDN	0	-0.12835521785199805	1
NCEH1	1	0.05395950655174273	3
NCF1	1	-0.03095760656970616	2
NCF2	0	-0.07310929140208887	1
NCF4	0	-0.05024246848340064	1
NCK1	1	0.03637538322343252	3
NCK2	1	0.005763819946427122	2
NCKAP1	0	-0.06553830818737039	1
NCKAP1L	0	-0.030028892180410438	0
NCKAP5L	0	-0.25494047367611683	0
NCKIPSD	0	-0.22091030654901908	0
NCL	1	-0.11651164532665015	2
NCLN	1	0.09106411063263652	4
NCOA1	0	-0.0899745271380092	1
NCOA2	0	-0.048040118145444274	1
NCOA3	0	-0.3343126150245303	0
NCOA5	0	-0.18170544577551692	0
NCOA6	0	-0.2803424245488423	1
NCOA7	0	-0.10694641977031824	1
NCOR1	0	-0.1486065361636129	1
NCOR2	0	-0.14818139007090442	1
NCS1	0	-0.18533009059431826	0
NCSTN	0	-0.0077657828858269775	1
NDC1	1	0.03114361330377079	3
NDE1	0	-0.12766628431812332	0
NDEL1	0	-0.22797609345373523	0
NDOR1	0	-0.2461787479152005	0
NDRG1	0	-0.0666651714829983	1
NDRG2	0	-0.06661689359341068	0
NDRG3	0	-0.11673839231363028	1
NDST1	0	-0.3148491784082116	0
NDUFA1	0	-0.30287587498405766	1
NDUFA10	0	-0.22525256481928696	0
NDUFA11	0	-0.28229407358027675	1
NDUFA12	0	-0.20467109049130316	0
NDUFA13	0	-0.1277719743181025	1
NDUFA2	0	-0.2043381209674775	0
NDUFA3	0	-0.21483292990134	0
NDUFA4	0	-0.18613175715582936	0
NDUFA4L2	0	-0.11169909312340806	0
NDUFA5	1	-0.07619789381326902	2
NDUFA6	0	-0.23563510482042624	1
NDUFA7	0	-0.19790180398728457	0
NDUFA8	0	-0.148265725690561	1
NDUFA9	0	-0.17056177343415055	1
NDUFAB1	1	-0.20070589205020456	2
NDUFAF1	0	-0.19035100363904317	0
NDUFAF2	0	-0.264235928667869	0
NDUFAF3	0	-0.31549177991832406	0
NDUFAF4	1	-0.11254934594012692	2
NDUFAF5	0	-0.20614817178397846	1
NDUFAF6	0	-0.190394658204156	1
NDUFAF7	0	-0.29174912875349956	0
NDUFAF8	0	-0.20278308508527312	1
NDUFB1	0	-0.06961851007594828	1
NDUFB10	1	0.0627528518100768	3
NDUFB11	1	0.025395205979009593	3
NDUFB2	0	-0.0881464358028758	1
NDUFB3	1	-0.04542099266837938	2
NDUFB4	0	-0.24001497576043856	0
NDUFB5	1	0.064958245003822	2
NDUFB6	1	-0.04279405135882946	2
NDUFB7	0	-0.16420657018741125	0
NDUFB8	1	0.018031345360734932	4
NDUFB9	0	-0.18669446724164343	1
NDUFC1	0	-0.3357253270988866	1
NDUFC2	0	-0.012427256148292962	1
NDUFS1	0	-0.2915650711450799	0
NDUFS2	0	-0.14295791488648235	0
NDUFS3	0	-0.22736461427090776	0
NDUFS4	0	-0.2469602032417862	0
NDUFS5	0	-0.2749322182219538	0
NDUFS6	0	-0.19572528446415766	1
NDUFS7	0	-0.2460432211214505	0
NDUFS8	0	-0.27747519022280326	0
NDUFV1	0	-0.23401623496758814	0
NDUFV2	0	-0.1449681009192178	1
NDUFV3	0	-0.3447111869111105	0
NEBL	1	0.002293651017477738	2
NECAP1	0	-0.04737472431357144	1
NECAP2	1	-0.04458102062043488	2
NECTIN1	0	-0.3125946879641584	1
NECTIN2	1	-0.04430695550462023	2
NECTIN3	0	-0.19474886864450627	1
NEDD1	0	-0.16006487029286443	0
NEDD4	0	-0.11923638980475504	1
NEDD4L	0	-0.09595514558924474	0
NEDD8	1	-0.10010855512162578	2
NEDD9	0	-0.11149941332704513	1
NEFL	0	-0.06952748029193241	1
NEGR1	0	-0.07278293967989749	1
NEIL2	0	-0.12413893400540901	1
NEK1	0	-0.14668233653751667	1
NEK3	0	-0.06763953734548896	1
NEK4	0	-0.25835502041968345	0
NEK6	0	-0.21227709975787992	1
NEK7	0	-0.09597650222632408	1
NEK9	0	-0.10151698933071873	0
NELFA	1	0.033925929099854854	3
NELFB	1	0.02451294062988944	2
NELFCD	1	-0.06526126291467364	2
NELFE	1	0.029692602924308014	2
NEMF	1	-0.07343613928280358	2
NEMP1	0	-0.21012900710733864	1
NENF	0	-0.12162261154094405	0
NEO1	0	-0.21915661417462454	0
NEPRO	0	-0.21777468432892944	0
NES	1	0.026630510310718482	2
NEU1	1	-0.09902171003066443	2
NEURL4	0	-0.22719954393214836	0
NEXN	1	-0.059084295779465036	2
NF1	0	-0.09450727053804857	1
NF2	1	-0.004195993912458407	2
NFAT5	0	-0.1738057882062082	0
NFATC1	0	-0.030919959895318032	1
NFATC2	1	-0.0019747627302295597	3
NFATC2IP	0	-0.2075405194671926	1
NFATC3	0	-0.11100141708501746	0
NFATC4	0	-0.019999698254558298	1
NFIA	1	0.01957633426842404	2
NFIB	1	0.02784896902013258	2
NFIC	1	0.06954667198278823	4
NFIX	1	0.08510212973700304	3
NFKB1	1	0.03031453829509314	2
NFKB2	0	-0.0872667217009795	1
NFKBIA	0	-0.19188639607057037	0
NFKBIB	1	-0.1445332901489313	2
NFKBIE	1	-0.004344299087916564	2
NFKBIL1	0	-0.26705692962215977	1
NFRKB	0	-0.13409829554616554	0
NFS1	0	-0.057736046567331265	1
NFU1	0	-0.08733866377627998	1
NFX1	0	-0.1394451521820526	1
NFXL1	0	-0.04451223064314934	1
NFYA	0	-0.332797997645509	0
NFYB	0	-0.2500674710920109	0
NFYC	1	0.037417040419208646	4
NGDN	0	-0.16978611480219463	0
NGLY1	0	-0.24234001504607497	0
NGRN	0	-0.4251357621741336	0
NHEJ1	0	-0.16238819785318337	0
NHLRC2	0	-0.1061268864847477	0
NHLRC3	0	-0.21441561652381286	1
NHP2	0	-0.25707446810075407	1
NHS	0	-0.10479722246170789	0
NHSL1	0	-0.19670475621725197	0
NHSL2	0	-0.11713232750530485	0
NID1	1	-0.017089353759528546	2
NID2	1	-0.005817605406458382	2
NIF3L1	1	-0.07570756553598058	2
NIFK	1	-0.1528403529035074	2
NIN	0	-0.1704089429101911	1
NINJ1	1	-0.6948656007185207	2
NIP7	0	-0.11303977434691062	1
NIPBL	1	-0.004586127158889202	2
NIPSNAP1	0	-0.17417554595972978	0
NIPSNAP2	0	-0.16783141338712046	0
NIPSNAP3A	1	-0.02805352655516698	3
NISCH	0	-0.20495184839582445	0
NIT1	0	-0.2252416986801121	1
NIT2	0	-0.10592158348566576	1
NKAP	0	-0.2760951356694509	1
NKAPD1	0	-0.6111227216345607	0
NKIRAS1	0	-0.27137904466323326	0
NKIRAS2	0	-0.31098421608188725	1
NKRF	1	-0.0430704489900341	2
NKTR	0	-0.3890937501563358	0
NLE1	0	-0.13599503293089954	0
NLN	0	-0.16518502699615425	0
NLRC4	0	-0.4849766248602062	0
NLRX1	0	-0.08894301135389793	0
NMD3	1	-0.06824772107939084	2
NME1	1	-0.07714889993142218	2
NME2	1	0.025565622619267026	3
NME3	0	-0.0251365082279218	1
NME6	0	-0.31700814591670634	0
NME7	0	-0.1878233061003311	1
NMI	1	-0.06236121892774763	2
NMNAT1	0	-0.12451338595324124	0
NMNAT3	0	-0.1213389872003184	1
NMRAL1	1	-0.10744860815748107	2
NMRK1	0	-0.18190176857022902	0
NMT1	0	-0.10884811249511597	1
NMT2	0	-0.16617689012745818	1
NNMT	1	0.02414072506112818	4
NNT	1	-0.04119833515736683	2
NOA1	0	-0.3126192382487067	0
NOB1	0	-0.16095944537874382	0
NOC2L	1	-0.013096663316123146	3
NOC3L	0	-0.13913665308470483	1
NOC4L	0	-0.2204405868826576	0
NOCT	0	-0.6263479731246318	0
NOL10	1	-0.05428257000460095	2
NOL11	1	-0.005750724712855884	3
NOL12	0	-0.46089595012841766	0
NOL3	0	-0.14789089572131325	0
NOL4L	0	-0.334270754310858	0
NOL6	1	-0.061611717599742155	2
NOL7	0	-0.29110712943215944	0
NOL8	0	-0.08010140966093078	1
NOL9	0	-0.16650180134793485	1
NOLC1	1	-0.009654877689450652	3
NOM1	1	-0.09486086709507702	2
NONO	1	-0.11142468314889024	2
NOP10	0	-0.19950723474860782	0
NOP14	1	-0.05586122534106541	2
NOP16	0	-0.22780020614677038	0
NOP2	1	0.00747734512018397	2
NOP53	0	-0.5038456818474453	0
NOP56	0	-0.11782144923575025	1
NOP58	0	-0.11690805388305625	1
NOP9	0	-0.12591661793151304	1
NOS1AP	0	-0.22579966588594771	0
NOS3	0	-0.18972943775363638	0
NOSIP	0	-0.09389336522975418	1
NOSTRIN	0	-0.06297012076407625	1
NOTCH1	0	-0.2082887698354437	0
NOTCH2	0	-0.08929623029293328	0
NOTCH3	1	-0.0331358686913931	2
NOVA2	1	-0.02110973627255743	2
NPC1	1	-0.002039711930570161	2
NPC2	0	-0.13031909206154474	0
NPEPL1	1	-0.06109192189195252	2
NPEPPS	0	-0.08370558928533499	0
NPL	1	-0.05219789585887221	2
NPLOC4	0	-0.2814954135572393	0
NPM1	0	-0.06912074289227473	1
NPM3	0	-0.17058322594241562	1
NPNT	1	-0.05905695213865812	2
NPRL2	0	-0.3754860695748638	0
NPRL3	0	-0.25875823295099687	1
NPTN	1	0.03737423854461737	2
NPY	0	-0.25838021307855125	0
NQO1	0	-0.17629118793854426	0
NQO2	1	-0.09183179990491543	2
NR1H2	0	-0.5125177691687588	0
NR2C2	0	-0.08238975805873819	1
NR2C2AP	0	-0.2698482250515278	0
NR2F2	0	-0.015986547501963162	1
NR2F6	0	-0.07326589009177185	1
NR3C1	0	-0.04435881500834864	1
NRAS	1	-0.026110741993431285	2
NRBF2	0	-0.15024606499043708	1
NRBP1	0	-0.11785057804450531	0
NRBP2	1	-0.031963265704978795	3
NRCAM	0	-0.19803418565642744	0
NRDC	1	0.05669876115602496	4
NRDE2	0	-0.16973667983458224	0
NRF1	1	-0.01956244609273004	2
NRGN	0	-0.19980596024984867	0
NRIP2	0	-0.09514490494022959	1
NRM	0	-0.1492732283394193	1
NRP1	0	-0.13306876311391536	0
NRP2	0	-0.12693225504325195	0
NSA2	0	-0.2684932186686696	0
NSD1	0	-0.4119416406289857	0
NSD2	0	-0.22803039638633488	1
NSD3	0	-0.09278986240385068	0
NSDHL	0	-0.0003059240627993898	1
NSF	1	-0.032111536656566526	2
NSFL1C	0	-0.17196122391936003	1
NSL1	0	-0.39462320972612325	0
NSMAF	0	-0.17639418658058986	1
NSMCE1	0	-0.14746889553001574	1
NSMCE2	0	-0.23050029707852704	1
NSMCE3	1	0.06089731307487382	3
NSMCE4A	0	-0.14277866862564542	1
NSRP1	1	-0.08782112383508282	2
NSUN2	0	-0.13924552570248516	1
NSUN4	0	-0.2607220280903348	0
NSUN5	0	-0.12475390091112219	1
NSUN6	0	-0.17249080251715376	0
NT5C	1	-0.019275172435212456	3
NT5C2	0	-0.14737242711696477	1
NT5C3A	1	-0.047436742650536316	2
NT5C3B	0	-0.19685866426516505	0
NT5DC1	1	-0.053369575741600186	2
NT5DC2	0	-0.15789330782486002	1
NT5DC3	0	-0.16577586938879935	1
NT5E	0	-0.05096708916460928	0
NTAN1	0	-0.17658721323080823	0
NTHL1	0	-0.2591480455277963	0
NTMT1	0	-0.285603470848257	0
NTN1	0	-0.28962610429593116	0
NTN4	1	-0.0926241238125249	2
NTPCR	0	-0.23846385615296595	0
NUB1	0	-0.08725936765758309	0
NUBP1	0	-0.15093484972648233	1
NUBP2	0	-0.17726966892644033	1
NUBPL	0	-0.16308194955708055	1
NUCB1	1	-0.0019209339333419422	2
NUCB2	0	-0.09927016166283746	0
NUCKS1	1	0.05733043214253793	3
NUDC	0	-0.1022450411635281	0
NUDCD1	0	-0.2508149037547186	0
NUDCD2	0	-0.24797717325625673	0
NUDCD3	0	-0.0854208219993838	0
NUDT1	0	-0.19440772179913254	1
NUDT12	0	-0.09839779761786147	0
NUDT14	0	-0.1697928508552203	0
NUDT15	0	-0.14167308922392902	1
NUDT16	0	-0.14677394382898995	0
NUDT16L1	0	-0.2518102181190369	0
NUDT18	0	-0.22806353649833327	0
NUDT19	0	-0.236729406010506	1
NUDT2	0	-0.13349349386846973	1
NUDT21	1	-0.05158302709283243	2
NUDT3	0	-0.057863645270162675	1
NUDT4	0	-0.13754428874072613	0
NUDT5	1	-0.07974664844404562	2
NUDT6	0	-0.20170235364136432	0
NUDT8	0	-0.2244360168202794	0
NUDT9	0	-0.2846521636977998	0
NUF2	0	-0.8045925276599819	0
NUFIP2	1	-0.0036117077567517004	2
NUMA1	1	0.006040786923039882	2
NUMB	1	-0.04319919584633879	2
NUMBL	1	-0.0080475822375032	2
NUP107	0	-0.14025765067118426	0
NUP133	0	-0.36159639884924144	0
NUP153	1	0.007124938269633596	3
NUP155	1	-0.10395473866694904	2
NUP160	0	-0.06028843867944696	1
NUP188	1	0.02119254145041218	2
NUP205	1	-0.0243125481258738	2
NUP210	1	0.15547455489019252	2
NUP214	0	-0.1427480415185884	0
NUP35	0	-0.1613460357760758	1
NUP37	0	-0.19802882866706556	1
NUP43	0	-0.2245268042691153	0
NUP50	0	-0.11057019414689509	1
NUP54	0	-0.0682038680507456	1
NUP58	0	-0.21404039770339206	0
NUP62	1	-0.023611185879646536	2
NUP85	0	-0.1833932967571488	1
NUP88	0	-0.18265924450428833	0
NUP93	0	-0.1055229986146167	1
NUP98	1	-0.009823836728077039	2
NUPR1	0	-0.3485255478092179	0
NUTF2	1	-0.006185052427532001	3
NVL	0	-0.2505159563406455	0
NXF1	1	0.14265124715361757	5
NXN	0	-0.04466968505861656	1
NXT1	0	-0.06017311967362573	1
NXT2	0	-0.07995172275665356	1
OAF	0	-0.19822346745967084	1
OARD1	0	-0.11107046968820197	1
OAS1	0	-0.2746564999763247	0
OAS2	0	-0.0522251078173815	1
OAS3	0	-0.03795610546707638	0
OASL	0	-0.20400674710010486	0
OAT	0	-0.11021595041703516	1
OBSL1	0	-0.40331638721704755	0
OCIAD1	1	-0.012834217562406358	2
OCIAD2	0	-0.16264450557575288	1
OCLN	1	-0.2247132649125117	2
OCRL	1	-0.028310054647089477	2
ODF2	1	-0.03925292519160778	3
ODR4	1	-0.012266909465675362	3
OFD1	0	-0.24353475625744098	0
OGA	0	-0.05810096044167608	1
OGDH	1	-0.11899409801704224	2
OGDHL	0	-0.15476879796471776	1
OGFOD1	0	-0.308145608048677	0
OGFOD2	0	-0.20530163406758897	0
OGFOD3	0	-0.17956234533664137	1
OGFR	0	-0.04476351590464184	1
OGFRL1	0	-0.2059235783414531	0
OGN	1	-0.03452107349286293	2
OGT	1	-0.12100270931566995	2
OLA1	1	-0.11427965904768125	2
OLFM4	0	-0.15599489094932673	0
OLFML1	1	0.008642705329715528	2
OLFML2A	0	-0.813179523720628	0
OLFML2B	0	-0.28318114608829964	0
OLFML3	1	0.011351406935700702	2
OMA1	1	0.07528794634795177	4
OMD	0	-0.11511845353050214	1
OPA1	0	-0.08118035859245602	1
OPA3	1	-0.049752855949100776	2
OPHN1	1	-0.0080958026097467	3
OPLAH	0	-0.058480079820344144	1
OPTN	0	-0.03163446705399532	1
ORAI1	0	-0.41563437879933957	0
ORC1	0	-1.0167172020172857	0
ORC2	0	-0.22359503135528938	1
ORC3	0	-0.18540604952210335	0
ORC4	1	-0.1431731467532699	2
ORC5	0	-0.1817014243591014	1
ORM1	0	-0.05372178981178952	1
ORM2	1	-0.051396720395876005	2
OS9	0	-0.17500894119446656	1
OSBP	0	-0.1685598470075405	1
OSBP2	0	-0.3152048160104063	0
OSBPL10	0	-0.0781615281971669	1
OSBPL11	0	-0.15625298081773295	0
OSBPL1A	0	-0.13162475554571404	1
OSBPL2	0	-0.1821001199324506	0
OSBPL3	0	-0.07649962570319435	1
OSBPL5	0	-0.24143300968607234	0
OSBPL6	0	-0.23937750748977712	0
OSBPL7	0	-0.17849003851321382	1
OSBPL8	1	0.06608593626481266	2
OSBPL9	0	-0.10349774764561377	0
OSCP1	0	-0.12805228497532511	0
OSGEP	0	-0.36752855771796256	0
OSGEPL1	0	-0.32020986956463154	0
OSMR	0	-0.35057334016564534	0
OSTC	1	0.051998592316034854	3
OSTF1	1	-0.010526366680810582	3
OSTM1	0	-0.11516469007828274	1
OTUB1	1	-0.034807055845188964	2
OTUD1	0	-0.5228012872365395	0
OTUD4	0	-0.11032677062421123	0
OTUD5	0	-0.711932910647328	0
OTUD6B	0	-0.1529089341926279	1
OTUD7B	0	-0.08166003783385137	1
OTULIN	0	-0.09611429820570347	1
OTULINL	1	-0.06641575351370874	2
OVCA2	0	-0.2708661743414909	0
OXA1L	1	0.03588621926997476	3
OXCT1	1	-0.1644836907159219	2
OXLD1	0	-0.2980670967892849	0
OXNAD1	0	-0.27708972240981194	0
OXR1	0	-0.18335879478136216	1
OXSM	0	-0.15218025426321097	1
OXSR1	0	-0.11118039595619489	0
P2RX4	0	-0.07853805530610818	1
P3H1	0	-0.051282942458100146	0
P3H2	0	-0.1114871123574086	0
P3H3	0	-0.15321207835403286	1
P3H4	0	-0.06634557729294427	1
P4HA1	0	-0.12989579801724055	0
P4HA2	1	-0.06198433656119893	2
P4HB	0	-0.09905638776618682	0
P4HTM	0	-0.25194588019504893	1
PA2G4	0	-0.18072954201142874	1
PAAF1	0	-0.22576351473354667	0
PABPC1	1	0.03751311267392456	2
PABPC4	1	-0.017524269170434804	3
PACS1	1	-0.012872573024595274	3
PACS2	0	-0.15324214028617325	1
PACSIN1	0	-0.20477629373825135	0
PACSIN2	0	-0.16078383679186956	0
PACSIN3	1	-0.02551915703003138	2
PADI2	0	-0.08973139215493767	0
PADI4	1	-0.11106663213937751	2
PAF1	1	-0.03969160501185742	2
PAFAH1B1	1	0.0003152614225292422	3
PAFAH1B2	1	-0.02283755992941312	2
PAFAH1B3	0	-0.17308771435650616	0
PAFAH2	1	-0.02737459571703287	3
PAG1	0	-0.1447209987872863	1
PAICS	0	-0.05764712495505138	1
PAIP1	0	-0.23334380762018775	0
PAIP2	0	-0.1373618892754172	1
PAIP2B	0	-0.08755425303401825	1
PAK1	0	-0.040377508603338205	1
PAK1IP1	1	-0.19408392341386568	2
PAK2	1	-0.0627539373769029	2
PAK4	0	-0.10335837638267978	0
PALD1	0	-0.09390040602095759	0
PALLD	1	-0.04968161625278024	2
PALM	0	-0.036049335016617376	0
PALM3	0	-0.08197766334605633	0
PALMD	0	-0.021504366801160617	1
PAM	0	-0.08103839742408939	1
PAMR1	0	-0.05719386407855692	1
PAN2	0	-0.2289183134019231	0
PAN3	0	-0.37157855383222566	0
PANK2	0	-0.1900770250127131	0
PANK3	0	-0.27372653797562885	0
PANK4	1	-0.10358375132003592	2
PANX1	0	-0.2882273073907934	1
PAPLN	1	-0.19455157239493912	2
PAPOLA	0	-0.07043582839428698	1
PAPOLG	1	-0.039243215940714435	2
PAPSS1	0	-0.2452148082677618	0
PAPSS2	0	-0.11958902505062793	0
PARD3	0	-0.09472206870085007	0
PARD3B	1	-0.18312555475062514	2
PARD6B	0	-0.11537027004800479	1
PARK7	1	-0.08632661761410565	2
PARL	0	-0.1716438829281151	1
PARN	1	-0.027196096245371622	2
PARP1	1	-0.022057455248041646	4
PARP10	0	-0.12596926921272622	1
PARP12	0	-0.1448785585917361	0
PARP14	0	-0.07873477550453697	0
PARP16	0	-0.5796920805423864	0
PARP2	0	-0.12448016638639836	1
PARP4	1	0.03410961225173713	4
PARP9	0	-0.08113352485643713	0
PARS2	1	-0.04404107328544059	2
PARVA	1	0.0469113127165632	4
PARVB	1	-0.08546042937627939	2
PARVG	1	-0.004032414144480678	2
PATJ	0	-0.10421968229608927	1
PATL1	0	-0.15088072687620915	0
PATZ1	0	-0.24363118761934718	0
PAWR	1	0.046484693147990815	2
PAXBP1	0	-0.05550562653650119	1
PAXIP1	0	-0.32051232855405776	0
PAXX	1	-0.053005360236117335	2
PBDC1	0	-0.09650937738455649	1
PBK	0	-0.20096805734372497	0
PBLD	0	-0.059663859668245854	0
PBRM1	1	-0.02767590414119612	3
PBX1	0	-0.07219570049438158	1
PBX2	0	-0.2393548273761718	0
PBXIP1	1	0.02731859803404434	2
PC	0	-0.06895936694368382	0
PCBD1	0	-0.16935636286284023	1
PCBD2	0	-0.24587374302427073	0
PCBP1	1	-0.12536657145134678	2
PCBP2	0	-0.051963266542337516	1
PCBP3	1	-0.05617639730698394	2
PCCA	1	-0.09307898960892162	2
PCCB	1	-0.026828838572915743	2
PCDH1	1	-0.03510147056547548	2
PCF11	0	-0.06155334076770556	1
PCGF2	1	0.06855396886064379	4
PCGF5	0	-0.23414834156307157	0
PCID2	0	-0.07148498639728842	1
PCIF1	1	-0.04248450797910269	2
PCK2	1	-0.09295087280402234	2
PCM1	0	-0.09132037261699114	0
PCMT1	0	-0.029534435900563722	1
PCMTD1	0	-0.1189881337334999	0
PCMTD2	0	-0.2795925009877757	0
PCNA	1	-0.06529758703553842	3
PCNP	0	-0.08169664142847934	1
PCNT	0	-0.09061697927833032	0
PCOLCE	0	-0.0501985202403612	0
PCP4	0	-0.2860144170037608	0
PCSK1N	0	-0.35711537346980987	0
PCSK9	0	-0.3589766623914531	0
PCTP	0	-0.13761060960147947	0
PCYOX1	1	0.04786341566767591	3
PCYOX1L	0	-0.21461104850811163	0
PCYT1A	1	-0.041910493849942596	2
PCYT2	0	-0.0806615214980305	1
PDAP1	0	-0.14296195337504097	1
PDCD10	0	-0.12172085971508935	0
PDCD11	1	-0.014808216854627323	2
PDCD2	0	-0.2142394215749342	0
PDCD2L	0	-0.2584841307773834	0
PDCD4	0	-0.06886515002538698	1
PDCD5	0	-0.155493845940489	0
PDCD6	0	-0.21426841619514664	0
PDCD6IP	0	-0.14888392093886055	1
PDCL	0	-0.25814108545246756	0
PDCL3	0	-0.12253115924109567	0
PDE12	0	-0.24915506574788188	1
PDE1A	0	-0.38091217985836034	0
PDE1B	1	-0.13230656352708	2
PDE1C	0	-0.19093310661249663	0
PDE2A	0	-0.07181667636530972	0
PDE3A	1	-0.06678870181704841	2
PDE4D	0	-0.23483363528362694	1
PDE4DIP	0	-0.0939320550398522	0
PDE5A	0	-0.09614928106355351	1
PDE6D	0	-0.18431232311675264	1
PDE8A	0	-0.28671019628378785	0
PDF	0	-0.2076478285064396	0
PDGFRB	0	-0.1607220314666068	0
PDHA1	0	-0.14597322511502625	1
PDHB	1	-0.15120825428670887	2
PDHX	0	-0.10736750663739633	1
PDIA2	0	-0.19337641265172684	0
PDIA3	0	-0.13362742081948792	0
PDIA4	0	-0.11130531212884667	1
PDIA5	1	-0.006802538061868983	2
PDIA6	0	-0.11574726095911751	0
PDK1	0	-0.13218528758568615	1
PDK2	0	-0.19267005571894527	0
PDK3	0	-0.21875303207686553	0
PDLIM1	1	-0.007751971395434538	2
PDLIM2	1	-0.013468151973796976	3
PDLIM3	0	-0.10427722534260567	0
PDLIM4	1	0.007799655976695496	2
PDLIM5	0	-0.048299948723098764	1
PDLIM7	1	-0.0038217304175785323	3
PDP1	0	-0.2706943014347675	0
PDPK1	0	-0.22902697742155742	0
PDPR	0	-0.3670187853951176	0
PDRG1	0	-0.24396783451256093	0
PDS5A	1	0.0933015078833202	4
PDS5B	1	0.11059732968715386	4
PDSS2	0	-0.15159132200372727	0
PDXDC1	0	-0.1064690910151374	1
PDXK	1	-0.04567455321210764	2
PDXP	0	-0.24759445207503689	0
PDZD11	1	0.022144502508547603	3
PDZD2	0	-0.42031842626733207	0
PDZD8	1	-0.01564235357244988	2
PEA15	0	-0.0927982180963372	0
PEAK1	0	-0.10908607051300996	0
PEBP1	1	0.06889528295588045	4
PECAM1	0	-0.034105938148409634	1
PECR	0	-0.11553881910658112	1
PEF1	0	-0.22903606195770476	0
PEG10	0	-0.09884012279744976	0
PELI2	0	-0.2766101921359645	0
PELO	0	-0.12543691205009522	1
PELP1	0	-0.13251017919744362	0
PEPD	1	-0.038663755473657455	2
PER1	0	-0.46557313063940564	0
PES1	1	0.03573736909553282	2
PEX1	1	-0.06584569589482951	3
PEX10	0	-0.8340206699358343	0
PEX11B	0	-0.15795956201231268	1
PEX12	0	-0.5495657891494827	1
PEX13	0	-0.24590818566053843	1
PEX14	0	-0.04168162391627887	1
PEX16	1	-0.15028794947929708	2
PEX19	1	-0.027384753380072242	2
PEX2	0	-0.5705479604509888	0
PEX3	1	-0.0320429080798479	2
PEX5	0	-0.13201546832524969	1
PEX6	0	-0.20763983742386874	1
PEX7	0	-0.20931602110893593	0
PF4	0	-0.19449563563735672	1
PFAS	0	-0.07045805227769088	1
PFDN1	0	-0.2388294357692319	1
PFDN2	0	-0.1552624464753977	1
PFDN4	0	-0.15088866389487401	0
PFDN5	1	-0.02837039263020834	2
PFDN6	1	-0.2023895384796727	2
PFKFB2	0	-0.07265299703480672	0
PFKFB3	0	-0.1379145544614965	0
PFKL	0	-0.08364270010721367	0
PFKM	1	-0.03776593438402896	3
PFKP	1	-0.03229927830039706	2
PFN1	1	0.007565584138326235	2
PFN2	0	-0.035222440197876445	1
PGAM1	1	0.02530515159249704	3
PGAM2	1	0.05396906433465137	3
PGAM5	0	-0.21107404389099602	0
PGAP1	0	-0.2588964817208922	1
PGD	1	-0.046791291378222785	2
PGGHG	0	-0.39481328968689294	0
PGGT1B	0	-0.18859614172323874	1
PGK1	0	-0.0616172523622359	1
PGK2	1	0.009595126707898008	2
PGLS	1	-0.04465531383213896	2
PGLYRP1	1	-0.017897259632281455	3
PGLYRP2	0	-0.16754465876899954	1
PGM1	0	-0.09221970258769592	0
PGM2	0	-0.06894761725328817	1
PGM2L1	0	-0.07033052303293101	1
PGM3	1	-0.09902277224797931	2
PGM5	0	-0.06557869429331332	0
PGP	0	-0.16778546089383026	0
PGPEP1	0	-0.2863732438677527	0
PGRMC1	0	-0.09788433526559512	1
PGRMC2	0	-0.09233327542066228	1
PGS1	0	-0.19808897055387104	0
PHACTR2	0	-0.07947569816058317	0
PHACTR4	0	-0.3045964984174873	0
PHAX	0	-0.14846760510909937	0
PHB	0	-0.27507808158652813	0
PHB2	0	-0.21155932494987337	0
PHC1	0	-0.283893677952995	0
PHC2	1	-0.0315328616825971	2
PHC3	1	-0.011778109562587822	2
PHETA1	0	-0.6122177348271182	0
PHF1	1	-0.10462974508963638	2
PHF10	0	-0.1468629694540196	0
PHF12	0	-0.47438819384272685	0
PHF14	0	-0.17925232198725127	0
PHF2	0	-0.13566173335099616	1
PHF20	0	-1.360371087643689	0
PHF20L1	0	-0.2280481549989375	1
PHF21A	0	-0.27475051713867915	0
PHF23	0	-0.189115329336379	0
PHF3	0	-0.10228894059747425	1
PHF5A	1	0.07411182180075067	3
PHF6	0	-0.0270687569872677	1
PHF8	1	-0.03183237731628064	2
PHGDH	0	-0.06261250672211702	1
PHIP	1	-0.017177633339431224	2
PHKA1	1	-0.07903826498836761	2
PHKA2	0	-0.1851012341903438	1
PHKB	0	-0.07120293171874092	1
PHKG2	0	-0.1466453435985236	0
PHLDA1	0	-0.13446142853248766	0
PHLDA3	0	-0.09247026697796552	0
PHLDB1	1	0.0063745857280392	2
PHLDB2	0	-0.10523425849018057	0
PHPT1	1	-0.010480072916410121	2
PHRF1	0	-0.16228061873237887	1
PHYH	0	-0.042362558907465604	1
PHYHD1	0	-0.06786844907057683	0
PHYHIPL	0	-0.06927696825003501	1
PHYKPL	1	-0.008697374767160657	2
PI16	0	-0.1525871127769016	0
PI4K2A	1	0.032453269617060784	2
PI4K2B	0	-0.11997827503759002	1
PI4KA	1	-0.03674251971821665	2
PI4KB	0	-0.16345135810640415	0
PIAS1	0	-0.23429582127280116	0
PIAS2	0	-0.6020735043716933	0
PIBF1	0	-0.19057958178519893	1
PICALM	0	-0.20511339056321795	1
PICK1	0	-0.1683616343915188	0
PID1	0	-0.07204267098080959	1
PIEZO1	1	-0.04020479122902596	2
PIGB	0	-0.5143684779835984	0
PIGG	0	-0.19542418497728425	1
PIGH	0	-0.4688001527195972	1
PIGK	1	0.07626472497375883	2
PIGN	1	-0.2372732331883936	2
PIGO	1	-0.13285094111768397	2
PIGQ	0	-0.1392689788786504	1
PIGR	0	-0.06425700670448278	1
PIGS	1	0.08515725173198285	2
PIGT	1	0.0456170853288541	2
PIGU	1	-0.07018288937269287	2
PIGX	0	-0.5227757361648393	0
PIH1D1	0	-0.17958433709693172	1
PIK3AP1	0	-0.05913384802942172	1
PIK3C2A	1	-0.085112808534066	2
PIK3C2B	0	-0.1921052206067159	0
PIK3C3	0	-0.15389503117535597	0
PIK3CA	0	-0.10981950090931439	0
PIK3CB	1	-0.07573002723427588	2
PIK3CD	0	-0.13852671114009293	1
PIK3CG	0	-0.14920250156534445	0
PIK3IP1	0	-0.25613622486884846	1
PIK3R1	0	-0.05865063627680285	1
PIK3R2	0	-0.15299642297251728	1
PIK3R4	0	-0.22567070024488417	0
PIKFYVE	0	-0.20808409962706748	0
PIN1	0	-0.050382062237418555	1
PIN4	0	-0.2894765510400501	0
PINX1	0	-0.8943560624812251	0
PIP4K2A	1	-0.02115959724370826	3
PIP4K2B	0	-0.1062856280013567	0
PIP4K2C	0	-0.08666847762394933	0
PIP4P1	1	-0.12218780300315976	2
PIP4P2	0	-0.20568817286393956	1
PIP5K1A	0	-0.1466102995631279	1
PIP5K1C	1	-0.1181692382802821	2
PIR	0	-0.1551880869120434	0
PISD	0	-0.12913100471808106	0
PITHD1	0	-0.0429828210279921	1
PITPNA	0	-0.11165955647570133	1
PITPNB	0	-0.1515860478240418	1
PITPNC1	0	-0.1543903391892953	0
PITPNM1	0	-0.08696241975367913	1
PITPNM2	0	-0.2639638583705691	1
PITRM1	1	-0.07520255802688933	2
PJA1	0	-0.1343659080405713	0
PJA2	0	-0.23683615475768532	0
PKD2	0	-0.08453414905289325	1
PKIG	0	-0.07713915476964775	0
PKLR	1	0.08303806863677651	3
PKM	0	-0.05796408929365854	1
PKN1	1	0.06804138743813011	3
PKN2	0	-0.1302140188310728	0
PKNOX1	1	-0.058247281960805974	2
PKP2	0	-0.07911773871848256	1
PKP4	1	0.017107152611968116	3
PLA2G12A	0	-0.21383378442929893	0
PLA2G15	0	-0.11609909600778508	1
PLA2G2A	0	-0.18513989959169747	1
PLA2G4A	0	-0.08826160040507834	0
PLA2G4C	0	-0.4725477401484862	0
PLA2G7	0	-0.23433578193828758	1
PLAA	0	-0.05346501843127306	1
PLAC9	0	-0.16421712477983874	1
PLAT	0	-0.07864598016234103	0
PLAU	0	-0.14617416114912765	0
PLAUR	0	-0.27315780075995444	1
PLBD1	0	-0.13563840112411107	0
PLBD2	1	-0.09710652979644409	2
PLCB1	0	-0.04517976505133878	0
PLCB2	0	-0.047682224625215416	1
PLCB3	0	-0.05289475032661256	1
PLCB4	0	-0.2024615731395946	0
PLCD1	1	0.09273080831829342	2
PLCD3	0	-0.1284614767267787	1
PLCG1	0	-0.0978089253710833	1
PLCG2	0	-0.15150461434224266	1
PLCH1	0	-0.18988237662456142	1
PLCL1	0	-0.1645959903664284	1
PLCL2	0	-0.22330098279044658	0
PLCXD3	0	-0.6682466528368534	0
PLD1	1	-0.16341893826732373	2
PLD2	0	-0.20034561331448283	0
PLD3	0	-0.09999560004388788	0
PLD4	0	-0.8799276434789066	0
PLEC	0	-0.018308456454863262	1
PLEK	0	-0.07739813432117809	0
PLEKHA1	0	-0.0628932613794736	1
PLEKHA2	0	-0.05972470885113462	1
PLEKHA3	0	-0.23172129918961354	1
PLEKHA4	0	-0.31367913599300656	0
PLEKHA5	1	-0.014339664174222161	2
PLEKHA6	1	-0.01765078228382274	3
PLEKHA7	1	0.054182283165190116	3
PLEKHB2	0	-0.2258833588433698	0
PLEKHF1	0	-0.13332201263148297	1
PLEKHF2	0	-0.14503521605181485	0
PLEKHG1	0	-0.19617894710714384	0
PLEKHG2	0	-0.1728922950841802	1
PLEKHG3	1	-0.02054788499088726	2
PLEKHM1	0	-0.2777101797123068	0
PLEKHM2	0	-0.21021816878607819	1
PLEKHO1	0	-0.13382626524440208	0
PLEKHO2	0	-0.06413551321439906	0
PLG	0	-0.32080593624852194	0
PLGRKT	0	-0.12337347072688747	1
PLIN2	1	-0.03782108549611655	2
PLIN3	0	-0.11793321625835426	0
PLIN4	0	-0.05351616972280426	1
PLOD1	1	0.024741744346296383	3
PLOD2	0	-0.06626989621680215	0
PLOD3	0	-0.13826254705749302	1
PLP2	0	-0.15593586548267319	0
PLPBP	1	0.007783862413694942	3
PLPP3	1	-0.07712921585000199	2
PLPP6	0	-0.5882888235127712	0
PLRG1	1	-0.04228859638431596	2
PLS1	1	-0.042690571355341794	2
PLS3	0	-0.09511455420481726	0
PLSCR1	1	-0.02733140909507286	2
PLSCR3	0	-0.156501457992692	1
PLSCR4	1	-0.14248449706560212	2
PLTP	0	-0.08904019918818515	1
PLVAP	0	-0.050469508404864506	1
PLXDC2	0	-0.17965338645975168	0
PLXNA1	1	0.007441901447588259	2
PLXNA2	0	-0.08886360504824209	1
PLXNB1	1	-0.059697189809913544	2
PLXNB2	1	-0.02198665441537325	2
PLXNC1	0	-0.05137114608069469	1
PLXND1	1	-0.045770450382361015	3
PM20D2	0	-0.16452599298062526	0
PMF1	0	-0.24903959055509822	1
PML	0	-0.07928831786643595	1
PMM1	0	-0.14829763036341453	0
PMM2	1	-0.100871188201258	2
PMPCA	1	-0.11733280286482888	2
PMPCB	0	-0.08600075869606605	1
PMS2	0	-0.19628704351343618	0
PMVK	0	-0.08737807925244519	1
PNISR	0	-0.11063299057310438	1
PNKD	1	-0.024305388314810522	3
PNKP	0	-0.11927783047084346	1
PNMA1	0	-0.21668709655662127	0
PNN	1	0.05031934751554852	3
PNO1	0	-0.17066652695841658	1
PNP	1	-0.010388286685614558	3
PNPLA2	0	-0.24240056913545688	0
PNPLA4	0	-0.14586394246719395	0
PNPLA6	1	0.07224625743550167	2
PNPLA8	0	-0.2034040205969979	0
PNPO	0	-0.14550648751217202	1
PNPT1	0	-0.07268692968899036	1
POC1B	0	-0.46057575469526835	0
POC5	0	-0.2421408562999366	0
PODN	1	-0.03345324560961353	2
PODXL	0	-0.05374667255953843	1
PODXL2	0	-0.9824267734505684	0
POFUT1	0	-0.19889973458748694	0
POFUT2	0	-0.18876211481888916	0
POGK	0	-0.1597288031517282	0
POGLUT1	0	-0.14690613762635674	0
POGZ	1	0.016434517959283683	3
POLA1	0	-0.1980143797861737	1
POLA2	0	-0.2601210399660652	0
POLB	1	-0.08743153111618006	2
POLD1	0	-0.12655444575999839	0
POLD2	0	-0.3042064889583417	0
POLD3	0	-0.06150987938708764	1
POLD4	0	-0.629734945008115	0
POLDIP2	0	-0.12964822543578913	1
POLDIP3	0	-0.128799716026729	1
POLE	0	-0.8565929704274909	0
POLE3	1	-0.22125443990041718	2
POLE4	0	-0.18211223388479164	0
POLG	0	-0.22631156493820015	0
POLG2	0	-0.24046441916940378	0
POLI	0	-0.23228218983263185	1
POLK	0	-0.3939640516642667	0
POLL	0	-0.9080214780629777	0
POLR1A	0	-0.271338999543271	0
POLR1B	0	-0.07531826974559362	1
POLR1C	0	-0.16156252459841694	1
POLR1D	0	-0.11420219368417364	0
POLR1E	1	0.015711950146255822	3
POLR2A	1	0.0834478210367328	5
POLR2B	1	-0.08323294087090355	2
POLR2C	0	-0.207711446275269	0
POLR2D	1	-0.03254219112567019	2
POLR2E	1	-0.006283623015159295	3
POLR2F	0	-0.5352586723635143	0
POLR2G	0	-0.0919315017556658	1
POLR2H	0	-0.11462450193336485	1
POLR2I	0	-0.20987777831316573	1
POLR2J	0	-0.31719734392297366	0
POLR2K	0	-0.13190486682299543	1
POLR2L	0	-0.16595455971370382	0
POLR3A	0	-0.15456723088641997	0
POLR3B	0	-0.23385135273332375	0
POLR3C	0	-0.23781309936211392	0
POLR3D	0	-0.14663451240459507	0
POLR3E	0	-0.23461778831243044	0
POLR3F	0	-0.22265547324542298	1
POLR3H	0	-0.4672711138983686	0
POLR3K	0	-0.3159535849511019	1
POLRMT	0	-0.23060281430479343	0
POM121	0	-0.04380607512411046	1
POMGNT1	0	-0.17639706763013657	1
POMGNT2	0	-0.2429736542890714	1
POMP	1	-0.13121805089294644	2
POMT1	0	-0.2224845979174624	1
PON1	0	-0.22828546384150022	1
PON2	0	-0.05061201781857594	1
POP1	1	-0.036915500616851636	2
POP4	0	-0.08811059202658769	1
POP7	0	-0.450868263164306	0
POR	0	0.03767326233522854	1
POSTN	0	-0.12930805507817425	0
POT1	0	-0.3365353493100424	0
POTEF	1	0.09925507003568348	3
POTEI	1	0.1063699180573134	4
POTEJ	1	0.11443790982202355	5
POU2F1	1	-0.1192608472096908	2
PPA1	0	-0.04927451201949894	0
PPA2	1	-0.0395027797952555	2
PPAT	1	-0.04191536457016459	3
PPBP	0	-0.1988812603811877	0
PPCDC	0	-0.20242074761606443	0
PPCS	0	-0.1785982671225518	0
PPFIA1	0	-0.13366337506187145	0
PPFIBP1	1	-0.05890908201053304	2
PPFIBP2	0	-0.17710300588890562	0
PPHLN1	0	-0.1519433741600632	0
PPIA	1	-0.02683363560034018	3
PPIB	0	-0.07809264023142415	0
PPIC	0	-0.10244876712373482	0
PPID	0	-0.2654199022821917	0
PPIE	0	-0.15215854805975798	0
PPIF	0	-0.04556851368029012	1
PPIG	1	-0.038722701745974156	3
PPIH	1	-0.024376176548466223	2
PPIL1	0	-0.09679332872752543	1
PPIL2	0	-0.08215317524385862	1
PPIL3	0	-0.09537425838232222	1
PPIL4	0	-0.10908850436465871	0
PPIP5K1	0	-0.23902144875547854	0
PPIP5K2	0	-0.24789945660294993	0
PPL	0	-0.029249553834048196	1
PPM1A	0	-0.19291055431864912	0
PPM1B	0	-0.33218581303236366	0
PPM1F	1	0.03609489826455291	3
PPM1G	0	-0.04592388378656722	1
PPM1H	0	-0.1108278503549307	0
PPM1K	0	-0.24123519955920775	0
PPM1L	0	-0.23007209153604097	0
PPM1M	0	-0.3731277328182232	0
PPME1	0	-0.204599863465948	1
PPOX	0	-0.12177302884084593	1
PPP1CA	0	-0.12273270768810685	1
PPP1CB	0	-0.06849299580255086	1
PPP1CC	0	-0.13832346981474455	1
PPP1R10	1	0.011425389818084237	3
PPP1R11	0	-0.2197864364212326	1
PPP1R12A	1	-0.00596644210581522	2
PPP1R12B	1	-0.03485760576172816	2
PPP1R12C	1	0.004576365558634795	3
PPP1R13B	0	-0.1679831059118554	0
PPP1R13L	0	-0.10181996070317259	1
PPP1R14A	0	-0.036970793969851964	1
PPP1R14B	0	-0.26832628642133977	0
PPP1R14C	0	-0.09989060096443154	0
PPP1R16A	0	-0.15930126391721763	0
PPP1R18	1	-0.08256557508350316	2
PPP1R2	1	0.019088721611508496	3
PPP1R21	0	-0.07111307045292466	1
PPP1R37	0	-0.14811727612555547	1
PPP1R3D	1	-0.022652334628274456	3
PPP1R3G	0	-0.20519779281619463	0
PPP1R7	0	-0.14404477133365604	0
PPP1R8	0	-0.07227875955227367	1
PPP1R9A	0	-0.1038402895360661	1
PPP1R9B	1	0.03953472700545539	3
PPP2CA	1	-0.024050456379800977	2
PPP2CB	1	-0.030435566472206223	2
PPP2R1A	0	-0.07794936143863189	1
PPP2R1B	0	-0.1699660196831289	1
PPP2R2A	0	-0.1374579260992509	0
PPP2R2C	0	-0.07237117945127489	1
PPP2R2D	0	-0.08935410725079047	1
PPP2R3A	0	-0.1928153528742567	0
PPP2R5A	0	-0.11086124318204246	1
PPP2R5B	0	-0.1489273889176587	0
PPP2R5C	0	-0.1849581751542837	0
PPP2R5D	0	-0.156009804789546	0
PPP2R5E	0	-0.16312601278957936	0
PPP3CA	0	-0.08779087721946424	1
PPP3CB	1	-0.10274958708266499	2
PPP3CC	0	-0.15858558115147947	0
PPP3R1	1	-0.029941545191087715	2
PPP4C	0	-0.23429657432330425	0
PPP4R1	0	-0.17473506859551496	0
PPP4R2	0	-0.03542168258333862	1
PPP4R3A	0	-0.06726745679054921	1
PPP4R3B	0	-0.2500768763993787	0
PPP5C	0	-0.0824347133679599	1
PPP6C	0	-0.11823168858357738	1
PPP6R1	1	-0.011004068920326645	3
PPP6R2	0	-0.32335676311311595	0
PPP6R3	0	-0.19397006275716056	0
PPT1	0	-0.11504236820845852	1
PPT2	0	-0.438994722676456	0
PPTC7	0	-0.2709484037293234	0
PPWD1	0	-0.21690848341218869	0
PQBP1	1	-0.048138525782755716	2
PRAG1	0	-0.16798367262527594	1
PRAM1	0	-0.11117961375331635	1
PRC1	0	-0.15134735625313853	0
PRCC	0	-0.1713457828359391	0
PRCP	0	-0.1400252515084784	1
PRDM10	0	-0.34309448573311957	0
PRDM11	0	-0.44389401760940184	1
PRDX1	0	-0.14250295967358212	0
PRDX2	1	0.019100659322761244	3
PRDX3	0	-0.0758925908729107	1
PRDX4	0	-0.19464032320198846	1
PRDX5	0	-0.19075210027321593	1
PRDX6	0	-0.09668255726046796	1
PREB	1	0.03060370091241102	3
PRELP	0	-0.06815999584322135	1
PREP	0	-0.09481822083402106	1
PREPL	0	-0.2790841880411571	0
PREX1	1	-0.0008575532771128797	2
PRG4	0	-0.183105964064477	1
PRICKLE2	0	-0.32717205119439563	0
PRIM1	0	-0.2459834061011339	0
PRIM2	0	-0.17174315983908298	0
PRKAA1	0	-0.18391162241794784	1
PRKAA2	1	-0.1264960085394205	2
PRKAB1	0	-0.16989494366508867	0
PRKAB2	0	-0.1080214064269508	0
PRKACA	0	-0.09625052598566744	1
PRKACB	1	-0.0605923733048858	2
PRKAG1	1	-0.0854403828823368	2
PRKAG2	0	-0.06454367599414321	1
PRKAR1A	0	-0.21270306208070217	0
PRKAR1B	0	-0.05868986544056498	1
PRKAR2A	1	-0.04406702112845336	2
PRKAR2B	1	-0.0017485625737978599	2
PRKCA	1	-0.01266871145101584	2
PRKCB	0	-0.07237063459746644	0
PRKCD	0	-0.15198853453490868	1
PRKCE	0	-0.15882297530674744	0
PRKCH	0	-0.2128180014846271	0
PRKCI	0	-0.10571984034508597	0
PRKCQ	0	-0.16459656732018602	0
PRKCSH	0	-0.17527947529371699	0
PRKCZ	0	-0.17450543036662472	0
PRKD1	0	-0.1344965599935845	0
PRKD2	0	-0.17508457237007596	1
PRKDC	1	0.10429921856923433	4
PRKG1	1	0.004580902475305126	2
PRKN	0	-0.21202965538389926	1
PRKRA	0	-0.0826230185422984	1
PRKRIP1	0	-0.14572776052301015	1
PRMT1	0	-0.1333588150514273	1
PRMT2	0	-0.3480498129027942	0
PRMT3	0	-0.131484491248556	1
PRMT5	0	-0.25591437750664175	0
PRMT7	0	-0.22349751955566505	1
PRMT9	0	-0.41486944208838106	0
PRNP	0	-0.09145897632981359	0
PROC	0	-0.21134655997751278	0
PROCR	1	-0.020944231585701256	2
PRODH	0	-0.0700440174625225	0
PROM1	0	-0.13529999077819746	0
PROS1	0	-0.08474738060789773	1
PROSER1	0	-0.5289392826043323	1
PROSER2	0	-0.22952084837135528	0
PROX1	0	-0.7839606820308338	0
PROZ	0	-0.26767106111233335	0
PRPF18	0	-0.17557093727340872	0
PRPF19	0	-0.07742577000875908	1
PRPF3	0	-0.05827631654367271	1
PRPF31	1	-0.01320665471251814	3
PRPF38A	0	-0.045880600855179796	1
PRPF38B	0	-0.11176615727321319	1
PRPF39	0	-0.16778441903017352	1
PRPF4	1	0.0645174825299354	4
PRPF40A	1	-0.1131212885465315	2
PRPF40B	0	-0.30336292156036365	0
PRPF4B	1	0.03101704629279839	2
PRPF6	1	0.053791863996222544	3
PRPF8	1	0.18414034463829315	5
PRPH	1	-0.019933817600453353	3
PRPS1	1	-0.10295761528788035	2
PRPS2	0	-0.10785329709628903	1
PRPSAP1	0	-0.21553660098263566	0
PRPSAP2	0	-0.16441382475109756	0
PRR12	0	-0.1201141315722889	1
PRR14	0	-0.0488002997191358	1
PRR14L	0	-1.181594631211851	0
PRR15	0	-0.11309726563464498	0
PRRC1	0	-0.05901191619626456	1
PRRC2A	0	-0.17205189997246195	0
PRRC2B	0	-0.13032205492313498	0
PRRC2C	1	0.0022562781761798463	2
PRSS2	0	-0.14100633857496747	0
PRSS23	0	-0.1805312885214844	0
PRSS3	0	-0.26103019475222233	0
PRTFDC1	0	-0.13253147118334513	1
PRTN3	0	-0.12800877204104186	1
PRUNE1	0	-0.09274054255218936	1
PRUNE2	0	-0.22674048275107833	0
PRXL2A	0	-0.020453982105982958	1
PRXL2B	1	0.008808836402358917	2
PSAP	0	-0.13546673749593813	1
PSAT1	0	-0.03884057275692206	1
PSD3	0	-0.1878140534903992	0
PSD4	0	-0.24547884630877576	1
PSEN1	0	-0.22968021942788241	0
PSEN2	1	-0.10870230515309624	2
PSIP1	1	0.054636357115254774	4
PSMA1	0	-0.15749205237388894	0
PSMA2	1	0.008722906989634165	2
PSMA3	1	-0.09315970239423879	2
PSMA4	0	-0.13010015119809698	1
PSMA5	0	-0.1499509404406369	1
PSMA6	0	-0.08527083169846897	1
PSMA7	0	-0.155105416791199	1
PSMB1	0	-0.14791594725964202	1
PSMB10	1	-0.07867619047721654	3
PSMB2	0	-0.23620912418059103	0
PSMB3	0	-0.25666678592933384	0
PSMB4	1	-0.05643122799364638	2
PSMB5	0	-0.17368299769709233	1
PSMB6	0	-0.08310528962700166	1
PSMB7	0	-0.15464064362613567	1
PSMB8	0	-0.12344278670167959	0
PSMB9	0	-0.07068134610297985	1
PSMC1	0	-0.1720884767814062	0
PSMC2	1	-0.09358183275965834	2
PSMC3	0	-0.12705167150796734	1
PSMC4	0	-0.10339720570169883	1
PSMC5	1	-0.11374057163513981	2
PSMC6	0	-0.17087568133085726	1
PSMD1	0	-0.12125640937601126	1
PSMD10	0	-0.12780522485327278	0
PSMD11	0	-0.12127824112552348	1
PSMD12	0	-0.1405695023732408	0
PSMD13	1	-0.04028191285030919	3
PSMD14	0	-0.16238584215545632	1
PSMD2	0	-0.060259334365068876	1
PSMD3	0	-0.15484065711993553	1
PSMD4	0	-0.07873702120801303	1
PSMD5	0	-0.13908465041830026	1
PSMD6	0	-0.11276334542559086	1
PSMD7	1	-0.040438606662377315	2
PSMD8	0	-0.19085757314347582	0
PSMD9	1	-0.09483771723008391	2
PSME1	0	-0.06667713788838292	0
PSME2	0	-0.0803498690180711	1
PSME3	1	-0.046035117792694716	2
PSME4	1	-0.1037557937163828	2
PSMF1	0	-0.11060636599858675	1
PSMG1	0	-0.2593760985266341	0
PSMG2	0	-0.17306900464113464	1
PSMG3	0	-0.15302980591542276	1
PSMG4	0	-0.3703027602227593	0
PSPC1	0	-0.22462156441365785	0
PSPH	0	-0.17392515358548363	0
PSTPIP1	1	-0.051356215914164706	2
PSTPIP2	1	-0.04335249077729604	3
PTAR1	0	-0.27626298193839804	0
PTBP1	1	0.09987477900192847	3
PTBP2	0	-0.12414751767779582	1
PTBP3	0	-0.21459610851773112	1
PTCD3	0	-0.23051405755314539	0
PTDSS1	1	-0.0895956444319247	2
PTDSS2	1	0.07019569761460384	4
PTEN	0	-0.20180917514327007	0
PTER	1	-0.028531649451648478	2
PTGDS	0	-0.053079858437251805	1
PTGES	1	-0.06848095246897998	2
PTGES2	0	-0.1967611137240864	0
PTGES3	0	0.02105493363974873	1
PTGFRN	1	-0.031095325739027558	2
PTGIS	1	-0.033703725148641624	3
PTGR1	0	-0.06857942456273833	1
PTGR2	0	-0.09997481370837734	1
PTGS1	0	-0.09837917375021622	1
PTK2	0	-0.06793406994104369	1
PTK2B	0	-0.062151718134959025	1
PTK7	0	-0.06112473543741108	1
PTMA	1	0.07600480287229086	4
PTMS	1	0.02654529115097868	4
PTN	0	-0.19007630066055553	0
PTP4A1	0	-0.12790666426374747	0
PTP4A2	1	-0.13274351139581358	2
PTPA	1	-0.0920967416709583	2
PTPMT1	0	-0.29556205064167645	0
PTPN1	1	0.03539748649711456	3
PTPN11	0	-0.10662417409071034	1
PTPN12	1	-0.03529008056881154	3
PTPN13	0	-0.08802849020605649	1
PTPN14	0	-0.18091557826371735	0
PTPN18	0	-0.12407959886319235	0
PTPN2	0	-0.16067651396212304	0
PTPN21	0	-0.2071403880805139	0
PTPN23	1	-0.09506947228099365	2
PTPN6	0	-0.05117903027759816	0
PTPN7	0	-0.1311075534428853	0
PTPN9	0	-0.15232560754253255	0
PTPRA	0	-0.140076312647835	1
PTPRC	1	-0.0142299439816272	3
PTPRD	0	-0.17981185898498656	0
PTPRE	0	-0.17192419163039369	0
PTPRF	0	-0.4773333946835262	0
PTPRG	0	-0.10187733150757614	1
PTPRJ	1	-0.10999368947524506	2
PTPRK	0	-0.11180229860959232	1
PTPRM	0	-0.07753006651233123	1
PTPRS	0	-0.21530576544700136	0
PTRH1	0	-0.2971400569843875	0
PTRH2	0	-0.078007528450751	1
PTRHD1	1	0.0876812907608943	4
PTS	0	-0.2223609336177125	1
PTTG1IP	0	-0.09405583371238405	1
PTX3	0	-0.2097402610478251	0
PUDP	0	-0.13141630557150066	1
PUF60	1	-0.02584226572666286	3
PUM1	0	-0.12600209388444997	0
PUM2	0	-0.11694363356777018	0
PUM3	0	-0.14940126135951143	1
PURA	1	0.15616399194882563	5
PURB	1	-0.027337438589244915	2
PUS1	0	-0.10957856859396639	1
PUS10	0	-0.3185818222881269	0
PUS3	0	-0.2309637002137638	0
PUS7	0	-0.06534773934415603	0
PUS7L	0	-0.2535415058982596	1
PUSL1	0	-0.6212180139229286	0
PVALB	0	-0.27088703286641724	0
PVR	1	0.07696107709077538	3
PWP1	0	-0.06437357823099367	1
PWP2	1	-0.07869884922465856	2
PWWP2A	0	-0.2976929412796464	0
PWWP2B	0	-0.5130374832122266	0
PXDC1	0	-0.17993818461897376	0
PXDN	0	-0.12012105436711862	1
PXK	0	-0.14839433261245266	0
PXMP2	1	-0.3157367941735125	2
PXN	1	0.037856361924865065	3
PYCARD	0	-0.06312946876499702	0
PYCR1	0	-0.19891367926767148	0
PYCR2	0	-0.4919714403286096	0
PYCR3	0	-0.20745722568729907	0
PYGB	1	-0.025204019832071423	2
PYGL	0	-0.09465801286366737	0
PYGM	0	-0.07868676334129929	1
PYGO2	0	-0.24377950197199577	0
PYM1	0	-0.19629863831660121	0
PYROXD1	0	-0.17856669502386796	1
PYROXD2	0	-0.4019359109433383	0
PYURF	0	-0.12865241018019224	1
PZP	0	-0.1877813636215147	1
QDPR	0	-0.0446995033038978	1
QKI	1	-0.04853775522637076	2
QPCT	0	-0.20980944724994313	0
QPCTL	1	-0.03699852648058281	2
QPRT	0	-0.1280116808929384	0
QRICH1	1	-0.09594731818121832	2
QRSL1	0	-0.1995973771591974	0
QSER1	0	-0.21246602705796896	1
QSOX1	0	-0.09067292228172985	1
QSOX2	1	0.026223406273584392	2
QTRT1	0	-0.2685441538082317	0
QTRT2	0	-0.27884084228492734	0
R3HCC1	0	-0.20669373582961267	0
R3HCC1L	0	-0.5454120587369647	0
R3HDM1	0	-0.21192955170995625	0
R3HDM2	0	-0.3148629919106324	1
RAB10	1	0.04036174463459967	3
RAB11A	1	0.00501245361784034	3
RAB11B	1	0.01651504474345112	3
RAB11FIP1	0	-0.14649235046509854	0
RAB11FIP2	0	-0.13848505067259356	1
RAB11FIP3	0	-0.3313746622965906	0
RAB11FIP5	1	-0.009256592171817643	2
RAB12	0	-0.10742791483100007	1
RAB13	0	-0.07636512248368219	1
RAB14	1	0.004747155093280682	3
RAB18	1	0.07601587782760642	3
RAB1A	1	0.06419597221847359	3
RAB1B	1	0.03199458700157699	3
RAB20	0	-0.11839430806504556	1
RAB21	0	-0.056540047939586904	1
RAB22A	1	0.0051704630919030435	3
RAB23	1	-0.06758864070922538	2
RAB24	1	-0.00533498925463396	2
RAB27A	1	-0.166882772540531	2
RAB27B	1	-0.18220691852530574	2
RAB28	0	-0.19728668660978227	0
RAB29	1	-0.0383941871345529	2
RAB2A	1	0.047816839196165535	4
RAB2B	1	0.0033213847867506773	2
RAB30	0	-0.2446704325139152	1
RAB31	0	-0.12304435887178569	1
RAB32	1	-0.04508002474855714	2
RAB33B	1	-0.20252191961904514	3
RAB34	1	-0.12235093472537821	2
RAB35	1	-0.12143735131478221	3
RAB36	0	-0.48003754656464254	0
RAB3D	1	-0.03603201135229798	2
RAB3GAP1	0	-0.251496255865523	0
RAB3GAP2	0	-0.16283941533707938	0
RAB3IL1	1	-0.05514454724522361	2
RAB3IP	0	-0.1843011960652323	0
RAB43	1	-0.08746831568956666	2
RAB4A	1	0.0377542145530254	4
RAB4B	1	0.049386654967728275	3
RAB5A	1	0.053073507171517806	4
RAB5B	1	0.07523531295968049	3
RAB5C	1	0.04833193837546449	3
RAB5IF	0	-0.1728806876143972	1
RAB6A	1	-0.0059983509243481045	2
RAB6B	1	0.02590970163133214	3
RAB7A	0	-0.13490358491328844	1
RAB8A	1	-0.04039030413098308	3
RAB8B	0	-0.10482031611889675	1
RAB9A	0	-0.0560827465967354	1
RABAC1	1	-0.008961829404555432	3
RABEP1	1	-0.01772457221882142	2
RABEP2	1	-0.19041259011859157	2
RABEPK	0	-0.14813980534806387	1
RABGAP1	0	-0.09871410037686644	0
RABGAP1L	0	-0.15522511003991465	0
RABGEF1	1	-0.10352305936587189	2
RABGGTA	0	-0.25577418894851955	1
RABGGTB	0	-0.3241542555462268	0
RABIF	0	-0.19719463075347105	0
RABL3	0	-0.1974169538474788	0
RABL6	1	-0.12328463407366919	2
RAC1	1	0.007183024968986362	2
RAC2	1	-0.010826724522692222	2
RACGAP1	0	-0.417163382904486	0
RACK1	1	0.028476378919448188	2
RAD1	0	-0.6131594512950129	0
RAD17	0	-0.3583611275111937	0
RAD21	1	0.05743316743115079	2
RAD23A	1	-0.028865458259489513	3
RAD23B	0	-0.06886650694795973	1
RAD50	0	-0.2729749886598421	0
RAD54L2	0	-0.2324214391878563	0
RAD9A	0	-0.27774336176239256	0
RAE1	0	-0.09321890569466271	1
RAF1	0	-0.20807969383750918	1
RAI1	0	-0.25316790666761546	0
RAI14	1	0.0763581477568279	4
RALA	1	0.04753906095686966	2
RALB	1	0.06801698315697342	3
RALBP1	0	-0.14512264265486902	1
RALGAPA1	0	-0.1415578637438775	0
RALGAPA2	0	0.001570952615472121	1
RALGAPB	0	-0.14412485620994303	1
RALGPS2	0	-0.21913971497060442	0
RALY	0	-0.11034173968873595	0
RAMAC	0	-0.08735368388987437	1
RAN	1	-0.02318356794668574	3
RANBP1	1	-0.12630564620916612	2
RANBP10	0	-0.14066661940741937	0
RANBP2	1	0.005085004730072007	2
RANBP3	1	-0.10759320387545386	2
RANBP6	0	-0.21884318323958046	1
RANBP9	1	-0.1395946415726108	2
RANGAP1	0	-0.1719077518347478	0
RANGRF	0	-0.3826729088489834	0
RAP1A	1	0.014101978240176598	3
RAP1B	1	0.036664318356372905	4
RAP1GAP	0	-0.11009379216184859	0
RAP1GAP2	0	-0.10775186012782198	0
RAP1GDS1	0	-0.17121228094140314	0
RAP2A	1	0.18132926733551102	4
RAP2B	1	-0.002444883481903698	2
RAP2C	1	0.11131331965697308	3
RAPGEF1	0	-0.1738921785438711	1
RAPGEF2	0	-0.17609336243359558	0
RAPGEF6	0	-0.1336112787551459	0
RAPH1	1	-0.054434170550083615	2
RARA	0	-0.1746038923437267	1
RARRES2	0	-0.08100433553485809	1
RARS2	0	-0.2037813549450414	0
RASA1	0	-0.19264480188324667	0
RASA2	0	-0.0856453906168637	1
RASA3	0	-0.08874903683793248	1
RASA4	0	-0.11303263998117648	1
RASAL1	0	-0.09419586161462022	0
RASAL2	0	-0.12042386328985377	0
RASAL3	1	-0.01293390503850344	2
RASGRP2	0	-0.22674121291981578	0
RASIP1	0	-0.1395800349599968	0
RASL12	0	-0.2640180022534279	0
RASSF2	0	-0.21534563439261917	0
RASSF4	0	-0.15001920523242748	1
RASSF5	0	-0.17818023576225847	0
RASSF8	0	-0.15014125085283686	0
RAVER1	0	-0.23737266602436358	0
RAVER2	0	-0.20752002607596226	0
RB1	0	-0.15111112426318865	0
RB1CC1	0	-0.1946030538506685	1
RBBP4	1	-0.018597014889120182	2
RBBP5	1	-0.05191179021226842	2
RBBP6	1	-0.048667048553050526	2
RBBP7	1	0.022248643304292364	4
RBBP9	1	-0.041925511133234256	2
RBCK1	0	-0.11195971209688035	1
RBFA	0	-0.31319172785211497	0
RBFOX2	1	-0.08004682341534884	2
RBKS	0	-0.034749861408962086	1
RBL2	0	-0.14159081081711475	1
RBM10	0	-0.13600961768919442	1
RBM12	1	0.05264957885360979	3
RBM12B	0	-0.20058872780806974	0
RBM14	1	0.045416603594543345	2
RBM15	1	-0.06785411225490948	2
RBM15B	0	-0.08070386182457884	1
RBM17	0	-0.10885886421203583	0
RBM18	0	-0.2712032314919021	0
RBM19	1	-0.011949721990707842	2
RBM22	1	-0.04210762295744534	3
RBM23	0	-0.13720700306111724	1
RBM25	1	0.0325044246707988	2
RBM26	1	-0.03623043950937126	2
RBM27	0	-0.0555986680182744	1
RBM28	0	-0.1761885997415813	1
RBM3	0	-0.10973732065424828	1
RBM33	0	-0.10942645403251379	1
RBM34	0	-0.18526160203399825	1
RBM39	0	-0.07973739461983513	1
RBM42	1	-0.11491230925121769	2
RBM45	0	-0.15859288953202944	1
RBM47	0	-0.0851069401375073	1
RBM4B	1	-0.0273117856659086	2
RBM5	0	-0.12291454463608573	0
RBM6	0	-0.1515517413913857	0
RBM7	1	-0.05152588642992158	2
RBM8A	1	0.016443228459598634	2
RBMS1	0	-0.07583528429439505	1
RBMS2	0	-0.11065730941332079	0
RBMS3	0	-0.09800153714378473	1
RBMX	1	-0.06357994093564848	2
RBMX2	0	-0.2537561318771998	0
RBMXL1	1	-0.04633780989436724	2
RBP1	0	-0.08432173603224898	0
RBP4	0	-0.11354043731491663	1
RBP7	0	-0.08851997955508131	0
RBPJ	1	-0.09480469706148484	2
RBPMS	0	-0.10052653355236252	0
RBSN	1	0.04451756181690078	4
RBX1	0	-0.15772514020281697	1
RC3H1	0	-0.24115856088614188	0
RC3H2	0	-0.21306785334763645	1
RCAN1	0	-0.4139954309154577	0
RCBTB2	0	-0.148576139619963	0
RCC1	1	-0.04024082085317352	2
RCC1L	0	-0.2101255042993274	0
RCC2	1	-0.038099029441518516	2
RCCD1	0	-0.4001560688410736	0
RCHY1	1	-0.07541577291717647	2
RCL1	0	-0.09307421767252715	1
RCN1	0	-0.11302554913289542	0
RCN2	0	-0.18316705131821748	0
RCN3	0	-0.07040238574882214	0
RCOR1	0	-0.10586448011066166	1
RCOR3	1	-0.05173608203300299	2
RCSD1	0	-0.030848455175335642	1
RDH10	0	-0.15445830722043336	0
RDH11	1	0.0477312827534802	2
RDH13	0	-0.1293713762671074	1
RDH14	1	-0.0018772167477087043	3
RDX	1	-0.050420749158674186	2
RECK	0	-0.2265890587857092	0
RECQL	0	-0.0841490336716275	1
RECQL5	0	-0.08646364411714721	1
REEP3	0	-0.11903339511071667	0
REEP4	1	-0.04208467138790865	2
REEP5	1	-0.05522112801297878	2
REEP6	1	-0.04176833604373204	2
REL	0	-0.04700896618944832	1
RELA	0	-0.12099981184696666	1
RELB	0	-0.11433338141941571	0
RELCH	1	-0.09749806709426243	2
RELL1	0	-0.22070116137174933	0
RENBP	0	-0.11320194311283634	1
REPIN1	0	-0.2005762924891373	1
REPS1	0	-0.1382488018497638	1
REPS2	0	-0.08026880140199816	0
RER1	1	0.039701716505695	2
RERE	0	-0.3420943958560515	0
RETN	0	-0.14615471126014629	1
RETREG2	0	-0.16501780637798782	1
RETREG3	1	-0.022573835173577677	2
RETSAT	1	0.09147587470604399	2
REXO2	0	-0.053976807386046335	1
REXO4	1	-0.09866350394219545	2
RFC1	1	0.03965641187247464	4
RFC2	0	-0.1572460525865352	0
RFC3	1	-0.02342674317513166	2
RFC4	0	-0.052410488692158565	1
RFC5	0	-0.03498308736572738	1
RFESD	0	-0.40451816704093596	0
RFFL	0	-0.29712687166612217	1
RFK	0	-0.12698458022517975	0
RFLNB	0	-0.24585955971568402	0
RFT1	1	0.07376766265732464	2
RFTN1	0	-0.0618394569718131	1
RFX1	0	-0.10399522160664913	1
RFX3	0	-0.23157601330271027	0
RFX5	0	-0.07485737691914876	1
RFX7	0	-0.3072801389218147	1
RFXANK	0	-0.2593639128069582	0
RFXAP	0	-0.3787748415942643	0
RGCC	0	-0.23519801433636206	0
RGL2	0	-0.12696754539893026	1
RGN	1	-0.022733872316332983	2
RGP1	0	-0.2937331497069734	0
RGS10	0	-0.0953913133973999	0
RGS12	0	-0.06809505508331092	1
RGS14	0	-0.3950128977408859	0
RGS19	1	-0.06590014353393904	2
RGS3	0	-0.14227635410937034	1
RHBDD1	1	-0.20694949191659645	2
RHBDD2	1	-0.02260175116911607	3
RHBDD3	1	-0.03343790014042451	3
RHBDF1	0	-0.1737029407647272	0
RHBDF2	0	-0.06626198864556114	1
RHCE	0	-0.11842491375682869	1
RHEB	0	-0.08334900271758798	1
RHOA	0	-0.0613060369405576	1
RHOB	1	-0.09116813889186176	2
RHOC	0	-0.11971858490463819	1
RHOF	1	0.013335909127836798	3
RHOG	0	-0.10935387564170332	1
RHOQ	1	0.08314782671219076	3
RHOT1	1	-0.016561208483777574	3
RHOT2	1	0.09347872981960755	3
RHPN2	0	-0.07602190390004222	1
RIC1	0	-0.3400149669708107	0
RIC8A	0	-0.19852888485232906	0
RIC8B	0	-0.3530309299592836	0
RICTOR	0	-0.14437047534802053	0
RIDA	0	-0.041522298374514266	1
RIF1	1	0.02655616507059636	3
RILP	0	-0.1338225340181099	1
RILPL1	0	-0.10605947036700121	1
RILPL2	0	-0.26287305716632325	0
RIN1	0	-0.1917877755205704	0
RIN2	0	-0.20185561726828444	0
RIN3	1	-0.04773474641433763	2
RING1	1	-0.05650837564144349	3
RINT1	0	-0.24593416444116878	1
RIOK1	0	-0.17788030810062933	0
RIOK2	0	-0.22690751351206928	0
RIOK3	0	-0.3338828599966637	0
RIOX1	0	-0.28248970374089727	0
RIOX2	0	-0.23068914721047848	1
RIPK1	0	-0.13156817022295628	1
RIPK2	0	-0.13092778103766073	0
RIPK3	0	-0.15735488634663347	0
RIPOR1	1	0.002575866473138477	2
RIPOR2	0	-0.30981557156439427	0
RIT1	0	-0.1395577513199985	1
RMC1	0	-0.14815965947809723	1
RMDN1	0	-0.06385752903505679	1
RMDN2	0	-0.03012242753637622	1
RMDN3	1	-0.061653826408723925	2
RMND1	0	-0.1355213149906513	0
RMND5A	0	-0.2250390433075477	0
RNASE1	0	-0.10781040701510543	1
RNASE2	0	-0.29560270316024173	1
RNASE3	0	-0.12350089639995661	1
RNASE4	1	0.006257114746033038	2
RNASE6	0	-0.13344635437562413	1
RNASEH2A	1	0.0014874058579691818	2
RNASEH2B	0	-0.0818636536660765	1
RNASEH2C	1	0.010072481808649222	2
RNASEL	0	-0.14331083500665764	0
RNASET2	0	-0.028820824038377345	1
RND3	0	-0.3771629255344171	0
RNF10	0	-0.5569572358599046	0
RNF11	0	-1.0508325435716686	0
RNF113A	0	-0.15403512580117873	0
RNF114	0	-0.1857745577408081	0
RNF115	0	-0.20232224605948096	1
RNF121	1	-0.024817188309472483	2
RNF123	1	-0.09297251439591989	2
RNF126	1	-0.12345340142769752	2
RNF13	0	-0.20102305268474407	0
RNF135	0	-0.2810270446361517	0
RNF14	0	-0.17578196046486022	0
RNF141	0	-0.43608971799311513	0
RNF146	0	-0.1646016909437235	0
RNF149	0	-0.5469550825228456	0
RNF166	0	-0.5087564206164298	0
RNF167	0	-0.23644778854625764	1
RNF169	0	-0.27906855005956194	0
RNF170	1	0.041241088934031916	2
RNF181	0	-0.19727713460851978	1
RNF185	0	-0.2261681768596167	1
RNF2	0	-0.08153812821642689	1
RNF20	0	-0.040915811525793676	1
RNF213	1	0.0472655629239721	3
RNF214	0	-0.16095162838164428	1
RNF216	0	-0.5904922852353144	1
RNF220	0	-0.19967637490511936	1
RNF25	0	-0.2779068906727539	0
RNF31	0	-0.18203946630419623	1
RNF34	0	-0.4029497084873296	0
RNF40	0	-0.10749927236060026	0
RNF41	0	-0.1228040689477919	0
RNF5	1	-0.08165139453644273	2
RNF7	0	-0.07360584169353358	0
RNGTT	0	-0.1355302361499752	0
RNH1	0	-0.04763688621393014	1
RNLS	0	-0.19844940608520728	1
RNMT	1	-0.02357964210735238	2
RNPC3	0	-0.37271491522393346	0
RNPEP	1	-0.11963895336855712	2
RNPS1	0	-0.19720335694056512	0
ROBO1	0	-0.17931944330706107	0
ROCK1	1	-0.012096394915582476	2
ROCK2	1	0.03190518397587616	4
ROGDI	0	-0.21630395867134405	0
ROMO1	0	-0.21997044071323776	0
ROR1	0	-0.26242912221546194	0
RP2	0	0.0033323974892753793	1
RP9	0	-0.2591859849221839	0
RPA1	1	-0.07426533570844837	2
RPA2	0	-0.15842631896223303	0
RPA3	0	-0.041174023878509255	0
RPAIN	0	-0.14323280189623405	0
RPAP1	0	-0.31038096897750767	0
RPAP2	0	-0.21555354202056246	0
RPAP3	0	-0.13827745404917885	1
RPE	0	-0.13324732327679933	1
RPF1	0	-0.3170194834430912	0
RPF2	1	-0.06521475794304099	3
RPIA	0	-0.08284398199636796	1
RPL10	1	0.03644610561851587	3
RPL10A	0	-0.015440403030282568	1
RPL11	1	-0.015585685306390701	2
RPL12	1	-0.07094668369740371	2
RPL13	1	-0.12203258164447103	2
RPL13A	1	-0.08535160125897276	2
RPL14	0	-0.12918362505339806	1
RPL15	0	-0.1406325370955392	1
RPL17	1	-0.0856521120516889	2
RPL18	0	-0.1117172169806627	1
RPL18A	1	0.07452849861223712	3
RPL19	0	-0.3772032725387854	0
RPL21	1	-0.03907102789887702	2
RPL22	1	-0.11428046164051064	2
RPL22L1	0	-0.21954831743363568	0
RPL23	0	-0.2379103931877539	1
RPL23A	0	-0.1938077725965861	0
RPL24	0	-0.21898790594875844	0
RPL26	1	-0.08124148824412022	2
RPL26L1	0	-0.17691395698059184	1
RPL27	1	-0.1294066902077176	2
RPL27A	1	-0.03781589104325819	3
RPL28	1	-0.0566006650245918	2
RPL29	0	-0.25620995452884	0
RPL3	1	-0.10423724507985747	2
RPL30	1	0.033821668634854515	3
RPL31	1	-0.16709922760677964	2
RPL32	0	-0.17068542264013647	0
RPL34	0	-0.23862325117276248	1
RPL35	0	-0.40839119513235955	0
RPL35A	0	-0.035138131688057746	1
RPL36	0	-0.23654634112377115	0
RPL37	0	-0.18432682179618878	1
RPL37A	0	-0.2380644415228263	0
RPL38	1	-0.057909887081042666	2
RPL39	0	-0.18684037344086843	1
RPL4	1	-0.12087321710145527	2
RPL5	1	-0.18347683259844028	2
RPL6	1	-0.1214919382623491	2
RPL7	0	-0.1734440843058241	1
RPL7A	0	-0.11786482931927507	1
RPL7L1	0	-0.2597018046553891	0
RPL8	0	-0.1532677906882925	1
RPL9	1	0.0442325650764311	3
RPLP0	1	0.0807790523232069	4
RPLP1	1	0.024561795734625934	3
RPLP2	1	0.052183100309710385	3
RPN1	1	0.14689579107074077	4
RPN2	1	0.1585648623340593	4
RPP14	0	-0.2535306774202636	0
RPP21	0	-0.21145386224368917	1
RPP25	0	-0.1886159755569028	1
RPP25L	0	-0.13169361569766466	0
RPP30	1	-0.162922580625455	3
RPP38	0	-0.2221150787564075	1
RPP40	0	-0.23481742429757277	0
RPRD1A	0	-0.09378734575169068	1
RPRD1B	0	-0.10676165285727979	0
RPRD2	0	-0.08235984043781651	1
RPS10	1	0.009676878885080703	2
RPS11	1	-0.07259640596737267	2
RPS12	1	0.06845691777562125	3
RPS13	1	0.06843183688629986	3
RPS14	0	-0.2538326619122079	1
RPS15	1	0.04433312796487519	2
RPS15A	1	-0.06025176090339104	2
RPS16	1	-0.030775442215573774	2
RPS17	1	0.006058682300366415	2
RPS18	1	-0.003703793070179107	2
RPS19	0	-0.033791607075889234	1
RPS19BP1	0	-0.22677369025862704	1
RPS2	0	0.011647341150978147	1
RPS20	0	-0.19569313056356516	0
RPS21	0	-0.010150400509343344	1
RPS23	0	-0.3822892986092654	0
RPS24	1	-0.0375959258121879	2
RPS25	1	-0.013681844369463441	3
RPS26	1	0.10099160185997216	2
RPS27A	1	0.029477587797047233	4
RPS28	1	0.01331719683843946	2
RPS29	1	-0.017453503726887715	3
RPS3	1	-5.82437782736811e-05	2
RPS3A	0	0.0255736847576087	1
RPS4X	1	0.008527366465968179	2
RPS5	1	-0.013567157909547989	3
RPS6	0	-0.12406929028792432	1
RPS6KA1	0	-0.1103718856558397	1
RPS6KA3	1	-0.14524442199058063	2
RPS6KA4	1	0.022163215124643438	2
RPS6KA5	1	-0.06614442604101337	2
RPS6KB1	0	-0.25061495677916723	0
RPS6KB2	0	-0.1507738782678781	0
RPS6KC1	1	-0.04352919362814793	2
RPS7	1	0.09347852569128443	4
RPS8	0	-0.054474218107215644	1
RPS9	1	0.01565940132857321	3
RPSA	1	0.042523369988027936	2
RPTOR	1	-0.0899555424055832	2
RPUSD2	0	-0.12107973982907747	1
RPUSD4	0	-0.39500037446532926	0
RRAD	0	-0.1301331027969846	0
RRAGA	0	-0.08955670711591038	1
RRAGC	1	-0.00391954681123644	2
RRAS	1	-0.10211523905907036	2
RRAS2	0	-0.1275324220122173	1
RRBP1	1	-0.013005703115390399	2
RREB1	1	0.0068964945340167175	2
RRM1	1	-0.014125781339336018	3
RRM2	0	-0.04102947003962955	1
RRM2B	1	-0.058523698763454944	2
RRN3	0	-0.30565361740377583	0
RRP1	1	-0.024440515168195218	3
RRP12	1	-0.006315051959156261	3
RRP15	1	-0.0019551105928709974	3
RRP1B	1	-0.06760447427734059	3
RRP36	0	-0.2827317371793335	0
RRP7A	0	-0.1255263636454524	1
RRP8	1	-0.06114318271848882	2
RRP9	1	-0.04867906266363282	2
RRS1	0	-0.18783855443876038	0
RSBN1	0	-0.1985210365890986	0
RSBN1L	0	-0.11937657884528911	1
RSF1	0	-0.05028148500210857	1
RSL1D1	1	-0.10457178918468105	2
RSL24D1	0	-0.5984632590950175	0
RSPRY1	0	-0.2397564988678115	0
RSRC1	0	-0.09800261122154563	1
RSRC2	1	-0.044682879539740435	2
RSU1	1	0.11201998832837334	4
RTCA	0	-0.1889085705767152	0
RTCB	1	-0.10448302037961502	2
RTF1	0	-0.04024537529694958	1
RTF2	0	-0.10025526246896121	1
RTKN	0	-0.19165392024150835	0
RTL8C	0	-0.26061145578154093	0
RTN1	0	-0.029389366365624836	1
RTN2	0	-0.361227403541848	0
RTN3	1	-0.0983735928619393	2
RTN4	1	0.058078043460677645	2
RTN4IP1	0	-0.1111556201365824	1
RTRAF	0	-0.18594194770677147	1
RUBCN	0	-0.25684733918572084	0
RUFY1	0	-0.047926336010312334	1
RUFY2	1	-0.01781100642883812	2
RUFY3	1	-0.031125559455259678	2
RUNDC1	0	-0.4199750813520141	1
RUNX1	0	-0.06027041284407699	1
RUSC1	0	-0.8723389990697955	0
RUVBL1	1	-0.03957744691659144	2
RUVBL2	0	-0.0906556062922984	0
RWDD1	0	-0.16959793439329737	0
RWDD2B	0	-0.29941982829391384	0
RWDD3	0	-1.0776124670317624	0
RWDD4	0	-0.24468052331561604	0
RXRA	0	-0.12863028291684034	1
RXRB	0	-0.2782934200352898	0
RYBP	0	-0.18593681410731117	0
S100A1	1	-0.29352435462210946	2
S100A10	0	-0.04206065868965793	1
S100A11	0	-0.1328751533270556	0
S100A12	1	-0.10283008938104218	2
S100A13	0	-0.10065514405570156	0
S100A16	0	-0.1765713690558516	0
S100A2	0	-0.14979094639058313	0
S100A3	0	-0.19135703284760336	1
S100A4	0	-0.11788011905061158	1
S100A6	1	-0.039238533808072816	2
S100A8	1	-0.06394715250828358	2
S100A9	1	-0.008392935517132428	2
S100B	0	-0.036698131011784464	1
S100P	0	-0.15940030119035958	0
SAA1	0	-0.33307230340802313	0
SAA2-SAA4	0	-0.31637330012157266	1
SAAL1	1	-0.11653437484034561	2
SACM1L	1	0.08716754754909176	3
SACS	0	-0.27853706120007093	0
SAE1	0	-0.056125502966317645	1
SAFB	0	-0.054936617316075055	1
SAFB2	0	-0.1016216232763274	1
SAMD1	0	-0.3398431469369417	0
SAMD12	0	-0.3075280698565657	0
SAMD4A	0	-0.1784827047471405	0
SAMD4B	0	-0.14827550153618332	0
SAMD9	0	-0.10532911913790621	0
SAMD9L	0	-0.08863419886641857	0
SAMHD1	1	-0.016598638703348177	2
SAMM50	1	-0.01887723738512172	2
SAMSN1	1	-0.046232398979509835	2
SAP130	1	-0.036916582136473496	3
SAP18	1	0.14110077035583524	4
SAP30	1	-0.11100098547392687	2
SAP30BP	0	-0.0675038693111544	1
SAP30L	0	-0.11405735405313369	1
SAR1A	0	-0.1825151316118522	0
SAR1B	0	-0.08547193307615393	1
SARAF	0	-0.056784112715022074	1
SARDH	0	-0.07377007553979571	0
SARM1	1	0.0066396572096521726	2
SARNP	1	0.036540748796489234	3
SARS2	0	-0.13242397132428158	0
SART1	1	0.07901550875697946	4
SART3	0	-0.06840610208765083	1
SASH1	0	-0.16828030265849206	0
SASH3	0	-0.08796207953457544	1
SAT2	0	-0.3136770796976437	0
SAV1	0	-0.3125251838751444	0
SAYSD1	0	-0.157955414664888	1
SBDS	0	-0.07360887257314627	1
SBF1	1	-0.0021642474646563605	3
SBF2	1	-0.06600070320441223	3
SBNO1	0	-0.06156181278763628	0
SBSPON	1	-0.01059979449066362	2
SC5D	0	-0.41174408074343616	0
SCAF1	0	-0.20053694455039578	1
SCAF11	0	-0.1896288918413263	0
SCAF4	0	-0.045215441230840175	1
SCAF8	0	-0.1232120078941215	0
SCAI	1	-0.11052035299737048	2
SCAMP1	1	-0.056263325662333316	2
SCAMP2	0	-0.058126022300405866	1
SCAMP3	1	-0.05020420790137681	2
SCAMP4	1	-0.08028090612107686	2
SCAPER	0	-0.18269330320655366	0
SCARB1	1	-0.07446732509627718	2
SCARB2	0	-0.031809697753092205	1
SCARF1	0	-0.18521260518527688	1
SCARF2	0	-0.38075187888761236	0
SCCPDH	0	-0.0811413925426637	0
SCD	1	0.010827025798339742	2
SCD5	0	-0.07506256318631824	1
SCFD1	0	-0.18678583530725948	1
SCFD2	0	-0.3356945916340553	0
SCIN	0	-0.05640925041484066	0
SCLY	1	0.06316054111828037	2
SCO1	1	0.025916794036137634	3
SCO2	1	-0.10360581447734096	2
SCOC	0	-0.20623735364757598	1
SCP2	0	-0.07522288700412906	1
SCPEP1	0	-0.21217079380683374	0
SCRIB	1	-0.05138294778401266	2
SCRN1	1	0.009742849110159602	2
SCRN2	1	0.006548391777475624	2
SCRN3	0	-0.16306405661164847	1
SCUBE3	0	-0.14662755738228422	0
SCYL1	0	-0.21504707741730758	0
SCYL2	0	-0.042984258662134	1
SCYL3	0	-0.13039847646278918	1
SDAD1	0	-0.14851388903847584	1
SDC1	1	-0.02130460287253524	2
SDC2	0	-0.07808950078786277	1
SDC4	1	-0.09775809822936074	2
SDCBP	0	-0.1928136380897117	1
SDCCAG8	0	-0.12401508328950232	1
SDE2	0	-0.15701714891558546	0
SDF2	0	-0.1360378815151283	1
SDF2L1	0	-0.13288639318994272	0
SDF4	0	-0.19034692170023546	1
SDHA	0	-0.2607686951482823	0
SDHAF2	0	-0.27777272169271244	0
SDHAF3	0	-0.24839424899004472	0
SDHAF4	0	-0.24804151252775783	0
SDHB	0	-0.2717486692491378	0
SDHC	0	-0.2931134909484285	0
SDK1	0	-0.21877358299007268	0
SDR39U1	0	-0.10886972211386536	0
SDS	0	-0.1552032194724112	0
SDSL	0	-0.21776961999755345	0
SEC11A	1	0.14393775314984456	4
SEC11C	0	-0.11258865127267052	0
SEC13	1	-0.07612298987349028	3
SEC14L1	1	-0.07755701560331155	2
SEC14L2	0	-0.059758521526510525	0
SEC14L4	0	-0.3187363532266072	1
SEC16A	0	-0.29514666793195116	0
SEC22A	1	-0.020708706590002002	3
SEC22B	1	0.06451624000393028	3
SEC23A	1	-0.054277525072397394	2
SEC23B	1	-0.11400552577192895	2
SEC23IP	1	0.008356148250262718	2
SEC24A	0	-0.11503591402603186	1
SEC24B	0	-0.2259213987873983	0
SEC24C	0	-0.17344589147243236	0
SEC24D	0	-0.09409869965909087	1
SEC31A	0	-0.08067736884522023	1
SEC61A1	1	0.14105843579920455	4
SEC61B	1	-0.004085031332268463	2
SEC61G	0	-0.3101151587348319	0
SEC62	1	0.07762836608935307	3
SEC63	1	0.16180000910065415	4
SECISBP2	0	-0.322549657233084	0
SECISBP2L	0	-0.2584174414055	0
SEH1L	1	-0.026015993994917407	3
SEL1L	1	0.1091188122263798	3
SELENBP1	1	0.042049462508767586	2
SELENOF	0	-0.27715084597986767	0
SELENOH	0	-0.22295960469574783	1
SELENOK	1	-0.08037177483686968	2
SELENOM	0	-0.06275383729960202	0
SELENON	0	-0.411136393763223	1
SELENOO	0	-0.1055752571825834	1
SELENOP	0	-0.17632479388966044	1
SELENOS	1	-0.009413435476034343	2
SELENOT	1	-0.10577589207203072	2
SELENOW	1	-0.10241876022939858	2
SELL	0	-0.08492555565442608	1
SELP	0	-0.1721380773354623	0
SEMA3B	0	-0.2365570899237103	0
SEMA3C	0	-0.153088553769436	0
SEMA4A	0	-0.06738418667011598	1
SEMA4B	1	-0.0042353546455453596	2
SEMA4C	0	-0.18082071752655893	1
SEMA4D	0	-0.19197429181751655	0
SEMA7A	0	-0.14624065788973664	0
SENP1	0	-0.25692958068825134	0
SENP2	0	-0.4476104683537308	0
SENP3	0	-0.1675321483229944	1
SENP6	0	-0.25358868264673656	0
SENP7	0	-0.20617538263267443	0
SENP8	0	-0.1739260847339153	1
SEPHS1	0	-0.07103563429731766	1
SEPHS2	0	-0.15662744847297763	1
SEPSECS	0	-0.14181398194023406	1
SERAC1	0	-0.28361033484861536	0
SERBP1	1	-0.08464140885365698	2
SERF2	0	-0.16585975896027244	0
SERGEF	0	-0.25150040427434883	0
SERINC1	0	-0.008653923498026541	1
SERINC3	1	0.023067802250385062	2
SERPINA1	0	-0.13368304001559214	1
SERPINA10	0	-0.1544772346973109	1
SERPINA3	0	-0.18089209346780658	1
SERPINA4	1	-0.04107647744656174	3
SERPINA5	1	0.04585412942167703	3
SERPINA6	1	-0.03718549350573765	2
SERPINA7	1	-0.0746291622801957	2
SERPINB1	0	-0.0809963423472498	1
SERPINB10	1	-0.06625824559914217	2
SERPINB6	0	-0.0547630573511297	1
SERPINB8	0	-0.1471833017912765	1
SERPINB9	0	-0.08193782627611529	1
SERPINC1	1	-0.045534911872288975	3
SERPIND1	0	-0.21446758074068298	1
SERPINE2	1	0.01480198329341496	2
SERPINF1	1	-0.015680121200197097	3
SERPINF2	0	-0.051846583478734595	1
SERPING1	0	-0.10410297013683775	1
SERPINH1	1	-0.038230890734750514	2
SERPINI1	0	-0.16827139606757163	0
SESN1	0	-0.3322659118546828	1
SESTD1	0	-0.16673640104878135	0
SET	1	-0.054224488728261876	2
SETD1A	1	-0.09574407927916899	2
SETD1B	0	-0.2282149490293926	1
SETD2	0	-0.25656589425936693	0
SETD3	0	-0.17023178483069384	0
SETD7	0	-0.017066512005618557	1
SETDB1	0	-0.0956525106136743	0
SETMAR	1	0.003758056728663661	3
SETX	0	-0.20676996705440837	0
SEZ6L2	0	-0.1509200552023963	0
SF1	1	-0.004606691654639322	2
SF3A1	1	0.09418866720983522	4
SF3A2	1	-0.06637978515319214	2
SF3A3	1	0.0023667557257049136	2
SF3B1	1	0.0373494025558407	2
SF3B2	0	-0.0307444343431236	1
SF3B3	1	0.0004178848523434406	3
SF3B4	1	-0.014628816665404437	2
SF3B5	1	0.00041888338178778237	3
SF3B6	1	-0.019259091969650578	2
SFN	0	-0.09021123724293413	1
SFPQ	1	0.0627044020228014	2
SFRP1	0	-0.28876928803536644	1
SFRP2	0	-0.32046267367980735	1
SFRP4	1	-0.06550623638802935	2
SFSWAP	0	-0.14161143577176571	1
SFT2D3	1	-0.0403429596278092	3
SFXN1	0	-0.14678470752919653	0
SFXN2	1	-0.14891699434753833	2
SFXN3	0	-0.18256479102002482	0
SFXN4	0	-0.2008675870670627	0
SFXN5	0	-0.19581404345674636	0
SGCB	0	-1.0009471061632347	0
SGCD	0	-0.12323383090995396	0
SGCE	1	-0.13608994880934971	2
SGF29	0	-0.24090865740848058	0
SGK3	0	-0.2484849907266135	0
SGPL1	1	0.1821166818092019	4
SGPP1	0	-0.06851640330465766	1
SGSH	1	-0.1338302325243465	2
SGSM3	1	-0.05912041371902156	2
SGTA	0	-0.11838812906517013	1
SGTB	0	-0.0831415926441175	1
SH2B1	0	-0.10587679899252478	0
SH2D3C	0	-0.42283743003618934	0
SH2D4A	0	-0.0734028664542568	0
SH3BGRL	1	0.029024738592089837	3
SH3BGRL2	1	0.00904799695586728	2
SH3BGRL3	1	-0.010955800154950856	2
SH3BP1	0	-0.09723784690164425	1
SH3BP2	0	-0.11629224040631252	1
SH3BP4	0	-0.07041254859390127	1
SH3BP5	0	-0.1547249532506263	0
SH3BP5L	0	-0.19570660876745488	1
SH3D19	1	0.038533017345046036	4
SH3GL1	1	-0.1280925298498603	2
SH3GL2	0	-0.12843010821057063	0
SH3GLB1	0	-0.06634031172385868	1
SH3GLB2	1	-0.007927656502197173	2
SH3KBP1	0	-0.066556737226296	0
SH3PXD2A	1	-0.036454972891771464	2
SH3PXD2B	1	-0.007997588458093462	2
SH3RF1	0	-0.21044342364654983	0
SH3RF3	0	-0.2101104048727942	1
SH3TC1	0	-0.28345492324753135	0
SHANK2	0	-0.11595548807541678	0
SHANK3	0	-0.02553074528797212	1
SHARPIN	0	-0.23937895225950895	0
SHB	0	-0.20791293337440084	0
SHBG	0	-0.06678655851025912	1
SHC1	0	-0.1178640612291018	0
SHF	0	-0.42712866224729706	0
SHKBP1	0	-0.3048203786677456	0
SHMT1	0	-0.07413573299624107	0
SHMT2	0	-0.07276182956383895	0
SHOC2	0	-0.16075306415410512	0
SHPK	0	-0.12566192702282405	1
SHROOM1	0	-0.40097494714890597	0
SHROOM2	0	-0.11193129482198112	0
SHROOM3	0	-0.095956935942019	0
SHROOM4	0	-0.0943396560638782	1
SHTN1	0	-0.0489475380508099	1
SIAE	0	-0.10552769966955669	0
SIAH1	0	-0.32858840128253103	0
SIDT2	0	-0.19456310999655774	1
SIGLEC1	0	-0.11793532525774401	1
SIGMAR1	0	-0.51680760364778	0
SIK2	0	-0.19029315190521462	1
SIK3	0	-0.22986746755089235	1
SIKE1	0	-0.09638753480739312	1
SIL1	0	-0.11774955941248347	1
SIN3A	1	0.03841910604383934	2
SIN3B	1	-0.12778718041808043	2
SIPA1	1	0.026441356273544252	3
SIPA1L1	0	-0.10329223260775455	0
SIPA1L2	0	-0.09223905832765347	0
SIPA1L3	0	-0.10839941596134843	1
SIRPA	0	-0.04358322432893938	1
SIRT1	0	-0.15994358795257296	0
SIRT2	1	-0.059283806944145825	2
SIRT3	0	-0.09029915123111006	1
SIRT5	0	-0.10508043658184323	1
SIRT6	0	-0.2059532002127289	1
SKAP2	1	0.006400903839304023	3
SKIV2L	0	-0.3160954965872761	0
SKP1	0	-0.24027587960671343	1
SLAIN2	0	-0.24292002790913925	0
SLC12A2	0	-0.1381846876124897	1
SLC12A4	1	0.0038212396242423953	3
SLC12A6	1	0.004940014846574842	3
SLC12A7	1	0.09114809028501482	3
SLC12A9	1	-0.058872415406777436	2
SLC15A4	0	-0.11081688388065598	1
SLC16A1	1	-0.08839435393847274	2
SLC16A3	0	0.021531970264228085	1
SLC17A5	0	-0.08147785391855172	1
SLC19A1	0	-0.4541061120995867	0
SLC1A4	0	-0.10594593117494373	1
SLC1A5	1	0.010187358583800363	2
SLC20A2	0	-0.26526764952107257	1
SLC22A18	0	-0.07704172415591146	1
SLC25A1	1	-0.0018852578214287124	2
SLC25A10	1	-0.12331972803939757	2
SLC25A11	1	0.05353533682525682	2
SLC25A12	1	-0.0861958397003076	2
SLC25A13	1	-0.06789986644916782	2
SLC25A15	0	-0.16841019371366778	1
SLC25A16	0	-0.3053069407176411	0
SLC25A19	1	0.03894794154420318	2
SLC25A20	1	0.04315825906044724	2
SLC25A22	1	-0.09033551335633952	2
SLC25A24	0	-0.09230241837757398	1
SLC25A25	0	-0.12251302194850142	1
SLC25A29	0	-0.4505818073870433	0
SLC25A3	1	-0.03925904545198162	2
SLC25A32	1	-0.03602881360993589	2
SLC25A4	1	-0.020648125561095083	2
SLC25A40	0	-0.17238762488696277	1
SLC25A46	1	0.04037180691316568	2
SLC25A5	1	-0.09072189299947366	2
SLC25A51	0	-0.2351294076765023	1
SLC25A6	1	-0.04231542567068991	2
SLC26A2	0	-0.2449554816304385	1
SLC26A6	0	-0.17552400064579862	1
SLC27A1	0	-0.016135673724841818	1
SLC27A2	0	-0.11898771316012906	1
SLC27A3	0	-0.1941463424079602	0
SLC27A4	1	0.0469461042851754	2
SLC29A1	0	-0.49251944769294537	0
SLC2A1	1	-0.0079323265269516	2
SLC2A13	0	-0.06860618405608554	1
SLC2A3	1	-0.07494889651896305	2
SLC2A5	0	-0.08175693352627941	0
SLC30A1	1	-0.013087997702264723	2
SLC30A5	1	0.051311502402887656	3
SLC30A6	0	-0.13294709401543683	1
SLC30A7	0	-0.46521552037668623	0
SLC30A9	1	-0.011157119851306296	3
SLC33A1	1	0.08143343576656545	2
SLC35B2	1	-0.04638814634847176	2
SLC35B3	0	-0.2799038279790247	1
SLC35E1	1	0.07979097678428873	3
SLC35F6	1	0.1022890233265297	2
SLC37A4	1	-0.01830398155236586	2
SLC38A1	1	-0.1187463551216408	2
SLC38A10	0	-0.11687976177072054	1
SLC39A10	0	-0.07426140098984843	1
SLC39A11	0	-0.09298938588496568	1
SLC39A14	0	-0.04512709607097408	1
SLC39A6	0	-0.3831699329023311	1
SLC39A7	1	0.00566823143877542	2
SLC3A2	1	0.06301960070350264	2
SLC41A3	0	-0.20639773566718067	1
SLC43A2	1	-0.048858693253422625	2
SLC43A3	0	-0.503258014479447	1
SLC44A1	1	-0.031518574757896635	2
SLC44A2	0	0.07980368888250405	1
SLC44A3	1	-0.41709688156491176	2
SLC4A1	1	-0.01935032816491598	2
SLC4A1AP	1	-0.09505235992082164	2
SLC4A2	0	-0.13693622081587942	1
SLC4A4	1	-0.02031351046171832	2
SLC4A7	0	-0.1851023117076907	0
SLC52A2	0	-0.11440177509486042	1
SLC6A6	0	-0.5210602330907335	1
SLC7A1	1	-0.20724151593596188	2
SLC7A5	1	-0.08050111571220739	2
SLC7A6OS	0	-0.3470921279591993	0
SLC8A1	0	-0.34115402487795393	0
SLC9A1	1	-0.10553436014078946	2
SLC9A3R1	0	-0.07500507909278467	1
SLC9A3R2	0	-0.08660918500451698	1
SLC9A6	0	-0.23099178828643813	0
SLC9A7	1	-0.07668225507511899	2
SLC9A9	0	-0.10917178233767814	0
SLCO2A1	1	-0.054365343696554144	2
SLFN11	0	-0.09095939751817879	0
SLFN5	0	-0.06423478423295687	1
SLIRP	1	-0.13064746993720067	2
SLIT2	1	-0.01465795632468476	2
SLK	0	-0.0352559598733877	1
SLMAP	1	-0.10394051746045563	3
SLPI	0	-0.0619182392507394	1
SLTM	1	-0.11244169876571264	2
SLU7	1	-0.09269337249675413	2
SMAD2	0	-0.06258443473739046	1
SMAD3	1	-0.03460186995381358	2
SMAD4	0	-0.1085927659625511	1
SMAD5	0	-0.14115032745926973	0
SMAP1	0	-0.13451945387215386	0
SMAP2	0	-0.0329399863145863	1
SMARCA1	0	-0.009899087818734123	1
SMARCA2	1	0.08498418348779647	5
SMARCA4	1	-0.029781748346274915	2
SMARCA5	1	0.04188378698574792	3
SMARCAD1	0	-0.07854527137226722	1
SMARCAL1	0	-0.23520674393732652	0
SMARCB1	1	0.0095500927525114	2
SMARCC1	0	-0.1246124458950549	0
SMARCC2	1	-0.01533394432881392	2
SMARCD1	0	-0.09682824735074577	1
SMARCD2	0	-0.15989139056981214	0
SMARCD3	1	-0.07663482668575951	2
SMARCE1	1	0.012678450248848455	2
SMC1A	1	0.21034424857391948	4
SMC2	1	-0.018876849845382303	2
SMC3	1	0.13827785896285658	4
SMC4	1	-0.03424227017414554	2
SMC5	0	-0.05456637682317882	1
SMC6	1	-0.07194379700104014	2
SMCHD1	0	-0.053100774898244676	1
SMCR8	0	-0.3346233187454318	0
SMDT1	0	-0.666307447518474	0
SMG1	0	-0.18162996329614964	1
SMG5	0	-0.12318873857470754	1
SMG6	0	-0.3149224136135903	0
SMG7	0	-0.22179487825591798	0
SMG8	1	-0.013346177525245981	2
SMG9	0	-0.20144618032545641	1
SMIM12	0	-0.18069590045043998	0
SMIM20	0	-0.2343536303096788	1
SMN1	0	-0.0753661254589143	1
SMNDC1	1	-0.057892375051388556	2
SMOC1	0	-0.1774941946716181	0
SMPD1	0	-0.18619449138581468	0
SMPD2	0	-0.36764651173122925	1
SMPD4	1	0.06325570202236161	2
SMPDL3A	0	-0.13743886284077128	0
SMPDL3B	0	-0.43193249026267005	0
SMS	0	-0.11106841558061824	0
SMTN	1	-0.08862543723751695	2
SMU1	0	-0.13224365946274036	0
SMUG1	0	-0.26056342929213405	0
SMYD2	0	-0.25415973685487325	0
SMYD3	0	-0.17283692677803633	0
SMYD4	0	-0.37044315858914995	0
SMYD5	0	-0.26484071315217045	0
SNAP23	1	-0.029418019062366418	2
SNAP29	0	-0.15394180146426711	0
SNAP47	0	-0.34243229632869665	0
SNAPC5	0	-1.3330504702682502	0
SNAPIN	0	-0.2498333321114808	0
SNCA	0	-0.06277107899131298	1
SNCG	0	-0.057501003114391144	0
SND1	0	-0.09233438587148099	1
SNED1	1	-0.06484678655297851	2
SNF8	0	-0.24924874235071828	1
SNIP1	0	-0.11029512660389493	1
SNRK	0	-0.15016654627243556	1
SNRNP200	1	0.04052804042451144	3
SNRNP27	1	0.017923892264313436	4
SNRNP40	1	0.041304468743348074	3
SNRNP48	0	-1.2445069127376098	0
SNRNP70	1	0.07198195363796604	2
SNRPA	1	-0.06361864357251644	2
SNRPA1	0	-0.02806113157939848	1
SNRPB2	1	0.04397947133571575	2
SNRPC	1	0.015425861295930692	3
SNRPD1	0	-0.5605006126399401	1
SNRPD2	1	0.04186077971593102	2
SNRPD3	0	-0.09539592628953453	1
SNRPE	0	-0.18908067344580487	0
SNRPF	1	0.0009353392206650851	2
SNRPG	1	-0.01388612142720368	2
SNTA1	1	0.014790713761124522	3
SNTB1	1	-0.06070955677245232	2
SNTB2	1	0.0550597259048329	4
SNU13	1	-0.018374846986064345	3
SNUPN	0	-0.13924450148820727	1
SNW1	1	-0.055930004564041944	2
SNX1	0	-0.03291381804120818	0
SNX11	0	-0.07411989397143057	1
SNX12	1	0.04910325264746608	3
SNX13	0	-0.11844281963108427	1
SNX14	0	-0.19493329251298291	0
SNX15	0	-0.25458031293183075	1
SNX16	0	-0.19001441174675257	1
SNX17	1	-0.0845282377188855	2
SNX18	1	-0.003977570582363241	3
SNX19	0	-0.38428062592318396	1
SNX2	1	-0.02609664494250539	2
SNX21	1	-0.10171666167116833	2
SNX24	0	-0.3090613503482129	1
SNX27	0	-0.18604312359946815	0
SNX29	0	-0.17681151916859836	0
SNX3	1	0.061217239793558545	3
SNX30	0	-0.03725105280198528	1
SNX33	0	-0.10307380542786435	0
SNX4	1	0.07652132055083045	3
SNX5	1	-0.008521020554541556	2
SNX6	1	-0.0009858686479368827	2
SNX7	1	0.0036291710277575385	3
SNX8	1	-0.019330928918320417	2
SNX9	0	-0.09517280166884425	1
SOAT1	1	0.001974802380585601	2
SOD1	1	0.06706920019869553	3
SOD2	0	-0.09908360656900116	1
SOD3	1	0.0025025748391638014	2
SOGA1	0	-0.1987786893598834	1
SOGA3	0	-0.3047086852855741	0
SON	1	0.0034705167876025013	2
SORBS1	1	0.0007778524853236004	2
SORBS2	1	-0.01651507535377304	2
SORBS3	1	0.1449772139781585	3
SORCS2	0	-0.19541439922700585	0
SORD	0	-0.07703304804701147	0
SORL1	0	-0.01684572821455854	1
SORT1	1	-0.03878802686979137	2
SOS1	0	-0.12990492592778916	0
SOS2	0	-0.183839380991577	0
SOWAHB	0	-0.6159478189976795	0
SOWAHC	0	-0.08968073933458875	1
SOX13	0	-0.18940157382609413	0
SOX9	0	-0.2744099484532815	0
SP1	0	-0.055612700106093496	1
SP100	0	-0.08169873881680774	1
SP110	0	-0.12567398976015748	1
SP140L	0	-0.10740447526101234	1
SP2	0	-0.17685489555194947	1
SP3	1	-0.02918362124907522	2
SP4	0	-0.16893490571965208	1
SPAG1	0	-0.18049930446879894	0
SPAG5	0	-0.46521628977665436	1
SPAG7	1	-0.005992103957440736	2
SPAG9	0	-0.09114412460035468	1
SPARC	1	-0.12253552172375275	2
SPARCL1	0	-0.024829608374683582	1
SPART	0	-0.044320748608670836	1
SPAST	0	-0.24402584402582672	1
SPATA13	0	-0.2862063061999616	1
SPATA2	1	-0.1670387667955368	2
SPATA20	0	-0.11614577677628117	0
SPATA5	0	-0.22298465894958733	1
SPATA5L1	0	-0.29567622051411324	0
SPATS2	0	-0.11182843536121363	0
SPATS2L	0	-0.024714923073629318	1
SPCS2	1	0.0822832638812659	4
SPCS3	0	-0.13876716254719407	0
SPECC1	1	0.01399054215923724	2
SPECC1L	0	-0.16800733083232258	0
SPEG	0	-0.6034068136336451	0
SPEN	1	-0.05924871994183993	2
SPG11	0	-0.17221885235790618	0
SPG21	0	-0.18676390242930122	1
SPG7	1	-0.013560974579408391	3
SPHK2	0	-0.2395841880339964	1
SPI1	0	-0.15619706937582617	0
SPICE1	0	-0.4320818348488761	0
SPIN1	1	-0.055504224382458334	2
SPINT2	1	0.0235690988818343	3
SPIRE1	0	-0.23825009792470347	1
SPN	0	-0.09763621517042885	1
SPNS1	0	-0.2837201834582923	0
SPOCK2	0	-0.16399060742690583	1
SPON1	0	-0.05076463225260545	1
SPON2	0	-0.4109377879266054	1
SPOUT1	0	-0.19701625849556165	0
SPP1	0	-0.11661439910682248	1
SPP2	1	-0.12817314219218087	2
SPPL2A	0	-0.38981074572224406	0
SPPL2B	0	-0.1237147911529725	1
SPR	0	-0.06711328155600711	1
SPRY1	0	-0.1581186934174601	0
SPRY4	0	-0.19293387724765876	0
SPRYD3	0	-0.17334516064523628	0
SPRYD4	0	-0.25142571218811366	0
SPRYD7	0	-0.1045037730412477	1
SPTA1	0	-0.08229731084953582	1
SPTAN1	1	0.06713299289109817	3
SPTB	1	-0.06776707348864996	2
SPTBN1	1	0.06592785738836723	3
SPTBN2	1	0.04774023817302541	3
SPTLC1	1	0.04274747615837994	2
SPTLC2	1	-0.00772562742782895	2
SPTY2D1	0	-0.17966182750868623	0
SQLE	0	-0.21116636286728824	1
SQOR	1	-0.07004673151363257	2
SQSTM1	0	-0.06123272948905376	1
SRA1	0	-0.22658315101200044	1
SRBD1	1	-0.004919380202250803	2
SRC	1	-0.0189753478545498	2
SRCAP	1	0.01690319854473262	3
SRCIN1	0	-0.14476914829145401	1
SRD5A3	1	-0.038071464074963715	3
SREK1	1	0.021305272357287415	3
SRF	1	-0.11771307444203494	2
SRFBP1	0	-0.10682739450372916	1
SRGAP1	0	-0.22197970278415108	0
SRGAP2	1	-0.048929420063233545	2
SRGN	0	-0.22938897107575565	1
SRI	1	-0.013465233820406902	2
SRM	0	-0.11846888361531108	0
SRP14	0	-0.05439879350446708	1
SRP19	0	-0.1820461731971775	1
SRP54	0	-0.1709014592479698	0
SRP68	0	-0.08320286823232964	0
SRP72	0	-0.18690612042713073	0
SRP9	1	0.0034858653604738776	2
SRPK1	0	-0.20716707498326725	0
SRPK2	0	-0.17010254821398485	0
SRPRA	1	0.09770416497406517	3
SRPRB	1	0.17422725622629534	4
SRPX	0	-0.1773528077812942	1
SRPX2	1	-0.1400722527247422	2
SRR	0	-0.2791023909878313	0
SRRM1	0	-0.18512747861904474	0
SRRM2	0	-0.055900582236902766	1
SRRT	1	0.011350463295146654	3
SRSF1	1	0.1719236426600018	5
SRSF10	1	-0.024036383739701496	3
SRSF11	1	-0.019540630568245048	2
SRSF2	0	-0.12039885552107736	1
SRSF3	1	0.07413141137523209	2
SRSF4	1	-0.01910460307161984	2
SRSF5	1	-0.05120057211541603	2
SRSF6	0	-0.07515955435845482	1
SRSF7	1	0.06383738151785387	2
SRSF9	0	-0.04199501627105082	1
SRXN1	1	-0.1301322203500916	2
SS18	0	-0.11969616763105828	1
SSB	0	-0.07304249667287539	1
SSBP1	0	-0.12995281924740298	1
SSBP2	0	-0.13898314680580065	0
SSBP4	0	-0.35169432452388877	1
SSC5D	1	0.03948374482048307	3
SSH1	0	-0.22218456239981027	1
SSH2	0	-0.24882865768028353	0
SSH3	0	-0.04362368383929642	1
SSNA1	0	-0.15451512864806458	1
SSR1	1	0.07096417243189516	4
SSR2	0	-0.14639894416079113	1
SSR3	1	0.1763559805432921	4
SSR4	1	0.04366855028619828	4
SSRP1	1	-0.034917780326990146	2
SSU72	0	-0.1558647152106801	1
ST13	0	-0.0791932046495107	1
ST14	0	-0.10486031902303523	1
ST6GAL1	0	-0.08164700032402468	1
ST7	0	-0.24401046820287858	1
STAB1	1	0.05461993334858828	3
STAG1	1	0.006771620046640056	2
STAG2	1	0.0636323548513683	5
STAM	1	-0.019900268032169814	2
STAM2	1	-0.04464476386629658	3
STAMBP	0	-0.1261818440060528	0
STAMBPL1	0	-0.14352507147747184	0
STARD10	0	-0.10737719781100286	1
STARD13	0	-0.24864643404330639	0
STARD3	1	-0.07213412403073188	2
STARD7	0	-0.1932004935022767	0
STAT1	1	-0.01682756325509328	2
STAT2	0	-0.0950375333823159	1
STAT3	0	-0.21871441195179625	0
STAT5A	0	-0.07544566001789141	1
STAT5B	0	-0.10917676848898036	0
STAT6	1	-0.026787019403016553	2
STAU1	0	-0.13550780956122505	1
STAU2	0	-0.12153570849939385	0
STBD1	1	0.02137749005397778	3
STC1	0	-0.30072200909505614	0
STC2	0	-0.06917332659441496	1
STEAP3	0	-0.029091340041664037	1
STIM1	1	0.13150942943795907	3
STIM2	0	-0.22461046198153017	1
STIP1	1	-0.03739733081455045	2
STK10	0	-0.0790700078250818	0
STK11	0	-0.18621921847718098	0
STK11IP	0	-0.1574307758943851	1
STK16	0	-0.3297895534962588	0
STK17A	0	-0.34108429072836943	0
STK17B	1	-0.07064370259204059	2
STK24	0	-0.0706348065558964	1
STK25	1	-0.06268475974059484	3
STK26	1	-0.025551750977520382	2
STK3	0	-0.1121242687155964	0
STK32C	0	-0.21679082124656426	0
STK33	0	-0.06146196851421868	0
STK35	0	-0.7056340838256092	0
STK38	0	-0.13190533369997304	1
STK38L	0	-0.11340443732596742	1
STK39	0	-0.04806945619637188	1
STK4	0	-0.16922019830896626	0
STMN1	0	-0.07410358320475542	1
STN1	0	-0.2865990909138091	1
STOM	1	0.08723638998510566	3
STOML2	0	-0.1681903690687588	0
STON1	1	-0.016012930148039017	2
STON2	0	-0.14382468504582363	0
STRADA	0	-0.20197376499563693	0
STRAP	1	-0.08912688302512464	2
STRBP	1	-0.07799917496522171	3
STRIP1	0	-0.19478360604321612	0
STRN	0	-0.09149259710600703	1
STRN3	1	-0.000817009782780817	4
STRN4	0	-0.07441411973124186	1
STT3A	1	0.17615818445162795	4
STT3B	1	0.12368084026309856	4
STUB1	0	-0.20187084001324065	0
STX10	0	-0.18327535481615426	0
STX11	0	-0.08751228501922861	1
STX12	0	-0.15257823365631412	1
STX16	1	-0.07936033927739114	2
STX17	0	-0.2430487950587325	1
STX18	1	-0.05108492417367401	2
STX2	0	-0.27084836946748636	0
STX3	1	-0.04373831614786796	2
STX4	0	-0.10907252721840699	1
STX5	1	0.019339663474142496	2
STX6	0	-0.058618486965942095	1
STX7	0	-0.08604530308258293	1
STX8	0	-0.2587033929222907	1
STXBP1	1	-0.004743152588881057	3
STXBP2	0	-0.08443477122045295	1
STXBP3	1	-0.00683284177256706	3
STXBP4	0	-0.09653080389858439	1
STXBP5	0	-0.18125684762699482	0
STXBP6	0	-0.054218542748111574	1
SUB1	0	-0.18480416958640555	1
SUCLA2	0	-0.150116820986194	0
SUCLG1	0	-0.14302722232225928	1
SUCLG2	0	-0.1294686444807841	1
SUDS3	0	-0.0418777088820814	1
SUFU	0	-0.45539658331509614	0
SUGP1	0	-0.05085543365540168	0
SUGP2	0	-0.05566381701895623	1
SUGT1	1	-0.08431454379197736	2
SULF1	1	-0.14130905571941507	2
SULF2	0	-0.11213411907707937	0
SULT1A1	1	-0.05093400715798142	2
SULT1A3	0	-0.07831585561343005	1
SULT1B1	0	-0.13730814586719092	1
SUMF1	0	-0.09357343555771507	1
SUMF2	0	-0.09341452572240408	0
SUMO1	0	-0.15165273477562516	0
SUMO2	0	-0.28074356966679337	0
SUN1	0	0.0173814717803461	1
SUN2	0	0.013273935913891222	1
SUOX	0	-0.18085094573983343	0
SUPT16H	1	-0.004091752310462959	2
SUPT20H	0	-0.3488397157254334	0
SUPT3H	0	-0.6906651933820097	0
SUPT4H1	1	-0.14099917194046424	2
SUPT5H	1	-0.00023248370254284613	2
SUPT6H	1	-0.01253523591851105	2
SUPV3L1	0	-0.17115837822134033	0
SURF1	0	-0.09035613909622006	1
SURF2	0	-0.40998569275862967	0
SURF4	1	0.06614350617122008	2
SURF6	0	-0.21522200100007233	0
SUSD2	1	-0.0776459730477435	2
SUZ12	0	-0.19389632333560697	0
SVBP	0	-0.2683063968839459	0
SVEP1	0	-0.14694277060799968	1
SVIL	1	-0.00853775527186306	2
SVIP	0	-0.04906418770437266	1
SWAP70	0	-0.15418723187093908	0
SYAP1	1	-0.11217713547709977	2
SYDE1	0	-0.12012117970680888	0
SYF2	0	-0.3032949749901279	0
SYK	0	-0.07310197110264804	1
SYMPK	1	0.008604268985257202	2
SYN2	0	-0.6431587938990422	0
SYNC	0	-0.19036443355890514	1
SYNCRIP	1	0.01532841458112462	2
SYNE1	0	-0.12077011160884196	0
SYNE2	1	0.02748459040567036	3
SYNE3	0	-0.10330145853588106	0
SYNGR1	0	-0.2408230278769899	0
SYNGR2	0	-0.08164704855870371	1
SYNJ1	0	0.021071379159624058	1
SYNJ2	0	-0.12007370493077123	0
SYNJ2BP-COX16	0	-0.13249712369899283	1
SYNM	0	-0.12337889293455113	1
SYNPO	1	0.10666418161100535	3
SYNPO2	0	-0.08063445311837353	0
SYNRG	0	-0.12171899744260817	0
SYPL1	1	-0.06247620898781135	2
SYTL2	0	-0.05948964648088469	1
SYTL4	0	-0.08570520343142864	0
SYVN1	1	0.0032789833554707657	2
SZRD1	0	-0.20626189887656818	0
SZT2	0	-0.0970094746421408	1
TAB1	1	-0.0882086708094481	2
TAB2	0	-0.24809658892566883	0
TAB3	0	-0.24996444275359836	1
TACC1	0	-0.05242821442348352	1
TACC2	0	-0.07461638813663207	0
TACC3	0	-0.09677282803177766	1
TACO1	0	-0.11323027460544517	1
TADA1	0	-0.45221210077876206	0
TADA2B	0	-0.5421584580039059	0
TADA3	0	-0.1368960282637901	1
TAF1	0	-0.14225659887047595	0
TAF10	0	-0.2487128386081912	1
TAF11	0	-0.6672157570056458	0
TAF12	0	-0.2589299218094613	0
TAF15	0	-0.08296282256636689	0
TAF2	0	-0.10056013923257187	1
TAF3	0	-0.43706406380115065	0
TAF4	1	-0.004698715896316141	2
TAF5	0	-0.25126133971823567	0
TAF5L	0	-0.13158642890535924	1
TAF6	0	-0.16087003345674306	1
TAF6L	0	-0.09501642128935488	0
TAF7	0	-0.0517501535897158	1
TAF8	0	-0.28220546838256655	0
TAF9	1	-0.06781205825749445	2
TAF9B	1	-0.027967974953809073	3
TAGLN	0	-0.08647445387329722	0
TAGLN2	1	0.0008782879343452426	2
TALDO1	1	-0.08873373021442472	2
TAMM41	0	-0.2850742792470442	1
TANC1	0	-0.09431028956678147	1
TANC2	1	-0.0444850851336303	2
TANGO2	1	0.01984047349051132	3
TANGO6	0	-0.25998283135945766	0
TANK	0	-0.13993170222036355	1
TAOK1	0	-0.0269901317314503	1
TAOK2	0	-0.14546342345035584	1
TAOK3	0	-0.1292017720215462	0
TAP1	1	0.0189990080243942	2
TAP2	1	0.06203724982469176	4
TAPBP	1	0.047278308516914516	2
TAPBPL	0	-0.0755074610963706	1
TAPT1	1	0.04107475850347828	2
TARBP1	0	-0.09584101126201071	1
TARBP2	0	-0.3035333200294045	0
TARDBP	1	0.0525107608725723	4
TARS2	0	-0.18154853663630838	1
TASP1	0	-0.12458295328548119	1
TATDN1	0	-0.10874630624110124	1
TATDN3	0	-0.1925317824245725	1
TAX1BP1	0	-0.10842847516108862	0
TAX1BP3	1	-0.05211702952425806	2
TBC1D1	0	-0.07206342446865975	1
TBC1D10A	0	-0.31001173631186363	0
TBC1D10B	0	-0.1477182869919978	1
TBC1D10C	0	-0.3451828007462222	1
TBC1D13	0	-0.17098067112916995	0
TBC1D15	0	-0.15997742779371507	1
TBC1D16	0	-0.18965223237589815	0
TBC1D17	0	-0.06280011252318578	1
TBC1D2	0	-0.10246408901004216	0
TBC1D20	0	-0.20575722411489705	0
TBC1D22A	0	-0.005541479805256555	1
TBC1D22B	0	-0.12933664097138514	1
TBC1D23	0	-0.18327792780405228	0
TBC1D24	0	-0.10122798269325202	0
TBC1D2B	1	0.027683570474345453	2
TBC1D4	0	-0.07858828949738837	0
TBC1D5	0	-0.05785975475566666	1
TBC1D7	0	-0.14689581071222704	1
TBC1D8	0	-0.17763781711924637	1
TBC1D8B	0	-0.12552130944215917	0
TBC1D9	0	-0.10960555660864162	1
TBC1D9B	0	-0.07769230327089097	1
TBCA	1	-0.054604074688277396	2
TBCB	0	-0.17886232465333096	1
TBCC	0	-0.12085746656833143	1
TBCD	0	-0.3374286271070648	0
TBCE	0	-0.23527651194954627	1
TBCEL	1	-0.034427436098489396	2
TBCK	0	-0.28642171707785646	0
TBK1	0	-0.18588289038437628	0
TBL1X	0	-0.14590576966803442	1
TBL1XR1	1	0.032443467213238	3
TBL2	1	0.04036822940178157	3
TBL3	1	-0.0975759855224722	2
TBP	1	-0.09920871361412266	2
TBPL1	0	-0.8170361490481011	0
TBRG4	0	-0.24832484949650988	0
TBX2	0	-0.23286157095127766	1
TBXAS1	1	0.02794673562647826	4
TCAF1	0	-0.11825364075467355	1
TCAF2	0	-0.17746670820955363	0
TCEA1	0	-0.0398897733324108	1
TCEA2	0	-0.18061382756598174	1
TCEA3	0	-0.0930858955907989	0
TCEAL1	0	-0.06908893461652578	0
TCEAL3	0	-0.02738419497024176	1
TCEAL4	1	0.03754126066692474	3
TCERG1	1	-0.0102616279421034	2
TCF12	1	-0.11950629702834308	2
TCF20	0	-0.14182388084682357	0
TCF25	0	-0.2319220807253966	0
TCF3	0	-0.2618971696903806	0
TCF4	0	-0.08760073249896871	1
TCHP	0	-0.4472961346821368	0
TCIRG1	0	-0.1419627808694804	1
TCN2	0	-0.34603391804925254	0
TCOF1	1	-0.05706017995100524	2
TCP1	1	0.03602411877406129	2
TCP11L1	0	-0.07447487954179124	0
TCP11L2	0	-0.3754647856644294	0
TCTN3	0	-0.34943495690068815	1
TDG	0	-0.32777886018173674	0
TDP1	0	-0.16048086479254153	0
TDP2	0	-0.3416295452225061	0
TDRD3	0	-0.2112335977330413	0
TDRD7	0	-0.09708527745696119	1
TDRKH	1	-0.06957685071862682	2
TDRP	0	-0.0848634587360485	1
TEAD1	0	-0.07689463455906236	1
TEAD3	0	-0.16704018930663456	0
TECPR1	0	-0.1269759653663058	1
TECPR2	0	-0.06809358438592693	1
TECR	1	0.014139337862752918	2
TEFM	0	-0.34713685267758576	0
TELO2	0	-0.14688791564255696	0
TENT2	0	-0.45645971927807494	0
TENT4B	0	-0.2332310534298503	0
TEP1	1	-0.05759514646485013	2
TEPSIN	0	-0.8126753481129636	0
TERF1	0	-0.2199074294811177	0
TERF2	0	-0.0586593409146053	1
TERF2IP	1	-0.1419101739043716	2
TES	1	-0.012141460228555839	2
TESC	0	-0.07562528036901396	0
TEX10	0	-0.12104131499714199	1
TEX2	0	-0.10278395204704815	1
TEX264	1	0.13358216507446335	4
TEX30	0	-0.7614531946379641	0
TF	1	-0.16002902706329594	3
TFAM	0	-0.1867986172115625	0
TFAP4	0	-0.2952931558609686	0
TFB1M	0	-0.3339983576379263	0
TFB2M	1	-0.09177982062735252	2
TFCP2	0	-0.2173954403185018	0
TFDP1	0	-0.1761745425299317	0
TFDP2	0	-0.2505416947835143	1
TFE3	0	-0.14684771576374733	0
TFEB	0	-0.13039601291108935	0
TFG	1	-0.09676578258066357	3
TFIP11	1	-0.012655084413743783	2
TFPI	0	-0.22975540259788402	1
TFRC	1	-0.02959280392008972	2
TGFB1	1	-0.06530898582855058	3
TGFB1I1	1	-0.028872947035314744	2
TGFB2	0	-0.1005455830191752	1
TGFBI	0	-0.0829595841666215	0
TGFBR1	0	-0.2883702284966393	0
TGFBR2	0	-0.34353450530947965	1
TGFBR3	0	-0.19479032158450746	0
TGFBRAP1	0	-0.21183106087569986	0
TGIF1	0	-0.25538796737985947	1
TGM2	0	-0.09307411872177153	0
TGOLN2	1	0.14854942357103504	4
TGS1	0	-0.20204156525979772	0
THADA	0	-0.1662312512561118	1
THAP11	1	-0.11802524643311796	2
THAP12	0	-0.27436071589104016	0
THAP4	0	-0.41332663200004865	1
THBD	0	-0.3021557623889929	0
THBS1	1	-0.04060067842853234	2
THBS2	1	-0.07582499579949645	2
THBS3	1	-0.10957044401745815	3
THBS4	1	0.0045769147103823585	2
THEM4	0	-0.20334158137275474	0
THEM6	1	0.12731724084867505	3
THEMIS	0	-0.3020590927863843	0
THEMIS2	0	-0.1147053788191255	0
THG1L	0	-0.12000283410132875	1
THNSL1	0	-0.1196938275272124	0
THNSL2	0	-0.14780712411626878	0
THOC1	0	-0.09670160792482993	0
THOC2	1	0.05029063607589114	3
THOC3	0	-0.09841256406144863	1
THOC5	0	-0.10136492224452191	0
THOC6	0	-0.13990054233761456	1
THOC7	0	-0.1141470990502067	1
THOP1	0	-0.10544053922267418	1
THRAP3	1	0.00594299163531404	2
THSD4	1	-0.05453631675770552	2
THSD7A	1	-0.002025918396343579	2
THTPA	1	-0.06519083895920477	2
THUMPD1	1	-0.035879995308031695	2
THUMPD3	0	-0.09625741948508273	1
THY1	0	-0.08610453760839884	0
THYN1	1	-0.006367751728794479	2
TIA1	0	-0.15741123656657147	0
TIAL1	1	-0.04129505315770436	2
TIAM1	0	-0.36574924532043296	0
TICAM1	0	-0.832729758473965	0
TIE1	0	-0.7726987462209787	0
TIFA	0	-0.3015180101862335	0
TIGAR	1	-0.02716786212040722	3
TIMELESS	0	-0.5763608156892667	0
TIMM10	0	-0.16277538332046798	1
TIMM10B	0	-0.13961762682863407	0
TIMM13	0	-0.20064426924240703	1
TIMM17A	0	-0.5149609394087618	1
TIMM17B	0	-0.1752808306172969	1
TIMM21	1	0.055456428275672376	4
TIMM22	0	-0.22699298808804488	0
TIMM23	1	-0.07037412349880104	2
TIMM29	1	-0.18641467268893627	2
TIMM44	1	-0.025839158023003884	2
TIMM50	1	-0.13220434663063801	2
TIMM8A	0	-0.18162745723372892	1
TIMM8B	0	-0.17522974665892177	1
TIMM9	0	-0.12025572065128609	0
TIMMDC1	0	-0.05877776286880604	1
TIMP1	1	-0.06498515238635102	2
TIMP2	0	-0.11341930587923503	1
TIMP3	0	-0.06096747113060902	1
TINAGL1	0	-0.17057701944766918	1
TINF2	0	-0.47753837114776443	0
TIPRL	0	-0.18723088986138664	1
TJAP1	1	-0.018070057990052856	3
TJP1	1	-0.022198577325340682	2
TJP2	1	0.002840327544528434	3
TK1	0	-0.13929527888810583	0
TK2	0	-0.23750317914777028	0
TKFC	0	-0.11316768700606741	1
TKT	1	0.008303308886840235	4
TLE1	0	-0.11829735836391113	1
TLE3	0	-0.0970418231989039	1
TLK1	1	-0.04097898454438154	2
TLK2	0	-0.13015283195533778	1
TLN1	1	0.01959341841626014	3
TLN2	1	0.03461655019631321	3
TLNRD1	0	-0.3716948630174728	0
TLR2	0	-0.05498704036114024	0
TLR3	0	-0.09236689508018438	1
TM2D3	0	-0.13749233323459026	1
TM7SF2	0	-0.02291266751100949	1
TM7SF3	0	-0.1122729235301144	0
TM9SF1	1	0.0707515499570704	2
TM9SF2	0	0.07156086172625466	1
TM9SF3	1	0.12052762963575844	4
TM9SF4	1	0.07178535743808422	2
TMA16	1	-0.12923533453328834	2
TMA7	0	-0.2971298401499599	0
TMBIM6	1	-0.026525313655753575	2
TMCC1	1	-0.16175756374547004	2
TMCC3	0	-0.1150019618220128	1
TMCO1	1	-0.013460870430065996	2
TMCO3	1	0.038810438387792356	2
TMCO4	0	-0.26185559935935043	0
TMED1	0	-0.1001480088100527	1
TMED10	1	0.05913316168395773	3
TMED2	1	0.1720218548006706	3
TMED3	0	-0.19110424175976998	1
TMED4	1	-0.0173337190252418	2
TMED5	0	-0.005109712799446715	1
TMED8	0	-0.18005371976134707	0
TMED9	0	-0.031201916410202764	1
TMEM101	0	-0.7487429441953898	0
TMEM102	0	-0.4508679390136853	0
TMEM106B	0	-0.1467666506700846	0
TMEM109	1	0.06305088530237522	4
TMEM11	1	-0.1167271479760498	2
TMEM115	0	-0.19240004388248874	0
TMEM119	0	-0.16578744343593638	1
TMEM120A	1	0.017307326280915764	2
TMEM120B	0	-0.27177799222290483	1
TMEM126A	0	-0.12405063476011961	1
TMEM126B	0	-0.32715883522144834	0
TMEM131	0	-0.05345382990224198	1
TMEM132A	0	-0.39128328399660733	0
TMEM134	0	-0.09258772374836338	1
TMEM135	0	-0.2994991871114562	1
TMEM147	0	-0.15697082952062774	0
TMEM159	0	-0.20949232687601488	0
TMEM161A	0	-0.1711201538412071	1
TMEM165	1	0.06406855649154722	3
TMEM167A	1	0.06633507862648559	3
TMEM168	0	-0.09900641465473096	1
TMEM177	0	-0.26245931190000055	0
TMEM179B	1	0.04747810122699614	2
TMEM181	0	-0.248308034960789	1
TMEM192	1	-0.016533062674094857	2
TMEM199	1	-0.11180200220552963	2
TMEM201	1	-0.01047968616810554	2
TMEM205	1	-0.0009351191361122058	2
TMEM209	1	-0.1062769243283348	2
TMEM214	1	0.1954931548165517	4
TMEM222	1	-0.03665220397672908	2
TMEM223	0	-0.024696323823532075	1
TMEM230	0	-0.10598580677404909	1
TMEM245	1	-0.002737091757880827	3
TMEM259	1	-0.1652755579381071	2
TMEM263	1	-0.0028551907781484394	3
TMEM30A	0	-0.12015395678263145	1
TMEM33	1	0.002244266400044348	3
TMEM41A	1	-0.040659499490054415	2
TMEM41B	1	-0.0369053360121427	2
TMEM43	1	0.07748481683416826	3
TMEM51	0	-0.13528006646796792	1
TMEM59	0	-0.3282794180593155	0
TMEM62	0	-0.12436459518296808	1
TMEM63A	1	0.03131315140151706	3
TMEM63B	1	-0.08087190288592638	2
TMEM65	0	-0.13081571238147235	0
TMEM68	0	-0.0815471425268504	1
TMEM70	0	-0.0859364381422779	1
TMEM87A	1	0.09129991531232984	4
TMEM87B	0	-0.03134890512555426	1
TMEM97	0	-0.3159255606852152	1
TMEM9B	0	-0.16870374798616447	1
TMF1	0	-0.17606356990528577	1
TMLHE	0	-0.15616305816461198	1
TMOD1	1	0.06628990223418472	4
TMOD2	1	0.02700319696578276	3
TMOD3	1	-0.06706995024171693	2
TMPO	0	-0.054661131614556824	1
TMPPE	0	-0.5029731909852522	0
TMSB10	0	-0.11893568224758089	0
TMSB4X	1	-0.13349244226078436	2
TMTC3	1	0.13034012664062428	4
TMTC4	0	-0.2310011587768847	1
TMUB1	0	-0.11366068982021679	1
TMUB2	1	-0.15789516428768313	2
TMX1	1	0.08203639801557863	3
TMX2	1	0.08330767394608797	2
TMX3	1	0.03036508033775509	3
TMX4	1	0.0757637336754724	3
TNC	0	-0.15055339428675396	1
TNFAIP2	0	-0.09566584386933745	0
TNFAIP3	0	-0.14228901312233133	0
TNFAIP6	0	-0.5882605459607999	0
TNFAIP8	1	-0.05432146832277498	2
TNFAIP8L2	0	-0.1142445668356454	1
TNFAIP8L3	0	-0.13846167464893475	1
TNFRSF12A	0	-0.1568618611547608	0
TNFRSF14	0	-0.8737888683631713	0
TNFRSF1A	0	-0.40009572490601003	0
TNFSF12	0	-0.26487841448843563	0
TNIK	0	-0.046901023364384696	1
TNIP1	0	-0.20229679892441296	0
TNIP2	0	-0.22414158586622981	0
TNK2	0	-0.35328934890814645	0
TNKS	0	-0.5717228313397748	0
TNKS1BP1	0	-0.09651826334918043	1
TNPO1	0	-0.21018551633349092	1
TNPO2	0	-0.055677252911228825	1
TNPO3	1	-0.0409316528222779	2
TNRC18	0	-0.18477589735569586	0
TNRC6A	0	-0.27080150738049025	0
TNRC6B	0	-0.08912163442369155	1
TNRC6C	0	-0.21463139451087976	0
TNS1	1	0.043482387930433394	4
TNS2	1	-0.001938755391964242	3
TNS3	1	-0.017839705105878977	2
TNXB	0	-0.06988886055405555	1
TOE1	0	-0.1816421993490376	0
TOLLIP	1	-0.015092497921655984	3
TOM1	1	-0.09343126035526876	2
TOM1L1	0	-0.11289225201941291	1
TOM1L2	1	0.003153509794761039	2
TOMM20	1	-0.13319658958581296	2
TOMM22	1	-0.0037958056706015237	3
TOMM34	0	-0.18558464506952668	0
TOMM40	1	0.02355791862539739	3
TOMM5	1	0.034863844650655666	3
TOMM6	1	-0.1694975939428326	2
TOMM7	0	-0.21201758102836538	1
TOMM70	1	-0.007200543082271841	4
TOP1	1	0.005131385720975285	3
TOP2A	1	-0.055889691330709944	2
TOP2B	1	0.040761927944420025	3
TOP3A	0	-0.26940991523954716	0
TOP3B	0	-0.19337355704111886	1
TOPBP1	1	-0.0909956311857369	2
TOR1A	0	-0.13294967947596356	1
TOR1AIP1	0	-0.020034442762288374	1
TOR1AIP2	0	-0.026582221397027712	1
TOR1B	0	-0.27184902097569447	0
TOR2A	0	-0.18023139464406718	1
TOR3A	0	-0.15552492038241914	0
TOR4A	0	-0.15188256326953842	1
TOX4	0	-0.06654654291664815	1
TP53BP1	0	-0.1421513038596266	1
TP53BP2	0	-0.17673377259511686	1
TP53I11	0	-0.16328621506549185	1
TP53I3	0	-0.09068848030950931	1
TP53RK	0	-0.28624390985656917	0
TPBG	1	-0.0251162406428058	2
TPCN1	1	-0.03833824432296546	2
TPD52	0	-0.009256968110767712	1
TPD52L1	0	-0.06398184928056486	1
TPD52L2	1	0.03089618046287208	4
TPI1	1	0.012578401813088363	3
TPK1	0	-0.044360426075196704	1
TPM1	0	-0.1070839549163987	0
TPM2	0	-0.1174338360020117	1
TPM3	1	0.03416877409022066	3
TPM4	1	-0.00677525514116676	2
TPMT	0	-0.20158393397471402	0
TPP1	0	-0.05986344928274232	1
TPP2	0	-0.052785797891080496	1
TPPP	0	-0.05774552210634134	1
TPPP3	0	-0.04459525878812222	0
TPR	1	0.020249777300756257	3
TPRG1L	0	-0.16865289579361725	0
TPRKB	0	-0.44735389481729937	0
TPRN	0	-0.0878446769862647	0
TPST1	0	-0.1851510072653449	0
TPST2	0	-0.1686778016524279	0
TPT1	1	-0.09015566737173253	3
TPX2	0	-0.08204182345910806	0
TRA2A	0	-0.18331677070535216	0
TRA2B	1	0.15790116303836363	4
TRABD	1	-0.06337437418942733	2
TRADD	1	-0.10697820969844471	2
TRAF1	1	-0.07304186388749893	2
TRAF2	0	-0.06703993025864324	1
TRAF3	0	-0.2204998704193462	0
TRAF3IP1	0	-0.12316777653961138	1
TRAF3IP2	0	-0.5807689495681622	0
TRAF3IP3	0	-0.1373135554878425	0
TRAF4	0	-0.16648248158111584	0
TRAF5	0	-0.3757811660581515	0
TRAF6	0	-0.12997155811714428	0
TRAF7	0	-0.2489150686023242	0
TRAFD1	1	-0.053413056260612546	2
TRAK1	0	-1.0961192886148126	0
TRAM1	1	-0.034558461452755	3
TRAP1	0	-0.1570942638063023	1
TRAPPC1	0	-0.266213370513373	0
TRAPPC10	0	-0.1279860427228276	1
TRAPPC11	0	-0.24259661639277078	0
TRAPPC12	0	-0.42109080782842606	0
TRAPPC13	0	-0.33949659908980445	0
TRAPPC2	0	-0.21908081299278379	0
TRAPPC2L	0	-0.21391856729462339	0
TRAPPC3	0	-0.36652131647671055	0
TRAPPC4	0	-0.2293024927179787	0
TRAPPC5	0	-0.3487224861916785	0
TRAPPC6A	0	-0.2057650479507808	0
TRAPPC6B	0	-0.2624083848544333	0
TRAPPC8	0	-0.260596080797471	0
TRAPPC9	0	-0.10298373080120297	1
TREX1	0	-0.301199919061092	0
TRIAP1	0	-0.2314817617083107	0
TRIM14	0	-0.2551196365264944	0
TRIM16	0	-0.07198378139049792	1
TRIM2	0	-0.13682451834865528	0
TRIM21	0	-0.1007419243767479	1
TRIM22	0	-0.08705425467041812	0
TRIM24	1	-0.10810192536527782	2
TRIM25	0	-0.16177030905561857	0
TRIM26	0	-0.2988327038545663	0
TRIM27	0	-0.2888360849218151	0
TRIM28	1	-0.13646889823022595	2
TRIM3	0	-0.09379628451397042	1
TRIM32	0	-0.11562521743981609	1
TRIM33	0	-0.10329316306442796	1
TRIM38	0	-0.05058702318886904	0
TRIM4	0	-0.11140321496296712	1
TRIM41	0	-0.3734751183159638	0
TRIM44	0	-0.871007962606679	0
TRIM47	0	-0.17422388789669035	1
TRIM5	0	-0.12015076807252138	0
TRIM56	0	-0.22084956626123914	0
TRIM65	0	-0.1922172180666472	0
TRIM68	0	-0.34806231009700417	0
TRIO	1	-0.060306270695357544	2
TRIOBP	1	0.00794693989192076	2
TRIP10	0	-0.09970062363826351	1
TRIP11	0	-0.17826697149338214	1
TRIP12	1	-0.00032934833864837196	2
TRIP13	0	-0.11096068029644876	1
TRIP4	0	-0.1680983017847354	0
TRIP6	1	0.003655900478613398	2
TRIR	0	-0.15237407238424136	1
TRIT1	0	-0.2678491203227125	0
TRMT1	0	-0.17144488455316845	0
TRMT10A	0	-0.35248153980994545	0
TRMT10C	1	-0.14458027870268703	2
TRMT11	0	-0.18373603178165757	0
TRMT112	0	-0.30722497174386276	0
TRMT13	0	-0.4623701106263864	0
TRMT1L	0	-0.11218858615695244	1
TRMT2A	0	-0.15448800589359066	1
TRMT5	0	-0.21539031358793176	0
TRMT6	1	-0.10683472405743437	2
TRMT61A	0	-0.17552818490964336	1
TRMT61B	0	-0.13566174204025852	1
TRMU	0	-0.2684371372296271	0
TRNAU1AP	0	-0.23326246119210575	0
TRNT1	0	-0.24426689186235234	0
TRPM4	0	-0.14437933041864784	1
TRPM7	0	-0.5929075666965525	0
TRPS1	0	-0.17753076847999033	1
TRPT1	0	-0.29241588871527435	0
TRPV2	0	-0.12726202502258135	0
TRRAP	1	0.044326124948797216	3
TRUB1	0	-0.14154140154498643	1
TRUB2	0	-0.6691829090200379	0
TSC1	0	-0.14553563250087548	1
TSC2	0	-0.19598969559950935	0
TSC22D1	0	-0.11311421811556335	0
TSC22D2	0	-0.21724049882197324	1
TSC22D3	0	-0.1798151148254233	1
TSC22D4	0	-0.04221391122672066	1
TSEN15	0	-0.31990415136180694	1
TSEN2	0	-0.5921048778396061	0
TSEN34	0	-0.1810207776326574	0
TSEN54	0	-0.20915978257999174	1
TSFM	1	-0.034161384534329056	2
TSG101	0	-0.16707000725972382	1
TSKU	0	-0.5211431862411368	0
TSN	0	-0.07863634691823006	1
TSNAX	1	-0.09624637616961734	2
TSPAN13	0	-0.06619399770479772	1
TSPAN14	0	-0.08828164618942085	1
TSPAN15	0	-0.003410897513292739	1
TSPAN6	1	0.01646140988333652	2
TSPAN7	0	-0.17719716707456418	0
TSPAN8	0	-0.07095975561336673	1
TSPAN9	1	-0.0029177560827015558	2
TSPO	0	-0.2975832208710397	0
TSPYL1	0	-0.38537860664969065	0
TSPYL4	0	-0.37446918603522683	1
TSPYL5	0	-0.09952653200817359	0
TSR1	0	-0.06662704204902471	1
TSR2	0	-0.1726295967745371	0
TSR3	0	-0.32314679931894713	0
TSSC4	0	-0.22069161374577137	1
TST	0	-0.046330327383933737	1
TSTD1	1	-0.0575039467870746	2
TSTD2	0	-0.6126183219597752	0
TTC1	0	-0.08260070770700662	0
TTC12	0	-0.40298812341443435	1
TTC13	0	-0.28907499904796563	0
TTC14	0	-0.18260070286620325	1
TTC17	0	-0.1784530540878719	0
TTC19	0	-0.1625448893140422	0
TTC21B	0	-0.16078966825900587	1
TTC26	0	-0.20054190337244343	0
TTC27	0	-0.19506154582155605	0
TTC28	0	-0.11817020697391237	1
TTC3	0	-0.1510578388177693	0
TTC30A	0	-0.37181867974484323	0
TTC31	0	-0.6502757419435908	0
TTC33	0	-0.3218956930111875	0
TTC37	0	-0.21710490011286548	1
TTC38	0	-0.214561953468298	0
TTC39A	0	-0.0910131075587461	0
TTC39B	0	-0.07169722259218664	1
TTC39C	1	-0.02212544069752604	2
TTC4	0	-0.12127259581803687	0
TTC5	0	-0.3752361141171535	0
TTC7A	0	-0.275342832794853	0
TTC7B	1	-0.003742864409645602	2
TTC8	0	-0.30975424757816233	0
TTC9	0	-0.06635990102098768	1
TTC9C	0	-0.2839188264622649	0
TTF1	0	-0.5739838226261329	0
TTF2	0	-0.2663127560767154	0
TTI1	0	-0.18345608515550782	0
TTI2	0	-0.23021836694821735	1
TTL	0	-0.41946650710003064	0
TTLL12	0	-0.10159836767643102	0
TTN	0	-0.25913653037219386	0
TTPAL	0	-0.28061112169410674	0
TTR	0	-0.04442792634865868	1
TTYH3	0	-0.14350642484670412	1
TUBA1C	1	0.011040760888116563	2
TUBA4A	1	0.04405980452285134	3
TUBA8	1	0.033261828133036235	2
TUBB	1	0.020971625508705845	3
TUBB1	1	0.10258493874316163	4
TUBB2A	1	0.044758223983630704	2
TUBB3	1	0.04510176158714575	2
TUBB4A	1	0.09493790937163192	4
TUBB4B	1	0.05373707821942494	4
TUBB6	1	0.011030507983976506	2
TUBB8	1	0.1439340175576791	3
TUBG1	0	-0.13997818151978306	1
TUBGCP2	0	-0.11490666164618188	1
TUBGCP3	1	-0.0620307538358759	2
TUBGCP4	0	-0.29033936341608	1
TUBGCP5	0	-0.29914178403232466	0
TUBGCP6	0	-0.27720915097350374	0
TUFM	0	-0.23084305613026226	0
TULP3	0	-0.19291525017234726	0
TUSC1	0	-0.2782915696711131	0
TUSC2	0	-0.2811576235357823	1
TUSC3	1	-0.16679792876604072	2
TUT1	0	-0.38804680362878907	0
TUT4	0	-0.0983485719241931	0
TUT7	0	-0.12865959730157375	1
TVP23B	0	-0.29295406082902437	1
TWF1	1	-0.05968076218474565	2
TWF2	0	-0.15356185923345922	0
TWSG1	0	-0.2215411606203228	1
TXLNA	1	-0.0752966982653312	2
TXLNG	0	-0.05866860297027625	1
TXN	1	-0.07929394680204357	2
TXN2	0	-0.07158407702745669	1
TXNDC11	0	-0.1721560952957988	1
TXNDC12	0	-0.27523304097460144	0
TXNDC15	1	-0.15687084978438132	2
TXNDC17	1	-0.07600454421734394	2
TXNDC5	0	-0.06372593376142285	1
TXNDC9	1	-0.12676952207713021	3
TXNIP	1	-0.1402881855016502	2
TXNL1	0	-0.11237839375034135	1
TXNL4A	1	-0.10833976396472844	2
TXNL4B	0	-0.2888449940869292	0
TXNRD1	0	-0.09504370876372022	0
TXNRD2	0	-0.21652492361507472	0
TXNRD3	0	-0.20341372501793314	1
TYK2	0	-0.1374433805919209	0
TYMP	0	-0.07194051578610443	1
TYMS	0	-0.6025728013125254	0
TYROBP	1	-0.043100934413817744	2
TYW1	0	-0.13832173696697841	1
TYW3	0	-0.36296836014078043	0
TYW5	0	-0.24389507398336807	0
U2AF1	1	-0.038234232025180614	2
U2AF2	0	-0.13587671088414893	1
U2SURP	1	0.014262309445037058	2
UACA	1	0.03522132688024075	2
UAP1	0	-0.10420088987298956	1
UAP1L1	0	-0.1655360933326263	0
UBA1	1	-0.02806508361581648	2
UBA2	1	-0.04129267737195058	2
UBA3	0	-0.22085609112068205	0
UBA5	0	-0.09737556559549088	0
UBA6	0	-0.14553951535380402	1
UBA7	1	-0.06673214625684502	2
UBAC1	1	-0.10799161884144204	2
UBAC2	1	0.09772669091710826	4
UBALD1	1	-0.2130097122030171	2
UBAP1	0	-0.14432388758729867	1
UBAP2	0	-0.1271257226777156	1
UBAP2L	0	-0.0314270608745882	1
UBASH3B	0	-0.07967283718541796	0
UBE2A	1	-0.09504284484547303	2
UBE2B	1	-0.009304399302228039	2
UBE2C	0	-0.1671836406321031	0
UBE2E2	0	-0.16077275254145942	0
UBE2E3	0	-0.18076376382039774	1
UBE2F	0	-0.2952089762669336	0
UBE2G1	0	-0.1441459195789087	1
UBE2G2	0	-0.35412593918970464	0
UBE2H	0	-0.2502173599309325	0
UBE2I	0	-0.030875840870098897	1
UBE2J1	0	-0.11982055644418055	1
UBE2J2	1	-0.24070295695998664	2
UBE2K	1	-0.15068186776496514	2
UBE2L3	0	-0.01248294095552572	1
UBE2L6	1	-0.038699992827597916	2
UBE2M	1	-0.11330444044746453	2
UBE2N	1	0.020748016727247378	2
UBE2O	0	-0.18543460335920733	0
UBE2Q1	0	-0.14603835315949248	0
UBE2Q2	0	-0.2537027974659124	0
UBE2R2	0	-0.10270070977315712	1
UBE2S	0	-0.3775892388729599	0
UBE2V2	0	0.007152518757598775	1
UBE2Z	0	-0.14253893480315588	1
UBE3A	0	-0.0882877490494214	1
UBE3B	0	-0.24804245373675426	0
UBE3C	0	-0.15299308081986257	0
UBE4A	0	-0.24272786432706667	0
UBE4B	0	-0.2815676329483978	0
UBFD1	0	-0.09686629335531388	1
UBIAD1	0	-0.6128149871469514	0
UBL4A	0	-0.28122527710381484	1
UBL5	1	-0.12859205323596876	2
UBL7	0	-0.2685171496935804	0
UBLCP1	0	-0.1853761692497824	0
UBN1	0	-0.25776967716383975	0
UBN2	0	-0.15544575813069703	1
UBOX5	0	-0.46771567760231625	0
UBP1	1	-0.0718291352890556	3
UBQLN1	1	-0.024309860946641733	3
UBQLN2	0	-0.13486984543095737	1
UBQLN4	1	-0.158585910869978	2
UBR1	0	-0.14756554733835137	0
UBR2	0	-0.15903532002316895	0
UBR3	0	-0.12464638165323869	1
UBR4	1	-0.08762453451135672	3
UBR5	1	-0.0019289998619363598	4
UBR7	1	-0.051845425330183326	2
UBTD2	0	-0.3432217536552333	0
UBTF	1	0.036151509374202785	2
UBXN1	1	-0.12781708673134423	2
UBXN2A	1	-0.12521789299213806	2
UBXN2B	0	-0.25993887761201023	0
UBXN4	0	-0.10694256501777524	1
UBXN6	1	0.0575679024317749	3
UBXN7	1	-0.06550746552699035	2
UCHL1	1	0.004368922900625655	2
UCHL3	1	-0.05045055643342992	2
UCHL5	0	-0.13516268489607736	0
UCK1	0	-0.31509312813487383	0
UCK2	0	-0.1968340055679829	0
UCKL1	0	-0.2599336698322419	0
UEVLD	0	-0.15814787165330862	0
UFC1	1	-0.06975013071468225	3
UFD1	0	-0.3503639128779393	0
UFL1	0	-0.1513399989959779	0
UFM1	1	0.046835898987794	2
UFSP1	0	-0.8196934585713966	1
UFSP2	0	-0.2059276343722798	0
UGCG	0	-0.937676104501185	0
UGDH	0	-0.08429855779215531	1
UGGT1	0	-0.13555416487443467	1
UGGT2	0	-0.13427759243216983	0
UGP2	1	-0.04909668886984736	2
UGT8	1	-0.06706735426666463	2
UHRF1	0	-0.050965064950032446	1
UHRF1BP1	0	-0.11297863777104371	1
UHRF1BP1L	0	-0.11882570326313358	1
UHRF2	0	-0.05732553233924048	0
UIMC1	0	-0.09447444426191409	0
ULK3	0	-0.23961319253548563	0
UMAD1	0	-0.16936135429591517	0
UMPS	0	-0.17140839889603957	0
UNC119	0	-0.23286519281382217	1
UNC119B	0	-0.14775933592907844	0
UNC13B	0	-0.06946982947233427	0
UNC13D	0	-0.07161407901256281	1
UNC45A	0	-0.12574684070562786	0
UNC5B	0	-0.1909687040463645	0
UNC93B1	1	-0.04007071440497319	2
UNG	0	-0.1699681745257044	0
UNK	1	0.03447715211934789	3
UNKL	0	-0.17216932405254878	0
UPF1	0	-0.1345058356684052	1
UPF2	0	-0.10121935684010439	0
UPF3A	0	-0.28029022411328575	0
UPF3B	0	-0.20894556369707734	0
UPP1	0	-0.22666849172412315	0
UPRT	0	-0.2702527512660989	0
UQCC1	0	-0.15239970014321594	1
UQCC2	0	-0.13046458101596897	1
UQCC3	0	-0.25226583892073784	1
UQCR10	1	-0.12366924518478528	2
UQCR11	0	-0.2547512734046158	0
UQCRB	0	-0.2642531359768252	0
UQCRC1	0	-0.1805152995398147	0
UQCRC2	0	-0.21855544406061841	0
UQCRFS1	0	-0.0934097851512076	1
UQCRH	0	-0.15896764518532364	0
UQCRQ	0	-0.17785359616176855	1
URB1	0	-0.07778097521873581	0
URB2	0	-0.15477170867532328	0
URGCP	0	-0.2265774069737434	0
URI1	0	-0.2093598378358636	0
URM1	0	-0.2551376750651363	0
UROD	0	-0.25380171374070837	1
UROS	0	-0.0827169140686938	1
USE1	0	-0.05745362562681067	1
USF1	1	-0.06871367586472801	2
USF2	0	-0.0440744300270694	1
USO1	1	-0.07937192546343455	2
USP10	0	-0.14523430009444355	0
USP11	0	-0.14280955517403876	1
USP13	0	-0.16024005787769996	0
USP14	0	-0.19482588801162476	0
USP15	1	-0.0050142550217227	2
USP16	0	-0.09515822639564617	1
USP19	0	-0.27090942542066526	0
USP20	0	-0.39465946025020193	0
USP22	0	-0.14267955746655553	0
USP24	0	-0.13983285062386658	1
USP25	0	-0.15019125779968928	1
USP28	0	-0.16755929574074482	0
USP3	0	-0.27644313289838796	0
USP30	0	-0.15409992354861335	0
USP32	0	-0.17668432218709818	0
USP33	0	-0.27959832703255216	0
USP34	1	-0.11323911589501146	2
USP36	0	-0.17728241019014462	0
USP39	1	0.0736950459254259	4
USP4	0	-0.1173183218141195	1
USP40	0	-0.1479335146554575	0
USP42	0	-0.8208420397404398	0
USP46	0	-0.24137750350787313	0
USP47	0	-0.1542997221966545	0
USP48	0	-0.06742466165423601	0
USP5	0	-0.2250617151244302	0
USP53	0	-0.36363851900431277	0
USP54	0	-0.092177910548744	0
USP6NL	1	-0.08176075276818778	2
USP7	1	-0.021973276714198124	2
USP8	0	-0.17191220693771053	0
USP9X	0	-0.1139148184667522	1
UTP11	0	-0.15074520440622546	1
UTP14A	0	-0.14292940536965187	1
UTP15	0	-0.060560557650379154	1
UTP18	0	-0.09391745425416217	1
UTP20	0	-0.06369708134235022	1
UTP23	0	-0.20705960938690912	1
UTP25	1	-0.09860346973997026	2
UTP3	1	-0.09481104929764765	3
UTP4	1	-0.03479840592983015	2
UTP6	0	-0.12936153913986387	1
UTRN	1	0.014898816682645056	2
UVRAG	0	-0.18804567227775984	0
UVSSA	0	-0.43238467352003196	0
UXS1	0	-0.19334499279334008	1
UXT	0	-0.2431306195564673	0
VAC14	1	-0.16724921382733687	2
VAMP2	1	0.08702266576252816	5
VAMP4	0	-0.4208751485005598	0
VAMP5	1	0.07209500287088766	3
VAMP7	0	-0.059410857644254265	1
VAMP8	1	0.04946353734043456	2
VANGL1	1	-0.1793200636267579	2
VAPA	1	0.028389919074732116	2
VAPB	1	0.050245047355721884	4
VASN	0	-0.14717115618275906	0
VASP	1	0.017407387275865722	2
VAT1	0	-0.08709113175241574	1
VAT1L	0	-0.14158297717260657	0
VAV1	1	-0.00759092288724426	2
VAV2	0	-0.07075673432434781	1
VAV3	1	-0.0498672691464417	3
VBP1	1	-0.044369572845900485	2
VCAM1	0	-0.09795557343674241	1
VCAN	0	-0.02005443457360786	1
VCL	1	0.04875137550111252	3
VCP	1	-0.17616457881934408	3
VCPIP1	0	-0.11302200168027805	0
VDAC1	1	-0.13217837069372823	2
VDAC2	0	-0.03229452834521471	1
VDAC3	1	-0.0299819742961987	2
VEGFA	0	-0.11703958902696884	1
VEZF1	1	0.10669768499435253	4
VEZT	1	-0.019515538312127857	3
VGLL4	1	-0.02814522172378872	2
VIM	0	-0.06608421666568294	1
VIPAS39	0	-0.23072956063338768	0
VIRMA	0	-0.09474376810961714	1
VKORC1	1	0.06280681637989838	2
VKORC1L1	1	0.07554255381038527	3
VLDLR	0	-0.08735939655887548	1
VMAC	0	-0.28703801578324606	0
VMP1	1	-0.0247844075089949	2
VNN1	0	-0.16811152744826713	0
VNN2	1	-0.12321857897015882	2
VPS11	0	-0.0493566567819763	1
VPS13A	0	-0.13702084781490043	1
VPS13B	0	-0.23360683174790825	1
VPS13C	1	-0.01467566116184646	2
VPS13D	0	-0.29046529075026895	0
VPS16	0	-0.19961622057126033	0
VPS18	0	-0.11930218449803194	1
VPS25	0	-0.2352756104048896	1
VPS26A	0	-0.10809337553049936	1
VPS26B	0	-0.0883592837417274	1
VPS26C	1	-0.02251447947149278	3
VPS28	0	-0.18419475730529192	1
VPS29	0	-0.18579805917827283	1
VPS33A	0	-0.264010179671499	0
VPS33B	0	-0.23368194006269954	0
VPS35	1	-0.07989309824311962	2
VPS35L	0	-0.03835839259755262	1
VPS36	0	-0.1296639080542909	1
VPS37A	0	-0.12148722457258035	1
VPS37B	0	-0.2804890407425408	0
VPS37C	0	-0.14038932664127007	1
VPS39	0	-0.12641152680519394	0
VPS41	0	-0.2665397531421254	0
VPS45	1	-0.06920130830247959	2
VPS4A	1	-0.06781654558138336	3
VPS4B	0	-0.061011663527884986	1
VPS50	1	-0.028825218420784553	2
VPS51	0	-0.1994244421714298	0
VPS52	0	-0.24448309841444926	0
VPS53	0	-0.254416710498666	1
VPS54	0	-0.33148218849961075	0
VPS72	0	-0.23089034708450695	0
VPS8	1	-0.02609530452237129	2
VPS9D1	0	-1.3409052805889994	1
VRK1	0	-0.122621917243694	0
VRK2	1	-0.08702838845685534	2
VRK3	0	-0.38922275396155676	0
VSIG4	1	-0.025446813537326363	2
VSIR	0	-0.08544679656368732	1
VSNL1	0	-0.06633781096230652	1
VTA1	0	-0.11385637401774215	0
VTI1A	1	-0.07082544050977593	2
VTI1B	0	-0.04829265524557832	1
VTN	0	-0.23519679540049662	1
VWA1	0	-0.1284597397530046	0
VWA5A	0	-0.061952875565972544	0
VWA8	0	-0.18967871569108188	1
VWF	0	-0.07186235831776558	1
WAC	0	-0.1763376315608037	0
WAPL	1	0.06699663903372581	4
WARS2	0	-0.1505727052301054	1
WAS	0	-0.024557471585022122	1
WASF1	0	-0.23552722805275828	0
WASF2	0	-0.1321577340107126	0
WASF3	0	-0.2709278599541655	0
WASHC1	0	-0.17124400231022824	0
WASHC2A	1	-0.09739396771052593	2
WASHC2C	0	-0.08371928362517288	1
WASHC3	0	-0.3578243525688887	0
WASHC4	0	-0.12520322740440104	0
WASHC5	0	-0.19310692087319337	0
WASL	0	-0.12973588290773427	1
WBP11	0	-0.1508271652614161	0
WBP2	1	-0.06588610418309256	2
WBP4	0	-0.1421279453060594	1
WDCP	0	-0.41088055507042326	1
WDFY1	0	-0.1039241629752182	1
WDFY2	0	-0.23998504485802155	0
WDFY3	0	-0.03181956327812304	1
WDFY4	1	-0.06552109027654807	2
WDHD1	0	-0.7474796237053847	0
WDR1	0	-0.014510297946241002	1
WDR11	0	-0.2872904132616236	1
WDR12	1	0.00700106837022432	4
WDR13	0	-0.18203554422631035	1
WDR18	1	-0.14556582185252673	2
WDR19	1	-0.025632210506603876	2
WDR20	0	-0.3309756119743611	0
WDR24	0	-0.040715569328067566	1
WDR26	0	-0.24815694649314715	1
WDR3	1	-0.05467240793226066	3
WDR33	0	-0.04852215513759278	1
WDR35	1	-0.04696666610563864	2
WDR36	1	-0.02586114485634288	2
WDR37	0	-0.08013856519880722	0
WDR4	0	-0.24029031608687226	1
WDR41	0	-0.30081354697491786	0
WDR43	1	0.01003471610984372	3
WDR44	0	-0.09965383902694662	1
WDR45	0	-0.14155965741809745	0
WDR45B	0	-0.14812872173836644	1
WDR46	0	-0.15885577077618745	1
WDR47	0	-0.16231787839544493	0
WDR48	0	-0.05917067425331675	0
WDR5	1	-0.03581235305222681	2
WDR54	0	-0.24860958375862138	0
WDR55	0	-0.3614335753373246	0
WDR59	1	-0.03782498279017456	2
WDR6	0	-0.3620753015034115	0
WDR61	0	-0.21788435010458146	0
WDR7	0	-0.17364419095720196	0
WDR70	0	-0.12712427587896843	0
WDR73	0	-0.292001164781495	0
WDR74	0	-0.20283035768963337	1
WDR75	1	-0.030266948278566075	2
WDR77	0	-0.0703171936490031	1
WDR81	1	-0.06293734665404142	2
WDR82	0	-0.10799237208462409	0
WDR83	0	-0.30800568690647323	0
WDR89	1	-0.10411026550046931	2
WDR91	1	-0.04773569643475509	2
WDR92	0	-0.1796655655578175	1
WDSUB1	0	-0.20043972476113994	1
WDTC1	0	-0.22429984472757747	0
WEE1	0	-0.5088576583824799	0
WFS1	1	0.0900373789097864	3
WIPF1	0	-0.08975870755578637	0
WIPF2	0	-0.030681640813491902	1
WIPI1	0	-0.10793719635820702	0
WIPI2	0	-0.06899292597009662	1
WIZ	1	0.01981911789859373	3
WLS	1	0.018243784159720538	2
WNK1	0	-0.1082580454492595	1
WRAP53	0	-0.3171190918544758	0
WRAP73	0	-0.5055064248911758	0
WRN	0	-0.28792493128227215	0
WRNIP1	0	-0.06296659545911669	1
WTAP	1	-0.03204692428485724	2
WTIP	0	-0.4037632672082328	1
WWC1	0	-0.08892122858739025	1
WWC2	0	-0.3086562374976355	0
WWC3	0	-0.24936687131220672	0
WWOX	0	-0.2625564624119562	1
WWP1	0	-0.13332977833129472	1
WWP2	0	-0.2715238002622906	0
WWTR1	1	-0.07042871187477329	2
XAB2	1	0.014481852755541947	2
XAF1	0	-0.15355843796465488	1
XIAP	1	-0.08703068274982959	2
XIRP1	0	-0.48023982213779054	0
XPA	0	-0.24086123407135746	0
XPC	1	-0.056671025429283164	2
XPNPEP1	0	-0.1490869512643446	1
XPNPEP3	0	-0.16865115825933588	1
XPO1	1	-0.0279038905339661	2
XPO4	0	-0.1916063390290473	0
XPO5	0	-0.06407934871877695	1
XPO6	0	-0.25526573244966266	0
XPO7	1	-0.13289737603150498	2
XPOT	0	-0.08540593342062881	0
XPR1	1	-0.002392093201617404	2
XRCC1	0	-0.1230926848137203	0
XRCC4	0	-0.15160567839441136	0
XRCC5	0	-0.06471237879539878	1
XRCC6	0	-0.024788601790993896	1
XRN1	1	0.020879621571731483	2
XRN2	1	-0.12566272103147952	2
XXYLT1	1	-0.13574768248561503	2
XYLB	0	-0.16628824385225802	0
YAF2	0	-0.3504484316221342	0
YAP1	0	-0.07434964194555875	0
YARS2	0	-0.17920529505025104	1
YBEY	0	-0.22911660603596884	0
YBX1	1	0.0291262888067818	2
YBX3	0	-0.18673734462665717	1
YEATS2	0	-0.20017231092862087	0
YEATS4	0	-0.03294176523027074	1
YES1	0	-0.06353542044225699	1
YIF1A	0	-0.07258500969582016	1
YIPF1	1	-0.1339500647758203	2
YIPF3	1	-0.09219429959787265	2
YIPF4	1	-0.04962980938928777	2
YIPF5	1	0.02050047114782968	3
YIPF6	1	-0.25920778290895824	2
YJU2	0	-0.20036700700406765	0
YKT6	1	0.12218133163170315	3
YLPM1	0	-0.09959738453238626	0
YME1L1	1	0.16380563376818677	3
YOD1	0	-0.17013085905348593	1
YPEL5	0	-0.37238769475597	0
YRDC	0	-0.21299630523540886	0
YTHDC1	1	-0.0171613910292054	2
YTHDC2	0	-0.10391909739419436	0
YTHDF1	1	-0.04442785055681867	2
YTHDF2	0	-0.012283964423939118	1
YTHDF3	1	0.04085211787746978	3
YWHAB	1	-0.005348003031335801	3
YWHAE	1	0.05852643954495139	4
YWHAG	1	0.04677011055089248	2
YWHAH	1	-0.0782327529738292	2
YWHAQ	1	-0.006652836245448737	3
YWHAZ	1	-0.06848764796135097	3
YY1	1	-0.08823635007196573	2
ZADH2	0	-0.12080178412538908	1
ZAP70	0	-0.08860823764763372	1
ZBED1	0	-0.15854799740718292	0
ZBED3	0	-0.5113217852939528	1
ZBTB1	1	-0.1808974828770152	2
ZBTB10	0	-0.23101800536893058	1
ZBTB11	0	-0.6453446485888066	0
ZBTB14	1	-0.00855014308299622	3
ZBTB2	0	-0.37269610042675927	0
ZBTB20	1	-0.04205585108434172	2
ZBTB21	0	-0.3162732042361801	0
ZBTB33	0	-0.37919874009114046	0
ZBTB4	0	-0.04976651579494536	1
ZBTB40	0	-0.4848111728324648	0
ZBTB7A	0	-0.30912409208608743	0
ZBTB7B	0	-0.10768340774829085	0
ZBTB8OS	0	-0.2827640617486983	0
ZC2HC1A	0	-0.17421136306415835	0
ZC3H10	0	-0.6130458427481174	0
ZC3H11A	0	-0.14817469505343678	1
ZC3H12A	0	-0.31257018273310644	0
ZC3H12C	0	-0.3605987819215152	0
ZC3H13	0	-0.17816841215208093	1
ZC3H14	1	-0.08682996330444902	2
ZC3H15	0	-0.17651408784129505	0
ZC3H18	0	-0.07713792825721374	1
ZC3H4	0	-0.08481858017252183	1
ZC3H6	0	-0.3197553969533852	0
ZC3H7A	0	-0.18593473906370983	0
ZC3H7B	0	-0.23606474963225227	0
ZC3HAV1	0	-0.11201116602381411	1
ZC3HAV1L	0	-0.1402067054276656	1
ZC3HC1	0	-0.11167087207991151	1
ZCCHC17	0	-0.2499294885956041	0
ZCCHC24	0	-0.1259207050791164	0
ZCCHC3	0	-0.2056284020688573	0
ZCCHC7	0	-0.5950886208130123	0
ZCCHC8	0	-0.12435952479977945	0
ZCCHC9	0	-0.24275578109119073	0
ZCRB1	0	-0.2574263622181454	0
ZDHHC13	1	-0.0783383526791966	2
ZDHHC17	0	-0.16325677354297843	1
ZDHHC20	1	-0.09681828697542479	2
ZDHHC3	1	-0.05534574157950235	3
ZDHHC4	0	-0.5161250945064543	0
ZDHHC5	1	0.039144424325268275	2
ZDHHC6	0	-0.5627825058860425	0
ZEB1	0	-0.15743838194399984	0
ZEB2	1	-0.015330236936628022	2
ZER1	1	-0.05444459512877844	2
ZFAND1	0	-0.19569969633490905	1
ZFAND2B	0	-0.24297212095230555	0
ZFAND3	0	-0.2535118153944921	0
ZFAND5	0	-0.11734813024033963	1
ZFAND6	0	-0.17035086768637983	1
ZFC3H1	0	-0.222804082671426	0
ZFHX3	0	-0.36751763218632927	0
ZFP3	1	-0.04459166752310466	2
ZFP36L1	0	-0.23472663114536654	0
ZFP36L2	0	-0.25421984887965476	0
ZFP64	0	-0.11766474245409222	1
ZFP91	0	-0.1622624863696509	1
ZFPL1	1	0.01956431207236317	2
ZFR	1	0.09608103572143256	4
ZFX	0	-0.18630662322010863	0
ZFYVE1	0	-0.1717355186362943	0
ZFYVE16	0	-0.18461070841570995	0
ZFYVE19	0	-0.07328394685457329	1
ZFYVE21	1	-0.015085453545599961	3
ZFYVE26	1	-0.03362744944625742	3
ZFYVE27	0	-0.10640742985492144	1
ZFYVE9	0	-0.20517880589675444	1
ZGPAT	0	-0.1205721201442497	0
ZHX1	0	-0.2618419643671337	0
ZHX2	0	-0.09789847493241513	1
ZHX3	0	-0.0892197981167722	0
ZKSCAN1	1	-0.0809995558729687	2
ZKSCAN8	1	-0.03151972349521094	3
ZMAT2	0	-0.2669832996395597	1
ZMAT3	0	-0.7800057989216852	0
ZMIZ1	0	-0.15783709984689126	1
ZMIZ2	0	-0.28159947830769455	0
ZMPSTE24	1	0.13962647098493336	3
ZMYM1	0	-0.3291404594289616	0
ZMYM2	1	-0.012572904240767402	2
ZMYM3	0	-0.02504954631929398	1
ZMYM4	0	-0.07899854862490174	1
ZMYND11	1	-0.05711856874035014	2
ZMYND8	1	-0.05852732631322706	2
ZNF106	0	-0.2484476209216015	0
ZNF131	0	-0.45931720257733755	0
ZNF143	1	0.014462039276645484	2
ZNF146	1	-0.05602936586262848	2
ZNF148	0	-0.0758705542810421	1
ZNF185	0	-0.05216800838583223	0
ZNF207	1	0.07439529160667098	3
ZNF217	0	-0.1794940455117812	1
ZNF22	0	-0.13145709490043136	0
ZNF24	0	-0.03853486276074316	1
ZNF276	0	-0.2030630546352265	0
ZNF280C	0	-0.3497746911560372	0
ZNF280D	0	-0.20851344870867855	0
ZNF281	0	-0.293145334894794	0
ZNF292	0	-0.3376491094112592	0
ZNF316	1	-0.07101450856589495	2
ZNF318	0	-0.14589379607084324	0
ZNF326	0	-0.14652088065509683	1
ZNF330	0	-0.23901072002521634	0
ZNF331	0	-0.6073058959141584	0
ZNF346	0	-0.18518614726662133	0
ZNF362	0	-0.18923803130852704	0
ZNF384	0	-0.12671067239579603	1
ZNF407	0	-0.5127386917909096	0
ZNF414	0	-0.2520168771466357	0
ZNF428	0	-0.18002178070426753	0
ZNF446	0	-0.31245585529880016	0
ZNF451	0	-0.23794608016333943	0
ZNF460	0	-0.13480344182173937	0
ZNF462	0	-0.34217447460333117	0
ZNF48	0	-0.44483794115591324	0
ZNF503	0	-0.14928957369863335	1
ZNF512	0	-0.21071096473042467	0
ZNF512B	0	-0.1547772494269255	1
ZNF516	0	-0.1480306003054751	0
ZNF526	0	-0.36653220716503443	0
ZNF532	0	-0.5263493123674862	0
ZNF574	0	-0.08894463801689514	1
ZNF579	0	-0.19788051983662036	0
ZNF592	0	-0.19894592187844862	1
ZNF593	0	-0.14603884787581622	1
ZNF598	0	-0.33756543118218807	0
ZNF609	0	-0.07883420568188129	1
ZNF618	0	-0.16771242834925837	1
ZNF622	0	-0.1225237678174107	0
ZNF629	1	0.12358845984008723	4
ZNF638	1	0.00041146110951950643	2
ZNF639	0	-0.33361370069981916	1
ZNF644	0	-0.20333896650888766	0
ZNF652	0	-0.12575208998110543	1
ZNF654	0	-0.3370803341164845	0
ZNF655	0	-0.21681988222033147	1
ZNF668	0	-0.36888436756463155	0
ZNF672	0	-0.5659678739395997	0
ZNF687	0	-0.07854232607375553	1
ZNF688	0	-0.48910242809078885	1
ZNF691	0	-0.3712953688028667	0
ZNF706	0	-0.289987596268521	0
ZNF740	0	-0.24665141597837703	1
ZNF768	1	0.095018867321832	4
ZNF787	1	0.0569519917040064	4
ZNF8	0	-0.7391583656274482	0
ZNF800	0	-0.0458701063946209	1
ZNF827	0	-0.7285099465705873	0
ZNF830	0	-0.1332806573733735	0
ZNF865	0	-0.4120169531324457	0
ZNFX1	0	-0.14159818376381933	0
ZNHIT1	0	-0.3146533265147962	0
ZNHIT2	0	-0.2957108940485978	1
ZNHIT6	0	-0.1848567974173294	0
ZNRF2	0	-0.1672132065275027	0
ZPR1	0	-0.1039501671038258	1
ZRANB2	1	0.029068518789717623	2
ZRSR2	0	-0.47983393316524847	0
ZSCAN18	0	-0.08474471944504117	0
ZSWIM8	0	-0.33687171408240885	1
ZW10	1	-0.13522439241072098	2
ZWILCH	0	-0.23132188359159228	0
ZYG11B	0	-0.30394864106417085	0
ZYX	1	0.011391497577014464	2
ZZEF1	1	-0.1792515289494136	2
ZZZ3	0	-0.4052009564824761	0
