arm,set,parent,kind,stratum,selected,n_genes,n_complete,mnar_exposed,n_sel,G_tested,s,median_n_fit,median_miss_frac,N_set,N_null_mean,N_null_sd,N_z,N_p2,N_p_up,Nc_set,Nc_null_mean,Nc_null_sd,Nc_z,Nc_p2,Nc_p_up,D_set,D_null_mean,D_null_sd,D_z,D_p2,D_p_up,Nc_rhow_set,Nc_rhow_null_mean,Nc_rhow_null_sd,Nc_rhow_z,theta_raw,theta_set,theta_pc,lambda_hat_noise,lambda_hat_noise_raw,theta_pc_ci_lo,theta_pc_ci_hi,theta_pc_boot_se,theta_raw_ci_lo,theta_raw_ci_hi,theta_ci_lo,theta_ci_hi,lambda_ci_lo,lambda_ci_hi,n_boot,S_cross_mean,S_cross_null_mean,S_cross_z,Wm_mean,Wm_null_mean,Wm_z,frac_Nc_below_band,frac_Nc_above_band,rho2bar,median_cnt_depth,median_icc,mean_icc,median_lambda_poisson_ub,fX_if_lambda_icc,fX_if_lambda_poisson,lambda_lo,lambda_lo_source,lambda_hi,kappa_source,kappa,theta_noise_min,theta_reading_ok,margin_theta_pc_minus_tnm,margin_ci_hi_minus_tnm,r1_band_limit,margin_abs_theta_pc_minus_band,z_D_minus_gate,fX_lo,fX_hi,post_share_lb
operator_scanner,all,all,primary,miss0,False,7041,7041,False,,7054.0,,137.0,0.0,39.85543358175892,-1.195175968815656,10.103805281620119,4.062886051975877,0.009950248756218905,0.004975124378109453,179.67091370374567,-1.4092636290735197,56.617535592915125,3.198305532667493,0.009950248756218905,0.004975124378109453,589.087148542653,194.78485237301132,48.61743741772284,8.11030603653133,0.009950248756218905,0.004975124378109453,85.3495939610658,-1.5649555311789323,23.741784847120655,3.6608262627224306,0.06765626050467671,0.06765626050467671,0.10410948642539292,0.09429271979398741,0.06336895404209579,0.028549914730505856,0.31876887093729456,0.11231720741546292,0.01596501760342023,0.17127843976639823,0.01596501760342023,0.17127843976639823,0.027757362142863354,0.2417152638559643,200,-0.03348092002520109,-0.018753387658096927,-1.6257851096140004,0.20838071700397878,0.0727374493662871,4.851874946041724,0.03138758699048431,0.11305212327794348,0.15724903534954576,1593.0,,,0.9939695300733052,,0.0006316382021546132,0.1651,transferred,0.9939695300733052,unselected,1.0,0.19774823332135585,True,-0.09363874689596294,0.1210206376159387,0.05,0.054109486425392914,5.11030603653133,0.0006316382021546132,0.5264749256000033,0.4735250743999967
operator_scanner,all|depthT1,all,depth,depthT1,False,2345,7041,False,,2358.0,,137.0,0.0,10.42441035862408,-0.11871641179761586,2.379391514306227,4.431018059462071,0.009950248756218905,0.004975124378109453,53.27287175839865,2.2930728804513616,14.238420098546118,3.580439299101227,0.009950248756218905,0.004975124378109453,175.57495263145677,57.602990848895224,15.543904617949394,7.589596351893005,0.009950248756218905,0.004975124378109453,21.288038165120355,-0.2759477150597839,5.5722043637331895,3.8699201379852104,0.05937299257318095,0.05937299257318095,0.08936976728295931,0.08203804618688841,0.05604540892529832,0.013038554115518202,0.27436158116412257,0.09552790771216912,0.007376009978795216,0.13799241787559796,0.007376009978795216,0.13799241787559796,0.012869649071664088,0.21529295587150993,200,-0.0253870270023236,-0.013991556899423893,-1.74385350908048,0.18828302797300117,0.06640117022824414,5.711610328633735,0.03539445628997868,0.09850746268656717,0.14604529340995684,497.0,,,0.982436317827783,,0.0015977241067731515,0.1408,transferred,0.982436317827783,unselected,1.0,0.1638733705772812,True,-0.0745036032943219,0.11048821058684136,0.05,0.03936976728295931,4.589596351893005,0.0015977241067731515,0.545358693533513,0.45464130646648704
operator_scanner,all|depthT2,all,depth,depthT2,False,2349,7041,False,,2349.0,,137.0,0.0,13.861234546617055,-0.1103884277685544,3.6000059308749406,3.8809999879611214,0.009950248756218905,0.004975124378109453,60.56073527826814,-0.3395057716531201,20.770544010237845,2.9320484345476654,0.009950248756218905,0.004975124378109453,185.24617758968523,61.63304640253696,15.778388930916238,7.834331611951852,0.009950248756218905,0.004975124378109453,30.522560345343216,0.15343393063403368,8.443229149097647,3.596861565453879,0.07482602192915029,0.07482602192915029,0.11302701290878879,0.10154920913680576,0.06961686859315974,0.020617423465453106,0.4382370530415226,0.12073062618475233,0.012725804981362034,0.19230058762756777,0.012725804981362034,0.19230058762756777,0.020200918291807844,0.30468007405215863,200,-0.031793202202632695,-0.01796593499807979,-1.4153206704819472,0.20297284087207276,0.07005097485005496,4.369977798903732,0.02724563644103874,0.10940825883354618,0.15528050753403239,1592.0,,,0.9934997180131567,,0.0007395145088787755,0.1736,transferred,0.9934997180131567,unselected,1.0,0.21006776379477252,True,-0.09704075088598373,0.2281692892467501,0.05,0.06302701290878879,4.834331611951852,0.0007395145088787755,0.5380502503906859,0.4619497496093141
operator_scanner,all|depthT3,all,depth,depthT3,False,2347,7041,False,,2347.0,,137.0,0.0,15.569788676517788,-0.9660711292494856,4.746218526585844,3.4840072603362024,0.009950248756218905,0.004975124378109453,65.83730666707885,-3.362830737871759,25.365758008386738,2.728092627157872,0.009950248756218905,0.004975124378109453,228.266018321511,75.5488151215791,18.64774034633517,8.189582242330255,0.009950248756218905,0.004975124378109453,33.53899545060224,-1.4424417467531865,11.166713662491887,3.1326528336492885,0.06820896422080598,0.06820896422080598,0.10827764953316435,0.09769902837865019,0.06385357781617225,0.027270767584633017,0.3978891622935179,0.1368096018425866,0.01255225863891082,0.20173945714751848,0.01255225863891082,0.20173945714751848,0.02654625400827064,0.28463569275759026,200,-0.04325707183766842,-0.024299284303801464,-1.5241292607634398,0.23387376421807762,0.08175709283341107,4.471648037289756,0.031529612270984234,0.13123135918193438,0.17041343530138933,4672.0,,,0.9978608364573772,,0.0002321201433103094,0.1857,transferred,0.9978608364573772,unselected,1.0,0.22804863072577675,True,-0.1197709811926124,0.16984053156774115,0.05,0.05827764953316435,5.189582242330255,0.0002321201433103094,0.47480070013384884,0.5251992998661512
operator_scanner,all|miss0-5,all,miss,miss0-5,False,500,7041,False,,501.0,,132.0,0.03649635036496346,1.0922286475109009,-0.33025830747144025,0.470900757823578,3.020778648895853,0.009950248756218905,0.004975124378109453,6.278390578408883,-1.9987564029118614,2.9340462776945078,2.8210689941212164,0.009950248756218905,0.004975124378109453,22.027934892638505,5.967992414636412,2.57545930125007,6.235758596614963,0.009950248756218905,0.004975124378109453,2.310073693305916,-0.6108331454888504,1.0471282457182998,2.7894451808919625,0.04958379679412943,0.04958379679412943,0.08857360211163738,0.0813666636227633,0.04724138934459469,-0.04224606122074679,0.4903316882474477,0.335666581516599,-0.04371462418794456,0.1913624461715807,-0.04371462418794456,0.1913624461715807,-0.038003448920557466,0.32997963569713207,200,-0.01369727584730663,-0.009892917340453009,-0.6857834867708316,0.19254025462788513,0.052108012683217214,5.7844349821838055,0.034,0.076,0.1265918839215927,901.0,,,0.9914116356186765,,0.0007672921541075112,0.1651,transferred,0.9914116356186765,unselected,1.0,0.19774823332135585,True,-0.10917463120971847,0.29258345492609183,0.05,0.03857360211163738,3.2357585966149633,0.0007672921541075112,0.44791096549367687,0.5520890345063232
operator_scanner,all|miss5-20,all,miss,miss5-20,False,847,7041,False,,850.0,,122.0,0.10948905109489049,3.3743407569013453,-0.0681679947972831,0.6752408246263454,5.098194045959221,0.009950248756218905,0.004975124378109453,16.817960551060313,0.5692110138081388,4.087277568641896,3.975445578229042,0.009950248756218905,0.004975124378109453,36.64551528001389,10.128968438120777,4.083092209300892,6.494231695647471,0.009950248756218905,0.004975124378109453,6.828402133679184,-0.10608465364902951,1.4461062008762877,4.795281828627916,0.09208059243041067,0.09208059243041067,0.12982492676082008,0.11490711851527734,0.08431666405268365,0.023646465864747612,0.45993950667058864,0.13021455741839158,0.014697742197949417,0.23238504648031508,0.014697742197949417,0.23238504648031508,0.023098067065025846,0.315037640816531,200,-0.004664774230094629,-0.005483396879625402,0.17913229715107573,0.20614383002475326,0.06150239767179652,6.30913268032697,0.03659976387249114,0.08736717827626919,0.10588431129479078,982.0,,,0.9912688942188962,,0.0011434991808816583,0.1651,transferred,0.9912688942188962,unselected,1.0,0.19774823332135585,True,-0.06792330656053577,0.26219127334923276,0.05,0.07982492676082008,3.4942316956474713,0.0011434991808816583,0.6565162407789745,0.3434837592210255
operator_scanner,all|miss20+,all,miss,miss20+,False,1488,7041,False,,1492.0,,79.0,0.4233576642335767,5.5391226646999785,0.3318003182441469,1.3150251592012636,3.9598651858636074,0.009950248756218905,0.004975124378109453,17.049282222216043,0.1115372331043158,5.2481007340232155,3.227404702677493,0.009950248756218905,0.004975124378109453,27.1971921205253,-2.0012281759786403,9.09108951323135,3.2117624905142543,0.009950248756218905,0.004975124378109453,7.678538176324216,0.3852620800809725,1.8124751644716373,4.023931604254196,0.20366524015248208,0.20366524015248208,0.17834260530455232,0.1513503835825899,0.16920422170426844,-2.4223094864264234,1.929116628387586,13.16158813334977,-1.7048497494036838,5.11112105327547,-1.7048497494036838,5.11112105327547,-2.6994456288806052,0.6621274239555759,200,0.0019091116841692694,-0.0001230172944424183,0.6147960720123258,0.1488566285480809,0.03269516733074255,6.385748612579681,0.04032258064516129,0.0625,0.10304884438746513,659.5,,,0.9886184595750863,,0.0020531819450656554,0.1651,transferred,0.9886184595750863,unselected,1.0,0.19774823332135585,True,-0.01940562801680354,1.7313683950662302,0.05,0.12834260530455233,0.21176249051425433,0.0020531819450656554,0.9018669967823788,0.0981330032176212
operator_scanner,all|miss<=5,all,miss,miss<=5,False,7541,7041,False,,7555.0,,137.0,0.0,40.947662229269824,-1.5254342762870952,10.428459015674616,4.072806580695886,0.009950248756218905,0.004975124378109453,185.94930428215457,-3.4080200319853886,58.580685820375066,3.2324190415722174,0.009950248756218905,0.004975124378109453,611.1150834352916,200.75284478764775,50.64379748089667,8.102912085185483,0.009950248756218905,0.004975124378109453,87.65966765437173,-2.1757886766677843,24.453076498555166,3.67378952649772,0.06700482992350425,0.06700482992350425,0.10350147383328391,0.0937936888056398,0.06279711960470503,0.02743291314704618,0.3193877569978024,0.11411161612217983,0.014450496456443095,0.16869226676033391,0.014450496456443095,0.16869226676033391,0.026700400257697654,0.2420715743169867,200,-0.03216918125196846,-0.018165901229397555,-1.6107468163401621,0.2073304277601057,0.0713696309945148,4.946144844348441,0.03156080095478053,0.1105954117491049,0.15521633733681847,1540.0,,,0.9938078572372775,,0.0006448891477971726,0.1651,transferred,0.9938078572372775,unselected,1.0,0.19774823332135585,True,-0.09424675948807194,0.12163952367644656,0.05,0.05350147383328391,5.1029120851854834,0.0006448891477971726,0.5234002453265217,0.47659975467347826
operator_scanner,pinned_sig,pinned_sig,primary,miss0,True,1454,1454,False,1454.0,7054.0,0.20612418485965409,137.0,0.0,16.761251492509246,-1.0097817410562957,2.4329968039019283,7.304174508188903,0.009950248756218905,0.004975124378109453,65.16214539058078,-3.6455450578195068,12.735914920813162,5.402649976559913,0.009950248756218905,0.004975124378109453,285.2360333829346,91.43791812842024,17.01195033972826,11.3918810826725,0.009950248756218905,0.004975124378109453,32.300890404230515,-1.8795067968132566,5.568126602590504,6.138581185481981,0.05876274218835093,0.05876274218835093,0.09169868969172845,0.08399633576332508,0.055501331740191895,0.05344553374260092,0.18643399254044685,0.035372829667524544,0.031767785214284375,0.11055489445253693,0.031767785214284375,0.11055489445253693,0.050734023206763304,0.15713808353713415,200,-0.08799119863637027,-0.046440470707068734,-3.9197978607486657,0.22698629569699508,0.07432754631825161,5.659545713764362,0.026822558459422285,0.18982118294360384,0.1649284591387765,1915.5,,,0.9954628093623281,,0.0004179507586251314,0.1651,transferred,0.9954628093623281,table,0.55,0.10876152832674574,True,-0.017062838635017286,0.07767246421370111,0.05,0.04169868969172845,8.3918810826725,0.0004179507586251314,0.8431169651850016,0.15688303481499843
operator_scanner,pinned_sig|depthT1,pinned_sig,depth,depthT1,True,485,1454,False,485.0,2796.0,0.1734620886981402,137.0,0.0,4.4438223316865155,-0.647971928749172,0.687294444271104,7.408461253947259,0.009950248756218905,0.004975124378109453,18.747802046648246,-2.9736502893849863,3.838365543439344,5.659036923453063,0.009950248756218905,0.004975124378109453,93.73217970109374,29.564849477652047,5.608657171815269,11.440765277274673,0.009950248756218905,0.004975124378109453,8.20641259236006,-1.446412354828027,1.5367480338680506,6.281332225226003,0.04740978334076511,0.04740978334076511,0.07935181723635973,0.073518028106477,0.0452638347424532,0.041662678956015234,0.16710223542751676,0.03154609291785241,0.022492543564315255,0.09708639016471914,0.022492543564315255,0.09708639016471914,0.03999631463836961,0.14317694578406095,200,-0.08224824721070673,-0.04730466688860062,-3.953687125581657,0.19140259304579005,0.06643136826166957,6.07001042695149,0.030927835051546393,0.18762886597938144,0.1473284506732615,562.0,,,0.985688303795522,,0.001152148297983287,0.1408,transferred,0.985688303795522,table,0.45,0.07374301675977654,True,0.005608800476583187,0.09335921866774022,0.05,0.029351817236359726,8.440765277274673,0.001152148297983287,1.0,-0.07605873373548433
operator_scanner,pinned_sig|depthT2,pinned_sig,depth,depthT2,True,484,1454,False,484.0,2395.0,0.20208768267223381,137.0,0.0,7.071802740836854,0.04172606322119938,0.9523786768758153,7.381598148204168,0.009950248756218905,0.004975124378109453,26.655682393623575,0.38054384178141254,4.910448424993107,5.35086335865121,0.009950248756218905,0.004975124378109453,91.51838571539074,29.703841489716652,5.302715874533135,11.657148089443204,0.009950248756218905,0.004975124378109453,14.191032657307169,0.264896235867595,2.203621073364602,6.319660212804388,0.07727193487469461,0.07727193487469461,0.11372852078226242,0.102115119313261,0.07172927500769123,0.07173888065361289,0.22368047116058226,0.03921215036048199,0.049122394427626885,0.13587368013189183,0.049122394427626885,0.13587368013189183,0.0669366565564404,0.18279311504150056,200,-0.08590736345687748,-0.04469329621027859,-3.5314350418459384,0.23057428888146383,0.07586634416916435,5.400634672115735,0.01652892561983471,0.19421487603305784,0.18011639819837216,1915.5,,,0.9951831834418773,,0.0005504608911699918,0.1736,transferred,0.9951831834418773,table,0.55,0.11553727008712489,True,-0.001808749304862467,0.10814320107345737,0.05,0.06372852078226242,8.657148089443204,0.0005504608911699918,0.9843448845251535,0.015655115474846548
operator_scanner,pinned_sig|depthT3,pinned_sig,depth,depthT3,True,485,1454,False,485.0,1863.0,0.2603327965646806,137.0,0.0,5.245626419985873,-0.4035358755283231,1.0452189351124475,5.404764595951799,0.009950248756218905,0.004975124378109453,19.75866095030894,-1.0524386102159333,5.340448552691773,3.896882322747094,0.009950248756218905,0.004975124378109453,99.98546796645007,32.16922716105156,6.547506903735958,10.35756690332057,0.009950248756218905,0.004975124378109453,9.903445154563284,-0.6979906778528246,2.388709815037224,4.438143036746766,0.05246388826970368,0.05246388826970368,0.08330102389079189,0.07689554616278985,0.04984863505004109,0.03687174829491471,0.19693733997084772,0.045239154194968406,0.020059354368907528,0.11533212971386421,0.020059354368907528,0.11533212971386421,0.03556056775599986,0.16453013903119618,200,-0.09581368867414618,-0.04731984660068417,-3.5415053374521555,0.258989403087823,0.08068809930299498,5.281811180926907,0.032989690721649485,0.18762886597938144,0.16737184388296295,6464.0,,,0.9985167385142141,,0.00012374074033811097,0.1857,transferred,0.9985167385142141,table,0.55,0.1254267468991772,True,-0.042125723008385324,0.07151059307167051,0.05,0.033301023890791884,7.357566903320571,0.00012374074033811097,0.6641408308050308,0.33585916919496916
operator_scanner,pinned_sig|miss0-5,pinned_sig,miss,miss0-5,True,33,1454,False,33.0,501.0,0.0658682634730539,132.0,0.03649635036496346,-0.04791774092048119,-0.104039758438314,0.06800008714763571,0.8253227293074744,0.43781094527363185,0.21890547263681592,0.031449629222260383,-0.4644014866420447,0.4438578861273495,1.117139362309399,0.26865671641791045,0.13432835820895522,6.06342687591545,2.6449817428861513,0.43881319699855964,7.7902058470691795,0.009950248756218905,0.004975124378109453,-0.11823871232732125,-0.2278148630085096,0.14398563154460217,0.7610214262750594,-0.007902749039625652,-0.007902749039625652,0.016417410645435625,0.01615223280660885,-0.007965699967392912,-0.12062330748174413,0.14590547501399578,0.07586731454905926,-0.07438768782553166,0.06074966549751932,-0.07438768782553166,0.06074966549751932,-0.1371874914648579,0.12732156789604976,200,-0.10201787916872915,-0.0637580005308877,-2.891653338606611,0.1904872071501728,0.08230992468554725,4.3477139019772855,0.030303030303030304,0.06060606060606061,0.13404081812267285,792.0,,,0.990063640946645,,0.00016476646566219275,0.1651,transferred,0.990063640946645,table,0.4,0.07909929332854235,True,-0.06268188268310672,0.06680618168545344,0.1,-0.08358258935456438,4.7902058470691795,0.00016476646566219275,0.2075544540865264,0.7924455459134736
operator_scanner,pinned_sig|miss5-20,pinned_sig,miss,miss5-20,True,54,1454,False,54.0,850.0,0.06352941176470588,125.5,0.08394160583941607,0.37922602729040383,0.0679933779601875,0.09321191475402225,3.338979251220522,0.009950248756218905,0.004975124378109453,2.0789002737506217,0.20006938258973306,0.5390895209241827,3.4851927522908137,0.009950248756218905,0.004975124378109453,10.95640049256932,4.277098516846512,0.7310189167265293,9.136975559582549,0.009950248756218905,0.004975124378109453,0.6968206041370676,0.1607896029986625,0.19624085912822503,2.7314953854138957,0.03461228234104774,0.03461228234104774,0.046596583065333846,0.04452200954914168,0.033454350902088176,-0.007432380328744801,0.13817017252875688,0.04194277399385278,0.002306483075882416,0.08199091363113867,0.002306483075882416,0.08199091363113867,-0.0074882201201126,0.12139674358036395,200,-0.05703788904227714,-0.03397836388265363,-2.1788833546738764,0.18217250753744257,0.05677122336928952,5.282531294060921,0.037037037037037035,0.07407407407407407,0.10895556072135815,963.25,,,0.99161563444978,,0.00039398610937364933,0.1651,transferred,0.99161563444978,table,0.4,0.07909929332854235,True,-0.0325027102632085,0.05907087920021453,0.1,-0.05340341693466616,6.136975559582549,0.00039398610937364933,0.5890897516845431,0.41091024831545686
operator_scanner,pinned_sig|miss20+,pinned_sig,miss,miss20+,True,24,1454,False,24.0,1492.0,0.0160857908847185,95.0,0.30656934306569344,-0.13917584034621913,-0.10341204454234636,0.07204251364251044,-0.49642626271120943,0.5870646766169154,0.7114427860696517,-0.5302576576086597,-0.48527185961302594,0.44160177542642265,-0.10186960401641114,0.8756218905472637,0.5671641791044776,6.177386811468773,2.0637292611328077,0.5167678572683532,7.960358780983117,0.009950248756218905,0.004975124378109453,-0.2798006138756312,-0.19935647617194277,0.1243911609382113,-0.6467030060411396,-0.022529889190009752,-0.022529889190009752,-0.008693916634103857,-0.008770163706233293,-0.023049184768770204,-0.12102947723688783,0.1675722267373378,0.0761015714535309,-0.08809172352927191,0.07020846008148308,-0.08809172352927191,0.07020846008148308,-0.13769481897442667,0.14351601179384244,200,-0.1100495252646963,-0.04933234139986559,-3.092380757083053,0.19044012544602906,0.05059678787777178,3.8106717081225585,0.125,0.041666666666666664,0.1073168283078041,733.5,,,0.9901911767448217,,-8.612184562128824e-05,0.1651,transferred,0.9901911767448217,table,0.3,0.05932446999640675,True,-0.06801838663051062,0.10824775674093104,0.1,-0.09130608336589614,4.960358780983117,0.0,0.0,1.0
operator_scanner,pinned_sig|miss<=5,pinned_sig,miss,miss<=5,True,1487,1454,False,1487.0,7555.0,0.19682329583057578,137.0,0.0,16.713333751588763,-1.1138214994946098,2.4485603217840137,7.280668192031537,0.009950248756218905,0.004975124378109453,65.19359501980303,-4.109946544461552,12.802479819146146,5.413290436171665,0.009950248756218905,0.004975124378109453,291.29946025885,94.08289987130642,17.347285477690164,11.368727438144601,0.009950248756218905,0.004975124378109453,32.18265169190319,-2.1073216598217663,5.600223603108317,6.122965042448097,0.057375093440740405,0.057375093440740405,0.09039380473958088,0.08290014520136572,0.054261816640715055,0.05226981105924532,0.18199659048002773,0.03524952297495243,0.03117306151104598,0.10880991953169532,0.03117306151104598,0.10880991953169532,0.04967332826830358,0.15397370468440283,200,-0.08830248340944884,-0.046824787105310864,-3.978161012385789,0.2261762957494193,0.07450469392156081,5.666215970040867,0.026899798251513115,0.18695359784801613,0.16424299030654282,1871.0,,,0.9954097686227003,,0.0004168418795038017,0.1651,transferred,0.9954097686227003,table,0.45,0.08898670499461013,True,0.0014070997449707467,0.0930098854854176,0.05,0.040393804739580874,8.368727438144601,0.0004168418795038017,1.0,-0.015812471593998012
operator_scanner,ecm,ecm,primary,miss0,False,202,202,False,,202.0,,137.0,0.0,2.85161355003019,-0.08266944435052481,0.6309383987600103,4.650664787794642,0.009950248756218905,0.004975124378109453,10.432068956595984,0.03734487993147984,2.8953398648534283,3.5901567905192087,0.009950248756218905,0.004975124378109453,24.625505539314666,7.369409331501779,1.5940353256307,10.825416432339916,0.009950248756218905,0.004975124378109453,6.253064404724478,-0.008371960584224172,1.5742479745113798,3.977414274426586,0.11579918818225207,0.11579918818225207,0.17004326813223178,0.1453307520872078,0.10378138773420376,0.025918060158366642,0.4241118273884906,0.10300388572781904,0.01240600151402384,0.2569971983227871,0.01240600151402384,0.2569971983227871,0.02526294548907837,0.29779866330233334,200,-0.07886670103512891,-0.04768326569389731,-2.128003114961142,0.2871358675398426,0.049241750277305665,6.799234984892274,0.034653465346534656,0.21782178217821782,0.27540200960320327,3743.5,,,0.9983449996542173,,0.00028188819261311035,0.1651,transferred,0.9983449996542173,unselected,1.0,0.19774823332135585,True,-0.027704965189124076,0.22636359406713477,0.05,0.12004326813223178,7.825416432339916,0.00028188819261311035,0.8598977865754107,0.14010221342458928
operator_scanner,ecm|depthT1,ecm,depth,depthT1,False,67,202,False,,67.0,,137.0,0.0,1.0201493261396921,0.16570689164221838,0.15637326706046553,5.464120885618401,0.009950248756218905,0.004975124378109453,3.9561376426017363,1.0126577128336953,0.8378922870266247,3.5129574234575927,0.009950248756218905,0.004975124378109453,6.673661443499875,1.427462647997593,0.599312249369716,8.753698595380952,0.009950248756218905,0.004975124378109453,2.160384469507001,0.44336383738489277,0.391929227590255,4.38094561785828,0.15286201357027399,0.15286201357027399,0.162868863305373,0.14005780741469825,0.132593503620506,0.013897000424682969,0.39629424937519897,0.14922973719846644,0.04331752469462942,0.3192113039298144,0.04331752469462942,0.3192113039298144,0.013704674487898095,0.2838157713544674,200,-0.04153220454009349,-0.018670940566627454,-1.7902774735201452,0.2784075701151354,0.05399742150006186,8.076591599978713,0.04477611940298507,0.22388059701492538,0.22933050671470248,614.0,,,0.9921405467765122,,0.0012902004830567134,0.1408,transferred,0.9921405467765122,unselected,1.0,0.1638733705772812,True,-0.001004507271908206,0.23242087879791776,0.1,0.062868863305373,5.753698595380952,0.0012902004830567134,0.9938702226702876,0.006129777329712427
operator_scanner,ecm|depthT2,ecm,depth,depthT2,False,67,202,False,,67.0,,137.0,0.0,1.012900171123186,-0.10427171200498343,0.2274745489118281,4.91119506983262,0.009950248756218905,0.004975124378109453,3.6131756408062947,-0.34212375474592077,1.0424979100970124,3.7940597839511683,0.009950248756218905,0.004975124378109453,9.875565315621115,2.9772521341230322,0.6377302509195554,10.816976568935335,0.009950248756218905,0.004975124378109453,2.2168267836384206,-0.22350813563194952,0.5672774667885652,4.301836512360411,0.1025662975992864,0.1025662975992864,0.1619485595586655,0.13937670323389983,0.093025061461259,0.05294689735227881,0.3656142288037502,0.07834619817021565,0.025877321346773542,0.21395177479955776,0.025877321346773542,0.21395177479955776,0.05028206298086097,0.26772782520377003,200,-0.08513818737826624,-0.05364769841714157,-1.9503944776797377,0.28440065470427117,0.04807580679857107,6.8041323387642345,0.05970149253731343,0.22388059701492538,0.2558963396930784,3682.0,,,0.9982865036194538,,0.0002779745790735683,0.1736,transferred,0.9982865036194538,unselected,1.0,0.21006776379477252,True,-0.04811920423610702,0.1555464650089777,0.1,0.06194855955866549,7.816976568935335,0.0002779745790735683,0.7709348480373339,0.22906515196266608
operator_scanner,ecm|depthT3,ecm,depth,depthT3,False,68,202,False,,68.0,,137.0,0.0,0.8185640527673123,-0.14410462398775978,0.32896739570813166,2.926334613443505,0.009950248756218905,0.004975124378109453,2.862755673187952,-0.6331890781562945,1.4550398089765009,2.402645432638267,0.009950248756218905,0.004975124378109453,8.076278780193679,2.964694549381154,0.6509988675699689,7.8519095584496315,0.009950248756218905,0.004975124378109453,1.8758531515790575,-0.2282276623371674,0.8220777581045313,2.5594669034321207,0.1013541106053402,0.1013541106053402,0.18833078616842994,0.15848346972114594,0.09202681465421932,-0.07893465341662147,0.6970366904248978,0.23200557953052825,-0.06792332483751401,0.3568709780936325,-0.06792332483751401,0.3568709780936325,-0.08575002187787524,0.4107075498471643,200,-0.10947290221420496,-0.07039221850374605,-1.7714805805437663,0.298430796766882,0.04570481264716674,5.254737155185631,0.0,0.20588235294117646,0.34001481221361385,14161.5,,,0.9996956010080007,,5.734515728017783e-05,0.1857,transferred,0.9996956010080007,unselected,1.0,0.22804863072577675,True,-0.03971784455734681,0.46898805969912105,0.1,0.08833078616842993,4.8519095584496315,5.734515728017783e-05,0.8258360752663031,0.1741639247336969
operator_scanner,ecm|miss20+,ecm,miss,miss20+,False,18,202,False,,18.0,,80.0,0.41605839416058393,0.06083981235417142,0.03864473582648892,0.1205034653583901,0.18418620959714302,0.8258706467661692,0.4129353233830846,0.32214479263719203,0.06654030532389088,0.4407729131685929,0.5799006238287924,0.5472636815920398,0.2736318407960199,1.1891681190890613,-0.07552347128806952,0.5616026665092319,2.2519330227509546,0.01990049751243781,0.009950248756218905,0.08227194819868426,0.05107653323965633,0.13597706172259968,0.22941674547041035,0.051161657782060756,0.051161657782060756,0.01754979371774263,0.017247110486477826,0.04867154105488519,-2.1961421754067874,4.8453510256508405,5.019072267309362,-2.7418135722037156,3.2879611729525497,-2.7418135722037156,3.2879611729525497,-2.417030450890234,0.841797659026071,200,0.0017235437001494327,0.0039332226875371775,-0.08788312443717798,0.1262472605198244,-0.0007901154133907947,3.7353809913301097,0.0,0.05555555555555555,0.1031120712208319,444.75,,,0.9920363881425297,,0.000140881672302824,0.1651,transferred,0.9920363881425297,unselected,1.0,0.19774823332135585,False,-0.18019843960361323,4.647602792329485,0.1,-0.08245020628225738,-0.7480669772490454,0.000140881672302824,0.08874816944241867,0.9112518305575813
operator_scanner,ecm|miss<=5,ecm,miss,miss<=5,False,209,202,False,,209.0,,137.0,0.0,2.7868426976913145,-0.1109506775777156,0.6372075478150241,4.547644460906849,0.009950248756218905,0.004975124378109453,10.044611614236759,-0.10005255010439218,2.926780074138201,3.466151848573138,0.009950248756218905,0.004975124378109453,24.82510022026796,7.4415928422914455,1.5975709369039133,10.88121157966587,0.009950248756218905,0.004975124378109453,6.091104954234369,-0.06856304555805946,1.589458239520583,3.875325470425902,0.11225907138195769,0.11225907138195769,0.16669785402112222,0.1428800554030198,0.10092888812538811,0.02045195359853294,0.4276890627594448,0.10379874917138647,0.008191950860659597,0.25244383606097776,0.008191950860659597,0.25244383606097776,0.020041891731603378,0.29956127484878126,200,-0.07974805608987885,-0.047809139930051925,-2.2316701432664106,0.28363372997112946,0.0469006147390781,6.933867780642066,0.03827751196172249,0.21052631578947367,0.2771000219098111,3314.0,,,0.9982826922042608,,0.00028676398627263127,0.1651,transferred,0.9982826922042608,unselected,1.0,0.19774823332135585,True,-0.031050379300233633,0.22994082943808894,0.05,0.11669785402112222,7.8812115796658695,0.00028676398627263127,0.8429802442291637,0.15701975577083627
operator_scanner,pinned_sig&ecm,pinned_sig&ecm,primary,miss0,True,84,84,False,84.0,202.0,0.4158415841584158,137.0,0.0,1.4330315310670032,-0.11146086996134102,0.28599605936709316,5.400397489553852,0.009950248756218905,0.004975124378109453,5.189130371316774,-0.3529788688939425,1.35981285688658,4.075641153224496,0.009950248756218905,0.004975124378109453,17.257459367056196,4.874955878861958,1.0454644366218702,11.84402171364612,0.009950248756218905,0.004975124378109453,2.697336488802616,-0.2589424339219969,0.6674715687444899,4.429070931493541,0.08303838361066075,0.08303838361066075,0.12473183653862069,0.11089917835213485,0.07667169037335989,0.02846734931215191,0.25926063398877724,0.0595885799636994,0.012638972478086746,0.1730876789556696,0.012638972478086746,0.1730876789556696,0.02767928145584471,0.2058832052224018,200,-0.11648408029214508,-0.06849313402211114,-2.847926506339294,0.2966722204793362,0.04441544776055172,6.191201489575792,0.047619047619047616,0.27380952380952384,0.24029525749212727,3936.0,,,0.9984616073125894,,0.00019218219690468052,0.1651,transferred,0.9984616073125894,table,0.55,0.10876152832674574,True,0.01597030821187495,0.1504991056620315,0.1,0.024731836538620683,8.84402171364612,0.00019218219690468052,1.0,-0.1468378429171786
operator_scanner,pinned_sig&ecm|depthT1,pinned_sig&ecm,depth,depthT1,True,28,84,False,28.0,79.0,0.35443037974683544,137.0,0.0,0.7202227843254556,0.02495424998613819,0.106363847863488,6.536699718043817,0.009950248756218905,0.004975124378109453,2.6331366627196546,0.11629696639297217,0.5244184973601694,4.799296189962809,0.009950248756218905,0.004975124378109453,5.573556842772166,1.2850549402678748,0.3611208833249055,11.875530052483468,0.009950248756218905,0.004975124378109453,1.3927492069052825,0.059853542252645955,0.24596448055594813,5.419057506351818,0.12922139392180892,0.12922139392180892,0.16212387219259763,0.13950653288510106,0.11443406458411169,0.06721257385795013,0.28752142588139407,0.05693220395701987,0.05602442096922049,0.21726785438192367,0.05602442096922049,0.21726785438192367,0.06297939194222545,0.2233136546630308,200,-0.07726184475089763,-0.051703805780952405,-1.3372010656150422,0.2825615523898256,0.04911263324574394,6.483884471860074,0.03571428571428571,0.35714285714285715,0.223928941112099,1058.0,,,0.995905706252115,,0.0006665116507857554,0.1408,transferred,0.995905706252115,table,0.55,0.09013035381750467,True,0.07199351837509296,0.1973910720638894,0.1,0.06212387219259763,8.875530052483468,0.0006665116507857554,1.0,-0.798771061310432
operator_scanner,pinned_sig&ecm|depthT2,pinned_sig&ecm,depth,depthT2,True,28,84,False,28.0,53.0,0.5283018867924528,137.0,0.0,0.26061372143965433,-0.09962964156690277,0.09578431185411064,3.7609850301502905,0.009950248756218905,0.004975124378109453,0.9413612828579832,-0.285892705968702,0.4466649907606666,2.747593866124771,0.009950248756218905,0.004975124378109453,5.992117236212566,1.8402493882225996,0.42099732941376405,9.86198143767661,0.009950248756218905,0.004975124378109453,0.5210457843754619,-0.24387090760897284,0.22605970770649594,3.383693183296346,0.04349276076654005,0.04349276076654005,0.086766577404664,0.07983920301622963,0.041679983227282454,-0.0037594960944474995,0.22196178017560897,0.05913359857397229,-0.018626846563502407,0.11895610470894373,-0.018626846563502407,0.11895610470894373,-0.003773684334591444,0.18164376925087494,200,-0.12054361289975232,-0.06625936279607111,-3.3804448147736927,0.2911414091098527,0.04658667634489893,6.04249283703866,0.10714285714285714,0.25,0.20570086353895656,3936.0,,,0.998365042391636,,0.00014209199026001928,0.1736,transferred,0.998365042391636,table,0.65,0.13654404646660215,True,-0.049777469061938154,0.08541773370900682,0.1,-0.013233422595336011,6.86198143767661,0.00014209199026001928,0.6354475324992408,0.3645524675007592
operator_scanner,pinned_sig&ecm|depthT3,pinned_sig&ecm,depth,depthT3,True,28,84,False,28.0,70.0,0.4,137.0,0.0,0.452195025301893,-0.036785478380576435,0.14882889802153382,3.2855212272801992,0.009950248756218905,0.004975124378109453,1.614632425739136,-0.1833831293182127,0.6836120630664714,2.630169437022526,0.009950248756218905,0.004975124378109453,5.691785288071468,1.749651550371484,0.4181449322729418,9.427673118675461,0.009950248756218905,0.004975124378109453,0.7835414975218716,-0.07492506856567,0.3525710824902272,2.434875146379418,0.0794469577497202,0.0794469577497202,0.12403955223694728,0.11035159037784444,0.07359968656110727,-0.05819737551354549,0.330421199622189,0.1130044190492454,-0.046573765366147775,0.20234009121183846,-0.046573765366147775,0.20234009121183846,-0.06179385550431526,0.24834703948083167,200,-0.15164678322578526,-0.08751623348930991,-2.591255367005084,0.31631369993833036,0.03754703369101229,5.196794781793735,0.0,0.21428571428571427,0.2912559678253262,14834.5,,,0.9996308865280679,,4.58015757617366e-05,0.1857,transferred,0.9996308865280679,table,0.55,0.1254267468991772,True,-0.001387194662229932,0.2049944527230118,0.1,0.024039552236947273,6.427673118675461,4.58015757617366e-05,0.9889402005830144,0.01105979941698565
operator_scanner,pinned_sig&ecm|miss<=5,pinned_sig&ecm,miss,miss<=5,True,85,84,False,85.0,209.0,0.40669856459330145,137.0,0.0,1.4312939256424968,-0.11483368735601834,0.2854980915992627,5.415544476453895,0.009950248756218905,0.004975124378109453,5.183285947489116,-0.3653153583352458,1.359746519340446,4.080614457844501,0.009950248756218905,0.004975124378109453,17.361026528291305,4.932263644053357,1.0507889421664884,11.828029764581133,0.009950248756218905,0.004975124378109453,2.692939301613115,-0.2682240765499674,0.6670871699284935,4.438945180853194,0.08244293177653284,0.08244293177653284,0.12439915600604957,0.11063611649080629,0.0761637674895483,0.027343559207273948,0.2565668446555335,0.05905800650724626,0.013290623770367603,0.17367626086388502,0.013290623770367603,0.17367626086388502,0.026615767271901018,0.20418070722117612,200,-0.11868063724498251,-0.06985883486319856,-2.920292141592182,0.2952624600418769,0.04436883656921354,6.225313279356206,0.047058823529411764,0.27058823529411763,0.24412784575838173,3925.0,,,0.9984437459721981,,0.00019389844282219896,0.1651,transferred,0.9984437459721981,table,0.55,0.10876152832674574,True,0.015637627679303837,0.14780531632878774,0.1,0.02439915600604957,8.828029764581133,0.00019389844282219896,1.0,-0.1437790358399953
operator_scanner,folding,folding,primary,miss0,False,167,167,False,,167.0,,137.0,0.0,0.4322668407470382,-0.34509250755763105,0.20326825951427108,3.8243026735322263,0.009950248756218905,0.004975124378109453,1.83226676380886,-1.7869822244969868,1.573537002027471,2.300072374302299,0.01990049751243781,0.009950248756218905,19.033039657714426,5.929244402456861,1.8989106140216643,6.900690932210496,0.009950248756218905,0.004975124378109453,0.7828986555062255,-0.7671791296446423,0.4432692013826237,3.496921916334229,0.02271139284742849,0.02271139284742849,0.059323221491328904,0.05600105830571042,0.02220704003716584,-0.0019466844020989945,0.2592171410585176,0.12162216459858514,-0.027483726721490912,0.08671727079947074,-0.027483726721490912,0.08671727079947074,-0.0019505815432555268,0.2058557757000241,200,-0.040802725089793365,-0.025750805294797074,-1.409543570029644,0.23100074249588282,0.08126217836748792,4.459806378164353,0.04790419161676647,0.1497005988023952,0.08828167111558524,2827.0,,,0.9961147342129131,,0.00023138547691713474,0.1651,transferred,0.9961147342129131,unselected,1.0,0.19774823332135585,True,-0.13842501183002695,0.061468907737161765,0.05,0.0093232214913289,3.9006909322104963,0.00023138547691713474,0.2999936863907359,0.700006313609264
operator_scanner,folding|depthT1,folding,depth,depthT1,False,56,167,False,,56.0,,137.0,0.0,0.019300121369043084,-0.12298278701725128,0.07310220019705083,1.9463560330983651,0.029850746268656716,0.014925373134328358,0.40143866743004614,-0.496040115082954,0.5823126245969094,1.541231882331688,0.10945273631840796,0.05472636815920398,5.587853520005247,2.0358125672747978,0.6478691312634297,5.482651945159826,0.009950248756218905,0.004975124378109453,0.057901593085860514,-0.2664002540672201,0.16464442177635583,1.9697105049425538,0.0034539418937783754,0.0034539418937783754,0.04005666327605871,0.03851392399129951,0.0034420532418856105,-0.2863459785571863,0.20817863743537193,1.8097207414935765,-0.07595816144782806,0.08686899596969411,-0.07595816144782806,0.08686899596969411,-0.11475273289819624,0.17296745552446735,200,-0.0304481719773794,-0.02097557408126169,-0.9172631095153025,0.19648972774990248,0.07470563659618396,4.30576619572156,0.07142857142857142,0.07142857142857142,0.0757865767028385,620.5,,,0.9859323528952297,,0.0005715432722209142,0.1408,transferred,0.9859323528952297,unselected,1.0,0.1638733705772812,True,-0.1238167073012225,0.04430526685809072,0.1,-0.059943336723941296,2.4826519451598257,0.0005715432722209142,0.24443668385504005,0.75556331614496
operator_scanner,folding|depthT2,folding,depth,depthT2,False,55,167,False,,55.0,,137.0,0.0,0.2195349089405476,-0.023109417917405572,0.0851643818721471,2.8491291960789735,0.009950248756218905,0.004975124378109453,1.258266735296728,0.04951001873480905,0.6888918235600864,1.7546393718468762,0.11940298507462686,0.05970149253731343,5.752692435213372,1.9270661387160277,0.6768879110796006,5.651787000296211,0.009950248756218905,0.004975124378109453,0.3583609489250868,-0.06825020082555103,0.17920503093399892,2.3805757434776393,0.038162114768509246,0.038162114768509246,0.06342604009181785,0.05964311357876994,0.036759302064320355,-0.06605432222316908,0.2950668049359759,0.4610537294673792,-0.02905834042124262,0.13810165438139246,-0.02905834042124262,0.13810165438139246,-0.051742028112522515,0.2282085221101906,200,-0.02204353896492407,-0.014464366641762703,-0.5554563703117011,0.2356274698682357,0.08287130913253048,4.207194884718021,0.03636363636363636,0.14545454545454545,0.08324509916034262,2827.0,,,0.9961040610064114,,0.00024807045014249704,0.1736,transferred,0.9961040610064114,unselected,1.0,0.21006776379477252,True,-0.14664172370295467,0.08499904114120341,0.1,-0.03657395990818216,2.6517870002962107,0.00024807045014249704,0.30193133370897624,0.6980686662910238
operator_scanner,folding|depthT3,folding,depth,depthT3,False,56,167,False,,56.0,,137.0,0.0,0.1934318104374476,-0.19900030262297427,0.12642353976188364,3.1041063539239637,0.009950248756218905,0.004975124378109453,0.17256136108208597,-1.3404521281488417,0.8880706198127982,1.7037085288891383,0.08955223880597014,0.04477611940298507,7.692493702495807,1.966365696466034,0.748836181174442,7.646703177521637,0.009950248756218905,0.004975124378109453,0.3666361134952781,-0.43252867475187123,0.27730180734701115,2.881931408572058,0.025145527304713842,0.025145527304713842,0.06853359069989003,0.06413798433327725,0.024528739222835817,0.004657117011271652,0.33882377321154633,0.1286656135899038,-0.03366992993859064,0.15365576789694865,-0.03366992993859064,0.15365576789694865,0.004635334498281789,0.25307363543647887,200,-0.06958147886056108,-0.04161093161399121,-1.5211903166877716,0.2609676500011594,0.08623832385169651,4.244977464642887,0.03571428571428571,0.23214285714285715,0.10572339869865957,7505.5,,,0.9986685050327251,,9.137379485417167e-05,0.1857,transferred,0.9986685050327251,unselected,1.0,0.22804863072577675,True,-0.15951504002588673,0.11077514248576958,0.1,-0.03146640930010998,4.646703177521637,9.137379485417167e-05,0.30052182502380426,0.6994781749761958
operator_scanner,folding|miss20+,folding,miss,miss20+,False,15,167,False,,15.0,,83.0,0.3941605839416058,0.019083684157737067,-0.026512820536662266,0.07657444188087856,0.5954533075844103,0.5472636815920398,0.2736318407960199,0.5580486573168503,-0.0733787409786542,0.3622175816832023,1.7432268068305825,0.09950248756218906,0.04975124378109453,-0.5372015940952037,-0.19473238989125377,0.39685864260836823,-0.8629500971758064,0.3880597014925373,0.8109452736318408,0.046257598947358446,-0.04839150368419892,0.09546459000635144,0.9914576978255518,-0.03552425079802542,-0.03552425079802542,-0.1331404521477655,-0.1535894165065604,-0.03683270504978363,-4.16152624984887,2.5790913519531573,16.97251764893428,-3.2517150838153706,3.2879108725755866,-3.2517150838153706,3.2879108725755866,-4.1138610634772315,0.7398981597794705,200,0.044129074496603124,-0.004365452800238761,1.9715619540388736,0.19639220196858836,0.03764239067964762,4.404894504121106,0.06666666666666667,0.06666666666666667,0.07728498350939715,948.5,,,0.9921718323041115,,-0.0010504690342787928,0.1651,transferred,0.9921718323041115,unselected,1.0,0.19774823332135585,False,-0.3308886854691213,2.3813431186318015,0.1,0.03314045214776548,-3.8629500971758066,0.0,0.0,1.0
operator_scanner,folding|miss<=5,folding,miss,miss<=5,False,170,167,False,,170.0,,137.0,0.0,0.44298386399084194,-0.3513233603101118,0.20414900876951766,3.890820871913805,0.009950248756218905,0.004975124378109453,1.9010803625655464,-1.8653620950663623,1.5833340956319975,2.378804617435154,0.009950248756218905,0.004975124378109453,19.15006057422822,5.932468147656966,1.9209253354727363,6.880846528747787,0.009950248756218905,0.004975124378109453,0.8013553158935927,-0.7791686370182949,0.44475930300470956,3.5536613674726243,0.023132243486843118,0.023132243486843118,0.06009469793486461,0.05668804688103157,0.022609241018549317,-0.00393470229653959,0.23391775589214428,0.18448833043525567,-0.029149213775551686,0.08944974970903401,-0.029149213775551686,0.08944974970903401,-0.003950326116259664,0.18956804606837435,200,-0.03992889922173188,-0.02573282827583422,-1.3422511440530944,0.23112736147777269,0.08183044647242375,4.456617340472798,0.047058823529411764,0.14705882352941177,0.08748681473813946,2723.0,,,0.9960734901211324,,0.0002368925861887081,0.1651,transferred,0.9960734901211324,unselected,1.0,0.19774823332135585,True,-0.13765353538649125,0.036169522570788426,0.05,0.010094697934864609,3.880846528747787,0.0002368925861887081,0.30389499276691984,0.6961050072330801
operator_scanner,pinned_sig&folding,pinned_sig&folding,primary,miss0,True,45,45,False,45.0,167.0,0.2694610778443114,137.0,0.0,0.26932063998267275,-0.16575521849460442,0.08737061673971044,4.979658776742189,0.009950248756218905,0.004975124378109453,1.4667362397708827,-0.7194217287696015,0.5207316107949902,4.198243247040298,0.009950248756218905,0.004975124378109453,9.69402152147778,2.9861438731760344,0.7556235146557653,8.877274883852193,0.009950248756218905,0.004975124378109453,0.4833573727184184,-0.3556802420540032,0.19359065647255638,4.334081148649674,0.02778213761811588,0.02778213761811588,0.06486043444567399,0.06090979845583039,0.02703115436750142,0.02129135539792491,0.19681980416535377,0.06500111333523531,-0.006174508934018952,0.08264188383606627,-0.006174508934018952,0.08264188383606627,0.02084731041451652,0.16445232847955496,200,-0.06590412545704716,-0.04770253905057684,-1.4112532154006423,0.22794999056281248,0.08591399275319674,4.31984356891943,0.022222222222222223,0.26666666666666666,0.09827367552244835,5088.0,,,0.9979413019085438,,0.00013380351364249507,0.1651,transferred,0.9979413019085438,table,0.55,0.10876152832674574,True,-0.043901093881071745,0.08805827583860804,0.1,-0.03513956555432601,5.877274883852193,0.00013380351364249507,0.5963545698881472,0.40364543011185283
operator_scanner,pinned_sig&folding|depthT1,pinned_sig&folding,depth,depthT1,True,15,45,False,15.0,87.0,0.1724137931034483,137.0,0.0,0.017075129602998534,-0.0669199356473537,0.03333789774205167,2.5195069557251286,0.009950248756218905,0.004975124378109453,0.38363081873242977,-0.3044082347152126,0.24695944245844176,2.7860406818152956,0.009950248756218905,0.004975124378109453,2.9499301212894125,1.0656108323018298,0.27525708618660066,6.845670406138703,0.009950248756218905,0.004975124378109453,0.016850223928863886,-0.14108807964470604,0.07107585936289326,2.2221089549854267,0.005788316638339557,0.005788316638339557,0.04457581352652902,0.04267360295854383,0.005755004848024016,-0.03856011201164782,0.14739157613298887,0.06015427312009214,-0.04582013829788674,0.06634238210372442,-0.04582013829788674,0.06634238210372442,-0.040106789427276766,0.12845793390486954,200,-0.052490554852210235,-0.052582214315578295,0.005613510002902583,0.20674909910416941,0.09091092813587992,3.8128661683704763,0.0,0.2,0.08442296995678139,982.0,,,0.991871176632598,,0.000365318524372868,0.1408,transferred,0.991871176632598,table,0.45,0.07374301675977654,False,-0.02916720323324752,0.07364855937321232,0.1,-0.055424186473470985,3.8456704061387033,0.000365318524372868,0.604475047064295,0.395524952935705
operator_scanner,pinned_sig&folding|depthT2,pinned_sig&folding,depth,depthT2,True,15,45,False,15.0,48.0,0.3125,137.0,0.0,0.04273767892109349,-0.0667234854132922,0.03560473336779622,3.074343043203103,0.009950248756218905,0.004975124378109453,0.12255534014161772,-0.3662925975684693,0.24451352241023516,1.999267496093395,0.06965174129353234,0.03482587064676617,3.320919374206489,1.2016209461133078,0.30874986077403055,6.864127558730347,0.009950248756218905,0.004975124378109453,0.07508701632229113,-0.13369768928251477,0.06852036564710812,3.0470459933048764,0.012869231109022442,0.012869231109022442,0.051649717134397324,0.0491130423874746,0.012705718284019268,-0.007224046981223529,0.2477191060252239,0.16841921277233562,-0.02663157306061784,0.07949204855264104,-0.02663157306061784,0.07949204855264104,-0.005802527673175038,0.19868691412418607,200,-0.09013953776402425,-0.05996154932016591,-1.582861656666577,0.24247198786700996,0.07074982840481717,4.111014028715341,0.0,0.2,0.07641511119184187,5088.0,,,0.9979413019085438,,0.00010655052946048038,0.1736,transferred,0.9979413019085438,table,0.55,0.11553727008712489,False,-0.06388755295272756,0.132181835938099,0.1,-0.04835028286560268,3.864127558730347,0.00010655052946048038,0.44703944532746065,0.5529605546725394
operator_scanner,pinned_sig&folding|depthT3,pinned_sig&folding,depth,depthT3,True,15,45,False,15.0,32.0,0.46875,137.0,0.0,0.20950783145858085,-0.032111797433958505,0.0516386417516731,4.679046944233595,0.009950248756218905,0.004975124378109453,0.9605500808968349,-0.04872089648591959,0.3059417874970989,3.298898740311259,0.009950248756218905,0.004975124378109453,3.4231720259818816,0.7189120947608967,0.26323107520383077,10.273330871467072,0.009950248756218905,0.004975124378109453,0.39142013246726326,-0.08089447312678232,0.12405683567578837,3.807243696174859,0.061202834642377316,0.061202834642377316,0.08934778277155,0.08201952047327696,0.05767307874088228,0.00765479359505612,0.2255968826345828,0.05741285656703804,-0.005839484809549434,0.14948629709381234,-0.005839484809549434,0.14948629709381234,0.007596503427324038,0.1840669463373263,200,-0.055082283754906994,-0.03056385351598632,-1.1283002151820367,0.23462888471725807,0.09608122171889313,3.3688567162875094,0.06666666666666667,0.4,0.13398294541872177,21604.0,,,0.9996205096414843,,3.3919494237587236e-05,0.1857,transferred,0.9996205096414843,table,0.55,0.1254267468991772,False,-0.036078964127627206,0.10017013573540559,0.1,-0.01065221722845,7.273330871467072,3.3919494237587236e-05,0.7123503158650137,0.28764968413498626
operator_scanner,pinned_sig&folding|miss<=5,pinned_sig&folding,miss,miss<=5,True,45,45,False,45.0,170.0,0.2647058823529412,137.0,0.0,0.26932063998267275,-0.16575521849460442,0.08737061673971044,4.979658776742189,0.009950248756218905,0.004975124378109453,1.4667362397708827,-0.7194217287696015,0.5207316107949902,4.198243247040298,0.009950248756218905,0.004975124378109453,9.69402152147778,2.9861438731760344,0.7556235146557653,8.877274883852193,0.009950248756218905,0.004975124378109453,0.4833573727184184,-0.3556802420540032,0.19359065647255638,4.334081148649674,0.02778213761811588,0.02778213761811588,0.06486043444567399,0.06090979845583039,0.02703115436750142,0.02129135539792491,0.19681980416535377,0.06500111333523531,-0.006174508934018952,0.08264188383606627,-0.006174508934018952,0.08264188383606627,0.02084731041451652,0.16445232847955496,200,-0.06590412545704716,-0.04770253905057684,-1.4112532154006423,0.22794999056281248,0.08591399275319674,4.31984356891943,0.022222222222222223,0.26666666666666666,0.09827367552244835,5088.0,,,0.9979413019085438,,0.00013380351364249507,0.1651,transferred,0.9979413019085438,table,0.55,0.10876152832674574,True,-0.043901093881071745,0.08805827583860804,0.1,-0.03513956555432601,5.877274883852193,0.00013380351364249507,0.5963545698881472,0.40364543011185283
operator_scanner,ptm,ptm,primary,miss0,False,810,810,False,,811.0,,137.0,0.0,4.391777018431787,0.4650424931182078,1.1655050149292305,3.3691270951348162,0.009950248756218905,0.004975124378109453,21.86561057368624,3.2245213522658274,7.103065212601743,2.6243725298127267,0.009950248756218905,0.004975124378109453,75.29311517834569,24.59118159296529,6.725117464658508,7.539189293246786,0.009950248756218905,0.004975124378109453,9.179101548724002,1.1715880245428618,2.653886271613595,3.017278324934578,0.05832906512141316,0.05832906512141316,0.07744743144166458,0.07188047340559069,0.05511429955362848,-0.0058537465694667125,0.29123339524681535,0.09163692811786932,0.006476382070091508,0.14812623338594702,0.006476382070091508,0.14812623338594702,-0.005888215540885054,0.22554411064303226,200,-0.027941648405795255,-0.014067005093946938,-1.4169421702334193,0.22601772095870934,0.07994832975140946,4.518701546194175,0.030864197530864196,0.10740740740740741,0.12872549636274838,2210.0,,,0.9949063921135021,,0.00039650649619634386,0.1651,transferred,0.9949063921135021,unselected,1.0,0.19774823332135585,True,-0.12030080187969128,0.0934851619254595,0.05,0.027447431441664574,4.539189293246786,0.00039650649619634386,0.3916466414939173,0.6083533585060827
operator_scanner,ptm|depthT1,ptm,depth,depthT1,False,270,810,False,,271.0,,137.0,0.0,1.0507490224747666,0.07494612242792487,0.28592987083157023,3.412735078041734,0.009950248756218905,0.004975124378109453,6.047949120361594,0.8231698798511726,2.076538703816648,2.51610010008836,0.009950248756218905,0.004975124378109453,22.835007916390122,7.9926338004768045,2.3177735777815336,6.4037204747668905,0.009950248756218905,0.004975124378109453,2.5033598771476058,0.24433749716860992,0.6432736947712221,3.5117592998768723,0.0460148306636048,0.0460148306636048,0.06574439455751424,0.061688707811417214,0.043990610185146634,-0.02089297047918452,0.28983799796894644,0.7609141888664683,-0.004800968159339949,0.1404791273388554,-0.004800968159339949,0.1404791273388554,-0.015562966755284848,0.22482212371025798,200,-0.022337885144005726,-0.01034678617025721,-1.493777853547689,0.19889857959800597,0.07768584634746466,4.819940752492785,0.037037037037037035,0.08888888888888889,0.1134729785232462,747.0,,,0.9858545521642226,,0.0009433276964299813,0.1408,transferred,0.9858545521642226,unselected,1.0,0.1638733705772812,True,-0.09812897601976697,0.12596462739166522,0.05,0.015744394557514238,3.4037204747668905,0.0009433276964299813,0.40119022587937664,0.5988097741206233
operator_scanner,ptm|depthT2,ptm,depth,depthT2,False,270,810,False,,270.0,,137.0,0.0,1.40921182202095,0.18445176536550767,0.458085508681903,2.673649424491885,0.009950248756218905,0.004975124378109453,7.041795097893326,0.9574893379422542,2.724608449093094,2.2330936256093152,0.01990049751243781,0.009950248756218905,23.835856419404315,6.92205925315948,2.158504546553746,7.835886745408662,0.009950248756218905,0.004975124378109453,2.820404528991897,0.3774985343655963,1.0500500088708613,2.3264663339731824,0.059121509931304064,0.059121509931304064,0.07241189217402452,0.06752246287313081,0.0558212720419008,-0.0221567999051424,0.29203569633386367,0.1244690353456609,-0.0073535541552204675,0.16463340349536232,-0.0073535541552204675,0.16463340349536232,-0.021071958204446097,0.22636663637614002,200,-0.023575556108432243,-0.010876348968258913,-1.1607899437414995,0.21563786525101689,0.07431360318745762,3.91336489634909,0.02962962962962963,0.1037037037037037,0.12405797280545962,2210.0,,,0.9945293341533696,,0.00039832034290224986,0.1736,transferred,0.9945293341533696,unselected,1.0,0.21006776379477252,True,-0.137655871620748,0.08196793253909115,0.05,0.02241189217402452,4.835886745408662,0.00039832034290224986,0.34470730237680797,0.6552926976231921
operator_scanner,ptm|depthT3,ptm,depth,depthT3,False,270,810,False,,270.0,,137.0,0.0,1.93181617393607,0.2056446053247752,0.5270964654745323,3.274868419118053,0.009950248756218905,0.004975124378109453,8.775866355431319,1.4438621344724007,3.005567352819898,2.4394742690027726,0.009950248756218905,0.004975124378109453,28.622250842551253,9.676488539329007,2.613049340251253,7.250441854037303,0.009950248756218905,0.004975124378109453,3.8553371425845,0.5497519930086561,1.21632483579235,2.7176828527245256,0.06749351001648468,0.06749351001648468,0.09111122270956139,0.08350314872878356,0.06322615489759972,0.0006610637622475167,0.3532363286788233,0.10053815357340147,0.011243803716236123,0.21003124281067295,0.011243803716236123,0.21003124281067295,0.0006606240429212223,0.26102985761419967,200,-0.0379115039649478,-0.020977880143324693,-1.3115979676347496,0.26351671802710525,0.0878455397193061,4.648633903733741,0.025925925925925925,0.12962962962962962,0.14864553775953934,5745.5,,,0.9982004143252126,,0.00016425804762997827,0.1857,transferred,0.9982004143252126,unselected,1.0,0.22804863072577675,True,-0.13693740801621535,0.12518769795304657,0.05,0.041111222709561385,4.250441854037303,0.00016425804762997827,0.39952541008290704,0.6004745899170929
operator_scanner,ptm|miss0-5,ptm,miss,miss0-5,False,56,810,False,,56.0,,132.0,0.03649635036496346,0.11626938104979995,0.005007849154510008,0.08491922825349281,1.3102042279890085,0.1791044776119403,0.08955223880597014,0.10738428526563776,-0.2486065405712504,0.5838147468154823,0.6097667586827862,0.5373134328358209,0.26865671641791045,2.2485270560977564,0.608636145162205,0.36612592131925,4.479035259308011,0.009950248756218905,0.004975124378109453,0.1639638370595111,-0.0065752234430970025,0.19658895954738687,0.8674905289454997,0.051709131422052614,0.051709131422052614,0.06784691051907574,0.06353617719050725,0.04916676092004155,-0.6536659013973614,1.481365492778578,0.8963527494162554,-0.36394243174149254,0.44245600103505,-0.36394243174149254,0.44245600103505,-1.6403458146277632,0.5977582828448779,200,-0.011255097965195544,-0.006241907397418491,-0.4813243501046735,0.16895497222743858,0.037038626621430135,5.017368293933665,0.03571428571428571,0.05357142857142857,0.10786847687844502,1252.75,,,0.9931434879765455,,0.00046840478073926654,0.1651,transferred,0.9931434879765455,unselected,1.0,0.19774823332135585,True,-0.12990132280228012,1.2836172594572222,0.1,-0.03215308948092427,1.4790352593080112,0.00046840478073926654,0.34309742939052895,0.6569025706094711
operator_scanner,ptm|miss5-20,ptm,miss,miss5-20,False,72,810,False,,72.0,,124.0,0.0948905109489051,0.299195030381435,-0.06706768005697365,0.11282643571614862,3.2462490560267363,0.01990049751243781,0.009950248756218905,1.5507551299177464,-0.3739400964833672,0.7487906159537381,2.570405111113232,0.01990049751243781,0.009950248756218905,3.4068671276094364,1.3073421774270721,0.5799922667557811,3.61991886879143,0.009950248756218905,0.004975124378109453,0.7144097414983172,-0.1180752596211097,0.24584604415107067,3.386204581790507,0.08782116213360427,0.08782116213360427,0.17445027762427645,0.14853781462520596,0.08073124994310253,-1.7743414402619606,1.288127840260594,1.2962774170076186,-0.06733087989081503,0.5486112616549924,-0.06733087989081503,0.5486112616549924,-0.3684404013763643,0.5715674551312792,200,3.9106514149438087e-05,-0.010454924493014448,0.994965881011366,0.2216894325892477,0.0800543341017423,5.510334014857194,0.0,0.08333333333333333,0.09839573191823114,1011.5,,,0.9911651903492371,,0.001554972885791286,0.1651,transferred,0.9911651903492371,unselected,1.0,0.19774823332135585,True,-0.023297955697079403,1.0903796069392382,0.1,0.07445027762427645,0.6199188687914301,0.001554972885791286,0.8821837479618921,0.11781625203810786
operator_scanner,ptm|miss20+,ptm,miss,miss20+,False,137,810,False,,137.0,,70.0,0.4890510948905109,0.4178640158145231,-0.059574131559008855,0.3352830605521571,1.4239852934629873,0.12935323383084577,0.06467661691542288,2.2503220408171716,-0.2736275285869389,1.373147854960129,1.8380756014634683,0.09950248756218906,0.04975124378109453,-0.09123750535666142,-1.5742818104872671,1.627391750090673,0.9113013538676077,0.3283582089552239,0.16417910447761194,0.6884222725795283,-0.1246830162574895,0.38841064045139984,2.0934166167333874,-4.579958802918037,-4.579958802918037,0.32193114239529474,0.2435309465604739,,-3.9317616061063547,14.924575985811035,5.3809991410241365,-2.4636736727464292,2.4997503905421725,-2.4636736727464292,2.4997503905421725,-2.308462172465313,0.9414915517611995,200,0.012930924964986134,0.0013133626696467614,1.149987145716078,0.1494337654176755,0.02345906243025029,5.679296172477955,0.0364963503649635,0.08029197080291971,0.08050465016944343,811.0,,,0.9896665667454422,,0.0033613886578437845,0.1651,transferred,0.9896665667454422,unselected,1.0,0.19774823332135585,True,0.12418290907393889,14.72682775248968,0.05,0.27193114239529476,-2.0886986461323924,0.0033613886578437845,1.0,-0.6279849229911059
operator_scanner,ptm|miss<=5,ptm,miss,miss<=5,False,866,810,False,,867.0,,137.0,0.0,4.508046399481587,0.4700503422727177,1.1989795238645962,3.3678607322612546,0.009950248756218905,0.004975124378109453,21.972994858951875,2.975914811694577,7.316230663319226,2.596566582092794,0.009950248756218905,0.004975124378109453,77.54164223444344,25.1998177381275,6.935570874238043,7.546866068478657,0.009950248756218905,0.004975124378109453,9.343065385783513,1.1650128010997647,2.7284515159496716,2.9973237702328293,0.05813710245975606,0.05813710245975606,0.07714664316856364,0.07162130027312436,0.05494288247204447,-0.005299855480301426,0.29256196438986315,0.08803157634233236,0.0048429569800877564,0.145063423502102,0.0048429569800877564,0.145063423502102,-0.005328249093859773,0.22634261398472383,200,-0.026862610502015136,-0.013560994157450872,-1.419310094377617,0.22232775106384658,0.07717356834808516,4.5873170851709215,0.03117782909930716,0.10392609699769054,0.12737677454852092,2123.5,,,0.9947242300591921,,0.0004091666099645759,0.1651,transferred,0.9947242300591921,unselected,1.0,0.19774823332135585,True,-0.12060159015279222,0.0948137310685073,0.05,0.027146643168563633,4.546866068478657,0.0004091666099645759,0.39012557469069525,0.6098744253093047
operator_scanner,pinned_sig&ptm,pinned_sig&ptm,primary,miss0,True,189,189,False,189.0,811.0,0.23304562268803947,137.0,0.0,1.652809374203528,0.054485588103592664,0.3199333691626966,4.995802064295254,0.009950248756218905,0.004975124378109453,7.872707574230851,0.7574071338615029,1.9808261575979456,3.5920872778647763,0.009950248756218905,0.004975124378109453,37.43659059090881,12.254712297352585,2.7292924863523966,9.226522411751816,0.009950248756218905,0.004975124378109453,3.1176905010100073,0.2238900018847866,0.7225705882630489,4.004868930634836,0.04414956992918314,0.04414956992918314,0.06347119017364679,0.05968303679508517,0.042282802388337405,0.02694480324886991,0.15654117645558913,0.03245445165668269,0.02016844834430847,0.08948996563441834,0.02016844834430847,0.08948996563441834,0.026237821732349245,0.13535024468997103,200,-0.07204757551662895,-0.03840587929745275,-2.9123162577011485,0.24767632717540194,0.08077175232583596,5.225841829809832,0.015873015873015872,0.1693121693121693,0.13477756528786936,2711.0,,,0.9962473553949958,,0.00023908200919027525,0.1651,transferred,0.9962473553949958,table,0.55,0.10876152832674574,True,-0.04529033815309895,0.04777964812884339,0.05,0.013471190173646785,6.226522411751816,0.00023908200919027525,0.5835812639830151,0.41641873601698487
operator_scanner,pinned_sig&ptm|depthT1,pinned_sig&ptm,depth,depthT1,True,63,189,False,63.0,288.0,0.21875,137.0,0.0,0.18922057422460367,-0.18192260044160302,0.1039954267652191,3.5688413059172546,0.009950248756218905,0.004975124378109453,1.5240619157681774,-0.7513032932178444,0.8074857784783553,2.817839359689742,0.009950248756218905,0.004975124378109453,11.831978095995629,3.99884625519872,0.9086287794269073,8.62082735893248,0.009950248756218905,0.004975124378109453,0.38225050143036143,-0.3687876111322538,0.22322382834639537,3.364506908273097,0.015992302613258114,0.015992302613258114,0.04738119850520073,0.045237778349298347,0.015740574581248234,0.0035696004250620793,0.15285338499123663,0.04062514403668916,-0.013589039673233947,0.06740718326204946,-0.013589039673233947,0.06740718326204946,0.003556519078072116,0.13258538702423317,200,-0.0655195433675067,-0.045593164260622154,-1.628796069993699,0.2004167740802404,0.07405486324551194,4.49509992462888,0.015873015873015872,0.14285714285714285,0.1036772355562416,872.0,,,0.9895000815403691,,0.000502777847223349,0.1408,transferred,0.9895000815403691,table,0.55,0.09013035381750467,True,-0.042749155312303944,0.06272303117373196,0.1,-0.05261880149479928,5.62082735893248,0.000502777847223349,0.5256963553159667,0.4743036446840333
operator_scanner,pinned_sig&ptm|depthT2,pinned_sig&ptm,depth,depthT2,True,63,189,False,63.0,344.0,0.18313953488372092,137.0,0.0,0.488054073755007,0.059189513458477734,0.139233936876002,3.080172621122281,0.009950248756218905,0.004975124378109453,2.6252619772038726,0.32861966057720865,0.8404529844991259,2.732624381119147,0.009950248756218905,0.004975124378109453,12.669382844528668,3.7994037505190814,1.0169934432044088,8.72176625452125,0.009950248756218905,0.004975124378109453,0.8477721142035749,0.13866195018359,0.3078230808993174,2.303628960987237,0.03852232423190017,0.03852232423190017,0.048350120755771164,0.046120203354309566,0.03709340024095448,0.004645213401135271,0.16508841236082133,0.037749885842984346,0.007738455451727988,0.10434781428909222,0.007738455451727988,0.10434781428909222,0.004623734497501026,0.14169514726351093,200,-0.06758783014778878,-0.033365971911044214,-2.248535034999403,0.24980489701584221,0.07510262868382683,4.878293239999278,0.0,0.1746031746031746,0.12240069276502782,2711.0,,,0.9959637266008042,,0.00019594519463121248,0.1736,transferred,0.9959637266008042,table,0.45,0.09453049370764764,True,-0.04618037295187648,0.07055791865317369,0.1,-0.05164987924422884,5.721766254521251,0.00019594519463121248,0.5114764438372925,0.4885235561627075
operator_scanner,pinned_sig&ptm|depthT3,pinned_sig&ptm,depth,depthT3,True,63,189,False,63.0,179.0,0.35195530726256985,137.0,0.0,0.9755347262239171,0.17721867508671793,0.16235751627880438,4.917025521419722,0.009950248756218905,0.004975124378109453,3.723383681258802,1.1800907665021387,0.8401138950591626,3.027319188165028,0.009950248756218905,0.004975124378109453,12.93522965038451,4.456462291634783,0.9822248632657532,8.632206000730905,0.009950248756218905,0.004975124378109453,1.8876678853760709,0.4540156628334504,0.389046889420791,3.685037103566172,0.07541688494064877,0.07541688494064877,0.09415472996948912,0.08605248178391978,0.07012804615282842,0.016028349906026067,0.208211294686223,0.05146134882798704,0.025162481925660545,0.13970897528501075,0.025162481925660545,0.13970897528501075,0.015775327662644712,0.17232959404175222,200,-0.0830353530345914,-0.03625850172069187,-3.0527617963695057,0.29280731043012304,0.0931577650481691,5.474161965856229,0.031746031746031744,0.19047619047619047,0.17825476754233868,9770.0,,,0.9989499588947609,,9.89702595613867e-05,0.1857,transferred,0.9989499588947609,table,0.55,0.1254267468991772,True,-0.03127201692968809,0.08278454778704578,0.1,-0.005845270030510885,5.632206000730905,9.89702595613867e-05,0.750675053744113,0.24932494625588697
operator_scanner,pinned_sig&ptm|miss<=5,pinned_sig&ptm,miss,miss<=5,True,192,189,False,192.0,867.0,0.22145328719723184,137.0,0.0,1.6639381524259782,0.071814326400431,0.3201116058877034,4.97365230357837,0.009950248756218905,0.004975124378109453,8.002729557889834,0.908568971694701,1.9827348050792541,3.577967445783333,0.009950248756218905,0.004975124378109453,37.99168194081914,12.601661065611193,2.763282960137483,9.188353578507467,0.009950248756218905,0.004975124378109453,3.134521980288012,0.25345649303544404,0.7226064706862151,3.9870463442108353,0.04379743321230021,0.04379743321230021,0.06270667652661029,0.059006570591579516,0.04195970579992043,0.026265698375325924,0.1578962224719888,0.032343723344293834,0.019870509359148286,0.08762510601609051,0.019870509359148286,0.08762510601609051,0.02559343324519183,0.13636370593173974,200,-0.07121158345979679,-0.037609264427512085,-2.961915988124629,0.2465450094850156,0.08149673133361059,5.231641026300142,0.015625,0.16666666666666666,0.13338588871234155,2708.5,,,0.9963096966453306,,0.00023226378256227382,0.1651,transferred,0.9963096966453306,table,0.55,0.10876152832674574,True,-0.04605485180013545,0.049134694145243074,0.05,0.012706676526610283,6.188353578507467,0.00023226378256227382,0.5765519985911229,0.42344800140887706
operator_scanner,secretion,secretion,primary,miss0,False,1341,1341,False,,1342.0,,137.0,0.0,5.77529711237363,-0.8890813194064188,1.681994712159437,3.9621875048726842,0.009950248756218905,0.004975124378109453,25.6803410000203,-3.258664480211347,9.863549366916693,2.9339342668366313,0.009950248756218905,0.004975124378109453,136.46152538016804,43.361560347299594,11.522294654124988,8.079984745012455,0.009950248756218905,0.004975124378109453,11.603880860737679,-1.8735417132347358,3.8799975977925256,3.4735646696379967,0.04232179800338765,0.04232179800338765,0.07158303904225125,0.06680120572478454,0.04060338955249414,0.011470854380981312,0.25360376405232027,0.17423566637803972,0.00022186058111327715,0.12630583748050372,0.00022186058111327715,0.12630583748050372,0.011340212348959818,0.20229523501144442,200,-0.042254457369875306,-0.020958479643116278,-2.4548661254135995,0.20541580521310285,0.07689676812740405,4.731452704637261,0.035794183445190156,0.11260253542132737,0.1393994000636515,2239.0,,,0.9956496800985768,,0.00031276976789570006,0.1651,transferred,0.9956496800985768,unselected,1.0,0.19774823332135585,True,-0.1261651942791046,0.055855530730964414,0.05,0.021583039042251242,5.079984745012455,0.00031276976789570006,0.3619907891967024,0.6380092108032975
operator_scanner,secretion|depthT1,secretion,depth,depthT1,False,447,1341,False,,448.0,,137.0,0.0,1.5941903697034068,-0.3042898971913635,0.45516476953567697,4.170973664836691,0.009950248756218905,0.004975124378109453,8.110745074756442,-1.658518999894415,2.748333763623356,3.5546134184849616,0.009950248756218905,0.004975124378109453,41.365985599697,12.957345491476806,3.71626638695742,7.644403589560462,0.009950248756218905,0.004975124378109453,3.2951226586802127,-0.7443158461259074,1.0756237760384044,3.7554380953567676,0.03853867728743502,0.03853867728743502,0.06682756582725109,0.0626413939495751,0.0371085623773728,-0.026128741285522228,0.213362444622009,0.15411731793078232,-0.015920514219853136,0.1068163861703226,-0.015920514219853136,0.1068163861703226,-0.013567755161645113,0.17591209110609857,200,-0.03445633505169009,-0.017608344507163632,-2.5348460821639622,0.18231874614952437,0.06722408214386992,5.46053278862916,0.029082774049217,0.09619686800894854,0.13618149921817765,597.0,,,0.9853719436917527,,0.0009920694435460121,0.1408,transferred,0.9853719436917527,unselected,1.0,0.1638733705772812,True,-0.09704580475003012,0.0494890740447278,0.05,0.01682756582725109,4.644403589560462,0.0009920694435460121,0.4078000323776572,0.5921999676223428
operator_scanner,secretion|depthT2,secretion,depth,depthT2,False,447,1341,False,,447.0,,137.0,0.0,1.9872030495795516,-0.2753222672913116,0.6872966032685984,3.2919198292424245,0.009950248756218905,0.004975124378109453,7.797274121943313,-1.4862024900903106,4.015396262714661,2.3119702277546597,0.009950248756218905,0.004975124378109453,41.19852254266142,12.6938783912174,3.8116267386929903,7.478340904182629,0.009950248756218905,0.004975124378109453,4.188022439589054,-0.4649925448520548,1.6028812660756042,2.902906835908853,0.0482348134577347,0.0482348134577347,0.07937391903053262,0.07353699920952726,0.04601527524031194,0.002587340684650132,0.365081864414575,0.1111279452148366,-0.004259024965211447,0.15122328092481763,-0.004259024965211447,0.15122328092481763,0.002580029331592696,0.267438616855509,200,-0.042379647360379746,-0.020181014594038222,-2.1552661987416406,0.2002701978742518,0.07353807627240444,4.093648220159386,0.04697986577181208,0.1185682326621924,0.14387332578872167,2239.0,,,0.9952967751232392,,0.0003750774642107855,0.1736,transferred,0.9952967751232392,unselected,1.0,0.21006776379477252,True,-0.1306938447642399,0.1550141006198025,0.05,0.029373919030532616,4.478340904182629,0.0003750774642107855,0.37784911685963224,0.6221508831403677
operator_scanner,secretion|depthT3,secretion,depth,depthT3,False,447,1341,False,,447.0,,137.0,0.0,2.193903693090671,-0.3094691549237439,0.7476025241064551,3.3485345050252215,0.009950248756218905,0.004975124378109453,9.772321803320544,-0.11394299022662029,4.453792220850895,2.219740909165807,0.01990049751243781,0.009950248756218905,53.89701723780962,17.710336464605394,4.560028341099615,7.93562628702393,0.009950248756218905,0.004975124378109453,4.12073576246841,-0.6642333222567729,1.696774890778947,2.82003765539489,0.04070547509912315,0.04070547509912315,0.06917939956151298,0.06470326643955591,0.03911334769834483,0.006265150510375252,0.2621089736274444,0.11065363564963686,-0.0024050867490537347,0.1292223586818022,-0.0024050867490537347,0.1292223586818022,0.006226116375270384,0.2076745156757198,200,-0.04992738969755607,-0.025086079828146986,-2.141688505988537,0.23365847161553227,0.08992814596593782,4.494497936289713,0.03131991051454139,0.12304250559284116,0.13814337518405523,7154.0,,,0.9987267914834955,,8.819208760541186e-05,0.1857,transferred,0.9987267914834955,unselected,1.0,0.22804863072577675,True,-0.15886923116426377,0.03406034290166765,0.05,0.019179399561512975,4.93562628702393,8.819208760541186e-05,0.30335371600937006,0.69664628399063
operator_scanner,secretion|miss0-5,secretion,miss,miss0-5,False,58,1341,False,,58.0,,132.0,0.03649635036496346,0.43105867386402535,-0.040857103286459834,0.1269501367827861,3.717331773796678,0.009950248756218905,0.004975124378109453,1.9933515191103235,-0.45973891110206067,0.6860365396237412,3.575743110647997,0.009950248756218905,0.004975124378109453,2.4421504449662828,0.7084359834045861,0.3896013555209335,4.449970301678129,0.009950248756218905,0.004975124378109453,0.9141702309788312,-0.07349125015372171,0.2996488916650955,3.296062520519579,0.17650782929958958,0.17650782929958958,0.27219925057635647,0.21395960613326842,0.1500269058172524,-4.03970375853979,1.399351181433574,3.3452367069971123,-0.12093915187015428,0.8729124548343015,-0.12093915187015428,0.8729124548343015,-0.3257860307029394,0.5860301394831586,200,0.0009450680794193289,-0.018113187456773677,1.593030510818957,0.2221389934153863,0.05472924625852604,6.661810289352442,0.017241379310344827,0.10344827586206896,0.17910898132672945,1068.75,,,0.992941576885753,,0.0019349552145603458,0.1651,transferred,0.992941576885753,unselected,1.0,0.19774823332135585,True,0.07445101725500061,1.2016029481122181,0.1,0.17219925057635646,1.4499703016781291,0.0019349552145603458,1.0,-0.3764939691471836
operator_scanner,secretion|miss5-20,secretion,miss,miss5-20,False,74,1341,False,,74.0,,121.0,0.11678832116788318,0.5059952107751959,-0.03872745669969152,0.14595921656338315,3.732019671661778,0.009950248756218905,0.004975124378109453,2.1794241101322704,-0.05133046658485425,0.7634265810701556,2.9220289573754417,0.009950248756218905,0.004975124378109453,3.681759393461168,1.1605561421564818,0.5863417155240331,4.2998872237009484,0.009950248756218905,0.004975124378109453,1.0844860664934297,-0.02079787753756717,0.3128284032763032,3.5331956192442147,0.13743299240951137,0.13743299240951137,0.2160566258166617,0.17766987262749015,0.12082733077609832,-0.33983432719664136,1.7065659943156581,5.87564707010991,-0.08493806140994896,0.6330370013876643,-0.08493806140994896,0.6330370013876643,-0.24469472705062334,0.633215428873297,200,-0.003917426507522944,-0.005274628355547441,0.13526267377205306,0.20429644344167955,0.053388722185706394,6.637100303214559,0.04054054054054054,0.14864864864864866,0.13918977126765453,849.75,,,0.9919799015960458,,0.0017468049474469848,0.1651,transferred,0.9919799015960458,unselected,1.0,0.19774823332135585,True,0.01830839249530586,1.5088177609943023,0.1,0.11605662581666171,1.2998872237009484,0.0017468049474469848,1.0,-0.09258435429637113
operator_scanner,secretion|miss20+,secretion,miss,miss20+,False,140,1341,False,,141.0,,79.0,0.4233576642335767,0.5132061996051033,0.15083746759879044,0.378553426239852,0.9572459443986526,0.29850746268656714,0.14925373134328357,1.6821796308575516,0.061552823229928666,1.2401759846633404,1.3067716418227209,0.21890547263681592,0.10945273631840796,1.285632467467316,0.05694585335373036,1.524758494431296,0.8058237541230167,0.47761194029850745,0.23880597014925373,0.7788931918063927,0.11974580902893202,0.4594813511498471,1.434546540633154,0.39918578022233264,0.39918578022233264,0.29492364272865246,0.2277536937291467,0.28529862571852427,-2.7940327300145142,7.681778833643819,4.569907096397296,-4.352286635760329,6.989673683247117,-4.352286635760329,6.989673683247117,-4.68669641914994,0.8863102934614902,200,0.004317256204972368,-0.0001453239718580399,0.4847648677082538,0.15987876756042924,0.03203404267369245,6.26188316880705,0.02142857142857143,0.02857142857142857,0.13258137400758926,735.75,,,0.9916139047826769,,0.0024941741315177637,0.1651,transferred,0.9916139047826769,unselected,1.0,0.19774823332135585,True,0.0971754094072966,7.4840306003224635,0.05,0.24492364272865247,-2.1941762458769833,0.0024941741315177637,1.0,-0.4914097475115198
operator_scanner,secretion|miss<=5,secretion,miss,miss<=5,False,1399,1341,False,,1400.0,,137.0,0.0,6.206355786237655,-0.9299384226928785,1.7322485879091665,4.119670963359872,0.009950248756218905,0.004975124378109453,27.673692519130622,-3.718403391313409,10.060184645575744,3.120429397312266,0.009950248756218905,0.004975124378109453,138.90367582513431,44.06999633070418,11.737302962311865,8.079682342607862,0.009950248756218905,0.004975124378109453,12.518051091716508,-1.947032963388457,4.002625495217187,3.613898945177251,0.04468100465570709,0.04468100465570709,0.07525063086210496,0.06998427036659459,0.04276999816841936,0.011865466774794246,0.26710468824133143,0.19021078173651895,-0.0017066446937481668,0.13390882045268335,-0.0017066446937481668,0.13390882045268335,0.011724570060802353,0.21079897862068195,200,-0.0404634834770525,-0.02084051899493338,-2.3318658928912672,0.2061091182336407,0.07597774291768646,4.846765733679418,0.035025017869907075,0.11222301644031452,0.14104568720679558,2167.0,,,0.9955383631387877,,0.0003372456561345379,0.1651,transferred,0.9955383631387877,unselected,1.0,0.19774823332135585,True,-0.1224976024592509,0.06935645491997558,0.05,0.025250630862104953,5.079682342607862,0.0003372456561345379,0.3805375633359868,0.6194624366640131
operator_scanner,pinned_sig&secretion,pinned_sig&secretion,primary,miss0,True,369,369,False,369.0,1342.0,0.2749627421758569,137.0,0.0,3.033728836421126,-0.2365669599621037,0.521205364615299,6.274486063275713,0.009950248756218905,0.004975124378109453,12.746943685555134,-0.19420782224059657,3.082788813383102,4.197871567333833,0.009950248756218905,0.004975124378109453,74.42187187584939,24.552146891890043,5.140959139288042,9.700470988545081,0.009950248756218905,0.004975124378109453,5.693203088067747,-0.47732926575955964,1.1780789771859157,5.237791755326026,0.04076394156655982,0.04076394156655982,0.06557677623919371,0.061541108722956504,0.03916732693986483,0.034705104350984714,0.14956574403221093,0.03291555069641294,0.01923464183071476,0.08305601252698916,0.01923464183071476,0.08305601252698916,0.03354105036923716,0.13010624859048842,200,-0.07818605601858755,-0.04009266980099092,-4.041536046775649,0.21300033685083777,0.08184769282543133,4.840501687549477,0.037940379403794036,0.17344173441734417,0.1314275575461546,2706.0,,,0.996710329781581,,0.0002164379773823299,0.1651,transferred,0.996710329781581,table,0.55,0.10876152832674574,True,-0.04318475208755203,0.04080421570546519,0.05,0.015576776239193707,6.7004709885450815,0.0002164379773823299,0.6029409226595762,0.3970590773404238
operator_scanner,pinned_sig&secretion|depthT1,pinned_sig&secretion,depth,depthT1,True,123,369,False,123.0,490.0,0.2510204081632653,137.0,0.0,0.7088113952568,-0.24180485771412932,0.17458347664773016,5.445052826442775,0.009950248756218905,0.004975124378109453,3.7335341576206207,-1.315999306210536,1.1507068214554255,4.388201555496522,0.009950248756218905,0.004975124378109453,23.512043144092893,7.337250821576664,1.7759197610192514,9.107839598131985,0.009950248756218905,0.004975124378109453,1.3282685306150532,-0.5224641381111238,0.3903090184313154,4.74171126294859,0.03014673760646276,0.03014673760646276,0.058771465748442255,0.0555091137697944,0.029264508157845984,0.009180610150531388,0.13577516399531156,0.03589368557140388,-0.00417924542568485,0.07631216386590141,-0.00417924542568485,0.07631216386590141,0.009097069521716397,0.11954402862443236,200,-0.07269664150532874,-0.04546808978437774,-3.046232057083441,0.15552172760102193,0.06772390603300728,4.352124261695945,0.016260162601626018,0.1951219512195122,0.12196985836440004,524.0,,,0.9853719436917527,,0.0008724749225814943,0.1408,transferred,0.9853719436917527,table,0.55,0.09013035381750467,True,-0.03135888806906242,0.04564481017780689,0.05,0.008771465748442252,6.107839598131985,0.0008724749225814943,0.6520718410519316,0.3479281589480684
operator_scanner,pinned_sig&secretion|depthT2,pinned_sig&secretion,depth,depthT2,True,123,369,False,123.0,512.0,0.240234375,137.0,0.0,0.9962981037172777,-0.143853273617397,0.23420914689691702,4.8680907318982385,0.009950248756218905,0.004975124378109453,3.5444942691361714,-0.36147878495961594,1.3417541036771488,2.911094546602287,0.009950248756218905,0.004975124378109453,24.284657866577454,7.927195306800965,1.7281038586718585,9.465555254501941,0.009950248756218905,0.004975124378109453,1.9481594844453856,-0.3319411096310866,0.5306191016618985,4.297057129935954,0.04102582417224272,0.04102582417224272,0.06970221531414918,0.0651603916644027,0.03940903599088316,0.02608230212474314,0.18410367894418703,0.039541704483811176,0.009889876701332416,0.10263286080046737,0.009889876701332416,0.10263286080046737,0.02541909027009707,0.15547933691700686,200,-0.08909460056176549,-0.042291403836461156,-3.821991601933032,0.22370017564610148,0.08168035619107322,4.572719638494247,0.04878048780487805,0.16260162601626016,0.14051984893367914,2706.0,,,0.9962780665149448,,0.0002603961864459752,0.1736,transferred,0.9962780665149448,table,0.55,0.11553727008712489,True,-0.04583505477297571,0.06856640885706214,0.05,0.019702215314149174,6.4655552545019415,0.0002603961864459752,0.6032877119356187,0.3967122880643813
operator_scanner,pinned_sig&secretion|depthT3,pinned_sig&secretion,depth,depthT3,True,123,369,False,123.0,340.0,0.36176470588235293,137.0,0.0,1.3286193374470479,0.14909117136942257,0.22174480548853895,5.31930460999498,0.009950248756218905,0.004975124378109453,5.468915258798341,1.4832702689295556,1.273254936035476,3.1302804152315775,0.009950248756218905,0.004975124378109453,26.62517086517904,9.287700763512412,1.8885866731480594,9.180129431267794,0.009950248756218905,0.004975124378109453,2.416775073007308,0.37707598198265074,0.49802615123031835,4.095566238812574,0.049900875535211844,0.049900875535211844,0.06803346504195204,0.06369975030630684,0.047529130318872896,0.012839549050351043,0.18389219986706773,0.04462384030462008,0.013945470467441165,0.10487497306384025,0.013945470467441165,0.10487497306384025,0.012674461437338035,0.15532722982232877,200,-0.0727669259886684,-0.032518515782133835,-3.391113460150927,0.25977910730538994,0.09613881625221346,4.8135893579286755,0.04878048780487805,0.16260162601626016,0.1317929653403846,9770.0,,,0.9991569589607796,,5.740339648976307e-05,0.1857,transferred,0.9991569589607796,table,0.55,0.1254267468991772,True,-0.05739328185722517,0.05846545296789052,0.05,0.018033465041952038,6.180129431267794,5.740339648976307e-05,0.542415925820351,0.45758407417964897
operator_scanner,pinned_sig&secretion|miss<=5,pinned_sig&secretion,miss,miss<=5,True,373,369,False,373.0,1400.0,0.2664285714285714,137.0,0.0,3.0333120462202117,-0.24734484302397733,0.5239703552896084,6.261149807665945,0.009950248756218905,0.004975124378109453,12.819585558507343,-0.15639524820526346,3.101513912302658,4.183757085609474,0.009950248756218905,0.004975124378109453,75.13617340472078,24.94920070755113,5.190336854786936,9.669309353377187,0.009950248756218905,0.004975124378109453,5.687144840741669,-0.5088829310536147,1.1824092534104684,5.240171923489132,0.04037086144753853,0.04037086144753853,0.0653686945622286,0.06135781433777656,0.03880429848964418,0.032529229440283344,0.14930084644004876,0.03321762784694134,0.018468450975300515,0.08190500614638242,0.018468450975300515,0.08190500614638242,0.031504414546754865,0.12990566741686801,200,-0.07866499366850335,-0.04041726355435477,-4.060272912704791,0.21342319640873716,0.08210245678472745,4.8738872590124664,0.03753351206434316,0.17158176943699732,0.13208203104779406,2705.0,,,0.9967639345196333,,0.00021222414720633716,0.1651,transferred,0.9967639345196333,table,0.55,0.10876152832674574,True,-0.043392833764517136,0.040539318113303024,0.05,0.0153686945622286,6.669309353377187,0.00021222414720633716,0.6010277307417505,0.39897226925824947
operator_scanner,splicing,splicing,primary,miss0,False,227,227,False,,227.0,,137.0,0.0,1.1634986423261788,0.68922321347327,0.44618481260943643,1.062957356345657,0.29850746268656714,0.14925373134328357,7.748394022593648,5.196402816549156,3.079352805840958,0.8287427154185907,0.43781094527363185,0.21890547263681592,20.21371352340409,6.801272120386371,2.414547715794583,5.554846282507169,0.009950248756218905,0.004975124378109453,2.3464060167365677,1.4785694944243113,0.9454805650601845,0.9178787532845948,0.05755986602753832,0.05755986602753832,0.03536085747567179,0.034153172027273276,0.05442705219492463,-0.1671130758063971,0.4216797931447794,0.4100658863388634,-0.030080083498998916,0.23433855174531573,-0.030080083498998916,0.23433855174531573,-0.1491616291227451,0.29792153977362157,200,0.0011923487735156734,0.010970469842401314,-0.7014822109465039,0.2242665316065146,0.1017294708976296,2.997348241175903,0.03524229074889868,0.07048458149779736,0.06322315492979189,1909.0,,,0.992902823925988,,0.0002527560860795691,0.1651,transferred,0.992902823925988,unselected,1.0,0.19774823332135585,True,-0.16238737584568408,0.22393155982342353,0.05,-0.014639142524328214,2.554846282507169,0.0002527560860795691,0.1788175645453566,0.8211824354546434
operator_scanner,splicing|depthT1,splicing,depth,depthT1,False,76,227,False,,76.0,,137.0,0.0,0.2185548184330364,0.15712883147109608,0.14620448647326503,0.4201374967598733,0.6666666666666666,0.3333333333333333,1.2629407169426907,1.3076230674691391,1.1072581771742311,-0.04035404880953748,0.8855721393034826,0.5621890547263682,5.101213861210137,2.334913344882326,0.7166599302975981,3.8599904911372476,0.009950248756218905,0.004975124378109453,0.43567031860721417,0.3220645100308607,0.29936288159830315,0.3794919663046076,0.04284368865515269,0.04284368865515269,0.022205102663061946,0.021722746839370033,0.041083519151756814,-1.0230608788828346,1.7043581162747663,5.353078016689983,-0.10676734537487768,0.25702645780585376,-0.10676734537487768,0.25702645780585376,-0.8809549092654032,0.6319860142025799,200,-0.013156992712508007,0.0030305787927216326,-1.1408098841468213,0.2000057933203788,0.09703093438380173,2.978354897946133,0.06578947368421052,0.039473684210526314,0.054176247192109624,764.0,,,0.9851995348361462,,0.0003335830324758573,0.1408,transferred,0.9851995348361462,unselected,1.0,0.1638733705772812,True,-0.14166826791421927,1.540484745697485,0.1,-0.07779489733693806,0.8599904911372476,0.0003335830324758573,0.1355015923870939,0.8644984076129061
operator_scanner,splicing|depthT2,splicing,depth,depthT2,False,75,227,False,,75.0,,137.0,0.0,0.44441078895116104,0.2220671132412733,0.15242689796349662,1.4586905505558139,0.13930348258706468,0.06965174129353234,2.939438297172526,1.4247049059972143,1.0527277672781765,1.4388652396731674,0.13930348258706468,0.06965174129353234,6.794172559838982,1.92549615082002,0.8713681932615394,5.587392845721692,0.009950248756218905,0.004975124378109453,0.9673092780082112,0.502241182853174,0.32322395845446117,1.4388416544949914,0.06541058311914487,0.06541058311914487,0.04566819747930013,0.0436736983962871,0.06139471876433388,-0.19695477704556796,0.3602950868821497,1.168603405086464,-0.0272828577451639,0.25199134479822727,-0.0272828577451639,0.25199134479822727,-0.24526724901592467,0.2648649349525729,200,0.0016146796858353815,0.008727649293385195,-0.4901187080190728,0.22447662164433144,0.0966029457593859,2.977539776120409,0.0,0.10666666666666667,0.06657417139672099,1909.0,,,0.9926612406810342,,0.00033762566331455463,0.1736,transferred,0.9926612406810342,unselected,1.0,0.21006776379477252,True,-0.1643995663154724,0.15022732308737716,0.1,-0.05433180252069988,2.587392845721692,0.00033762566331455463,0.21739745620330428,0.7826025437966957
operator_scanner,splicing|depthT3,splicing,depth,depthT3,False,76,227,False,,76.0,,137.0,0.0,0.5005330349419813,0.3100272687609006,0.1775967315760546,1.072687343345043,0.3283582089552239,0.16417910447761194,3.546015008478431,2.464074843082803,1.2109055211438562,0.8934967646142998,0.43781094527363185,0.21890547263681592,8.31832710235497,2.540862624684025,1.0339507933611454,5.587755737281932,0.009950248756218905,0.004975124378109453,0.9434264201211424,0.6542638015402766,0.3878565878035359,0.745540046692046,0.060172319359775746,0.060172319359775746,0.032973939851531346,0.03192136662834947,0.05675711227408108,-0.07165879814984458,0.5108031031722235,0.15441598004114587,0.004629243058096478,0.25657743011199685,0.004629243058096478,0.25657743011199685,-0.07719071660685753,0.33808926128162037,200,0.015124916332908061,0.021123670644399527,-0.3436855848039248,0.2483199441974364,0.11148707827156638,2.8295557103748727,0.039473684210526314,0.06578947368421052,0.0689631385224783,4930.0,,,0.9969326934505571,,0.00010145236717783848,0.1857,transferred,0.9969326934505571,unselected,1.0,0.22804863072577675,True,-0.1950746908742454,0.2827544724464468,0.1,-0.06702606014846865,2.587755737281932,0.00010145236717783848,0.14459170285999987,0.8554082971400001
operator_scanner,splicing|miss<=5,splicing,miss,miss<=5,False,228,227,False,,228.0,,137.0,0.0,1.1788422865131203,0.7033086070937106,0.44989003754517126,1.056999799360224,0.29850746268656714,0.14925373134328357,7.831790720283232,5.272771481724119,3.0994476948004754,0.8256371749237885,0.44776119402985076,0.22388059701492538,20.29852088566151,6.860108028296699,2.4261962610589816,5.538881199783582,0.009950248756218905,0.004975124378109453,2.3775935654376696,1.507128796295563,0.9524453364112059,0.9139262232329255,0.058075280122791215,0.058075280122791215,0.03538614897954987,0.03417676488566662,0.054887663679328645,-0.17233085935005032,0.4258308921476771,0.5429395027547225,-0.028006020632351865,0.24016840763549244,-0.028006020632351865,0.24016840763549244,-0.1499378376187677,0.2991851211475435,200,0.0012214968617000927,0.011030235401046442,-0.7030005916696378,0.22330896734512437,0.10117110067363438,2.9912774821152293,0.03508771929824561,0.07017543859649122,0.06355924083721937,1904.5,,,0.9928055927476129,,0.000256427208621942,0.1651,transferred,0.9928055927476129,unselected,1.0,0.19774823332135585,True,-0.162362084341806,0.22808265882632126,0.05,-0.014613851020450132,2.5388811997835816,0.000256427208621942,0.17894546204134576,0.8210545379586542
operator_scanner,pinned_sig&splicing,pinned_sig&splicing,primary,miss0,True,51,51,False,51.0,227.0,0.22466960352422907,137.0,0.0,0.3491928019175554,0.15559159078381676,0.14043633253507476,1.3785692608099522,0.21890547263681592,0.10945273631840796,2.2450840351945325,0.7798470678846318,0.9461173881504459,1.5486841122054376,0.10945273631840796,0.05472636815920398,10.333438262418843,3.197971225017933,0.8907535957204837,8.010595827715303,0.009950248756218905,0.004975124378109453,0.6474944926141363,0.3221140052435797,0.27797141205172154,1.1705537809406592,0.03379250865488953,0.03379250865488953,0.02713224097581394,0.02641552849128492,0.032687902429142546,-0.042311823416926256,0.12014312518004573,0.04533716940950614,-0.006391267819475135,0.09371220263234462,-0.006391267819475135,0.09371220263234462,-0.04418206614443853,0.10725691350449088,200,-0.02572038197624827,-0.01097187875061747,-0.7728519927376603,0.22736682652627785,0.08770908431374166,2.926510631005245,0.0392156862745098,0.1568627450980392,0.06079996361437143,2229.0,,,0.9945288086087374,,0.0001492623260056179,0.1651,transferred,0.9945288086087374,table,0.55,0.10876152832674574,True,-0.0816292873509318,0.011381596853299994,0.1,-0.07286775902418607,5.010595827715303,0.0001492623260056179,0.2494654258103304,0.7505345741896696
operator_scanner,pinned_sig&splicing|depthT1,pinned_sig&splicing,depth,depthT1,True,17,51,False,17.0,98.0,0.17346938775510204,137.0,0.0,0.08713069839171406,0.0361061042324798,0.07575387259068267,0.6735575676102137,0.47761194029850745,0.23880597014925373,0.5859725316942949,0.07668405227799996,0.5004089692433132,1.017744506431227,0.3383084577114428,0.1691542288557214,2.8271582414442578,1.2911387432801187,0.27488115211354874,5.587940411169535,0.009950248756218905,0.004975124378109453,0.16260777966770887,0.07313192565081622,0.14974373598442278,0.5975265237552271,0.030819179879794496,0.030819179879794496,0.03321871514015232,0.03215070986750983,0.029897755572794414,-0.4353315543648598,0.49428675784559195,0.7912931998928031,-0.06310765028418436,0.1772862762036011,-0.06310765028418436,0.1772862762036011,-0.41284249034734083,0.33088118631163543,200,-0.041855208560844036,-0.034612291451292736,-0.25524682884842104,0.18343884822730366,0.0634843950836684,2.474376259832309,0.0,0.058823529411764705,0.07417926590567156,1029.0,,,0.9874042114514634,,0.00042375342023746025,0.1408,transferred,0.9874042114514634,table,0.45,0.07374301675977654,False,-0.04052430161962422,0.4205437410858154,0.1,-0.06678128485984769,2.5879404111695354,0.00042375342023746025,0.4504659098550959,0.5495340901449042
operator_scanner,pinned_sig&splicing|depthT2,pinned_sig&splicing,depth,depthT2,True,17,51,False,17.0,66.0,0.25757575757575757,137.0,0.0,0.10259982635186013,0.043765705704318474,0.049556719064746256,1.1872077441340376,0.25870646766169153,0.12935323383084577,0.5556679364296017,0.1728191319592044,0.3589970305463918,1.0664400312384288,0.29850746268656714,0.14925373134328357,3.579934739696044,0.9610675035062803,0.34943866274473223,7.494497648369458,0.009950248756218905,0.004975124378109453,0.2038524332245225,0.08968192691520858,0.1002465629990229,1.1388969645814864,0.028659691813424346,0.028659691813424346,0.022465484250030355,0.021971875428644514,0.027861198452230757,-0.05152381808461168,0.12697041014096735,0.05861482983189898,-0.028653112235845272,0.09565742788604893,-0.028653112235845272,0.09565742788604893,-0.05432297189136226,0.11266495937818984,200,-0.037508495645117636,-0.01066003355133464,-1.1302055322471176,0.23916186669054462,0.07735169126626146,3.374281497311822,0.058823529411764705,0.17647058823529413,0.06067601011316359,2229.0,,,0.9945288086087374,,0.00012358914388941334,0.1736,transferred,0.9945288086087374,table,0.55,0.11553727008712489,False,-0.09307178583709454,0.011433140053842467,0.1,-0.07753451574996965,4.494497648369458,0.00012358914388941334,0.19444361315694475,0.8055563868430553
operator_scanner,pinned_sig&splicing|depthT3,pinned_sig&splicing,depth,depthT3,True,17,51,False,17.0,63.0,0.2698412698412698,137.0,0.0,0.1594622771739812,0.07571978084701847,0.04247463814742224,1.9715882225130859,0.05970149253731343,0.029850746268656716,1.103443567070636,0.5303438836474273,0.3249844616391525,1.7634679533064925,0.08955223880597014,0.04477611940298507,3.9263452812785413,0.9457649782315349,0.403972184352819,7.3781820097886825,0.009950248756218905,0.004975124378109453,0.28103427972190487,0.15930015267755496,0.08440345014160253,1.442288518302489,0.04061341164627663,0.04061341164627663,0.028096037621047797,0.027328222843908956,0.039028337701342126,-0.03495763771048041,0.13058267560089531,0.043269895476381846,0.0004489109238312558,0.11625584477664817,0.0004489109238312558,0.11625584477664817,-0.036224650390798425,0.11549534652440893,200,0.0022025582772168687,0.01235668875077497,-0.5124065920565559,0.2594997646609851,0.12229116659129517,2.5083214922564157,0.058823529411764705,0.23529411764705882,0.04754461482427913,8246.0,,,0.998120331864413,,5.2910681173973245e-05,0.1857,transferred,0.998120331864413,table,0.55,0.1254267468991772,False,-0.09733070927812941,0.005155928701718104,0.1,-0.0719039623789522,4.3781820097886825,5.2910681173973245e-05,0.22400355837684655,0.7759964416231535
operator_scanner,pinned_sig&splicing|miss<=5,pinned_sig&splicing,miss,miss<=5,True,51,51,False,51.0,228.0,0.2236842105263158,137.0,0.0,0.3491928019175554,0.15559159078381676,0.14043633253507476,1.3785692608099522,0.21890547263681592,0.10945273631840796,2.2450840351945325,0.7798470678846318,0.9461173881504459,1.5486841122054376,0.10945273631840796,0.05472636815920398,10.333438262418843,3.197971225017933,0.8907535957204837,8.010595827715303,0.009950248756218905,0.004975124378109453,0.6474944926141363,0.3221140052435797,0.27797141205172154,1.1705537809406592,0.03379250865488953,0.03379250865488953,0.02713224097581394,0.02641552849128492,0.032687902429142546,-0.042311823416926256,0.12014312518004573,0.04533716940950614,-0.006391267819475135,0.09371220263234462,-0.006391267819475135,0.09371220263234462,-0.04418206614443853,0.10725691350449088,200,-0.02572038197624827,-0.01097187875061747,-0.7728519927376603,0.22736682652627785,0.08770908431374166,2.926510631005245,0.0392156862745098,0.1568627450980392,0.06079996361437143,2229.0,,,0.9945288086087374,,0.0001492623260056179,0.1651,transferred,0.9945288086087374,table,0.55,0.10876152832674574,True,-0.0816292873509318,0.011381596853299994,0.1,-0.07286775902418607,5.010595827715303,0.0001492623260056179,0.2494654258103304,0.7505345741896696
operator_scanner,translation,translation,primary,miss0,False,1144,1144,False,,1145.0,,137.0,0.0,6.374289960084113,1.227167408568134,1.453603144945057,3.540940709584478,0.009950248756218905,0.004975124378109453,36.41024013947269,10.514453841314168,9.702504468060658,2.6689795797985947,0.009950248756218905,0.004975124378109453,102.1658951626728,32.36025989759127,9.399875473721183,7.426229789983288,0.009950248756218905,0.004975124378109453,13.112654342521578,2.798148625600218,3.252339112647928,3.171411516348211,0.06239156373988308,0.06239156373988308,0.07373505780686872,0.06867155661050545,0.05872746534267387,0.005877342962974741,0.28068043143671173,0.49978201305695186,0.016994232724560104,0.14282385894791666,0.016994232724560104,0.14282385894791666,0.005842966494702552,0.2191621058534554,200,-0.014977294381061252,-0.005625624525624628,-1.0452820400389349,0.21619891122189094,0.08762411889397556,4.1496032017854265,0.03496503496503497,0.09965034965034965,0.10707752366330706,1890.0,,,0.9941269153818437,,0.00043561061180810034,0.1651,transferred,0.9941269153818437,unselected,1.0,0.19774823332135585,True,-0.12401317551448714,0.08293219811535588,0.05,0.023735057806868715,4.426229789983288,0.00043561061180810034,0.37287340861874435,0.6271265913812556
operator_scanner,translation|depthT1,translation,depth,depthT1,False,381,1144,False,,382.0,,137.0,0.0,1.4096798049854882,0.19983726884955183,0.4243262588527849,2.8512082646190353,0.009950248756218905,0.004975124378109453,9.346920363965166,1.8543044109774098,3.2941264650402347,2.274538039903772,0.029850746268656716,0.014925373134328358,26.918172588379043,9.448161525988734,3.158315762237287,5.531432693105678,0.009950248756218905,0.004975124378109453,3.0307735652461893,0.4981890910313412,0.9329340170069979,2.714644795930784,0.05236907521701777,0.05236907521701777,0.06925253406052517,0.06476723865926805,0.049763031288446315,-0.05556295603050967,0.27060172508986924,6.20179702722413,-0.01412487532973151,0.1437569445442698,-0.01412487532973151,0.1437569445442698,-0.019478495014686667,0.21301803598913485,200,-0.008796014275258269,-0.005438092588358361,-0.38026613546426585,0.19388971807759503,0.0822092716853958,4.217629044923253,0.03937007874015748,0.07086614173228346,0.09175591906418733,649.0,,,0.9837067047039622,,0.0011470410662562506,0.1408,transferred,0.9837067047039622,unselected,1.0,0.1638733705772812,True,-0.09462083651675604,0.10672835451258803,0.05,0.01925253406052517,2.5314326931056783,0.0011470410662562506,0.42259784989206833,0.5774021501079316
operator_scanner,translation|depthT2,translation,depth,depthT2,False,381,1144,False,,381.0,,137.0,0.0,2.366396146734627,0.37445467702222784,0.5685857929817013,3.5033261370575706,0.009950248756218905,0.004975124378109453,13.008726197703574,2.5791909925053425,3.713297160999041,2.8086993184225055,0.009950248756218905,0.004975124378109453,33.936764851690356,9.832501596057018,2.9818431142958453,8.083679231838293,0.009950248756218905,0.004975124378109453,4.924618431673064,0.8794930872385703,1.2877181345320416,3.141312711189314,0.06972957372560983,0.06972957372560983,0.08263855437468591,0.0763306960026161,0.06518430025521176,0.008472871070830203,0.29433343174214255,0.09606068422140047,0.01708124636154468,0.1679845003555159,0.01708124636154468,0.1679845003555159,0.008396635859871701,0.22740124242336976,200,-0.012847823170900897,-0.006385512053320247,-0.6155271147215617,0.21901412703664996,0.0788783521677014,3.976019842662583,0.028871391076115485,0.11548556430446194,0.11100239236614443,1884.0,,,0.9938209888162531,,0.0005137993234556918,0.1736,transferred,0.9938209888162531,unselected,1.0,0.21006776379477252,True,-0.12742920942008662,0.08426566794737003,0.05,0.03263855437468591,5.083679231838293,0.0005137993234556918,0.3933899846500025,0.6066100153499975
operator_scanner,translation|depthT3,translation,depth,depthT3,False,382,1144,False,,382.0,,137.0,0.0,2.598214008363997,0.6528754626963543,0.592441369792278,3.283596731858408,0.009950248756218905,0.004975124378109453,14.054593577803953,6.080958437831415,3.797922308191324,2.0994729467675195,0.009950248756218905,0.004975124378109453,41.31095772260339,13.079596775545511,3.9061966020902403,7.227327199033205,0.009950248756218905,0.004975124378109453,5.157262345602323,1.4204664473303068,1.3372345725841186,2.794420646073263,0.06289406374479617,0.06289406374479617,0.06890700555724981,0.06446492089489744,0.05917246684322175,0.0028134518612836315,0.2841907104547508,0.0818078887901464,0.023202145173607913,0.16331922576196065,0.023202145173607913,0.16331922576196065,0.0028053227132364077,0.22124869577591827,200,-0.02326628980352731,-0.00505476724825923,-1.7507857197554964,0.23564185719716207,0.10174766315884293,4.021817187369804,0.03664921465968586,0.112565445026178,0.1184444251724264,5944.0,,,0.9983496579754216,,0.00011390811440713094,0.1857,transferred,0.9983496579754216,unselected,1.0,0.22804863072577675,True,-0.15914162516852692,0.05614207972897406,0.05,0.018907005557249806,4.227327199033205,0.00011390811440713094,0.30215926023300227,0.6978407397669977
operator_scanner,translation|miss0-5,translation,miss,miss0-5,False,69,1144,False,,69.0,,132.0,0.03649635036496346,0.11739043683486976,0.010300487860883792,0.09439050273865993,1.134541567921162,0.22885572139303484,0.11442786069651742,0.3160855261529675,-0.06806044015069984,0.6368676186552971,0.6031802450794492,0.5174129353233831,0.25870646766169153,2.646044196132915,0.5965891374502589,0.45729309744169416,4.481710023939222,0.009950248756218905,0.004975124378109453,0.13070416635164697,-0.002626518496678736,0.21514891176993536,0.6197134986715614,0.044364503437407075,0.044364503437407075,0.05225288962560662,0.049658109890482964,0.042479903607779035,-0.9998608275410386,0.4834116777936188,0.6026995891780766,-0.24748317623030744,0.46486101701093074,-0.24748317623030744,0.46486101701093074,-0.8358785619968342,0.3280388683146901,200,-0.00940724452180608,-0.0025047578742191374,-0.7379800870894292,0.17448968236256865,0.04287468347122242,4.71377302516069,0.057971014492753624,0.07246376811594203,0.09499264258497613,1135.5,,,0.991827667612553,,0.00043054655175424144,0.1651,transferred,0.991827667612553,unselected,1.0,0.19774823332135585,True,-0.14549534369574924,0.285663444472263,0.1,-0.04774711037439339,1.4817100239392218,0.00043054655175424144,0.2642394763683765,0.7357605236316235
operator_scanner,translation|miss5-20,translation,miss,miss5-20,False,82,1144,False,,82.0,,124.0,0.0948905109489051,0.4348598828097321,-0.04542670310960247,0.11462391508654873,4.190108020273832,0.009950248756218905,0.004975124378109453,2.3594382366651283,-0.10127923951672652,0.8211967404119901,2.9965017578459037,0.009950248756218905,0.004975124378109453,2.889498035831018,0.9881981378309871,0.628301281330952,3.0260958468402968,0.009950248756218905,0.004975124378109453,0.9614024957847498,-0.09022721156917417,0.2473324909476463,4.251886613540499,0.15049668745826528,0.15049668745826528,0.25260958906301206,0.20166665756724034,0.13081018754669346,-1.4926932474734322,1.8475284061981296,12.545908143690477,-0.1104363711614343,0.9967192263716217,-0.1104363711614343,0.9967192263716217,-2.114930321679441,0.6595297909227281,200,0.01199023921890797,-0.0038938135745682128,1.5998120794626107,0.23319629465221053,0.0871249588553475,5.226301009972186,0.024390243902439025,0.10975609756097561,0.0834770505808526,967.25,,,0.9900999631570874,,0.002525850249122835,0.1651,transferred,0.9900999631570874,unselected,1.0,0.19774823332135585,True,0.05486135574165621,1.6497801728767738,0.1,0.15260958906301206,0.026095846840296755,0.002525850249122835,1.0,-0.27743032046462
operator_scanner,translation|miss20+,translation,miss,miss20+,False,138,1144,False,,138.0,,74.5,0.4562043795620438,0.43562441570011035,-0.024301875113536996,0.31961448129860615,1.439003292169206,0.14925373134328357,0.07462686567164178,2.7925564952646,0.07130350027464293,1.3223921439076296,2.0578260446623156,0.03980099502487562,0.01990049751243781,0.5664778860440648,-1.615272387291646,1.558365700465721,1.4000245723347797,0.14925373134328357,0.07462686567164178,0.6884372698260361,-0.09809453141610139,0.3607961610662648,2.1799893849138847,0.769005157010179,0.769005157010179,0.21080611123768037,0.1741039372705142,0.43471052300937646,-2.7956442459917046,2.268900122184488,31.222161822446672,-1.962888670970946,4.574636832456845,-1.962888670970946,4.574636832456845,-4.2256698939523005,0.7382335856301249,200,0.013140431953481189,0.0018113922387640762,1.195268760104035,0.15218796419691824,0.026399045039775196,5.654627852652994,0.050724637681159424,0.08695652173913043,0.07222456226452292,706.75,,,0.988059778760731,,0.0025474891913168166,0.1651,transferred,0.988059778760731,unselected,1.0,0.19774823332135585,True,0.013057877916324512,2.0711518888631324,0.05,0.16080611123768035,-1.5999754276652203,0.0025474891913168166,1.0,-0.06603284235214613
operator_scanner,translation|miss<=5,translation,miss,miss<=5,False,1213,1144,False,,1214.0,,137.0,0.0,6.491680396918983,1.2374678964290178,1.5012131646812028,3.4999776341594684,0.009950248756218905,0.004975124378109453,36.72632566562566,10.446393401163464,9.999916456387213,2.6280151818344946,0.009950248756218905,0.004975124378109453,104.81193935880572,32.95684903504152,9.6651980317318,7.434414699818548,0.009950248756218905,0.004975124378109453,13.243358508873225,2.7955221071035394,3.3540223281145187,3.115016949706173,0.061936459115557695,0.061936459115557695,0.07312234215858013,0.06813980036189994,0.05832407257882639,0.005994920628220904,0.21564960015261156,0.5604112451190003,0.016703885761334133,0.14063388386643969,0.016703885761334133,0.14063388386643969,0.006766328922310684,0.17843361390519827,200,-0.014660449005720274,-0.005448097898298182,-1.063314698942863,0.2138263334879311,0.08507860278171671,4.217106492175816,0.036273701566364384,0.09810387469084914,0.10639009019718601,1817.0,,,0.9940272200510324,,0.00043936790689081366,0.1651,transferred,0.9940272200510324,unselected,1.0,0.19774823332135585,True,-0.12462589116277573,0.017901366831255705,0.05,0.023122342158580125,4.434414699818548,0.00043936790689081366,0.36977494529496396,0.6302250547050361
operator_scanner,pinned_sig&translation,pinned_sig&translation,primary,miss0,True,248,248,False,248.0,1145.0,0.2165938864628821,137.0,0.0,2.136994608761646,0.14660250847641992,0.38409336522897497,5.182052804006822,0.009950248756218905,0.004975124378109453,11.006883912950268,1.6745900550251347,2.566841590832424,3.6357108639877853,0.009950248756218905,0.004975124378109453,50.108904203154495,15.896815692898548,3.4366562116580495,9.955051190223644,0.009950248756218905,0.004975124378109453,3.978980967821862,0.40090465959590704,0.8393990851077001,4.262664055402045,0.04264700341675235,0.04264700341675235,0.058178035511879236,0.054979439715677335,0.04090262886384193,0.02804189295622509,0.13541390340140363,0.02725525314074581,0.022252385595807132,0.08540721487173275,0.022252385595807132,0.08540721487173275,0.02727699438500244,0.11926390113516507,200,-0.05852533445782792,-0.030514507478424914,-2.6598484331446035,0.23885153242095042,0.09425276909376495,4.69743481806785,0.020161290322580645,0.15725806451612903,0.11502096747326883,2725.5,,,0.9960429940514668,,0.00023112539716592511,0.1651,transferred,0.9960429940514668,table,0.55,0.10876152832674574,True,-0.0505834928148665,0.026652375074657897,0.05,0.008178035511879234,6.955051190223644,0.00023112539716592511,0.5349137365659157,0.4650862634340843
operator_scanner,pinned_sig&translation|depthT1,pinned_sig&translation,depth,depthT1,True,83,248,False,83.0,462.0,0.17965367965367965,137.0,0.0,0.318542941382052,-0.15051442296342496,0.12295587077408215,3.814843174160574,0.009950248756218905,0.004975124378109453,2.45843425668155,-0.5215727916776595,0.929655837472735,3.205494902780737,0.009950248756218905,0.004975124378109453,16.00287115318211,5.254945757083691,1.1321799234757914,9.493124876390933,0.009950248756218905,0.004975124378109453,0.6143900889056725,-0.30876894126277443,0.2562204206804378,3.60298772329246,0.019905361877434788,0.019905361877434788,0.043641665443244375,0.041816714384155365,0.019516871487755622,0.001091055728388898,0.11901868729827433,0.033076546541904436,-0.0065806091940979845,0.06171495036634039,-0.0065806091940979845,0.06171495036634039,0.0010898557548545743,0.10635934469684108,200,-0.05542719613365917,-0.03837432125289483,-1.6082793037000862,0.2016214988463169,0.08171053102213613,4.367331555582808,0.012048192771084338,0.12048192771084337,0.0909870395949686,760.0,,,0.9876522280100669,,0.0005456144570643656,0.1408,transferred,0.9876522280100669,table,0.45,0.07374301675977654,True,-0.030101351316532167,0.04527567053849779,0.1,-0.05635833455675563,6.493124876390933,0.0005456144570643656,0.5918074329046017,0.4081925670953983
operator_scanner,pinned_sig&translation|depthT2,pinned_sig&translation,depth,depthT2,True,82,248,False,82.0,428.0,0.19158878504672897,137.0,0.0,0.6624888791665436,-0.03841453441552397,0.16531005843822477,4.239932041666965,0.009950248756218905,0.004975124378109453,3.55057558965514,-0.13149310982353185,1.0377455899964778,3.5481419867957897,0.009950248756218905,0.004975124378109453,16.6665341251563,4.933791140572084,1.2105151673432344,9.692355206366008,0.009950248756218905,0.004975124378109453,1.1642146359958558,-0.06182464797287225,0.3571784565988254,3.432567841978743,0.03974964885870239,0.03974964885870239,0.05973909208639382,0.056371509301200405,0.038230019026536076,0.017386769506725956,0.16590095954241793,0.03606451837778582,0.010514783895243478,0.09831101714013991,0.010514783895243478,0.09831101714013991,0.01708931993587071,0.14229352434939438,200,-0.05954346141608542,-0.036616603630263284,-1.634359030050845,0.251965691720026,0.09375046603417728,4.365818983947221,0.0,0.2073170731707317,0.11041016386062734,2725.5,,,0.9958565494190924,,0.00024855585470884197,0.1736,transferred,0.9958565494190924,table,0.45,0.09453049370764764,True,-0.03479140162125382,0.07137046583477029,0.1,-0.04026090791360618,6.692355206366008,0.00024855585470884197,0.6319557821325634,0.3680442178674366
operator_scanner,pinned_sig&translation|depthT3,pinned_sig&translation,depth,depthT3,True,83,248,False,83.0,255.0,0.3254901960784314,137.0,0.0,1.1559627882130505,0.3355314658553688,0.17186618409779125,4.773663456045893,0.009950248756218905,0.004975124378109453,4.997874066613578,2.3276559565263257,1.070568367657825,2.4942060598419507,0.009950248756218905,0.004975124378109453,17.439498924816082,5.708078795242772,1.3295950628143178,8.823303017342537,0.009950248756218905,0.004975124378109453,2.2003762429203335,0.7714982488315536,0.4016867679344259,3.5571945808332917,0.06628417440183083,0.06628417440183083,0.06993452738850314,0.06536337093373311,0.062163704566857374,0.014545174095342006,0.16957849740445108,0.03780868592093585,0.031043480569845162,0.12331334691237283,0.031043480569845162,0.12331334691237283,0.014335791255842573,0.1449908603895318,200,-0.06061761241359767,-0.016626116782861668,-3.367595260062011,0.2631254086157743,0.10729125838089004,4.704626346359726,0.04819277108433735,0.14457831325301204,0.14361014711345585,10113.0,,,0.9990005428157418,,6.996649434156844e-05,0.1857,transferred,0.9990005428157418,table,0.55,0.1254267468991772,True,-0.05549221951067407,0.04415175050527387,0.1,-0.030065472611496863,5.823303017342537,6.996649434156844e-05,0.5575726798106243,0.4424273201893757
operator_scanner,pinned_sig&translation|miss<=5,pinned_sig&translation,miss,miss<=5,True,252,248,False,252.0,1214.0,0.20757825370675453,137.0,0.0,2.1466477650093396,0.17812141554894118,0.38536433492495864,5.108221418164518,0.009950248756218905,0.004975124378109453,11.124673647746203,1.9649927079807525,2.5726043416817226,3.56047013967866,0.009950248756218905,0.004975124378109453,50.87684730440613,16.290259971699033,3.4783351158145766,9.943431607683785,0.009950248756218905,0.004975124378109453,3.993484631554492,0.4569688894388973,0.8413848372453518,4.2032083127311335,0.04219301860757067,0.04219301860757067,0.056915888535751684,0.05385091581374824,0.0404848409596362,0.027908918632519306,0.13360185017452378,0.02698762304858652,0.021663082620604568,0.08452388449611163,0.021663082620604568,0.08452388449611163,0.02715111934403381,0.11785601607356683,200,-0.05812306423626476,-0.029400723754981532,-2.7630949188703213,0.237727543492745,0.09452667899655313,4.699118342115182,0.023809523809523808,0.15476190476190477,0.11388311664703094,2713.5,,,0.9960429940514668,,0.00022611123299601794,0.1651,transferred,0.9960429940514668,table,0.55,0.10876152832674574,True,-0.051845639790994054,0.02484032184777804,0.05,0.006915888535751681,6.9434316076837845,0.00022611123299601794,0.5233090175485829,0.47669098245141706
none,all,all,primary,miss0,False,7041,7041,False,,7054.0,,137.0,0.0,39.85543358175892,-1.0055126177510674,10.488349626937426,3.895841352825048,0.009950248756218905,0.004975124378109453,179.67091370374567,-4.533062878570691,60.46649458942212,3.0463809392803896,0.01990049751243781,0.009950248756218905,589.087148542653,-47.68169680227103,46.75837191772163,13.618285223134253,0.009950248756218905,0.004975124378109453,85.3495939610658,-2.644885675131012,25.697025845580214,3.424305994202497,0.06765626050467671,0.06765626050467671,0.06416919812930937,0.06029980781450135,0.06336895404209579,0.016468821073499465,0.15659317183517663,0.03661691482610773,0.01596501760342023,0.17127843976639823,0.01596501760342023,0.17127843976639823,0.0162019931694124,0.13539146692847284,200,-0.03348092002520109,0.006896506908362211,-4.529181471551773,0.20838071700397878,-0.021461060082835742,6.978645106743138,0.03650049708848175,0.09174833120295413,0.15724903534954576,1593.0,,,0.9939695300733052,,0.0003893181911827606,0.1651,transferred,0.9939695300733052,unselected,1.0,0.19774823332135585,True,-0.1335790351920465,-0.04115506148617923,0.05,0.014169198129309363,10.618285223134253,0.0003893181911827606,0.32449947618510233,0.6755005238148977
none,all|depthT1,all,depth,depthT1,False,2345,7041,False,,2358.0,,137.0,0.0,10.42441035862408,-0.3963541235387624,2.6818612070120005,4.034796600909416,0.009950248756218905,0.004975124378109453,53.27287175839865,-2.525582806637253,16.29946129288341,3.4233312109154395,0.01990049751243781,0.009950248756218905,175.57495263145677,-15.458756302273432,14.920419920119295,12.803507539096312,0.009950248756218905,0.004975124378109453,21.288038165120355,-0.9719440275512383,6.528021198152242,3.4099126698565696,0.05937299257318095,0.05937299257318095,0.056643220416751565,0.05360676084630616,0.05604540892529832,0.009044011051941166,0.1301029992897854,0.031147747459567256,0.007376009978795216,0.13799241787559796,0.007376009978795216,0.13799241787559796,0.008962554196156755,0.11512487485176745,200,-0.0253870270023236,0.005649851110448363,-4.441873370789425,0.18828302797300117,-0.020521484087310762,8.251628910738438,0.03667377398720682,0.07761194029850746,0.14604529340995684,497.0,,,0.982436317827783,,0.001012649372338305,0.1408,transferred,0.982436317827783,unselected,1.0,0.1638733705772812,True,-0.10723015016052964,-0.033770371287495826,0.05,0.006643220416751562,9.803507539096312,0.001012649372338305,0.34565237913404073,0.6543476208659593
none,all|depthT2,all,depth,depthT2,False,2349,7041,False,,2349.0,,137.0,0.0,13.861234546617055,-0.35011620070045907,3.858203282571495,3.6834116054780917,0.01990049751243781,0.009950248756218905,60.56073527826814,-1.4318855768129064,22.79283554404988,2.719829252278546,0.01990049751243781,0.009950248756218905,185.24617758968523,-15.875827066421934,15.348527006866188,13.103668160868786,0.009950248756218905,0.004975124378109453,30.522560345343216,-0.9423593854924965,9.388846125268566,3.3513084899914327,0.07482602192915029,0.07482602192915029,0.07066034754186695,0.06599697813045594,0.06961686859315974,0.01374830530019622,0.1778031231131652,0.042247026297646574,0.012725804981362034,0.19230058762756777,0.012725804981362034,0.19230058762756777,0.013561840246851616,0.15096128352817065,200,-0.031793202202632695,0.0071425307180144745,-3.884555859315442,0.20297284087207276,-0.020389914955833973,6.280157310885024,0.036185610898254575,0.0983397190293742,0.15528050753403239,1592.0,,,0.9934997180131567,,0.00046231737763251213,0.1736,transferred,0.9934997180131567,unselected,1.0,0.21006776379477252,True,-0.13940741625290556,-0.03226464068160731,0.05,0.02066034754186695,10.103668160868786,0.00046231737763251213,0.336369304196998,0.663630695803002
none,all|depthT3,all,depth,depthT3,False,2347,7041,False,,2347.0,,137.0,0.0,15.569788676517788,-0.259042293511847,4.682703470755032,3.380276173557797,0.009950248756218905,0.004975124378109453,65.83730666707885,-0.5755944951205291,26.037332469505042,2.5506799223761596,0.03980099502487562,0.01990049751243781,228.266018321511,-16.347113433575647,17.726219093663662,13.799509667717299,0.009950248756218905,0.004975124378109453,33.53899545060224,-0.7305822620872773,11.554578846999549,2.9658872180865785,0.06820896422080598,0.06820896422080598,0.06470965338801962,0.060776807256425834,0.06385357781617225,0.01279444750309182,0.1854100008903221,0.04380334703825093,0.01255225863891082,0.20173945714751848,0.01255225863891082,0.20173945714751848,0.01263278553623718,0.1564091805897664,200,-0.04325707183766842,0.007895866907184032,-4.28467047336817,0.23387376421807762,-0.023471893322219318,6.2343119838457515,0.036642522368981675,0.09927567106945036,0.17041343530138933,4672.0,,,0.9978608364573772,,0.00013872127888578669,0.1857,transferred,0.9978608364573772,unselected,1.0,0.22804863072577675,True,-0.16333897733775712,-0.04263862983545463,0.05,0.01470965338801962,10.799509667717299,0.00013872127888578669,0.2837537466551663,0.7162462533448337
none,all|miss0-5,all,miss,miss0-5,False,500,7041,False,,501.0,,132.0,0.03649635036496346,1.0922286475109009,-0.06249336787805407,0.45797145775299547,2.5213842387788024,0.009950248756218905,0.004975124378109453,6.278390578408883,-0.14575919386166747,2.949164926403315,2.1782945113568775,0.029850746268656716,0.014925373134328358,22.027934892638505,-3.367483102928645,2.4243559733274873,10.475119279084797,0.009950248756218905,0.004975124378109453,2.310073693305916,-0.16206332978396967,1.0659253515037845,2.319240291641669,0.04958379679412943,0.04958379679412943,0.04546969912409063,0.04349212527363135,0.04724138934459469,-0.032203254539883555,0.14272145961603921,0.04872568884062506,-0.04371462418794456,0.1913624461715807,-0.04371462418794456,0.1913624461715807,-0.0332749707858619,0.12489510737496202,200,-0.01369727584730663,0.0062416266084427754,-3.311023383807602,0.19254025462788513,-0.02570503466897044,7.820694650698261,0.038,0.068,0.1265918839215927,901.0,,,0.9914116356186765,,0.0003938932430857978,0.1651,transferred,0.9914116356186765,unselected,1.0,0.19774823332135585,True,-0.15227853419726523,-0.05502677370531664,0.05,-0.004530300875909374,7.475119279084797,0.0003938932430857978,0.2299373216154044,0.7700626783845956
none,all|miss5-20,all,miss,miss5-20,False,847,7041,False,,850.0,,122.0,0.10948905109489049,3.3743407569013453,-0.13674990488286623,0.7171117004788271,4.896155870054553,0.009950248756218905,0.004975124378109453,16.817960551060313,-0.792486653685498,4.479368589465936,3.9314574929511354,0.009950248756218905,0.004975124378109453,36.64551528001389,-5.945136109003837,3.9855759090272755,10.686197518544427,0.009950248756218905,0.004975124378109453,6.828402133679184,-0.29251059020353076,1.5770366403428488,4.515375573223602,0.09208059243041067,0.09208059243041067,0.08243805969799206,0.07615960928147045,0.08431666405268365,0.015945863847191002,0.1831377410678242,0.03914629217925128,0.014697742197949417,0.23238504648031508,0.014697742197949417,0.23238504648031508,0.015693860004045438,0.15478906680809848,200,-0.004664774230094629,0.004414542377213832,-1.7906200486033148,0.20614383002475326,-0.021372488108850486,8.662906055083505,0.03896103896103896,0.07674144037780402,0.10588431129479078,982.0,,,0.9912688942188962,,0.0007261152083050995,0.1651,transferred,0.9912688942188962,unselected,1.0,0.19774823332135585,True,-0.11531017362336379,-0.014610492253531643,0.05,0.03243805969799206,7.686197518544427,0.0007261152083050995,0.416883925147508,0.583116074852492
none,all|miss20+,all,miss,miss20+,False,1488,7041,False,,1492.0,,79.0,0.4233576642335767,5.5391226646999785,-0.022341410017499203,1.4866436308349822,3.7409530834190896,0.009950248756218905,0.004975124378109453,17.049282222216043,-0.304042049665065,6.216110434067732,2.7916692368873095,0.009950248756218905,0.004975124378109453,27.1971921205253,-18.73128259764418,9.733612808164827,4.718543425072692,0.009950248756218905,0.004975124378109453,7.678538176324216,-0.028600973320765916,1.9952672183068738,3.862710257017623,0.20366524015248208,0.20366524015248208,0.12108967495315799,0.10801069500369578,0.16920422170426844,-0.11437403666323037,1.1050528820712744,0.4612919957378357,-1.7048497494036838,5.11112105327547,-1.7048497494036838,5.11112105327547,-0.061623025588726246,0.5271953660512853,200,0.0019091116841692694,0.0042608405984517735,-0.5178504417451107,0.1488566285480809,-0.01810996263556061,9.0747247629898,0.04502688172043011,0.04704301075268817,0.10304884438746513,659.5,,,0.9886184595750863,,0.0013940535068618666,0.1651,transferred,0.9886184595750863,unselected,1.0,0.19774823332135585,True,-0.07665855836819786,0.9073046487499186,0.05,0.07108967495315799,1.718543425072692,0.0013940535068618666,0.6123426385123659,0.3876573614876341
none,all|miss<=5,all,miss,miss<=5,False,7541,7041,False,,7555.0,,137.0,0.0,40.947662229269824,-1.0680059856291215,10.779078119286837,3.8978906869336964,0.009950248756218905,0.004975124378109453,185.94930428215457,-4.678822072432353,62.24138317246314,3.0627231696696082,0.01990049751243781,0.009950248756218905,611.1150834352916,-51.04917990519967,48.4775073728804,13.659206077722624,0.009950248756218905,0.004975124378109453,87.65966765437173,-2.806949004914983,26.36767015140475,3.43096739832613,0.06700482992350425,0.06700482992350425,0.06345203228416162,0.059666097160841945,0.06279711960470503,0.015130377790469078,0.15398833977049994,0.036247359829574596,0.014450496456443095,0.16869226676033391,0.014450496456443095,0.16869226676033391,0.014904853257943511,0.13343969880010775,200,-0.03216918125196846,0.006853085591566068,-4.572390609687142,0.2073304277601057,-0.02174245343823521,7.1009751802621,0.03659992043495558,0.09017371701365867,0.15521633733681847,1540.0,,,0.9938078572372775,,0.0003953521192523618,0.1651,transferred,0.9938078572372775,unselected,1.0,0.19774823332135585,True,-0.13429620103719425,-0.04375989355085591,0.05,0.013452032284161614,10.659206077722624,0.0003953521192523618,0.32087281498513953,0.6791271850148605
none,pinned_sig,pinned_sig,primary,miss0,True,1454,1454,False,1454.0,7054.0,0.20612418485965409,137.0,0.0,16.761251492509246,-0.23055358352088112,2.592116836755193,6.555184872492259,0.009950248756218905,0.004975124378109453,65.16214539058078,-1.0148494403081687,14.270418473679662,4.637354885769166,0.009950248756218905,0.004975124378109453,285.2360333829346,-9.365916365588193,15.386480241302113,19.14680584047541,0.009950248756218905,0.004975124378109453,32.300890404230515,-0.5633044060545251,6.371750628308975,5.157796770054544,0.05876274218835093,0.05876274218835093,0.05767716435866979,0.05453191796349575,0.055501331740191895,0.03154989007825556,0.10772068300998124,0.01902150867356828,0.031767785214284375,0.11055489445253693,0.031767785214284375,0.11055489445253693,0.030584937957360156,0.09724532405876456,200,-0.08799119863637027,0.007026559407790981,-9.122448225660703,0.22698629569699508,-0.02228347004420327,7.849541719320676,0.027510316368638238,0.1327372764786795,0.1649284591387765,1915.5,,,0.9954628093623281,,0.0002628850497220016,0.1651,transferred,0.9954628093623281,table,0.55,0.10876152832674574,True,-0.051084363968075946,-0.001040845316764502,0.05,0.0076771643586697885,16.14680584047541,0.0002628850497220016,0.5303085130009735,0.4696914869990265
none,pinned_sig|depthT1,pinned_sig,depth,depthT1,True,485,1454,False,485.0,2796.0,0.1734620886981402,137.0,0.0,4.4438223316865155,-0.11148064311530721,0.752139772097737,6.056458046483789,0.009950248756218905,0.004975124378109453,18.747802046648246,-0.6919607489471921,4.392785467498457,4.425384061986922,0.009950248756218905,0.004975124378109453,93.73217970109374,-3.2827384728632216,5.293610614156624,18.32679530952114,0.009950248756218905,0.004975124378109453,8.20641259236006,-0.2551691042602597,1.802279146779066,4.6949340293607635,0.04740978334076511,0.04740978334076511,0.046954664916933,0.044848804337347746,0.0452638347424532,0.0229099673196833,0.09509494705865176,0.01818507260140746,0.022492543564315255,0.09708639016471914,0.022492543564315255,0.09708639016471914,0.022396812785425137,0.08683714220964309,200,-0.08224824721070673,0.005657006009786908,-9.165068350748825,0.19140259304579005,-0.021353343867134465,8.67002854709002,0.05154639175257732,0.1402061855670103,0.1473284506732615,562.0,,,0.985688303795522,,0.0006817580132447349,0.1408,transferred,0.985688303795522,table,0.45,0.07374301675977654,True,-0.02678835184284354,0.02135193029887522,0.05,-0.003045335083067001,15.326795309521142,0.0006817580132447349,0.6367337136462884,0.3632662863537116
none,pinned_sig|depthT2,pinned_sig,depth,depthT2,True,484,1454,False,484.0,2395.0,0.20208768267223381,137.0,0.0,7.071802740836854,-0.03689220940014239,1.0124941105130791,7.0209741236269325,0.009950248756218905,0.004975124378109453,26.655682393623575,-0.10380059512425457,5.524636566887344,4.843663952328449,0.009950248756218905,0.004975124378109453,91.51838571539074,-3.0292498296153756,4.953063731931462,19.088717743621075,0.009950248756218905,0.004975124378109453,14.191032657307169,-0.10001147142913468,2.501535993556781,5.712907655754631,0.07727193487469461,0.07727193487469461,0.07518638524654749,0.06992869913369182,0.07172927500769123,0.04779383999861565,0.13161349782967877,0.021205893091469023,0.049122394427626885,0.13587368013189183,0.049122394427626885,0.13587368013189183,0.04561352619753201,0.1163060375161398,200,-0.08590736345687748,0.007996035697653192,-7.864711106802701,0.23057428888146383,-0.02137105937397643,7.3379073238891594,0.012396694214876033,0.15702479338842976,0.18011639819837216,1915.5,,,0.9951831834418773,,0.0003639119223743545,0.1736,transferred,0.9951831834418773,table,0.55,0.11553727008712489,True,-0.0403508848405774,0.016076227742553878,0.05,0.025186385246547482,16.088717743621075,0.0003639119223743545,0.6507543859211022,0.34924561407889776
none,pinned_sig|depthT3,pinned_sig,depth,depthT3,True,485,1454,False,485.0,1863.0,0.2603327965646806,137.0,0.0,5.245626419985873,-0.08218073100543181,1.0761304718791591,4.950893307284375,0.009950248756218905,0.004975124378109453,19.75866095030894,-0.21908809623672404,5.911452741729889,3.379499070595548,0.01990049751243781,0.009950248756218905,99.98546796645007,-3.053928063109596,5.627862891648279,18.308796431851533,0.009950248756218905,0.004975124378109453,9.903445154563284,-0.20812383036513019,2.657401011595371,3.805059507694675,0.05246388826970368,0.05246388826970368,0.05170650601894908,0.0491643873295745,0.04984863505004109,0.02027344348158031,0.11101565104228148,0.023687142231816727,0.020059354368907528,0.11533212971386421,0.020059354368907528,0.11533212971386421,0.019870528390714973,0.09992263558124789,200,-0.09581368867414618,0.007428635436118125,-7.644866843367931,0.258989403087823,-0.024124125632385043,7.013724238753117,0.018556701030927835,0.10103092783505155,0.16737184388296295,6464.0,,,0.9985167385142141,,7.680819558076294e-05,0.1857,transferred,0.9985167385142141,table,0.55,0.1254267468991772,True,-0.07372024088022813,-0.014411095856895734,0.05,0.001706506018949075,15.308796431851533,7.680819558076294e-05,0.41224465512537556,0.5877553448746244
none,pinned_sig|miss0-5,pinned_sig,miss,miss0-5,True,33,1454,False,33.0,501.0,0.0658682634730539,132.0,0.03649635036496346,-0.04791774092048119,0.005361793046395367,0.07903661010901275,-0.6741120841770636,0.47761194029850745,0.7661691542288557,0.031449629222260383,0.055689313547696476,0.5362760917626058,-0.04520000928209627,0.945273631840796,0.5323383084577115,6.06342687591545,-0.21033803603111917,0.37418496500805337,16.76648048061349,0.009950248756218905,0.004975124378109453,-0.11823871232732125,0.0077464355853936765,0.19021189422132126,-0.6623410614171412,-0.007902749039625652,-0.007902749039625652,-0.00849243392359524,-0.008565173090107132,-0.007965699967392912,-0.07256669591511788,0.05734101444158029,0.032948798155685986,-0.07438768782553166,0.06074966549751932,-0.07438768782553166,0.06074966549751932,-0.07824731460990647,0.05423091167677533,200,-0.10201787916872915,0.007725873745968448,-6.143552785974178,0.1904872071501728,-0.026721224733441965,6.758787996336897,0.030303030303030304,0.06060606060606061,0.13404081812267285,792.0,,,0.990063640946645,,-8.523075609670037e-05,0.1651,transferred,0.990063640946645,table,0.4,0.07909929332854235,True,-0.08759172725213758,-0.02175827888696206,0.1,-0.09150756607640477,13.766480480613492,0.0,0.0,1.0
none,pinned_sig|miss5-20,pinned_sig,miss,miss5-20,True,54,1454,False,54.0,850.0,0.06352941176470588,125.5,0.08394160583941607,0.37922602729040383,-0.010559392630161599,0.10654407187005899,3.6584430562776613,0.009950248756218905,0.004975124378109453,2.0789002737506217,-0.041201310719263494,0.7386056804545131,2.8704106136379104,0.029850746268656716,0.014925373134328358,10.95640049256932,-0.3896431439467938,0.6925177177258297,16.383759355321008,0.009950248756218905,0.004975124378109453,0.6968206041370676,-0.02444636522356103,0.24112719886661824,2.9912302417596788,0.03461228234104774,0.03461228234104774,0.03435430291014215,0.033213283701229626,0.033454350902088176,0.0032182256700412685,0.07961010805693934,0.020252478782017306,0.002306483075882416,0.08199091363113867,0.002306483075882416,0.08199091363113867,0.003207777566216702,0.07373967681756743,200,-0.05703788904227714,0.004103755007441362,-4.303413294987924,0.18217250753744257,-0.025153443871164822,7.780094808357212,0.018518518518518517,0.12962962962962962,0.10895556072135815,963.25,,,0.99161563444978,,0.00029047447802841957,0.1651,transferred,0.99161563444978,table,0.4,0.07909929332854235,True,-0.044744990418400195,0.0005108147283969938,0.1,-0.06564569708985785,13.383759355321008,0.00029047447802841957,0.4343187083536899,0.5656812916463101
none,pinned_sig|miss20+,pinned_sig,miss,miss20+,True,24,1454,False,24.0,1492.0,0.0160857908847185,95.0,0.30656934306569344,-0.13917584034621913,0.00021496885067917026,0.08481842695155276,-1.6434024327816952,0.07960199004975124,0.9651741293532339,-0.5302576576086597,-4.5450724009654665e-05,0.5472263884556692,-0.9689083313050109,0.31840796019900497,0.845771144278607,6.177386811468773,-0.31728858815670136,0.5745996141411441,11.302958163891368,0.009950248756218905,0.004975124378109453,-0.2798006138756312,0.004479133462562975,0.16730185417111784,-1.69920261043509,-0.022529889190009752,-0.022529889190009752,-0.02146232115079015,-0.02193305543025231,-0.023049184768770204,-0.08390998741513886,0.06685090110778441,0.03727899242254355,-0.08809172352927191,0.07020846008148308,-0.08809172352927191,0.07020846008148308,-0.09159578895128254,0.06266166008093824,200,-0.1100495252646963,0.00615863527969791,-4.936675852622076,0.19044012544602906,-0.018574588595527824,5.85555752738662,0.08333333333333333,0.041666666666666664,0.1073168283078041,733.5,,,0.9901911767448217,,-0.00021260552483010823,0.1651,transferred,0.9901911767448217,table,0.3,0.05932446999640675,True,-0.0807867911471969,0.007526431111377657,0.1,-0.07853767884920985,8.302958163891368,0.0,0.0,1.0
none,pinned_sig|miss<=5,pinned_sig,miss,miss<=5,True,1487,1454,False,1487.0,7555.0,0.19682329583057578,137.0,0.0,16.713333751588763,-0.22519179047448581,2.611695660097488,6.485642948700607,0.009950248756218905,0.004975124378109453,65.19359501980303,-0.9591601267604726,14.397339014649381,4.594790403924827,0.009950248756218905,0.004975124378109453,291.29946025885,-9.576254401619314,15.584494705735993,19.306093674614274,0.009950248756218905,0.004975124378109453,32.18265169190319,-0.5555579704691316,6.41792450717384,5.101058702977597,0.057375093440740405,0.057375093440740405,0.05629741689580347,0.053296937013485875,0.054261816640715055,0.030910117653106726,0.10569924219388549,0.018774192150751084,0.03117306151104598,0.10880991953169532,0.03117306151104598,0.10880991953169532,0.029983325299729396,0.09559490537237833,200,-0.08830248340944884,0.007042078824845357,-9.259157965312253,0.2261762957494193,-0.022381954176513213,7.887954764309107,0.02757229320780094,0.13113651647612642,0.16424299030654282,1871.0,,,0.9954097686227003,,0.00025960983872360684,0.1651,transferred,0.9954097686227003,table,0.45,0.08898670499461013,True,-0.03268928809880666,0.01671253719927536,0.05,0.006297416895803466,16.306093674614274,0.00025960983872360684,0.6326497525581306,0.3673502474418694
none,ecm,ecm,primary,miss0,False,202,202,False,,202.0,,137.0,0.0,2.85161355003019,-0.1214974826653593,0.6886697921077033,4.317179389553615,0.009950248756218905,0.004975124378109453,10.432068956595984,-0.6884133884265207,3.4044832716367552,3.266422965760724,0.009950248756218905,0.004975124378109453,24.625505539314666,-1.0908230480731158,1.9383165569044194,13.267352278338858,0.009950248756218905,0.004975124378109453,6.253064404724478,-0.29695779709992715,1.8621011534552778,3.517543711129932,0.11579918818225207,0.11579918818225207,0.11561179981786632,0.10363085065677953,0.10378138773420376,0.01689861184047552,0.2504326774558304,0.05949474144326412,0.01240600151402384,0.2569971983227871,0.01240600151402384,0.2569971983227871,0.01661779067645965,0.20027681708285897,200,-0.07886670103512891,0.0061042895617819245,-4.93086030772897,0.2871358675398426,-0.028266919203980487,8.427192463102825,0.01485148514851485,0.16831683168316833,0.27540200960320327,3743.5,,,0.9983449996542173,,0.0001916547573648385,0.1651,transferred,0.9983449996542173,unselected,1.0,0.19774823332135585,True,-0.08213643350348954,0.05268444413447457,0.05,0.06561179981786631,10.267352278338858,0.0001916547573648385,0.5846413789699368,0.41535862103006316
none,ecm|depthT1,ecm,depth,depthT1,False,67,202,False,,67.0,,137.0,0.0,1.0201493261396921,-0.031580965276762664,0.17719425136379446,5.935465080394541,0.009950248756218905,0.004975124378109453,3.9561376426017363,-0.23605697781881405,1.0019030863067175,4.184231666432029,0.009950248756218905,0.004975124378109453,6.673661443499875,-0.518396341454399,0.7246459737849256,9.92492616413663,0.009950248756218905,0.004975124378109453,2.160384469507001,-0.07299342065169022,0.4753946740860465,4.697944701320843,0.15286201357027399,0.15286201357027399,0.14623496123969776,0.1275785211450355,0.132593503620506,0.04496355397278338,0.29719895362907534,0.06362005935522508,0.04331752469462942,0.3192113039298144,0.04331752469462942,0.3192113039298144,0.0430288177998231,0.2291066802806149,200,-0.04153220454009349,0.005585195452098219,-3.1336523389254385,0.2784075701151354,-0.024548692600259728,9.835180233029332,0.029850746268656716,0.208955223880597,0.22933050671470248,614.0,,,0.9921405467765122,,0.0011584314754962345,0.1408,transferred,0.9921405467765122,unselected,1.0,0.1638733705772812,True,-0.017638409337583455,0.13332558305179412,0.1,0.04623496123969775,6.924926164136631,0.0011584314754962345,0.8923656157467919,0.10763438425320815
none,ecm|depthT2,ecm,depth,depthT2,False,67,202,False,,67.0,,137.0,0.0,1.012900171123186,-0.02730183639593033,0.23493573186087324,4.427602388448575,0.009950248756218905,0.004975124378109453,3.6131756408062947,-0.13641821868077028,1.1893568952670708,3.1526229632234077,0.009950248756218905,0.004975124378109453,9.875565315621115,-0.3567822312382003,0.7041070188164583,14.532375439260623,0.009950248756218905,0.004975124378109453,2.2168267836384206,-0.06340781151714982,0.6326190775192987,3.6044353959369957,0.1025662975992864,0.1025662975992864,0.10165819747183945,0.0922774393229512,0.093025061461259,0.027729460282307574,0.20849740717309884,0.047787222624615315,0.025877321346773542,0.21395177479955776,0.025877321346773542,0.21395177479955776,0.026980084720787115,0.17252180944464998,200,-0.08513818737826624,0.007951930073158406,-5.476274976372389,0.28440065470427117,-0.02575848368156878,8.077844740347988,0.0,0.13432835820895522,0.2558963396930784,3682.0,,,0.9982865036194538,,0.00017448994130371204,0.1736,transferred,0.9982865036194538,unselected,1.0,0.21006776379477252,True,-0.10840956632293307,-0.0015703566216736797,0.1,0.0016581974718394427,11.532375439260623,0.00017448994130371204,0.4839304976424431,0.5160695023575569
none,ecm|depthT3,ecm,depth,depthT3,False,68,202,False,,68.0,,137.0,0.0,0.8185640527673123,-0.06261468099266629,0.3930639933097027,2.241820031237715,0.029850746268656716,0.014925373134328358,2.862755673187952,-0.31593819192693623,1.869639859751577,1.7001637232623228,0.04975124378109453,0.024875621890547265,8.076278780193679,-0.2156444753805166,0.8059752075414396,10.288062434163475,0.009950248756218905,0.004975124378109453,1.8758531515790575,-0.16055656493108716,1.0597874157088354,1.9215266064922072,0.1013541106053402,0.1013541106053402,0.10626952355927939,0.09606115082820949,0.09202681465421932,-0.059768416112998636,0.35324892739727953,0.1029565536784039,-0.06792332483751401,0.3568709780936325,-0.06792332483751401,0.3568709780936325,-0.06357819240512212,0.26103753884014147,200,-0.10947290221420496,0.004795280607172867,-3.9162930532782565,0.298430796766882,-0.034402012769434526,6.529070403830538,0.014705882352941176,0.16176470588235295,0.34001481221361385,14161.5,,,0.9996956010080007,,3.2358185650785487e-05,0.1857,transferred,0.9996956010080007,unselected,1.0,0.22804863072577675,True,-0.12177910716649736,0.1252002966715028,0.1,0.006269523559279386,7.288062434163475,3.2358185650785487e-05,0.4659950082623651,0.5340049917376348
none,ecm|miss20+,ecm,miss,miss20+,False,18,202,False,,18.0,,80.0,0.41605839416058393,0.06083981235417142,0.0032600965541137394,0.13157833985284959,0.43760786056771855,0.6766169154228856,0.3383084577114428,0.32214479263719203,-0.016985131990970636,0.48252984896894746,0.7028164689765894,0.4975124378109453,0.24875621890547264,1.1891681190890613,-0.16227858069308476,0.5635378525467983,2.3981471584819882,0.029850746268656716,0.014925373134328358,0.08227194819868426,0.0017264026350964207,0.1510490426503077,0.533241019938525,0.051161657782060756,0.051161657782060756,0.042605983505927064,0.040864894485506134,0.04867154105488519,-3.212648591227515,3.891914312248607,1.9281231024743686,-2.7418135722037156,3.2879611729525497,-2.7418135722037156,3.2879611729525497,-2.227646508628571,0.7971411903807658,200,0.0017235437001494327,0.0033226660043690196,-0.05778554507710968,0.1262472605198244,-0.019682365511783022,3.196358819822741,0.0,0.0,0.1031120712208319,444.75,,,0.9920363881425297,,0.00034202123984814614,0.1651,transferred,0.9920363881425297,unselected,1.0,0.19774823332135585,False,-0.1551422498154288,3.694166078927251,0.1,-0.05739401649407294,-0.6018528415180118,0.00034202123984814614,0.21545569732948822,0.7845443026705118
none,ecm|miss<=5,ecm,miss,miss<=5,False,209,202,False,,209.0,,137.0,0.0,2.7868426976913145,-0.1283072108780177,0.7020084218720056,4.152585378955525,0.009950248756218905,0.004975124378109453,10.044611614236759,-0.7171004731801824,3.478975729490786,3.0933564716164668,0.009950248756218905,0.004975124378109453,24.82510022026796,-1.1251309234080424,1.9619595750663048,13.226690026372745,0.009950248756218905,0.004975124378109453,6.091104954234369,-0.3197058838308432,1.895025587469276,3.3829679559243155,0.11225907138195769,0.11225907138195769,0.11233618276574565,0.10099121516161566,0.10092888812538811,0.012793158228555764,0.24611404648312352,0.05970058013420521,0.008191950860659597,0.25244383606097776,0.008191950860659597,0.25244383606097776,0.012631560569354338,0.19750515192955362,200,-0.07974805608987885,0.006190118774180361,-5.096416119004919,0.28363372997112946,-0.02807228861353682,8.542507010551127,0.019138755980861243,0.16267942583732056,0.2771000219098111,3314.0,,,0.9982826922042608,,0.00019324766813419363,0.1651,transferred,0.9982826922042608,unselected,1.0,0.19774823332135585,True,-0.0854120505556102,0.04836581316176766,0.05,0.06233618276574565,10.226690026372745,0.00019324766813419363,0.5680767958275048,0.4319232041724952
none,pinned_sig&ecm,pinned_sig&ecm,primary,miss0,True,84,84,False,84.0,202.0,0.4158415841584158,137.0,0.0,1.4330315310670032,-0.060599046846687495,0.32849360468364547,4.546909153230322,0.009950248756218905,0.004975124378109453,5.189130371316774,-0.40462004235278876,1.7567041516003787,3.1842302009553447,0.009950248756218905,0.004975124378109453,17.257459367056196,-0.45713426025673426,1.1547868307813955,15.340141708514471,0.009950248756218905,0.004975124378109453,2.697336488802616,-0.14480096635177708,0.8522787077171871,3.3347512139156996,0.08303838361066075,0.08303838361066075,0.0843163896015522,0.07775995125604943,0.07667169037335989,0.0167127416450517,0.17207708942029598,0.03920470577262707,0.012638972478086746,0.1730876789556696,0.012638972478086746,0.1730876789556696,0.016437934893692337,0.1468136735697494,200,-0.11648408029214508,0.004225398802197612,-5.678794787319806,0.2966722204793362,-0.029497388467311918,7.303586080366915,0.011904761904761904,0.17857142857142858,0.24029525749212727,3936.0,,,0.9984616073125894,,0.00012991157220458297,0.1651,transferred,0.9984616073125894,table,0.55,0.10876152832674574,True,-0.024445138725193535,0.06331556109355024,0.1,-0.015683610398447803,12.340141708514471,0.00012991157220458297,0.7752409413395289,0.22475905866047108
none,pinned_sig&ecm|depthT1,pinned_sig&ecm,depth,depthT1,True,28,84,False,28.0,79.0,0.35443037974683544,137.0,0.0,0.7202227843254556,-0.006902097272021178,0.11025858810031469,6.594723314758295,0.009950248756218905,0.004975124378109453,2.6331366627196546,-0.11852986302887711,0.5966280688154161,4.612029955633613,0.009950248756218905,0.004975124378109453,5.573556842772166,-0.2244767460609755,0.4221048786098698,13.736002312809019,0.009950248756218905,0.004975124378109453,1.3927492069052825,-0.0110667837661253,0.29240682525871026,4.8009002164342975,0.12922139392180892,0.12922139392180892,0.12540887707134019,0.11143405710259957,0.11443406458411169,0.05496393321018728,0.21057959968435624,0.04024014680539985,0.05602442096922049,0.21726785438192367,0.05602442096922049,0.21726785438192367,0.0521002084567809,0.17394896518366604,200,-0.07726184475089763,0.005629142826576671,-3.892707171951935,0.2825615523898256,-0.024239984562504088,7.5566795288389565,0.03571428571428571,0.2857142857142857,0.223928941112099,1058.0,,,0.995905706252115,,0.0005155716832417433,0.1408,transferred,0.995905706252115,table,0.55,0.09013035381750467,True,0.035278523253835514,0.12044924586685157,0.1,0.02540887707134018,10.736002312809019,0.0005155716832417433,1.0,-0.3914166732915221
none,pinned_sig&ecm|depthT2,pinned_sig&ecm,depth,depthT2,True,28,84,False,28.0,53.0,0.5283018867924528,137.0,0.0,0.26061372143965433,-0.010880681437307778,0.11269652835199846,2.4090751227843628,0.029850746268656716,0.014925373134328358,0.9413612828579832,-0.05535767132547321,0.617816445988346,1.6132930106594439,0.07960199004975124,0.03980099502487562,5.992117236212566,-0.12746526399339975,0.45445795103319786,13.46567374669815,0.009950248756218905,0.004975124378109453,0.5210457843754619,-0.026037421031431977,0.2867949927039397,1.9075758619386056,0.04349276076654005,0.04349276076654005,0.044364857058112134,0.04248022782295088,0.041679983227282454,-0.016542838745980563,0.11821995402310646,0.03723451668986342,-0.018626846563502407,0.11895610470894373,-0.018626846563502407,0.11895610470894373,-0.016821723630462727,0.10572092523915709,200,-0.12054361289975232,0.006058761245211025,-5.469840858850517,0.2911414091098527,-0.026033756627519243,7.081309361264693,0.0,0.10714285714285714,0.20570086353895656,3936.0,,,0.998365042391636,,7.265344589528044e-05,0.1736,transferred,0.998365042391636,table,0.65,0.13654404646660215,True,-0.09217918940849001,-0.018324092443495685,0.1,-0.05563514294188787,10.46567374669815,7.265344589528044e-05,0.3249124235450538,0.6750875764549462
none,pinned_sig&ecm|depthT3,pinned_sig&ecm,depth,depthT3,True,28,84,False,28.0,70.0,0.4,137.0,0.0,0.452195025301893,-0.04281626813735856,0.17828166171120596,2.776568765895328,0.009950248756218905,0.004975124378109453,1.614632425739136,-0.23073250799843842,0.9036563321965918,2.042109226692291,0.03980099502487562,0.01990049751243781,5.691785288071468,-0.105192250202359,0.4572789945091094,12.677113114493489,0.009950248756218905,0.004975124378109453,0.7835414975218716,-0.1076967615542198,0.4707897052510587,1.8930708321262453,0.0794469577497202,0.0794469577497202,0.08539127332666044,0.07867326320483599,0.07359968656110727,-0.037379047993372425,0.20650478705199124,0.06795509549568175,-0.046573765366147775,0.20234009121183846,-0.046573765366147775,0.20234009121183846,-0.038830515644912814,0.17113873835799762,200,-0.15164678322578526,0.000988292334805139,-4.606070119052777,0.31631369993833036,-0.03821842421191244,5.812442529395193,0.0,0.14285714285714285,0.2912559678253262,14834.5,,,0.9996308865280679,,3.153070777933058e-05,0.1857,transferred,0.9996308865280679,table,0.55,0.1254267468991772,True,-0.04003547357251677,0.08107804015281403,0.1,-0.014608726673339567,9.677113114493489,3.153070777933058e-05,0.680805932049734,0.31919406795026595
none,pinned_sig&ecm|miss<=5,pinned_sig&ecm,miss,miss<=5,True,85,84,False,85.0,209.0,0.40669856459330145,137.0,0.0,1.4312939256424968,-0.06280373482672384,0.33222354396355047,4.497266035525597,0.009950248756218905,0.004975124378109453,5.183285947489116,-0.4139543857260651,1.7705814391025454,3.1612442159408687,0.009950248756218905,0.004975124378109453,17.361026528291305,-0.4589477972954844,1.157052757182954,15.401177011990889,0.009950248756218905,0.004975124378109453,2.692939301613115,-0.15182387507874817,0.8632054264893646,3.295580738250738,0.08244293177653284,0.08244293177653284,0.08384398502325126,0.07735798341995927,0.0761637674895483,0.016401653981388913,0.1726905506113077,0.038831723115912445,0.013290623770367603,0.17367626086388502,0.013290623770367603,0.17367626086388502,0.01613694591345248,0.14726010996199138,200,-0.11868063724498251,0.004226292499679105,-5.825502788877506,0.2952624600418769,-0.029482798423278105,7.3385279798473375,0.011764705882352941,0.17647058823529413,0.24412784575838173,3925.0,,,0.9984437459721981,,0.00013068591988860115,0.1651,transferred,0.9984437459721981,table,0.55,0.10876152832674574,True,-0.02491754330349448,0.06392902228456196,0.1,-0.016156014976748748,12.401177011990889,0.00013068591988860115,0.7708974516371617,0.22910254836283828
none,folding,folding,primary,miss0,False,167,167,False,,167.0,,137.0,0.0,0.4322668407470382,-0.026048379154438375,0.22743283097780395,2.015167370212286,0.07960199004975124,0.03980099502487562,1.83226676380886,-0.1633015552054432,1.6428443390138372,1.2147032263642206,0.21890547263681592,0.10945273631840796,19.033039657714426,-1.5236462093078114,2.0356108071991796,10.09853445183189,0.009950248756218905,0.004975124378109453,0.7828986555062255,-0.06375128477851595,0.5337047529119238,1.5863638756547902,0.02271139284742849,0.02271139284742849,0.022295190132604108,0.02180895532699528,0.02220704003716584,-0.022118040902161417,0.08136581051563614,0.026040227185689515,-0.027483726721490912,0.08671727079947074,-0.027483726721490912,0.08671727079947074,-0.022618422434971034,0.07524323030422345,200,-0.040802725089793365,0.004845535398341963,-4.246422837441881,0.23100074249588282,-0.020907403821147502,6.677625038593151,0.059880239520958084,0.059880239520958084,0.08828167111558524,2827.0,,,0.9961147342129131,,8.696060450029408e-05,0.1651,transferred,0.9961147342129131,unselected,1.0,0.19774823332135585,True,-0.17545304318875174,-0.11638242280571971,0.05,-0.027704809867395895,7.09853445183189,8.696060450029408e-05,0.11274533156699679,0.8872546684330032
none,folding|depthT1,folding,depth,depthT1,False,56,167,False,,56.0,,137.0,0.0,0.019300121369043084,-0.014485623077481453,0.09957361657958155,0.3393041812388343,0.6865671641791045,0.34328358208955223,0.40143866743004614,-0.09149382720103955,0.7786176090754618,0.633086753864196,0.48756218905472637,0.24378109452736318,5.587853520005247,-0.5095637813254652,0.737665061597409,8.265834480660903,0.009950248756218905,0.004975124378109453,0.057901593085860514,-0.03891981203268849,0.23049555361562651,0.4200575828894643,0.0034539418937783754,0.0034539418937783754,0.005540992649322374,0.005510459235205709,0.0034420532418856105,-0.06629871495469045,0.08170224701353276,0.06038626091529554,-0.07595816144782806,0.08686899596969411,-0.07595816144782806,0.08686899596969411,-0.07100634870394339,0.07553116738263416,200,-0.0304481719773794,0.003057973528509357,-2.2970356028410466,0.19648972774990248,-0.020371629906495107,6.588519900839295,0.07142857142857142,0.07142857142857142,0.0757865767028385,620.5,,,0.9859323528952297,,7.906093047042595e-05,0.1408,transferred,0.9859323528952297,unselected,1.0,0.1638733705772812,True,-0.15833237792795885,-0.08217112356374845,0.1,-0.09445900735067764,5.265834480660903,7.906093047042595e-05,0.03381264832597858,0.9661873516740214
none,folding|depthT2,folding,depth,depthT2,False,55,167,False,,55.0,,137.0,0.0,0.2195349089405476,0.0014054099829950246,0.09952547561824858,2.1916951172806782,0.01990049751243781,0.009950248756218905,1.258266735296728,0.009821823394734927,0.8740567720237183,1.4283338930164087,0.15920398009950248,0.07960199004975124,5.752692435213372,-0.4854865877616122,0.7065202335468139,8.829441432495994,0.009950248756218905,0.004975124378109453,0.3583609489250868,0.007524084230440844,0.23397356677739833,1.4994722246912233,0.038162114768509246,0.038162114768509246,0.03496685461481462,0.03378548255811371,0.036759302064320355,-0.027056379714771945,0.12109411909878347,0.03812389092385723,-0.02905834042124262,0.13810165438139246,-0.02905834042124262,0.13810165438139246,-0.027809418573151043,0.10801370895351164,200,-0.02204353896492407,0.00578445505096173,-1.6698211209130498,0.2356274698682357,-0.020247717761546654,6.341913989375475,0.01818181818181818,0.07272727272727272,0.08324509916034262,2827.0,,,0.9961040610064114,,0.00013676154702086337,0.1736,transferred,0.9961040610064114,unselected,1.0,0.21006776379477252,True,-0.1751009091799579,-0.08897364469598905,0.1,-0.06503314538518538,5.829441432495994,0.00013676154702086337,0.1664551189728272,0.8335448810271728
none,folding|depthT3,folding,depth,depthT3,False,56,167,False,,56.0,,137.0,0.0,0.1934318104374476,-0.012968166059951942,0.1491505961941429,1.3838360808745114,0.13930348258706468,0.06965174129353234,0.17256136108208597,-0.08162955139913851,1.0252136616454501,0.24793945105379545,0.8159203980099502,0.4079601990049751,7.692493702495807,-0.528595840220734,0.8457142922444055,9.72088283018008,0.009950248756218905,0.004975124378109453,0.3666361134952781,-0.032355556976268324,0.3434426974185272,1.1617416048457305,0.025145527304713842,0.025145527304713842,0.02510615842644108,0.02449127655713194,0.024528739222835817,-0.02876613506520032,0.13870962458219166,0.04183096537933791,-0.03366992993859064,0.15365576789694865,-0.03366992993859064,0.15365576789694865,-0.029618134690224757,0.12181273266168062,200,-0.06958147886056108,0.0057109440379230145,-3.5924291536276365,0.2609676500011594,-0.02209108368719358,5.862652251207638,0.08928571428571429,0.03571428571428571,0.10572339869865957,7505.5,,,0.9986685050327251,,3.347329311373206e-05,0.1857,transferred,0.9986685050327251,unselected,1.0,0.22804863072577675,True,-0.20294247229933565,-0.08933900614358509,0.1,-0.07489384157355893,6.720882830180081,3.347329311373206e-05,0.11009124828568106,0.8899087517143189
none,folding|miss20+,folding,miss,miss20+,False,15,167,False,,15.0,,83.0,0.3941605839416058,0.019083684157737067,-0.009564135044943295,0.09807133506138353,0.29211205480938435,0.7263681592039801,0.36318407960199006,0.5580486573168503,-0.019384998538811905,0.41765043391853607,1.3825764538012961,0.1691542288557214,0.0845771144278607,-0.5372015940952037,-0.16863581342422684,0.40999991403563696,-0.8989411169460425,0.3781094527363184,0.8159203980099502,0.046257598947358446,-0.014388076706121015,0.12101924407953181,0.5011242312307301,-0.03552425079802542,-0.03552425079802542,-0.07772783233030148,-0.0842786273456523,-0.03683270504978363,-4.563063821358355,2.043666920096536,2.5125460853560666,-3.2517150838153706,3.2879108725755866,-3.2517150838153706,3.2879108725755866,-2.6232605293341518,0.6924908187917219,200,0.044129074496603124,0.00254207742027534,1.393667718200647,0.19639220196858836,-0.02071673693385562,4.6747844714120665,0.13333333333333333,0.0,0.07728498350939715,948.5,,,0.9921718323041115,,-0.0006132672651132053,0.1651,transferred,0.9921718323041115,unselected,1.0,0.19774823332135585,False,-0.27547606565165733,1.84591868677518,0.1,-0.022272167669698528,-3.8989411169460424,0.0,0.0,1.0
none,folding|miss<=5,folding,miss,miss<=5,False,170,167,False,,170.0,,137.0,0.0,0.44298386399084194,-0.023363875037016722,0.22564426384227695,2.0667387288596486,0.06965174129353234,0.03482587064676617,1.9010803625655464,-0.1418693923147777,1.6287794596334932,1.2542826119258816,0.21890547263681592,0.10945273631840796,19.15006057422822,-1.5475077463525206,2.041644480492977,10.137694646808974,0.009950248756218905,0.004975124378109453,0.8013553158935927,-0.05824344789786136,0.5296632299979046,1.6229156851134534,0.023132243486843118,0.023132243486843118,0.02253152311443964,0.022035040099118743,0.022609241018549317,-0.023749658009579882,0.08369579444968782,0.02599886641612984,-0.029149213775551686,0.08944974970903401,-0.029149213775551686,0.08944974970903401,-0.024327487282385915,0.0772317476439732,200,-0.03992889922173188,0.0049737142123884,-4.264962651953841,0.23112736147777269,-0.020939821839623132,6.722166029945609,0.058823529411764705,0.058823529411764705,0.08748681473813946,2723.0,,,0.9960734901211324,,8.881899676300097e-05,0.1651,transferred,0.9960734901211324,unselected,1.0,0.19774823332135585,True,-0.1752167102069162,-0.11405243887166804,0.05,-0.027468476885560363,7.137694646808974,8.881899676300097e-05,0.11394045213958605,0.886059547860414
none,pinned_sig&folding,pinned_sig&folding,primary,miss0,True,45,45,False,45.0,167.0,0.2694610778443114,137.0,0.0,0.26932063998267275,-0.0182821516094894,0.10357024390282979,2.7768863020347117,0.01990049751243781,0.009950248756218905,1.4667362397708827,-0.13487052808837466,0.6619480132203539,2.4195355766195243,0.01990049751243781,0.009950248756218905,9.69402152147778,-0.3959750826990419,0.7566678415248291,13.334776569655142,0.009950248756218905,0.004975124378109453,0.4833573727184184,-0.04359311436908295,0.24367279803971,2.1625330825873603,0.02778213761811588,0.02778213761811588,0.028503755043198634,0.027713807463932337,0.02703115436750142,-0.0037496807583503582,0.08108887313917418,0.021737635333234428,-0.006174508934018952,0.08264188383606627,-0.006174508934018952,0.08264188383606627,-0.0037637955672804478,0.07500662064405154,200,-0.06590412545704716,0.003569260132119208,-4.4143653310631095,0.22794999056281248,-0.01996163205182439,6.368163241293285,0.044444444444444446,0.06666666666666667,0.09827367552244835,5088.0,,,0.9979413019085438,,5.880168101524861e-05,0.1651,transferred,0.9979413019085438,table,0.55,0.10876152832674574,True,-0.0802577732835471,-0.02767265518757156,0.1,-0.07149624495680137,10.334776569655142,5.880168101524861e-05,0.26207571263219576,0.7379242873678042
none,pinned_sig&folding|depthT1,pinned_sig&folding,depth,depthT1,True,15,45,False,15.0,87.0,0.1724137931034483,137.0,0.0,0.017075129602998534,-0.008327603550096898,0.035854581283313085,0.708493370829518,0.48756218905472637,0.24378109452736318,0.38363081873242977,-0.06543828266217018,0.28630344917953804,1.5685074793248235,0.10945273631840796,0.05472636815920398,2.9499301212894125,-0.1518263576874278,0.27196627629831627,11.404930497980434,0.009950248756218905,0.004975124378109453,0.016850223928863886,-0.0201153248882519,0.08376823393414894,0.4412836117110309,0.005788316638339557,0.005788316638339557,0.008189789664427459,0.00812326185841795,0.005755004848024016,-0.041233536087419864,0.06572505784555263,0.028232964769074942,-0.04582013829788674,0.06634238210372442,-0.04582013829788674,0.06634238210372442,-0.04300686403343229,0.06167161825721142,200,-0.052490554852210235,0.0015641477593433945,-2.715259656583446,0.20674909910416941,-0.01668989350335137,5.902545052360729,0.13333333333333333,0.13333333333333333,0.08442296995678139,982.0,,,0.991871176632598,,6.711895170128987e-05,0.1408,transferred,0.991871176632598,table,0.45,0.07374301675977654,False,-0.06555322709534908,-0.00801795891422391,0.1,-0.09181021033557255,8.404930497980434,6.711895170128987e-05,0.11105851135852386,0.8889414886414762
none,pinned_sig&folding|depthT2,pinned_sig&folding,depth,depthT2,True,15,45,False,15.0,48.0,0.3125,137.0,0.0,0.04273767892109349,-0.010360358388525812,0.04453134383954386,1.1923744655212543,0.25870646766169153,0.12935323383084577,0.12255534014161772,-0.06538673170776821,0.33135311636131537,0.5671957273655136,0.6069651741293532,0.3034825870646766,3.320919374206489,-0.1149467164887705,0.2875174063205843,11.950115071865387,0.009950248756218905,0.004975124378109453,0.07508701632229113,-0.023282397017505133,0.09815715965700446,1.0021623861523041,0.012869231109022442,0.012869231109022442,0.015454047366227458,0.015218854468412884,0.012705718284019268,-0.02153211981182714,0.08002647264051756,0.026852338583350656,-0.02663157306061784,0.07949204855264104,-0.02663157306061784,0.07949204855264104,-0.022005973383981223,0.07409654546357008,200,-0.09013953776402425,0.0021130767243675627,-3.9460167402950193,0.24247198786700996,-0.020923263031030922,5.40425178441828,0.0,0.06666666666666667,0.07641511119184187,5088.0,,,0.9979413019085438,,3.188085086495589e-05,0.1736,transferred,0.9979413019085438,table,0.55,0.11553727008712489,False,-0.10008322272089742,-0.03551079744660733,0.1,-0.08454595263377254,8.950115071865387,3.188085086495589e-05,0.13375811419617062,0.8662418858038294
none,pinned_sig&folding|depthT3,pinned_sig&folding,depth,depthT3,True,15,45,False,15.0,32.0,0.46875,137.0,0.0,0.20950783145858085,0.00040581032913330773,0.06851443752196544,3.0519410023969082,0.01990049751243781,0.009950248756218905,0.9605500808968349,-0.004045513718436283,0.4107491390330131,2.348381293959922,0.01990049751243781,0.009950248756218905,3.4231720259818816,-0.12920200852284355,0.3181429534157542,11.165967991321269,0.009950248756218905,0.004975124378109453,0.39142013246726326,-0.00019539246332591075,0.1673767867948152,2.3397242379295102,0.061202834642377316,0.061202834642377316,0.05886261387410482,0.05559041664408352,0.05767307874088228,-0.0057344498836909355,0.14348800086105887,0.03965577604682325,-0.005839484809549434,0.14948629709381234,-0.005839484809549434,0.14948629709381234,-0.005767635476693404,0.1254808987500289,200,-0.055082283754906994,0.007030555912646667,-2.1373041996156097,0.23462888471725807,-0.022271739621090875,4.986506324143164,0.0,0.0,0.13398294541872177,21604.0,,,0.9996205096414843,,2.2346274638029098e-05,0.1857,transferred,0.9996205096414843,table,0.55,0.1254267468991772,False,-0.06656413302507239,0.018061253961881657,0.1,-0.04113738612589519,8.165967991321269,2.2346274638029098e-05,0.4692987367472811,0.5307012632527188
none,pinned_sig&folding|miss<=5,pinned_sig&folding,miss,miss<=5,True,45,45,False,45.0,170.0,0.2647058823529412,137.0,0.0,0.26932063998267275,-0.0182821516094894,0.10357024390282979,2.7768863020347117,0.01990049751243781,0.009950248756218905,1.4667362397708827,-0.13487052808837466,0.6619480132203539,2.4195355766195243,0.01990049751243781,0.009950248756218905,9.69402152147778,-0.3959750826990419,0.7566678415248291,13.334776569655142,0.009950248756218905,0.004975124378109453,0.4833573727184184,-0.04359311436908295,0.24367279803971,2.1625330825873603,0.02778213761811588,0.02778213761811588,0.028503755043198634,0.027713807463932337,0.02703115436750142,-0.0037496807583503582,0.08108887313917418,0.021737635333234428,-0.006174508934018952,0.08264188383606627,-0.006174508934018952,0.08264188383606627,-0.0037637955672804478,0.07500662064405154,200,-0.06590412545704716,0.003569260132119208,-4.4143653310631095,0.22794999056281248,-0.01996163205182439,6.368163241293285,0.044444444444444446,0.06666666666666667,0.09827367552244835,5088.0,,,0.9979413019085438,,5.880168101524861e-05,0.1651,transferred,0.9979413019085438,table,0.55,0.10876152832674574,True,-0.0802577732835471,-0.02767265518757156,0.1,-0.07149624495680137,10.334776569655142,5.880168101524861e-05,0.26207571263219576,0.7379242873678042
none,ptm,ptm,primary,miss0,False,810,810,False,,811.0,,137.0,0.0,4.391777018431787,-0.011928790667599543,1.2307095936402137,3.578184351414724,0.009950248756218905,0.004975124378109453,21.86561057368624,0.03487278418553924,7.803902993638633,2.7974127570904037,0.01990049751243781,0.009950248756218905,75.29311517834569,-5.698180376780865,6.74959348077902,11.99943311930821,0.009950248756218905,0.004975124378109453,9.179101548724002,-0.03265090867298786,2.9191389118667304,3.155640322545069,0.05832906512141316,0.05832906512141316,0.05437258138563808,0.051568660211348226,0.05511429955362848,0.006183328607873476,0.13361980531227283,0.03299587394748621,0.006476382070091508,0.14812623338594702,0.006476382070091508,0.14812623338594702,0.00614523270131383,0.11787003246654432,200,-0.027941648405795255,0.006828357412199209,-3.5770594917763674,0.22601772095870934,-0.0215702128353447,6.578398904263631,0.03580246913580247,0.1111111111111111,0.12872549636274838,2210.0,,,0.9949063921135021,,0.000278370519629289,0.1651,transferred,0.9949063921135021,unselected,1.0,0.19774823332135585,True,-0.14337565193571777,-0.06412842800908303,0.05,0.004372581385638077,8.99943311930821,0.000278370519629289,0.2749586202233146,0.7250413797766855
none,ptm|depthT1,ptm,depth,depthT1,False,270,810,False,,271.0,,137.0,0.0,1.0507490224747666,0.004734513734168095,0.3402797881019211,3.073983660843514,0.009950248756218905,0.004975124378109453,6.047949120361594,-0.01537762413673286,2.4453515328805757,2.479531741334485,0.029850746268656716,0.014925373134328358,22.835007916390122,-1.7711399562414776,2.3591362034451566,10.430151441319113,0.009950248756218905,0.004975124378109453,2.5033598771476058,0.0101228091155261,0.8175724420623306,3.0495610416403918,0.0460148306636048,0.0460148306636048,0.042510291092903545,0.04077685511222951,0.043990610185146634,-0.004579166681154564,0.12258688500873109,0.030585089725199768,-0.004800968159339949,0.1404791273388554,-0.004800968159339949,0.1404791273388554,-0.004600286258126696,0.10919978701607538,200,-0.022337885144005726,0.0057280846774811385,-3.187672929383328,0.19889857959800597,-0.020343273599023923,7.372754237105482,0.05555555555555555,0.10740740740740741,0.1134729785232462,747.0,,,0.9858545521642226,,0.0006099551945246913,0.1408,transferred,0.9858545521642226,unselected,1.0,0.1638733705772812,True,-0.12136307948437766,-0.04128648556855012,0.05,-0.007489708907096458,7.430151441319113,0.0006099551945246913,0.25940938996465,0.74059061003535
none,ptm|depthT2,ptm,depth,depthT2,False,270,810,False,,270.0,,137.0,0.0,1.40921182202095,-0.016577788187146326,0.4854893033743249,2.9368095245319448,0.01990049751243781,0.009950248756218905,7.041795097893326,-0.08163492271171005,3.0823978577901108,2.311002780709203,0.03980099502487562,0.01990049751243781,23.835856419404315,-1.974575197112803,2.2323918666326583,11.56178357496419,0.009950248756218905,0.004975124378109453,2.820404528991897,-0.03853925759795496,1.1407559804233949,2.5061834745137577,0.059121509931304064,0.059121509931304064,0.05524082787114947,0.05234902442373531,0.0558212720419008,-0.006187342062868443,0.14457419212901393,0.03886785479798,-0.0073535541552204675,0.16463340349536232,-0.0073535541552204675,0.16463340349536232,-0.006225923103638845,0.1263122937191449,200,-0.023575556108432243,0.006693021810982104,-2.6055559476683863,0.21563786525101689,-0.021836625859318087,5.7334753835732695,0.022222222222222223,0.12222222222222222,0.12405797280545962,2210.0,,,0.9945293341533696,,0.00030386646225125845,0.1736,transferred,0.9945293341533696,unselected,1.0,0.21006776379477252,True,-0.15482693592362304,-0.06549357166575859,0.05,0.0052408278711494685,8.56178357496419,0.00030386646225125845,0.262966705948836,0.737033294051164
none,ptm|depthT3,ptm,depth,depthT3,False,270,810,False,,270.0,,137.0,0.0,1.93181617393607,-8.551621462122849e-05,0.5581757247448668,3.4610994432510167,0.009950248756218905,0.004975124378109453,8.775866355431319,0.1318853310339817,3.4251535310364933,2.523676952309219,0.029850746268656716,0.014925373134328358,28.622250842551253,-1.9524652234265836,2.527569090539473,12.0964907271643,0.009950248756218905,0.004975124378109453,3.8553371425845,-0.004234460190558926,1.3355130628565755,2.8899542131918103,0.06749351001648468,0.06749351001648468,0.06318625121429743,0.05943102738784525,0.06322615489759972,0.010507983416427403,0.18950836017176542,0.042272539166587374,0.011243803716236123,0.21003124281067295,0.011243803716236123,0.21003124281067295,0.010398365509461186,0.15931640282106563,200,-0.0379115039649478,0.00806396574813438,-3.4180524380094766,0.26351671802710525,-0.022530739047692077,6.225210021326158,0.02962962962962963,0.1037037037037037,0.14864553775953934,5745.5,,,0.9982004143252126,,0.0001139140706584839,0.1857,transferred,0.9982004143252126,unselected,1.0,0.22804863072577675,True,-0.1648623795114793,-0.038540270554011324,0.05,0.013186251214297423,9.0964907271643,0.0001139140706584839,0.27707358300378243,0.7229264169962175
none,ptm|miss0-5,ptm,miss,miss0-5,False,56,810,False,,56.0,,132.0,0.03649635036496346,0.11626938104979995,0.0008436200717664532,0.10216228004561859,1.1298275736063481,0.26865671641791045,0.13432835820895522,0.10738428526563776,-0.03337883357301963,0.7270687940609644,0.19360357642698453,0.8855721393034826,0.4427860696517413,2.2485270560977564,-0.41464331880864025,0.41536842990359396,6.411585915483544,0.009950248756218905,0.004975124378109453,0.1639638370595111,0.0019241224997495476,0.23616752973639546,0.6861219014342336,0.051709131422052614,0.051709131422052614,0.0433414857966383,0.04154103559252714,0.04916676092004155,-0.24520951129425073,0.2974591257594933,0.12179894389926313,-0.36394243174149254,0.44245600103505,-0.36394243174149254,0.44245600103505,-0.32487942999919006,0.2292605431715246,200,-0.011255097965195544,0.006029324834011548,-1.3190355055396499,0.16895497222743858,-0.025390032142671798,6.484119830176171,0.017857142857142856,0.08928571428571429,0.10786847687844502,1252.75,,,0.9931434879765455,,0.00029922304488397446,0.1651,transferred,0.9931434879765455,unselected,1.0,0.19774823332135585,True,-0.15440674752471756,0.09971089243813744,0.1,-0.0566585142033617,3.4115859154835437,0.00029922304488397446,0.2191750847462951,0.7808249152537049
none,ptm|miss5-20,ptm,miss,miss5-20,False,72,810,False,,72.0,,124.0,0.0948905109489051,0.299195030381435,-0.0011882099469725138,0.11459420082560937,2.6212778497014333,0.01990049751243781,0.009950248756218905,1.5507551299177464,0.02669337355178495,0.8137960860267541,1.8727808876631251,0.04975124378109453,0.024875621890547265,3.4068671276094364,-0.531365528630153,0.5625434466087088,7.000761772235036,0.009950248756218905,0.004975124378109453,0.7144097414983172,0.0017135350278426765,0.26355507181817334,2.7041642627244284,0.08782116213360427,0.08782116213360427,0.07627361472727912,0.07086823804242973,0.08073124994310253,-0.05924526877338232,0.3470222784152756,0.11485567682471656,-0.06733087989081503,0.5486112616549924,-0.06733087989081503,0.5486112616549924,-0.06300062880229883,0.25760981013198997,200,3.9106514149438087e-05,0.0056283897985015315,-0.4860447515292568,0.2216894325892477,-0.01708139038743078,7.808086160612112,0.0,0.06944444444444445,0.09839573191823114,1011.5,,,0.9911651903492371,,0.0006798693840869252,0.1651,transferred,0.9911651903492371,unselected,1.0,0.19774823332135585,True,-0.12147461859407674,0.14927404509391975,0.1,-0.02372638527272089,4.000761772235036,0.0006798693840869252,0.3857107264434,0.6142892735566
none,ptm|miss20+,ptm,miss,miss20+,False,137,810,False,,137.0,,70.0,0.4890510948905109,0.4178640158145231,-0.011247719918909205,0.38041087828519604,1.1280217265809234,0.29850746268656714,0.14925373134328357,2.2503220408171716,-0.13113066539079374,1.5885751475073238,1.4991124026740361,0.14925373134328357,0.07462686567164178,-0.09123750535666142,-1.9073302489359707,1.8522901866796593,0.9804580063314831,0.3383084577114428,0.1691542288557214,0.6884222725795283,-0.014945043861528604,0.4386847334068169,1.6033548990381323,-4.579958802918037,-4.579958802918037,0.23628294163419353,0.1911236770135002,,-5.522326818407831,4.9353584992096975,9.088489194817749,-2.4636736727464292,2.4997503905421725,-2.4636736727464292,2.4997503905421725,-3.3726522194785815,0.8591856463986464,200,0.012930924964986134,0.003093052198875448,0.8217014549911454,0.1494337654176755,-0.018002860708498606,6.879542589886223,0.051094890510948905,0.06569343065693431,0.08050465016944343,811.0,,,0.9896665667454422,,0.0024671076993101476,0.1651,transferred,0.9896665667454422,unselected,1.0,0.19774823332135585,True,0.03853470831283767,4.737610265888342,0.05,0.1862829416341935,-2.019541993668517,0.0024671076993101476,1.0,-0.19486752253415007
none,ptm|miss<=5,ptm,miss,miss<=5,False,866,810,False,,867.0,,137.0,0.0,4.508046399481587,-0.011085170595833116,1.2615470238670883,3.582214126449826,0.009950248756218905,0.004975124378109453,21.972994858951875,0.0014939506125194414,8.010586621702481,2.742807979731923,0.01990049751243781,0.009950248756218905,77.54164223444344,-6.112823695589505,6.925444313355507,12.079292265581847,0.009950248756218905,0.004975124378109453,9.343065385783513,-0.030726786173238305,2.985616875987341,3.1396500493241772,0.05813710245975606,0.05813710245975606,0.05402140244200636,0.05125266177408451,0.05494288247204447,0.0045610211437947315,0.12879944026321077,0.03285245511364732,0.0048429569800877564,0.145063423502102,0.0048429569800877564,0.145063423502102,0.0045402348451905935,0.114102959204013,200,-0.026862610502015136,0.00677668786903696,-3.605362304870182,0.22232775106384658,-0.02181722193604945,6.663239910628162,0.03464203233256351,0.10969976905311778,0.12737677454852092,2123.5,,,0.9947242300591921,,0.0002865160841079191,0.1651,transferred,0.9947242300591921,unselected,1.0,0.19774823332135585,True,-0.1437268308793495,-0.06894879305814508,0.05,0.0040214024420063554,9.079292265581847,0.0002865160841079191,0.27318273106499763,0.7268172689350023
none,pinned_sig&ptm,pinned_sig&ptm,primary,miss0,True,189,189,False,189.0,811.0,0.23304562268803947,137.0,0.0,1.652809374203528,-0.004538459778433369,0.3490170969572176,4.748615034710229,0.009950248756218905,0.004975124378109453,7.872707574230851,-0.023403502941421996,2.2681462110317367,3.4813060281420225,0.009950248756218905,0.004975124378109453,37.43659059090881,-1.2268909465152955,2.5072802294903935,15.420486742035406,0.009950248756218905,0.004975124378109453,3.1176905010100073,-0.0025993580593980546,0.857097393427895,3.640531266336077,0.04414956992918314,0.04414956992918314,0.04286597502549636,0.041104011495291484,0.042282802388337405,0.01968471968121755,0.08607286855928764,0.01759757943159583,0.02016844834430847,0.08948996563441834,0.02016844834430847,0.08948996563441834,0.01930470353900004,0.07925102896434547,200,-0.07204757551662895,0.0064768223303727605,-6.49393106905771,0.24767632717540194,-0.02191665208587863,7.303189743285975,0.026455026455026454,0.13227513227513227,0.13477756528786936,2711.0,,,0.9962473553949958,,0.0001614666970472376,0.1651,transferred,0.9962473553949958,table,0.55,0.10876152832674574,True,-0.06589555330124938,-0.022688659767458097,0.05,-0.00713402497450364,12.420486742035406,0.0001614666970472376,0.39412810471655646,0.6058718952834435
none,pinned_sig&ptm|depthT1,pinned_sig&ptm,depth,depthT1,True,63,189,False,63.0,288.0,0.21875,137.0,0.0,0.18922057422460367,-0.003987106756153148,0.1154411584574388,1.6736464148702148,0.13930348258706468,0.06965174129353234,1.5240619157681774,-0.06460592486555368,0.9164370738873726,1.733526377206531,0.07960199004975124,0.03980099502487562,11.831978095995629,-0.442341981701139,0.9558334372326492,12.841484300061378,0.009950248756218905,0.004975124378109453,0.38225050143036143,-0.005756284004338097,0.2711524888861192,1.43095417279263,0.015992302613258114,0.015992302613258114,0.015740805173545022,0.015496871931669239,0.015740574581248234,-0.012503109627265772,0.06533973351567537,0.021296933416516024,-0.013589039673233947,0.06740718326204946,-0.013589039673233947,0.06740718326204946,-0.012661418480416716,0.06133222858038207,200,-0.0655195433675067,0.004331736343173402,-4.752823802076517,0.2004167740802404,-0.021978159853051394,7.368845431918816,0.06349206349206349,0.14285714285714285,0.1036772355562416,872.0,,,0.9895000815403691,,0.00016703098250772273,0.1408,transferred,0.9895000815403691,table,0.55,0.09013035381750467,True,-0.07438954864395965,-0.024790620301829297,0.1,-0.08425919482645498,9.841484300061378,0.00016703098250772273,0.17464488384697677,0.8253551161530233
none,pinned_sig&ptm|depthT2,pinned_sig&ptm,depth,depthT2,True,63,189,False,63.0,344.0,0.18313953488372092,137.0,0.0,0.488054073755007,0.0005028074852775821,0.135234166012973,3.60523734973127,0.009950248756218905,0.004975124378109453,2.6252619772038726,0.016867202500410617,0.8952843353483061,2.9134819763027333,0.01990049751243781,0.009950248756218905,12.669382844528668,-0.44099034715067714,0.8623230440749077,15.203551942351297,0.009950248756218905,0.004975124378109453,0.8477721142035749,0.002186578298908055,0.32304420866042893,2.6175536141355575,0.03852232423190017,0.03852232423190017,0.03718820655533739,0.0358548297409254,0.03709340024095448,0.0074671033840658894,0.09995285953903756,0.0221300104728749,0.007738455451727988,0.10434781428909222,0.007738455451727988,0.10434781428909222,0.007411752322134027,0.09087004522673689,200,-0.06758783014778878,0.007104209278209083,-4.966593055541306,0.24980489701584221,-0.022241439593600053,6.520598371617304,0.0,0.1111111111111111,0.12240069276502782,2711.0,,,0.9959637266008042,,0.00015071007595366848,0.1736,transferred,0.9959637266008042,table,0.45,0.09453049370764764,True,-0.05734228715231025,0.005422365831389914,0.1,-0.06281179344466262,12.203551942351297,0.00015071007595366848,0.39339905142512566,0.6066009485748743
none,pinned_sig&ptm|depthT3,pinned_sig&ptm,depth,depthT3,True,63,189,False,63.0,179.0,0.35195530726256985,137.0,0.0,0.9755347262239171,-0.001054160507557803,0.18461523735037996,5.289860689440351,0.009950248756218905,0.004975124378109453,3.723383681258802,0.02433521942372109,1.0605067009780575,3.488001026701307,0.009950248756218905,0.004975124378109453,12.93522965038451,-0.34355861766347956,0.9000363380036897,14.753613501317936,0.009950248756218905,0.004975124378109453,1.8876678853760709,0.000970347646031966,0.48375306917226185,3.900125204287223,0.07541688494064877,0.07541688494064877,0.07354503039116804,0.06850670284819856,0.07012804615282842,0.024525172282298696,0.13260597180497852,0.026663818710661813,0.025162481925660545,0.13970897528501075,0.025162481925660545,0.13970897528501075,0.02393782313656867,0.11708025662387751,200,-0.0830353530345914,0.007994521369735797,-5.062029308127922,0.29280731043012304,-0.02153035681098444,6.846541202260647,0.015873015873015872,0.14285714285714285,0.17825476754233868,9770.0,,,0.9989499588947609,,7.730647997846378e-05,0.1857,transferred,0.9989499588947609,table,0.55,0.1254267468991772,True,-0.05188171650800917,0.007179224905801307,0.1,-0.026454969608831966,11.753613501317936,7.730647997846378e-05,0.5863584299948904,0.4136415700051096
none,pinned_sig&ptm|miss<=5,pinned_sig&ptm,miss,miss<=5,True,192,189,False,192.0,867.0,0.22145328719723184,137.0,0.0,1.6639381524259782,-0.0009744449677116884,0.35065835532595446,4.747962146363432,0.009950248756218905,0.004975124378109453,8.002729557889834,0.017288513803332482,2.2897375498983497,3.4874918500773187,0.009950248756218905,0.004975124378109453,37.99168194081914,-1.2740662245941192,2.531803917633403,15.509000476670728,0.009950248756218905,0.004975124378109453,3.134521980288012,0.004475687933632125,0.8602139177017919,3.638683620368329,0.04379743321230021,0.04379743321230021,0.04240114285814645,0.04067641631885331,0.04195970579992043,0.019363851523672294,0.08411138291461728,0.01741411965437262,0.019870509359148286,0.08762510601609051,0.019870509359148286,0.08762510601609051,0.01899600932576377,0.07758515489785309,200,-0.07121158345979679,0.006709392143603954,-6.512963236275527,0.2465450094850156,-0.02195237228911794,7.320048287743988,0.026041666666666668,0.13541666666666666,0.13338588871234155,2708.5,,,0.9963096966453306,,0.00015705265165850754,0.1651,transferred,0.9963096966453306,table,0.55,0.10876152832674574,True,-0.06636038546859929,-0.024650145412128455,0.05,-0.00759885714185355,12.509000476670728,0.00015705265165850754,0.3898542389985845,0.6101457610014155
none,secretion,secretion,primary,miss0,False,1341,1341,False,,1342.0,,137.0,0.0,5.77529711237363,-0.3060429048286087,1.8074562206052347,3.3645849608273637,0.009950248756218905,0.004975124378109453,25.6803410000203,-1.5282415715632645,10.553473143375564,2.578163814124305,0.029850746268656716,0.014925373134328358,136.46152538016804,-9.406630418447278,11.527775972374494,12.653625135340771,0.009950248756218905,0.004975124378109453,11.603880860737679,-0.786553667622492,4.3779376904461165,2.830198921149463,0.04232179800338765,0.04232179800338765,0.04169066225529101,0.04002211382506731,0.04060338955249414,0.002847725020040914,0.11633920805865473,0.029618071364809588,0.00022186058111327715,0.12630583748050372,0.00022186058111327715,0.12630583748050372,0.002839497433437788,0.1042148913254913,200,-0.042254457369875306,0.006119671323188339,-5.712127699541836,0.20541580521310285,-0.021673021959706523,7.032066936081909,0.05070842654735272,0.08650260999254288,0.1393994000636515,2239.0,,,0.9956496800985768,,0.00018216017273741197,0.1651,transferred,0.9956496800985768,unselected,1.0,0.19774823332135585,True,-0.15605757106606485,-0.08140902526270112,0.05,-0.008309337744708996,9.653625135340771,0.00018216017273741197,0.21082697708626566,0.7891730229137344
none,secretion|depthT1,secretion,depth,depthT1,False,447,1341,False,,448.0,,137.0,0.0,1.5941903697034068,-0.1146010557976275,0.5349545120919417,3.19427425486851,0.009950248756218905,0.004975124378109453,8.110745074756442,-0.6959277961852983,3.146644787180187,2.798750245601663,0.029850746268656716,0.014925373134328358,41.365985599697,-3.0424308461463,3.7749149082584372,11.764084098608514,0.009950248756218905,0.004975124378109453,3.2951226586802127,-0.3122547767585747,1.3218468278117734,2.7290434561246046,0.03853867728743502,0.03853867728743502,0.03847899930376779,0.03705322816307835,0.0371085623773728,-0.01265299724796314,0.1004069634515411,0.028602002266280794,-0.015920514219853136,0.1068163861703226,-0.015920514219853136,0.1068163861703226,-0.01281690618336828,0.09124527196058273,200,-0.03445633505169009,0.005192121812923729,-5.7835782568016665,0.18231874614952437,-0.020917831714303805,7.927717116358981,0.06040268456375839,0.07606263982102908,0.13618149921817765,597.0,,,0.9853719436917527,,0.0005712289375641105,0.1408,transferred,0.9853719436917527,unselected,1.0,0.1638733705772812,True,-0.12539437127351344,-0.06346640712574012,0.05,-0.011521000696232214,8.764084098608514,0.0005712289375641105,0.2348093480241284,0.7651906519758715
none,secretion|depthT2,secretion,depth,depthT2,False,447,1341,False,,447.0,,137.0,0.0,1.9872030495795516,-0.10141048208694159,0.7221511970121764,2.8922108559923583,0.009950248756218905,0.004975124378109453,7.797274121943313,-0.4556056417772749,4.299571927924262,1.919465449599978,0.08955223880597014,0.04477611940298507,41.19852254266142,-3.1259413589369878,3.7237072259096897,11.903316026885031,0.009950248756218905,0.004975124378109453,4.188022439589054,-0.23328086663540226,1.7442992790936247,2.534716008437417,0.0482348134577347,0.0482348134577347,0.047121010562096714,0.0450005396575913,0.04601527524031194,-0.0016870527280671839,0.13639586965949893,0.04030226443060378,-0.004259024965211447,0.15122328092481763,-0.004259024965211447,0.15122328092481763,-0.0016907325834449565,0.12002399442384962,200,-0.042379647360379746,0.006731857610096787,-4.7496837182165965,0.2002701978742518,-0.020544805040089164,5.984579826954445,0.049217002237136466,0.087248322147651,0.14387332578872167,2239.0,,,0.9952967751232392,,0.00022266796661359558,0.1736,transferred,0.9952967751232392,unselected,1.0,0.21006776379477252,True,-0.1629467532326758,-0.07367189413527359,0.05,-0.0028789894379032885,8.903316026885031,0.00022266796661359558,0.22431338207670926,0.7756866179232907
none,secretion|depthT3,secretion,depth,depthT3,False,447,1341,False,,447.0,,137.0,0.0,2.193903693090671,-0.09003136694403978,0.7967268347392371,2.866647589173052,0.029850746268656716,0.014925373134328358,9.772321803320544,-0.376708133600691,4.861046074103456,2.087828377309315,0.06965174129353234,0.03482587064676617,53.89701723780962,-3.23825821336399,4.652437242690197,12.280719216781108,0.009950248756218905,0.004975124378109453,4.12073576246841,-0.24101802422851493,1.9283551564164263,2.261903764036197,0.04070547509912315,0.04070547509912315,0.03997416730731446,0.03843765409175016,0.03911334769834483,-0.0005487454437586205,0.11744121803151357,0.0310463115833319,-0.0024050867490537347,0.1292223586818022,-0.0024050867490537347,0.1292223586818022,-0.0005490467489876015,0.10509829162997572,200,-0.04992738969755607,0.006435034546544502,-4.693199237750716,0.23365847161553227,-0.023556429124726615,6.702743041291151,0.042505592841163314,0.09619686800894854,0.13814337518405523,7154.0,,,0.9987267914834955,,5.096033338631893e-05,0.1857,transferred,0.9987267914834955,unselected,1.0,0.22804863072577675,True,-0.1880744634184623,-0.11060741269426318,0.05,-0.010025832692685546,9.280719216781108,5.096033338631893e-05,0.17528790758398577,0.8247120924160143
none,secretion|miss0-5,secretion,miss,miss0-5,False,58,1341,False,,58.0,,132.0,0.03649635036496346,0.43105867386402535,0.0034522977120274895,0.12846604431392875,3.328555638461698,0.009950248756218905,0.004975124378109453,1.9933515191103235,-0.049564056947935746,0.7400141380778834,2.760643980890066,0.01990049751243781,0.009950248756218905,2.4421504449662828,-0.44247012676613295,0.44967604270366157,6.414886046382936,0.009950248756218905,0.004975124378109453,0.9141702309788312,0.007754140765431856,0.31433560181898124,2.8835934745163985,0.17650782929958958,0.17650782929958958,0.14823661050686832,0.12909935909588524,0.1500269058172524,-0.08448921987348582,0.6168299736347569,0.27295621939925974,-0.12093915187015428,0.8729124548343015,-0.12093915187015428,0.8729124548343015,-0.0923021917372915,0.38148014964230076,200,0.0009450680794193289,0.007834609801401902,-0.5012994866038709,0.2221389934153863,-0.023652166524454454,8.130499563503056,0.017241379310344827,0.10344827586206896,0.17910898132672945,1068.75,,,0.992941576885753,,0.0010537545635473924,0.1651,transferred,0.992941576885753,unselected,1.0,0.19774823332135585,True,-0.04951162281448754,0.41908174031340106,0.1,0.04823661050686831,3.414886046382936,0.0010537545635473924,0.7496229322361257,0.25037706776387425
none,secretion|miss5-20,secretion,miss,miss5-20,False,74,1341,False,,74.0,,121.0,0.11678832116788318,0.5059952107751959,0.022583157394215254,0.1638052224956872,2.9511394448593258,0.009950248756218905,0.004975124378109453,2.1794241101322704,0.17322513901579117,0.9420384275985152,2.129636023692545,0.05970149253731343,0.029850746268656716,3.681759393461168,-0.4119505493327074,0.5984955480030124,6.840000659074694,0.009950248756218905,0.004975124378109453,1.0844860664934297,0.05274081058519613,0.3658445151088265,2.8201741813768177,0.13743299240951137,0.13743299240951137,0.11808654255827945,0.10561485007062793,0.12082733077609832,-0.08129844207281459,0.4646586756367518,0.15172839798936186,-0.08493806140994896,0.6330370013876643,-0.08493806140994896,0.6330370013876643,-0.08849281387432255,0.3172467123773551,200,-0.003917426507522944,0.007810918923761055,-0.9378894377836594,0.20429644344167955,-0.023475465648795334,9.410464640093235,0.013513513513513514,0.12162162162162163,0.13918977126765453,849.75,,,0.9919799015960458,,0.0009547226611913706,0.1651,transferred,0.9919799015960458,unselected,1.0,0.19774823332135585,True,-0.0796616907630764,0.26691044231539596,0.1,0.018086542558279448,3.8400006590746942,0.0009547226611913706,0.5971559926220927,0.40284400737790726
none,secretion|miss20+,secretion,miss,miss20+,False,140,1341,False,,141.0,,79.0,0.4233576642335767,0.5132061996051033,0.0026146279054142085,0.44317563593806236,1.1521201309249063,0.23880597014925373,0.11940298507462686,1.6821796308575516,-0.02313863017391772,1.6365045702476178,1.0420491894950465,0.29850746268656714,0.14925373134328357,1.285632467467316,-1.8857728334849457,1.7674798255370379,1.7943091938764562,0.11940298507462686,0.05970149253731343,0.7788931918063927,0.010051576306763345,0.5641951102425978,1.3627229331516817,0.39918578022233264,0.39918578022233264,0.16099852376054752,0.13867246207950645,0.28529862571852427,-3.8875042855098663,5.52526907810434,2.9606522619652833,-4.352286635760329,6.989673683247117,-4.352286635760329,6.989673683247117,-3.6534874983913244,0.849515167209539,200,0.004317256204972368,0.00521192249322401,-0.07008533654054896,0.15987876756042924,-0.016808112162672084,8.098438790617175,0.05,0.04285714285714286,0.13258137400758926,735.75,,,0.9916139047826769,,0.0013615671821386106,0.1651,transferred,0.9916139047826769,unselected,1.0,0.19774823332135585,True,-0.036749709560808336,5.327520844782984,0.05,0.11099852376054752,-1.2056908061235438,0.0013615671821386106,0.8141591004705094,0.18584089952949057
none,secretion|miss<=5,secretion,miss,miss<=5,False,1399,1341,False,,1400.0,,137.0,0.0,6.206355786237655,-0.30259060711658115,1.8606097599051037,3.4982867088078753,0.009950248756218905,0.004975124378109453,27.673692519130622,-1.5778056285112,10.868100671795807,2.691500477498651,0.029850746268656716,0.014925373134328358,138.90367582513431,-9.849100545213412,11.714256158881486,12.698439777379011,0.009950248756218905,0.004975124378109453,12.518051091716508,-0.7787995268570603,4.500712400775673,2.954387980063318,0.04468100465570709,0.04468100465570709,0.04375680610591766,0.04192241511618688,0.04276999816841936,0.0010200064833679153,0.12154567595689231,0.030152772898197927,-0.0017066446937481668,0.13390882045268335,-0.0017066446937481668,0.13390882045268335,0.0010187578569340904,0.10837329541751453,200,-0.0404634834770525,0.006190769558882683,-5.640642483098503,0.2061091182336407,-0.021755073700060624,7.166093222222631,0.04932094353109364,0.08720514653323802,0.14104568720679558,2167.0,,,0.9955383631387877,,0.00019610191458173203,0.1651,transferred,0.9955383631387877,unselected,1.0,0.19774823332135585,True,-0.15399142721543818,-0.07620255736446355,0.05,-0.006243193894082344,9.698439777379011,0.00019610191458173203,0.22127533263374108,0.7787246673662589
none,pinned_sig&secretion,pinned_sig&secretion,primary,miss0,True,369,369,False,369.0,1342.0,0.2749627421758569,137.0,0.0,3.033728836421126,-0.07513500766337594,0.5733056940195613,5.422698355370646,0.009950248756218905,0.004975124378109453,12.746943685555134,-0.4651514673626499,3.535062380213661,3.7374432844150376,0.009950248756218905,0.004975124378109453,74.42187187584939,-2.256417364171819,4.924972013023839,15.569284259331699,0.009950248756218905,0.004975124378109453,5.693203088067747,-0.17234271116354186,1.3897717285729423,4.220510231024918,0.04076394156655982,0.04076394156655982,0.04054425150713811,0.038964466382293,0.03916732693986483,0.019686956351657948,0.08118410621230834,0.016872916081645286,0.01923464183071476,0.08305601252698916,0.01923464183071476,0.08305601252698916,0.01930686088830571,0.07508779121898139,200,-0.07818605601858755,0.005006578707362982,-8.494845664550487,0.21300033685083777,-0.02200069940563863,7.266904957407126,0.02981029810298103,0.1002710027100271,0.1314275575461546,2706.0,,,0.996710329781581,,0.00013381743193165163,0.1651,transferred,0.996710329781581,table,0.55,0.10876152832674574,True,-0.06821727681960763,-0.027577422114437394,0.05,-0.00945574849286189,12.569284259331699,0.00013381743193165163,0.37278118587423165,0.6272188141257684
none,pinned_sig&secretion|depthT1,pinned_sig&secretion,depth,depthT1,True,123,369,False,123.0,490.0,0.2510204081632653,137.0,0.0,0.7088113952568,-0.025799766195982052,0.19920062781951545,3.6877954125645234,0.009950248756218905,0.004975124378109453,3.7335341576206207,-0.1984859678903725,1.2628619603176987,3.113578719658175,0.009950248756218905,0.004975124378109453,23.512043144092893,-0.8441194865828333,1.846370489922174,13.191373434322143,0.009950248756218905,0.004975124378109453,1.3282685306150532,-0.057573822639551075,0.4786221625153946,2.8954830381679817,0.03014673760646276,0.03014673760646276,0.03016120283773952,0.02927813895015245,0.029264508157845984,-0.0028328256027312887,0.07449789480140305,0.02004449807820244,-0.00417924542568485,0.07631216386590141,-0.00417924542568485,0.07631216386590141,-0.0028408806754535282,0.06933275044961566,200,-0.07269664150532874,0.004599304966388471,-7.666500268498117,0.15552172760102193,-0.020621318447782432,7.171697821303538,0.056910569105691054,0.12195121951219512,0.12196985836440004,524.0,,,0.9853719436917527,,0.0004477494780112578,0.1408,transferred,0.9853719436917527,table,0.55,0.09013035381750467,True,-0.05996915097976515,-0.01563245901610162,0.05,-0.01983879716226048,10.191373434322143,0.0004477494780112578,0.33463979181541575,0.6653602081845842
none,pinned_sig&secretion|depthT2,pinned_sig&secretion,depth,depthT2,True,123,369,False,123.0,512.0,0.240234375,137.0,0.0,0.9962981037172777,-0.0033631487975812955,0.24639350089064713,4.057173784622357,0.009950248756218905,0.004975124378109453,3.5444942691361714,-0.029805809587241727,1.473246100015797,2.426139175718902,0.01990049751243781,0.009950248756218905,24.284657866577454,-0.7953031997651945,1.5758164181856873,15.915534815418667,0.009950248756218905,0.004975124378109453,1.9481594844453856,-0.0004911240006873375,0.5910272797214589,3.297056963875574,0.04102582417224272,0.04102582417224272,0.03985896349163022,0.03833112459577413,0.03940903599088316,0.009657323078174478,0.09877235051334814,0.02182435273258749,0.009889876701332416,0.10263286080046737,0.009889876701332416,0.10263286080046737,0.009564947137770148,0.08989331201774736,200,-0.08909460056176549,0.006111898648254339,-7.6490182082632625,0.22370017564610148,-0.02173383949492152,6.563755342103192,0.016260162601626018,0.07317073170731707,0.14051984893367914,2706.0,,,0.9962780665149448,,0.00014890663147693316,0.1736,transferred,0.9962780665149448,table,0.55,0.11553727008712489,True,-0.07567830659549467,-0.01676491957377675,0.05,-0.010141036508369783,12.915534815418667,0.00014890663147693316,0.34498792867075,0.65501207132925
none,pinned_sig&secretion|depthT3,pinned_sig&secretion,depth,depthT3,True,123,369,False,123.0,340.0,0.36176470588235293,137.0,0.0,1.3286193374470479,-0.04597209266981259,0.2734869617193494,5.026168053771637,0.009950248756218905,0.004975124378109453,5.468915258798341,-0.2368596898850356,1.7743046589906288,3.2157808523871503,0.009950248756218905,0.004975124378109453,26.62517086517904,-0.6169946778237904,1.8040598584492475,15.100477634051419,0.009950248756218905,0.004975124378109453,2.416775073007308,-0.11427776452330354,0.6781344667173349,3.732376043032811,0.049900875535211844,0.049900875535211844,0.0504582290988216,0.04803449361533323,0.047529130318872896,0.015251000077317303,0.10420580368645838,0.021843967155942588,0.013945470467441165,0.10487497306384025,0.013945470467441165,0.10487497306384025,0.01502158519357038,0.09437150072116077,200,-0.0727669259886684,0.0043085325074461375,-5.144776662685758,0.25977910730538994,-0.023646940274211933,6.789107537885566,0.016260162601626018,0.10569105691056911,0.1317929653403846,9770.0,,,0.9991569589607796,,4.257424973643309e-05,0.1857,transferred,0.9991569589607796,table,0.55,0.1254267468991772,True,-0.07496851780035561,-0.021220943212718835,0.05,0.00045822909882159424,12.100477634051419,4.257424973643309e-05,0.40229241646027736,0.5977075835397226
none,pinned_sig&secretion|miss<=5,pinned_sig&secretion,miss,miss<=5,True,373,369,False,373.0,1400.0,0.2664285714285714,137.0,0.0,3.0333120462202117,-0.07259632164589645,0.5773242259300356,5.379833771677728,0.009950248756218905,0.004975124378109453,12.819585558507343,-0.44156046646131997,3.5697217266156915,3.714896297404397,0.009950248756218905,0.004975124378109453,75.13617340472078,-2.2832302029670104,4.956947600013819,15.618362317865124,0.009950248756218905,0.004975124378109453,5.687144840741669,-0.16734437589056622,1.3981414651452382,4.187336805738806,0.04037086144753853,0.04037086144753853,0.0401179578133264,0.038570584722590194,0.03880429848964418,0.018854904690288606,0.08003782864756523,0.016927890992792426,0.018468450975300515,0.08190500614638242,0.018468450975300515,0.08190500614638242,0.018505973580389686,0.07410577972932209,200,-0.07866499366850335,0.005078862251279809,-8.526912943789952,0.21342319640873716,-0.021974169399601052,7.316469571715861,0.029490616621983913,0.10187667560321716,0.13208203104779406,2705.0,,,0.9967639345196333,,0.00013024582243244875,0.1651,transferred,0.9967639345196333,table,0.55,0.10876152832674574,True,-0.06864357051341934,-0.02872369967918051,0.05,-0.0098820421866736,12.618362317865124,0.00013024582243244875,0.3688616593617775,0.6311383406382225
none,splicing,splicing,primary,miss0,False,227,227,False,,227.0,,137.0,0.0,1.1634986423261788,0.0488190310880141,0.4892862656090953,2.2781747406102624,0.05970149253731343,0.029850746268656716,7.748394022593648,0.312229602011688,3.534995407213346,2.103585313126029,0.06965174129353234,0.03482587064676617,20.21371352340409,-1.951037004247762,2.6087535966956725,8.49629898190707,0.009950248756218905,0.004975124378109453,2.3464060167365677,0.10455277231970346,1.0775605230038916,2.080489398560463,0.05755986602753832,0.05755986602753832,0.05029064549350715,0.04788259869712231,0.05442705219492463,-0.028112057274579296,0.18718333664654865,0.05198096549528951,-0.030080083498998916,0.23433855174531573,-0.030080083498998916,0.23433855174531573,-0.0289252527210115,0.15766928717304773,200,0.0011923487735156734,0.0062449291162311234,-0.32534848994200216,0.2242665316065146,-0.020206968548066983,4.823317886700707,0.02643171806167401,0.06607929515418502,0.06322315492979189,1909.0,,,0.992902823925988,,0.00035947280775358223,0.1651,transferred,0.992902823925988,unselected,1.0,0.19774823332135585,True,-0.1474575878278487,-0.0105648966748072,0.05,0.00029064549350714397,5.496298981907071,0.00035947280775358223,0.2543165349638347,0.7456834650361652
none,splicing|depthT1,splicing,depth,depthT1,False,76,227,False,,76.0,,137.0,0.0,0.2185548184330364,-0.0016630992769600427,0.16479597118459835,1.3363064407886311,0.1691542288557214,0.0845771144278607,1.2629407169426907,-0.06812242563302999,1.3527908113183054,0.9839386337038977,0.3383084577114428,0.1691542288557214,5.101213861210137,-0.5018120317883814,0.8613781826795137,6.504722322509987,0.009950248756218905,0.004975124378109453,0.43567031860721417,-0.008525122867412407,0.36101144587135275,1.2304192749415392,0.04284368865515269,0.04284368865515269,0.03930339104539538,0.03781705263740322,0.041083519151756814,-0.08658871647289623,0.25515584295964766,0.19920132925992243,-0.10676734537487768,0.25702645780585376,-0.10676734537487768,0.25702645780585376,-0.09479786163266088,0.20324021775936363,200,-0.013156992712508007,0.0028656881411794786,-0.9181617973096022,0.2000057933203788,-0.017683527987131426,5.021122491519141,0.05263157894736842,0.05263157894736842,0.054176247192109624,764.0,,,0.9851995348361462,,0.0005904473656551664,0.1408,transferred,0.9851995348361462,unselected,1.0,0.1638733705772812,True,-0.12456997953188584,0.09128247238236645,0.1,-0.060696608954604624,3.504722322509987,0.0005904473656551664,0.23984001126565135,0.7601599887343486
none,splicing|depthT2,splicing,depth,depthT2,False,75,227,False,,75.0,,137.0,0.0,0.44441078895116104,0.02540216013131407,0.17420248051833467,2.405296569676266,0.029850746268656716,0.014925373134328358,2.939438297172526,0.19305462288661662,1.2565206148114108,2.18570522593305,0.03980099502487562,0.01990049751243781,6.794172559838982,-0.6357642829472817,0.942125338742806,7.886357087795711,0.009950248756218905,0.004975124378109453,0.9673092780082112,0.0566412215642009,0.38439063414234526,2.36912134572659,0.06541058311914487,0.06541058311914487,0.05639464206572133,0.05338406673044529,0.06139471876433388,-0.029276040995736646,0.1968664370735967,0.06013481404078913,-0.0272828577451639,0.25199134479822727,-0.0272828577451639,0.25199134479822727,-0.030158976448609695,0.16448241121528723,200,0.0016146796858353815,0.007169783359514731,-0.3346797741913652,0.22447662164433144,-0.020030771394103527,4.695307576708062,0.013333333333333334,0.08,0.06657417139672099,1909.0,,,0.9926612406810342,,0.00041692642770620354,0.1736,transferred,0.9926612406810342,unselected,1.0,0.21006776379477252,True,-0.15367312172905118,-0.013201326721175827,0.1,-0.04360535793427867,4.886357087795711,0.00041692642770620354,0.26845928688428633,0.7315407131157137
none,splicing|depthT3,splicing,depth,depthT3,False,76,227,False,,76.0,,137.0,0.0,0.5005330349419813,0.0250799702336601,0.1909544618999851,2.489876696137878,0.04975124378109453,0.024875621890547265,3.546015008478431,0.18729740475810147,1.349705218938505,2.4884823416196324,0.009950248756218905,0.004975124378109453,8.31832710235497,-0.8134606895120987,1.1224688269965672,8.135448907121406,0.009950248756218905,0.004975124378109453,0.9434264201211424,0.056436673622914914,0.4232425753462278,2.0957006647373264,0.060172319359775746,0.060172319359775746,0.05206571544859683,0.04948903351193819,0.05675711227408108,0.0013314214146995372,0.20794337454983944,0.05017175720400881,0.004629243058096478,0.25657743011199685,0.004629243058096478,0.25657743011199685,0.0013292100228749697,0.1721465320304227,200,0.015124916332908061,0.008711484982779218,0.34856052519817077,0.2483199441974364,-0.022904287879361225,4.378998438336635,0.013157894736842105,0.06578947368421052,0.0689631385224783,4930.0,,,0.9969326934505571,,0.00016019287063819256,0.1857,transferred,0.9969326934505571,unselected,1.0,0.22804863072577675,True,-0.1759829152771799,-0.02010525617593731,0.1,-0.047934284551403174,5.135448907121406,0.00016019287063819256,0.22830970430690578,0.7716902956930942
none,splicing|miss<=5,splicing,miss,miss<=5,False,228,227,False,,228.0,,137.0,0.0,1.1788422865131203,0.04659779641292458,0.4938611195848958,2.292637434288974,0.05970149253731343,0.029850746268656716,7.831790720283232,0.2996108298531033,3.560999404191856,2.11518706842904,0.06965174129353234,0.03482587064676617,20.29852088566151,-1.9562972116407653,2.615010891791461,8.510411244236236,0.009950248756218905,0.004975124378109453,2.3775935654376696,0.0998337776574828,1.086738685323281,2.0959590548693896,0.058075280122791215,0.058075280122791215,0.0508763758548737,0.04841328344971735,0.054887663679328645,-0.02747396416306599,0.18487769598770812,0.052117531103345494,-0.028006020632351865,0.24016840763549244,-0.028006020632351865,0.24016840763549244,-0.02825010688790099,0.15603009671563967,200,0.0012214968617000927,0.006197903134556964,-0.3204044268669959,0.22330896734512437,-0.02024941498288544,4.810427212139298,0.02631578947368421,0.06578947368421052,0.06355924083721937,1904.5,,,0.9928055927476129,,0.00036867778555969843,0.1651,transferred,0.9928055927476129,unselected,1.0,0.19774823332135585,True,-0.14687185746648215,-0.012870537333647736,0.05,0.0008763758548736983,5.510411244236236,0.00036867778555969843,0.2572785354405454,0.7427214645594546
none,pinned_sig&splicing,pinned_sig&splicing,primary,miss0,True,51,51,False,51.0,227.0,0.22466960352422907,137.0,0.0,0.3491928019175554,0.01355716114395025,0.14486519776031473,2.3168824946411752,0.04975124378109453,0.024875621890547265,2.2450840351945325,0.10501825041374341,1.087361380954081,1.9681274526257648,0.06965174129353234,0.03482587064676617,10.333438262418843,-0.47620928509670757,0.8277575784242936,13.05895328447808,0.009950248756218905,0.004975124378109453,0.6474944926141363,0.0290983282108162,0.31238620476994894,1.9795885828528395,0.03379250865488953,0.03379250865488953,0.031049637770173777,0.030114590639228656,0.032687902429142546,-0.007566479870166662,0.08748603728840368,0.02591976267632017,-0.006391267819475135,0.09371220263234462,-0.006391267819475135,0.09371220263234462,-0.0076244494047910194,0.08044769135347662,200,-0.02572038197624827,0.007425819616840531,-1.5683587566378834,0.22736682652627785,-0.020146462815299998,4.456024078041419,0.0196078431372549,0.0784313725490196,0.06079996361437143,2229.0,,,0.9945288086087374,,0.00017081306182336063,0.1651,transferred,0.9945288086087374,table,0.55,0.10876152832674574,True,-0.07771189055657196,-0.02127549103834206,0.1,-0.06895036222982623,10.05895328447808,0.00017081306182336063,0.2854836470934209,0.7145163529065791
none,pinned_sig&splicing|depthT1,pinned_sig&splicing,depth,depthT1,True,17,51,False,17.0,98.0,0.17346938775510204,137.0,0.0,0.08713069839171406,0.003482232239630886,0.07781397609632043,1.0749799759434042,0.30845771144278605,0.15422885572139303,0.5859725316942949,0.004590857082025557,0.5618867882491175,1.0346953990925811,0.31840796019900497,0.15920398009950248,2.8271582414442578,-0.10852199013438936,0.31562480893744915,9.301170720583132,0.009950248756218905,0.004975124378109453,0.16260777966770887,0.006147584924710632,0.1690608960526538,0.9254664940038466,0.030819179879794496,0.030819179879794496,0.028493725322087153,0.027704325870499546,0.029897755572794414,-0.06115860498127576,0.1684724123104024,0.05608501520535103,-0.06310765028418436,0.1772862762036011,-0.06310765028418436,0.1772862762036011,-0.06514285067442743,0.14418175783828593,200,-0.041855208560844036,0.004608653936159655,-1.412420374137393,0.18343884822730366,-0.017304845175558484,3.536754535789906,0.0,0.0,0.07417926590567156,1029.0,,,0.9874042114514634,,0.0003634792468522247,0.1408,transferred,0.9874042114514634,table,0.45,0.07374301675977654,False,-0.04524929143768939,0.09472939555062584,0.1,-0.07150627467791285,6.301170720583132,0.0003634792468522247,0.3863921842919394,0.6136078157080607
none,pinned_sig&splicing|depthT2,pinned_sig&splicing,depth,depthT2,True,17,51,False,17.0,66.0,0.25757575757575757,137.0,0.0,0.10259982635186013,0.00553628813340071,0.053546045267295,1.8127116154690917,0.09950248756218906,0.04975124378109453,0.5556679364296017,0.048697371390400035,0.4491616976082208,1.1287039116176025,0.23880597014925373,0.11940298507462686,3.579934739696044,-0.15868496477312222,0.3323773085860868,11.248119555372272,0.009950248756218905,0.004975124378109453,0.2038524332245225,0.011555443612805543,0.11526400041918157,1.6683178521688373,0.028659691813424346,0.028659691813424346,0.025962399465885536,0.0253054102951546,0.027861198452230757,-0.028906698667043724,0.08907625761904855,0.030204739834415604,-0.028653112235845272,0.09565742788604893,-0.028653112235845272,0.09565742788604893,-0.0297671922415907,0.08178938499287726,200,-0.037508495645117636,0.00869048486910511,-1.6928946932206899,0.23916186669054462,-0.02039731164099636,4.860154563062771,0.058823529411764705,0.11764705882352941,0.06067601011316359,2229.0,,,0.9945288086087374,,0.00014282668860340366,0.1736,transferred,0.9945288086087374,table,0.55,0.11553727008712489,False,-0.08957487062123935,-0.026461012468076334,0.1,-0.07403760053411447,8.248119555372272,0.00014282668860340366,0.22471016881658784,0.7752898311834122
none,pinned_sig&splicing|depthT3,pinned_sig&splicing,depth,depthT3,True,17,51,False,17.0,63.0,0.2698412698412698,137.0,0.0,0.1594622771739812,0.00453864077091865,0.04171784527521528,3.7136059012880813,0.009950248756218905,0.004975124378109453,1.103443567070636,0.05173002194131782,0.3629689253025993,2.8975305372285725,0.009950248756218905,0.004975124378109453,3.9263452812785413,-0.209002330189196,0.37836771809599096,10.929440894898464,0.009950248756218905,0.004975124378109453,0.28103427972190487,0.011395299673300037,0.08920476800400091,3.0226969486262356,0.04061341164627663,0.04061341164627663,0.037463268135777425,0.03611045256869223,0.039028337701342126,-0.0008870601361302623,0.10805266599361787,0.027690931006263658,0.0004489109238312558,0.11625584477664817,0.0004489109238312558,0.11625584477664817,-0.0008879330105821179,0.09751553366469591,200,0.0022025582772168687,0.00897832004525683,-0.3129879971247347,0.2594997646609851,-0.022737231629345142,4.126894946096848,0.0,0.11764705882352941,0.04754461482427913,8246.0,,,0.998120331864413,,7.055112406961772e-05,0.1857,transferred,0.998120331864413,table,0.55,0.1254267468991772,False,-0.08796347876339979,-0.017374080905559336,0.1,-0.06253673186422258,7.929440894898464,7.055112406961772e-05,0.29868643699969216,0.7013135630003078
none,pinned_sig&splicing|miss<=5,pinned_sig&splicing,miss,miss<=5,True,51,51,False,51.0,228.0,0.2236842105263158,137.0,0.0,0.3491928019175554,0.01355716114395025,0.14486519776031473,2.3168824946411752,0.04975124378109453,0.024875621890547265,2.2450840351945325,0.10501825041374341,1.087361380954081,1.9681274526257648,0.06965174129353234,0.03482587064676617,10.333438262418843,-0.47620928509670757,0.8277575784242936,13.05895328447808,0.009950248756218905,0.004975124378109453,0.6474944926141363,0.0290983282108162,0.31238620476994894,1.9795885828528395,0.03379250865488953,0.03379250865488953,0.031049637770173777,0.030114590639228656,0.032687902429142546,-0.007566479870166662,0.08748603728840368,0.02591976267632017,-0.006391267819475135,0.09371220263234462,-0.006391267819475135,0.09371220263234462,-0.0076244494047910194,0.08044769135347662,200,-0.02572038197624827,0.007425819616840531,-1.5683587566378834,0.22736682652627785,-0.020146462815299998,4.456024078041419,0.0196078431372549,0.0784313725490196,0.06079996361437143,2229.0,,,0.9945288086087374,,0.00017081306182336063,0.1651,transferred,0.9945288086087374,table,0.55,0.10876152832674574,True,-0.07771189055657196,-0.02127549103834206,0.1,-0.06895036222982623,10.05895328447808,0.00017081306182336063,0.2854836470934209,0.7145163529065791
none,translation,translation,primary,miss0,False,1144,1144,False,,1145.0,,137.0,0.0,6.374289960084113,0.008002617043142557,1.5696108977427132,4.055965304647443,0.009950248756218905,0.004975124378109453,36.41024013947269,0.11651829013259077,10.91798960507718,3.3242128965265247,0.01990049751243781,0.009950248756218905,102.1658951626728,-8.632534304857918,9.393574238964447,11.795130016425482,0.009950248756218905,0.004975124378109453,13.112654342521578,0.023715420798583492,3.6388757710181494,3.5969732811353268,0.06239156373988308,0.06239156373988308,0.05745828143625989,0.05433621585356442,0.05872746534267387,0.015772067191827582,0.12735880689452417,0.03034862054952357,0.016994232724560104,0.14282385894791666,0.016994232724560104,0.14282385894791666,0.015527077966811508,0.11297066608092357,200,-0.014977294381061252,0.006249594173356212,-2.3045652232200577,0.21619891122189094,-0.021280219935829462,6.495597496397801,0.033216783216783216,0.10839160839160839,0.10707752366330706,1890.0,,,0.9941269153818437,,0.00033945097317818326,0.1651,transferred,0.9941269153818437,unselected,1.0,0.19774823332135585,True,-0.14028995188509596,-0.07038942642683169,0.05,0.0074582814362598865,8.795130016425482,0.00033945097317818326,0.29056280539753715,0.7094371946024629
none,translation|depthT1,translation,depth,depthT1,False,381,1144,False,,382.0,,137.0,0.0,1.4096798049854882,0.0013655359086398344,0.48224294979124976,2.92034185193681,0.009950248756218905,0.004975124378109453,9.346920363965166,-0.04826631177927568,3.6340884190713116,2.5852939148204257,0.029850746268656716,0.014925373134328358,26.918172588379043,-2.8494702161133056,3.108745437228891,9.575452028978921,0.009950248756218905,0.004975124378109453,3.0307735652461893,0.005377018872995926,1.113058508520764,2.7180930051861285,0.05236907521701777,0.05236907521701777,0.04731023811076886,0.045173088535934935,0.049763031288446315,-0.01255122751177373,0.12076774234220745,0.03795406210636947,-0.01412487532973151,0.1437569445442698,-0.01412487532973151,0.1437569445442698,-0.01271190273332242,0.10775419847979427,200,-0.008796014275258269,0.00522267843234539,-1.5461047140799802,0.19388971807759503,-0.020184325499010017,6.919064048423513,0.047244094488188976,0.07349081364829396,0.09175591906418733,649.0,,,0.9837067047039622,,0.0007836072239607211,0.1408,transferred,0.9837067047039622,unselected,1.0,0.1638733705772812,True,-0.11656313246651236,-0.04310562823507376,0.05,-0.002689761889231146,6.575452028978921,0.0007836072239607211,0.28869997574412354,0.7113000242558765
none,translation|depthT2,translation,depth,depthT2,False,381,1144,False,,381.0,,137.0,0.0,2.366396146734627,0.0011600634500257855,0.6406742222852404,3.6917921792576087,0.01990049751243781,0.009950248756218905,13.008726197703574,-0.04592398126361189,4.384403582341052,2.977520188047255,0.01990049751243781,0.009950248756218905,33.936764851690356,-2.8645698342705304,3.0836601803279633,11.934302917271149,0.009950248756218905,0.004975124378109453,4.924618431673064,0.0045710155351510505,1.478279597298257,3.3282252052520525,0.06972957372560983,0.06972957372560983,0.06427038865486856,0.06038915424124494,0.06518430025521176,0.01572093843703728,0.15091127146425143,0.03635677235851028,0.01708124636154468,0.1679845003555159,0.01708124636154468,0.1679845003555159,0.015476267159589144,0.13112318074535967,200,-0.012847823170900897,0.006376321561575809,-1.6782899008036212,0.21901412703664996,-0.020829400601197846,5.834610348667615,0.026246719160104987,0.13648293963254593,0.11100239236614443,1884.0,,,0.9938209888162531,,0.0003995965619072017,0.1736,transferred,0.9938209888162531,unselected,1.0,0.21006776379477252,True,-0.14579737513990396,-0.05915649233052109,0.05,0.014270388654868557,8.934302917271149,0.0003995965619072017,0.3059507441496738,0.6940492558503262
none,translation|depthT3,translation,depth,depthT3,False,382,1144,False,,382.0,,137.0,0.0,2.598214008363997,0.005477017684476832,0.6294513224558324,4.119042884148438,0.009950248756218905,0.004975124378109453,14.054593577803953,0.21070858317547875,4.355814298580172,3.178254178361334,0.009950248756218905,0.004975124378109453,41.31095772260339,-2.918494254474083,3.9503451914391117,11.196351162659958,0.009950248756218905,0.004975124378109453,5.157262345602323,0.013767386390436821,1.4760686859219174,3.4845905263543897,0.06289406374479617,0.06289406374479617,0.058620147317747506,0.05537410889663762,0.05917246684322175,0.021036081543156674,0.1517690184841148,0.03327745654748514,0.023202145173607913,0.16331922576196065,0.023202145173607913,0.16331922576196065,0.020602521376599122,0.1317701850410522,200,-0.02326628980352731,0.007147426012134894,-2.6855456729516103,0.23564185719716207,-0.022822884718350013,6.160189442756092,0.02617801047120419,0.11518324607329843,0.1184444251724264,5944.0,,,0.9983496579754216,,9.690321605522624e-05,0.1857,transferred,0.9983496579754216,unselected,1.0,0.22804863072577675,True,-0.16942848340802924,-0.07627961224166194,0.05,0.008620147317747504,8.196351162659958,9.690321605522624e-05,0.2570510821800851,0.7429489178199149
none,translation|miss0-5,translation,miss,miss0-5,False,69,1144,False,,69.0,,132.0,0.03649635036496346,0.11739043683486976,-0.0006288740945609933,0.11373232170181857,1.037693675495799,0.31840796019900497,0.15920398009950248,0.3160855261529675,-0.042596376842145664,0.8476847017388038,0.4231312683352323,0.6865671641791045,0.34328358208955223,2.646044196132915,-0.4797455059368457,0.47783118183120615,6.541619343657539,0.009950248756218905,0.004975124378109453,0.13070416635164697,-0.0014995206091660584,0.2608220685731003,0.5068730866374539,0.044364503437407075,0.044364503437407075,0.03775663821890626,0.03638294068993641,0.042479903607779035,-0.1627513376884286,0.2874515352319421,0.2154504774478028,-0.24748317623030744,0.46486101701093074,-0.24748317623030744,0.46486101701093074,-0.19439015083267683,0.22317410401249527,200,-0.00940724452180608,0.005177048007308214,-1.1978959765518613,0.17448968236256865,-0.02557609800960659,6.543564302871267,0.043478260869565216,0.11594202898550725,0.09499264258497613,1135.5,,,0.991827667612553,,0.00031110222817258744,0.1651,transferred,0.991827667612553,unselected,1.0,0.19774823332135585,True,-0.1599915951024496,0.08970330191058626,0.1,-0.06224336178109374,3.5416193436575387,0.00031110222817258744,0.19093287249524432,0.8090671275047556
none,translation|miss5-20,translation,miss,miss5-20,False,82,1144,False,,82.0,,124.0,0.0948905109489051,0.4348598828097321,-0.00048585238999162173,0.11260712781918936,3.8660584248161287,0.009950248756218905,0.004975124378109453,2.3594382366651283,0.03614320825644539,0.8528406499695488,2.724184205445223,0.01990049751243781,0.009950248756218905,2.889498035831018,-0.5822317972105094,0.6187399565235264,5.610967574403806,0.009950248756218905,0.004975124378109453,0.9614024957847498,0.004911891131527019,0.2568997310862253,3.7232059395663133,0.15049668745826528,0.15049668745826528,0.1253973540960485,0.11142495905081566,0.13081018754669346,-0.053724484287634745,1.03838826887079,0.432933335379229,-0.1104363711614343,0.9967192263716217,-0.1104363711614343,0.9967192263716217,-0.056775316709998386,0.5094012799930983,200,0.01199023921890797,0.005119187983431106,0.6710477893864498,0.23319629465221053,-0.019377946502461888,7.930556302243678,0.012195121951219513,0.10975609756097561,0.0834770505808526,967.25,,,0.9900999631570874,,0.0012538516026160853,0.1651,transferred,0.9900999631570874,unselected,1.0,0.19774823332135585,True,-0.07235087922530736,0.8406400355494341,0.1,0.025397354096048486,2.610967574403806,0.0012538516026160853,0.6341262927606959,0.3658737072393041
none,translation|miss20+,translation,miss,miss20+,False,138,1144,False,,138.0,,74.5,0.4562043795620438,0.43562441570011035,-0.012968307957587178,0.36426506609201476,1.2315008092057373,0.23880597014925373,0.11940298507462686,2.7925564952646,-0.14020863424824376,1.5051830804936277,1.9484441245187512,0.04975124378109453,0.024875621890547265,0.5664778860440648,-1.840859154347453,1.9577594586540463,1.2296388250099706,0.19900497512437812,0.09950248756218906,0.6884372698260361,-0.019530690997370856,0.4135673668736522,1.7118564411289643,0.769005157010179,0.769005157010179,0.1863439626986093,0.15707414422603674,0.43471052300937646,-4.3246125488949625,3.045948077840084,2.401119654839703,-1.962888670970946,4.574636832456845,-1.962888670970946,4.574636832456845,-3.7763149110663035,0.7734685413851173,200,0.013140431953481189,0.0027021720279109024,0.9300972493321513,0.15218796419691824,-0.0180254334383444,6.6282982199249965,0.057971014492753624,0.07246376811594203,0.07222456226452292,706.75,,,0.988059778760731,,0.0022518760393365664,0.1651,transferred,0.988059778760731,unselected,1.0,0.19774823332135585,True,-0.011404270622746543,2.848199844518728,0.05,0.13634396269860932,-1.7703611749900294,0.0022518760393365664,0.942329342562501,0.057670657437498996
none,translation|miss<=5,translation,miss,miss<=5,False,1213,1144,False,,1214.0,,137.0,0.0,6.491680396918983,0.0073737429485815605,1.6136942713619205,4.0182993575962795,0.009950248756218905,0.004975124378109453,36.72632566562566,0.07392191329044544,11.218602754535356,3.267109510363731,0.01990049751243781,0.009950248756218905,104.81193935880572,-9.112279810794764,9.60222729038963,11.864353521773152,0.009950248756218905,0.004975124378109453,13.243358508873225,0.02221590018941736,3.7335521055785867,3.5411699729405366,0.061936459115557695,0.061936459115557695,0.056917718648719716,0.05385255412454397,0.05832407257882639,0.015246802199367025,0.12654540587003027,0.030390969019629562,0.016703885761334133,0.14063388386643969,0.016703885761334133,0.14063388386643969,0.015017828337860825,0.11233035760350801,200,-0.014660449005720274,0.006188583715435922,-2.341295168363586,0.2138263334879311,-0.021524585630050917,6.578021353566182,0.033800494641384994,0.10882110469909316,0.10639009019718601,1817.0,,,0.9940272200510324,,0.000341999697622566,0.1651,transferred,0.9940272200510324,unselected,1.0,0.19774823332135585,True,-0.14083051467263613,-0.07120282745132558,0.05,0.006917718648719713,8.864353521773152,0.000341999697622566,0.28782921441439185,0.7121707855856081
none,pinned_sig&translation,pinned_sig&translation,primary,miss0,True,248,248,False,248.0,1145.0,0.2165938864628821,137.0,0.0,2.136994608761646,-0.01625150547481825,0.428604688344275,5.023851051547243,0.009950248756218905,0.004975124378109453,11.006883912950268,-0.12310706748635174,3.053796187612195,3.6446410620282137,0.009950248756218905,0.004975124378109453,50.108904203154495,-1.7276623436199885,3.212489774077134,16.135947564740746,0.009950248756218905,0.004975124378109453,3.978980967821862,-0.028632594271317275,1.015852034987192,3.945076078076378,0.04264700341675235,0.04264700341675235,0.04153913458549561,0.03988245204250252,0.04090262886384193,0.02175887632193454,0.08307766442431755,0.015658452750786443,0.022252385595807132,0.08540721487173275,0.022252385595807132,0.08540721487173275,0.021295465308838513,0.07670516512794748,200,-0.05852533445782792,0.005843959131133949,-5.450767606724095,0.23885153242095042,-0.02176783299522179,7.130139622189984,0.016129032258064516,0.11290322580645161,0.11502096747326883,2725.5,,,0.9960429940514668,,0.0001650236020265953,0.1651,transferred,0.9960429940514668,table,0.55,0.10876152832674574,True,-0.06722239374125014,-0.02568386390242819,0.05,-0.008460865414504394,13.135947564740746,0.0001650236020265953,0.38192856632817884,0.6180714336718212
none,pinned_sig&translation|depthT1,pinned_sig&translation,depth,depthT1,True,83,248,False,83.0,462.0,0.17965367965367965,137.0,0.0,0.318542941382052,-0.0059570306440851414,0.14032697826356114,2.3124560654093442,0.03980099502487562,0.01990049751243781,2.45843425668155,-0.07820982265800237,1.086629040332089,2.3344158725633894,0.029850746268656716,0.014925373134328358,16.00287115318211,-0.6213426312512454,1.1082278937228833,15.000717703095734,0.009950248756218905,0.004975124378109453,0.6143900889056725,-0.009158442692528631,0.3215907109773594,1.9389506920244972,0.019905361877434788,0.019905361877434788,0.019519718420006948,0.01914599400809774,0.019516871487755622,-0.006100607166886322,0.05943227596493635,0.018083622124758395,-0.0065806091940979845,0.06171495036634039,-0.0065806091940979845,0.06171495036634039,-0.006138384398548898,0.05609812683312699,200,-0.05542719613365917,0.004456795849318065,-4.669806944782385,0.2016214988463169,-0.021180772387741912,7.417688368917277,0.04819277108433735,0.10843373493975904,0.0909870395949686,760.0,,,0.9876522280100669,,0.0002440383624138253,0.1408,transferred,0.9876522280100669,table,0.45,0.07374301675977654,True,-0.05422329833976959,-0.014310740794840189,0.1,-0.08048028157999305,12.000717703095734,0.0002440383624138253,0.26469921190767,0.73530078809233
none,pinned_sig&translation|depthT2,pinned_sig&translation,depth,depthT2,True,82,248,False,82.0,428.0,0.19158878504672897,137.0,0.0,0.6624888791665436,-0.007864573449172118,0.17242958525235266,3.8876939339304553,0.009950248756218905,0.004975124378109453,3.55057558965514,-0.06424687987142354,1.1732715176443913,3.0809769223616197,0.01990049751243781,0.009950248756218905,16.6665341251563,-0.6010579818244149,1.0696078656083845,16.143852959756465,0.009950248756218905,0.004975124378109453,1.1642146359958558,-0.017222260263911972,0.398925677740548,2.961546378641856,0.03974964885870239,0.03974964885870239,0.03882147831976608,0.037370692780204724,0.038230019026536076,0.010597517563996846,0.09498190431775388,0.02137383429961385,0.010514783895243478,0.09831101714013991,0.010514783895243478,0.09831101714013991,0.010486222275942326,0.08674271770150946,200,-0.05954346141608542,0.006022723347309384,-4.42691448264854,0.251965691720026,-0.02167007171125861,6.3896571242875035,0.0,0.10975609756097561,0.11041016386062734,2725.5,,,0.9958565494190924,,0.00016152414420486254,0.1736,transferred,0.9958565494190924,table,0.45,0.09453049370764764,True,-0.05570901538788156,0.0004514106101062426,0.1,-0.061178521680233924,13.143852959756465,0.00016152414420486254,0.41067677526183677,0.5893232247381632
none,pinned_sig&translation|depthT3,pinned_sig&translation,depth,depthT3,True,83,248,False,83.0,255.0,0.3254901960784314,137.0,0.0,1.1559627882130505,-0.0024299013815609867,0.20070649310970126,5.77157555616032,0.009950248756218905,0.004975124378109453,4.997874066613578,0.019349635043074187,1.3913201177209935,3.5782738768454045,0.009950248756218905,0.004975124378109453,17.439498924816082,-0.5052617305443279,1.2920534168898412,13.888559420829546,0.009950248756218905,0.004975124378109453,2.2003762429203335,-0.0022518913148766293,0.5096066495619972,4.322212310471913,0.06628417440183083,0.06628417440183083,0.06455325383504515,0.0606388206531637,0.062163704566857374,0.030332038729283004,0.11935922705067029,0.022217959406874245,0.031043480569845162,0.12331334691237283,0.031043480569845162,0.12331334691237283,0.029438134691762853,0.1066316706398968,200,-0.06061761241359767,0.00705451198251145,-4.035925817646079,0.2631254086157743,-0.022451477039870108,6.504407196647175,0.0,0.12048192771084337,0.14361014711345585,10113.0,,,0.9990005428157418,,6.458276101715698e-05,0.1857,transferred,0.9990005428157418,table,0.55,0.1254267468991772,True,-0.06087349306413206,-0.006067519848506925,0.1,-0.035446746164954857,10.888559420829546,6.458276101715698e-05,0.5146689636057891,0.48533103639421094
none,pinned_sig&translation|miss<=5,pinned_sig&translation,miss,miss<=5,True,252,248,False,252.0,1214.0,0.20757825370675453,137.0,0.0,2.1466477650093396,-0.013165271359252552,0.43219021595263374,4.997366799727135,0.009950248756218905,0.004975124378109453,11.124673647746203,-0.0866205465533482,3.0949761545799235,3.622416986221092,0.009950248756218905,0.004975124378109453,50.87684730440613,-1.7831082847669342,3.2327493770082896,16.289526173509497,0.009950248756218905,0.004975124378109453,3.993484631554492,-0.02235786052145734,1.0225688103080692,3.9272100337835423,0.04219301860757067,0.04219301860757067,0.04101433455847145,0.03939843400510617,0.0404848409596362,0.02108795501405118,0.08209578327111228,0.015503870317247653,0.021663082620604568,0.08452388449611163,0.021663082620604568,0.08452388449611163,0.020652437245977623,0.07586739039799516,200,-0.05812306423626476,0.006006478081947713,-5.458361782196955,0.237727543492745,-0.021740983274256484,7.141821152582302,0.015873015873015872,0.11507936507936507,0.11388311664703094,2713.5,,,0.9960429940514668,,0.00016293871528864624,0.1651,transferred,0.9960429940514668,table,0.55,0.10876152832674574,True,-0.06774719376827429,-0.02666574505563346,0.05,-0.008985665441528554,13.289526173509497,0.00016293871528864624,0.3771033304649282,0.6228966695350717
plex,all,all,primary,miss0,False,7041,7041,False,,7054.0,,137.0,0.0,39.85543358175892,3.4779167114174903,10.679771231576737,3.406207500286571,0.009950248756218905,0.004975124378109453,179.67091370374567,19.74908221703403,59.82053494659729,2.6733601033403716,0.009950248756218905,0.004975124378109453,589.087148542653,-36.087607890132425,52.08388736323844,12.003227640685722,0.009950248756218905,0.004975124378109453,85.3495939610658,8.758941557982668,25.55253831100688,2.997379417687492,0.06765626050467671,0.06765626050467671,0.05818775709676706,0.05498812163203474,0.06336895404209579,0.008828635662212635,0.15088815522544644,0.03701617675604166,0.01596501760342023,0.17127843976639823,0.01596501760342023,0.17127843976639823,0.00875129455284381,0.13110583712935872,200,-0.03348092002520109,0.008328264283175141,-4.657163032901444,0.20838071700397878,-0.011034383218745503,6.295696224771483,0.03209771339298395,0.08038630876295981,0.15724903534954576,1593.0,,,0.9939695300733052,,0.00035302844670499555,0.1651,transferred,0.9939695300733052,unselected,1.0,0.19774823332135585,True,-0.13956047622458878,-0.04686007809590942,0.05,0.008187757096767057,9.003227640685722,0.00035302844670499555,0.29425171653598314,0.7057482834640169
plex,all|depthT1,all,depth,depthT1,False,2345,7041,False,,2358.0,,137.0,0.0,10.42441035862408,0.6376083075052104,2.978194038560933,3.2861532608022626,0.009950248756218905,0.004975124378109453,53.27287175839865,3.4280856767853214,17.715245277455512,2.813666155954724,0.009950248756218905,0.004975124378109453,175.57495263145677,-13.123841111625298,16.617885142311035,11.355162954077313,0.009950248756218905,0.004975124378109453,21.288038165120355,1.7022805352721784,7.116991472925243,2.7519714902507806,0.05937299257318095,0.05937299257318095,0.051864677335689995,0.04930736667292613,0.05604540892529832,0.0029760530380781064,0.12675200203015205,0.03148652907328815,0.007376009978795216,0.13799241787559796,0.007376009978795216,0.13799241787559796,0.0029668215705500197,0.11249325652671466,200,-0.0253870270023236,0.006829024629378952,-4.144173913008361,0.18828302797300117,-0.013524291190123766,7.717341877917082,0.03283582089552239,0.0673773987206823,0.14604529340995684,497.0,,,0.982436317827783,,0.0009272201079686986,0.1408,transferred,0.982436317827783,unselected,1.0,0.1638733705772812,True,-0.11200869324159121,-0.03712136854712916,0.05,0.0018646773356899918,8.355162954077313,0.0009272201079686986,0.31649240601438094,0.683507593985619
plex,all|depthT2,all,depth,depthT2,False,2349,7041,False,,2349.0,,137.0,0.0,13.861234546617055,1.1602261425677771,3.9059234195770935,3.2517300109853293,0.009950248756218905,0.004975124378109453,60.56073527826814,6.867939891133859,22.450031851866466,2.391657871196754,0.009950248756218905,0.004975124378109453,185.24617758968523,-11.581506229770145,17.06811214039197,11.531895396542387,0.009950248756218905,0.004975124378109453,30.522560345343216,2.9193656837134534,9.261766339255555,2.9803380532971273,0.07482602192915029,0.07482602192915029,0.06452856710796619,0.06061703659421062,0.06961686859315974,0.005202749783868363,0.17403277923233176,0.042912656307872964,0.012725804981362034,0.19230058762756777,0.012725804981362034,0.19230058762756777,0.005175806974403813,0.14823480146132403,200,-0.031793202202632695,0.008292238863895742,-3.951774371639624,0.20297284087207276,-0.011684625928756213,5.677782817502268,0.033631332481907195,0.08088548318433376,0.15528050753403239,1592.0,,,0.9934997180131567,,0.0004221982903503602,0.1736,transferred,0.9934997180131567,unselected,1.0,0.21006776379477252,True,-0.14553919668680632,-0.03603498456244075,0.05,0.014528567107966184,8.531895396542387,0.0004221982903503602,0.30717976876741504,0.692820231232585
plex,all|depthT3,all,depth,depthT3,False,2347,7041,False,,2347.0,,137.0,0.0,15.569788676517788,1.6800822613445023,4.47898527438115,3.1010832954998704,0.009950248756218905,0.004975124378109453,65.83730666707885,9.453056649114849,24.0942599544661,2.340152805046525,0.009950248756218905,0.004975124378109453,228.266018321511,-11.382260548736967,19.545908485705876,12.260789977887455,0.009950248756218905,0.004975124378109453,33.53899545060224,4.137295338997035,10.853515365414449,2.7089564184242056,0.06820896422080598,0.06820896422080598,0.05795871550028342,0.05478353233554688,0.06385357781617225,0.004197436900152862,0.1801497660660796,0.04428753011259429,0.01255225863891082,0.20173945714751848,0.01255225863891082,0.20173945714751848,0.004179892019053042,0.15264913795528376,200,-0.04325707183766842,0.009862282475778196,-4.782536388615223,0.23387376421807762,-0.007895800211205147,5.543191970714414,0.02982530890498509,0.09288453344695356,0.17041343530138933,4672.0,,,0.9978608364573772,,0.00012424896002093767,0.1857,transferred,0.9978608364573772,unselected,1.0,0.22804863072577675,True,-0.17008991522549333,-0.04789886465969714,0.05,0.007958715500283417,9.260789977887455,0.00012424896002093767,0.25415068407044045,0.7458493159295596
plex,all|miss0-5,all,miss,miss0-5,False,500,7041,False,,501.0,,132.0,0.03649635036496346,1.0922286475109009,0.0959625283637989,0.4707319652482461,2.116419093446754,0.05970149253731343,0.029850746268656716,6.278390578408883,0.30886665702355987,2.9873053622311887,1.998297193470287,0.07960199004975124,0.03980099502487562,22.027934892638505,-3.3657423838623095,2.7107579363877234,9.367740636531966,0.009950248756218905,0.004975124378109453,2.310073693305916,0.22612066068667047,1.1112375333779076,1.8753443526016487,0.04958379679412943,0.04958379679412943,0.03923284163609663,0.037751733840831234,0.04724138934459469,-0.04146094517790307,0.13459432139488148,0.048434828134998706,-0.04371462418794456,0.1913624461715807,-0.04371462418794456,0.1913624461715807,-0.04325432859035003,0.1186273222331593,200,-0.01369727584730663,0.006705501046094255,-3.335369057657856,0.19254025462788513,-0.017315590484045965,8.14999929847308,0.036,0.076,0.1265918839215927,901.0,,,0.9914116356186765,,0.00033986482262263445,0.1651,transferred,0.9914116356186765,unselected,1.0,0.19774823332135585,True,-0.15851539168525922,-0.06315391192647438,0.05,-0.010767158363903372,6.367740636531966,0.00033986482262263445,0.19839793750440385,0.8016020624955962
plex,all|miss5-20,all,miss,miss5-20,False,847,7041,False,,850.0,,122.0,0.10948905109489049,3.3743407569013453,0.31440533165822787,0.6955209787811423,4.3994868862265895,0.009950248756218905,0.004975124378109453,16.817960551060313,1.4425213133812447,4.442437365234043,3.4610368078580747,0.01990049751243781,0.009950248756218905,36.64551528001389,-5.377276495953567,4.360790880037687,9.636506985082551,0.009950248756218905,0.004975124378109453,6.828402133679184,0.7175783882891021,1.5359898044822609,3.978427283539079,0.09208059243041067,0.09208059243041067,0.07281609088601947,0.06787378704012724,0.08431666405268365,0.004906416675176484,0.17100868414544515,0.039243003246910754,0.014697742197949417,0.23238504648031508,0.014697742197949417,0.23238504648031508,0.0048796099200726795,0.14603470059846713,200,-0.004664774230094629,0.006227965626691212,-1.9711470926704808,0.20614383002475326,-0.014417289415147807,8.768870993387958,0.03541912632821724,0.06847697756788666,0.10588431129479078,982.0,,,0.9912688942188962,,0.0006413648161463569,0.1651,transferred,0.9912688942188962,unselected,1.0,0.19774823332135585,True,-0.12493214243533639,-0.026739549175910704,0.05,0.022816090886019463,6.636506985082551,0.0006413648161463569,0.36822625245752666,0.6317737475424734
plex,all|miss20+,all,miss,miss20+,False,1488,7041,False,,1492.0,,79.0,0.4233576642335767,5.5391226646999785,0.13003600364443907,1.4173139657725342,3.8164350254653794,0.009950248756218905,0.004975124378109453,17.049282222216043,1.3260810313709757,5.885006305515537,2.6717390559308307,0.01990049751243781,0.009950248756218905,27.1971921205253,-20.43971405470705,9.018531434884817,5.282113448201422,0.009950248756218905,0.004975124378109453,7.678538176324216,0.45480766564673003,1.9344972303131653,3.734164307647044,0.20366524015248208,0.20366524015248208,0.11354823592359703,0.10196975062280805,0.16920422170426844,-0.11242183086652674,0.7981114578353465,0.35373847259743757,-1.7048497494036838,5.11112105327547,-1.7048497494036838,5.11112105327547,-0.06317285849006762,0.44391355083917117,200,0.0019091116841692694,0.005725034735362049,-0.9246876814201275,0.1488566285480809,-0.013588050404571122,9.223164066196754,0.043010752688172046,0.04502688172043011,0.10304884438746513,659.5,,,0.9886184595750863,,0.0013072321529354373,0.1651,transferred,0.9886184595750863,unselected,1.0,0.19774823332135585,True,-0.08419999739775882,0.6003632245139907,0.05,0.06354823592359703,2.2821134482014216,0.0013072321529354373,0.5742060700945558,0.4257939299054442
plex,all|miss<=5,all,miss,miss<=5,False,7541,7041,False,,7555.0,,137.0,0.0,40.947662229269824,3.573879239781288,10.961629401897216,3.409509810924638,0.009950248756218905,0.004975124378109453,185.94930428215457,20.057948874057594,61.606269082824085,2.6927674387337266,0.009950248756218905,0.004975124378109453,611.1150834352916,-39.45335027399472,54.146228728005845,12.015027620433246,0.009950248756218905,0.004975124378109453,87.65966765437173,8.985062218669336,26.218576066029996,3.00071999476878,0.06700482992350425,0.06700482992350425,0.0574478887277052,0.05432692177089223,0.06279711960470503,0.007017544658558466,0.14827599569872776,0.03660814729258635,0.014450496456443095,0.16869226676033391,0.014450496456443095,0.16869226676033391,0.006968596532039469,0.12912889064381614,200,-0.03216918125196846,0.008220668258968744,-4.689051880107638,0.2073304277601057,-0.011450853664661196,6.446947554927825,0.032356451399018694,0.08009547805330858,0.15521633733681847,1540.0,,,0.9938078572372775,,0.0003579419561119611,0.1651,transferred,0.9938078572372775,unselected,1.0,0.19774823332135585,True,-0.14030034459365065,-0.04947223762262809,0.05,0.0074478887277051944,9.015027620433246,0.0003579419561119611,0.29051025014391924,0.7094897498560808
plex,pinned_sig,pinned_sig,primary,miss0,True,1454,1454,False,1454.0,7054.0,0.20612418485965409,137.0,0.0,16.761251492509246,1.0293832864159285,2.8167381099985067,5.585136988863213,0.009950248756218905,0.004975124378109453,65.16214539058078,5.240194282584755,14.773688415259635,4.055991261200763,0.009950248756218905,0.004975124378109453,285.2360333829346,-2.5525387522102334,16.81896444861299,17.110956683119564,0.009950248756218905,0.004975124378109453,32.300890404230515,2.4928472785575964,6.815360691987635,4.373655991636106,0.05876274218835093,0.05876274218835093,0.05466467305972688,0.05183133033283192,0.055501331740191895,0.028077158475101095,0.1058998676534615,0.01942349406201957,0.031767785214284375,0.11055489445253693,0.031767785214284375,0.11055489445253693,0.027310355495809777,0.09575900181859068,200,-0.08799119863637027,0.006542771152488933,-8.97015924270677,0.22698629569699508,-0.011609724618706447,6.899556920148406,0.02063273727647868,0.1155433287482806,0.1649284591387765,1915.5,,,0.9954628093623281,,0.0002491545043022412,0.1651,transferred,0.9954628093623281,table,0.55,0.10876152832674574,True,-0.05409685526701886,-0.002861660673284236,0.05,0.004664673059726877,14.110956683119564,0.0002491545043022412,0.5026103797980944,0.4973896202019056
plex,pinned_sig|depthT1,pinned_sig,depth,depthT1,True,485,1454,False,485.0,2796.0,0.1734620886981402,137.0,0.0,4.4438223316865155,0.15921258328760074,0.8696182252846261,4.927000865232053,0.009950248756218905,0.004975124378109453,18.747802046648246,0.6456382705938865,4.974083978935417,3.6392959694115765,0.009950248756218905,0.004975124378109453,93.73217970109374,-0.7978332405912419,5.570969641647348,16.968323114705083,0.009950248756218905,0.004975124378109453,8.20641259236006,0.38244356355844855,2.0507316649687755,3.81520857284892,0.04740978334076511,0.04740978334076511,0.04532539047722405,0.04336007801028499,0.0452638347424532,0.020471926892199732,0.09475634660272235,0.01871064104521748,0.022492543564315255,0.09708639016471914,0.022492543564315255,0.09708639016471914,0.02006119975058683,0.08655470560283077,200,-0.08224824721070673,0.0036938546296156572,-8.397557739684185,0.19140259304579005,-0.015046311935636596,7.967564879819735,0.041237113402061855,0.1154639175257732,0.1473284506732615,562.0,,,0.985688303795522,,0.0006581017714844869,0.1408,transferred,0.985688303795522,table,0.45,0.07374301675977654,True,-0.02841762628255249,0.021013329842945808,0.05,-0.004674609522775951,13.968323114705083,0.0006581017714844869,0.6146397648047807,0.38536023519521934
plex,pinned_sig|depthT2,pinned_sig,depth,depthT2,True,484,1454,False,484.0,2395.0,0.20208768267223381,137.0,0.0,7.071802740836854,0.48378625996048663,1.0708580555717624,6.152091256724808,0.009950248756218905,0.004975124378109453,26.655682393623575,2.632957904005282,5.5494245605832155,4.328867655981548,0.009950248756218905,0.004975124378109453,91.51838571539074,-0.7750478053976068,5.3635450989158695,17.20754311163405,0.009950248756218905,0.004975124378109453,14.191032657307169,1.195824813079675,2.6124208902818222,4.974392867768562,0.07727193487469461,0.07727193487469461,0.07138120481120112,0.066625403255772,0.07172927500769123,0.04275878571715618,0.12899654438966124,0.021644807054017362,0.049122394427626885,0.13587368013189183,0.049122394427626885,0.13587368013189183,0.04100526488814661,0.11425769028380975,200,-0.08590736345687748,0.008441453308275879,-8.122958996059637,0.23057428888146383,-0.011549871809506604,6.574603019022033,0.008264462809917356,0.1384297520661157,0.18011639819837216,1915.5,,,0.9951831834418773,,0.00034549435218970775,0.1736,transferred,0.9951831834418773,table,0.55,0.11553727008712489,True,-0.044156065275923764,0.01345927430253635,0.05,0.02138120481120112,14.207543111634049,0.00034549435218970775,0.6178197282779284,0.3821802717220716
plex,pinned_sig|depthT3,pinned_sig,depth,depthT3,True,485,1454,False,485.0,1863.0,0.2603327965646806,137.0,0.0,5.245626419985873,0.38638444316784176,1.1117865654684758,4.370660815433116,0.009950248756218905,0.004975124378109453,19.75866095030894,1.9615981079855869,5.714813839322404,3.114198177351919,0.009950248756218905,0.004975124378109453,99.98546796645007,-0.9796577062213825,6.366090621443247,15.85983167323839,0.009950248756218905,0.004975124378109453,9.903445154563284,0.9145789019194726,2.7282436744488217,3.2947446508640046,0.05246388826970368,0.05246388826970368,0.04812792481011389,0.0459179873666977,0.04984863505004109,0.01581539053104649,0.10707551451865031,0.02403250542048554,0.020059354368907528,0.11533212971386421,0.020059354368907528,0.11533212971386421,0.015569067233608784,0.09671916088033178,200,-0.09581368867414618,0.007496920328143895,-7.983792772582529,0.258989403087823,-0.008232866703122111,6.00827254120421,0.012371134020618556,0.09278350515463918,0.16737184388296295,6464.0,,,0.9985167385142141,,7.14923390947508e-05,0.1857,transferred,0.9985167385142141,table,0.55,0.1254267468991772,True,-0.07729882208906333,-0.018351232380526897,0.05,-0.0018720751898861146,12.85983167323839,7.14923390947508e-05,0.383713410416368,0.616286589583632
plex,pinned_sig|miss0-5,pinned_sig,miss,miss0-5,True,33,1454,False,33.0,501.0,0.0658682634730539,132.0,0.03649635036496346,-0.04791774092048119,0.011688224869088236,0.08436434154973103,-0.706530326612375,0.527363184079602,0.7412935323383084,0.031449629222260383,0.12948982031322895,0.5935333919790875,-0.16518058194512317,0.9751243781094527,0.5174129353233831,6.06342687591545,-0.0954890298288659,0.47681280404118404,12.91684252927979,0.009950248756218905,0.004975124378109453,-0.11823871232732125,0.015513694823152369,0.19698642361852142,-0.6789930224302915,-0.007902749039625652,-0.007902749039625652,-0.009677996371727686,-0.009772575320219204,-0.007965699967392912,-0.07521465914310611,0.05739017349794862,0.03373688883692926,-0.07438768782553166,0.06074966549751932,-0.07438768782553166,0.06074966549751932,-0.08133516996106112,0.054274869576276454,200,-0.10201787916872915,0.009399258084502038,-5.758845498243746,0.1904872071501728,-0.022706219803281434,7.151929579697505,0.030303030303030304,0.0,0.13404081812267285,792.0,,,0.990063640946645,,-9.712915704550704e-05,0.1651,transferred,0.990063640946645,table,0.4,0.07909929332854235,True,-0.08877728970027003,-0.021709119830593725,0.1,-0.09032200362827232,9.91684252927979,0.0,0.0,1.0
plex,pinned_sig|miss5-20,pinned_sig,miss,miss5-20,True,54,1454,False,54.0,850.0,0.06352941176470588,125.5,0.08394160583941607,0.37922602729040383,0.023353564567063136,0.11088461938160268,3.209394275851976,0.009950248756218905,0.004975124378109453,2.0789002737506217,0.22643796158973595,0.7734747848492521,2.394987333067263,0.009950248756218905,0.004975124378109453,10.95640049256932,-0.12006143568327068,0.7430653343287051,14.906444179984806,0.009950248756218905,0.004975124378109453,0.6968206041370676,0.04449380258014501,0.2409859922412133,2.7069075488171133,0.03461228234104774,0.03461228234104774,0.03212871267273725,0.031128591112961783,0.033454350902088176,2.5207308894749458e-05,0.07804300682856878,0.020730409833671973,0.002306483075882416,0.08199091363113867,0.002306483075882416,0.08199091363113867,2.5081703448736008e-05,0.07239319717039959,200,-0.05703788904227714,0.006079273663276863,-4.274511569123742,0.18217250753744257,-0.02137886293253244,7.5161831936981915,0.037037037037037035,0.14814814814814814,0.10895556072135815,963.25,,,0.99161563444978,,0.0002716565394369636,0.1651,transferred,0.99161563444978,table,0.4,0.07909929332854235,True,-0.046970580655805096,-0.001056286499973566,0.1,-0.06787128732726275,11.906444179984806,0.0002716565394369636,0.4061820443741419,0.593817955625858
plex,pinned_sig|miss20+,pinned_sig,miss,miss20+,True,24,1454,False,24.0,1492.0,0.0160857908847185,95.0,0.30656934306569344,-0.13917584034621913,0.03124498150144401,0.08191131089074749,-2.0805529785131722,0.03980099502487562,0.9850746268656716,-0.5302576576086597,0.11992784098066622,0.49931714778938113,-1.302149348300738,0.19900497512437812,0.9054726368159204,6.177386811468773,0.0862599499550101,0.5392271123471658,11.29603226922345,0.009950248756218905,0.004975124378109453,-0.2798006138756312,0.07086775631639702,0.15770335951297385,-2.2235948002311243,-0.022529889190009752,-0.022529889190009752,-0.027978537587921827,-0.028783868124159406,-0.023049184768770204,-0.09577077780639096,0.06620714450608829,0.04036654201335876,-0.08809172352927191,0.07020846008148308,-0.08809172352927191,0.07020846008148308,-0.10591453512815024,0.062095680316654196,200,-0.1100495252646963,0.00398945580655326,-5.33771367461162,0.19044012544602906,-0.0160778137451162,5.468826966393692,0.16666666666666666,0.041666666666666664,0.1073168283078041,733.5,,,0.9901911767448217,,-0.0002771550954841637,0.1651,transferred,0.9901911767448217,table,0.3,0.05932446999640675,True,-0.08730300758432857,0.006882674509681538,0.1,-0.07202146241207819,8.29603226922345,0.0,0.0,1.0
plex,pinned_sig|miss<=5,pinned_sig,miss,miss<=5,True,1487,1454,False,1487.0,7555.0,0.19682329583057578,137.0,0.0,16.713333751588763,1.0410715112850168,2.83957564211064,5.5192268900625745,0.009950248756218905,0.004975124378109453,65.19359501980303,5.3696841028979865,14.927773378837959,4.007557550526132,0.009950248756218905,0.004975124378109453,291.29946025885,-2.6480277820390996,17.11210966711872,17.177746856409843,0.009950248756218905,0.004975124378109453,32.18265169190319,2.508360973380748,6.861875040899597,4.324516337247687,0.057375093440740405,0.057375093440740405,0.0533165374018222,0.05061777301373827,0.054261816640715055,0.02706183167828922,0.10361067414568435,0.019171243923097523,0.03117306151104598,0.10880991953169532,0.03117306151104598,0.10880991953169532,0.0263487852761993,0.09388333197778136,200,-0.08830248340944884,0.006606163263286802,-9.121352941621316,0.2261762957494193,-0.01185598174116171,6.961132428409153,0.020847343644922665,0.11297915265635508,0.16424299030654282,1871.0,,,0.9954097686227003,,0.0002458638147076334,0.1651,transferred,0.9954097686227003,table,0.45,0.08898670499461013,True,-0.03567016759278793,0.014623969151074223,0.05,0.003316537401822195,14.177746856409843,0.0002458638147076334,0.5991517205300673,0.40084827946993273
plex,ecm,ecm,primary,miss0,False,202,202,False,,202.0,,137.0,0.0,2.85161355003019,0.22770722831011078,0.7394851711111403,3.548287949814373,0.009950248756218905,0.004975124378109453,10.432068956595984,1.0057117576583956,3.577119383131119,2.6351810463442016,0.009950248756218905,0.004975124378109453,24.625505539314666,-0.4072878948632939,1.8938574395287078,13.217886896707203,0.009950248756218905,0.004975124378109453,6.253064404724478,0.6259199708149417,1.940916815631644,2.8992197855106228,0.11579918818225207,0.11579918818225207,0.10481875818691443,0.09487416593010188,0.10378138773420376,0.0032793022794905704,0.24176913134123693,0.06100845525903434,0.01240600151402384,0.2569971983227871,0.01240600151402384,0.2569971983227871,0.0032681884989479103,0.19469731075762747,200,-0.07886670103512891,0.008290564595314546,-4.747923782541426,0.2871358675398426,-0.015525621602425195,7.545021156533873,0.01485148514851485,0.13861386138613863,0.27540200960320327,3743.5,,,0.9983449996542173,,0.00017376265830343267,0.1651,transferred,0.9983449996542173,unselected,1.0,0.19774823332135585,True,-0.09292947513444143,0.04402089801988107,0.05,0.054818758186914424,10.217886896707203,0.00017376265830343267,0.5300616669306775,0.46993833306932253
plex,ecm|depthT1,ecm,depth,depthT1,False,67,202,False,,67.0,,137.0,0.0,1.0201493261396921,0.05562853587102619,0.19309808014011723,4.994978663530903,0.009950248756218905,0.004975124378109453,3.9561376426017363,0.287006550058561,1.0200848638322553,3.596888085133409,0.009950248756218905,0.004975124378109453,6.673661443499875,-0.28808704759998816,0.7044577341406261,9.88242183130058,0.009950248756218905,0.004975124378109453,2.160384469507001,0.17604810702408255,0.5087896978521003,3.9001111281536676,0.15286201357027399,0.15286201357027399,0.13854576784865788,0.12168660387754758,0.132593503620506,0.030399404621476875,0.29399401236748046,0.06606738480731493,0.04331752469462942,0.3192113039298144,0.04331752469462942,0.3192113039298144,0.02950254451450357,0.22719725370613442,200,-0.04153220454009349,0.007272810304439761,-2.8357421410515258,0.2784075701151354,-0.01520455206944862,8.691203367001371,0.029850746268656716,0.16417910447761194,0.22933050671470248,614.0,,,0.9921405467765122,,0.0010975198879398373,0.1408,transferred,0.9921405467765122,unselected,1.0,0.1638733705772812,True,-0.025327602728623333,0.13012064179019925,0.1,0.038545767848657875,6.882421831300579,0.0010975198879398373,0.8454440606219236,0.15455593937807643
plex,ecm|depthT2,ecm,depth,depthT2,False,67,202,False,,67.0,,137.0,0.0,1.012900171123186,0.08019342850593983,0.26183374114756425,3.5622098913966607,0.009950248756218905,0.004975124378109453,3.6131756408062947,0.34991552491706984,1.2981630842783454,2.5137520511941576,0.009950248756218905,0.004975124378109453,9.875565315621115,-0.031046734664370725,0.7240725168338978,13.681795427899193,0.009950248756218905,0.004975124378109453,2.2168267836384206,0.22076789943872172,0.6777936588608271,2.9449359080084787,0.1025662975992864,0.1025662975992864,0.09414992107118678,0.08604846489319563,0.093025061461259,0.01711344581012931,0.20399398016360465,0.04938609218079353,0.025877321346773542,0.21395177479955776,0.025877321346773542,0.21395177479955776,0.016824335608965048,0.16942618057353648,200,-0.08513818737826624,0.007763214915101213,-4.986627517652989,0.28440065470427117,-0.012729195566732725,7.041741315341047,0.014925373134328358,0.1044776119402985,0.2558963396930784,3682.0,,,0.9982865036194538,,0.00016160245420455458,0.1736,transferred,0.9982865036194538,unselected,1.0,0.21006776379477252,True,-0.11591784272358574,-0.006073783631167867,0.1,-0.005850078928813229,10.681795427899193,0.00016160245420455458,0.44818833394717017,0.5518116660528298
plex,ecm|depthT3,ecm,depth,depthT3,False,68,202,False,,68.0,,137.0,0.0,0.8185640527673123,0.09188526393314474,0.40304839003859244,1.8029566840958897,0.08955223880597014,0.04477611940298507,2.862755673187952,0.3687896826827647,1.8977982098990904,1.3141365491317416,0.21890547263681592,0.10945273631840796,8.076278780193679,-0.08815411259893507,0.7936458416604923,10.287249632292806,0.009950248756218905,0.004975124378109453,1.8758531515790575,0.22910396435213748,1.0708331284385089,1.5378205469121162,0.1013541106053402,0.1013541106053402,0.08900542124311707,0.08173092576666512,0.09202681465421932,-0.07827737467232247,0.3246752070667517,0.10371239273604786,-0.06792332483751401,0.3568709780936325,-0.06792332483751401,0.3568709780936325,-0.08494178773687894,0.24509657627238562,200,-0.10947290221420496,0.009812946449180779,-4.104847266731799,0.298430796766882,-0.018597271648025573,5.94899215927823,0.0,0.14705882352941177,0.34001481221361385,14161.5,,,0.9996956010080007,,2.7101410150809546e-05,0.1857,transferred,0.9996956010080007,unselected,1.0,0.22804863072577675,True,-0.1390432094826597,0.09662657634097493,0.1,-0.010994578756882936,7.287249632292806,2.7101410150809546e-05,0.39029140828363074,0.6097085917163693
plex,ecm|miss20+,ecm,miss,miss20+,False,18,202,False,,18.0,,80.0,0.41605839416058393,0.06083981235417142,-0.001624648143694826,0.14308752635713756,0.4365472105650834,0.746268656716418,0.373134328358209,0.32214479263719203,-0.029897434719599204,0.49489554612465037,0.7113465257739896,0.43781094527363185,0.21890547263681592,1.1891681190890613,-0.24733097102425325,0.5637610722748148,2.548063640359101,0.029850746268656716,0.014925373134328358,0.08227194819868426,0.006604313308535885,0.16378708552266133,0.461987797442547,0.051161657782060756,0.051161657782060756,0.04348381487170932,0.041671767450514235,0.04867154105488519,-1.9222036091053396,2.253998604105988,33.03964556269004,-2.7418135722037156,3.2879611729525497,-2.7418135722037156,3.2879611729525497,-1.1454483324352682,0.6976145810650054,200,0.0017235437001494327,0.004034298287114101,-0.08135133638035348,0.1262472605198244,-0.014227325198227064,3.66703018986731,0.0,0.0,0.1031120712208319,444.75,,,0.9920363881425297,,0.00034906806631233677,0.1651,transferred,0.9920363881425297,unselected,1.0,0.19774823332135585,False,-0.15426441844964653,2.0562503707846322,0.1,-0.05651618512829069,-0.4519363596408992,0.00034906806631233677,0.21989483365469478,0.7801051663453052
plex,ecm|miss<=5,ecm,miss,miss<=5,False,209,202,False,,209.0,,137.0,0.0,2.7868426976913145,0.2293854655702305,0.7393719588162857,3.458958919967026,0.009950248756218905,0.004975124378109453,10.044611614236759,1.016539626187145,3.579133773112476,2.5224181492938857,0.009950248756218905,0.004975124378109453,24.82510022026796,-0.4643474398925784,1.9252820763119252,13.135450628930728,0.009950248756218905,0.004975124378109453,6.091104954234369,0.6299367995470058,1.9400063443111308,2.815025925405697,0.11225907138195769,0.11225907138195769,0.10112744518932089,0.09183990974989609,0.10092888812538811,-0.0012237605231413852,0.23796764050939573,0.06112653562389545,0.008191950860659597,0.25244383606097776,0.008191950860659597,0.25244383606097776,-0.0012255900243498454,0.19222442972545445,200,-0.07974805608987885,0.008065327614286417,-4.913663434956027,0.28363372997112946,-0.0156476604036407,7.645650081141054,0.019138755980861243,0.1339712918660287,0.2771000219098111,3314.0,,,0.9982826922042608,,0.00017396570264415127,0.1651,transferred,0.9982826922042608,unselected,1.0,0.19774823332135585,True,-0.09662078813203497,0.040219407188039874,0.05,0.051127445189320886,10.135450628930728,0.00017396570264415127,0.5113949363329134,0.48860506366708656
plex,pinned_sig&ecm,pinned_sig&ecm,primary,miss0,True,84,84,False,84.0,202.0,0.4158415841584158,137.0,0.0,1.4330315310670032,0.10629696928379126,0.36779866758173874,3.6072304734175296,0.009950248756218905,0.004975124378109453,5.189130371316774,0.41759890809801375,1.9019179570589728,2.508799838346975,0.009950248756218905,0.004975124378109453,17.257459367056196,-0.014739921388779997,1.0855914774280755,15.910404279670043,0.009950248756218905,0.004975124378109453,2.697336488802616,0.27707129663076,0.9360973968525093,2.5854843740722324,0.08303838361066075,0.08303838361066075,0.07681329630505082,0.07133390400046691,0.07667169037335989,0.005006478996488025,0.16700384011679809,0.04017502885422512,0.012638972478086746,0.1730876789556696,0.012638972478086746,0.1730876789556696,0.004981530976001256,0.1431046927521179,200,-0.11648408029214508,0.006945788010716983,-5.590421761349636,0.2966722204793362,-0.01739210893464145,6.61626222875946,0.023809523809523808,0.16666666666666666,0.24029525749212727,3936.0,,,0.9984616073125894,,0.00011835108377342013,0.1651,transferred,0.9984616073125894,table,0.55,0.10876152832674574,True,-0.03194823202169492,0.05824231179005235,0.1,-0.023186703694949184,12.910404279670043,0.00011835108377342013,0.7062542931015574,0.2937457068984426
plex,pinned_sig&ecm|depthT1,pinned_sig&ecm,depth,depthT1,True,28,84,False,28.0,79.0,0.35443037974683544,137.0,0.0,0.7202227843254556,0.05769147608027733,0.12039833873921586,5.502827656785435,0.009950248756218905,0.004975124378109453,2.6331366627196546,0.23189170440568488,0.6333242217896871,3.791493954752563,0.009950248756218905,0.004975124378109453,5.573556842772166,-0.00454140161155149,0.40840473194303567,13.65826056384124,0.009950248756218905,0.004975124378109453,1.3927492069052825,0.15606702589619345,0.311168329106039,3.974318930727865,0.12922139392180892,0.12922139392180892,0.11877368938638627,0.10616417825443328,0.11443406458411169,0.044468575450695325,0.20755337273340438,0.04182807672472185,0.05602442096922049,0.21726785438192367,0.05602442096922049,0.21726785438192367,0.042575281701202304,0.17187878550892238,200,-0.07726184475089763,0.009275698145249388,-3.5264939866579574,0.2825615523898256,-0.01065260139296567,6.672292427782014,0.03571428571428571,0.2857142857142857,0.223928941112099,1058.0,,,0.995905706252115,,0.0004882935912657617,0.1408,transferred,0.995905706252115,table,0.55,0.09013035381750467,True,0.0286433355688816,0.11742301891589971,0.1,0.018773689386386266,10.65826056384124,0.0004882935912657617,1.0,-0.3177989917456492
plex,pinned_sig&ecm|depthT2,pinned_sig&ecm,depth,depthT2,True,28,84,False,28.0,53.0,0.5283018867924528,137.0,0.0,0.26061372143965433,0.030989849946594834,0.1227609721977816,1.8704957070811548,0.03980099502487562,0.01990049751243781,0.9413612828579832,0.13855544290014513,0.6397478816409469,1.2548784654021037,0.21890547263681592,0.10945273631840796,5.992117236212566,0.053837362149312395,0.4375264057397259,13.572391965745254,0.009950248756218905,0.004975124378109453,0.5210457843754619,0.08171199104807478,0.3039668923155448,1.4453343585567844,0.04349276076654005,0.04349276076654005,0.03866841515772814,0.03722883510601033,0.041679983227282454,-0.023802778480263756,0.11459414205315432,0.03849233851559307,-0.018626846563502407,0.11895610470894373,-0.018626846563502407,0.11895610470894373,-0.02438481510973261,0.10281178159172728,200,-0.12054361289975232,0.0049615623794079244,-5.592862728417098,0.2911414091098527,-0.017022189769754326,6.451840972081913,0.03571428571428571,0.10714285714285714,0.20570086353895656,3936.0,,,0.998365042391636,,6.332475285197712e-05,0.1736,transferred,0.998365042391636,table,0.65,0.13654404646660215,True,-0.097875631308874,-0.021949904413447824,0.1,-0.061331584842271865,10.572391965745254,6.332475285197712e-05,0.2831937104426314,0.7168062895573686
plex,pinned_sig&ecm|depthT3,pinned_sig&ecm,depth,depthT3,True,28,84,False,28.0,70.0,0.4,137.0,0.0,0.452195025301893,0.01761564325691909,0.19705134533875207,2.2054119006286714,0.04975124378109453,0.024875621890547265,1.614632425739136,0.04715176079218372,0.9626683585355343,1.6282665271469947,0.11940298507462686,0.05970149253731343,5.691785288071468,-0.06403588192654086,0.43858013558211456,13.123761664122057,0.009950248756218905,0.004975124378109453,0.7835414975218716,0.03929227968649184,0.5125146520943307,1.452152079543664,0.0794469577497202,0.0794469577497202,0.07550258585346635,0.07020214255789184,0.07359968656110727,-0.049158652380086806,0.1963827551125697,0.06814645822607457,-0.046573765366147775,0.20234009121183846,-0.046573765366147775,0.20234009121183846,-0.05170017410546635,0.164124518596,200,-0.15164678322578526,0.0066001035074936395,-4.767553023426656,0.31631369993833036,-0.024501535641204365,5.470722794076778,0.0,0.10714285714285714,0.2912559678253262,14834.5,,,0.9996308865280679,,2.7879312233960938e-05,0.1857,transferred,0.9996308865280679,table,0.55,0.1254267468991772,True,-0.04992416104571086,0.07095600821339249,0.1,-0.024497414146533655,10.123761664122057,2.7879312233960938e-05,0.6019655912319738,0.3980344087680262
plex,pinned_sig&ecm|miss<=5,pinned_sig&ecm,miss,miss<=5,True,85,84,False,85.0,209.0,0.40669856459330145,137.0,0.0,1.4312939256424968,0.10838562628698817,0.36889084731981925,3.5861781580299814,0.009950248756218905,0.004975124378109453,5.183285947489116,0.42582717271364345,1.9044586469178075,2.498063574378465,0.009950248756218905,0.004975124378109453,17.361026528291305,-0.012928636581016022,1.0891502786389446,15.95184384158967,0.009950248756218905,0.004975124378109453,2.692939301613115,0.2832620214697853,0.9394475652133241,2.5649939063881173,0.08244293177653284,0.08244293177653284,0.07614318598163773,0.07075562710754084,0.0761637674895483,0.006819499464650976,0.167052828882856,0.03979338384397943,0.013290623770367603,0.17367626086388502,0.013290623770367603,0.17367626086388502,0.006773264798270334,0.1431407365638031,200,-0.11868063724498251,0.006930800971071243,-5.746717941278198,0.2952624600418769,-0.017373474246938712,6.668605326147959,0.023529411764705882,0.16470588235294117,0.24412784575838173,3925.0,,,0.9984437459721981,,0.00011868284052218702,0.1651,transferred,0.9984437459721981,table,0.55,0.10876152832674574,True,-0.032618342345108006,0.05829130055611026,0.1,-0.023856814018362274,12.95184384158967,0.00011868284052218702,0.7000930122357726,0.2999069877642274
plex,folding,folding,primary,miss0,False,167,167,False,,167.0,,137.0,0.0,0.4322668407470382,-0.004297969600010827,0.22747723806056608,1.9191582158686713,0.029850746268656716,0.014925373134328358,1.83226676380886,0.10208769638939114,1.6727933557278944,1.0343053201969492,0.3482587064676617,0.17412935323383086,19.033039657714426,-0.9071571706784752,2.102939390048655,9.482059693566134,0.009950248756218905,0.004975124378109453,0.7828986555062255,-0.019572085064585493,0.5125972203879238,1.565499594327719,0.02271139284742849,0.02271139284742849,0.021893706170714584,0.021424641367795143,0.02220704003716584,-0.02505645714171618,0.08284507191972312,0.027119435807353053,-0.027483726721490912,0.08671727079947074,-0.027483726721490912,0.08671727079947074,-0.02570047819979114,0.07650651399103185,200,-0.040802725089793365,0.00426456586673367,-3.9113431998358936,0.23100074249588282,-0.0075840300496812195,5.634748934649746,0.041916167664670656,0.059880239520958084,0.08828167111558524,2827.0,,,0.9961147342129131,,8.539464844360947e-05,0.1651,transferred,0.9961147342129131,unselected,1.0,0.19774823332135585,True,-0.17585452715064126,-0.11490316140163273,0.05,-0.02810629382928542,6.482059693566134,8.539464844360947e-05,0.11071505319157848,0.8892849468084215
plex,folding|depthT1,folding,depth,depthT1,False,56,167,False,,56.0,,137.0,0.0,0.019300121369043084,0.024400566348174505,0.09006180048021581,-0.05663272277408948,0.9950248756218906,0.4975124378109453,0.40143866743004614,0.3053850008981711,0.688869872019592,0.13943659090543473,0.8557213930348259,0.42786069651741293,5.587853520005247,-0.26758589788451953,0.7558610018245102,7.746714546399148,0.009950248756218905,0.004975124378109453,0.057901593085860514,0.04698119879082155,0.2028501191413713,0.05383479359668638,0.0034539418937783754,0.0034539418937783754,-0.000871061010988918,-0.0008718204197651594,0.0034420532418856105,-0.07666628281142546,0.07776674982615926,0.07992817724841042,-0.07595816144782806,0.08686899596969411,-0.07595816144782806,0.08686899596969411,-0.08304013269098734,0.07215538484874728,200,-0.0304481719773794,0.007977119214752583,-3.001933493946645,0.19648972774990248,-0.013273931319232308,6.0115798131841505,0.07142857142857142,0.03571428571428571,0.0757865767028385,620.5,,,0.9859323528952297,,-1.2428620354462253e-05,0.1408,transferred,0.9859323528952297,unselected,1.0,0.1638733705772812,True,-0.16474443158827012,-0.08610662075112195,0.1,-0.09912893898901108,4.746714546399148,0.0,0.0,1.0
plex,folding|depthT2,folding,depth,depthT2,False,55,167,False,,55.0,,137.0,0.0,0.2195349089405476,-0.005265603640835627,0.0962495306590682,2.335601130125651,0.029850746268656716,0.014925373134328358,1.258266735296728,-0.024581308705450625,0.8259716362531347,1.5531381317421238,0.10945273631840796,0.05472636815920398,5.752692435213372,-0.37458684965365596,0.6926355227938933,8.846325496202299,0.009950248756218905,0.004975124378109453,0.3583609489250868,-0.014716711628409486,0.2141129199254382,1.742434135611318,0.038162114768509246,0.038162114768509246,0.036688471690296355,0.03539006431746719,0.036759302064320355,-0.026471313593466304,0.1262293572608442,0.03913924821283622,-0.02905834042124262,0.13810165438139246,-0.02905834042124262,0.13810165438139246,-0.027191669185698535,0.11208107192169642,200,-0.02204353896492407,0.004101467945254729,-1.6569527466619551,0.2356274698682357,-0.006602654744110912,5.1147009803677035,0.0,0.07272727272727272,0.08324509916034262,2827.0,,,0.9961040610064114,,0.0001434950956117813,0.1736,transferred,0.9961040610064114,unselected,1.0,0.21006776379477252,True,-0.17337929210447617,-0.08383840653392832,0.1,-0.06331152830970366,5.846325496202299,0.0001434950956117813,0.1746506509496596,0.8253493490503404
plex,folding|depthT3,folding,depth,depthT3,False,56,167,False,,56.0,,137.0,0.0,0.1934318104374476,-0.02343293230734969,0.15279370638730322,1.4193303367815824,0.11940298507462686,0.05970149253731343,0.17256136108208597,-0.17871599580332934,1.0652697324752702,0.32975437692121795,0.7860696517412935,0.39303482587064675,7.692493702495807,-0.2649844231402997,0.8684572417591387,9.162774795357242,0.009950248756218905,0.004975124378109453,0.3666361134952781,-0.051836572226997536,0.3450874385714737,1.212656964433675,0.025145527304713842,0.025145527304713842,0.027252948650419506,0.026529929834928953,0.024528739222835817,-0.028286679044593695,0.14964874007099968,0.044037806259984213,-0.03366992993859064,0.15365576789694865,-0.03366992993859064,0.15365576789694865,-0.029110107673293688,0.13016907905336392,200,-0.06958147886056108,0.0007121979773101452,-3.1811235444489117,0.2609676500011594,-0.0028579795266724024,5.16682211746581,0.05357142857142857,0.07142857142857142,0.10572339869865957,7505.5,,,0.9986685050327251,,3.6335544566158304e-05,0.1857,transferred,0.9986685050327251,unselected,1.0,0.22804863072577675,True,-0.20079568207535725,-0.07839989065477707,0.1,-0.0727470513495805,6.162774795357242,3.6335544566158304e-05,0.11950498700073561,0.8804950129992644
plex,folding|miss20+,folding,miss,miss20+,False,15,167,False,,15.0,,83.0,0.3941605839416058,0.019083684157737067,0.017745351707715972,0.0996605388499721,0.013428910434006439,0.9751243781094527,0.5174129353233831,0.5580486573168503,0.2014193325536054,0.4139362315278942,0.8615561953755007,0.3681592039800995,0.18407960199004975,-0.5372015940952037,-0.26808039481175905,0.40653925984877354,-0.6619808364475148,0.4577114427860697,0.7761194029850746,0.046257598947358446,0.024848588473249014,0.11994275792447222,0.17849356513538445,-0.03552425079802542,-0.03552425079802542,-0.004972972971228222,-0.004997827029963102,-0.03683270504978363,-1.386034426102917,5.056663329746487,10.056458707253597,-3.2517150838153706,3.2879108725755866,-3.2517150838153706,3.2879108725755866,-11.64458970429786,0.8432631713431441,200,0.044129074496603124,0.01902970130898445,0.881112393234689,0.19639220196858836,-0.00617688201975853,4.509493619007625,0.13333333333333333,0.0,0.07728498350939715,948.5,,,0.9921718323041115,,-3.9236415607052776e-05,0.1651,transferred,0.9921718323041115,unselected,1.0,0.19774823332135585,False,-0.20272120629258408,4.8589150964251315,0.1,-0.09502702702877178,-3.6619808364475146,0.0,0.0,1.0
plex,folding|miss<=5,folding,miss,miss<=5,False,170,167,False,,170.0,,137.0,0.0,0.44298386399084194,-0.005023173495570054,0.22891816412181235,1.9570619885279952,0.03980099502487562,0.01990049751243781,1.9010803625655464,0.09953156532267318,1.6921278675770874,1.064664693349955,0.30845771144278605,0.15422885572139303,19.15006057422822,-0.904410301778362,2.1186565877133434,9.465654317130877,0.009950248756218905,0.004975124378109453,0.8013553158935927,-0.021238415462166014,0.5154604234916653,1.5958426561317942,0.023132243486843118,0.023132243486843118,0.02233950924242101,0.021851360570985995,0.022609241018549317,-0.026554786219833638,0.08552922479935812,0.0271349001004804,-0.029149213775551686,0.08944974970903401,-0.029149213775551686,0.08944974970903401,-0.027279294306660398,0.07879028021950742,200,-0.03992889922173188,0.004184272596131006,-3.8612767824353558,0.23112736147777269,-0.007534986745586722,5.670939720589542,0.041176470588235294,0.058823529411764705,0.08748681473813946,2723.0,,,0.9960734901211324,,8.806208035789811e-05,0.1651,transferred,0.9960734901211324,unselected,1.0,0.19774823332135585,True,-0.17540872407893485,-0.11221900852199773,0.05,-0.027660490757578992,6.465654317130877,8.806208035789811e-05,0.11296945043305452,0.8870305495669455
plex,pinned_sig&folding,pinned_sig&folding,primary,miss0,True,45,45,False,45.0,167.0,0.2694610778443114,137.0,0.0,0.26932063998267275,-0.0035512867926054147,0.10201783332480145,2.6747473248771745,0.009950248756218905,0.004975124378109453,1.4667362397708827,0.07435870411645562,0.6104354879704097,2.28095771476825,0.01990049751243781,0.009950248756218905,9.69402152147778,-0.07854443669630859,0.8230578694441151,11.873485839792018,0.009950248756218905,0.004975124378109453,0.4833573727184184,-0.007814378010123128,0.23957565644462184,2.0501738699903194,0.02778213761811588,0.02778213761811588,0.02792223945513914,0.02716376626887615,0.02703115436750142,-0.005685008932127788,0.08231458446418682,0.02259059482468412,-0.006174508934018952,0.08264188383606627,-0.006174508934018952,0.08264188383606627,-0.005717514893906274,0.07605416128788228,200,-0.06590412545704716,0.004311722929231061,-4.571889221527932,0.22794999056281248,-0.00395605967368416,5.6326138300422635,0.044444444444444446,0.06666666666666667,0.09827367552244835,5088.0,,,0.9979413019085438,,5.7602046298256185e-05,0.1651,transferred,0.9979413019085438,table,0.55,0.10876152832674574,True,-0.0808392888716066,-0.026446943862558914,0.1,-0.07207776054486087,8.873485839792018,5.7602046298256185e-05,0.2567290096480994,0.7432709903519006
plex,pinned_sig&folding|depthT1,pinned_sig&folding,depth,depthT1,True,15,45,False,15.0,87.0,0.1724137931034483,137.0,0.0,0.017075129602998534,0.004430282406055719,0.04223718584327185,0.29937712336857947,0.7960199004975125,0.39800995024875624,0.38363081873242977,0.10878005569117712,0.34951056117641566,0.7863875761468666,0.44776119402985076,0.22388059701492538,2.9499301212894125,-0.018765381208602862,0.2861822112073524,10.373445260533881,0.009950248756218905,0.004975124378109453,0.016850223928863886,0.009946981231684509,0.09723324699277408,0.07099673116637145,0.005788316638339557,0.005788316638339557,0.004259395140492779,0.004241329641628001,0.005755004848024016,-0.04766338676502245,0.06423468403934067,0.029920258851366798,-0.04582013829788674,0.06634238210372442,-0.04582013829788674,0.06634238210372442,-0.05004890755854797,0.06035754957698721,200,-0.052490554852210235,0.01054338007284315,-2.5457390241359215,0.20674909910416941,0.002941116239752658,5.033608481044704,0.06666666666666667,0.0,0.08442296995678139,982.0,,,0.991871176632598,,3.490762869688786e-05,0.1408,transferred,0.991871176632598,table,0.45,0.07374301675977654,False,-0.06948362161928376,-0.009508332720435872,0.1,-0.09574060485950722,7.373445260533881,3.490762869688786e-05,0.05775997955668238,0.9422400204433177
plex,pinned_sig&folding|depthT2,pinned_sig&folding,depth,depthT2,True,15,45,False,15.0,48.0,0.3125,137.0,0.0,0.04273767892109349,-0.01307717280788368,0.043987522475897683,1.2688791863547235,0.19900497512437812,0.09950248756218906,0.12255534014161772,-0.09100047141533932,0.3204285945956368,0.6664692700926167,0.5373134328358209,0.26865671641791045,3.320919374206489,-0.04684753735998256,0.3178458709142606,10.595597488428382,0.009950248756218905,0.004975124378109453,0.07508701632229113,-0.02615730983600224,0.09360706202012013,1.081588546562135,0.012869231109022442,0.012869231109022442,0.01657325260168188,0.01630305790484504,0.012705718284019268,-0.021168564226624206,0.08369798597298363,0.02758915383566018,-0.02663157306061784,0.07949204855264104,-0.02663157306061784,0.07949204855264104,-0.021626380587459883,0.07723353594933385,200,-0.09013953776402425,-0.0023895751943258307,-3.8830775368264976,0.24247198786700996,-0.0044129550750529704,4.456985774971789,0.0,0.06666666666666667,0.07641511119184187,5088.0,,,0.9979413019085438,,3.418970979059736e-05,0.1736,transferred,0.9979413019085438,table,0.55,0.11553727008712489,False,-0.098964017485443,-0.03183928411414126,0.1,-0.08342674739831812,7.595597488428382,3.418970979059736e-05,0.14344507697978537,0.8565549230202146
plex,pinned_sig&folding|depthT3,pinned_sig&folding,depth,depthT3,True,15,45,False,15.0,32.0,0.46875,137.0,0.0,0.20950783145858085,0.00509560360922254,0.06225987892996671,3.2832095301581337,0.009950248756218905,0.004975124378109453,0.9605500808968349,0.056579119840617836,0.3380880342632093,2.673773897459071,0.01990049751243781,0.009950248756218905,3.4231720259818816,-0.012931518127723158,0.33582348920268756,10.231873750902906,0.009950248756218905,0.004975124378109453,0.39142013246726326,0.008395950594194608,0.15248071808377112,2.511951587627228,0.061202834642377316,0.061202834642377316,0.05948954250804672,0.056149249351930164,0.05767307874088228,-0.007395623535363036,0.1472735283602814,0.0412680914805416,-0.005839484809549434,0.14948629709381234,-0.005839484809549434,0.14948629709381234,-0.007450923747397974,0.12836612042079196,200,-0.055082283754906994,0.004781363909175863,-2.2606076902985537,0.23462888471725807,-0.010396340185752164,5.033042468562905,0.06666666666666667,0.13333333333333333,0.13398294541872177,21604.0,,,0.9996205096414843,,2.2584278330193937e-05,0.1857,transferred,0.9996205096414843,table,0.55,0.1254267468991772,False,-0.06593720439113049,0.021846781461104192,0.1,-0.04051045749195328,7.231873750902906,2.2584278330193937e-05,0.47429710152545596,0.525702898474544
plex,pinned_sig&folding|miss<=5,pinned_sig&folding,miss,miss<=5,True,45,45,False,45.0,170.0,0.2647058823529412,137.0,0.0,0.26932063998267275,-0.0035512867926054147,0.10201783332480145,2.6747473248771745,0.009950248756218905,0.004975124378109453,1.4667362397708827,0.07435870411645562,0.6104354879704097,2.28095771476825,0.01990049751243781,0.009950248756218905,9.69402152147778,-0.07854443669630859,0.8230578694441151,11.873485839792018,0.009950248756218905,0.004975124378109453,0.4833573727184184,-0.007814378010123128,0.23957565644462184,2.0501738699903194,0.02778213761811588,0.02778213761811588,0.02792223945513914,0.02716376626887615,0.02703115436750142,-0.005685008932127788,0.08231458446418682,0.02259059482468412,-0.006174508934018952,0.08264188383606627,-0.006174508934018952,0.08264188383606627,-0.005717514893906274,0.07605416128788228,200,-0.06590412545704716,0.004311722929231061,-4.571889221527932,0.22794999056281248,-0.00395605967368416,5.6326138300422635,0.044444444444444446,0.06666666666666667,0.09827367552244835,5088.0,,,0.9979413019085438,,5.7602046298256185e-05,0.1651,transferred,0.9979413019085438,table,0.55,0.10876152832674574,True,-0.0808392888716066,-0.026446943862558914,0.1,-0.07207776054486087,8.873485839792018,5.7602046298256185e-05,0.2567290096480994,0.7432709903519006
plex,ptm,ptm,primary,miss0,False,810,810,False,,811.0,,137.0,0.0,4.391777018431787,0.4802801373924309,1.220995593754223,3.203530709732201,0.009950248756218905,0.004975124378109453,21.86561057368624,3.184215185145955,7.514493594896963,2.4860484811946186,0.01990049751243781,0.009950248756218905,75.29311517834569,-4.1452711871284755,7.32034431295342,10.851728138648774,0.009950248756218905,0.004975124378109453,9.179101548724002,1.1382331768598974,2.8748864655193573,2.7969342331616205,0.05832906512141316,0.05832906512141316,0.0492393798514944,0.04692864259294535,0.05511429955362848,0.0003921342553844232,0.12846992799229454,0.03335293421859236,0.006476382070091508,0.14812623338594702,0.006476382070091508,0.14812623338594702,0.000391587969410902,0.11384433964344749,200,-0.027941648405795255,0.008573163000161664,-3.8773842119199924,0.22601772095870934,-0.009526076996847318,5.8720232447740015,0.028395061728395062,0.09382716049382717,0.12872549636274838,2210.0,,,0.9949063921135021,,0.0002520901418725898,0.1651,transferred,0.9949063921135021,unselected,1.0,0.19774823332135585,True,-0.14850885346986145,-0.06927830532906132,0.05,-0.0007606201485056002,7.851728138648774,0.0002520901418725898,0.24900035274386842,0.7509996472561316
plex,ptm|depthT1,ptm,depth,depthT1,False,270,810,False,,271.0,,137.0,0.0,1.0507490224747666,0.06784009608758632,0.33866304123928564,2.902321206324656,0.009950248756218905,0.004975124378109453,6.047949120361594,0.347342897797349,2.4438100747985017,2.332671544876201,0.01990049751243781,0.009950248756218905,22.835007916390122,-1.6559237121591819,2.5383342296763787,9.648426650130997,0.009950248756218905,0.004975124378109453,2.5033598771476058,0.16537165238106055,0.8064180855758473,2.8992259307987043,0.0460148306636048,0.0460148306636048,0.040133586639121324,0.03858503095626489,0.043990610185146634,-0.008370227918080942,0.11859100775916849,0.03060284769337086,-0.004800968159339949,0.1404791273388554,-0.004800968159339949,0.1404791273388554,-0.00844088261432316,0.1060172889627679,200,-0.022337885144005726,0.005697689866990676,-3.349617636954544,0.19889857959800597,-0.01337839239528307,6.809327357445758,0.037037037037037035,0.08518518518518518,0.1134729785232462,747.0,,,0.9858545521642226,,0.0005758532584954544,0.1408,transferred,0.9858545521642226,unselected,1.0,0.1638733705772812,True,-0.12373978393815989,-0.04528236281811272,0.05,-0.009866413360878679,6.648426650130997,0.0005758532584954544,0.24490609119554715,0.7550939088044528
plex,ptm|depthT2,ptm,depth,depthT2,False,270,810,False,,270.0,,137.0,0.0,1.40921182202095,0.15627906163174665,0.4611520532838302,2.7169623369714184,0.01990049751243781,0.009950248756218905,7.041795097893326,1.2186829889426527,2.8468254367363697,2.045475649404886,0.04975124378109453,0.024875621890547265,23.835856419404315,-1.3821949907608024,2.337686238699458,10.787611695996832,0.009950248756218905,0.004975124378109453,2.820404528991897,0.3862100459474428,1.08025302915597,2.25335585029218,0.059121509931304064,0.059121509931304064,0.04968396407837285,0.0473323074169239,0.0558212720419008,-0.012958171781264193,0.14047741725672183,0.03950196392529329,-0.0073535541552204675,0.16463340349536232,-0.0073535541552204675,0.16463340349536232,-0.01312833463631256,0.12317401577564663,200,-0.023575556108432243,0.009117712106520374,-2.980872303607046,0.21563786525101689,-0.009872819571903153,5.108182588200723,0.02962962962962963,0.1,0.12405797280545962,2210.0,,,0.9945293341533696,,0.0002732994956253832,0.1736,transferred,0.9945293341533696,unselected,1.0,0.21006776379477252,True,-0.16038379971639966,-0.06959034653805068,0.05,-0.00031603592162715577,7.787611695996832,0.0002732994956253832,0.23651398568183943,0.7634860143181605
plex,ptm|depthT3,ptm,depth,depthT3,False,270,810,False,,270.0,,137.0,0.0,1.93181617393607,0.25616097967309787,0.5468235247713011,3.06434364718267,0.009950248756218905,0.004975124378109453,8.775866355431319,1.6181892984059523,3.1263246816011634,2.2894861493910876,0.01990049751243781,0.009950248756218905,28.622250842551253,-1.107152484208491,2.842308299175666,10.45959839591713,0.009950248756218905,0.004975124378109453,3.8553371425845,0.586651478531394,1.3092798651563242,2.496552304088809,0.06749351001648468,0.06749351001648468,0.05636356625949157,0.053356219449210054,0.06322615489759972,0.0019567378387913103,0.18358579663138086,0.04324170137401391,0.011243803716236123,0.21003124281067295,0.011243803716236123,0.21003124281067295,0.0019526955189473184,0.15510947167163003,200,-0.0379115039649478,0.01090408702697394,-3.876624175290239,0.26351671802710525,-0.005327019023355734,5.544794557113325,0.018518518518518517,0.0962962962962963,0.14864553775953934,5745.5,,,0.9982004143252126,,0.00010161392939220683,0.1857,transferred,0.9982004143252126,unselected,1.0,0.22804863072577675,True,-0.17168506446628518,-0.04446283409439589,0.05,0.006363566259491568,7.45959839591713,0.00010161392939220683,0.2471559074049757,0.7528440925950243
plex,ptm|miss0-5,ptm,miss,miss0-5,False,56,810,False,,56.0,,132.0,0.03649635036496346,0.11626938104979995,-0.005044088878722116,0.09832916262797656,1.2337486325140943,0.22885572139303484,0.11442786069651742,0.10738428526563776,-0.10986994803873552,0.667315584443146,0.32556445311503573,0.7562189054726368,0.3781094527363184,2.2485270560977564,-0.5661446835226098,0.48520585698397967,5.800984673013335,0.009950248756218905,0.004975124378109453,0.1639638370595111,-0.01625524225332279,0.22990228282760525,0.7838942575788738,0.051709131422052614,0.051709131422052614,0.043100397186950266,0.041319509898744264,0.04916676092004155,-0.22008906264491304,0.24622042395535837,0.10698580605052294,-0.36394243174149254,0.44245600103505,-0.36394243174149254,0.44245600103505,-0.2821977738417974,0.19756931404347441,200,-0.011255097965195544,0.006494252945006658,-1.3736135580802569,0.16895497222743858,-0.018171019578717498,6.597045120518928,0.017857142857142856,0.05357142857142857,0.10786847687844502,1252.75,,,0.9931434879765455,,0.00029755860568555424,0.1651,transferred,0.9931434879765455,unselected,1.0,0.19774823332135585,True,-0.15464783613440558,0.048472190634002515,0.1,-0.05689960281304974,2.8009846730133354,0.00029755860568555424,0.21795591527186417,0.7820440847281358
plex,ptm|miss5-20,ptm,miss,miss5-20,False,72,810,False,,72.0,,124.0,0.0948905109489051,0.299195030381435,0.0488004187934833,0.11824727271912117,2.117550839271591,0.029850746268656716,0.014925373134328358,1.5507551299177464,0.3796792087944161,0.8072485606698441,1.4507005378264004,0.12935323383084577,0.06467661691542288,3.4068671276094364,-0.8129980565632589,0.615211920145378,6.85920582158993,0.009950248756218905,0.004975124378109453,0.7144097414983172,0.11037851999717369,0.2677100603183304,2.2562888401836605,0.08782116213360427,0.08782116213360427,0.059337111651599266,0.05601343613751766,0.08073124994310253,-0.0660335663812922,0.26377083963494785,0.09355890071343315,-0.06733087989081503,0.5486112616549924,-0.06733087989081503,0.5486112616549924,-0.07072905951823315,0.20871110786620672,200,3.9106514149438087e-05,0.010663151328861207,-0.9403000420809219,0.2216894325892477,-0.013462193946982589,7.909576684974442,0.013888888888888888,0.06944444444444445,0.09839573191823114,1011.5,,,0.9911651903492371,,0.000528904860433235,0.1651,transferred,0.9911651903492371,unselected,1.0,0.19774823332135585,True,-0.13841112166975658,0.066022606313592,0.1,-0.04066288834840074,3.8592058215899296,0.000528904860433235,0.3000639280310129,0.6999360719689871
plex,ptm|miss20+,ptm,miss,miss20+,False,137,810,False,,137.0,,70.0,0.4890510948905109,0.4178640158145231,0.00011199864001478876,0.3451676049421558,1.210287440631969,0.24875621890547264,0.12437810945273632,2.2503220408171716,-0.001151944593868608,1.3622999262787465,1.6527006586289394,0.13930348258706468,0.06965174129353234,-0.09123750535666142,-1.644759746536988,1.7773387998138015,0.8740720910065529,0.3781094527363184,0.1890547263681592,0.6884222725795283,0.04620095168602731,0.4072708195412052,1.576890093960009,-4.579958802918037,-4.579958802918037,0.2689063639392192,0.2119197850851821,,-5.274556871374408,5.230356116107746,2.721827043409187,-2.4636736727464292,2.4997503905421725,-2.4636736727464292,2.4997503905421725,-2.2259046838627223,0.8480979841833424,200,0.012930924964986134,0.003991979752434045,0.8710918963739809,0.1494337654176755,-0.013053350366097298,7.372609484575996,0.051094890510948905,0.051094890510948905,0.08050465016944343,811.0,,,0.9896665667454422,,0.002807739552756346,0.1651,transferred,0.9896665667454422,unselected,1.0,0.19774823332135585,True,0.07115813061786333,5.03260788278639,0.05,0.2189063639392192,-2.125927908993447,0.002807739552756346,1.0,-0.3598420548325505
plex,ptm|miss<=5,ptm,miss,miss<=5,False,866,810,False,,867.0,,137.0,0.0,4.508046399481587,0.47523604851370876,1.2508140397896694,3.2241486125675527,0.009950248756218905,0.004975124378109453,21.972994858951875,3.0743452371072193,7.738065877512006,2.442296294836026,0.01990049751243781,0.009950248756218905,77.54164223444344,-4.711415870651086,7.5484450914045595,10.896688935149884,0.009950248756218905,0.004975124378109453,9.343065385783513,1.1219779346065741,2.9454435979587563,2.7911203110031693,0.05813710245975606,0.05813710245975606,0.04902930594769093,0.04673778479753524,0.05494288247204447,-0.002805016762834114,0.12296756608668553,0.033141185909158224,0.0048429569800877564,0.145063423502102,0.0048429569800877564,0.145063423502102,-0.00281290714344301,0.10950225595014842,200,-0.026862610502015136,0.008438730017380278,-3.8891822609045117,0.22232775106384658,-0.010085103306991347,5.9885498811840465,0.02771362586605081,0.09122401847575058,0.12737677454852092,2123.5,,,0.9947242300591921,,0.00026003924577378635,0.1651,transferred,0.9947242300591921,unselected,1.0,0.19774823332135585,True,-0.14871892737366493,-0.07478066723467032,0.05,-0.0009706940523090749,7.896688935149884,0.00026003924577378635,0.24793802262705728,0.7520619773729427
plex,pinned_sig&ptm,pinned_sig&ptm,primary,miss0,True,189,189,False,189.0,811.0,0.23304562268803947,137.0,0.0,1.652809374203528,0.14936665969294147,0.351722452478708,4.274514475590948,0.009950248756218905,0.004975124378109453,7.872707574230851,1.1081979628890672,2.1481807368921753,3.148948082053917,0.009950248756218905,0.004975124378109453,37.43659059090881,-0.3840150588578733,2.6583751703637932,14.226963173369924,0.009950248756218905,0.004975124378109453,3.1176905010100073,0.3327709173525706,0.870317483245256,3.199889278649185,0.04414956992918314,0.04414956992918314,0.03975194708495794,0.03823214488456237,0.042282802388337405,0.016329237533254114,0.0833582066998259,0.017897816066991815,0.02016844834430847,0.08948996563441834,0.02016844834430847,0.08948996563441834,0.016066846418382238,0.07694385864639201,200,-0.07204757551662895,0.008751975854666362,-6.985397771233819,0.24767632717540194,-0.008566935025789247,6.284677817603743,0.031746031746031744,0.1164021164021164,0.13477756528786936,2711.0,,,0.9962473553949958,,0.000149736838907478,0.1651,transferred,0.9962473553949958,table,0.55,0.10876152832674574,True,-0.0690095812417878,-0.025403321626919842,0.05,-0.010248052915042064,11.226963173369924,0.000149736838907478,0.36549640021178764,0.6345035997882124
plex,pinned_sig&ptm|depthT1,pinned_sig&ptm,depth,depthT1,True,63,189,False,63.0,288.0,0.21875,137.0,0.0,0.18922057422460367,0.02384091544281296,0.12062428161938994,1.3710312431423963,0.1890547263681592,0.0945273631840796,1.5240619157681774,0.23143822306763273,0.9044488516173984,1.4291838509043215,0.1691542288557214,0.0845771144278607,11.831978095995629,-0.18820452531726253,0.9660270032796056,12.442905405858292,0.009950248756218905,0.004975124378109453,0.38225050143036143,0.054577990002469434,0.27965974698837937,1.171682785801518,0.015992302613258114,0.015992302613258114,0.01375849801887014,0.013571770836700834,0.015740574581248234,-0.015460452899324571,0.06442263042802343,0.02181235903942678,-0.013589039673233947,0.06740718326204946,-0.013589039673233947,0.06740718326204946,-0.015703239226602557,0.06052346518767007,200,-0.0655195433675067,0.00537437785226367,-5.354569174382809,0.2004167740802404,-0.01032382580836418,6.296456420731549,0.06349206349206349,0.09523809523809523,0.1036772355562416,872.0,,,0.9895000815403691,,0.0001459960539874262,0.1408,transferred,0.9895000815403691,table,0.55,0.09013035381750467,True,-0.07637185579863454,-0.02570772338948124,0.1,-0.08624150198112987,9.442905405858292,0.0001459960539874262,0.15265110405234017,0.8473488959476598
plex,pinned_sig&ptm|depthT2,pinned_sig&ptm,depth,depthT2,True,63,189,False,63.0,344.0,0.18313953488372092,137.0,0.0,0.488054073755007,0.06681364745469112,0.13189776286185906,3.1936889387691516,0.009950248756218905,0.004975124378109453,2.6252619772038726,0.5556010313336255,0.8555356949657578,2.41914037958765,0.029850746268656716,0.014925373134328358,12.669382844528668,-0.09364437294322793,0.8825110582447662,14.4621725679635,0.009950248756218905,0.004975124378109453,0.8477721142035749,0.14767445597153725,0.31139059660308477,2.2482941548951776,0.03852232423190017,0.03852232423190017,0.033004742458251635,0.0319502332387264,0.03709340024095448,0.0028838815362303874,0.0968674861420234,0.02255727515287483,0.007738455451727988,0.10434781428909222,0.007738455451727988,0.10434781428909222,0.0028755877774308118,0.08831279134792953,200,-0.06758783014778878,0.012204460132596994,-5.368372554818404,0.24980489701584221,-0.011063937614539145,5.67039609507946,0.0,0.09523809523809523,0.12240069276502782,2711.0,,,0.9959637266008042,,0.00013375603997769188,0.1736,transferred,0.9959637266008042,table,0.45,0.09453049370764764,True,-0.06152575124939601,0.0023369924343757537,0.1,-0.06699525754174837,11.4621725679635,0.00013375603997769188,0.34914387055170437,0.6508561294482956
plex,pinned_sig&ptm|depthT3,pinned_sig&ptm,depth,depthT3,True,63,189,False,63.0,179.0,0.35195530726256985,137.0,0.0,0.9755347262239171,0.058712096795437374,0.19086345424280965,4.803552534798678,0.009950248756218905,0.004975124378109453,3.723383681258802,0.3211587084878094,0.9928471384938123,3.4267359403707403,0.009950248756218905,0.004975124378109453,12.93522965038451,-0.10216616059738289,1.0235622143816276,12.737277351390187,0.009950248756218905,0.004975124378109453,1.8876678853760709,0.13051847137856393,0.5093602558480119,3.449718335546429,0.07541688494064877,0.07541688494064877,0.0703225278054537,0.06570218413475813,0.07012804615282842,0.01991452529814897,0.12826979908410965,0.02704343617620632,0.025162481925660545,0.13970897528501075,0.025162481925660545,0.13970897528501075,0.0195255281334375,0.11368676074272514,200,-0.0830353530345914,0.008677089579138425,-5.266408300468291,0.29280731043012304,-0.004313041654464418,6.098699036469197,0.031746031746031744,0.15873015873015872,0.17825476754233868,9770.0,,,0.9989499588947609,,7.39191629796392e-05,0.1857,transferred,0.9989499588947609,table,0.55,0.1254267468991772,True,-0.05510421909372351,0.002843052184932443,0.1,-0.029677472194546306,9.737277351390187,7.39191629796392e-05,0.5606661222106128,0.43933387778938715
plex,pinned_sig&ptm|miss<=5,pinned_sig&ptm,miss,miss<=5,True,192,189,False,192.0,867.0,0.22145328719723184,137.0,0.0,1.6639381524259782,0.15228547399417958,0.3538827845966227,4.2716197120322565,0.009950248756218905,0.004975124378109453,8.002729557889834,1.1384954409135388,2.1760070717628484,3.1545091034172854,0.009950248756218905,0.004975124378109453,37.99168194081914,-0.4221770757373457,2.7020441092335985,14.21659212937575,0.009950248756218905,0.004975124378109453,3.134521980288012,0.33928681137671335,0.8731494812937499,3.2013248920099966,0.04379743321230021,0.04379743321230021,0.039351752652090274,0.0378618235372936,0.04195970579992043,0.016083503726899807,0.08144909997377722,0.017721217432060624,0.019870509359148286,0.08762510601609051,0.019870509359148286,0.08762510601609051,0.01582889369362575,0.07531440687435279,200,-0.07121158345979679,0.008875454361295389,-6.958540105382224,0.2465450094850156,-0.008706907663262858,6.326402365857965,0.03125,0.11458333333333333,0.13338588871234155,2708.5,,,0.9963096966453306,,0.0001457577953051111,0.1651,transferred,0.9963096966453306,table,0.55,0.10876152832674574,True,-0.06940977567465546,-0.027312428352968515,0.05,-0.010648247347909728,11.21659212937575,0.0001457577953051111,0.36181684146500925,0.6381831585349907
plex,secretion,secretion,primary,miss0,False,1341,1341,False,,1342.0,,137.0,0.0,5.77529711237363,0.4803436764373929,1.8700870962650544,2.8313940278564242,0.009950248756218905,0.004975124378109453,25.6803410000203,2.6429063811837312,10.904556059394807,2.1126430542753454,0.03980099502487562,0.01990049751243781,136.46152538016804,-6.807443523389118,12.502515643126314,11.459211329387472,0.009950248756218905,0.004975124378109453,11.603880860737679,1.1954672913244948,4.463240435907369,2.3320306667048674,0.04232179800338765,0.04232179800338765,0.03695813180243228,0.03564091034050907,0.04060338955249414,-0.004038763152755584,0.11241587581872799,0.029994187672949216,0.00022186058111327715,0.12630583748050372,0.00022186058111327715,0.12630583748050372,-0.004055157106086198,0.10105561497047615,200,-0.042254457369875306,0.007007336200984404,-5.67265931524953,0.20541580521310285,-0.010987006469491,6.363308250095028,0.036539895600298286,0.08202833706189411,0.1393994000636515,2239.0,,,0.9956496800985768,,0.00016148219550838868,0.1651,transferred,0.9956496800985768,unselected,1.0,0.19774823332135585,True,-0.1607901015189236,-0.08533235750262787,0.05,-0.013041868197567724,8.459211329387472,0.00016148219550838868,0.18689487729770266,0.8131051227022974
plex,secretion|depthT1,secretion,depth,depthT1,False,447,1341,False,,448.0,,137.0,0.0,1.5941903697034068,0.03598027348916566,0.5935818201993577,2.6250974055959255,0.01990049751243781,0.009950248756218905,8.110745074756442,0.22042907196638353,3.626467121059319,2.17575831777712,0.03980099502487562,0.01990049751243781,41.365985599697,-2.775199197296323,4.113324457691907,10.731267433681145,0.009950248756218905,0.004975124378109453,3.2951226586802127,0.09717555588807308,1.4279677986288635,2.239509256345145,0.03853867728743502,0.03853867728743502,0.03530059520106897,0.034096952483846615,0.0371085623773728,-0.01575354711195764,0.09757130324249172,0.028713971187868285,-0.015920514219853136,0.1068163861703226,-0.015920514219853136,0.1068163861703226,-0.016007683612982947,0.0888974618256072,200,-0.03445633505169009,0.0058162700185777245,-5.228749379130143,0.18231874614952437,-0.013599019767414932,7.469178230935933,0.04697986577181208,0.07606263982102908,0.13618149921817765,597.0,,,0.9853719436917527,,0.0005240448519177803,0.1408,transferred,0.9853719436917527,unselected,1.0,0.1638733705772812,True,-0.12857277537621226,-0.0663020673347895,0.05,-0.014699404798931032,7.731267433681145,0.0005240448519177803,0.21541385935197768,0.7845861406480223
plex,secretion|depthT2,secretion,depth,depthT2,False,447,1341,False,,447.0,,137.0,0.0,1.9872030495795516,0.22717854228773046,0.7730872159427309,2.2766183051488995,0.01990049751243781,0.009950248756218905,7.797274121943313,1.4789512050878983,4.450409402950821,1.419717231557637,0.09950248756218906,0.04975124378109453,41.19852254266142,-2.187324063442251,3.9227906600781965,11.05994440326286,0.009950248756218905,0.004975124378109453,4.188022439589054,0.55797790648466,1.8286853642949947,1.9850569179263213,0.0482348134577347,0.0482348134577347,0.04056678951711905,0.03898528179622597,0.04601527524031194,-0.009976443234453057,0.12867475348901414,0.041020344238509275,-0.004259024965211447,0.15122328092481763,-0.004259024965211447,0.15122328092481763,-0.010077896217712204,0.11400367380439855,200,-0.042379647360379746,0.008688951119216175,-4.870638364333824,0.2002701978742518,-0.011219363153480162,5.445073226581361,0.040268456375838924,0.0738255033557047,0.14387332578872167,2239.0,,,0.9952967751232392,,0.00019169632454963824,0.1736,transferred,0.9952967751232392,unselected,1.0,0.21006776379477252,True,-0.16950097427765348,-0.08139301030575838,0.05,-0.009433210482880955,8.05994440326286,0.00019169632454963824,0.19311287359992615,0.8068871264000739
plex,secretion|depthT3,secretion,depth,depthT3,False,447,1341,False,,447.0,,137.0,0.0,2.193903693090671,0.21718486066049686,0.7553931010025953,2.6168081622754755,0.01990049751243781,0.009950248756218905,9.772321803320544,0.9435261041294487,4.63409061723269,1.905184086465562,0.04975124378109453,0.024875621890547265,53.89701723780962,-1.8449202626505439,5.036783663872451,11.066970753634447,0.009950248756218905,0.004975124378109453,4.12073576246841,0.5403138289517614,1.8202581852570976,1.9669857619736189,0.04070547509912315,0.04070547509912315,0.03546196851183824,0.034247485267666605,0.03911334769834483,-0.006651997460370463,0.11262228009505533,0.03164291293778873,-0.0024050867490537347,0.1292223586818022,-0.0024050867490537347,0.1292223586818022,-0.006696568683352259,0.10122238207055201,200,-0.04992738969755607,0.0065167874651593065,-4.80227616870903,0.23365847161553227,-0.008142636487577905,5.902630989725966,0.02237136465324385,0.09619686800894854,0.13814337518405523,7154.0,,,0.9987267914834955,,4.520803958229666e-05,0.1857,transferred,0.9987267914834955,unselected,1.0,0.22804863072577675,True,-0.1925866622139385,-0.11542635063072142,0.05,-0.014538031488161761,8.066970753634447,4.520803958229666e-05,0.15550178222503974,0.8444982177749603
plex,secretion|miss0-5,secretion,miss,miss0-5,False,58,1341,False,,58.0,,132.0,0.03649635036496346,0.43105867386402535,0.02823896156493655,0.1407648452638777,2.8616499492040304,0.009950248756218905,0.004975124378109453,1.9933515191103235,0.013300213552767982,0.8292598394236848,2.387733266974128,0.01990049751243781,0.009950248756218905,2.4421504449662828,-0.5415685499574269,0.49380529482382834,6.042298505503452,0.009950248756218905,0.004975124378109453,0.9141702309788312,0.06729731642253624,0.34714299059323506,2.439550667893562,0.17650782929958958,0.17650782929958958,0.13500591476087997,0.11894732265718867,0.1500269058172524,-0.09250907459640054,0.5441712388908118,0.21673039252295404,-0.12093915187015428,0.8729124548343015,-0.12093915187015428,0.8729124548343015,-0.10195019923119056,0.35238092180658676,200,0.0009450680794193289,0.010265526830105683,-0.6374619275588684,0.2221389934153863,-0.010220612848211647,8.110798854652707,0.017241379310344827,0.1206896551724138,0.17910898132672945,1068.75,,,0.992941576885753,,0.0009597028581449925,0.1651,transferred,0.992941576885753,unselected,1.0,0.19774823332135585,True,-0.06274231856047588,0.34642300556945593,0.1,0.03500591476087997,3.042298505503452,0.0009597028581449925,0.6827161613195559,0.3172838386804441
plex,secretion|miss5-20,secretion,miss,miss5-20,False,74,1341,False,,74.0,,121.0,0.11678832116788318,0.5059952107751959,0.09902217304954815,0.15004211701439654,2.712391999151803,0.01990049751243781,0.009950248756218905,2.1794241101322704,0.5609374418151695,0.8805580818443862,1.8380237507184938,0.05970149253731343,0.029850746268656716,3.681759393461168,-0.5772859699074349,0.6338878983567376,6.718925182843149,0.009950248756218905,0.004975124378109453,1.0844860664934297,0.2222377702178587,0.3348000480092586,2.5754127020069193,0.13743299240951137,0.13743299240951137,0.09555499014543507,0.08722062425433354,0.12082733077609832,-0.097373072977013,0.3912645972408178,0.13224316130836883,-0.08493806140994896,0.6330370013876643,-0.08493806140994896,0.6330370013876643,-0.10787864426252586,0.28122873369573453,200,-0.003917426507522944,0.013296395755045109,-1.3273709539879113,0.20429644344167955,-0.015062612838751686,8.315116553704618,0.04054054054054054,0.0945945945945946,0.13918977126765453,849.75,,,0.9919799015960458,,0.0007725564023245139,0.1651,transferred,0.9919799015960458,unselected,1.0,0.19774823332135585,True,-0.10219324317592078,0.19351636391946195,0.1,-0.0044450098545649325,3.718925182843149,0.0007725564023245139,0.48321539232237276,0.5167846076776272
plex,secretion|miss20+,secretion,miss,miss20+,False,140,1341,False,,141.0,,79.0,0.4233576642335767,0.5132061996051033,0.08797593365245394,0.4019844852238091,1.057827556991156,0.2885572139303483,0.14427860696517414,1.6821796308575516,0.5192758106001812,1.4872077658483893,0.7819377002741664,0.42786069651741293,0.21393034825870647,1.285632467467316,-1.4819420449083873,1.6731932031705414,1.6540675082419733,0.08955223880597014,0.04477611940298507,0.7788931918063927,0.15795453953787925,0.5122291854505491,1.2122281781393325,0.39918578022233264,0.39918578022233264,0.15364726913445556,0.13318392306318394,0.28529862571852427,-5.784073060828113,2.9203074891586667,3.9066854842231824,-4.352286635760329,6.989673683247117,-4.352286635760329,6.989673683247117,-2.99561942766843,0.8015615171238266,200,0.004317256204972368,0.009909474046317817,-0.49346560585291366,0.15987876756042924,-0.014141705453478542,8.074204073290435,0.04285714285714286,0.03571428571428571,0.13258137400758926,735.75,,,0.9916139047826769,,0.0012993975000033995,0.1651,transferred,0.9916139047826769,unselected,1.0,0.19774823332135585,True,-0.04410096418690029,2.722559255837311,0.05,0.10364726913445556,-1.3459324917580267,0.0012993975000033995,0.7769842822553419,0.22301571774465812
plex,secretion|miss<=5,secretion,miss,miss<=5,False,1399,1341,False,,1400.0,,137.0,0.0,6.206355786237655,0.5085826380023293,1.929751176586999,2.9525947269080226,0.009950248756218905,0.004975124378109453,27.673692519130622,2.6562065947364992,11.24884864762493,2.2240041366079084,0.01990049751243781,0.009950248756218905,138.90367582513431,-7.349012073346546,12.745908622298677,11.47448112428918,0.009950248756218905,0.004975124378109453,12.518051091716508,1.262764607747031,4.606740590079488,2.443221245886405,0.04468100465570709,0.04468100465570709,0.03895841662883044,0.037497570648920786,0.04276999816841936,-0.006036627790691788,0.11517008108767872,0.03050341099262544,-0.0017066446937481668,0.13390882045268335,-0.0017066446937481668,0.13390882045268335,-0.006073327940114031,0.10327568441504037,200,-0.0404634834770525,0.00714241486895369,-5.5487803606503805,0.2061091182336407,-0.010955233181403653,6.4925442295919416,0.035739814152966405,0.08363116511794139,0.14104568720679558,2167.0,,,0.9955383631387877,,0.0001745972974237082,0.1651,transferred,0.9955383631387877,unselected,1.0,0.19774823332135585,True,-0.1587898166925254,-0.08257815223367714,0.05,-0.011041583371169561,8.47448112428918,0.0001745972974237082,0.1970101880279257,0.8029898119720743
plex,pinned_sig&secretion,pinned_sig&secretion,primary,miss0,True,369,369,False,369.0,1342.0,0.2749627421758569,137.0,0.0,3.033728836421126,0.17366667219007437,0.6237252833895438,4.585451705097575,0.009950248756218905,0.004975124378109453,12.746943685555134,0.83113659226891,3.7062100067345494,3.215092256411274,0.009950248756218905,0.004975124378109453,74.42187187584939,-0.7446929031310161,5.259491269478074,14.291603679463766,0.009950248756218905,0.004975124378109453,5.693203088067747,0.4229059235470989,1.5001873799137655,3.513092587689678,0.04076394156655982,0.04076394156655982,0.03804965908234296,0.0366549507043619,0.03916732693986483,0.016496124214566733,0.07902817650364341,0.017172322585434597,0.01923464183071476,0.08305601252698916,0.01923464183071476,0.08305601252698916,0.016228415715271515,0.0732397884112603,200,-0.07818605601858755,0.00492222786412764,-8.299854513599042,0.21300033685083777,-0.011919647259088237,6.536053490857131,0.016260162601626018,0.0921409214092141,0.1314275575461546,2706.0,,,0.996710329781581,,0.00012558396011768885,0.1651,transferred,0.996710329781581,table,0.55,0.10876152832674574,True,-0.07071186924440279,-0.029733351823102327,0.05,-0.011950340917657044,11.291603679463766,0.00012558396011768885,0.3498448363839891,0.6501551636160109
plex,pinned_sig&secretion|depthT1,pinned_sig&secretion,depth,depthT1,True,123,369,False,123.0,490.0,0.2510204081632653,137.0,0.0,0.7088113952568,-0.01005565613962029,0.21773998447889176,3.301493077244658,0.009950248756218905,0.004975124378109453,3.7335341576206207,0.03733017833970246,1.399162401770222,2.64172620319448,0.009950248756218905,0.004975124378109453,23.512043144092893,-0.4678573508757489,1.8672397301676142,12.842432660114868,0.009950248756218905,0.004975124378109453,1.3282685306150532,-0.023595937484307966,0.5117448507469994,2.6416767381753434,0.03014673760646276,0.03014673760646276,0.029977899680911933,0.029105381474883212,0.029264508157845984,-0.0036181367998127205,0.0750855102301929,0.020402765212981254,-0.00417924542568485,0.07631216386590141,-0.00417924542568485,0.07631216386590141,-0.0036312806108229527,0.06984142925483909,200,-0.07269664150532874,0.0039711005296487216,-7.15764704527612,0.15552172760102193,-0.015869622878824322,6.515083048386003,0.04065040650406504,0.10569105691056911,0.12196985836440004,524.0,,,0.9853719436917527,,0.00044502830361947687,0.1408,transferred,0.9853719436917527,table,0.55,0.09013035381750467,True,-0.06015245413659274,-0.01504484358731177,0.05,-0.02002210031908807,9.842432660114868,0.00044502830361947687,0.332606035715903,0.6673939642840969
plex,pinned_sig&secretion|depthT2,pinned_sig&secretion,depth,depthT2,True,123,369,False,123.0,512.0,0.240234375,137.0,0.0,0.9962981037172777,0.13293338776031605,0.2697471147543089,3.200644858586649,0.009950248756218905,0.004975124378109453,3.5444942691361714,0.6595113154799611,1.5909639500423682,1.8133553268629259,0.06965174129353234,0.03482587064676617,24.284657866577454,-0.09717151846683914,1.6660507925846522,14.634505438588214,0.009950248756218905,0.004975124378109453,1.9481594844453856,0.326478596038468,0.632959477222021,2.562061153621192,0.04102582417224272,0.04102582417224272,0.035410169693277635,0.03419917123642632,0.03940903599088316,0.004156344673604994,0.09533328802958278,0.022463850284999233,0.009889876701332416,0.10263286080046737,0.009889876701332416,0.10263286080046737,0.0041390857920252455,0.08703586534065345,200,-0.08909460056176549,0.0073214690081614235,-7.1451991527838405,0.22370017564610148,-0.0132293948010577,5.945518904559415,0.0,0.06504065040650407,0.14051984893367914,2706.0,,,0.9962780665149448,,0.00013228665843655895,0.1736,transferred,0.9962780665149448,table,0.55,0.11553727008712489,True,-0.08012710039384725,-0.020203982057542105,0.05,-0.014589830306722368,11.634505438588214,0.00013228665843655895,0.30648265850989354,0.6935173414901065
plex,pinned_sig&secretion|depthT3,pinned_sig&secretion,depth,depthT3,True,123,369,False,123.0,340.0,0.36176470588235293,137.0,0.0,1.3286193374470479,0.050788940569378604,0.2587715284240365,4.938064108752141,0.009950248756218905,0.004975124378109453,5.468915258798341,0.13429509844924628,1.4617174080726991,3.6495564264934686,0.009950248756218905,0.004975124378109453,26.62517086517904,-0.1796640337884281,2.036095326645107,13.16482315350826,0.009950248756218905,0.004975124378109453,2.416775073007308,0.12002326499293878,0.6502692641668836,3.5320011794759165,0.049900875535211844,0.049900875535211844,0.047671638407550565,0.04550246151552879,0.047529130318872896,0.012056510315643518,0.10234973681910502,0.02208523070043033,0.013945470467441165,0.10487497306384025,0.013945470467441165,0.10487497306384025,0.011912195857006537,0.09284669414375267,200,-0.0727669259886684,0.003474114054572772,-6.128725339682591,0.25977910730538994,-0.006659924097382692,6.137176085000361,0.008130081300813009,0.10569105691056911,0.1317929653403846,9770.0,,,0.9991569589607796,,4.022305727244383e-05,0.1857,transferred,0.9991569589607796,table,0.55,0.1254267468991772,True,-0.07775510849162665,-0.023077010080072194,0.05,-0.0023283615924494377,10.16482315350826,4.022305727244383e-05,0.3800755387993188,0.6199244612006811
plex,pinned_sig&secretion|miss<=5,pinned_sig&secretion,miss,miss<=5,True,373,369,False,373.0,1400.0,0.2664285714285714,137.0,0.0,3.0333120462202117,0.1727133377273252,0.6242710340479641,4.582302481574214,0.009950248756218905,0.004975124378109453,12.819585558507343,0.8466253615063153,3.728489619875251,3.2112092073898877,0.009950248756218905,0.004975124378109453,75.13617340472078,-0.8038100377926196,5.324108931736892,14.2634165484175,0.009950248756218905,0.004975124378109453,5.687144840741669,0.41792658488349305,1.4974676174893875,3.5187527224744937,0.04037086144753853,0.04037086144753853,0.03766920374243117,0.036301745880647114,0.03880429848964418,0.01601525826258453,0.07791568663732254,0.0172220135452467,0.018468450975300515,0.08190500614638242,0.018468450975300515,0.08190500614638242,0.015762803274471927,0.07228289391769434,200,-0.07866499366850335,0.005029000128668781,-8.326084054523808,0.21342319640873716,-0.011798666756249528,6.574376647306399,0.0160857908847185,0.09115281501340483,0.13208203104779406,2705.0,,,0.9967639345196333,,0.00012229576701381002,0.1651,transferred,0.9967639345196333,table,0.55,0.10876152832674574,True,-0.07109232458431457,-0.030845841689423198,0.05,-0.012330796257568832,11.2634165484175,0.00012229576701381002,0.3463467672986706,0.6536532327013294
plex,splicing,splicing,primary,miss0,False,227,227,False,,227.0,,137.0,0.0,1.1634986423261788,0.14253507543035152,0.4945840397609914,2.064287329993927,0.03980099502487562,0.01990049751243781,7.748394022593648,1.271929460116291,3.4071327523593458,1.9008547753217375,0.05970149253731343,0.029850746268656716,20.21371352340409,-1.7474210602451603,2.9155514298258782,7.532412002404912,0.009950248756218905,0.004975124378109453,2.3464060167365677,0.31176539483643845,1.064085446393034,1.9121026688195186,0.05755986602753832,0.05755986602753832,0.04648956377945822,0.04442429756447684,0.05442705219492463,-0.0331644939437431,0.18099993592778668,0.052977410221736757,-0.030080083498998916,0.23433855174531573,-0.030080083498998916,0.23433855174531573,-0.03430232574160578,0.15325857518684832,200,0.0011923487735156734,0.009783623417579951,-0.5991925014809742,0.2242665316065146,-0.006093107683778644,4.407047673878703,0.02643171806167401,0.08370044052863436,0.06322315492979189,1909.0,,,0.992902823925988,,0.00033230303288110864,0.1651,transferred,0.992902823925988,unselected,1.0,0.19774823332135585,True,-0.15125866954189765,-0.016748297393569173,0.05,-0.003510436220541785,4.532412002404912,0.00033230303288110864,0.23509471108097918,0.7649052889190209
plex,splicing|depthT1,splicing,depth,depthT1,False,76,227,False,,76.0,,137.0,0.0,0.2185548184330364,0.014356123500977383,0.16583134837365188,1.2313636531010872,0.1691542288557214,0.0845771144278607,1.2629407169426907,0.2385491606936353,1.3310434145956185,0.7696154347905125,0.44776119402985076,0.22388059701492538,5.101213861210137,-0.5124489133380257,0.967576359451578,5.8017775235124445,0.009950248756218905,0.004975124378109453,0.43567031860721417,0.025582711655314196,0.3563337711243382,1.1508524877054245,0.04284368865515269,0.04284368865515269,0.03637530488255855,0.035098583217091014,0.041083519151756814,-0.09008496228049725,0.2426203019357848,0.22044397740322047,-0.10676734537487768,0.25702645780585376,-0.10676734537487768,0.25702645780585376,-0.0990047281923125,0.19519005998081554,200,-0.013156992712508007,0.006762523695629396,-1.2102571640703972,0.2000057933203788,-0.010352074428917142,4.735592941553082,0.039473684210526314,0.05263157894736842,0.054176247192109624,764.0,,,0.9851995348361462,,0.0005464592843402108,0.1408,transferred,0.9851995348361462,unselected,1.0,0.1638733705772812,True,-0.12749806569472266,0.07874693135850358,0.1,-0.06362469511744145,2.8017775235124445,0.0005464592843402108,0.2219720309310675,0.7780279690689325
plex,splicing|depthT2,splicing,depth,depthT2,False,75,227,False,,75.0,,137.0,0.0,0.44441078895116104,0.0476600803057589,0.182063807998744,2.179184940744177,0.01990049751243781,0.009950248756218905,2.939438297172526,0.30942849764034397,1.2609093826420028,2.085803972702211,0.029850746268656716,0.014925373134328358,6.794172559838982,-0.5740943759877299,1.021638734257787,7.212203970691952,0.009950248756218905,0.004975124378109453,0.9673092780082112,0.11657479702716537,0.39262439344400674,2.16678967274195,0.06541058311914487,0.06541058311914487,0.05384586526260087,0.05109463066421329,0.06139471876433388,-0.03548310446027968,0.1945519783637271,0.060518096842269775,-0.0272828577451639,0.25199134479822727,-0.0272828577451639,0.25199134479822727,-0.03678847419416438,0.1628635316403505,200,0.0016146796858353815,0.008395142681695288,-0.4185216181742328,0.22447662164433144,-0.005480067781712173,4.210401616944129,0.013333333333333334,0.10666666666666667,0.06657417139672099,1909.0,,,0.9926612406810342,,0.00039808328288568924,0.1736,transferred,0.9926612406810342,unselected,1.0,0.21006776379477252,True,-0.15622189853217164,-0.015515785431045426,0.1,-0.046154134737399134,4.212203970691952,0.00039808328288568924,0.2563261696602152,0.7436738303397847
plex,splicing|depthT3,splicing,depth,depthT3,False,76,227,False,,76.0,,137.0,0.0,0.5005330349419813,0.08051887162361522,0.1926423631668835,2.180279334273498,0.04975124378109453,0.024875621890547265,3.546015008478431,0.7239518017823116,1.288957899769544,2.189414570639338,0.03980099502487562,0.01990049751243781,8.31832710235497,-0.6608777709194047,1.185383386825874,7.574937335099811,0.009950248756218905,0.004975124378109453,0.9434264201211424,0.1696078861539589,0.42021074666678937,1.8415010565657695,0.060172319359775746,0.060172319359775746,0.0467763203141174,0.04468607037278101,0.05675711227408108,-0.006461539797864606,0.20359095190626958,0.0508755073785389,0.004629243058096478,0.25657743011199685,0.004629243058096478,0.25657743011199685,-0.006503684314251406,0.16915285922777187,200,0.015124916332908061,0.014174934392048266,0.055720835552345034,0.2483199441974364,-0.002439114526205744,4.066476983597369,0.02631578947368421,0.09210526315789473,0.0689631385224783,4930.0,,,0.9969326934505571,,0.00014391875660304618,0.1857,transferred,0.9969326934505571,unselected,1.0,0.22804863072577675,True,-0.18127231041165934,-0.024457678819507167,0.1,-0.053223679685882604,4.574937335099811,0.00014391875660304618,0.20511554998269146,0.7948844500173086
plex,splicing|miss<=5,splicing,miss,miss<=5,False,228,227,False,,228.0,,137.0,0.0,1.1788422865131203,0.1400358809549068,0.49604168241992175,2.094191763261574,0.029850746268656716,0.014925373134328358,7.831790720283232,1.2569816767083781,3.4183686502239907,1.92337624063573,0.05970149253731343,0.029850746268656716,20.29852088566151,-1.7539898628115744,2.926081289697541,7.536533870784082,0.009950248756218905,0.004975124378109453,2.3775935654376696,0.30617542861567726,1.0675895958552721,1.9402756872715012,0.058075280122791215,0.058075280122791215,0.047106037829735124,0.044986883971530306,0.054887663679328645,-0.033612692155595474,0.17883759041803113,0.053019820124372605,-0.028006020632351865,0.24016840763549244,-0.028006020632351865,0.24016840763549244,-0.03478180644466671,0.15170528443533068,200,0.0012214968617000927,0.00971367926609884,-0.5947743114343467,0.22330896734512437,-0.006090652325250158,4.397554086467798,0.02631578947368421,0.08333333333333333,0.06355924083721937,1904.5,,,0.9928055927476129,,0.00034135587336444413,0.1651,transferred,0.9928055927476129,unselected,1.0,0.19774823332135585,True,-0.15064219549162072,-0.018910642903324726,0.05,-0.0028939621702648785,4.536533870784082,0.00034135587336444413,0.23821218040003547,0.7617878195999646
plex,pinned_sig&splicing,pinned_sig&splicing,primary,miss0,True,51,51,False,51.0,227.0,0.22466960352422907,137.0,0.0,0.3491928019175554,0.04641579511096507,0.1393509189208892,2.1727664887411304,0.029850746268656716,0.014925373134328358,2.2450840351945325,0.4409847350098069,1.0121170707112377,1.782500614199644,0.09950248756218906,0.04975124378109453,10.333438262418843,-0.45551401869774694,0.9303080865130512,11.597182092176979,0.009950248756218905,0.004975124378109453,0.6474944926141363,0.097472517299863,0.2951187756113929,1.8637308797950976,0.03379250865488953,0.03379250865488953,0.028063615346276684,0.027297547474067718,0.032687902429142546,-0.011266077849958776,0.08415059900618224,0.026000657021864014,-0.006391267819475135,0.09371220263234462,-0.006391267819475135,0.09371220263234462,-0.011394760642101355,0.07761860668288348,200,-0.02572038197624827,0.013787177165394831,-2.054049087759584,0.22736682652627785,-0.005996791198944604,3.9581523899735793,0.0196078431372549,0.09803921568627451,0.06079996361437143,2229.0,,,0.9945288086087374,,0.00015438608651774114,0.1651,transferred,0.9945288086087374,table,0.55,0.10876152832674574,True,-0.08069791298046905,-0.024610929320563496,0.1,-0.07193638465372332,8.597182092176979,0.00015438608651774114,0.2580288800463234,0.7419711199536766
plex,pinned_sig&splicing|depthT1,pinned_sig&splicing,depth,depthT1,True,17,51,False,17.0,98.0,0.17346938775510204,137.0,0.0,0.08713069839171406,0.005195577952798989,0.07369854842331433,1.1117603018215638,0.24875621890547264,0.12437810945273632,0.5859725316942949,0.06293177513344039,0.528957461405432,0.9888144032813964,0.3681592039800995,0.18407960199004975,2.8271582414442578,-0.06155059284803685,0.3250709155844234,8.886395847191917,0.009950248756218905,0.004975124378109453,0.16260777966770887,0.010829931275232239,0.15915179035779364,0.9536672383720004,0.030819179879794496,0.030819179879794496,0.02836392490175922,0.027581602402543298,0.029897755572794414,-0.06388891877630594,0.17132343574874254,0.05740678730736842,-0.06310765028418436,0.1772862762036011,-0.06310765028418436,0.1772862762036011,-0.06824942564381652,0.14626483075711205,200,-0.041855208560844036,0.007630223710095786,-1.6645816231751445,0.18343884822730366,-0.008936572156586296,3.254081840857318,0.0,0.058823529411764705,0.07417926590567156,1029.0,,,0.9874042114514634,,0.0003618234521644965,0.1408,transferred,0.9874042114514634,table,0.45,0.07374301675977654,False,-0.04537909185801732,0.097580418988966,0.1,-0.07163607509824078,5.886395847191917,0.0003618234521644965,0.3846320119253712,0.6153679880746288
plex,pinned_sig&splicing|depthT2,pinned_sig&splicing,depth,depthT2,True,17,51,False,17.0,66.0,0.25757575757575757,137.0,0.0,0.10259982635186013,0.01941164748097117,0.05477692716890819,1.5186718782959994,0.11940298507462686,0.05970149253731343,0.5556679364296017,0.1549724010715673,0.44654661046780936,0.8973207409149503,0.3582089552238806,0.1791044776119403,3.579934739696044,-0.15724043414705163,0.3721412119961959,10.042357721673937,0.009950248756218905,0.004975124378109453,0.2038524332245225,0.04043107987614578,0.11532510985969605,1.4170491885695522,0.028659691813424346,0.028659691813424346,0.022259641306924084,0.02177493897584169,0.027861198452230757,-0.032473073303980506,0.0859672362688837,0.030270362558401934,-0.028653112235845272,0.09565742788604893,-0.028653112235845272,0.09565742788604893,-0.0335629725150705,0.07916108183849357,200,-0.037508495645117636,0.014329171235134996,-1.9535365719826907,0.23916186669054462,-0.00459204798317371,4.2304705644865885,0.058823529411764705,0.11764705882352941,0.06067601011316359,2229.0,,,0.9945288086087374,,0.00012245674216456972,0.1736,transferred,0.9945288086087374,table,0.55,0.11553727008712489,False,-0.09327762878020081,-0.029570033818241193,0.1,-0.07774035869307593,7.0423577216739375,0.00012245674216456972,0.1926619980733354,0.8073380019266646
plex,pinned_sig&splicing|depthT3,pinned_sig&splicing,depth,depthT3,True,17,51,False,17.0,63.0,0.2698412698412698,137.0,0.0,0.1594622771739812,0.021808569677194925,0.04455989164402419,3.089184071551634,0.009950248756218905,0.004975124378109453,1.103443567070636,0.22308055880479927,0.377771222301635,2.3304131079706822,0.01990049751243781,0.009950248756218905,3.9263452812785413,-0.23672299170265845,0.4262293173170171,9.767203014533205,0.009950248756218905,0.004975124378109453,0.28103427972190487,0.04621150614848499,0.0924665940166102,2.539541723914234,0.04061341164627663,0.04061341164627663,0.033065445596983115,0.032007116042755065,0.039028337701342126,-0.005822031698621094,0.10232639943506552,0.027278971268168542,0.0004489109238312558,0.11625584477664817,0.0004489109238312558,0.11625584477664817,-0.005856263920222739,0.09282767040234698,200,0.0022025582772168687,0.01940213655095371,-0.7502336544133642,0.2594997646609851,-0.004461753457073805,3.684993499544898,0.0,0.11764705882352941,0.04754461482427913,8246.0,,,0.998120331864413,,6.226910973904388e-05,0.1857,transferred,0.998120331864413,table,0.55,0.1254267468991772,False,-0.0923613013021941,-0.023100347464111687,0.1,-0.06693455440301689,6.767203014533205,6.226910973904388e-05,0.2636235604799858,0.7363764395200142
plex,pinned_sig&splicing|miss<=5,pinned_sig&splicing,miss,miss<=5,True,51,51,False,51.0,228.0,0.2236842105263158,137.0,0.0,0.3491928019175554,0.04641579511096507,0.1393509189208892,2.1727664887411304,0.029850746268656716,0.014925373134328358,2.2450840351945325,0.4409847350098069,1.0121170707112377,1.782500614199644,0.09950248756218906,0.04975124378109453,10.333438262418843,-0.45551401869774694,0.9303080865130512,11.597182092176979,0.009950248756218905,0.004975124378109453,0.6474944926141363,0.097472517299863,0.2951187756113929,1.8637308797950976,0.03379250865488953,0.03379250865488953,0.028063615346276684,0.027297547474067718,0.032687902429142546,-0.011266077849958776,0.08415059900618224,0.026000657021864014,-0.006391267819475135,0.09371220263234462,-0.006391267819475135,0.09371220263234462,-0.011394760642101355,0.07761860668288348,200,-0.02572038197624827,0.013787177165394831,-2.054049087759584,0.22736682652627785,-0.005996791198944604,3.9581523899735793,0.0196078431372549,0.09803921568627451,0.06079996361437143,2229.0,,,0.9945288086087374,,0.00015438608651774114,0.1651,transferred,0.9945288086087374,table,0.55,0.10876152832674574,True,-0.08069791298046905,-0.024610929320563496,0.1,-0.07193638465372332,8.597182092176979,0.00015438608651774114,0.2580288800463234,0.7419711199536766
plex,translation,translation,primary,miss0,False,1144,1144,False,,1145.0,,137.0,0.0,6.374289960084113,0.6208637670600043,1.583582786632686,3.6331704547370927,0.009950248756218905,0.004975124378109453,36.41024013947269,3.8745577489577543,10.71903894128413,3.0353171183290053,0.009950248756218905,0.004975124378109453,102.1658951626728,-5.904718831402968,10.181323740168322,10.614593617891291,0.009950248756218905,0.004975124378109453,13.112654342521578,1.4609142150177212,3.635589949029756,3.204910424679054,0.06239156373988308,0.06239156373988308,0.053237656198932115,0.05054666996151984,0.05872746534267387,0.01044139566230986,0.12497327622248676,0.0310353052032274,0.016994232724560104,0.14282385894791666,0.016994232724560104,0.14282385894791666,0.010333413311054944,0.1110896977659607,200,-0.014977294381061252,0.007485383097745288,-2.478256591632443,0.21619891122189094,-0.00892379358971535,5.749864806057654,0.026223776223776224,0.09965034965034965,0.10707752366330706,1890.0,,,0.9941269153818437,,0.0003145164414028004,0.1651,transferred,0.9941269153818437,unselected,1.0,0.19774823332135585,True,-0.14451057712242374,-0.0727749570988691,0.05,0.0032376561989321123,7.614593617891291,0.0003145164414028004,0.26921937710774335,0.7307806228922566
plex,translation|depthT1,translation,depth,depthT1,False,381,1144,False,,382.0,,137.0,0.0,1.4096798049854882,0.10914663631870213,0.5048834292234784,2.5759078103772075,0.009950248756218905,0.004975124378109453,9.346920363965166,0.5297076841517968,3.8450038041514514,2.293160976926323,0.029850746268656716,0.014925373134328358,26.918172588379043,-2.362868743762892,3.3632849837559013,8.706083924961584,0.009950248756218905,0.004975124378109453,3.0307735652461893,0.2648040184843627,1.1363892979913552,2.433998236036598,0.05236907521701777,0.05236907521701777,0.04441553679442352,0.04252669098618169,0.049763031288446315,-0.017249786867622467,0.1164647456330925,0.03879731758973221,-0.01412487532973151,0.1437569445442698,-0.01412487532973151,0.1437569445442698,-0.017553681489616176,0.10431500212311645,200,-0.008796014275258269,0.005563947953219581,-1.5178609572062254,0.19388971807759503,-0.012564742834338317,6.1969775231687585,0.028871391076115485,0.06561679790026247,0.09175591906418733,649.0,,,0.9837067047039622,,0.0007356618118622667,0.1408,transferred,0.9837067047039622,unselected,1.0,0.1638733705772812,True,-0.1194578337828577,-0.04740862494418871,0.05,-0.005584463205576484,5.706083924961584,0.0007356618118622667,0.27103571884778893,0.728964281152211
plex,translation|depthT2,translation,depth,depthT2,False,381,1144,False,,381.0,,137.0,0.0,2.366396146734627,0.2104315713522304,0.6064930478001754,3.55480509331862,0.009950248756218905,0.004975124378109453,13.008726197703574,1.452343265137323,4.142894017536909,2.789446914076965,0.009950248756218905,0.004975124378109453,33.936764851690356,-2.044858879020059,3.1662782049512064,11.364012067684024,0.009950248756218905,0.004975124378109453,4.924618431673064,0.5072549915917455,1.4015581441582565,3.1517518259895563,0.06972957372560983,0.06972957372560983,0.05991849038047371,0.0565312247349936,0.06518430025521176,0.010255583164018018,0.14779296337914868,0.03704089107560448,0.01708124636154468,0.1679845003555159,0.01708124636154468,0.1679845003555159,0.010149681888352281,0.12876266639732598,200,-0.012847823170900897,0.008155798231581102,-1.9479959240283153,0.21901412703664996,-0.008460131009654143,5.0819928615359675,0.031496062992125984,0.12860892388451445,0.11100239236614443,1884.0,,,0.9938209888162531,,0.0003725389444784897,0.1736,transferred,0.9938209888162531,unselected,1.0,0.21006776379477252,True,-0.1501492734142988,-0.06227480041562383,0.05,0.00991849038047371,8.364012067684024,0.0003725389444784897,0.28523410397709376,0.7147658960229062
plex,translation|depthT3,translation,depth,depthT3,False,382,1144,False,,382.0,,137.0,0.0,2.598214008363997,0.3012855593890718,0.6333214064702166,3.626797429407502,0.009950248756218905,0.004975124378109453,14.054593577803953,1.8925067996686347,4.063659966599866,2.9928898771300356,0.009950248756218905,0.004975124378109453,41.31095772260339,-1.496991208620017,4.403177735885114,9.72205790884757,0.009950248756218905,0.004975124378109453,5.157262345602323,0.688855204941613,1.4914640950129197,2.9959870677423197,0.06289406374479617,0.06289406374479617,0.05365658730029888,0.05092417012053132,0.05917246684322175,0.012210372946556684,0.149788258278902,0.03440193876019856,0.023202145173607913,0.16331922576196065,0.023202145173607913,0.16331922576196065,0.0120630782596048,0.1302745964656729,200,-0.02326628980352731,0.00873312818694123,-3.035937001967722,0.23564185719716207,-0.005754824429511086,5.559593219330268,0.01832460732984293,0.10471204188481675,0.1184444251724264,5944.0,,,0.9983496579754216,,8.869810312422742e-05,0.1857,transferred,0.9983496579754216,unselected,1.0,0.22804863072577675,True,-0.17439204342547787,-0.07826037244687475,0.05,0.003656587300298879,6.722057908847569,8.869810312422742e-05,0.23528572449452548,0.7647142755054745
plex,translation|miss0-5,translation,miss,miss0-5,False,69,1144,False,,69.0,,132.0,0.03649635036496346,0.11739043683486976,-0.012466646192977979,0.10622222941409795,1.2225038369474566,0.21890547263681592,0.10945273631840796,0.3160855261529675,-0.13528998839998996,0.7915986015328355,0.5702075694410311,0.5970149253731343,0.29850746268656714,2.646044196132915,-0.5147878558911023,0.5384751390497318,5.869968403001969,0.009950248756218905,0.004975124378109453,0.13070416635164697,-0.03478159533957557,0.24538793750344734,0.6743842561083415,0.044364503437407075,0.044364503437407075,0.04108319609853824,0.03946197215793859,0.042479903607779035,-0.1528388692622344,0.28808183836096113,0.18020505362513853,-0.24748317623030744,0.46486101701093074,-0.24748317623030744,0.46486101701093074,-0.1804142276770188,0.22355735083944564,200,-0.00940724452180608,0.004547683093253043,-1.166870212067536,0.17448968236256865,-0.016338014668945765,6.586585913964051,0.043478260869565216,0.08695652173913043,0.09499264258497613,1135.5,,,0.991827667612553,,0.0003385119663621588,0.1651,transferred,0.991827667612553,unselected,1.0,0.19774823332135585,True,-0.1566650372228176,0.09033360503960527,0.1,-0.05891680390146176,2.8699684030019688,0.0003385119663621588,0.20775506010096653,0.7922449398990334
plex,translation|miss5-20,translation,miss,miss5-20,False,82,1144,False,,82.0,,124.0,0.0948905109489051,0.4348598828097321,0.05900765585334005,0.12295802169631112,3.0567523921675783,0.01990049751243781,0.009950248756218905,2.3594382366651283,0.3668052758950897,0.8810509334574697,2.261654672960207,0.03980099502487562,0.01990049751243781,2.889498035831018,-0.7782183097188422,0.6781416791443791,5.408480938935164,0.009950248756218905,0.004975124378109453,0.9614024957847498,0.12944422776398729,0.27650244373158733,3.0088640693113717,0.15049668745826528,0.15049668745826528,0.10247581643341196,0.09295062522543901,0.13081018754669346,-0.06726806848048512,0.5634823947047845,0.18922108997511095,-0.1104363711614343,0.9967192263716217,-0.1104363711614343,0.9967192263716217,-0.07211945142126928,0.3602075663278875,200,0.01199023921890797,0.008894572450712197,0.281239698063667,0.23319629465221053,-0.014621884368160183,7.8267583248428965,0.012195121951219513,0.0975609756097561,0.0834770505808526,967.25,,,0.9900999631570874,,0.0010246585152507161,0.1651,transferred,0.9900999631570874,unselected,1.0,0.19774823332135585,True,-0.0952724168879439,0.3657341613834286,0.1,0.002475816433411951,2.4084809389351642,0.0010246585152507161,0.5182135623274116,0.48178643767258844
plex,translation|miss20+,translation,miss,miss20+,False,138,1144,False,,138.0,,74.5,0.4562043795620438,0.43562441570011035,0.0021976669321414864,0.3440154421305211,1.2599049219526741,0.21890547263681592,0.10945273631840796,2.7925564952646,0.2711794172703168,1.4618395803622737,1.7247973798666982,0.10945273631840796,0.05472636815920398,0.5664778860440648,-1.7671358679362055,1.7371158255359704,1.3433840850884289,0.14925373134328357,0.07462686567164178,0.6884372698260361,0.028105866456673078,0.3901209909069376,1.6926323339696516,0.769005157010179,0.769005157010179,0.18573199957735306,0.1566391053320279,0.43471052300937646,-4.305514190822354,3.1649501846744514,7.655163537572981,-1.962888670970946,4.574636832456845,-1.962888670970946,4.574636832456845,-4.964910529714926,0.7605861306367092,200,0.013140431953481189,0.005494079663172069,0.7408073141208916,0.15218796419691824,-0.0141026953393378,6.947577312857248,0.057971014492753624,0.06521739130434782,0.07222456226452292,706.75,,,0.988059778760731,,0.0022444807630434276,0.1651,transferred,0.988059778760731,unselected,1.0,0.19774823332135585,True,-0.012016233744002791,2.9672019513530956,0.05,0.13573199957735305,-1.6566159149115711,0.0022444807630434276,0.9392346847191524,0.06076531528084761
plex,translation|miss<=5,translation,miss,miss<=5,False,1213,1144,False,,1214.0,,137.0,0.0,6.491680396918983,0.6083971208670262,1.6188708394116624,3.6341894194536772,0.009950248756218905,0.004975124378109453,36.72632566562566,3.739267760557764,10.948096318281445,3.013040527418923,0.009950248756218905,0.004975124378109453,104.81193935880572,-6.41950668729407,10.446096703613385,10.648134820312738,0.009950248756218905,0.004975124378109453,13.243358508873225,1.4261326196781456,3.716907268621288,3.179316844667594,0.061936459115557695,0.061936459115557695,0.05289226639752247,0.05023521217274555,0.05832407257882639,0.010281964703409212,0.12427280006117819,0.03106564520013356,0.016703885761334133,0.14063388386643969,0.016703885761334133,0.14063388386643969,0.010177316455733637,0.11053602041826993,200,-0.014660449005720274,0.007318275677868977,-2.5140336336855897,0.2138263334879311,-0.009345542356794407,5.8503218363639276,0.02720527617477329,0.0989282769991756,0.10639009019718601,1817.0,,,0.9940272200510324,,0.0003178120898725055,0.1651,transferred,0.9940272200510324,unselected,1.0,0.19774823332135585,True,-0.1448559669238334,-0.07347543326017766,0.05,0.002892266397522464,7.6481348203127375,0.0003178120898725055,0.2674727632664537,0.7325272367335462
plex,pinned_sig&translation,pinned_sig&translation,primary,miss0,True,248,248,False,248.0,1145.0,0.2165938864628821,137.0,0.0,2.136994608761646,0.20824726224232037,0.42832537702432183,4.502995736369374,0.009950248756218905,0.004975124378109453,11.006883912950268,1.3277045649667982,2.8846138292857693,3.355450649829283,0.009950248756218905,0.004975124378109453,50.108904203154495,-0.5232892968542333,3.5179975327137734,14.392333430930861,0.009950248756218905,0.004975124378109453,3.978980967821862,0.4596619271968278,1.0190827064216066,3.453418469814608,0.04264700341675235,0.04264700341675235,0.03809330019484527,0.036695449424146494,0.04090262886384193,0.01722758217591275,0.08082201687646104,0.01600535142361247,0.022252385595807132,0.08540721487173275,0.022252385595807132,0.08540721487173275,0.016935759145569974,0.07477828485472703,200,-0.05852533445782792,0.007714252146806233,-6.093257457972652,0.23885153242095042,-0.007844760132833924,6.172901597711343,0.020161290322580645,0.10080645161290322,0.11502096747326883,2725.5,,,0.9960429940514668,,0.0001513342459818309,0.1651,transferred,0.9960429940514668,table,0.55,0.10876152832674574,True,-0.07066822813190046,-0.0279395114502847,0.05,-0.011906699805154734,11.392333430930861,0.0001513342459818309,0.3502460914341315,0.6497539085658686
plex,pinned_sig&translation|depthT1,pinned_sig&translation,depth,depthT1,True,83,248,False,83.0,462.0,0.17965367965367965,137.0,0.0,0.318542941382052,0.031181035532445014,0.14556671170104396,1.974090796526155,0.05970149253731343,0.029850746268656716,2.45843425668155,0.20415531832849665,1.0965440671726552,2.0558033241340845,0.029850746268656716,0.014925373134328358,16.00287115318211,-0.1939407094838141,1.181710515842529,13.706243318921485,0.009950248756218905,0.004975124378109453,0.6143900889056725,0.06982676038184749,0.33254251465289614,1.6375750604166615,0.019905361877434788,0.019905361877434788,0.017741880827299338,0.01743259382514294,0.019516871487755622,-0.008034932119507303,0.05857530675922186,0.018650646767897544,-0.0065806091940979845,0.06171495036634039,-0.0065806091940979845,0.06171495036634039,-0.008100558705388864,0.055333995463174,200,-0.05542719613365917,0.0037862225227132274,-4.86023049336249,0.2016214988463169,-0.00901107141546229,6.309651791193191,0.04819277108433735,0.060240963855421686,0.0909870395949686,760.0,,,0.9876522280100669,,0.00022181157791690284,0.1408,transferred,0.9876522280100669,table,0.45,0.07374301675977654,True,-0.0560011359324772,-0.015167710000554682,0.1,-0.08225811917270066,10.706243318921485,0.00022181157791690284,0.24059065667322588,0.7594093433267741
plex,pinned_sig&translation|depthT2,pinned_sig&translation,depth,depthT2,True,82,248,False,82.0,428.0,0.19158878504672897,137.0,0.0,0.6624888791665436,0.11643002887735861,0.1722848969560903,3.169510850555619,0.009950248756218905,0.004975124378109453,3.55057558965514,0.8008133637272763,1.1382977406678234,2.4156792442675115,0.029850746268656716,0.014925373134328358,16.6665341251563,-0.14409420375716267,1.1186278920563795,15.027900205501222,0.009950248756218905,0.004975124378109453,1.1642146359958558,0.25705208550300307,0.3914801992552819,2.3172629221568815,0.03974964885870239,0.03974964885870239,0.032482953022641654,0.031461006622478666,0.038230019026536076,0.003927642099242778,0.08956656954357864,0.02179177596399449,0.010514783895243478,0.09831101714013991,0.010514783895243478,0.09831101714013991,0.003912105936843433,0.08220381230235871,200,-0.05954346141608542,0.012596202604052066,-5.079385716449093,0.251965691720026,-0.009286862904882249,5.475467306621185,0.0,0.10975609756097561,0.11041016386062734,2725.5,,,0.9958565494190924,,0.00013515150414963794,0.1736,transferred,0.9958565494190924,table,0.45,0.09453049370764764,True,-0.06204754068500599,-0.004963924164069003,0.1,-0.06751704697735836,12.027900205501222,0.00013515150414963794,0.34362407037776577,0.6563759296222342
plex,pinned_sig&translation|depthT3,pinned_sig&translation,depth,depthT3,True,83,248,False,83.0,255.0,0.3254901960784314,137.0,0.0,1.1559627882130505,0.060636197832516725,0.21020397749063782,5.210779564955273,0.009950248756218905,0.004975124378109453,4.997874066613578,0.3227358829110255,1.2897708110823485,3.6247821268177676,0.009950248756218905,0.004975124378109453,17.439498924816082,-0.18525438361325663,1.4845121129878522,11.872421352599337,0.009950248756218905,0.004975124378109453,2.2003762429203335,0.1327830813119772,0.5441205383346721,3.799880754246851,0.06628417440183083,0.06628417440183083,0.06214705937794178,0.058510786081109045,0.062163704566857374,0.02741796124272437,0.11773795559792904,0.02260155338811571,0.031043480569845162,0.12331334691237283,0.031043480569845162,0.12331334691237283,0.02668527616327186,0.1053358586158805,200,-0.06061761241359767,0.006819149993861185,-4.562461956925868,0.2631254086157743,-0.005253720810350586,5.983949612513502,0.012048192771084338,0.13253012048192772,0.14361014711345585,10113.0,,,0.9990005428157418,,6.217546669267553e-05,0.1857,transferred,0.9990005428157418,table,0.55,0.1254267468991772,True,-0.06327968752123543,-0.007688791301248166,0.1,-0.037852940622058226,8.872421352599337,6.217546669267553e-05,0.49548490185987165,0.5045150981401283
plex,pinned_sig&translation|miss<=5,pinned_sig&translation,miss,miss<=5,True,252,248,False,252.0,1214.0,0.20757825370675453,137.0,0.0,2.1466477650093396,0.21320126559948815,0.43194283041691267,4.476162962454273,0.009950248756218905,0.004975124378109453,11.124673647746203,1.3795973423927024,2.921354363469636,3.335807674416965,0.009950248756218905,0.004975124378109453,50.87684730440613,-0.5184086554391228,3.572988314914277,14.384389600523596,0.009950248756218905,0.004975124378109453,3.993484631554492,0.4702874395108288,1.0244836745808892,3.438997886896523,0.04219301860757067,0.04219301860757067,0.03761916276709351,0.03625526986873661,0.0404848409596362,0.016490968884420577,0.07924864416175802,0.015874572573052217,0.021663082620604568,0.08452388449611163,0.021663082620604568,0.08452388449611163,0.016223428769443837,0.07342944828571195,200,-0.05812306423626476,0.007815370059423798,-6.090431947379339,0.237727543492745,-0.00791981046479641,6.208356929787695,0.01984126984126984,0.0992063492063492,0.11388311664703094,2713.5,,,0.9960429940514668,,0.00014945062787172851,0.1651,transferred,0.9960429940514668,table,0.55,0.10876152832674574,True,-0.07114236555965223,-0.02951288416498772,0.05,-0.012380837232906491,11.384389600523596,0.00014945062787172851,0.345886669172913,0.654113330827087
