set,arm,parent,kind,stratum,selected,n_genes,n_complete,mnar_exposed,n_sel,G_tested,s,median_n_fit,median_miss_frac,N_set,N_null_mean,N_null_sd,N_z,N_p2,N_p_up,Nc_set,Nc_null_mean,Nc_null_sd,Nc_z,Nc_p2,Nc_p_up,D_set,D_null_mean,D_null_sd,D_z,D_p2,D_p_up,Nc_rhow_set,Nc_rhow_null_mean,Nc_rhow_null_sd,Nc_rhow_z,theta_raw,theta_set,theta_pc,lambda_hat_noise,lambda_hat_noise_raw,theta_pc_ci_lo,theta_pc_ci_hi,theta_pc_boot_se,theta_raw_ci_lo,theta_raw_ci_hi,theta_ci_lo,theta_ci_hi,lambda_ci_lo,lambda_ci_hi,n_boot,S_cross_mean,S_cross_null_mean,S_cross_z,Wm_mean,Wm_null_mean,Wm_z,frac_Nc_below_band,frac_Nc_above_band,rho2bar,median_cnt_depth,median_icc,mean_icc,median_lambda_poisson_ub,fX_if_lambda_icc,fX_if_lambda_poisson,lambda_lo,lambda_lo_source,lambda_hi,kappa_source,kappa,theta_noise_min,theta_reading_ok,margin_theta_pc_minus_tnm,margin_ci_hi_minus_tnm,r1_band_limit,margin_abs_theta_pc_minus_band,z_D_minus_gate,fX_lo,fX_hi,post_share_lb,N_z_unres,Nc_z_unres,D_z_unres,theta_pc_unres,theta_raw_unres,S_cross_z_unres,phi_op_D,E0_D_within,E0_D_unres,spline_theta_pc,spline_theta_raw,spline_N_z,spline_Nc_z,spline_D_z,spline_lambda_hat,spline_n_genes,spline_dp,dp_linear_published_mean,rnapc_theta_pc,rnapc_theta_raw,rnapc_N_z,rnapc_Nc_z,rnapc_D_z,rnapc_lambda_hat,rnapc_n_genes,purity_theta_pc,purity_theta_raw,purity_N_z,purity_Nc_z,purity_D_z,purity_lambda_hat,purity_n_genes,phi_op_dp,dp_obs_set,E0_dp_within,E0_dp_unres
all,operator,all,primary,miss0,False,8543,8543,False,,8559.0,,100.0,0.0,79.3886933781323,-17.305597561818622,21.39071213070305,4.520386714996798,0.009950248756218905,0.004975124378109453,228.91464970607566,-69.2520916517945,77.45976181370503,3.849311363427343,0.009950248756218905,0.004975124378109453,1215.790231883056,473.8251813786075,91.89307897795686,8.074221244479464,0.009950248756218905,0.004975124378109453,156.97874119498093,-27.489203360173207,42.39693345666458,4.350973750111089,0.06529801876691546,0.06529801876691546,0.13032189437253175,0.11529626650722934,0.06129554135705429,0.005580084629522175,0.3220628800005422,0.07863994865834294,-0.015744042072153238,0.14543036927433167,-0.015744042072153238,0.14543036927433167,0.005545507444974179,0.24360538827518682,200,-0.08038529304276665,-0.04384073976049582,-3.3214558395190044,0.2490888552854281,0.08291751526212186,6.5120430173805115,0.034765304928011234,0.11904483202622029,0.2607821093303968,1330.5,0.20216110613835522,0.13907775802526737,0.9956661012016254,0.5143218596210871,0.0005672603503738739,0.20216110613835522,icc,0.9956661012016254,unselected,1.0,0.2533858748849269,True,-0.12306398051239517,0.06867700511561525,0.05,0.08032189437253175,5.074221244479464,0.0005672603503738739,0.5143218596210871,0.4856781403789129,3.316409594751516,2.3845530649852917,14.004586916227096,0.05741596158093993,0.06529801876691546,-7.6979723338352,0.4242606782866386,473.8251813786075,-72.9267664564191,0.17051700780587647,0.103908579029932,5.641459060838103,5.034965245412081,8.110815415937088,0.14567665968861834,8496.0,-0.100136092221387,-0.09554014171711744,0.7147428330877493,-4.379909233397287,0.5046180542142314,0.3940078518712827,0.0552146242793216,0.4168221725707446,8543.0,0.08232488602089628,0.029903497543064088,2.6355657392328022,2.323700357551727,7.652477385914009,0.07606300759059406,8543.0,,,,
all|depthT1,operator,all,depth,depthT1,False,2847,8543,False,,2863.0,,100.0,0.0,34.339719800528016,-0.681021295877386,6.278593901976064,5.577800004772296,0.009950248756218905,0.004975124378109453,105.78977537403404,-3.72023943359433,23.183887708265654,4.723539735252652,0.009950248756218905,0.004975124378109453,315.4115426494998,110.03000522418284,27.578097629947028,7.447269937948633,0.009950248756218905,0.004975124378109453,66.94222445355175,-0.8582545148330252,13.048592796600223,5.195999294732379,0.10887274293156715,0.10887274293156715,0.17051552703046652,0.14567557891611657,0.09818326189868849,0.06198935437414869,0.3629717746280546,0.08490600655499779,0.0330333602718903,0.21076985685495664,0.0330333602718903,0.21076985685495664,0.05837005296215984,0.26630812975483104,200,-0.048338210592536575,-0.026169328588481325,-2.7344893511631283,0.23059011019098663,0.07676883235203182,7.132549464157092,0.03161222339304531,0.12188268352651914,0.2684254638220502,401.5,0.2059524929775728,0.1512180914265162,0.987803414456869,0.6574206856622092,0.0021053857290042324,0.2059524929775728,icc,0.987803414456869,unselected,1.0,0.25937049251608046,True,-0.08885496548561395,0.10360128211197411,0.05,0.12051552703046652,4.447269937948633,0.0021053857290042324,0.6574206856622092,0.34257931433779076,5.038663005793676,3.8521905951875706,12.522856412024394,0.09851911257896541,0.10887274293156715,-6.341013260181963,0.3903123732703528,110.03000522418284,-21.45200586464603,0.21307068064243218,0.1505584519474351,6.246909289848183,5.47321094688823,7.508303162886791,0.17564572620747185,2800.0,-0.15026306249731924,-0.14295472160622813,-0.19487222190367728,-0.0009231826976393158,0.7339579473147466,0.45763050718602793,-0.33208494541463507,-0.24203887532540636,2847.0,0.130947559656321,0.07770779775568012,4.143106420798191,3.880440347618408,7.118224519103454,0.11578570424265658,2847.0,,,,
all|depthT2,operator,all,depth,depthT2,False,2848,8543,False,,2848.0,,100.0,0.0,24.108586681843185,-7.22601672198012,7.450451996269232,4.205731869625349,0.009950248756218905,0.004975124378109453,69.61334368391246,-30.176512501350672,27.177223786307696,3.6718193502729592,0.009950248756218905,0.004975124378109453,397.0061932606953,154.7570864446656,30.46460319756557,7.951822160460237,0.009950248756218905,0.004975124378109453,47.2208053557945,-11.856635624416102,14.681511302802193,4.023934577425606,0.060725971259627705,0.060725971259627705,0.12934868497830881,0.11453387841930608,0.05724944321624813,-0.009749114496714976,0.3404051571192711,0.09174566603836273,-0.024640854836177766,0.1549503044323788,-0.024640854836177766,0.1549503044323788,-0.009880310067199069,0.25394906561857683,200,-0.08118487917014483,-0.04628839972177066,-2.9665330849005205,0.25475798964573976,0.08965134511080103,6.2000338001111786,0.03651685393258427,0.1190308988764045,0.2584372701732974,1330.25,0.17684346035241844,0.11404405627472473,0.9953201148950881,0.6020817265310523,0.0006081832117235324,0.17684346035241844,icc,0.9953201148950881,unselected,1.0,0.21483575946335862,True,-0.0854870744850498,0.1255693976559125,0.05,0.07934868497830881,4.951822160460237,0.0006081832117235324,0.6020817265310523,0.3979182734689477,2.8073618129774562,1.9692482129022157,13.642120395226222,0.05270004130192624,0.060725971259627705,-7.106329270573331,0.42603932234243214,154.7570864446656,-25.05949215296394,0.16579949692385174,0.09717596894311804,5.280589769664626,4.749262964925702,7.995844322118111,0.1422195646518464,2848.0,-0.1031184609545383,-0.1006559918472487,-0.7288465757884626,0.2812723758572637,0.19727798190609722,-0.35637744600848414,-0.022489685146538967,-2.687949001226187,2848.0,0.08059277745694339,0.02438676181459441,2.375998741733051,2.1451075247225515,7.494003322710564,0.07458200641189704,2848.0,,,,
all|depthT3,operator,all,depth,depthT3,False,2848,8543,False,,2848.0,,100.0,0.0,20.94038689576111,-9.39855954396111,9.460633305909516,3.206862105179705,0.009950248756218905,0.004975124378109453,53.511530648129146,-35.355339716849514,34.801975963683816,2.55350071092837,0.009950248756218905,0.004975124378109453,503.3724959728611,209.03808970975916,35.813226477792625,8.218595061397647,0.009950248756218905,0.004975124378109453,42.8157113856347,-14.774313220924041,18.188305490614287,3.166321603531287,0.04160018090636818,0.04160018090636818,0.10307645247767129,0.09344452258603335,0.03993872281221091,-0.03954034785592148,0.3238563795415953,0.08236504760515855,-0.041767829014343213,0.12831852224354343,-0.041767829014343213,0.12831852224354343,-0.04116900437201985,0.2446154105047837,200,-0.11162153687880318,-0.059058286121807094,-3.3728848881063445,0.261911970673668,0.0823302093758817,5.490040324428699,0.03616573033707865,0.11622191011235955,0.2554862777579535,3721.375,0.2166387060986304,0.15197538913207567,0.9983405446839169,0.3727224217583254,0.00017133508995291632,0.2166387060986304,icc,0.9983405446839169,unselected,1.0,0.2765501790619574,True,-0.17347372658428611,0.047306200479637905,0.05,0.05307645247767129,5.218595061397647,0.00017133508995291632,0.3727224217583254,0.6272775782416746,1.9242217673913669,1.1861981567891853,14.168480834462319,0.03503770754829851,0.04160018090636818,-7.412340051003468,0.4444295885354006,209.03808970975916,-26.41526843880916,0.14510952632006888,0.08047950686256079,4.447761299620948,3.9035659820190722,8.237581626411412,0.12672108910524374,2848.0,-0.04787158978998774,-0.04380883383083803,0.08713476431779613,-0.07759362046001606,0.363678449581538,0.6973661227119508,0.42152415822955974,0.08015083978339643,2848.0,0.05073829424336627,0.006147417616035183,1.377346425169602,0.9349607567246163,7.677885636178278,0.04828823173319553,2848.0,,,,
all|miss0-5,operator,all,miss,miss0-5,False,108,8543,False,,108.0,,95.0,0.050000000000000044,0.8587115343533375,-0.0388423994329905,0.2725347121803334,3.293356382406164,0.009950248756218905,0.004975124378109453,2.4109918003031656,-0.21327242675420166,1.1057716161855216,2.373242529149057,0.029850746268656716,0.014925373134328358,8.15816002396999,3.6677132597659816,0.9233963557891931,4.862967820970212,0.009950248756218905,0.004975124378109453,1.6437942905193301,-0.11690884939535735,0.5334460079750752,3.3006210817814474,0.1052579909967817,0.1052579909967817,0.19988076485869033,0.16658385625694253,0.09523386562611895,-2.1290521400583113,1.501227046325324,1.2758126841354067,-0.030453677938535446,0.3703630710078044,-0.030453677938535446,0.3703630710078044,-0.05897085985270453,0.6138894065076632,200,-0.02947167936154173,-0.021303824755558615,-0.7761270208996627,0.23958042854948913,0.06374057995366898,7.425098850350638,0.027777777777777776,0.12037037037037036,0.21594922766548774,526.875,0.30535605098730223,0.2624037155813962,0.991633231437459,0.4547018583197908,0.0016864663735120307,0.30535605098730223,icc,0.991633231437459,unselected,1.0,0.4395864261414886,True,-0.23970566128279824,1.0616406201838355,0.05,0.14988076485869034,1.862967820970212,0.0016864663735120307,0.4547018583197908,0.5452981416802092,2.9454352667665975,1.9275474691792265,8.739884568477922,0.09580265374349754,0.1052579909967817,-2.9707290646678386,0.4999635842359233,3.6677132597659816,-0.8220794598732333,0.18778501826275706,0.13233641783516265,2.828227891465719,2.0233267033021507,5.182403199709921,0.15809680655629893,108.0,-0.21699939711295416,-0.216835679648719,0.002992743142112285,-0.033394685468182764,-0.025438090424324725,-1.024311105966346,-1.7883470005957507,0.002983813355156298,108.0,0.19200653230308004,0.09120513394464252,3.0514991156630464,2.7792722723798367,4.734221179237017,0.16107842289429702,108.0,,,,
all|miss5-20,operator,all,miss,miss5-20,False,861,8543,False,,861.0,,89.0,0.10999999999999999,5.381466473163137,-1.0146894903908075,1.2273002096334467,5.211565934193282,0.009950248756218905,0.004975124378109453,20.28586491763562,-2.1217114910021113,4.8242094587672595,4.644818306534225,0.009950248756218905,0.004975124378109453,67.57480903677192,26.030680987751417,5.536260818762201,7.504004852558403,0.009950248756218905,0.004975124378109453,8.959352901418736,-1.5804923295590416,2.220544796816494,4.746513218777811,0.07963716878925585,0.07963716878925585,0.15396052977707755,0.13341923385093568,0.07376290025153899,0.03508360502578484,0.5766069980292051,0.13193761314647712,0.0033250353283144807,0.1868579047103051,0.0033250353283144807,0.1868579047103051,0.03389441032712684,0.36572449744452273,200,-0.019229210095122976,-0.014541450253345096,-0.7555777818591096,0.23421058068822803,0.06004040660412161,8.446475350460432,0.032520325203252036,0.06736353077816493,0.18899194162731126,634.5,0.33879084887728395,0.2817127107024468,0.9927432097865365,0.3004806993390158,0.0011254262479278873,0.33879084887728395,icc,0.9927432097865365,unselected,1.0,0.5123807622777541,True,-0.35842023250067656,0.06422623575145103,0.05,0.10396052977707755,4.504004852558403,0.0011254262479278873,0.3004806993390158,0.6995193006609842,4.290314741123296,4.164151913757028,12.260584774285261,0.0699898236234521,0.07963716878925585,-4.127222846734157,0.45198417534348373,26.030680987751417,-8.233454483828801,0.20501786893118384,0.12567193969572565,5.998679938314197,5.514155429177141,7.3868402012304575,0.17013678735986612,852.0,-0.2670219974757744,-0.2604413437799196,-0.06781708665620452,-0.047682006513459586,1.5956504701987768,1.7842538366619787,-2.590780734594746,-0.07275083643503033,861.0,0.12999544255247866,0.05436266239500131,4.06042552036317,3.5215832499419304,7.182898703950131,0.11504067862330469,861.0,,,,
all|miss20+,operator,all,miss,miss20+,False,979,8543,False,,984.0,,57.0,0.43000000000000005,8.096481540835605,-0.3167931867120118,2.0097414486188785,4.186247307249065,0.009950248756218905,0.004975124378109453,22.326300408648777,0.4987646888107497,5.135440735748227,4.250372430139199,0.009950248756218905,0.004975124378109453,52.24290168851982,8.985950484624617,8.386893524694955,5.157684555852106,0.009950248756218905,0.004975124378109453,9.662588505400457,-0.27027570928784,2.4207949383772327,4.103141516541149,0.1549776386677001,0.1549776386677001,0.1944953237201335,0.16282635842758908,0.13418237157082213,-0.6822260965115237,1.9243606121256602,1.875042419110341,-0.006784663867157049,0.8099587555757414,-0.006784663867157049,0.8099587555757414,0.006987879136829996,0.663031521644211,200,-0.001768739334893574,-0.004109035873948272,0.4264325539759397,0.16558227776708423,0.03653861776172941,7.7006988124258955,0.018386108273748723,0.043922369765066395,0.19461599213470046,441.25,0.3942773724222545,0.327474629639551,0.9917432803196276,0.298800354206413,0.0016192631691770833,0.3942773724222545,icc,0.9917432803196276,unselected,1.0,0.6509206598388937,True,-0.4564253361187602,1.2734399522867665,0.05,0.14449532372013352,2.1576845558521063,0.0016192631691770833,0.298800354206413,0.701199645793587,4.1406637553623336,4.28302084804087,8.26655474164079,0.12404218444026595,0.1549776386677001,-1.1727303880818571,0.3646268840370103,8.985950484624617,-15.838277884735705,0.21649563086620327,0.2104523779582322,3.8836807477440654,4.5031678954554,5.338696525997534,0.17796663249176486,960.0,-1.046870623287531,-0.7740816041771464,-0.04663337205899857,-0.0369790165706971,1.30676267734682,1.039518948690969,-4.395477319885687,-0.04891441623010581,947.0,0.19917623114860455,0.14481004777620324,3.9249168420854654,4.547533519508176,4.880860992838237,0.16609421198903182,950.0,,,,
all|miss<=5,operator,all,miss,miss<=5,False,8651,8543,False,,8667.0,,100.0,0.0,80.24740491248565,-17.34443996125161,21.515927762435407,4.535795339679591,0.009950248756218905,0.004975124378109453,231.32564150637882,-69.4653640785487,78.00750327520468,3.8559240195620563,0.009950248756218905,0.004975124378109453,1223.9483919070262,477.49289463837357,92.32693715844314,8.084915629635294,0.009950248756218905,0.004975124378109453,158.62253548550026,-27.606112209568554,42.65416893865471,4.3660128031776475,0.0655643697422999,0.0655643697422999,0.13074033915060515,0.11562366232446901,0.061530182130767226,0.006375238796314862,0.3221078438449531,0.07850690100275319,-0.015323059616957527,0.14533060341420334,-0.015323059616957527,0.14533060341420334,0.006331728573934152,0.2436303218555075,200,-0.07974968209864779,-0.04355938652728195,-3.317897912476653,0.24897015107926912,0.08267810837120602,6.549471393036186,0.034678071899202405,0.11906138018726159,0.26022241088862,1321.5,0.20388152550962946,0.1406173723376084,0.9956455967329009,0.5105160906499959,0.0005717859465327064,0.20388152550962946,icc,0.9956455967329009,unselected,1.0,0.2560944533288751,True,-0.12535411417826994,0.06601339051607802,0.05,0.08074033915060515,5.084915629635294,0.0005717859465327064,0.5105160906499959,0.4894839093500041,3.335186050258182,2.397363878688203,14.026742708709826,0.05768160265542548,0.0655643697422999,-7.700964428264186,0.42478455258122194,477.49289463837357,-73.74884591629235,0.17062986187333798,0.10410130424643171,5.645039862987833,5.0316702992136415,8.129079797818145,0.14575902036215108,8604.0,-0.10160299563006778,-0.0970626798501501,1.402835671626641,1.6056951024168278,0.5023416940757385,0.3494046571315016,0.027983197266249985,0.5838250564496437,8651.0,0.08303091512146316,0.030311610693759667,2.6643670684214844,2.355989175673877,7.674941464189288,0.07666532317976457,8651.0,,,,
pinned_sig,operator,pinned_sig,primary,miss0,True,2418,2418,False,2418.0,8559.0,0.28250963897651593,100.0,0.0,20.688133107665273,-9.567022070162652,6.19706634641375,4.882173836227624,0.009950248756218905,0.004975124378109453,54.323356555250605,-37.22313637988063,22.111351058040665,4.140248720886771,0.009950248756218905,0.004975124378109453,726.9374060820862,336.77260835521406,42.77273473839154,9.121810894562039,0.009950248756218905,0.004975124378109453,36.597828078141035,-15.007662549757477,11.325003533658967,4.55677479256604,0.028459304658933943,0.028459304658933943,0.07754455387594321,0.07196412769849223,0.02767178490195278,0.03375667654632356,0.19173304148524958,0.035886346726185375,0.0018527492784327102,0.06831959226320729,0.0018527492784327102,0.06831959226320729,0.032654366065731695,0.16088525823258984,200,-0.16496011002528882,-0.09389189680473034,-5.819271043853875,0.25637899610222836,0.09124173933353084,6.3595336039326,0.03970223325062035,0.13316790736145576,0.20967551190399034,1828.375,0.16505723280815593,0.10332999679516294,0.9966680516346523,0.39225948049843856,0.0002592382178848805,0.16505723280815593,icc,0.9966680516346523,table,0.55,0.1087277854382886,True,-0.031183231562345384,0.08300525604696099,0.05,0.027544553875943206,6.121810894562039,0.0002592382178848805,0.7131990554517064,0.28680094454829363,2.807502878203388,1.700537520940206,15.20429253009238,0.024751344065252957,0.028459304658933943,-10.911057768519736,0.48281459201247534,336.77260835521406,-27.46283743035947,0.12043132427882723,0.06992591792767246,6.866299485034029,6.111268752297924,9.168865933991354,0.10748657384810588,2416.0,0.15465135354565687,0.15920296781079243,0.0740442412073482,0.03285872159533662,2.461768187669066,2.2079207498056443,1.8628324554911722,0.06893965664218267,2418.0,0.04367357377519273,0.004669345824041878,2.372780022055108,2.12678390980706,7.602692265493538,0.041846009013350775,2418.0,0.47755418843442016,385.04726892602645,-217.40879218367485,-768.0982779860252
pinned_sig|depthT1,operator,pinned_sig,depth,depthT1,True,806,2418,False,806.0,3889.0,0.20725122139367447,100.0,0.0,10.054721281040731,-1.3111975973627066,1.7690990395207895,6.424693374703441,0.009950248756218905,0.004975124378109453,29.36714713273446,-5.949973266840419,6.537487620776328,5.40224661953256,0.009950248756218905,0.004975124378109453,232.135933464095,101.43875544119302,14.092266575471404,9.274390129008042,0.009950248756218905,0.004975124378109453,17.109402295185845,-2.1374478088958333,3.3502296524556834,5.744934556941175,0.043313937359878485,0.043313937359878485,0.0869637665505815,0.08000613196754122,0.04151572772955094,0.05402658953832682,0.16807539511194713,0.03055694128343741,0.023126075656895784,0.08028151607444034,0.023126075656895784,0.08028151607444034,0.0512573081192213,0.14389083722155757,200,-0.13385483344822763,-0.07254949276767465,-6.488956111214382,0.23405432010037158,0.08609535886419045,6.5399606151069944,0.03970223325062035,0.14392059553349876,0.19728796693419098,608.5,0.1407855869575757,0.0788168972963586,0.9904920141765023,0.5307398523346893,0.0008347874063460612,0.1407855869575757,icc,0.9904920141765023,table,0.55,0.09011961583894354,True,-0.003155849288362045,0.0779557792730036,0.05,0.03696376655058149,6.274390129008042,0.0008347874063460612,0.9649815496994351,0.03501845030056494,4.9458781416688735,3.3524851421980304,15.489282071373482,0.0397468857087122,0.043313937359878485,-11.228205629229205,0.45709957529804607,101.43875544119302,-8.602832018826136,0.12998085310136734,0.08713814763434852,7.945652527324122,6.923445399249836,9.344691873844662,0.11502925270337049,804.0,0.1355545385948204,0.1425361122211049,0.11320232110905416,0.06352608889950319,3.2373946750230744,2.7629083428925294,2.019963465844135,0.101690698054127,806.0,0.06104611283933546,0.023669770929618906,3.981765606258525,3.746584424764668,7.877745878371002,0.05753389235457208,806.0,0.44828230485622456,115.01193292092026,-91.68554210113447,-259.631615476037
pinned_sig|depthT2,operator,pinned_sig,depth,depthT2,True,806,2418,False,806.0,2627.0,0.30681385610963074,100.0,0.0,4.087141538955256,-4.792538025503921,2.1294958469079375,4.1698506138683555,0.009950248756218905,0.004975124378109453,7.5675765010849085,-20.615740305687332,7.755344738722435,3.6340508070586397,0.009950248756218905,0.004975124378109453,242.46653923230195,117.05477868441685,14.175750286167425,8.84692224511466,0.009950248756218905,0.004975124378109453,7.477988818507397,-7.586857789771504,3.8038181449300517,3.9604539529204885,0.01685651781848321,0.01685651781848321,0.07080420150125163,0.06612245394814963,0.016577085875051873,0.023516467846470754,0.20459488464249626,0.04270449971170235,-0.010167617037796495,0.06146555462954926,-0.010167617037796495,0.06146555462954926,0.022975656010917615,0.16984465127554044,200,-0.18145956536019994,-0.10939213049798013,-5.6867333896099055,0.2569627263673169,0.0895896896385319,6.28632391389266,0.04094292803970223,0.12406947890818859,0.2126160599098282,1828.375,0.17355574575998267,0.11166400631672734,0.9964899219291257,0.3371581001281606,0.0002494037014786661,0.17355574575998267,icc,0.9964899219291257,table,0.55,0.11550163205595726,True,-0.044697430554705625,0.089093252586539,0.05,0.020804201501251632,5.84692224511466,0.0002494037014786661,0.6130147275057465,0.3869852724942535,1.4375032940038943,0.4528664810491235,14.687661600905514,0.01331314193378463,0.01685651781848321,-10.479028420760944,0.5024040006384931,117.05477868441685,-9.568767942208968,0.11454626633400865,0.05748079666666514,6.2373463192770595,5.619667046447877,8.858129295581364,0.1027738998317018,806.0,0.1594967234431776,0.16103863242485264,0.04005062149141035,0.03637020588277891,0.9534037083076266,0.7138258191269758,1.6152769197055352,0.03850833859796038,806.0,0.03908303962719109,-0.006561201797112116,1.9499860439356427,1.919410381159143,7.1245229864181665,0.037613008909483846,806.0,0.4948317564037626,129.7971377344312,-65.01288545040453,-255.83680829116315
pinned_sig|depthT3,operator,pinned_sig,depth,depthT3,True,806,2418,False,806.0,2043.0,0.3945178658835046,100.0,0.0,6.5462702876692855,-3.463286447296024,2.988436612773613,3.3494291604449624,0.009950248756218905,0.004975124378109453,17.38863292143124,-10.657422807352873,10.970560132837235,2.556483478435733,0.009950248756218905,0.004975124378109453,252.33493338568917,118.27907422960416,15.075750762298687,8.892151460299463,0.009950248756218905,0.004975124378109453,12.010436964447795,-5.28335695109014,5.371728351661266,3.219409617053632,0.025942782475002917,0.025942782475002917,0.07466705892586836,0.06947924783374138,0.0252867732179158,0.016965836772493584,0.19417610626484666,0.04785063556851866,-0.008290147834273356,0.07866480294676395,-0.008290147834273356,0.07866480294676395,0.01668266057188159,0.16258306197805517,200,-0.17956593126743886,-0.09973406714853617,-4.512162994124807,0.27811994183899663,0.09804016949787023,5.494918350327912,0.038461538461538464,0.1315136476426799,0.21912250886795187,4994.25,0.18567838123442998,0.11950908677240288,0.9987572270058509,0.32746408003315114,9.290967001439786e-05,0.18567838123442998,icc,0.9987572270058509,table,0.55,0.1254088155411432,True,-0.05074175661527483,0.06876729072370347,0.05,0.02466705892586836,5.892151460299463,9.290967001439786e-05,0.5953892364239111,0.40461076357608894,1.9398853547170278,1.2016062492155106,14.850379767665359,0.021971892021564528,0.025942782475002917,-9.312483156780997,0.48760531594381173,118.27907422960416,-9.291237469324367,0.11670115714947198,0.0662606687594723,5.017079280234459,4.286564434732159,8.934404918245374,0.10450527108556704,806.0,0.1688554119613775,0.17399280182465882,0.06577659757190764,0.006467946189945059,1.5794189045130425,1.6851422724244776,1.881370473876133,0.06171705939289938,806.0,0.03186939363042262,-0.0012918510875300306,1.2083327110898714,0.783230835584692,7.501227243507581,0.030885104090835214,806.0,0.48850877125423303,140.238198270675,-60.71036463213588,-252.62985421882513
pinned_sig|miss5-20,operator,pinned_sig,miss,miss5-20,True,93,2418,False,93.0,861.0,0.10801393728222997,93.0,0.06999999999999995,-0.4379442038732047,-0.7354308874509207,0.2308290509145598,1.2887748851327607,0.23880597014925373,0.11940298507462686,-1.847594285891965,-2.187048517267239,0.9535360730962703,0.35599516468529285,0.6965174129353234,0.3482587064676617,29.361985632788983,16.170618284995236,1.5608196806547159,8.451563951487577,0.009950248756218905,0.004975124378109453,-0.7057795906159458,-1.1495256443146857,0.3814640790155022,1.1632708768908926,-0.01491534698471297,-0.01491534698471297,0.022551618473991668,0.022054259234019553,-0.015141182982658352,-0.0463327128303472,0.18640568353319917,0.058337576624316274,-0.045836970042386446,0.037699309392634175,-0.045836970042386446,0.037699309392634175,-0.048588233858687865,0.15711615702550957,200,-0.15867551386564788,-0.09536409038307989,-5.081473878108593,0.2525549386724407,0.07427702224030817,8.049540122885682,0.043010752688172046,0.043010752688172046,0.1383758633226487,947.25,0.24525853329482347,0.18845464206849705,0.9936125526579039,0.06939877432592993,0.0001449732847037183,0.24525853329482347,icc,0.9936125526579039,table,0.45,0.14623065625965243,True,-0.12367903778566075,0.04017502727354674,0.1,-0.07744838152600833,5.451563951487577,0.0001449732847037183,0.1542194985020665,0.8457805014979335,-1.5076463163150584,-1.399923005894267,13.54574419377265,-0.01379823204904821,-0.01491534698471297,-8.586250993018025,0.563768276177983,16.170618284995236,-0.8773725510184811,0.07687622450293985,0.026781409361593914,3.951554614662406,3.589538664792338,8.038032637573162,0.07138817141071535,92.0,0.13732398891243736,0.145459600824228,0.06666898118381626,0.07769240067026491,0.8979444621302082,1.3054887183503052,1.9843953520933437,0.06250203423917448,93.0,0.010570470178796684,-0.01735822607838085,0.56126371281678,0.09608055589545744,7.382163515661022,0.010459904074701973,93.0,0.5354311234224665,13.683469601510087,-9.909809692579337,-37.10185090446199
pinned_sig|miss20+,operator,pinned_sig,miss,miss20+,True,35,2418,False,35.0,984.0,0.03556910569105691,68.0,0.31999999999999995,0.5513218118031955,0.024640809905999747,0.2787468128169727,1.8894601756147023,0.09950248756218906,0.04975124378109453,1.2628084543507319,0.00014058258400555967,0.7275282142382415,1.735558631342982,0.07960199004975124,0.03980099502487562,10.648169464343475,3.1511082244819,0.8313498863298031,9.01793740895206,0.009950248756218905,0.004975124378109453,0.6687630629262743,-0.024304732920281225,0.3483510097151809,1.9895673516583814,0.051776205633217526,0.051776205633217526,0.07025166062361263,0.06564031919621456,0.049227397763810285,-0.08766073060130075,0.3075058743601439,0.09884240834739806,-0.052957685065200565,0.18160264031068654,-0.052957685065200565,0.18160264031068654,-0.09608518692661161,0.2351834376661062,200,-0.14448197457021877,-0.045117729626837966,-4.504974135911702,0.2075145936601865,0.03386682067029834,4.983583052421977,0.02857142857142857,0.14285714285714285,0.21078878074564597,496.5,0.33436756956337793,0.29884227583725936,0.9889054735413436,0.1398514325541985,0.0007881530928958237,0.33436756956337793,icc,0.9889054735413436,table,0.35,0.17581572651202892,True,-0.1055640658884163,0.131690147848115,0.1,-0.029748339376387378,6.01793740895206,0.0007881530928958237,0.3995755215834243,0.6004244784165758,2.157184067153037,1.8240399132216125,11.878725775799216,0.05250808425357299,0.051776205633217526,-6.658194847415148,0.31921254814758765,3.1511082244819,-0.3641681154138854,0.15319011270494673,0.11638290311401427,3.289394069690337,2.9861583167991967,9.31390018755602,0.1328402932155053,33.0,0.10220606432972687,0.11952103591604213,0.4472816990853384,0.525841248431981,2.3643063428211346,2.030233113561129,1.5332561053533578,0.3090495094134156,33.0,0.03205234316021302,0.030095381318951227,0.5571743743673395,0.39119452574865604,6.657642555360267,0.03105689684504432,33.0,0.279543909495121,3.9761463322313944,-19.506065708771754,-28.61739038774741
pinned_sig|miss<=5,operator,pinned_sig,miss,miss<=5,True,2432,2418,False,2432.0,8667.0,0.28060459213107186,100.0,0.0,20.707587751416455,-9.549310915443682,6.208985841391975,4.873082245598571,0.009950248756218905,0.004975124378109453,54.06627614816716,-37.19441562864101,22.172403725478407,4.115958418704965,0.009950248756218905,0.004975124378109453,731.1796709545578,339.3513534328786,42.9760895140192,9.117356231163402,0.009950248756218905,0.004975124378109453,36.62219968200586,-14.993755384826413,11.346841473645705,4.5489271341911355,0.02832079251380529,0.02832079251380529,0.07721978558935083,0.07168433649508546,0.027540814811857536,0.033786323710867275,0.18862671012456456,0.035777012012581294,0.0022172021730992256,0.06810119877354222,0.0022172021730992256,0.06810119877354222,0.032682115111151704,0.15869173589047433,200,-0.16493283231365527,-0.09379588083927291,-5.837881104913229,0.2562082510350108,0.09122134497692529,6.375161410568677,0.039473684210526314,0.1328125,0.2091742957110796,1817.0,0.16437540023125322,0.10296233102986432,0.9966414471606251,0.3925572338473373,0.0002602206951014336,0.16437540023125322,icc,0.9966414471606251,table,0.55,0.1081902928087668,True,-0.030970507219415966,0.08043641731579776,0.05,0.02721978558935083,6.117356231163402,0.0002602206951014336,0.7137404251769769,0.2862595748230231,2.8010450649766994,1.6827331944771657,15.213713690392519,0.02462191354310169,0.02832079251380529,-10.932642480664947,0.48360653330381376,339.3513534328786,-27.598940301975546,0.12001078684150268,0.06982536088618863,6.852026092735342,6.090958096841083,9.169909669969046,0.10715145626404211,2430.0,0.15457529652898333,0.15916987035776392,0.07420207076173993,0.032763472939472016,2.460593066622039,2.1671944018301432,1.8587559458322762,0.06907645477644782,2432.0,0.043422914502062364,0.00470703598489434,2.3650560795679048,2.111153823355412,7.615669668098291,0.041615833712818594,2432.0,0.47809279841588004,387.19568366451824,-218.46827288388207,-773.2863995680133
ecm,operator,ecm,primary,miss0,False,199,199,False,,199.0,,100.0,0.0,4.424282519823822,-0.04482828738781677,1.049814102629736,4.257049696719373,0.009950248756218905,0.004975124378109453,11.801940879255802,-1.0504860721166154,3.5021609597237524,3.6698561542945782,0.009950248756218905,0.004975124378109453,23.9392726184733,10.386317620837735,2.443213349908881,5.547184407019149,0.009950248756218905,0.004975124378109453,9.144067455279282,0.5680899792822729,2.2201992543601254,3.8627062229460374,0.1848127380616285,0.1848127380616285,0.32975176321262156,0.2479799405687238,0.1559847663049141,0.05691747315775735,1.036272444690595,0.49627236367496413,0.031554033150364,0.4668188253101426,0.031554033150364,0.4668188253101426,0.05385001739129147,0.5089054769325313,200,-0.07056185632580432,-0.05620712211961315,-0.8431751356217001,0.2650864146893811,0.0554079035211219,6.675564828361566,0.03015075376884422,0.18592964824120603,0.36457008521145967,1768.0,0.4225328951670772,0.33168295628434585,0.9980423280720975,0.45066502086340093,0.0006468120157435616,0.4225328951670772,icc,0.9980423280720975,unselected,1.0,0.731700371555065,True,-0.4019486083424434,0.30457207313553014,0.05,0.2797517632126216,2.5471844070191487,0.0006468120157435616,0.45066502086340093,0.5493349791365991,3.7765741187539272,2.823193129876602,9.299367227468887,0.16976784266845696,0.1848127380616285,-4.079807784905959,0.4667888488952587,10.386317620837735,-1.4783409658556799,0.35616431153867295,0.20424941785773548,4.4052400308637125,3.8849797993342414,5.666088854664946,0.26262622346592873,198.0,-0.08126636829909445,-0.08308921261854511,0.08082266455772588,2.783327227940593,-0.08193494203071451,-0.24229053247283736,-0.2243222830405215,0.07477883949704055,199.0,0.14607490363541295,0.044195058767685855,2.059167533026268,1.8512753630348953,4.8593013038953305,0.12745668120997614,199.0,,,,
ecm|depthT1,operator,ecm,depth,depthT1,False,66,199,False,,66.0,,100.0,0.0,1.4493825493291836,0.2086865669432619,0.35624811800093786,3.4826737874378204,0.009950248756218905,0.004975124378109453,4.367135349102146,0.6477366689902746,1.2953271202065866,2.8713972108595076,0.01990049751243781,0.009950248756218905,5.480254912642822,1.5111276384834178,0.9043104133380484,4.389120390097365,0.009950248756218905,0.004975124378109453,3.0261786537725013,0.5720071397597857,0.7792510953755819,3.1493975800314518,0.2644735641740846,0.2644735641740846,0.3125865956638241,0.23814550346351615,0.20915705291698258,-0.15938209585888533,1.4232080911762264,1.258752445129779,-0.00639202471198002,0.803489564873616,-0.00639202471198002,0.803489564873616,-0.14659946922654019,0.5876532812528446,200,-0.030133173238230934,-0.01792240662419955,-0.7242222622336287,0.26841164818045543,0.06126923625138264,6.42327804587484,0.030303030303030304,0.13636363636363635,0.3502633199148868,277.625,0.48522779212632017,0.4266753758403448,0.9918164811869128,0.33161928193860285,0.0025791649310692487,0.48522779212632017,icc,0.9918164811869128,unselected,1.0,0.942606816577383,True,-0.6300202209135589,0.4806012745988434,0.1,0.21258659566382407,1.3891203900973652,0.0025791649310692487,0.33161928193860285,0.6683807180613972,3.6954198966262166,3.0411530725817473,5.906313864800973,0.24192043934231955,0.2644735641740846,-2.382366043720505,0.3311898678873496,1.5111276384834178,-0.4543550515059694,0.3575636850987776,0.29339557579135894,3.598665564866721,3.1365213511050305,4.421007422903838,0.2633863066783206,65.0,-0.15233987589907727,-0.152103360839362,-0.14258338725325412,-0.1279162404549504,0.40397783762676914,0.02686688187328633,-0.5173371515221303,-0.16629417383981665,66.0,0.08148629197178613,0.06891859204294626,1.0633870283629803,0.9407422967063593,4.532946415680183,0.07534657866371916,66.0,,,,
ecm|depthT2,operator,ecm,depth,depthT2,False,66,199,False,,66.0,,100.0,0.0,1.4521583700278127,-0.16841121671741655,0.4158157740413249,3.8973259022736655,0.009950248756218905,0.004975124378109453,3.8977228431778252,-0.6495662196259276,1.323427784523244,3.435993346959904,0.009950248756218905,0.004975124378109453,7.90802517831969,3.7765516275506417,0.7993438431195335,5.168581188597745,0.009950248756218905,0.004975124378109453,3.2301850258281766,-0.0193180310815049,0.8809383467763829,3.6886838548924406,0.1836309745205401,0.1836309745205401,0.3922497788818158,0.28173807949666246,0.15514208268749008,0.012990662528234293,1.5874834865902663,5.368776241469645,-0.01323740032857248,0.5023143678370804,-0.01323740032857248,0.5023143678370804,0.019477464681190312,0.613803114217012,200,-0.08806917490710785,-0.0755587858684349,-0.6061525054706929,0.2932060441770525,0.058956194964756035,6.571526199517957,0.030303030303030304,0.19696969696969696,0.42125710190689863,1765.375,0.4232357268172775,0.2920223588388667,0.9980634247905009,0.5345381882671881,0.0007610951156470534,0.4232357268172775,icc,0.9980634247905009,unselected,1.0,0.7338105817161005,True,-0.3415608028342847,0.8536729048741658,0.1,0.2922497788818158,2.168581188597745,0.0007610951156470534,0.5345381882671881,0.46546181173281187,3.1059225954596457,2.3958039355242584,9.220476245890847,0.16937878628714273,0.1836309745205401,-4.255004142988331,0.5044945906089997,3.7765516275506417,-0.4298727991147544,0.4128630806863307,0.18636427116456603,3.970395002889807,3.5802638432360356,5.256013192977451,0.2922173325427776,66.0,-0.057309668466112226,-0.05785518590253585,0.22821867192221,0.974562777590334,-0.47186805702081247,-0.7001789464476865,-0.6389663732039735,0.18581273607006715,66.0,0.21501787914348305,0.05905365225000891,2.2477476903394975,1.9821033629395155,4.014794806854165,0.17696684372666033,66.0,,,,
ecm|depthT3,operator,ecm,depth,depthT3,False,67,199,False,,67.0,,100.0,0.0,1.5227416004668255,-0.08510363761366219,0.42172913920790744,3.8125068642407447,0.009950248756218905,0.004975124378109453,3.537082686975833,-1.0486565214809624,1.4865503877143356,3.084819220630427,0.009950248756218905,0.004975124378109453,10.550992527510788,5.098638354803678,1.063906347644587,5.124844103786235,0.009950248756218905,0.004975124378109453,2.887703775678605,0.015400870603992095,0.8561765913818606,3.354801957898363,0.1443221191273153,0.1443221191273153,0.29489009465468896,0.22773368633523133,0.12612018654098764,0.020254290242310433,1.4157487343030826,0.6388446519197546,0.009784319677648402,0.4198826494282117,0.009784319677648402,0.4198826494282117,0.029232877223979374,0.5861794817778674,200,-0.09314111091407015,-0.07485759100431558,-0.7495035537694066,0.2341108780237508,0.046138721499076156,5.409582677799768,0.029850746268656716,0.22388059701492538,0.3228223748782482,6514.75,0.3735340462726165,0.27717698226502796,0.9994611172921234,0.49456965499144967,0.00015899685338840612,0.3735340462726165,icc,0.9994611172921234,unselected,1.0,0.5962559402472583,True,-0.3013658455925693,0.8194927940558243,0.1,0.19489009465468896,2.124844103786235,0.00015899685338840612,0.49456965499144967,0.5054303450085503,3.2588578993900708,1.941348597688772,9.040866007131738,0.13163867455046377,0.1443221191273153,-3.536975946427303,0.5107848819489655,5.098638354803678,-0.594113115234956,0.313139314290339,0.1725748605805567,3.8920400160631248,3.2150320943605,5.150170146311245,0.23846617863205866,67.0,-0.035913595089810055,-0.040992587676806545,-0.01883920796302226,0.012613252070666423,-0.03310191628169903,0.07539503716666068,0.49690484568994264,-0.019200938435289874,67.0,0.1503603353914282,0.018981292864524803,1.9746474685599253,1.7456976162783282,4.418817773844674,0.13070716258681306,67.0,,,,
ecm|miss5-20,operator,ecm,miss,miss5-20,False,15,199,False,,15.0,,92.0,0.07999999999999996,0.1708898480333124,-0.0037862211328409884,0.10411131063199178,1.6777818673668503,0.06965174129353234,0.03482587064676617,1.005130138925801,0.07102951328925294,0.38710327822394186,2.4130527385928375,0.01990049751243781,0.009950248756218905,0.7771094662851659,-0.06736613480393681,0.26930574076222685,3.135750462277371,0.009950248756218905,0.004975124378109453,0.2888643473019828,0.00485078376466422,0.19086864722908797,1.4880053254447516,,,,,,,,,,,,,-1.8405954151806312,0.7220331527156781,200,0.01806781803774524,0.003040901059963663,0.5546100304502042,0.19683971998435632,0.06670584678867157,3.6646265061045837,0.0,0.13333333333333333,0.24979515159627114,587.5,0.3529326244392798,0.33555247680923633,0.9926155268972809,0.37923114912098593,0.0015388091234286333,0.3529326244392798,icc,0.9926155268972809,unselected,1.0,0.5454341197984892,False,,,0.1,,0.13575046227737086,,,,1.5306783090319955,2.5011125814572264,3.1697528317991104,,,0.3061407693240108,0.04384982096627537,-0.06736613480393681,-0.10609446925404084,,,2.2562672612750405,2.7170452447827746,2.423077134677467,0.2820047530949279,15.0,-0.21153610496431022,-0.2191518085266488,,,0.6998258712962648,1.097079839639462,-0.8468904900454677,-0.24213487010756746,15.0,,,2.3704683101193518,2.5085206118897276,2.33935080607187,0.25946103784085656,15.0,,,,
ecm|miss20+,operator,ecm,miss,miss20+,False,17,199,False,,17.0,,46.0,0.54,0.14958136751388043,-0.221566600339681,0.203003215625965,1.8282861515721232,0.05970149253731343,0.029850746268656716,0.03623920416822948,-0.4633812431334545,0.5136918075281427,0.9726073882817611,0.3383084577114428,0.1691542288557214,1.3904410295328706,0.3829009692289479,0.6659897744063352,1.5128461412219825,0.10945273631840796,0.05472636815920398,0.11177087854041798,-0.23965664139179188,0.21209372207697086,1.6569444700709879,,,,,,,,,,,,,-3.4214037301716718,0.8869699152722018,200,-0.023150742584467254,-0.019500301362807622,-0.11196921388852923,0.08718375425753806,0.03830342047822558,1.0977392787730786,0.0,0.058823529411764705,0.15940979211783907,259.5,0.5004522543534026,0.4545529340457924,0.9936576077209257,0.36770464626007204,0.002351262416013739,0.5004522543534026,icc,0.9936576077209257,unselected,1.0,1.0018106551669739,False,,,0.1,,-1.4871538587780175,,,,0.5190276545677641,-0.07448263253127065,2.199690108005493,,,-0.8621104718221235,0.39604738187834987,0.3829009692289479,-0.2778025214885122,,,1.7560054614172251,1.6010210467974684,1.2442534796334217,0.3272969227634646,17.0,-0.9271543890617719,-0.8315109960423211,,,1.7552483182919105,1.8704166014503036,0.016035885975863886,0.965405980834662,15.0,,,1.8269280924031972,2.149802039460357,1.2874217802728654,0.3054317780711464,16.0,,,,
ecm|miss<=5,operator,ecm,miss,miss<=5,False,200,199,False,,200.0,,100.0,0.0,4.447557287855656,-0.033953085464660825,1.055407569250039,4.246236718299101,0.009950248756218905,0.004975124378109453,11.889478873921053,-1.013496694504627,3.5213507192201714,3.664212001945418,0.009950248756218905,0.004975124378109453,23.9848092327942,10.405323232444776,2.443908209991236,5.556463186642398,0.009950248756218905,0.004975124378109453,9.219370243907296,0.599909342913447,2.2378604181953126,3.8516526012578023,0.18543225608709676,0.18543225608709676,0.33002061883675127,0.24813195687551853,0.15642585658937275,0.06026451509551669,1.030497857774903,0.48396258863584035,0.0335187953648344,0.4631598711260325,0.0335187953648344,0.4631598711260325,0.05683443676191552,0.5075088439541606,200,-0.07122860599688897,-0.0562956168348647,-0.8770779883163982,0.26515439041621947,0.05471863543005713,6.706776806266468,0.03,0.185,0.3664472110331336,1765.375,0.424192149583562,0.33462689665685247,0.998051830303299,0.44797732186238515,0.0006441911626061334,0.424192149583562,icc,0.998051830303299,unselected,1.0,0.7366904589383005,True,-0.4066698401015493,0.29380739883660256,0.05,0.2800206188367513,2.5564631866423984,0.0006441911626061334,0.44797732186238515,0.5520226781376149,3.7847884640650458,2.8352737838594493,9.309180445478841,0.17030726248427955,0.18543225608709676,-4.118335809355288,0.4666642610247965,10.405323232444776,-1.4766121721208345,0.35882878377571803,0.20606235502511241,4.423165805611512,3.9083780537568806,5.670600420380148,0.2640721097905037,199.0,-0.08104873614502689,-0.08270968965550894,0.09458482779307288,5.440109503343253,-0.08842327573163272,-0.25687937222089474,-0.20761652674509729,0.08641160135919021,200.0,0.14878856215881303,0.04620584011908468,2.0891969163656494,1.8746346793847086,4.862603395719877,0.12951779558042284,200.0,,,,
pinned_sig&ecm,operator,pinned_sig&ecm,primary,miss0,True,49,49,False,49.0,199.0,0.24623115577889448,100.0,0.0,0.30048423131424196,-0.6235547997612342,0.28618425511496354,3.2288255365560867,0.009950248756218905,0.004975124378109453,0.08701348195926162,-2.8960845891349414,0.9505301289697303,3.138351936647765,0.01990049751243781,0.009950248756218905,13.921471271792251,7.839891485643625,1.0273174911946263,5.919863954692917,0.009950248756218905,0.004975124378109453,0.8421400428071683,-0.8864203268259725,0.5301363441708117,3.2605958611209513,0.021584229529179468,0.021584229529179468,0.15194062456930393,0.1318997015372321,0.021128193745832444,-0.04141763078945932,0.7200771126772154,4.996256973885319,-0.05714894991252152,0.11383834454485632,-0.05714894991252152,0.11383834454485632,-0.012827355871142818,0.42208855829663383,200,-0.2260559462887928,-0.18176814304017294,-2.1043519764611403,0.28880263282182916,0.058526727448173325,7.344224737990808,0.04081632653061224,0.14285714285714285,0.26651066315662875,2928.0,0.3655974684633593,0.2504893346783445,0.9984343085218479,0.26365477112072844,0.00023826519085212562,0.3655974684633593,icc,0.9984343085218479,table,0.55,0.3169574484007778,True,-0.16501682383147384,0.40311966427643764,0.1,0.05194062456930393,2.919863954692917,0.00023826519085212562,0.4793723111285972,0.5206276888714028,0.690446568483257,-0.15249941628236716,10.896841829061382,0.016208661620923052,0.021584229529179468,-6.709909150333397,0.5790940012671051,7.839891485643625,-0.5273125527594398,0.19189283048947636,0.05377374226720986,3.7291565657647947,3.653621131016221,5.787782061797385,0.16099839312790518,49.0,0.16545198606205067,0.16271705927022578,-0.02016942526133527,-0.0002497517735593066,-0.0634508119236595,0.07960706864930868,0.5271559885216697,-0.0205846049116346,49.0,0.09480375513593779,-0.03258421914471248,1.6104233483078039,1.7309667219779177,3.8226640982021323,0.08659429116058007,49.0,0.5749448811413054,7.973135904241065,-1.642430625454914,-14.648792648259391
pinned_sig&ecm|depthT1,operator,pinned_sig&ecm,depth,depthT1,True,16,49,False,16.0,105.0,0.1523809523809524,100.0,0.0,0.18263737930060697,-0.1936735001571951,0.12283369035413651,3.0635803448783183,0.009950248756218905,0.004975124378109453,0.40792621546517444,-0.6865402168594398,0.40779309649595663,2.6838768035286398,0.009950248756218905,0.004975124378109453,3.8913657742522156,1.9309227760960852,0.3496848714349218,5.606313450483314,0.009950248756218905,0.004975124378109453,0.5318651161871368,-0.274430248501739,0.24628082313376348,3.273886104607298,,,,,,,,,,,,,-0.04758200269414846,0.5119650676176114,200,-0.21378139370254065,-0.1555823314566417,-2.2566575285982955,0.32916303139888564,0.050123582485059076,6.835620584926222,0.0,0.125,0.3194345214153331,846.5,0.4936797490117759,0.4311950548843979,0.9966090813940522,0.19686682644301107,0.0006531081151139001,0.4936797490117759,icc,0.9966090813940522,table,0.45,0.4387655572173945,False,,,0.1,,2.606313450483314,,,,1.0987004064226926,0.6056832587760104,10.201478245133996,,,-5.921683220521987,0.5104524107029474,1.9309227760960852,-0.11323570069561238,,,3.807846344322997,3.678132560828462,5.378337562750391,0.21397956515500996,16.0,0.1277920503495381,0.1271772256045869,,,0.06328804714663333,-0.22204416341387878,1.3584300671694567,0.012976960552611147,16.0,,,1.5707136321266455,1.3873345029979136,3.5221569172879903,0.13517591782474617,16.0,0.4836180458924916,2.034835609673391,-1.2962271744871379,-4.415937423086418
pinned_sig&ecm|depthT2,operator,pinned_sig&ecm,depth,depthT2,True,16,49,False,16.0,44.0,0.36363636363636365,100.0,0.0,-0.24893581595582626,-0.38574372200519663,0.11645147182802452,1.1748061566058026,0.22885572139303484,0.11442786069651742,-0.9744248363551173,-1.5373495132411552,0.38917600275205533,1.4464526921118466,0.13930348258706468,0.06965174129353234,5.155566523265929,3.1774861942799864,0.42096016988561363,4.698972659393027,0.009950248756218905,0.004975124378109453,-0.36358339992680433,-0.5998217924967443,0.19610462058313385,1.2046549024059958,,,,,,,,,,,,,-0.2952456525907292,0.39368469906769127,200,-0.3022732651381774,-0.24567224775506033,-2.094551349138094,0.24090440899191518,0.083128496662858,4.487789634654492,0.125,0.0625,0.25542319252441814,2882.625,0.17380241368913166,0.06910512109219331,0.9984250607595668,0.32877242882725277,0.000109097701793153,0.17380241368913166,icc,0.9984250607595668,table,0.55,0.11570032291652671,False,,,0.1,,1.6989726593930268,,,,-1.7628406833665136,-1.6986376681667956,10.371644533451278,,,-6.234662664508784,0.632265329780497,3.1774861942799864,-0.22353011672511094,,,1.7520410534511999,1.8863119004266484,4.620759969633011,0.10124081352837729,16.0,0.21690595647873173,0.21467293021267753,,,-0.7608832513139002,-0.5754408841632367,0.4190812023802912,-1.0753995378008463,16.0,,,-0.43217683225217374,-0.38520774237123334,3.1668603555452357,-0.03376927273030587,16.0,0.6416736897596667,3.434766883402843,0.4654339618524547,-4.851906008573259
pinned_sig&ecm|depthT3,operator,pinned_sig&ecm,depth,depthT3,True,17,49,False,17.0,50.0,0.34,100.0,0.0,0.3667826679694613,-0.04413757759884243,0.13910146751750294,2.9541043160928426,0.01990049751243781,0.009950248756218905,0.6535121028492042,-0.6721948590343466,0.5029278212777001,2.6359785754455993,0.01990049751243781,0.009950248756218905,4.874538974274107,2.7314825152675546,0.40082725122165314,5.3465837277153225,0.009950248756218905,0.004975124378109453,0.673858326546836,-0.012168285827489205,0.2506025239886748,2.737508790635038,,,,,,,,,,,,,-0.09144606539811538,0.5044837841838269,200,-0.16587451921760926,-0.14626857303419066,-0.6103368850637647,0.29589705658922444,0.04328096344669529,5.778461728345094,0.0,0.23529411764705882,0.22713523950816403,7322.25,0.36548863490523886,0.2511279166831424,0.9993029999534913,0.33288134290185767,0.00013373945286718872,0.36548863490523886,icc,0.9993029999534913,table,0.55,0.3168087448959409,False,,,0.1,,2.3465837277153225,,,,2.473205075784101,0.8997021309950045,9.295237262025735,,,-4.522351011864044,0.5768963089924952,2.7314825152675546,-0.19054673533871644,,,2.7578971873521576,2.453241888685178,5.219184690988828,0.16030461291165693,17.0,0.15246936516400977,0.14726667124499015,,,0.8460254575207182,1.0986371973845817,-0.15649215422538762,-28.05267587169066,17.0,,,2.125345117205888,2.2710706238151372,3.5971196274554638,0.13295651135137537,17.0,0.5795322305218906,2.5035334111648315,-0.8116374128202309,-5.380949216599715
pinned_sig&ecm|miss<=5,operator,pinned_sig&ecm,miss,miss<=5,True,49,49,False,49.0,200.0,0.245,100.0,0.0,0.30048423131424196,-0.6235547997612342,0.28618425511496354,3.2288255365560867,0.009950248756218905,0.004975124378109453,0.08701348195926162,-2.8960845891349414,0.9505301289697303,3.138351936647765,0.01990049751243781,0.009950248756218905,13.921471271792251,7.839891485643625,1.0273174911946263,5.919863954692917,0.009950248756218905,0.004975124378109453,0.8421400428071683,-0.8864203268259725,0.5301363441708117,3.2605958611209513,0.021584229529179468,0.021584229529179468,0.15194062456930393,0.1318997015372321,0.021128193745832444,-0.04141763078945932,0.7200771126772154,4.996256973885319,-0.05714894991252152,0.11383834454485632,-0.05714894991252152,0.11383834454485632,-0.012827355871142818,0.42208855829663383,200,-0.2260559462887928,-0.18176814304017294,-2.1043519764611403,0.28880263282182916,0.058526727448173325,7.344224737990808,0.04081632653061224,0.14285714285714285,0.26651066315662875,2928.0,0.3655974684633593,0.2504893346783445,0.9984343085218479,0.26365477112072844,0.00023826519085212562,0.3655974684633593,icc,0.9984343085218479,table,0.55,0.3169574484007778,True,-0.16501682383147384,0.40311966427643764,0.1,0.05194062456930393,2.919863954692917,0.00023826519085212562,0.4793723111285972,0.5206276888714028,0.690446568483257,-0.15249941628236716,10.896841829061382,0.016208661620923052,0.021584229529179468,-6.709909150333397,0.5790940012671051,7.839891485643625,-0.5273125527594398,0.19189283048947636,0.05377374226720986,3.7291565657647947,3.653621131016221,5.787782061797385,0.16099839312790518,49.0,0.16545198606205067,0.16271705927022578,-0.02016942526133527,-0.0002497517735593066,-0.0634508119236595,0.07960706864930868,0.5271559885216697,-0.0205846049116346,49.0,0.09480375513593779,-0.03258421914471248,1.6104233483078039,1.7309667219779177,3.8226640982021323,0.08659429116058007,49.0,0.5749448811413054,7.973135904241065,-1.642430625454914,-14.648792648259391
folding,operator,folding,primary,miss0,False,178,178,False,,178.0,,100.0,0.0,1.9894714628794585,0.42406213940383863,0.6057077820664375,2.584429934406748,0.01990049751243781,0.009950248756218905,6.806871897752106,2.5799596186580995,2.377135244600901,1.7781538886752175,0.05970149253731343,0.029850746268656716,37.85343147889684,16.347449912334284,2.969090860482913,7.243288460045536,0.009950248756218905,0.004975124378109453,3.0050602617129107,0.47327868235594184,1.1089235502822556,2.2830983963795806,0.052557228899804825,0.052557228899804825,0.07278948503840971,0.06785066972930257,0.04993289434223045,-0.021926426611593657,0.258451893481346,0.07818999472627336,0.0014698563517336642,0.14999050827071506,0.0014698563517336642,0.14999050827071506,-0.022418548910632292,0.20536910440071934,200,-0.07758410710808401,-0.03236253233662892,-2.3807351323649817,0.2902251840832985,0.11473417762108518,6.826248843188786,0.033707865168539325,0.11235955056179775,0.19925303606213382,2104.25,-0.006950766892662502,-0.039883492230936304,0.9969757907067471,,0.00022079837760975168,0.001,icc,0.9969757907067471,unselected,1.0,0.001001001001001001,True,0.0717884840374087,0.25745089248034503,0.05,0.022789485038409704,4.243288460045536,0.00022079837760975168,1.0,-71.7166955533713,2.8182323398513716,2.238409580674989,12.608074931126724,0.04912741421973095,0.052557228899804825,-4.827872344209004,0.45481139905977674,16.347449912334284,-1.5934343019974997,0.10537991392039663,0.08973883269659298,3.4718956466099353,2.8139461815734688,7.093625860985052,0.09533366093712602,178.0,-0.01256362105154139,-0.013198238743005864,-0.194599616460087,-0.0783236697435283,-0.31763956719103115,-0.6047586676488377,0.22287749349750247,-0.24161847999721403,178.0,0.025136292646263714,0.04100406717000795,0.7057200122215616,0.08120026088595148,6.500419251926276,0.024519951958170805,178.0,,,,
folding|depthT1,operator,folding,depth,depthT1,False,59,178,False,,59.0,,100.0,0.0,0.8605040773510005,0.21264037528905036,0.1827169613052066,3.5457228351109245,0.009950248756218905,0.004975124378109453,2.8370610646704777,0.5244980387365135,0.7885757678189089,2.932581903106397,0.009950248756218905,0.004975124378109453,13.037707646454807,5.567915684265836,0.943712884776954,7.9153226396336125,0.009950248756218905,0.004975124378109453,1.4377027382597916,0.33085687577926365,0.34631168584389116,3.196097353120989,0.06600117909416288,0.06600117909416288,0.08673115735235258,0.07980921202596163,0.06191473366872591,0.02063064351354676,0.23093980357226598,0.05727563478240424,0.02827477217223779,0.13561324685150097,0.02827477217223779,0.13561324685150097,0.020206565613106714,0.18761251999249237,200,-0.04777499940079671,-0.03308802006613028,-1.0017298321292978,0.2466403860443529,0.08659075628757894,6.487701274853279,0.03389830508474576,0.11864406779661017,0.17803559321467455,525.0,0.0770323814976006,0.027196567955380783,0.9875594371986132,1.0391740226017954,0.0010925766786651706,0.0770323814976006,icc,0.9875594371986132,unselected,1.0,0.08346162958847114,True,0.0032695277638814385,0.14747817398379484,0.1,-0.013268842647647425,4.9153226396336125,0.0010925766786651706,1.0,-0.039174022601795366,4.24044832846545,2.769438096380655,10.858435368852707,0.06200228201737098,0.06600117909416288,-3.5826787522943904,0.44703998565609443,5.567915684265836,-0.47103036067212684,0.13959800657406843,0.11443091635040392,4.535447483951047,4.082417351066872,7.541468074777387,0.12249758754294136,59.0,-0.05501676361503383,-0.05439893064325831,-1.3010302663954658,-0.11553367083990072,-0.7156494577227945,-1.0668217242621874,0.07912298353921884,,59.0,0.07838616444112903,0.07464363316729564,2.9046642208748152,2.3725096282148246,6.798672449306554,0.07268839959733021,59.0,,,,
folding|depthT2,operator,folding,depth,depthT2,False,59,178,False,,59.0,,100.0,0.0,0.24957818808488946,-0.08706717086213643,0.2369888764420242,1.420511223991482,0.1691542288557214,0.0845771144278607,0.9573487062963558,0.12381457273343882,0.9945712089040686,0.838083916064089,0.44776119402985076,0.22388059701492538,9.154246807868875,3.949366585548446,0.9580720777668215,5.4326603844384325,0.009950248756218905,0.004975124378109453,0.2719215888204127,-0.2975797020697823,0.4567400451853488,1.24688276601428,0.027263650775764012,0.027263650775764012,0.06467879078242139,0.06074958132197752,0.026540071533899968,-0.13873845211265817,0.7045633224586236,0.49140514114268247,-0.06461919925868641,0.1879825060141579,-0.06461919925868641,0.1879825060141579,-0.1610885721086804,0.41333690193705364,200,-0.0689872519088529,-0.031099225523762035,-1.7891333262701838,0.28870750330537365,0.09948385644255467,5.832035360794624,0.05084745762711865,0.11864406779661017,0.20596619893640813,2077.0,0.0471063786704963,-0.010904967798453553,0.996768212323343,1.3083579954847229,0.0002097058437532702,0.0471063786704963,icc,0.996768212323343,unselected,1.0,0.049435086578470504,True,0.015243704203950888,0.6551282358801531,0.1,-0.035321209217578614,2.4326603844384325,0.0002097058437532702,1.0,-0.30835799548472287,0.8982291044308697,0.772441860137082,10.59154714328116,0.023057060067750594,0.027263650775764012,-3.778306147743177,0.466316847813854,3.949366585548446,-0.5985066770397011,0.0854230455448619,0.05808764901539501,1.7058712911886296,1.2577635015629094,5.232976069413925,0.07870023203900295,59.0,-0.07309670580194615,-0.07044778233552472,0.09214396717445861,-1.2653010438307561,-0.3605605606064018,-0.2322802505774651,-0.8862736153805493,0.08436979916928806,59.0,-0.0047239226777759345,0.018458208115512797,-0.06583591100035706,-0.4033722653983371,4.639614221635828,-0.004746344040023126,59.0,,,,
folding|depthT3,operator,folding,depth,depthT3,False,60,178,False,,60.0,,100.0,0.0,0.879389197443568,0.29848893497692475,0.37054103505552066,1.5677083170548252,0.13930348258706468,0.06965174129353234,3.0124621267852723,1.9316470071881469,1.3536565888820917,0.7984411470930817,0.4577114427860697,0.22885572139303484,15.661477024573156,6.83016764252,1.421563724555371,6.2123907845322694,0.009950248756218905,0.004975124378109453,1.2954359346327065,0.4400015086464604,0.6593234681272239,1.2974427080778208,0.05614982520893717,0.05614982520893717,0.06577736520556503,0.061717735197799044,0.05316463996746777,-0.11615151297122941,0.36905557702658737,0.12339220779950785,-0.032066045667378675,0.1758214518239426,-0.032066045667378675,0.1758214518239426,-0.1314725687172401,0.26956750735404,200,-0.11534997063282715,-0.032891387768605014,-2.4941734744357587,0.33457595491988773,0.15740469109125463,5.855588912882534,0.016666666666666666,0.1,0.21351557803576576,6892.5,-0.20702172295023696,-0.13434110043942285,0.9990961806025147,,5.950464003616905e-05,0.001,icc,0.9990961806025147,unselected,1.0,0.001001001001001001,True,0.06477636420456402,0.3680545760255864,0.1,-0.03422263479443498,3.2123907845322694,5.950464003616905e-05,1.0,-64.71158784035946,2.047527662138473,1.7515499794050766,11.616347771413404,0.054090816357987966,0.05614982520893717,-3.8265202942505216,0.4543648342978283,6.83016764252,-0.523897264285672,0.08919096500530499,0.08792078755589815,2.0817603526332302,1.2987858482353312,6.244915725745637,0.0818873529720021,60.0,0.08870616914045752,0.08361115949155258,0.05428113512616356,-0.005875369626871492,0.29581247694497376,0.07725879312496123,1.1468866573687617,0.05148639515366824,60.0,-0.0071829007149684584,0.024488456662960456,-0.14546669088443015,-0.791934097337075,5.580021482042983,-0.007234868053885414,60.0,,,,
folding|miss<=5,operator,folding,miss,miss<=5,False,180,178,False,,180.0,,100.0,0.0,2.026324037184986,0.4324781324083904,0.6146725560113743,2.5929999463764934,0.01990049751243781,0.009950248756218905,6.930647751437164,2.6118579160591637,2.405932787871813,1.795058389473224,0.05970149253731343,0.029850746268656716,37.934024147271145,16.348738588292125,2.9620584551203857,7.287258467727214,0.009950248756218905,0.004975124378109453,3.0907316150207613,0.49059838020367263,1.1270846143023712,2.306954776795074,0.053417059822553875,0.053417059822553875,0.07383946348180645,0.06876210643478319,0.05070836790088807,-0.01826062218420779,0.26489277674624234,0.07787435732376943,0.0024950740722511377,0.14901209113321517,0.0024950740722511377,0.14901209113321517,-0.018601437815744623,0.20941842029735444,200,-0.07738577046542225,-0.03200388516609756,-2.407795237555002,0.2880863735174976,0.11251884577096252,6.790758866994463,0.03333333333333333,0.1111111111111111,0.20182944699159902,2034.25,-7.041882659594061e-05,-0.0326254708533404,0.9969372698865113,,0.0002268451137304962,0.001,icc,0.9969372698865113,unselected,1.0,0.001001001001001001,True,0.07283846248080544,0.26389177574524136,0.05,0.023839463481806447,4.287258467727214,0.0002268451137304962,1.0,-72.76562401832464,2.8536695859792554,2.2724794474231564,12.661639792677555,0.049909826746093656,0.053417059822553875,-4.879565563176357,0.45396833107531714,16.348738588292125,-1.5971730111053946,0.10652337745887634,0.09036493736226196,3.474219017367245,2.8258682934032664,7.124965096236071,0.09626852864465149,180.0,-0.014271815407074036,-0.015029424231717544,-0.10076434033704385,-0.06619495940354997,-0.14747532166258995,-0.5005857859827919,0.20496227990104063,-0.11205554323191706,180.0,0.026014588098388535,0.041534255811602194,0.7260767089394607,0.10115102219646187,6.523736416139094,0.02535498851590782,180.0,,,,
pinned_sig&folding,operator,pinned_sig&folding,primary,miss0,True,82,82,False,82.0,178.0,0.4606741573033708,100.0,0.0,1.2257614473346878,0.5491471381713143,0.3353646257106743,2.01754823642939,0.029850746268656716,0.014925373134328358,4.721478426568244,3.108898830184779,1.3757568355924203,1.1721399848172047,0.22885572139303484,0.11442786069651742,29.41564604676403,14.394530288102906,2.095264802156535,7.169077504285261,0.009950248756218905,0.004975124378109453,1.5816988697708991,0.7570106374986105,0.5514323836054661,1.4955382686816034,0.041670390151758434,0.041670390151758434,0.0450442110981829,0.04310268467096552,0.04000343155159434,-0.03543229265722124,0.1779277610591975,0.054114240174787484,0.005225241961554844,0.10006975313046278,0.005225241961554844,0.10006975313046278,-0.036733857632118,0.15105137990681577,200,-0.10811870032797091,-0.04456506018997538,-2.902169041115933,0.2971195242701381,0.11445913767663188,6.693524738935081,0.024390243902439025,0.07317073170731707,0.14272216225953516,3402.0,0.018862112046394937,-0.012224091933923174,0.9980177131645911,2.3430346523603807,8.946789770712435e-05,0.018862112046394937,icc,0.9980177131645911,table,0.55,0.01057360209292802,True,0.03447060900525488,0.16735415896626948,0.1,-0.054955788901817106,4.169077504285261,8.946789770712435e-05,1.0,-3.2600630042916006,3.2186320706466303,2.67647374752064,12.392659647043141,0.039816230786789295,0.041670390151758434,-5.192820785800834,0.5046753978565652,14.394530288102906,-0.9101558489216376,0.07974664489575523,0.07512123578624456,3.278949608406614,2.598766744590764,7.057757158770246,0.07385681194078118,82.0,0.20519995207118283,0.20378784515268616,-0.03590180047734587,-0.009481926858315243,-0.2639892444332187,-0.5648356823238456,0.9264855140767724,-0.03723873822720718,82.0,-0.006921780877091887,0.024897506656235267,-0.24515797147928597,-0.7331904437007326,6.340224580225768,-0.006970025868863824,82.0,0.5383667974407181,16.710603302520262,-3.930083580650769,-28.00170674957224
pinned_sig&folding|depthT1,operator,pinned_sig&folding,depth,depthT1,True,27,82,False,27.0,70.0,0.38571428571428573,100.0,0.0,0.4124854038700168,0.0805323920167918,0.10298528872284883,3.223305153288134,0.01990049751243781,0.009950248756218905,1.5191104391432317,0.28772764696673825,0.48261556132191075,2.5514775959641,0.029850746268656716,0.014925373134328358,10.75519549524412,5.576872301914823,0.7484562676285097,6.918671694388852,0.009950248756218905,0.004975124378109453,0.5429224775038004,0.114213113005541,0.1669880847673849,2.5673051169815704,0.038352199553454445,0.038352199553454445,0.06410434410135815,0.06024253585346897,0.036935636646166774,0.004657534186586923,0.18407071345942755,0.06735170806840146,0.009928323406929769,0.08624378668666652,0.009928323406929769,0.08624378668666652,0.004635266953892807,0.15545582913496686,200,-0.08153082970648463,-0.06987257827283772,-0.6855729820856122,0.23140916812863724,0.06005261231722967,5.535470207406633,0.037037037037037035,0.07407407407407407,0.10065753319977659,486.0,0.3186878621223838,0.22348198714733558,0.9876133143786723,0.13704653649521925,0.0008039992432103697,0.3186878621223838,icc,0.9876133143786723,table,0.55,0.2572658175639259,True,-0.19316147346256776,-0.07319510410449837,0.1,-0.035895655898641854,3.918671694388852,0.0008039992432103697,0.2491755209003986,0.7508244790996014,3.5822948385708924,2.0984003975474854,10.949542664086863,0.035350256808011835,0.038352199553454445,-3.861669454469538,0.5334365997403059,5.576872301914823,-0.3436673612229515,0.11377774523102682,0.0786774936937324,4.270334663445044,3.730309270939295,6.799163231966395,0.10215480217503027,27.0,0.2358961874878497,0.2316324615030251,0.08522807997369361,0.05307212853611767,0.5092644577533944,-0.027118912194571795,0.7049395497217875,0.0785347168456603,27.0,0.049231427129189965,0.03665752869908329,2.514460899588943,2.086934045002567,6.117832406165282,0.04692141872255241,27.0,0.5768977781005248,6.254076460581679,-0.5062064817634868,-9.723818696752996
pinned_sig&folding|depthT2,operator,pinned_sig&folding,depth,depthT2,True,27,82,False,27.0,65.0,0.4153846153846154,100.0,0.0,0.3701367342805362,0.2471739623476769,0.16961910475678996,0.7249346829720075,0.5174129353233831,0.25870646766169153,1.3013267303570777,1.1487785460604087,0.7302094115451346,0.2089101864270341,0.835820895522388,0.417910447761194,8.879679878971201,4.17804182738348,0.7950006011082977,5.9140056561381735,0.009950248756218905,0.004975124378109453,0.40541152709488626,0.32707750658826595,0.28118761253020863,0.2785827576177621,0.041683567349887415,0.041683567349887415,0.026153176953154725,0.02548662084817446,0.04001557541695046,-0.1530386087202404,0.27008791717808567,0.09258708032328658,-0.021060135045556972,0.14537543472527442,-0.021060135045556972,0.14537543472527442,-0.18069921444512438,0.21265052546115742,200,-0.11457259253532984,-0.037822644677833264,-2.376712799407201,0.3407065755276072,0.1231618579836094,5.934326635834675,0.037037037037037035,0.07407407407407407,0.15178159161553348,3294.25,-0.03114190028229959,-0.05307235975122283,0.9976534711561152,,6.151352734600605e-05,0.001,icc,0.9976534711561152,table,0.55,0.0005505505505505506,True,0.025602626402604176,0.26953736662753514,0.1,-0.07384682304684528,2.9140056561381735,6.151352734600605e-05,1.0,-46.503679593093764,2.003243005001211,1.5285287015243287,10.907594142841992,0.0382054507230667,0.041683567349887415,-3.849439917135554,0.48710873239120117,4.17804182738348,-0.2872495435313362,0.046058006300389975,0.06632377086206756,1.2106656388759904,0.5284584351389651,5.929975791016355,0.04403006910035904,27.0,0.1648989989663311,0.16001484439826777,-0.39010669026130285,-0.1509103658427407,-1.9575698411129283,-1.6627442156288257,0.8549352986827022,-0.639631037153761,27.0,-0.07629473475496455,0.01299241537181284,-1.5078854100343924,-1.9067989767349218,4.997545206391996,-0.0825964056129154,27.0,0.5280833514934521,4.32040079875323,-2.0210901460678143,-9.117334370984178
pinned_sig&folding|depthT3,operator,pinned_sig&folding,depth,depthT3,True,28,82,False,28.0,43.0,0.6511627906976745,100.0,0.0,0.4431393091841346,0.22144078380684568,0.17241249999035083,1.2858610912184232,0.24875621890547264,0.12437810945273632,1.9010412570679356,1.6723926371576316,0.6511350252234023,0.3511539251507095,0.7164179104477612,0.3582089552238806,9.780770672548709,4.639616158804604,0.7736822756055471,6.645046262330639,0.009950248756218905,0.004975124378109453,0.6333648651722121,0.3157200179048035,0.284733969287187,1.1155846563113347,0.045307197563467634,0.045307197563467634,0.043122322969405255,0.04133966076639128,0.0433434282946442,-0.10606421399941411,0.3019180767060291,0.10118160202141102,-0.027116026661952827,0.14083716945117938,-0.027116026661952827,0.14083716945117938,-0.11865185479380946,0.2319020544553162,200,-0.12753360808445083,-0.026662996996780885,-3.134943220028289,0.31845271112259727,0.15853066397718424,4.5003940699339715,0.0,0.07142857142857142,0.17454860483101825,9988.5,-0.23713965042100207,-0.20012269565274088,0.9994721765472088,,2.2772993522161386e-05,0.001,icc,0.9994721765472088,table,0.65,0.0006506506506506508,True,0.0424716723187546,0.30126742605537843,0.1,-0.05687767703059475,3.6450462623306388,2.2772993522161386e-05,1.0,-65.27569330220899,2.123383710415137,2.1650787107701093,11.606912754143357,0.04621116899474312,0.045307197563467634,-3.733335453433538,0.4889513320940186,4.639616158804604,-0.2792389441673499,0.07761989495268037,0.07936457759292201,2.1317867369262307,1.342727846343528,6.487307743240347,0.07202901070798137,28.0,0.21446164412764698,0.2191473586851913,0.1783418590258274,0.04687307894577012,0.7972518917183244,0.5384930059507577,1.0138723577361637,0.1513498461077062,28.0,-0.013468319908686046,0.021377496302455973,-0.31456329691555696,-0.9993770857501161,6.112135950485672,-0.013652191997969503,28.0,0.5071536351987811,6.136126043185355,-1.4027869528194679,-9.160553681835063
pinned_sig&folding|miss<=5,operator,pinned_sig&folding,miss,miss<=5,True,82,82,False,82.0,180.0,0.45555555555555555,100.0,0.0,1.2257614473346878,0.5491471381713143,0.3353646257106743,2.01754823642939,0.029850746268656716,0.014925373134328358,4.721478426568244,3.108898830184779,1.3757568355924203,1.1721399848172047,0.22885572139303484,0.11442786069651742,29.41564604676403,14.394530288102906,2.095264802156535,7.169077504285261,0.009950248756218905,0.004975124378109453,1.5816988697708991,0.7570106374986105,0.5514323836054661,1.4955382686816034,0.041670390151758434,0.041670390151758434,0.0450442110981829,0.04310268467096552,0.04000343155159434,-0.03543229265722124,0.1779277610591975,0.054114240174787484,0.005225241961554844,0.10006975313046278,0.005225241961554844,0.10006975313046278,-0.036733857632118,0.15105137990681577,200,-0.10811870032797091,-0.04456506018997538,-2.902169041115933,0.2971195242701381,0.11445913767663188,6.693524738935081,0.024390243902439025,0.07317073170731707,0.14272216225953516,3402.0,0.018862112046394937,-0.012224091933923174,0.9980177131645911,2.3430346523603807,8.946789770712435e-05,0.018862112046394937,icc,0.9980177131645911,table,0.55,0.01057360209292802,True,0.03447060900525488,0.16735415896626948,0.1,-0.054955788901817106,4.169077504285261,8.946789770712435e-05,1.0,-3.2600630042916006,3.2186320706466303,2.67647374752064,12.392659647043141,0.039816230786789295,0.041670390151758434,-5.192820785800834,0.5046753978565652,14.394530288102906,-0.9101558489216376,0.07974664489575523,0.07512123578624456,3.278949608406614,2.598766744590764,7.057757158770246,0.07385681194078118,82.0,0.20519995207118283,0.20378784515268616,-0.03590180047734587,-0.009481926858315243,-0.2639892444332187,-0.5648356823238456,0.9264855140767724,-0.03723873822720718,82.0,-0.006921780877091887,0.024897506656235267,-0.24515797147928597,-0.7331904437007326,6.340224580225768,-0.006970025868863824,82.0,0.5383667974407181,16.710603302520262,-3.930083580650769,-28.00170674957224
ptm,operator,ptm,primary,miss0,False,951,951,False,,952.0,,100.0,0.0,8.281818692187377,-1.314414435198256,2.4208553869219482,3.963984457405769,0.009950248756218905,0.004975124378109453,25.62407311446661,-3.4012133471593966,9.203170053061864,3.1538357212001524,0.009950248756218905,0.004975124378109453,169.26559771550535,69.2795058761606,12.492493350828227,8.003693820874908,0.009950248756218905,0.004975124378109453,15.566469798390864,-2.3375544893867284,4.670918907509144,3.8330839482129337,0.04892794994353854,0.04892794994353854,0.09597567972558252,0.08757099404761748,0.046645672799711574,-7.358501643460328e-05,0.23281234452423388,0.057785319974437595,-0.009574333038913136,0.1179343838998179,-0.009574333038913136,0.1179343838998179,-7.380235875037618e-05,0.18884646876831873,200,-0.07863457451659435,-0.03869532566902158,-3.4066847804174505,0.2572968110796449,0.09342462260789024,5.803959294377969,0.04100946372239748,0.12828601472134596,0.21728887819123305,1877.0,0.16933253137524876,0.08758780758230914,0.9963179585995091,0.47081251475841746,0.0003546924183586856,0.16933253137524876,icc,0.9963179585995091,unselected,1.0,0.2038511652028396,True,-0.10787548547725709,0.028961179321394276,0.05,0.045975679725582516,5.003693820874908,0.0003546924183586856,0.47081251475841746,0.5291874852415825,3.3539825022268706,2.4784572923252406,13.708308991193299,0.043997624134174525,0.04892794994353854,-7.291582356847272,0.43974084145600845,69.2795058761606,-9.198404727917147,0.13366521855829963,0.08813092467904746,5.169562949928339,4.4303528882501375,7.983043886447667,0.11790537133024497,950.0,-0.06329895749943351,-0.05419935386230373,-0.07370018144056995,-0.161490243076063,-0.16350662163128804,0.38497511158150816,0.2193780673052871,-0.07956406766352125,951.0,0.06036998373173122,0.02942934460732688,2.272894277606547,1.616769582075686,7.5272620958741845,0.05693294289533996,951.0,,,,
ptm|depthT1,operator,ptm,depth,depthT1,False,317,951,False,,318.0,,100.0,0.0,3.824968554671667,0.011489187795902538,0.7507085706757753,5.079839921692827,0.009950248756218905,0.004975124378109453,13.858103712517385,0.8435404872870569,3.1151157569279966,4.177874673288152,0.009950248756218905,0.004975124378109453,50.59743080703747,22.328696510928545,4.070164547157074,6.9453541665420016,0.009950248756218905,0.004975124378109453,7.089596015914463,-0.11067607753525502,1.4821340123585998,4.858043897118006,0.07559610228548723,0.07559610228548723,0.1349009590217371,0.11886584282915677,0.07028298273381278,0.06034322678217962,0.2940211158873116,0.07216112907906279,0.028135206178232713,0.14148682931116685,0.028135206178232713,0.14148682931116685,0.056908967056597835,0.22719934384314877,200,-0.03670014401123012,-0.024518902796160393,-1.2002014633072475,0.23644223027816066,0.08469439676359436,6.482886738705759,0.03470031545741325,0.138801261829653,0.21080219395374683,579.0,0.18910431629664431,0.10192220942606338,0.9896415472882943,0.5784669939874398,0.0014119912493764143,0.18910431629664431,icc,0.9896415472882943,unselected,1.0,0.23320424574589677,True,-0.09830328672415967,0.06081687014141485,0.05,0.0849009590217371,3.9453541665420016,0.0014119912493764143,0.5784669939874398,0.42153300601256016,5.638745378089434,4.481062646887705,12.484210003084167,0.07090609386221182,0.07559610228548723,-4.5168223732190125,0.46974463308601216,22.328696510928545,-2.7141169112421357,0.16355505490929487,0.11159206984602688,5.590992088331401,4.798529051165903,7.072838021612929,0.14056494724441282,316.0,-0.11398841515794449,-0.08826310506848344,3.4000626529614393,0.08315660724084041,1.4817055927753595,1.1394580310058013,0.050136424427260906,0.7727305088878779,317.0,0.12365222254576809,0.07504199951264859,4.403880198975449,3.633572322416557,6.179207607829372,0.1100449232108661,317.0,,,,
ptm|depthT2,operator,ptm,depth,depthT2,False,317,951,False,,317.0,,100.0,0.0,3.7677085067332694,-0.19988657266293772,0.9278187349757816,4.276261008568415,0.009950248756218905,0.004975124378109453,11.363321509437476,-0.8734688832266321,3.5864905461098737,3.4119120726351495,0.009950248756218905,0.004975124378109453,52.57087279637932,21.037784364982436,4.070985681591294,7.745811677497971,0.009950248756218905,0.004975124378109453,6.780785621500252,-0.3166572317913074,1.7702089032550765,4.009381514374216,0.07166912600684006,0.07166912600684006,0.12582323130282885,0.1117610898446493,0.06687616939557389,0.013863901169517615,0.32758698384186424,0.0794492404048314,0.0018173050373013228,0.1653016076490255,0.0018173050373013228,0.1653016076490255,0.013666043676202291,0.24674668921706366,200,-0.0760739643367339,-0.04055688068257864,-2.700796433739446,0.25292100317099514,0.1003247970514281,4.724807530385141,0.028391167192429023,0.138801261829653,0.2167817355626191,1877.0,0.13181431768567303,0.05895043254753841,0.9961239203681895,0.8287258155076198,0.0004895985871729767,0.13181431768567303,icc,0.9961239203681895,unselected,1.0,0.1518273341415801,True,-0.026004102838751236,0.17575964970028415,0.05,0.07582323130282885,4.745811677497971,0.0004895985871729767,0.8287258155076198,0.1712741844923802,4.019924443972131,2.88472213452196,13.230317044516557,0.0652369424697493,0.07166912600684006,-5.900346896916591,0.4340536104149459,21.037784364982436,-3.1465750249887283,0.16893332005768888,0.11442756112178051,5.390059826487985,4.566804546209007,7.658081627523989,0.14451921008578295,317.0,-0.077878627918633,-0.07953489932604847,0.4541638379141146,-3.3759065030590323,-1.2936421216273697,-0.7965127083271547,-0.41450009022809176,0.3123195791786278,317.0,0.06162697363839868,0.03716669336460182,1.9935861912997468,1.467388758630813,7.566189009511111,0.058049555228604686,317.0,,,,
ptm|depthT3,operator,ptm,depth,depthT3,False,317,951,False,,317.0,,100.0,0.0,0.6891416307824408,-1.126017050331221,1.0579868080628734,1.7156723196172325,0.08955223880597014,0.04477611940298507,0.40264789251174293,-3.371284951219822,4.030691089748664,0.936299200236377,0.3582089552238806,0.1791044776119403,66.09729411208856,25.91302500024962,4.978061975634796,8.072271761284108,0.009950248756218905,0.004975124378109453,1.6960881609761476,-1.9102211800601656,1.9989659672932538,1.8040874132137028,0.01042617008820038,0.01042617008820038,0.045170877092769776,0.04321865264598297,0.010318586747699018,-0.05948784863214187,0.17988045306401854,0.062259776191744706,-0.05222453662340883,0.08468416871057638,-0.05222453662340883,0.08468416871057638,-0.06325049034634275,0.1524564303476389,200,-0.12312961520181905,-0.05101019352832572,-4.260371815174622,0.282527199789779,0.09525467400864826,5.654795205856503,0.05993690851735016,0.10725552050473186,0.22428270505733328,4593.5,0.17952013644065026,0.10189078077332563,0.9986191232277939,0.2064492363294555,6.246166682245114e-05,0.17952013644065026,icc,0.9986191232277939,unselected,1.0,0.21879895462865873,True,-0.17362807753588894,-0.03891850156464019,0.05,-0.004829122907230227,5.072271761284108,6.246166682245114e-05,0.2064492363294555,0.7935507636705446,0.38980064760277033,-0.12192370152101654,13.26792831636844,0.006294268207617658,0.01042617008820038,-7.484847766630524,0.42126787475476846,25.91302500024962,-3.3377127916862843,0.08439788301200457,0.049166013281652814,3.095980690775024,2.4764241365299378,8.03040545417534,0.07782925836924588,317.0,0.0018102669263573277,0.005092486179210065,-0.025194991618767558,-0.07584670742981477,-0.1748332083309088,0.6225861391977803,0.9218411730365458,-0.02584618605992446,317.0,0.01685775908220159,-0.009164972044235819,0.5115272102633719,-0.19220660057564143,7.473700752971814,0.016578286325333362,317.0,,,,
ptm|miss5-20,operator,ptm,miss,miss5-20,False,81,951,False,,81.0,,89.0,0.10999999999999999,0.4761660840576999,-0.09022547030082462,0.20027480887989435,2.8280718754708283,0.009950248756218905,0.004975124378109453,1.8492377204927557,-0.8133864064963647,0.9545727147301593,2.7893360934182967,0.009950248756218905,0.004975124378109453,7.722302061678761,3.4131824189292854,0.8756286321164071,4.92117261210871,0.009950248756218905,0.004975124378109453,0.7750461090631965,-0.14678596620970463,0.3801716147838898,2.42477880889903,0.06166115754790684,0.06166115754790684,0.13144020155289374,0.11617070117580496,0.05807988463129246,-0.41807543096067135,0.9177108297996976,0.6835363963908976,-0.10525728945193356,0.24857491933224768,-0.10525728945193356,0.24857491933224768,-0.32795565261626736,0.47981967420475485,200,-0.024070994528919185,-0.025283496500995976,0.09343001073183813,0.2537054389653085,0.05821294865757427,7.870959589810619,0.037037037037037035,0.12345679012345678,0.1985482705613429,738.75,0.31702889982163635,0.26432454650438447,0.9934863225742175,0.2831598605450516,0.000861772380999661,0.31702889982163635,icc,0.9934863225742175,unselected,1.0,0.4641907977348406,True,-0.3327505961819469,0.453520032064857,0.1,0.03144020155289373,1.9211726121087098,0.000861772380999661,0.2831598605450516,0.7168401394549484,2.001949286428571,1.7724983149916684,8.710634031882051,0.056583594919746426,0.06166115754790684,-2.3710787091831707,0.48793227867897143,3.4131824189292854,-0.6928341855989225,0.1182703231748319,0.0841107805232539,2.4068925273023685,2.597621659169716,4.860939485146971,0.10576183658263938,81.0,-0.22202874725223373,-0.22736086830451002,-0.38315560320534003,-0.1023196443012812,1.1050995763759255,0.3137900217428775,-0.6073046615330346,-0.6211543870647948,81.0,0.07490515028486322,0.012493008352525132,1.4899914189374954,1.4372931960184128,5.236372774228821,0.06968535806625582,81.0,,,,
ptm|miss20+,operator,ptm,miss,miss20+,False,87,951,False,,87.0,,57.0,0.43000000000000005,0.9375903573319323,-0.11132561689123102,0.4358019292847718,2.406863998846036,0.01990049751243781,0.009950248756218905,2.4506646271861627,-0.006942870634963105,1.3281213852734732,1.8504389170083881,0.04975124378109453,0.024875621890547265,6.02563139884922,0.3775544224795368,1.6154938411494053,3.4961922060632196,0.01990049751243781,0.009950248756218905,0.884055401142127,-0.15383138688503187,0.48925075413073976,2.121380047479314,0.15560035044808648,0.15560035044808648,0.18571205360897133,0.15662491837180578,0.13464892978593518,-0.8936999107239552,2.895222444408242,1.9401322713460631,-0.8168805141783433,1.4975195709443794,-0.8168805141783433,1.4975195709443794,-1.14547672186865,0.7476064381869019,200,0.011460721787003,0.0015894051552538691,0.6392320255452475,0.1622417906299884,0.04562251307618319,5.237241218461098,0.0,0.034482758620689655,0.15025910344143073,680.5,0.37758662273069526,0.2812119269686284,0.9942450206141185,0.3061275467081884,0.0010749553863183623,0.37758662273069526,icc,0.9942450206141185,unselected,1.0,0.6066492728470418,True,-0.4209372192380705,2.2885731715612003,0.1,0.08571205360897133,0.49619220606321957,0.0010749553863183623,0.3061275467081884,0.6938724532918116,2.226113833374827,1.7713363952899481,4.578015090613405,0.12240676577957968,0.15560035044808648,0.2129389799297041,0.2579837188691417,0.3775544224795368,-1.586165161411991,0.22590483171616052,0.21050715967234465,2.446371010511431,2.7738193536872555,3.429024154998693,0.18427599424656263,87.0,-0.8061778844740242,-0.7698222756138335,-1.087874901825213,-0.28515773237213504,2.5954677934244397,1.9740573142044786,-0.5059992141648358,,84.0,0.19839591785072908,0.16229926585270987,2.6188008756039087,2.9642990696899383,3.141545615402843,0.1655512296858817,85.0,,,,
ptm|miss<=5,operator,ptm,miss,miss<=5,False,957,951,False,,958.0,,100.0,0.0,8.330048147542389,-1.3487879132769225,2.43493828336599,3.9749820876115023,0.009950248756218905,0.004975124378109453,25.75755287118994,-3.6213024423251055,9.274644578572486,3.1676529558221533,0.009950248756218905,0.004975124378109453,170.15881544409785,69.86183575613246,12.556848510562263,7.987432483843381,0.009950248756218905,0.004975124378109453,15.667575502280295,-2.393928489512624,4.697869898243003,3.8446156200596135,0.04895454946487361,0.04895454946487361,0.0965017699529059,0.08800876806341187,0.04666984807859204,-7.170194813067497e-05,0.23318902538774522,0.05775751403990694,-0.009771865275517351,0.11787836184204141,-0.009771865275517351,0.11787836184204141,-7.180176307868928e-05,0.18909426761568332,200,-0.07818650601198429,-0.03875234606046828,-3.3710130834646517,0.25688334563554627,0.09297764650078559,5.821765247981149,0.04075235109717868,0.12852664576802508,0.21665275258310238,1870.0,0.16933253137524876,0.0886832678722437,0.9962749186339253,0.4733932712961586,0.0003608210327503878,0.16933253137524876,icc,0.9962749186339253,unselected,1.0,0.2038511652028396,True,-0.10734939524993371,0.029337860184905612,0.05,0.04650176995290589,4.987432483843381,0.0003608210327503878,0.4733932712961586,0.5266067287038414,3.364965382822604,2.4856176498845546,13.721511701654569,0.04403866346817756,0.04895454946487361,-7.279789999885018,0.44098672207078543,69.86183575613246,-9.259068974500101,0.13380252777665613,0.08823554916756024,5.156556959287756,4.412165061396592,7.976484123265258,0.11801219744944283,956.0,-0.06360663727393721,-0.054557057833664144,-0.08504049157714724,-0.16550515396628157,-0.1867291337151405,0.351472595215628,0.21589826787644814,-0.09294454103628527,957.0,0.0612518430622296,0.02979727820688831,2.3107569802121684,1.6835205360972427,7.512863443462773,0.057716595229166466,957.0,,,,
pinned_sig&ptm,operator,pinned_sig&ptm,primary,miss0,True,329,329,False,329.0,952.0,0.34558823529411764,100.0,0.0,3.5469825992682806,-0.3623098917722995,0.8357664642019657,4.677493843658086,0.009950248756218905,0.004975124378109453,10.160040630115802,-0.7957406833689394,3.320748031458362,3.299190787647121,0.009950248756218905,0.004975124378109453,111.20643355517083,51.4171575993877,7.296886701123735,8.193806263508993,0.009950248756218905,0.004975124378109453,5.887186185683071,-0.6593139093739552,1.4973543792929103,4.372044577816277,0.031895480197272764,0.031895480197272764,0.06538450965573957,0.06137174800567303,0.030909603549358643,0.031559666248480674,0.15250418587030945,0.030681195659775014,0.011025803907638182,0.06551600866895423,0.011025803907638182,0.06551600866895423,0.030593984938156567,0.13232418558240452,200,-0.13840316142022344,-0.07273423823420483,-4.928185745507825,0.2694344869174068,0.10626929736124936,5.688681349161524,0.0243161094224924,0.13677811550151975,0.16737518066595752,2364.75,0.11797487730433363,0.04563262127454223,0.9973361204235796,0.4888395009958719,0.00017464168430219443,0.11797487730433363,icc,0.9973361204235796,table,0.55,0.07356500495028621,True,-0.008180495294546647,0.07893918092002324,0.05,0.015384509655739564,5.193806263508993,0.00017464168430219443,0.8887990927197672,0.1112009072802328,3.9078384287210723,2.4661703228530496,13.901607132586937,0.029170144104591702,0.031895480197272764,-8.844992941130984,0.4815752446695522,51.4171575993877,-4.122310570238466,0.10217475041314572,0.07089586687629135,6.173665537496472,5.126772380753036,8.236503421852303,0.09270285893851764,329.0,0.1994487525487188,0.20214216634066604,0.07280314151746642,0.0142839066031733,1.019089033862297,1.1727394634793007,1.2021532019382457,0.06786253572532171,329.0,0.047436324534524184,0.023900350148294943,2.753820052199564,2.140067125321419,7.151322874124908,0.04528802698875721,329.0,0.48758081985311347,66.50477272607912,-23.949656201502407,-110.01951136034499
pinned_sig&ptm|depthT1,operator,pinned_sig&ptm,depth,depthT1,True,110,329,False,110.0,390.0,0.28205128205128205,100.0,0.0,2.0570709188792673,0.30137382732837203,0.27303137842985986,6.430385773413672,0.009950248756218905,0.004975124378109453,7.011931586406599,1.3807176124124283,1.2001569511358408,4.692064624268295,0.009950248756218905,0.004975124378109453,37.859809391779706,19.471193134404242,2.5394721742045454,7.241117443287381,0.009950248756218905,0.004975124378109453,3.3340332588368016,0.46416126406117286,0.5058553069758458,5.673306092077162,0.05433389528173134,0.05433389528173134,0.09547739030372693,0.0871559661101315,0.051533859932685395,0.060798677713878584,0.22380675634748526,0.042984893288768374,0.03667872327886473,0.08782393185993709,0.03667872327886473,0.08782393185993709,0.05731404236432334,0.18287752074781072,200,-0.08111168533781606,-0.05003917973546516,-2.8814474697337955,0.23552712028507877,0.08596479951026939,5.668373789957408,0.01818181818181818,0.15454545454545454,0.1413898815558481,736.0,0.05714378164155259,0.03525632090225859,0.9907228190099243,1.5753499081524838,0.000894055343544983,0.05714378164155259,icc,0.9907228190099243,table,0.55,0.03333390530909717,True,0.06214348499462976,0.1904728510383881,0.05,0.045477390303726925,4.241117443287381,0.000894055343544983,1.0,-1.864272560277243,8.333431360454503,5.377114141787135,12.984265150613938,0.05114206657884781,0.05433389528173134,-6.184580682899373,0.5319809159263079,19.471193134404242,-1.430503510247336,0.13461189456015307,0.09732940290376733,6.618193623374386,5.441300053526161,7.272323676473518,0.11864135675427333,110.0,0.1928493999845673,0.19849443094576594,0.10674580735162184,0.019192415634082007,0.7516407546493742,0.8975661587409759,0.7448276382356649,0.09645015742780028,110.0,0.0863494713848712,0.056274549077840644,5.471855684425481,4.927999559163346,6.235704490521112,0.07948590546538718,110.0,0.5538033739305124,21.834387404034253,-4.891552261576547,-38.06283750561508
pinned_sig&ptm|depthT2,operator,pinned_sig&ptm,depth,depthT2,True,109,329,False,109.0,335.0,0.3253731343283582,100.0,0.0,1.0710068095115497,-0.2355288653993012,0.36462525112357147,3.583228728358328,0.009950248756218905,0.004975124378109453,2.4285458759497187,-1.0524335121075221,1.4421762479757565,2.4136990142107497,0.01990049751243781,0.009950248756218905,34.99223613196244,15.216534550656613,2.3278846060975265,8.495138259648481,0.009950248756218905,0.004975124378109453,1.7752063804144411,-0.38107476234718396,0.6552815918109379,3.2906176057876446,0.030606983945598028,0.030606983945598028,0.06606772809243502,0.06197329339539534,0.02969801720964629,0.005936349755271518,0.15532700862825094,0.037959298292287315,-0.0044348996025593964,0.07630355289267546,-0.0044348996025593964,0.07630355289267546,0.00590131083299828,0.13444409990630454,200,-0.16615085988736572,-0.08658225470860145,-4.515197370742008,0.2636721606516286,0.10161481267553985,5.025393845860154,0.01834862385321101,0.14678899082568808,0.19280968554175923,2364.75,0.15354741278892098,0.08370886026684356,0.9971943070149153,0.36420802121802204,0.0001858873039541492,0.15354741278892098,icc,0.9971943070149153,table,0.55,0.09977059354518467,True,-0.03370286545274964,0.055556415083066274,0.05,0.01606772809243502,5.495138259648481,0.0001858873039541492,0.6621964022145854,0.3378035977854146,2.7515156627178152,1.3972221550595298,14.227877959077913,0.027478093170332823,0.030606983945598028,-8.43393794629382,0.45525900930942875,15.216534550656613,-1.3107076876977275,0.10740667727422895,0.07274856698552944,5.091933245727637,4.1250715410132806,8.422368890495141,0.09698937118439611,109.0,0.18223801304419981,0.18524812940221036,0.09357098740665658,0.05073558069471361,0.7362410041895405,0.2221921340675264,1.1198014925941135,0.08556462130415056,109.0,0.043888150143721216,0.015121094569274835,1.9412177451851487,1.1551153383941506,7.002111574526705,0.04204296230173583,109.0,0.45001924471082005,20.19204610484093,-10.303346126714752,-35.256061739443915
pinned_sig&ptm|depthT3,operator,pinned_sig&ptm,depth,depthT3,True,110,329,False,110.0,227.0,0.4845814977973568,100.0,0.0,0.41890487087746364,-0.42815485370137035,0.39961237958700446,2.119703412227274,0.03980099502487562,0.01990049751243781,0.719563167759483,-1.124024783673846,1.6712524534537123,1.1031175736636785,0.27860696517412936,0.13930348258706468,38.3543880314287,16.729429914326843,2.663054486917133,8.120358867360554,0.009950248756218905,0.004975124378109453,0.7779465464318285,-0.742400411087944,0.689560025764297,2.204807269439154,0.010921954237262261,0.010921954237262261,0.03917046775267261,0.03769397704053631,0.010803953946675186,-0.02057678921507424,0.14594472425187902,0.04230134514074663,-0.023018422000754116,0.05740481209125762,-0.023018422000754116,0.05740481209125762,-0.021010596177595757,0.12735626059342545,200,-0.1681991908397353,-0.08170717131740605,-4.506796188759015,0.30905179503127883,0.131185966400796,5.229999322246051,0.03636363636363636,0.10909090909090909,0.16815719767186352,6247.25,0.07456691801827643,0.01827883028172731,0.9989808237698485,0.48613577788124096,3.996233832275819e-05,0.07456691801827643,icc,0.9989808237698485,table,0.55,0.0443163376245739,True,-0.005145869871901285,0.10162838662730511,0.05,-0.01082953224732739,5.1203588673605545,3.996233832275819e-05,0.8838832325113471,0.11611676748865285,0.82738077303759,0.23649001953707435,13.462034885362705,0.008990266331377625,0.010921954237262261,-7.9853572593350375,0.4557772024440751,16.729429914326843,-1.381099372293403,0.07016186406910987,0.04358814453950474,3.557704257085025,2.7584155976064806,8.176406844237974,0.06556191771058933,110.0,0.22310238334916627,0.22253035652003583,0.04518485158055225,-0.009876367840892956,0.6064492668883755,1.2592689172456712,1.5685874847699135,0.04323144514793024,110.0,0.017888659057782145,-0.00015482670793638752,0.7821428295528386,0.23898438970026617,7.457781629040244,0.017574278776561814,110.0,0.456788710715181,24.478339217203946,-8.754757813211109,-36.70061211528599
pinned_sig&ptm|miss<=5,operator,pinned_sig&ptm,miss,miss<=5,True,331,329,False,331.0,958.0,0.3455114822546973,100.0,0.0,3.5278745187794627,-0.38458000997214425,0.8343155937257615,4.689417959072243,0.009950248756218905,0.004975124378109453,10.008549826069475,-0.9916347073627082,3.3176946669890386,3.315610879712255,0.009950248756218905,0.004975124378109453,111.98555856635801,51.921388680256534,7.327840279190613,8.196708388509771,0.009950248756218905,0.004975124378109453,5.859663146895011,-0.6933453700095035,1.4952727892263,4.382483627148223,0.03150294166447355,0.03150294166447355,0.06513791060745064,0.06115443827391548,0.030540816115986223,0.031654517813206655,0.15203927078597967,0.03046305974221603,0.011317887918084182,0.06509629238615965,0.011317887918084182,0.06509629238615965,0.030683098563993656,0.13197403029266894,200,-0.13844513292018645,-0.07307416348447489,-4.933026384874286,0.26957494188284564,0.10571888956924429,5.735360327285839,0.02416918429003021,0.13595166163141995,0.1665232993227226,2360.25,0.11797487730433363,0.047361479992476516,0.9972969294015189,0.48699583257430973,0.00017654959703440555,0.11797487730433363,icc,0.9972969294015189,table,0.55,0.07356500495028621,True,-0.008427094342835575,0.07847426583569346,0.05,0.015137910607450636,5.196708388509771,0.00017654959703440555,0.8854469683169268,0.11455303168307318,3.8768856187844825,2.4109574629038195,13.90796861830315,0.02878315230544294,0.03150294166447355,-8.878236748313217,0.4827564802957897,51.921388680256534,-4.138022683049684,0.10186042993092882,0.07086366506081299,6.1717255577167975,5.138749142801676,8.248495594045373,0.0924440402468342,331.0,0.19980872874231834,0.20268900419556146,0.0742934405542177,0.014931343204139408,1.0329929283766535,1.1936168504866003,1.1976063971365418,0.06915563080780836,331.0,0.04745872689123127,0.0236441402965759,2.775363024131778,2.1937486355678466,7.164977367565497,0.04530844573903618,331.0,0.48841936246007,67.09006038873085,-23.925586537348874,-110.82059581544527
secretion,operator,secretion,primary,miss0,False,1440,1440,False,,1442.0,,100.0,0.0,15.04747464855847,0.3647767078311938,3.6060447333958088,4.071690460395535,0.009950248756218905,0.004975124378109453,49.40176689655971,7.529064647068839,13.918589109950831,3.0084013486363195,0.009950248756218905,0.004975124378109453,258.66683263357015,110.63524452852414,20.411265168873435,7.252445494206294,0.009950248756218905,0.004975124378109453,27.0640728411905,0.622949527696339,6.823827108557005,3.874823159035973,0.05817318940876685,0.05817318940876685,0.09918624888566457,0.09023607144486917,0.05497511181630859,-0.01440854200522127,0.27095866028236254,0.07281447356328265,-0.0035674008017671415,0.13323866235029652,-0.0035674008017671415,0.13323866235029652,-0.014619334499784182,0.21318957227916016,200,-0.07687607054527808,-0.03831234943584502,-2.9517129417520365,0.2625218712168899,0.09552500624820837,7.220063746104802,0.04375,0.10972222222222222,0.2262893014446504,1712.625,0.16347156955299608,0.09216162479917182,0.9966492575195462,0.5075629807013754,0.00033346493273390786,0.16347156955299608,icc,0.9966492575195462,unselected,1.0,0.19541663331830106,True,-0.09623038443263648,0.07554202696406148,0.05,0.04918624888566457,4.252445494206294,0.00033346493273390786,0.5075629807013754,0.4924370192986246,3.8250959388459074,3.0166059524056017,13.253399327533074,0.05313601086381902,0.05817318940876685,-6.2359655708228985,0.4553514191213601,110.63524452852414,-13.126013803738081,0.13655674422438596,0.09712100214575384,5.209414452452385,4.403740177798631,7.2679226718649685,0.12014951731915119,1433.0,-0.0596975903507551,-0.04920422326640605,-1.1407388878707894,-0.14543692135646108,-0.5219700020635104,-0.3108902644560841,0.03657062545910955,,1440.0,0.05470942925674428,0.034254577209456176,1.977870402109883,1.404705670147801,6.9435982684139095,0.05187156551288076,1440.0,,,,
secretion|depthT1,operator,secretion,depth,depthT1,False,480,1440,False,,482.0,,100.0,0.0,5.589899733701609,0.3922601512463405,1.0976450785647405,4.735264325378839,0.009950248756218905,0.004975124378109453,18.50961682677095,1.694997812771026,4.393905824997464,3.8268045979364227,0.009950248756218905,0.004975124378109453,68.14691197021591,29.807126534091257,6.213374325786285,6.170525615527415,0.009950248756218905,0.004975124378109453,10.197351312349845,0.5725663971210798,2.2000216748592494,4.3748591321694725,0.08202719055185823,0.08202719055185823,0.13556777961406974,0.1193832565944618,0.0758088070873917,0.010375248454387486,0.37961519236658947,0.09608781799517768,0.012197049933496313,0.16184665156609887,0.012197049933496313,0.16184665156609887,0.010268580610041475,0.27515430065172614,200,-0.04503352189940364,-0.028373113951832566,-1.8369517492277363,0.23075787560133676,0.07846096859817228,7.582910921578892,0.0375,0.11666666666666667,0.2422266467187081,421.0,0.21321672699246652,0.16357808353173112,0.9891578186710462,0.5002537224149887,0.0014859615131123962,0.21321672699246652,icc,0.9891578186710462,unselected,1.0,0.27099804267245137,True,-0.13543026305838163,0.1086171496941381,0.05,0.08556777961406974,3.1705256155274153,0.0014859615131123962,0.5002537224149887,0.49974627758501133,4.746996874637038,3.667292640466861,11.334098005298792,0.0743946687880961,0.08202719055185823,-5.094009188215134,0.468630607983835,29.807126534091257,-4.005880441580189,0.17932013886457046,0.12304211327533426,5.427202628409522,4.607876736234953,6.206362306286494,0.15205382572133203,473.0,-0.11766553369435287,-0.10079655118304846,-0.2644363260270728,-0.24951711121589365,0.8025947189507686,0.44284586040554336,-0.2790409260898016,-0.3595016113272683,480.0,0.12285492581231723,0.0733125891867958,3.944441952112927,3.406157243092942,5.522502845275332,0.10941299983471967,480.0,,,,
secretion|depthT2,operator,secretion,depth,depthT2,False,480,1440,False,,480.0,,100.0,0.0,4.165430756476224,-0.8426463903394279,1.3679761240456745,3.6609390023596933,0.009950248756218905,0.004975124378109453,13.331763661790466,-0.8254319990423323,5.227617610571609,2.7081544052118978,0.009950248756218905,0.004975124378109453,81.5424389644794,36.79215309567778,6.36537761597987,7.030264120774063,0.009950248756218905,0.004975124378109453,7.470364043473778,-1.4674463847543704,2.5547798936461734,3.4984659345632063,0.05108297972655345,0.05108297972655345,0.11191162357036724,0.1006479482704004,0.048600330051812884,-0.04696028825109694,0.3442223491188665,0.21241875854163897,-0.028676107087315633,0.14161498834560218,-0.028676107087315633,0.14161498834560218,-0.03547806428652177,0.25749035337116694,200,-0.08666702510459165,-0.04791122936713332,-2.709647708392921,0.2761519949098587,0.10003605318011337,6.615359547221115,0.03958333333333333,0.12291666666666666,0.22663583176773147,1712.625,0.16958887585866306,0.08861861087358504,0.9963644776455912,0.5479879305939958,0.00040834174474952605,0.16958887585866306,icc,0.9963644776455912,unselected,1.0,0.20422278908416794,True,-0.0923111655138007,0.13999956003469857,0.05,0.06191162357036724,4.030264120774063,0.00040834174474952605,0.5479879305939958,0.45201206940600425,2.692445975564771,2.095825474745618,12.556682386678991,0.04581541895990844,0.05108297972655345,-5.987344459497356,0.4801164033427592,36.79215309567778,-4.535071763956742,0.14578512183469572,0.08807097518471753,4.552108912561541,3.779688663408151,7.068779565632963,0.1272360053002402,480.0,-0.07217467788613116,-0.06185599542579858,0.5380376967397281,-0.6731885675293612,-1.2916561300972864,-0.9588236756880915,-0.28085040696932373,0.3498208775248092,480.0,0.053466014244346764,0.02120215483834499,1.4041351532190192,0.8586797175352329,6.351609173841332,0.05075248135337146,480.0,,,,
secretion|depthT3,operator,secretion,depth,depthT3,False,480,1440,False,,480.0,,100.0,0.0,5.29214415838064,0.8151629469242812,1.6679288358744082,2.6841560114339713,0.009950248756218905,0.004975124378109453,17.56038640799828,6.659498833340146,7.162319046654376,1.5219773796240057,0.10945273631840796,0.05472636815920398,108.97748169887478,44.03596489875512,8.735023943615186,7.434612339853778,0.009950248756218905,0.004975124378109453,9.396357485366877,1.517829515329629,3.0514189350445924,2.58192275061114,0.04856181365067534,0.04856181365067534,0.06893866099918548,0.06449262573658378,0.04631278100964064,-0.029621977282675706,0.2412937949714569,0.06453980237227311,-0.0060381522920343765,0.12710026545205363,-0.0060381522920343765,0.12710026545205363,-0.030526234598594534,0.19438833158768712,200,-0.09892766463183893,-0.0386527049885692,-2.9482712741707764,0.2806557431394742,0.1080779969663395,6.326874216616578,0.05416666666666667,0.08958333333333333,0.21000542584751158,5434.25,0.09017022345639528,0.02428817999219929,0.9989701034752777,0.695600433578117,7.10728850994355e-05,0.09017022345639528,icc,0.9989701034752777,unselected,1.0,0.09910669641847422,True,-0.03016803541928874,0.14218709855298267,0.05,0.01893866099918548,4.434612339853778,7.10728850994355e-05,0.695600433578117,0.30439956642188304,2.9153558766381598,2.1751715337003463,13.366760925898488,0.04517798898637444,0.04856181365067534,-5.250115284291879,0.42814316310057654,44.03596489875512,-4.585061598201151,0.10533192817493989,0.08792984840492557,3.979212780007248,3.0891350615010986,7.41069153094756,0.0952943866815264,480.0,0.009902074687791232,0.014287488694177841,-0.07298870035866495,-0.07328987146974698,-0.42214834958621045,-0.16793191713835556,0.589742203251509,-0.07873550234706374,480.0,0.018078592139093498,0.02091481560930208,0.6090863365756295,0.10514646367539103,7.505006773681517,0.01775756044639777,480.0,,,,
secretion|miss5-20,operator,secretion,miss,miss5-20,False,83,1440,False,,83.0,,92.0,0.07999999999999996,0.13741745308549796,-0.42248817109626285,0.2013950221610075,2.7801363617326054,0.01990049751243781,0.009950248756218905,0.7830054575616285,-1.1463752395458073,0.7842821429137746,2.460059449956845,0.029850746268656716,0.014925373134328358,10.597140724020871,5.128908203095066,0.9333512879842231,5.858707853433891,0.009950248756218905,0.004975124378109453,0.2380316629350185,-0.7018719061144985,0.35301571561323747,2.662497808112519,0.012967408536343159,0.012967408536343159,0.10239243156524833,0.09288201608919332,0.012801407456020748,-0.17631659186307078,0.7617018262482131,0.37270951172401967,-0.1122616409148902,0.13374625278869404,-0.1122616409148902,0.13374625278869404,-0.1724949431638442,0.43332625266171676,200,-0.05424201164436374,-0.03749862811621842,-1.6122209317927287,0.26060868322425174,0.06490051447348076,8.19855182559213,0.03614457831325301,0.04819277108433735,0.1863463354871675,738.75,0.39877865126316453,0.2990517059497487,0.993890109046011,0.15437264660759714,0.0006294524773749223,0.39877865126316453,icc,0.993890109046011,unselected,1.0,0.6632809232423258,True,-0.5608884916770774,0.09842090300588735,0.1,0.002392431565248321,2.8587078534338914,0.0006294524773749223,0.15437264660759714,0.8456273533924028,0.6780591555803598,0.9002088798112343,10.318775616697838,0.013891430266416713,0.012967408536343159,-4.790840321163746,0.5189344514493559,5.128908203095066,-0.7697770222208092,0.1538816902918982,0.04037324097149699,3.6315607305050714,3.168488393491759,5.169503424117646,0.13336002433054522,83.0,-0.17321735878700745,-0.16510529631605078,-0.16652747983780572,-0.007999618929998599,0.5390016461104404,0.653358236283543,-0.6475086935538659,-0.19979960443734768,83.0,0.08222796880623434,0.0023850121497897446,1.7867333971978279,1.3164952539392922,5.411697130323783,0.0759802658740533,83.0,,,,
secretion|miss20+,operator,secretion,miss,miss20+,False,78,1440,False,,78.0,,55.0,0.44999999999999996,1.9693533021938887,-0.1172106967546085,0.4801981609875477,4.345214472828031,0.009950248756218905,0.004975124378109453,3.740431146369552,-0.5813665308997323,1.0709299249373652,4.035555993565173,0.009950248756218905,0.004975124378109453,3.7105691760965835,1.1282352440148165,1.5558100322409716,1.6598002831760905,0.11940298507462686,0.05970149253731343,2.0575440066536084,-0.17020536588969457,0.49764508535514435,4.476582685335815,0.5307415678652282,0.5307415678652282,0.8080147857819452,0.44690717804748936,0.3467218627932083,-5.396771425293854,10.323286452355875,8.876225250658587,-11.206019921525822,5.851576579231453,-11.206019921525822,5.851576579231453,-3.377135886970142,0.9146272987008646,200,0.02008474545124109,-0.01705491160001199,2.3517167727974546,0.16796366709745852,0.03456540792354614,5.621616870293725,0.0,0.08974358974358974,0.19628080307240883,359.75,0.42343705416815647,0.32117023757481283,0.9919440384305407,1.100214023738027,0.006562200900076336,0.42343705416815647,icc,0.9919440384305407,unselected,1.0,0.7344160030215561,True,0.07359878276038911,9.588870449334319,0.1,0.7080147857819452,-1.3401997168239095,0.006562200900076336,1.0,-0.1002140237380269,3.650353329884966,2.748350276571211,3.50958511956433,0.3613410324895803,0.5307415678652282,0.6250235902458642,0.5014081410645195,1.1282352440148165,-1.4686849288444477,0.4978351347949827,0.33667245063787904,2.710913485727601,2.7888209750522117,1.8521760030738512,0.3323697803784822,76.0,-0.7511833479988907,-0.7695064402530939,-0.2956042465437026,-0.18530749782433115,3.1928832011393107,3.0218572986435572,-2.711457950287167,-0.41965648585080895,73.0,0.3408286320364736,0.22994104907520418,3.401191173493613,4.443321904048412,3.0026550472311606,0.2541925372810821,73.0,,,,
secretion|miss<=5,operator,secretion,miss,miss<=5,False,1450,1440,False,,1452.0,,100.0,0.0,15.126461884254045,0.3325340466775835,3.623121868765533,4.083199067940002,0.009950248756218905,0.004975124378109453,49.594538994281564,7.334621099783382,14.000472112604243,3.0184637742646356,0.009950248756218905,0.004975124378109453,260.51676051158347,111.56896235356011,20.478100420896396,7.273516346566652,0.009950248756218905,0.004975124378109453,27.193568350625103,0.5602352454054373,6.857373669429289,3.8838970120518823,0.058063296405766074,0.058063296405766074,0.09932290386650175,0.09034916266837209,0.054876959254712546,-0.014764321946777549,0.27149873071473907,0.07211110351606063,-0.003868065428852329,0.13300601796963799,-0.003868065428852329,0.13300601796963799,-0.014985629310568334,0.21352417267533438,200,-0.07676350968652837,-0.03840474588851533,-2.9497895695325096,0.2619064802344917,0.09506048887304713,7.229634463554059,0.043448275862068966,0.1096551724137931,0.22602332894636643,1699.125,0.16527534904299795,0.09336085741311995,0.9966314915607122,0.5016312277787562,0.00033570085103868394,0.16527534904299795,icc,0.9966314915607122,unselected,1.0,0.19799984204792764,True,-0.0986769381814259,0.07349888866681142,0.05,0.04932290386650175,4.273516346566652,0.00033570085103868394,0.5016312277787562,0.49836877222124376,3.8370108990888734,3.021961440606764,13.28546352920893,0.05308216737816519,0.058063296405766074,-6.259713412328457,0.45583138389268923,111.56896235356011,-13.199499024873653,0.1366202880965074,0.09703384654650064,5.2221248300724845,4.421547985341029,7.290458176247019,0.12019870622343434,1443.0,-0.06012382868175459,-0.04953740530621411,-0.920012387794818,-0.14060373967792822,-0.5063986455036715,-0.3006201226902174,0.043975818687612064,-11.50193589270833,1450.0,0.05480362822916756,0.03418103794289952,1.9870562813236259,1.4288407894323225,6.964203599671841,0.05195623788398733,1450.0,,,,
pinned_sig&secretion,operator,pinned_sig&secretion,primary,miss0,True,527,527,False,527.0,1442.0,0.3654646324549237,100.0,0.0,4.8408956650161965,0.41838918422094634,1.4668197283813453,3.01503067842941,0.009950248756218905,0.004975124378109453,16.36582319496972,5.488001484445345,5.996992417184424,1.8138795172316544,0.03980099502487562,0.01990049751243781,174.3305706900935,84.24640974167588,11.554189181102435,7.796666606061431,0.009950248756218905,0.004975124378109453,7.9698792692378175,0.7473392544564536,2.495148815144736,2.894632965754552,0.027768484012031545,0.027768484012031545,0.0490930529211188,0.04679570871661286,0.027018228758711845,-0.008115231691797772,0.1553693628938473,0.04184654409105376,-0.00137076617520246,0.0782387925230591,-0.00137076617520246,0.0782387925230591,-0.008181913796889801,0.13447532986721394,200,-0.13919501300567844,-0.06913070926449756,-4.402253999550521,0.2702970210334869,0.10583987749246462,6.612013626535938,0.04933586337760911,0.10436432637571158,0.16969945400999387,2451.75,0.13701251352241728,0.060889893730838765,0.9974123008991574,0.30921767110692006,0.0001273676380239862,0.13701251352241728,icc,0.9974123008991574,table,0.55,0.08732094453062154,True,-0.03822789160950275,0.06804841836322577,0.05,-0.0009069470788812053,4.796666606061431,0.0001273676380239862,0.5622139474671274,0.4377860525328726,3.1107676442013097,2.262577902592449,13.6745092330784,0.025568872118982344,0.027768484012031545,-8.007392412805988,0.5014486674559878,84.24640974167588,-6.361276002473506,0.0883083094375447,0.06895877359071458,4.916714783419959,3.9491921731273374,7.872411131070346,0.08114273195541791,527.0,0.17937503733851878,0.18605661561560038,0.029697880466027265,0.01349329559071957,0.4537581558861158,0.7341462961896407,1.046990974916607,0.028841353400267666,527.0,0.01959882632738968,0.015807279061542893,1.0063869446961684,0.6146496996452753,6.735701276543939,0.019222095809961797,527.0,0.5097197625410653,98.0518364294214,-36.33531814894214,-176.05089974219447
pinned_sig&secretion|depthT1,operator,pinned_sig&secretion,depth,depthT1,True,176,527,False,176.0,637.0,0.27629513343799056,100.0,0.0,1.8954412586903104,0.32444580457741984,0.34991072232428716,4.489703669774764,0.009950248756218905,0.004975124378109453,6.661541045066277,1.6699027424221469,1.5047348179627604,3.3172876995045812,0.009950248756218905,0.004975124378109453,57.243527740388714,30.086109526494482,3.9073382931234146,6.950362670590615,0.009950248756218905,0.004975124378109453,3.0799091642327205,0.5293426369378199,0.6205399589912779,4.110237367213205,0.03311188764058236,0.03311188764058236,0.057847746856479185,0.054684378757132744,0.03205063075617413,0.009798141597377312,0.16887279927753596,0.042359666532113954,0.01033351922458146,0.07049855194203794,0.01033351922458146,0.07049855194203794,0.009702943331891185,0.14447491362455753,200,-0.1041490946812631,-0.05968550303396238,-4.744089530382982,0.2360062523125709,0.08899017428683866,6.342800912489505,0.03977272727272727,0.10795454545454546,0.14663111680032725,717.0,0.0981380096193045,0.05650954603019482,0.9913010094137099,0.5316052803740638,0.0005076328991536331,0.0981380096193045,icc,0.9913010094137099,table,0.55,0.059849406967282304,True,-0.002001660110803119,0.10902339231025365,0.05,0.007847746856479182,3.950362670590615,0.0005076328991536331,0.9665550552255705,0.0334449447744295,4.992717125466635,3.4046996623386687,12.8007006545819,0.03072332348954463,0.03311188764058236,-7.731058710242621,0.543286095229127,30.086109526494482,-2.2191203861637905,0.10049828811174893,0.07807302700135411,6.027684105926086,4.990518954756902,6.932695107156826,0.09132071280563768,176.0,0.17535385499209852,0.1846204270403028,0.12665333636892173,0.06498337749648471,0.9230595152534061,1.1967698763299361,0.7020315219376844,0.11241553393620733,176.0,0.052756008768106794,0.034519085300349216,3.2580848784260446,3.0913920974301563,5.6976831735285876,0.050112284640236614,176.0,0.5479429871902927,32.49319515909328,-9.607088786600873,-60.63727899067109
pinned_sig&secretion|depthT2,operator,pinned_sig&secretion,depth,depthT2,True,175,527,False,175.0,445.0,0.39325842696629215,100.0,0.0,1.3008838335752233,-0.2986047506442731,0.5913552137500017,2.7047847842188606,0.009950248756218905,0.004975124378109453,3.9512990105761983,-0.000895917735815015,2.374661948029802,1.6643189703658878,0.08955223880597014,0.04477611940298507,53.79305892359392,24.86271036763836,3.6026835080971775,8.030222052792988,0.009950248756218905,0.004975124378109453,2.3596428810043113,-0.4066827421471515,1.015529391758947,2.7240231997225117,0.024183116922630494,0.024183116922630494,0.055287567003413376,0.052390996285882084,0.023612102682666412,-0.02168817238627216,0.19766800538246343,0.060318621097920945,-0.016050268617388713,0.08419848819580983,-0.016050268617388713,0.08419848819580983,-0.022169911391085727,0.16504272282579308,200,-0.16824834310174236,-0.08793363716070804,-4.262738176581048,0.2758442379560893,0.10530826725415998,6.320036526433434,0.05714285714285714,0.12,0.2004976304122236,2451.75,0.19616770758352714,0.12067169811126449,0.99719599153621,0.2265507013052084,0.0001554627246155554,0.19616770758352714,icc,0.99719599153621,table,0.55,0.1342223249660639,True,-0.07893475796265052,0.06344568041639953,0.05,0.005287567003413374,5.030222052792988,0.0001554627246155554,0.4119103660094698,0.5880896339905302,2.0201494680852345,1.3787470856108648,13.379694150669907,0.0216441027367439,0.024183116922630494,-7.95621185119415,0.4820084727667233,24.86271036763836,-2.0579483515247374,0.09854707487170378,0.067214906699144,4.356296552800709,3.563124358322594,8.203362673818209,0.08970673822349652,175.0,0.15651791436587076,0.16230410972222156,-0.027504863844845986,-0.00801070455983043,-0.26198301478889185,-0.3407692383710051,1.1781829136685087,-0.02828277779731517,175.0,0.02411214116918882,0.005240411582118759,0.980253029076888,0.5365620194950518,6.6715388189392035,0.02354443444217049,175.0,0.47672508467937236,28.403219201388765,-15.979179138133428,-56.41337918710393
pinned_sig&secretion|depthT3,operator,pinned_sig&secretion,depth,depthT3,True,176,527,False,176.0,360.0,0.4888888888888889,100.0,0.0,1.6445705727506632,0.3925481302877996,0.7322831251998034,1.7097518697037424,0.08955223880597014,0.04477611940298507,5.752983139327245,3.818994659759013,3.2164219008735526,0.6012856954627057,0.6368159203980099,0.31840796019900497,63.29398402611086,29.29758984754303,4.332623548636257,7.846606980029129,0.009950248756218905,0.004975124378109453,2.5303272240007857,0.6246793596657852,1.2219468289195796,1.5595178278091981,0.025983047173523212,0.025983047173523212,0.03682809523523437,0.03551996266736855,0.025325025832642956,-0.03192938015187034,0.18162540623720236,0.04836981085158022,-0.01047427544748452,0.0786129722947161,-0.01047427544748452,0.0786129722947161,-0.0329827815621308,0.15370810606757648,200,-0.14535267697321205,-0.05987982241641439,-3.5447384866156955,0.29907209110976984,0.12321817042367755,5.965704081687962,0.05113636363636364,0.08522727272727272,0.16214460445607976,6915.5,0.05738837114898342,0.005828106394127574,0.9990917799068262,0.6049063624239066,3.347842186138103e-05,0.05738837114898342,icc,0.9990917799068262,table,0.55,0.033485269188133084,True,0.0033428260471012883,0.14814013704906928,0.05,-0.013171904764765631,4.846606980029129,3.347842186138103e-05,1.0,-0.09982974986164828,2.1226493064565863,1.547376209815078,13.78965612268326,0.02423364085777791,0.025983047173523212,-6.142005939579038,0.4800040578164181,29.29758984754303,-2.0842072647849794,0.06996599092731712,0.06232482110572547,3.14612485026497,2.2211343628567963,7.862572968543175,0.06539085496229563,176.0,0.206123472640697,0.21111035266442818,0.02270474273190952,-0.005258190513743487,0.3540954118662886,0.7673608516120214,1.193505094410178,0.0222006819595451,176.0,-0.00802492396535948,0.008141821705015782,-0.32036356024282614,-0.6117785907245471,7.1572132037021765,-0.008089844351169205,176.0,0.5018029049666096,37.15542206893935,-10.749050224207835,-59.00024156441948
pinned_sig&secretion|miss5-20,operator,pinned_sig&secretion,miss,miss5-20,True,19,527,False,19.0,83.0,0.2289156626506024,94.0,0.06000000000000005,-0.059149885915024306,-0.19703864072003355,0.08389099312199785,1.6436657819092155,0.10945273631840796,0.05472636815920398,-0.17539987419306163,-0.5519051032928765,0.35389380422899147,1.0638932487673403,0.3383084577114428,0.1691542288557214,6.220016640506388,3.464287709304124,0.4344651952580198,6.342807113848772,0.009950248756218905,0.004975124378109453,-0.0896682382682777,-0.30612405036105894,0.13036021469360876,1.6604438141002353,,,,,,,,,,,,,-0.052862974080869526,0.2568911517053736,200,-0.14891325573252914,-0.10284838456456163,-2.4355502313206525,0.23665282375334556,0.09170231601318388,4.674112978065242,0.05263157894736842,0.05263157894736842,0.1251490209049086,1145.25,0.21925221296813804,0.10624680869875941,0.9946886516589033,0.17818007214912354,0.00026718371010275784,0.21925221296813804,icc,0.9946886516589033,table,0.55,0.15445284525353994,False,,,0.1,,3.342807113848772,,,,-0.7278800953884625,-0.4934873427840015,11.925278963612264,,,-6.242196446432679,0.5709107723631316,3.464287709304124,-0.20225815389696844,,,2.518186448794304,1.9547589668085896,6.147523079063196,0.07877464534023607,19.0,0.14426588478658128,0.1456025677206161,,,0.8683172474562534,1.0517231765011152,1.605391771366509,0.09977456061387052,19.0,,,1.1272283893710096,0.9748828282176432,4.880938941704873,0.03967372052855861,19.0,0.5643391345071896,2.7664487866917042,-1.7353504330446383,-7.566816319973322
pinned_sig&secretion|miss<=5,operator,pinned_sig&secretion,miss,miss<=5,True,531,527,False,531.0,1452.0,0.365702479338843,100.0,0.0,4.869827023310131,0.4104645377367045,1.4678975507355674,3.0379248765275397,0.009950248756218905,0.004975124378109453,16.45292172841385,5.364431795374646,6.009678223035847,1.8451054318575055,0.03980099502487562,0.01990049751243781,175.79018015970107,85.0846610963622,11.618101230788023,7.807258454847064,0.009950248756218905,0.004975124378109453,8.010803772187721,0.7352561189632871,2.4979051450499608,2.912659701126848,0.027702497482430543,0.027702497482430543,0.04916307774458016,0.046859328914116594,0.026955755727259136,-0.006670440258415393,0.1539369504562424,0.041533277645868685,5.4124461544055306e-05,0.07822410182836578,5.4124461544055306e-05,0.07822410182836578,-0.006715311616897413,0.13340021396604246,200,-0.13884367444900142,-0.06927106100474484,-4.3949559576278645,0.269809976685744,0.10556885665413532,6.633662491727932,0.04896421845574388,0.10546139359698682,0.16888821806581794,2420.75,0.13410560598989582,0.06115689696919468,0.9973385867995075,0.31743664328635385,0.00013119242132819274,0.13410560598989582,icc,0.9973385867995075,table,0.55,0.08518138447906619,True,-0.03601830673448603,0.0687555659771762,0.05,-0.0008369222554198419,4.807258454847064,0.00013119242132819274,0.5771575332479161,0.4228424667520839,3.1182294841411777,2.2644934514942787,13.703168221678299,0.02550869670578363,0.027702497482430543,-8.026956268406607,0.5021278899328578,85.0846610963622,-6.396203108697903,0.08826231937675101,0.06900209011789885,4.939820156468654,3.98341723639985,7.890380119459302,0.08110390096690927,531.0,0.17957013949762618,0.18625307627544319,0.027740377870854833,0.01333664086872522,0.42710527164080186,0.6740920636498188,1.054282180084154,0.026991620129126294,531.0,0.020067250418485796,0.01597374348976708,1.0379852703449697,0.6663549597130369,6.757734050500991,0.019672477878544915,531.0,0.5102562005984763,98.90038350226031,-36.525101008977316,-177.62273874396348
splicing,operator,splicing,primary,miss0,False,232,232,False,,232.0,,100.0,0.0,4.164199001192535,1.2119451989121197,1.3232355856216718,2.231087067457766,0.04975124378109453,0.024875621890547265,13.545237645514803,3.849637358319346,5.608144222663133,1.728842893878239,0.06965174129353234,0.03482587064676617,55.87243831158596,19.027822561827524,4.746644189655052,7.762245131004016,0.009950248756218905,0.004975124378109453,6.531104566635033,2.066542889691561,2.2252877410092564,2.006285117500632,0.07453046845691408,0.07453046845691408,0.08012714319865777,0.07418306604292113,0.06936096336471874,-0.038722210652684365,0.21411343182330475,0.06428902969808499,0.006517204390122005,0.1583703585988897,0.006517204390122005,0.1583703585988897,-0.04028251512617227,0.17635365032264005,200,-0.06907592232409004,-0.01875750469189287,-2.0672520838714976,0.31770982445402496,0.12451342327023011,4.501047787945789,0.008620689655172414,0.08189655172413793,0.1622365294032474,1931.25,-0.03817492544795113,-0.058932178673142106,0.9959969047672959,,0.0003220457648145912,0.001,icc,0.9959969047672959,unselected,1.0,0.001001001001001001,True,0.07912614219765676,0.21311243082230374,0.05,0.030127143198657766,4.762245131004016,0.0003220457648145912,1.0,-79.04701605545911,3.3413592461403874,2.372715697414904,12.402307601657375,0.07107860077482095,0.07453046845691408,-3.4983009798990063,0.36473093262937417,19.027822561827524,-2.126003045330786,0.11375254576015194,0.1091655956436154,2.9493832706168486,2.323086994680714,7.902240021506287,0.10213448776677246,232.0,-0.005359498486520852,0.0006382394429757588,0.09674919863639027,0.07053368514148685,2.6990149723588055,2.4422846533334117,2.3514614783641177,0.08821451500186227,232.0,0.07735576647275776,0.06818460042030494,2.2627558975904574,1.7875114181942648,7.31492929021253,0.07180150594637745,232.0,,,,
splicing|depthT1,operator,splicing,depth,depthT1,False,77,232,False,,77.0,,100.0,0.0,2.1547961777234246,0.7516633236264861,0.4273494497293699,3.283338389660987,0.009950248756218905,0.004975124378109453,7.8374052245392365,3.044663369045353,1.9081082281520934,2.5117767350835294,0.009950248756218905,0.004975124378109453,16.55833265233415,4.961839888362788,1.5361047046194574,7.549285363880314,0.009950248756218905,0.004975124378109453,3.3062096706178057,1.2542745919176896,0.7189809807635836,2.8539490384305957,0.13013364467102145,0.13013364467102145,0.1209963117862903,0.10793640488743854,0.11514889879143715,0.0017371015567209447,0.2917273143549576,0.07362596283365459,0.056222527822199414,0.24901056640676245,0.056222527822199414,0.24901056640676245,0.0017340717688868093,0.2258423699692201,200,-0.02046807261927258,0.009295993348901833,-1.198965087397587,0.31237118077555115,0.14203961031213672,4.468796468526269,0.0,0.1038961038961039,0.16024400700592267,870.25,-0.15069257960316124,-0.1558533234375772,0.9918728875156704,,0.0009914079197579275,0.001,icc,0.9918728875156704,unselected,1.0,0.001001001001001001,True,0.1199953107852893,0.2907263133539566,0.1,0.0209963117862903,4.549285363880314,0.0009914079197579275,1.0,-119.87531547450402,5.097159839185808,3.905499267410831,11.89609943619627,0.12661411672313322,0.13013364467102145,-1.2076207140381547,0.32656407109128843,4.961839888362788,-0.661557564636052,0.1495221777549965,0.16758985921461744,3.8280913694088627,2.8210984101631444,7.567563513943481,0.13007333016141678,77.0,-0.040395182358249675,-0.029439507472804088,0.052957946141469286,0.022994777478097684,1.3109414756568003,1.9332541801245917,2.628691973133868,0.050294455097216355,77.0,0.11146696519869298,0.12283774459972799,3.208652009347596,2.5842230184120583,7.632555638303005,0.10028814952567341,77.0,,,,
splicing|depthT2,operator,splicing,depth,depthT2,False,77,232,False,,77.0,,100.0,0.0,1.2843064894293128,0.3114504033597164,0.5278522126180556,1.8430463353452637,0.05970149253731343,0.029850746268656716,4.097381954581003,1.0009542301811798,2.059638899045074,1.503383785301124,0.08955223880597014,0.04477611940298507,17.09265266461866,5.380209052373348,1.6623543529892353,7.045696118390203,0.009950248756218905,0.004975124378109453,2.0525702147003395,0.5355897683714582,0.8821005390893422,1.719736446250189,0.07513792707481813,0.07513792707481813,0.08306175195178564,0.07669161227612374,0.06988677934490664,-0.1061183990991074,0.3022934864870153,0.10088254293610006,-0.04883321633879669,0.2036914390602409,-0.04883321633879669,0.2036914390602409,-0.11872834571927889,0.23212243953561038,200,-0.07651805983078812,-0.02478491875642354,-1.982475971628431,0.29587992913283157,0.11659035871594853,3.90791215556891,0.012987012987012988,0.1038961038961039,0.17517808627712414,1928.25,-0.019828566604794148,-0.05567868004405374,0.9959586448220451,,0.00033704415648737383,0.001,icc,0.9959586448220451,unselected,1.0,0.001001001001001001,True,0.08206075095078463,0.30129248548601434,0.1,-0.016938248048214366,4.045696118390203,0.00033704415648737383,1.0,-81.97869019983385,2.4474157539898593,1.8348445712376056,10.931372637986538,0.070751318132237,0.07513792707481813,-3.2632571274261113,0.34262537227239115,5.380209052373348,-0.7243471376592362,0.10914218371508849,0.10904162664773803,2.2393016664137213,1.6971562674640805,7.3061749584023135,0.09840233769625018,77.0,-0.03001281913994898,-0.023635440525164125,0.10511391036362285,0.10134562402997571,1.3883101067358044,1.765367193631016,1.3450467243816133,0.09511590558934917,77.0,0.09084204574346902,0.07148081221441166,2.1219327715361347,1.9296052752253179,6.821895660222642,0.08327699330800468,77.0,,,,
splicing|depthT3,operator,splicing,depth,depthT3,False,78,232,False,,78.0,,100.0,0.0,0.7250963340397975,0.1488314719259171,0.466685054971642,1.2348046203212937,0.22885572139303484,0.11442786069651742,1.6104504663945658,-0.19598024090718646,2.079097101555307,0.8688534585279439,0.42786069651741293,0.21393034825870647,22.221452994633147,8.68577362109139,1.861026461877178,7.273233159666416,0.009950248756218905,0.004975124378109453,1.1723246813168882,0.27667852940241333,0.800709056744334,1.118566281186019,0.03263046454320158,0.03263046454320158,0.042573767168296514,0.040835256467204095,0.03159936266032604,-0.0985791380357646,0.16160139367717163,0.0625259394045421,-0.04672302365874557,0.09670451902222885,-0.04672302365874557,0.09670451902222885,-0.10935990034115953,0.13911741902717395,200,-0.10971386898120787,-0.040501202976153505,-2.3781040234988673,0.34453004885113236,0.11503341773757465,4.143939181827902,0.01282051282051282,0.038461538461538464,0.15142786716357426,5334.5,0.09558869685080035,0.033534600204059205,0.9985581656393037,0.402811184932764,6.147295418513314e-05,0.09558869685080035,icc,0.9985581656393037,unselected,1.0,0.10569162118823187,True,-0.06311785401993536,0.05590977248893976,0.1,-0.05742623283170349,4.273233159666416,6.147295418513314e-05,0.402811184932764,0.597188815067236,1.621933626120467,0.7108343798483311,11.579804509670458,0.02968399816209374,0.03263046454320158,-4.183623678134838,0.4105067565127298,8.68577362109139,-0.7400983430354975,0.08674063515511797,0.0662031762288534,2.359886854509247,2.036092833278174,7.2791850557725315,0.07981723729575722,78.0,0.053564262390877686,0.054292853161717024,0.13153996580861319,0.09433162807236453,2.5697723758583866,1.5255417654611718,2.4401933863754484,0.11624862557515855,78.0,0.035538932003032965,0.025617039694335313,1.024364394103333,0.49525666738687485,6.444661357695308,0.03431926208152343,78.0,,,,
splicing|miss<=5,operator,splicing,miss,miss<=5,False,232,232,False,,232.0,,100.0,0.0,4.164199001192535,1.2119451989121197,1.3232355856216718,2.231087067457766,0.04975124378109453,0.024875621890547265,13.545237645514803,3.849637358319346,5.608144222663133,1.728842893878239,0.06965174129353234,0.03482587064676617,55.87243831158596,19.027822561827524,4.746644189655052,7.762245131004016,0.009950248756218905,0.004975124378109453,6.531104566635033,2.066542889691561,2.2252877410092564,2.006285117500632,0.07453046845691408,0.07453046845691408,0.08012714319865777,0.07418306604292113,0.06936096336471874,-0.038722210652684365,0.21411343182330475,0.06428902969808499,0.006517204390122005,0.1583703585988897,0.006517204390122005,0.1583703585988897,-0.04028251512617227,0.17635365032264005,200,-0.06907592232409004,-0.01875750469189287,-2.0672520838714976,0.31770982445402496,0.12451342327023011,4.501047787945789,0.008620689655172414,0.08189655172413793,0.1622365294032474,1931.25,-0.03817492544795113,-0.058932178673142106,0.9959969047672959,,0.0003220457648145912,0.001,icc,0.9959969047672959,unselected,1.0,0.001001001001001001,True,0.07912614219765676,0.21311243082230374,0.05,0.030127143198657766,4.762245131004016,0.0003220457648145912,1.0,-79.04701605545911,3.3413592461403874,2.372715697414904,12.402307601657375,0.07107860077482095,0.07453046845691408,-3.4983009798990063,0.36473093262937417,19.027822561827524,-2.126003045330786,0.11375254576015194,0.1091655956436154,2.9493832706168486,2.323086994680714,7.902240021506287,0.10213448776677246,232.0,-0.005359498486520852,0.0006382394429757588,0.09674919863639027,0.07053368514148685,2.6990149723588055,2.4422846533334117,2.3514614783641177,0.08821451500186227,232.0,0.07735576647275776,0.06818460042030494,2.2627558975904574,1.7875114181942648,7.31492929021253,0.07180150594637745,232.0,,,,
pinned_sig&splicing,operator,pinned_sig&splicing,primary,miss0,True,113,113,False,113.0,232.0,0.4870689655172414,100.0,0.0,2.1677595562776957,0.8505614709510619,0.6502735307685085,2.0256061841698187,0.04975124378109453,0.024875621890547265,6.622734538895244,2.565820137059961,2.827868434350035,1.43461921797919,0.15920398009950248,0.07960199004975124,38.364784177670515,14.604520419948209,2.713169429790335,8.757382969466239,0.009950248756218905,0.004975124378109453,3.2210835386916843,1.439189253230551,1.0447591149044264,1.7055551466752594,0.05650389029268666,0.05650389029268666,0.05543701445227148,0.05252517553692298,0.053481951947222085,-0.012101857432485569,0.14663489493103202,0.04382262385040716,0.014824240421155219,0.11196016154538543,0.014824240421155219,0.11196016154538543,-0.01225248904402172,0.12788271303955934,200,-0.10282743900947651,-0.03243038187615541,-2.741774508170361,0.32493168846701087,0.12633721149263324,4.545654155451445,0.0,0.07964601769911504,0.13561817020871128,2147.0,-0.09656406892367604,-0.09126806929351743,0.9963974788233931,,0.00020043509018911022,0.001,icc,0.9963974788233931,table,0.55,0.0005505505505505506,True,0.054886463901720924,0.14608434438048146,0.05,0.005437014452271474,5.757382969466239,0.00020043509018911022,1.0,-99.69377715967127,3.5726809807334767,2.2104905445150553,13.853391607128474,0.05451327514375166,0.05650389029268666,-4.368081637407041,0.3992873341970317,14.604520419948209,-1.1886747559148676,0.0938707384710478,0.09456835427954301,3.176694807993754,2.3687805946735656,8.81085359075408,0.08581520207977694,113.0,0.14851069287193658,0.1624167370642624,0.0699010839497769,0.05249991632782948,2.780158004529743,2.310470746708046,3.578652492980848,0.06533415565083976,113.0,0.047300111885331536,0.048521563116633484,1.8411368765063916,1.3335851603923516,7.9612785907676,0.04516385642333475,113.0,0.38652006547281637,18.353091288261652,-16.730594020524137,-38.83490025676778
pinned_sig&splicing|depthT1,operator,pinned_sig&splicing,depth,depthT1,True,38,113,False,38.0,78.0,0.48717948717948717,100.0,0.0,1.0055524994366887,0.4380046773597466,0.23492209013576965,2.4158980611356577,0.009950248756218905,0.004975124378109453,3.4503163795060368,1.5558304019299214,1.0670343223580137,1.7754686403990605,0.10945273631840796,0.05472636815920398,11.568081163072806,4.154194871784902,0.8444628556747747,8.779410771553449,0.009950248756218905,0.004975124378109453,1.4793770137179392,0.7160753318659192,0.3783777319923922,2.017300748204091,0.0869247444983854,0.0869247444983854,0.07655199982549914,0.07110850180753706,0.0799731029570967,-0.019780066855672986,0.18564654708380274,0.05207511895119796,0.028659722411739665,0.15422687744587524,0.028659722411739665,0.15422687744587524,-0.02017952759924884,0.15657725285008448,200,-0.06109204010998565,-0.012617183581193353,-1.8263964910353785,0.318147504056444,0.13281908349218585,4.333828555820427,0.0,0.07894736842105263,0.12845047453136244,889.5,-0.20882968729718274,-0.189459374792441,0.9919071002235059,,0.0006245823445949312,0.001,icc,0.9919071002235059,table,0.55,0.0005505505505505506,True,0.07600144927494859,0.18509599653325218,0.1,-0.02344800017450087,5.779410771553449,0.0006245823445949312,1.0,-138.04626877395208,4.3563304479773555,2.9982946903847485,13.372979436313306,0.08483140224277844,0.0869247444983854,-2.5670294031325196,0.38022424293575807,4.154194871784902,-0.39412646893598824,0.11376327026570199,0.12803148153378754,3.2922695196765632,2.22917036622415,8.636439512021388,0.10214313337749266,38.0,0.09335820828679335,0.11007886426390275,0.038430495695686594,0.026565328323783968,1.4452428774621615,1.7808334079508579,3.5071738153289176,0.03700825029212999,38.0,0.0704219657791158,0.08132247738555472,2.3456846686059576,1.8691428773358427,8.215694307620836,0.06578897671243,38.0,0.3681578339222884,4.182996842028302,-6.859938922529945,-13.294367533808643
pinned_sig&splicing|depthT2,operator,pinned_sig&splicing,depth,depthT2,True,37,113,False,37.0,89.0,0.4157303370786517,100.0,0.0,0.46595483400286564,0.06806657852831438,0.23925867267557352,1.663004525708767,0.08955223880597014,0.04477611940298507,1.5458830970567508,0.14413932605403068,0.9235062553806943,1.5178497848126469,0.11940298507462686,0.05970149253731343,13.000751126975914,4.635684730448469,1.0457989891343873,7.998732532196507,0.009950248756218905,0.004975124378109453,0.6811078574043481,0.11135646304034497,0.3834331621577334,1.485921017258345,0.035840608704218055,0.035840608704218055,0.04756546291607739,0.04540571887858044,0.03460050552473779,-0.051801821429813474,0.17934238064207925,0.05940570759949451,-0.02281188960545712,0.11314811630104618,-0.02281188960545712,0.11314811630104618,-0.05463234194163279,0.15206826064690648,200,-0.12597402434994934,-0.05197381573533245,-2.831787218787255,0.32440715808373444,0.12031818259493879,4.448568110774107,0.0,0.10810810810810811,0.13871920929769918,2147.0,0.014643028730283817,-0.03414802861170314,0.9963666175724922,3.2007695497514463,0.00017345374088968213,0.014643028730283817,icc,0.9963666175724922,table,0.55,0.00817334837675961,True,0.03939211453931778,0.17116903226531963,0.1,-0.052434537083922615,4.998732532196507,0.00017345374088968213,1.0,-4.819580999548083,2.067382204387627,1.5158750310786382,13.234434844732526,0.03409392814945215,0.035840608704218055,-4.846801470192027,0.37537641461223714,4.635684730448469,-0.3914207221457584,0.08456694132786315,0.07521180543853274,2.6359257885850087,2.2287160724974613,8.287498485166076,0.07797300296127933,37.0,0.16442384861329276,0.17882428774297981,0.05631552997055796,0.05053968028500109,1.7927726278967624,1.7144019666013102,3.2154595582104646,0.05331317051840335,37.0,0.04813466990959616,0.029524854145652434,1.8065636274503194,1.7862414075836184,7.6196222739882336,0.04592412720566516,37.0,0.3597058668204224,6.616498646490253,-5.71848834734305,-12.648064863689246
pinned_sig&splicing|depthT3,operator,pinned_sig&splicing,depth,depthT3,True,38,113,False,38.0,65.0,0.5846153846153846,100.0,0.0,0.696252222838141,0.34449021506300104,0.263483204517645,1.3350452770570547,0.1791044776119403,0.08955223880597014,1.6265350623324561,0.865850409076009,1.2123495634711667,0.6274466343506367,0.5671641791044776,0.2835820895522388,13.795951887621786,5.814640817714837,1.0371535135808398,7.695399924309136,0.009950248756218905,0.004975124378109453,1.0605986675693968,0.6117574583242871,0.4368961802163428,1.027340657963299,0.050467863943686485,0.050467863943686485,0.04407321111708543,0.042212759266115236,0.04804322500092394,-0.04770237292467082,0.1829556814888825,0.060461680026432964,0.0009595825131122276,0.12374596280291474,0.0009595825131122276,0.12374596280291474,-0.05009314907337766,0.15465956426425376,200,-0.12202537323534901,-0.03321444720297141,-2.53418613517422,0.3322265998297153,0.12571597289346736,3.7121004241709192,0.0,0.05263157894736842,0.13976643308888764,7295.0,-0.06942216673986121,-0.048693645511097214,0.9989174902944904,,4.776138094564097e-05,0.001,icc,0.9989174902944904,table,0.65,0.0006506506506506508,True,0.04342256046643478,0.18230503083823185,0.1,-0.05592678888291457,4.695399924309136,4.776138094564097e-05,1.0,-66.73713523995129,2.8409732778058605,1.245791015694186,11.929100450948996,0.04823030957007417,0.050467863943686485,-3.561144783178292,0.43789940068776473,5.814640817714837,-0.40312756483312084,0.0852322423853933,0.08508767825169299,2.5127903865928776,1.7542267096161228,7.618441151132613,0.07853825112866965,38.0,0.18816878897207517,0.19877883683534453,0.10971761009434386,0.07495203249684877,2.3522234262237736,1.471196590863698,3.1190720881973197,0.09886984679374071,38.0,0.02363647997544918,0.039710019838058004,0.6880524327574967,-0.0572464837189932,6.524787081928053,0.023090697174074998,38.0,0.4274808713493305,7.553595799743094,-4.15216675065114,-12.89246785926989
pinned_sig&splicing|miss<=5,operator,pinned_sig&splicing,miss,miss<=5,True,113,113,False,113.0,232.0,0.4870689655172414,100.0,0.0,2.1677595562776957,0.8505614709510619,0.6502735307685085,2.0256061841698187,0.04975124378109453,0.024875621890547265,6.622734538895244,2.565820137059961,2.827868434350035,1.43461921797919,0.15920398009950248,0.07960199004975124,38.364784177670515,14.604520419948209,2.713169429790335,8.757382969466239,0.009950248756218905,0.004975124378109453,3.2210835386916843,1.439189253230551,1.0447591149044264,1.7055551466752594,0.05650389029268666,0.05650389029268666,0.05543701445227148,0.05252517553692298,0.053481951947222085,-0.012101857432485569,0.14663489493103202,0.04382262385040716,0.014824240421155219,0.11196016154538543,0.014824240421155219,0.11196016154538543,-0.01225248904402172,0.12788271303955934,200,-0.10282743900947651,-0.03243038187615541,-2.741774508170361,0.32493168846701087,0.12633721149263324,4.545654155451445,0.0,0.07964601769911504,0.13561817020871128,2147.0,-0.09656406892367604,-0.09126806929351743,0.9963974788233931,,0.00020043509018911022,0.001,icc,0.9963974788233931,table,0.55,0.0005505505505505506,True,0.054886463901720924,0.14608434438048146,0.05,0.005437014452271474,5.757382969466239,0.00020043509018911022,1.0,-99.69377715967127,3.5726809807334767,2.2104905445150553,13.853391607128474,0.05451327514375166,0.05650389029268666,-4.368081637407041,0.3992873341970317,14.604520419948209,-1.1886747559148676,0.0938707384710478,0.09456835427954301,3.176694807993754,2.3687805946735656,8.81085359075408,0.08581520207977694,113.0,0.14851069287193658,0.1624167370642624,0.0699010839497769,0.05249991632782948,2.780158004529743,2.310470746708046,3.578652492980848,0.06533415565083976,113.0,0.047300111885331536,0.048521563116633484,1.8411368765063916,1.3335851603923516,7.9612785907676,0.04516385642333475,113.0,0.38652006547281637,18.353091288261652,-16.730594020524137,-38.83490025676778
translation,operator,translation,primary,miss0,False,1301,1301,False,,1302.0,,100.0,0.0,10.96439212655448,-1.490729692833416,3.1539560200001118,3.949047399648729,0.009950248756218905,0.004975124378109453,38.716729742759306,0.9102048983569985,13.323307174119075,2.837623147940522,0.009950248756218905,0.004975124378109453,227.81786543782303,86.63086711537309,17.772728811579288,7.944024793224988,0.009950248756218905,0.004975124378109453,19.74346400667008,-2.9963444531593937,5.90219922245521,3.8527687058265916,0.04812788542936694,0.04812788542936694,0.08821720106933831,0.08106580284032594,0.0459179515194859,0.0031480027927554897,0.22621742741473846,0.05242556622046807,-0.007112289719826466,0.10982107808105865,-0.007112289719826466,0.10982107808105865,0.0031377692041330714,0.18448381467726724,200,-0.06689635949219334,-0.02975114894435821,-3.223974483740237,0.27386482786000726,0.109823146659302,5.672709968220578,0.03689469638739431,0.11529592621060722,0.1868263019315887,1732.25,0.06554741245904254,0.01235766117223456,0.9959630027443305,1.2576360944281924,0.0003575761324853018,0.06554741245904254,icc,0.9959630027443305,unselected,1.0,0.07014525223963765,True,0.01807194882970066,0.1560721751751008,0.05,0.038217201069338305,4.944024793224988,0.0003575761324853018,1.0,-0.25763609442819235,3.2665780110089626,2.580151365911629,13.254472238074626,0.04261081967857903,0.04812788542936694,-6.545259096785856,0.4107193370471037,86.63086711537309,-11.774246095175995,0.12962647602888402,0.089304095552294,5.394809852270647,4.459677299327845,7.863175783223831,0.11475162700202994,1298.0,-0.08555418574357239,-0.07574670784138081,-0.03166844021179946,-0.21781931129978835,-0.18570423189464025,0.0975393789765813,0.4758726405059412,-0.032704128964593675,1301.0,0.06273263565429449,0.034374756677777805,2.644267012138889,1.9328861227717522,7.545069275762984,0.05902955602344118,1301.0,,,,
translation|depthT1,operator,translation,depth,depthT1,False,434,1301,False,,435.0,,100.0,0.0,4.250265981615989,-0.19825729806394304,1.032380637798682,4.3089952647362715,0.009950248756218905,0.004975124378109453,14.98544728559551,0.6505998335599225,4.785430579614863,2.995518838597231,0.009950248756218905,0.004975124378109453,62.72082381509358,23.8383481885947,5.638451793272044,6.895948932807144,0.009950248756218905,0.004975124378109453,7.6475033053180885,-0.563016005910366,1.9156059406952755,4.286121240701738,0.06776483029218719,0.06776483029218719,0.11440946616702075,0.10266376017114141,0.06346419021278663,0.011328275597540585,0.331636347092044,0.09020999652080325,0.0004639051330959012,0.1542410537852303,0.0004639051330959012,0.1542410537852303,0.011194914422088828,0.24904392529216163,200,-0.03978830804880997,-0.019621848690871805,-1.8643303495995902,0.26415458832198413,0.10732845523974124,6.117756602467522,0.029953917050691243,0.10829493087557604,0.179720082617219,552.875,0.060744518050316665,0.021613084036222304,0.9888436714982863,1.7690438863190694,0.001290790066271047,0.060744518050316665,icc,0.9888436714982863,unselected,1.0,0.06467305138770624,True,0.04973641477931451,0.26696329570433774,0.05,0.06440946616702074,3.895948932807144,0.001290790066271047,1.0,-0.7690438863190694,3.750115766555997,2.5552405416338164,11.302353912118777,0.061389555211712916,0.06776483029218719,-4.2277011602515975,0.4128990365902663,23.8383481885947,-3.5070961676625534,0.1567621617663884,0.10761641615754977,5.345398985945952,4.195564826027975,6.847663185201749,0.13551805803105704,431.0,-0.1502339583700432,-0.12657359715978095,0.21957717523244352,-0.21625172625670955,1.0149766136066762,0.5969159675943355,0.46399764145896955,0.18004369029831468,434.0,0.11580321218879018,0.07472780953507674,4.179287303518777,3.3201898424825593,6.280837343830512,0.10378461983599009,434.0,,,,
translation|depthT2,operator,translation,depth,depthT2,False,433,1301,False,,433.0,,100.0,0.0,4.172265550970142,-0.9096596849413575,1.2125515849967203,4.191100237541848,0.009950248756218905,0.004975124378109453,13.535493420912072,-2.6965362715297014,4.718793005487812,3.4398689820817356,0.009950248756218905,0.004975124378109453,71.70740639049683,28.294089484926026,5.660115841737079,7.670040352433376,0.009950248756218905,0.004975124378109453,7.683442936815498,-1.5428712289228803,2.271400197282785,4.0619500591641975,0.05818458316912547,0.05818458316912547,0.11705913296063739,0.10479224376455841,0.05498528715554539,0.005663441221909424,0.3073822783851692,0.07817240624185814,-0.01217015607938563,0.1385636407407013,-0.01217015607938563,0.1385636407407013,0.005628783647692294,0.23511254772909962,200,-0.0708725389779103,-0.04000015298989253,-2.538599453973903,0.2626216250673817,0.11090203057741309,4.648728595645635,0.03464203233256351,0.14087759815242495,0.1942490282877134,1732.25,0.04404386508623947,0.012603406129023895,0.9958054752616061,2.5407260712086925,0.0004930756470578155,0.04404386508623947,icc,0.9958054752616061,unselected,1.0,0.046073102601316314,True,0.07098603035932108,0.2613091757838529,0.05,0.06705913296063738,4.670040352433376,0.0004930756470578155,1.0,-1.5407260712086925,3.1931738015586424,2.3940552806043,12.776727720001414,0.050317910554369315,0.05818458316912547,-6.19219883791864,0.4279075824667373,28.294089484926026,-4.177740091184444,0.16451487409519677,0.10173690687313891,5.5959946969321654,4.919438322703103,7.503703753967744,0.1412733128230941,433.0,-0.08913269069390811,-0.08678192901884803,1.6389350077868483,7.722618222241236,-1.2837619252357029,-0.9560353235726733,-0.09533729957997775,0.6210592541880546,433.0,0.06874187654610787,0.029684091043942377,2.2954662045629095,1.662844746436676,7.330717140326929,0.0643203733798319,433.0,,,,
translation|depthT3,operator,translation,depth,depthT3,False,434,1301,False,,434.0,,100.0,0.0,2.54186059396835,-0.38281270982811527,1.3408030059415244,2.1812848649923278,0.029850746268656716,0.014925373134328358,10.195789036251727,2.956141336326777,6.2436831507692645,1.1595155495731675,0.29850746268656714,0.14925373134328357,93.38963523223264,34.49842944185239,7.672562647718516,7.675558805361063,0.009950248756218905,0.004975124378109453,4.412517764536494,-0.890457218326147,2.4775657918512355,2.140397240026575,0.027217801928955905,0.027217801928955905,0.04966230975481579,0.047312654072923795,0.026496622116405195,-0.033007787442530925,0.15348121446833832,0.04972861121387887,-0.02272543646982537,0.08597674441028877,-0.02272543646982537,0.08597674441028877,-0.034134541890133624,0.13305267558855338,200,-0.09003739315374389,-0.02965506036900508,-3.5159800567361366,0.294792364193438,0.11124144006839706,5.612845040925379,0.04608294930875576,0.0967741935483871,0.1865268979459538,4851.0,0.08667534217795905,0.002857059584076811,0.9987711221812876,0.5233069858592785,6.110400023423966e-05,0.08667534217795905,icc,0.9987711221812876,unselected,1.0,0.09490091112250199,True,-0.0452386013676862,0.05858030334583633,0.05,-0.0003376902451842148,4.675558805361063,6.110400023423966e-05,0.5233069858592785,0.4766930141407215,1.758607299868143,1.530659213371399,13.079077890475387,0.023852631054176572,0.027217801928955905,-5.617411056290926,0.3958577892411721,34.49842944185239,-4.089409836329,0.08647409264304946,0.06757662908683656,3.5455457606292144,2.6380927225639597,7.642785247548777,0.0795914907024476,434.0,-0.017751248772364406,-0.014261362067017263,0.00456213414297724,-0.06695865381219818,0.037163977196556175,0.45936640984035104,0.883085681689421,0.004541415595830054,434.0,0.025901832320096258,0.013261734362240032,0.9858167509282972,0.27773653415852023,7.548042126051947,0.025247866320229465,434.0,,,,
translation|miss5-20,operator,translation,miss,miss5-20,False,86,1301,False,,86.0,,89.0,0.10999999999999999,0.39272607456642966,-0.10865742079765067,0.20923275590401147,2.396295423237159,0.009950248756218905,0.004975124378109453,1.6650976753863758,-0.8678795666150135,0.9542017665498282,2.6545509878482476,0.009950248756218905,0.004975124378109453,7.227708059828847,3.2143953095693996,0.8725150344492546,4.599706127462564,0.009950248756218905,0.004975124378109453,0.6464647359036098,-0.1589597693804197,0.3917658023762158,2.055882622727172,0.054336183934873744,0.054336183934873744,0.12493008309199617,0.11105586468859635,0.05153591877316248,-1.1599966888619984,1.141441266332258,2.455192069876421,-0.11566381646010876,0.2699642759108334,-0.11566381646010876,0.2699642759108334,-0.463718184976591,0.5386941074049016,200,-0.023689123864458938,-0.023537817461963605,-0.012501917613557656,0.2580621762886778,0.0627867469871874,7.947711182615239,0.03488372093023256,0.11627906976744186,0.19227468349110513,704.75,0.29532148232280986,0.2577508747603401,0.9935684637701676,0.2981007174761713,0.0008086934971277514,0.29532148232280986,icc,0.9935684637701676,unselected,1.0,0.4190868245796237,True,-0.29415674148762755,0.7223544417526342,0.1,0.024930083091996166,1.5997061274625644,0.0008086934971277514,0.2981007174761713,0.7018992825238287,1.5711102675266913,1.579145893319365,8.132634840706036,0.049458629247857926,0.054336183934873744,-2.504024234843083,0.4982498575539746,3.2143953095693996,-0.7709199638615892,0.12518017582460236,0.0876306079486451,2.179009313662623,2.505066362285412,4.508471390612073,0.11125344946009426,86.0,-0.24715870668343887,-0.24825374892131477,-0.23648410339596806,-0.0845050383817556,1.3111472668988988,0.7166582222338002,-1.180981379149626,-0.30973042532290773,86.0,0.06826713042038794,0.015018979218785741,1.2694053809609058,1.7290742358916928,5.197009928064416,0.06390455016014884,86.0,,,,
translation|miss20+,operator,translation,miss,miss20+,False,84,1301,False,,84.0,,57.5,0.42500000000000004,1.0789080810750766,-0.015329499142390419,0.4115896799001821,2.658564180916391,0.009950248756218905,0.004975124378109453,2.8045710624129314,0.2577528091768788,1.255942398262447,2.027814537322323,0.04975124378109453,0.024875621890547265,5.552852017320396,0.5166791695768457,1.5931525609608537,3.161136586132191,0.01990049751243781,0.009950248756218905,1.121452850367855,-0.021366162915250196,0.45149121011127746,2.53120988335839,0.19429800716996565,0.19429800716996565,0.21727562045606488,0.17849336403752203,0.16268804436036732,-5.339794270470798,1.7837157289212486,2.0102851836338287,-1.8783410331733712,2.2660028272230046,-1.8783410331733712,2.2660028272230046,-0.7711570618839009,0.6692483582877485,200,0.017992104373295008,0.0031350882612589254,0.9665804610517387,0.1562606272074602,0.04091002079115538,5.190707365707086,0.0,0.03571428571428571,0.14610485817044644,725.25,0.3711771719023287,0.2659562754034927,0.9933080940367587,0.368093407877495,0.0014637835218758333,0.3711771719023287,icc,0.9933080940367587,unselected,1.0,0.5902730551707578,True,-0.37299743471469293,1.1934426737504908,0.1,0.11727562045606488,0.16113658613219117,0.0014637835218758333,0.368093407877495,0.631906592122505,2.5575803387963507,2.0649186232761028,4.372803408101098,0.14745850437517502,0.19429800716996565,0.5830162696524176,0.2940050957096671,0.5166791695768457,-1.5805887726041692,0.26678104609791686,0.2646900097085486,2.696668550379278,2.9934016425143772,3.1103710163388163,0.2105975984718797,84.0,-0.8139637727156419,-0.7770639702031821,-0.7179005671572024,-0.2729218061792127,2.462280653526142,2.0762715533383265,-0.7349826228919234,-2.5448493813784405,81.0,0.21711719760299536,0.1863040135758799,2.7049208369728217,3.0444656988986356,2.9840345671884854,0.1783864347908225,82.0,,,,
translation|miss<=5,operator,translation,miss,miss<=5,False,1307,1301,False,,1308.0,,100.0,0.0,11.035666572145985,-1.5204474282431475,3.1655931921519054,3.966433220641893,0.009950248756218905,0.004975124378109453,38.899042363754845,0.6671517167709934,13.371515313789786,2.8592040430568133,0.009950248756218905,0.004975124378109453,228.62028171635063,87.13670200812685,17.822050823683014,7.938681193760926,0.009950248756218905,0.004975124378109453,19.88186705825698,-3.0456872654913685,5.924768952507753,3.869780325196292,0.048270724230136085,0.048270724230136085,0.08874608648072894,0.08151219791530315,0.046047956042640364,0.0037422515677066437,0.22663120736169334,0.052542759965018976,-0.0067662879441685655,0.11001548557671718,-0.0067662879441685655,0.11001548557671718,0.003727974373485049,0.18475879841459183,200,-0.06655836805411529,-0.029836524281191577,-3.196937489729296,0.2734178375007183,0.1093552547261545,5.689927447575094,0.036725325172149964,0.11553175210405509,0.18658251982884014,1716.75,0.06554741245904254,0.013365984269785023,0.99595042172266,1.2651759548535824,0.00036084549609375266,0.06554741245904254,icc,0.99595042172266,unselected,1.0,0.07014525223963765,True,0.018600834241091296,0.1564859551220557,0.05,0.03874608648072894,4.938681193760926,0.00036084549609375266,1.0,-0.26517595485358236,3.276381883550023,2.5823207564030253,13.272649560700284,0.04272739596261379,0.048270724230136085,-6.530263664228151,0.4116078198258716,87.13670200812685,-11.837672137409326,0.13004553347248846,0.08955153279476441,5.400848069848915,4.466523020200158,7.859155973686173,0.11507990573873145,1304.0,-0.08581555268405344,-0.0760008093325951,-0.03186448688555657,-0.22151287005248832,-0.18454174453370276,0.11413948028604876,0.46943464775535704,-0.032913250731863054,1307.0,0.06344322593377859,0.03463780392097704,2.6765745925687687,1.9789783579904943,7.540875858249057,0.05965831027610425,1307.0,,,,
pinned_sig&translation,operator,pinned_sig&translation,primary,miss0,True,406,406,False,406.0,1302.0,0.3118279569892473,100.0,0.0,4.008031288068473,-0.4905842102989905,1.0765845379715815,4.178599394380503,0.009950248756218905,0.004975124378109453,13.49835013604412,1.1088547029785598,4.411723246298365,2.8083120226231113,0.009950248756218905,0.004975124378109453,138.13724217035505,61.46689166722516,8.824701601604406,8.68815218513344,0.009950248756218905,0.004975124378109453,6.506548867129986,-1.0247408905102815,1.9116245154619327,3.939732775304138,0.029014849472133276,0.029014849472133276,0.05867477413167451,0.0554228508748587,0.028196725719767203,0.026178761659322064,0.13329780885911569,0.0282178462258277,0.008451223303686086,0.06478058617123096,0.008451223303686086,0.06478058617123096,0.025510892604446854,0.11761928404906694,200,-0.13105866819106893,-0.06323502868976201,-5.290318397557793,0.27954509446770015,0.1160213415393025,5.490633203709566,0.034482758620689655,0.1206896551724138,0.15829581308055707,2418.5,0.0499378305665138,0.001197651485890159,0.997280216673517,1.1162816359895802,0.0001600178863477142,0.0499378305665138,icc,0.997280216673517,table,0.55,0.02890948371090306,True,0.029765290420771452,0.10438832514821263,0.05,0.008674774131674508,5.68815218513344,0.0001600178863477142,1.0,-1.029602974526509,3.5550120085231036,2.661251726434031,14.308472786345442,0.026285567587348995,0.029014849472133276,-8.985779877245573,0.4644071495280901,61.46689166722516,-5.013194650404931,0.09804207593852543,0.06877673225990494,5.929889278962018,4.894039983647926,8.732251600895502,0.089288086574211,406.0,0.19493585977122269,0.19798291850553135,0.04289921750252924,0.013635457498816134,0.8193049371126816,1.1327547888163676,1.5170009708106,0.041134576364206726,406.0,0.04105158055554907,0.02317282454299241,2.437266421711977,1.86108871482621,7.606558410356302,0.039432801719240664,406.0,0.47891084625011004,80.38106491324572,-32.929507701857275,-137.06842870927804
pinned_sig&translation|depthT1,operator,pinned_sig&translation,depth,depthT1,True,135,406,False,135.0,610.0,0.22131147540983606,100.0,0.0,1.9301595322502179,-0.2785413223987294,0.3242604436902718,6.811502598074102,0.009950248756218905,0.004975124378109453,6.14587975093275,-0.9713502533409326,1.4267854114499612,4.988297432226227,0.009950248756218905,0.004975124378109453,45.37534992672464,22.226014229455796,2.8806713785560936,8.036090430027532,0.009950248756218905,0.004975124378109453,3.1996042543556578,-0.4867624322374528,0.5848493736054086,6.303104445282798,0.042537623078768044,0.042537623078768044,0.09541098213498757,0.08710062587562233,0.04080200286024033,0.06679165015241892,0.21203889605986884,0.036495618730443644,0.02336393294500968,0.0762071588518906,0.02336393294500968,0.0762071588518906,0.06260973709115579,0.1749413690585818,200,-0.10530649944069147,-0.07032177707483914,-3.2098705271327983,0.24429148141927354,0.09566472151642927,5.48927991097103,0.037037037037037035,0.14814814814814814,0.1485924525869939,781.75,0.014643028730283817,0.021972739890622105,0.9912450777419102,6.420384615374455,0.000842693446773719,0.014643028730283817,icc,0.9912450777419102,table,0.55,0.00817334837675961,True,0.08723763375822796,0.20386554768310922,0.05,0.045410982134987565,5.0360904300275315,0.000842693446773719,1.0,-10.673426573408099,5.681665107095775,3.6662615074059524,13.27450322337202,0.03881547367676488,0.042537623078768044,-7.564089841111667,0.5081164864103338,22.226014229455796,-1.6872879899838926,0.1363228395408245,0.08352953484239224,7.476892597599504,6.215998910921646,8.095317479517032,0.11996840580614489,135.0,0.18497861444290017,0.18855256999216655,0.13874240190629958,0.04886156393638638,1.1426614076691488,1.3543472406362274,0.9042713706569149,0.12183826796476477,135.0,0.08642797834420245,0.04191880957761745,5.559507988335162,4.761162935011679,6.906420074197749,0.079552423231888,135.0,0.5280102612276635,25.45459694894248,-8.394276598737845,-46.26067727655774
pinned_sig&translation|depthT2,operator,pinned_sig&translation,depth,depthT2,True,135,406,False,135.0,388.0,0.3479381443298969,100.0,0.0,0.8623261592993783,-0.4896136899924457,0.4457784015029652,3.0327621184285465,0.009950248756218905,0.004975124378109453,2.5984524495847,-1.187737417865591,1.712798807682598,2.2105280844823647,0.01990049751243781,0.009950248756218905,43.8913154979048,18.33199746858706,2.7849429095590175,9.177681144409863,0.009950248756218905,0.004975124378109453,1.473556593659033,-0.8430477263491848,0.8236996601179453,2.812438115704095,0.01964685153582472,0.01964685153582472,0.05289420663497693,0.05023696236683215,0.019268290297010188,-0.006456551953917935,0.13495164779106408,0.033544851118207854,-0.015704762781590623,0.05948702244820633,-0.015704762781590623,0.05948702244820633,-0.006498780113047653,0.11890516615736177,200,-0.16037801086937123,-0.07668699353993105,-5.65196951165828,0.2774511652041205,0.11349412840647821,4.77323680363338,0.02962962962962963,0.1259259259259259,0.18266189718361386,2416.25,0.13132891620919268,0.03446251542339825,0.99707459663102,0.3498671056621733,0.00015519088623089803,0.13132891620919268,icc,0.99707459663102,table,0.55,0.08315103986176954,True,-0.03025683322679261,0.05180060792929454,0.05,0.0028942066349769285,6.177681144409863,0.00015519088623089803,0.6361220102948606,0.3638779897051394,1.6884036486449758,1.2226605305634501,14.810319785365657,0.016830816068872684,0.01964685153582472,-9.219453408846181,0.437679216618739,18.33199746858706,-1.5619538542048204,0.09364909380005627,0.061024500198084176,4.573736143037737,3.898043006960879,9.215956035138763,0.08562992858582978,135.0,0.18373653655959868,0.1871530418384606,-0.026874302636572298,-0.014878843555103142,-0.3015421276840118,-0.5851754246860073,1.4446263737504321,-0.027616476175056453,135.0,0.028553703645783562,0.006930263023900303,1.3525803626731885,1.047169017631293,7.602393555078689,0.0277610236048666,135.0,0.44588202177077496,25.26566064819218,-13.183858662517773,-44.12302699840197
pinned_sig&translation|depthT3,operator,pinned_sig&translation,depth,depthT3,True,136,406,False,136.0,304.0,0.4473684210526316,100.0,0.0,1.2155455965188777,0.2775708020921847,0.5040461932745155,1.860890543251955,0.08955223880597014,0.04477611940298507,4.75401793552667,3.267942374185084,2.31315419980175,0.6424455237220893,0.47761194029850745,0.23880597014925373,48.870576745725614,20.908879969182312,3.3937083219600694,8.239275189210648,0.009950248756218905,0.004975124378109453,1.833388019115295,0.3050692680763558,0.8441744934132955,1.810429908702177,0.024872749156274146,0.024872749156274146,0.033544988414778446,0.03245624408302611,0.024269109678982704,-0.025574883561587495,0.12814689595439646,0.0386064263458323,-0.005571199604471388,0.070261472171977,-0.005571199604471388,0.070261472171977,-0.02624616531639353,0.11359053405646019,200,-0.1275177234832024,-0.04284733540477502,-4.320619932746362,0.3166180224980004,0.13873691121591405,5.123756213344977,0.03676470588235294,0.08823529411764706,0.1437409036152509,6657.875,0.009379329285988527,-0.0524449482655981,0.9990338580712594,3.542935524417862,3.244056199376788e-05,0.009379329285988527,icc,0.9990338580712594,table,0.55,0.005207473718043349,True,0.028337514696735094,0.12293942223635311,0.05,-0.016455011585221557,5.239275189210648,3.244056199376788e-05,1.0,-5.441700953487022,2.388396363066345,1.855438591983499,13.861343792073606,0.023126832482959422,0.024872749156274146,-6.4464423386327665,0.4477741370568146,20.908879969182312,-1.76395280621622,0.07050022403944577,0.06211298845274344,3.567158466082949,2.5513169307802652,8.216985253989739,0.06585727163458116,136.0,0.2159368653071991,0.21809417144199306,0.04417949920766948,0.008151472553483618,0.937284876479656,1.5987585492222878,1.9457094574756668,0.04231025340106102,136.0,0.014502631997611707,0.019447192715626824,0.6567245983454039,0.06482333135126257,7.5952129566129685,0.014295312343404394,136.0,0.4628083816250052,29.660807316111054,-11.351372440601658,-46.68472443431833
pinned_sig&translation|miss<=5,operator,pinned_sig&translation,miss,miss<=5,True,408,406,False,408.0,1308.0,0.3119266055045872,100.0,0.0,3.9889232075796555,-0.5128543284988353,1.0753057876626193,4.186509165791766,0.009950248756218905,0.004975124378109453,13.346859331997795,0.912960678984791,4.40716156309286,2.8212940403952733,0.009950248756218905,0.004975124378109453,138.91636718154223,61.971122748094004,8.8533242356101,8.691113347453921,0.009950248756218905,0.004975124378109453,6.479025828341925,-1.05877235114583,1.90965854576499,3.9471968411338105,0.028714566098368734,0.028714566098368734,0.05850624777691343,0.05527246334141995,0.02791305484015375,0.026664421159193003,0.13289515022463477,0.02808939360103773,0.008565202374093079,0.0641305247781598,0.008565202374093079,0.0641305247781598,0.02597185159129001,0.11730568169704757,200,-0.13112872101691717,-0.06355736613321365,-5.294738472053538,0.27960948019921894,0.11552700558952361,5.526306418977991,0.03431372549019608,0.12009803921568628,0.15764921016526304,2407.75,0.0499378305665138,0.0028180489741586765,0.9972578880740364,1.1130754391565443,0.00016087180827648373,0.0499378305665138,icc,0.9972578880740364,table,0.55,0.02890948371090306,True,0.02959676406601037,0.10398566651373171,0.05,0.008506247776913424,5.691113347453921,0.00016087180827648373,1.0,-1.0237735257391711,3.530326978344479,2.620731351632945,14.316487863296913,0.02598930148593636,0.028714566098368734,-9.025762035741526,0.4654548751424977,61.971122748094004,-5.028906763216149,0.0978110480238075,0.06876128489309224,5.9330851051263345,4.907306459155653,8.741746670246455,0.0890964325781556,408.0,0.1952500213046454,0.19844694258798393,0.04389326967102087,0.014149822460009372,0.8329921490337797,1.1503284647157785,1.5119719641471328,0.04204766037513938,408.0,0.04110284808084861,0.02296912229757133,2.454033961653853,1.9005432535295186,7.618435003258703,0.03948010338903299,408.0,0.4796474964083385,80.96635257589745,-32.905438037703746,-137.8695131643783
