arm,set,parent,kind,stratum,selected,n_genes,n_complete,mnar_exposed,n_sel,G_tested,s,median_n_fit,median_miss_frac,N_set,N_null_mean,N_null_sd,N_z,N_p2,N_p_up,Nc_set,Nc_null_mean,Nc_null_sd,Nc_z,Nc_p2,Nc_p_up,D_set,D_null_mean,D_null_sd,D_z,D_p2,D_p_up,Nc_rhow_set,Nc_rhow_null_mean,Nc_rhow_null_sd,Nc_rhow_z,theta_raw,theta_set,theta_pc,lambda_hat_noise,lambda_hat_noise_raw,theta_pc_ci_lo,theta_pc_ci_hi,theta_pc_boot_se,theta_raw_ci_lo,theta_raw_ci_hi,theta_ci_lo,theta_ci_hi,lambda_ci_lo,lambda_ci_hi,n_boot,S_cross_mean,S_cross_null_mean,S_cross_z,Wm_mean,Wm_null_mean,Wm_z,frac_Nc_below_band,frac_Nc_above_band,rho2bar,median_cnt_depth,median_icc,mean_icc,median_lambda_poisson_ub,fX_if_lambda_icc,fX_if_lambda_poisson,lambda_lo,lambda_lo_source,lambda_hi,kappa_source,kappa,theta_noise_min,theta_reading_ok,margin_theta_pc_minus_tnm,margin_ci_hi_minus_tnm,r1_band_limit,margin_abs_theta_pc_minus_band,z_D_minus_gate,fX_lo,fX_hi,post_share_lb
operator,all,all,primary,miss0,False,8543,8543,False,,8559.0,,100.0,0.0,79.3886933781323,-17.305597561818622,21.39071213070305,4.520386714996798,0.009950248756218905,0.004975124378109453,228.91464970607566,-69.2520916517945,77.45976181370503,3.849311363427343,0.009950248756218905,0.004975124378109453,1215.790231883056,473.8251813786075,91.89307897795686,8.074221244479464,0.009950248756218905,0.004975124378109453,156.97874119498093,-27.489203360173207,42.39693345666458,4.350973750111089,0.06529801876691546,0.06529801876691546,0.13032189437253175,0.11529626650722934,0.06129554135705429,0.005580084629522175,0.3220628800005422,0.07863994865834294,-0.015744042072153238,0.14543036927433167,-0.015744042072153238,0.14543036927433167,0.005545507444974179,0.24360538827518682,200,-0.08038529304276665,-0.04384073976049582,-3.3214558395190044,0.2490888552854281,0.08291751526212186,6.5120430173805115,0.034765304928011234,0.11904483202622029,0.2607821093303968,1330.5,0.20216110613835522,0.13907775802526737,0.9956661012016254,0.5143218596210871,0.0005672603503738739,0.20216110613835522,icc,0.9956661012016254,unselected,1.0,0.2533858748849269,True,-0.12306398051239517,0.06867700511561525,0.05,0.08032189437253175,5.074221244479464,0.0005672603503738739,0.5143218596210871,0.4856781403789129
operator,all|depthT1,all,depth,depthT1,False,2847,8543,False,,2863.0,,100.0,0.0,34.339719800528016,-0.681021295877386,6.278593901976064,5.577800004772296,0.009950248756218905,0.004975124378109453,105.78977537403404,-3.72023943359433,23.183887708265654,4.723539735252652,0.009950248756218905,0.004975124378109453,315.4115426494998,110.03000522418284,27.578097629947028,7.447269937948633,0.009950248756218905,0.004975124378109453,66.94222445355175,-0.8582545148330252,13.048592796600223,5.195999294732379,0.10887274293156715,0.10887274293156715,0.17051552703046652,0.14567557891611657,0.09818326189868849,0.06198935437414869,0.3629717746280546,0.08490600655499779,0.0330333602718903,0.21076985685495664,0.0330333602718903,0.21076985685495664,0.05837005296215984,0.26630812975483104,200,-0.048338210592536575,-0.026169328588481325,-2.7344893511631283,0.23059011019098663,0.07676883235203182,7.132549464157092,0.03161222339304531,0.12188268352651914,0.2684254638220502,401.5,0.2059524929775728,0.1512180914265162,0.987803414456869,0.6574206856622092,0.0021053857290042324,0.2059524929775728,icc,0.987803414456869,unselected,1.0,0.25937049251608046,True,-0.08885496548561395,0.10360128211197411,0.05,0.12051552703046652,4.447269937948633,0.0021053857290042324,0.6574206856622092,0.34257931433779076
operator,all|depthT2,all,depth,depthT2,False,2848,8543,False,,2848.0,,100.0,0.0,24.108586681843185,-7.22601672198012,7.450451996269232,4.205731869625349,0.009950248756218905,0.004975124378109453,69.61334368391246,-30.176512501350672,27.177223786307696,3.6718193502729592,0.009950248756218905,0.004975124378109453,397.0061932606953,154.7570864446656,30.46460319756557,7.951822160460237,0.009950248756218905,0.004975124378109453,47.2208053557945,-11.856635624416102,14.681511302802193,4.023934577425606,0.060725971259627705,0.060725971259627705,0.12934868497830881,0.11453387841930608,0.05724944321624813,-0.009749114496714976,0.3404051571192711,0.09174566603836273,-0.024640854836177766,0.1549503044323788,-0.024640854836177766,0.1549503044323788,-0.009880310067199069,0.25394906561857683,200,-0.08118487917014483,-0.04628839972177066,-2.9665330849005205,0.25475798964573976,0.08965134511080103,6.2000338001111786,0.03651685393258427,0.1190308988764045,0.2584372701732974,1330.25,0.17684346035241844,0.11404405627472473,0.9953201148950881,0.6020817265310523,0.0006081832117235324,0.17684346035241844,icc,0.9953201148950881,unselected,1.0,0.21483575946335862,True,-0.0854870744850498,0.1255693976559125,0.05,0.07934868497830881,4.951822160460237,0.0006081832117235324,0.6020817265310523,0.3979182734689477
operator,all|depthT3,all,depth,depthT3,False,2848,8543,False,,2848.0,,100.0,0.0,20.94038689576111,-9.39855954396111,9.460633305909516,3.206862105179705,0.009950248756218905,0.004975124378109453,53.511530648129146,-35.355339716849514,34.801975963683816,2.55350071092837,0.009950248756218905,0.004975124378109453,503.3724959728611,209.03808970975916,35.813226477792625,8.218595061397647,0.009950248756218905,0.004975124378109453,42.8157113856347,-14.774313220924041,18.188305490614287,3.166321603531287,0.04160018090636818,0.04160018090636818,0.10307645247767129,0.09344452258603335,0.03993872281221091,-0.03954034785592148,0.3238563795415953,0.08236504760515855,-0.041767829014343213,0.12831852224354343,-0.041767829014343213,0.12831852224354343,-0.04116900437201985,0.2446154105047837,200,-0.11162153687880318,-0.059058286121807094,-3.3728848881063445,0.261911970673668,0.0823302093758817,5.490040324428699,0.03616573033707865,0.11622191011235955,0.2554862777579535,3721.375,0.2166387060986304,0.15197538913207567,0.9983405446839169,0.3727224217583254,0.00017133508995291632,0.2166387060986304,icc,0.9983405446839169,unselected,1.0,0.2765501790619574,True,-0.17347372658428611,0.047306200479637905,0.05,0.05307645247767129,5.218595061397647,0.00017133508995291632,0.3727224217583254,0.6272775782416746
operator,all|miss0-5,all,miss,miss0-5,False,108,8543,False,,108.0,,95.0,0.050000000000000044,0.8587115343533375,-0.0388423994329905,0.2725347121803334,3.293356382406164,0.009950248756218905,0.004975124378109453,2.4109918003031656,-0.21327242675420166,1.1057716161855216,2.373242529149057,0.029850746268656716,0.014925373134328358,8.15816002396999,3.6677132597659816,0.9233963557891931,4.862967820970212,0.009950248756218905,0.004975124378109453,1.6437942905193301,-0.11690884939535735,0.5334460079750752,3.3006210817814474,0.1052579909967817,0.1052579909967817,0.19988076485869033,0.16658385625694253,0.09523386562611895,-2.1290521400583113,1.501227046325324,1.2758126841354067,-0.030453677938535446,0.3703630710078044,-0.030453677938535446,0.3703630710078044,-0.05897085985270453,0.6138894065076632,200,-0.02947167936154173,-0.021303824755558615,-0.7761270208996627,0.23958042854948913,0.06374057995366898,7.425098850350638,0.027777777777777776,0.12037037037037036,0.21594922766548774,526.875,0.30535605098730223,0.2624037155813962,0.991633231437459,0.4547018583197908,0.0016864663735120307,0.30535605098730223,icc,0.991633231437459,unselected,1.0,0.4395864261414886,True,-0.23970566128279824,1.0616406201838355,0.05,0.14988076485869034,1.862967820970212,0.0016864663735120307,0.4547018583197908,0.5452981416802092
operator,all|miss5-20,all,miss,miss5-20,False,861,8543,False,,861.0,,89.0,0.10999999999999999,5.381466473163137,-1.0146894903908075,1.2273002096334467,5.211565934193282,0.009950248756218905,0.004975124378109453,20.28586491763562,-2.1217114910021113,4.8242094587672595,4.644818306534225,0.009950248756218905,0.004975124378109453,67.57480903677192,26.030680987751417,5.536260818762201,7.504004852558403,0.009950248756218905,0.004975124378109453,8.959352901418736,-1.5804923295590416,2.220544796816494,4.746513218777811,0.07963716878925585,0.07963716878925585,0.15396052977707755,0.13341923385093568,0.07376290025153899,0.03508360502578484,0.5766069980292051,0.13193761314647712,0.0033250353283144807,0.1868579047103051,0.0033250353283144807,0.1868579047103051,0.03389441032712684,0.36572449744452273,200,-0.019229210095122976,-0.014541450253345096,-0.7555777818591096,0.23421058068822803,0.06004040660412161,8.446475350460432,0.032520325203252036,0.06736353077816493,0.18899194162731126,634.5,0.33879084887728395,0.2817127107024468,0.9927432097865365,0.3004806993390158,0.0011254262479278873,0.33879084887728395,icc,0.9927432097865365,unselected,1.0,0.5123807622777541,True,-0.35842023250067656,0.06422623575145103,0.05,0.10396052977707755,4.504004852558403,0.0011254262479278873,0.3004806993390158,0.6995193006609842
operator,all|miss20+,all,miss,miss20+,False,979,8543,False,,984.0,,57.0,0.43000000000000005,8.096481540835605,-0.3167931867120118,2.0097414486188785,4.186247307249065,0.009950248756218905,0.004975124378109453,22.326300408648777,0.4987646888107497,5.135440735748227,4.250372430139199,0.009950248756218905,0.004975124378109453,52.24290168851982,8.985950484624617,8.386893524694955,5.157684555852106,0.009950248756218905,0.004975124378109453,9.662588505400457,-0.27027570928784,2.4207949383772327,4.103141516541149,0.1549776386677001,0.1549776386677001,0.1944953237201335,0.16282635842758908,0.13418237157082213,-0.6822260965115237,1.9243606121256602,1.875042419110341,-0.006784663867157049,0.8099587555757414,-0.006784663867157049,0.8099587555757414,0.006987879136829996,0.663031521644211,200,-0.001768739334893574,-0.004109035873948272,0.4264325539759397,0.16558227776708423,0.03653861776172941,7.7006988124258955,0.018386108273748723,0.043922369765066395,0.19461599213470046,441.25,0.3942773724222545,0.327474629639551,0.9917432803196276,0.298800354206413,0.0016192631691770833,0.3942773724222545,icc,0.9917432803196276,unselected,1.0,0.6509206598388937,True,-0.4564253361187602,1.2734399522867665,0.05,0.14449532372013352,2.1576845558521063,0.0016192631691770833,0.298800354206413,0.701199645793587
operator,all|miss<=5,all,miss,miss<=5,False,8651,8543,False,,8667.0,,100.0,0.0,80.24740491248565,-17.34443996125161,21.515927762435407,4.535795339679591,0.009950248756218905,0.004975124378109453,231.32564150637882,-69.4653640785487,78.00750327520468,3.8559240195620563,0.009950248756218905,0.004975124378109453,1223.9483919070262,477.49289463837357,92.32693715844314,8.084915629635294,0.009950248756218905,0.004975124378109453,158.62253548550026,-27.606112209568554,42.65416893865471,4.3660128031776475,0.0655643697422999,0.0655643697422999,0.13074033915060515,0.11562366232446901,0.061530182130767226,0.006375238796314862,0.3221078438449531,0.07850690100275319,-0.015323059616957527,0.14533060341420334,-0.015323059616957527,0.14533060341420334,0.006331728573934152,0.2436303218555075,200,-0.07974968209864779,-0.04355938652728195,-3.317897912476653,0.24897015107926912,0.08267810837120602,6.549471393036186,0.034678071899202405,0.11906138018726159,0.26022241088862,1321.5,0.20388152550962946,0.1406173723376084,0.9956455967329009,0.5105160906499959,0.0005717859465327064,0.20388152550962946,icc,0.9956455967329009,unselected,1.0,0.2560944533288751,True,-0.12535411417826994,0.06601339051607802,0.05,0.08074033915060515,5.084915629635294,0.0005717859465327064,0.5105160906499959,0.4894839093500041
operator,pinned_sig,pinned_sig,primary,miss0,True,2418,2418,False,2418.0,8559.0,0.28250963897651593,100.0,0.0,20.688133107665273,-9.567022070162652,6.19706634641375,4.882173836227624,0.009950248756218905,0.004975124378109453,54.323356555250605,-37.22313637988063,22.111351058040665,4.140248720886771,0.009950248756218905,0.004975124378109453,726.9374060820862,336.77260835521406,42.77273473839154,9.121810894562039,0.009950248756218905,0.004975124378109453,36.597828078141035,-15.007662549757477,11.325003533658967,4.55677479256604,0.028459304658933943,0.028459304658933943,0.07754455387594321,0.07196412769849223,0.02767178490195278,0.03375667654632356,0.19173304148524958,0.035886346726185375,0.0018527492784327102,0.06831959226320729,0.0018527492784327102,0.06831959226320729,0.032654366065731695,0.16088525823258984,200,-0.16496011002528882,-0.09389189680473034,-5.819271043853875,0.25637899610222836,0.09124173933353084,6.3595336039326,0.03970223325062035,0.13316790736145576,0.20967551190399034,1828.375,0.16505723280815593,0.10332999679516294,0.9966680516346523,0.39225948049843856,0.0002592382178848805,0.16505723280815593,icc,0.9966680516346523,table,0.55,0.1087277854382886,True,-0.031183231562345384,0.08300525604696099,0.05,0.027544553875943206,6.121810894562039,0.0002592382178848805,0.7131990554517064,0.28680094454829363
operator,pinned_sig|depthT1,pinned_sig,depth,depthT1,True,806,2418,False,806.0,3889.0,0.20725122139367447,100.0,0.0,10.054721281040731,-1.3111975973627066,1.7690990395207895,6.424693374703441,0.009950248756218905,0.004975124378109453,29.36714713273446,-5.949973266840419,6.537487620776328,5.40224661953256,0.009950248756218905,0.004975124378109453,232.135933464095,101.43875544119302,14.092266575471404,9.274390129008042,0.009950248756218905,0.004975124378109453,17.109402295185845,-2.1374478088958333,3.3502296524556834,5.744934556941175,0.043313937359878485,0.043313937359878485,0.0869637665505815,0.08000613196754122,0.04151572772955094,0.05402658953832682,0.16807539511194713,0.03055694128343741,0.023126075656895784,0.08028151607444034,0.023126075656895784,0.08028151607444034,0.0512573081192213,0.14389083722155757,200,-0.13385483344822763,-0.07254949276767465,-6.488956111214382,0.23405432010037158,0.08609535886419045,6.5399606151069944,0.03970223325062035,0.14392059553349876,0.19728796693419098,608.5,0.1407855869575757,0.0788168972963586,0.9904920141765023,0.5307398523346893,0.0008347874063460612,0.1407855869575757,icc,0.9904920141765023,table,0.55,0.09011961583894354,True,-0.003155849288362045,0.0779557792730036,0.05,0.03696376655058149,6.274390129008042,0.0008347874063460612,0.9649815496994351,0.03501845030056494
operator,pinned_sig|depthT2,pinned_sig,depth,depthT2,True,806,2418,False,806.0,2627.0,0.30681385610963074,100.0,0.0,4.087141538955256,-4.792538025503921,2.1294958469079375,4.1698506138683555,0.009950248756218905,0.004975124378109453,7.5675765010849085,-20.615740305687332,7.755344738722435,3.6340508070586397,0.009950248756218905,0.004975124378109453,242.46653923230195,117.05477868441685,14.175750286167425,8.84692224511466,0.009950248756218905,0.004975124378109453,7.477988818507397,-7.586857789771504,3.8038181449300517,3.9604539529204885,0.01685651781848321,0.01685651781848321,0.07080420150125163,0.06612245394814963,0.016577085875051873,0.023516467846470754,0.20459488464249626,0.04270449971170235,-0.010167617037796495,0.06146555462954926,-0.010167617037796495,0.06146555462954926,0.022975656010917615,0.16984465127554044,200,-0.18145956536019994,-0.10939213049798013,-5.6867333896099055,0.2569627263673169,0.0895896896385319,6.28632391389266,0.04094292803970223,0.12406947890818859,0.2126160599098282,1828.375,0.17355574575998267,0.11166400631672734,0.9964899219291257,0.3371581001281606,0.0002494037014786661,0.17355574575998267,icc,0.9964899219291257,table,0.55,0.11550163205595726,True,-0.044697430554705625,0.089093252586539,0.05,0.020804201501251632,5.84692224511466,0.0002494037014786661,0.6130147275057465,0.3869852724942535
operator,pinned_sig|depthT3,pinned_sig,depth,depthT3,True,806,2418,False,806.0,2043.0,0.3945178658835046,100.0,0.0,6.5462702876692855,-3.463286447296024,2.988436612773613,3.3494291604449624,0.009950248756218905,0.004975124378109453,17.38863292143124,-10.657422807352873,10.970560132837235,2.556483478435733,0.009950248756218905,0.004975124378109453,252.33493338568917,118.27907422960416,15.075750762298687,8.892151460299463,0.009950248756218905,0.004975124378109453,12.010436964447795,-5.28335695109014,5.371728351661266,3.219409617053632,0.025942782475002917,0.025942782475002917,0.07466705892586836,0.06947924783374138,0.0252867732179158,0.016965836772493584,0.19417610626484666,0.04785063556851866,-0.008290147834273356,0.07866480294676395,-0.008290147834273356,0.07866480294676395,0.01668266057188159,0.16258306197805517,200,-0.17956593126743886,-0.09973406714853617,-4.512162994124807,0.27811994183899663,0.09804016949787023,5.494918350327912,0.038461538461538464,0.1315136476426799,0.21912250886795187,4994.25,0.18567838123442998,0.11950908677240288,0.9987572270058509,0.32746408003315114,9.290967001439786e-05,0.18567838123442998,icc,0.9987572270058509,table,0.55,0.1254088155411432,True,-0.05074175661527483,0.06876729072370347,0.05,0.02466705892586836,5.892151460299463,9.290967001439786e-05,0.5953892364239111,0.40461076357608894
operator,pinned_sig|miss5-20,pinned_sig,miss,miss5-20,True,93,2418,False,93.0,861.0,0.10801393728222997,93.0,0.06999999999999995,-0.4379442038732047,-0.7354308874509207,0.2308290509145598,1.2887748851327607,0.23880597014925373,0.11940298507462686,-1.847594285891965,-2.187048517267239,0.9535360730962703,0.35599516468529285,0.6965174129353234,0.3482587064676617,29.361985632788983,16.170618284995236,1.5608196806547159,8.451563951487577,0.009950248756218905,0.004975124378109453,-0.7057795906159458,-1.1495256443146857,0.3814640790155022,1.1632708768908926,-0.01491534698471297,-0.01491534698471297,0.022551618473991668,0.022054259234019553,-0.015141182982658352,-0.0463327128303472,0.18640568353319917,0.058337576624316274,-0.045836970042386446,0.037699309392634175,-0.045836970042386446,0.037699309392634175,-0.048588233858687865,0.15711615702550957,200,-0.15867551386564788,-0.09536409038307989,-5.081473878108593,0.2525549386724407,0.07427702224030817,8.049540122885682,0.043010752688172046,0.043010752688172046,0.1383758633226487,947.25,0.24525853329482347,0.18845464206849705,0.9936125526579039,0.06939877432592993,0.0001449732847037183,0.24525853329482347,icc,0.9936125526579039,table,0.45,0.14623065625965243,True,-0.12367903778566075,0.04017502727354674,0.1,-0.07744838152600833,5.451563951487577,0.0001449732847037183,0.1542194985020665,0.8457805014979335
operator,pinned_sig|miss20+,pinned_sig,miss,miss20+,True,35,2418,False,35.0,984.0,0.03556910569105691,68.0,0.31999999999999995,0.5513218118031955,0.024640809905999747,0.2787468128169727,1.8894601756147023,0.09950248756218906,0.04975124378109453,1.2628084543507319,0.00014058258400555967,0.7275282142382415,1.735558631342982,0.07960199004975124,0.03980099502487562,10.648169464343475,3.1511082244819,0.8313498863298031,9.01793740895206,0.009950248756218905,0.004975124378109453,0.6687630629262743,-0.024304732920281225,0.3483510097151809,1.9895673516583814,0.051776205633217526,0.051776205633217526,0.07025166062361263,0.06564031919621456,0.049227397763810285,-0.08766073060130075,0.3075058743601439,0.09884240834739806,-0.052957685065200565,0.18160264031068654,-0.052957685065200565,0.18160264031068654,-0.09608518692661161,0.2351834376661062,200,-0.14448197457021877,-0.045117729626837966,-4.504974135911702,0.2075145936601865,0.03386682067029834,4.983583052421977,0.02857142857142857,0.14285714285714285,0.21078878074564597,496.5,0.33436756956337793,0.29884227583725936,0.9889054735413436,0.1398514325541985,0.0007881530928958237,0.33436756956337793,icc,0.9889054735413436,table,0.35,0.17581572651202892,True,-0.1055640658884163,0.131690147848115,0.1,-0.029748339376387378,6.01793740895206,0.0007881530928958237,0.3995755215834243,0.6004244784165758
operator,pinned_sig|miss<=5,pinned_sig,miss,miss<=5,True,2432,2418,False,2432.0,8667.0,0.28060459213107186,100.0,0.0,20.707587751416455,-9.549310915443682,6.208985841391975,4.873082245598571,0.009950248756218905,0.004975124378109453,54.06627614816716,-37.19441562864101,22.172403725478407,4.115958418704965,0.009950248756218905,0.004975124378109453,731.1796709545578,339.3513534328786,42.9760895140192,9.117356231163402,0.009950248756218905,0.004975124378109453,36.62219968200586,-14.993755384826413,11.346841473645705,4.5489271341911355,0.02832079251380529,0.02832079251380529,0.07721978558935083,0.07168433649508546,0.027540814811857536,0.033786323710867275,0.18862671012456456,0.035777012012581294,0.0022172021730992256,0.06810119877354222,0.0022172021730992256,0.06810119877354222,0.032682115111151704,0.15869173589047433,200,-0.16493283231365527,-0.09379588083927291,-5.837881104913229,0.2562082510350108,0.09122134497692529,6.375161410568677,0.039473684210526314,0.1328125,0.2091742957110796,1817.0,0.16437540023125322,0.10296233102986432,0.9966414471606251,0.3925572338473373,0.0002602206951014336,0.16437540023125322,icc,0.9966414471606251,table,0.55,0.1081902928087668,True,-0.030970507219415966,0.08043641731579776,0.05,0.02721978558935083,6.117356231163402,0.0002602206951014336,0.7137404251769769,0.2862595748230231
operator,ecm,ecm,primary,miss0,False,199,199,False,,199.0,,100.0,0.0,4.424282519823822,-0.04482828738781677,1.049814102629736,4.257049696719373,0.009950248756218905,0.004975124378109453,11.801940879255802,-1.0504860721166154,3.5021609597237524,3.6698561542945782,0.009950248756218905,0.004975124378109453,23.9392726184733,10.386317620837735,2.443213349908881,5.547184407019149,0.009950248756218905,0.004975124378109453,9.144067455279282,0.5680899792822729,2.2201992543601254,3.8627062229460374,0.1848127380616285,0.1848127380616285,0.32975176321262156,0.2479799405687238,0.1559847663049141,0.05691747315775735,1.036272444690595,0.49627236367496413,0.031554033150364,0.4668188253101426,0.031554033150364,0.4668188253101426,0.05385001739129147,0.5089054769325313,200,-0.07056185632580432,-0.05620712211961315,-0.8431751356217001,0.2650864146893811,0.0554079035211219,6.675564828361566,0.03015075376884422,0.18592964824120603,0.36457008521145967,1768.0,0.4225328951670772,0.33168295628434585,0.9980423280720975,0.45066502086340093,0.0006468120157435616,0.4225328951670772,icc,0.9980423280720975,unselected,1.0,0.731700371555065,True,-0.4019486083424434,0.30457207313553014,0.05,0.2797517632126216,2.5471844070191487,0.0006468120157435616,0.45066502086340093,0.5493349791365991
operator,ecm|depthT1,ecm,depth,depthT1,False,66,199,False,,66.0,,100.0,0.0,1.4493825493291836,0.2086865669432619,0.35624811800093786,3.4826737874378204,0.009950248756218905,0.004975124378109453,4.367135349102146,0.6477366689902746,1.2953271202065866,2.8713972108595076,0.01990049751243781,0.009950248756218905,5.480254912642822,1.5111276384834178,0.9043104133380484,4.389120390097365,0.009950248756218905,0.004975124378109453,3.0261786537725013,0.5720071397597857,0.7792510953755819,3.1493975800314518,0.2644735641740846,0.2644735641740846,0.3125865956638241,0.23814550346351615,0.20915705291698258,-0.15938209585888533,1.4232080911762264,1.258752445129779,-0.00639202471198002,0.803489564873616,-0.00639202471198002,0.803489564873616,-0.14659946922654019,0.5876532812528446,200,-0.030133173238230934,-0.01792240662419955,-0.7242222622336287,0.26841164818045543,0.06126923625138264,6.42327804587484,0.030303030303030304,0.13636363636363635,0.3502633199148868,277.625,0.48522779212632017,0.4266753758403448,0.9918164811869128,0.33161928193860285,0.0025791649310692487,0.48522779212632017,icc,0.9918164811869128,unselected,1.0,0.942606816577383,True,-0.6300202209135589,0.4806012745988434,0.1,0.21258659566382407,1.3891203900973652,0.0025791649310692487,0.33161928193860285,0.6683807180613972
operator,ecm|depthT2,ecm,depth,depthT2,False,66,199,False,,66.0,,100.0,0.0,1.4521583700278127,-0.16841121671741655,0.4158157740413249,3.8973259022736655,0.009950248756218905,0.004975124378109453,3.8977228431778252,-0.6495662196259276,1.323427784523244,3.435993346959904,0.009950248756218905,0.004975124378109453,7.90802517831969,3.7765516275506417,0.7993438431195335,5.168581188597745,0.009950248756218905,0.004975124378109453,3.2301850258281766,-0.0193180310815049,0.8809383467763829,3.6886838548924406,0.1836309745205401,0.1836309745205401,0.3922497788818158,0.28173807949666246,0.15514208268749008,0.012990662528234293,1.5874834865902663,5.368776241469645,-0.01323740032857248,0.5023143678370804,-0.01323740032857248,0.5023143678370804,0.019477464681190312,0.613803114217012,200,-0.08806917490710785,-0.0755587858684349,-0.6061525054706929,0.2932060441770525,0.058956194964756035,6.571526199517957,0.030303030303030304,0.19696969696969696,0.42125710190689863,1765.375,0.4232357268172775,0.2920223588388667,0.9980634247905009,0.5345381882671881,0.0007610951156470534,0.4232357268172775,icc,0.9980634247905009,unselected,1.0,0.7338105817161005,True,-0.3415608028342847,0.8536729048741658,0.1,0.2922497788818158,2.168581188597745,0.0007610951156470534,0.5345381882671881,0.46546181173281187
operator,ecm|depthT3,ecm,depth,depthT3,False,67,199,False,,67.0,,100.0,0.0,1.5227416004668255,-0.08510363761366219,0.42172913920790744,3.8125068642407447,0.009950248756218905,0.004975124378109453,3.537082686975833,-1.0486565214809624,1.4865503877143356,3.084819220630427,0.009950248756218905,0.004975124378109453,10.550992527510788,5.098638354803678,1.063906347644587,5.124844103786235,0.009950248756218905,0.004975124378109453,2.887703775678605,0.015400870603992095,0.8561765913818606,3.354801957898363,0.1443221191273153,0.1443221191273153,0.29489009465468896,0.22773368633523133,0.12612018654098764,0.020254290242310433,1.4157487343030826,0.6388446519197546,0.009784319677648402,0.4198826494282117,0.009784319677648402,0.4198826494282117,0.029232877223979374,0.5861794817778674,200,-0.09314111091407015,-0.07485759100431558,-0.7495035537694066,0.2341108780237508,0.046138721499076156,5.409582677799768,0.029850746268656716,0.22388059701492538,0.3228223748782482,6514.75,0.3735340462726165,0.27717698226502796,0.9994611172921234,0.49456965499144967,0.00015899685338840612,0.3735340462726165,icc,0.9994611172921234,unselected,1.0,0.5962559402472583,True,-0.3013658455925693,0.8194927940558243,0.1,0.19489009465468896,2.124844103786235,0.00015899685338840612,0.49456965499144967,0.5054303450085503
operator,ecm|miss5-20,ecm,miss,miss5-20,False,15,199,False,,15.0,,92.0,0.07999999999999996,0.1708898480333124,-0.0037862211328409884,0.10411131063199178,1.6777818673668503,0.06965174129353234,0.03482587064676617,1.005130138925801,0.07102951328925294,0.38710327822394186,2.4130527385928375,0.01990049751243781,0.009950248756218905,0.7771094662851659,-0.06736613480393681,0.26930574076222685,3.135750462277371,0.009950248756218905,0.004975124378109453,0.2888643473019828,0.00485078376466422,0.19086864722908797,1.4880053254447516,0.21990447349743536,0.21990447349743536,0.20684560802097454,0.17139359554049902,0.1802636831611698,-1.4950010139838812,2.528508880625208,9.753643386171616,-1.9418381109714924,2.652410941973922,-1.9418381109714924,2.652410941973922,-1.8405954151806312,0.7220331527156781,200,0.01806781803774524,0.003040901059963663,0.5546100304502042,0.19683971998435632,0.06670584678867157,3.6646265061045837,0.0,0.13333333333333333,0.24979515159627114,587.5,0.3529326244392798,0.33555247680923633,0.9926155268972809,0.37923114912098593,0.0015388091234286333,0.3529326244392798,icc,0.9926155268972809,unselected,1.0,0.5454341197984892,False,-0.3385885117775147,1.9830747608267187,0.1,0.10684560802097454,0.13575046227737086,0.0015388091234286333,0.37923114912098593,0.6207688508790141
operator,ecm|miss20+,ecm,miss,miss20+,False,17,199,False,,17.0,,46.0,0.54,0.14958136751388043,-0.221566600339681,0.203003215625965,1.8282861515721232,0.05970149253731343,0.029850746268656716,0.03623920416822948,-0.4633812431334545,0.5136918075281427,0.9726073882817611,0.3383084577114428,0.1691542288557214,1.3904410295328706,0.3829009692289479,0.6659897744063352,1.5128461412219825,0.10945273631840796,0.05472636815920398,0.11177087854041798,-0.23965664139179188,0.21209372207697086,1.6569444700709879,0.10757836135210527,0.10757836135210527,0.3683704325777431,0.26920373592390845,0.09712934552168044,-3.1675272867999684,7.507546352138421,17.700104368642993,-2.7530180721856947,6.453282389691941,-2.7530180721856947,6.453282389691941,-3.4214037301716718,0.8869699152722018,200,-0.023150742584467254,-0.019500301362807622,-0.11196921388852923,0.08718375425753806,0.03830342047822558,1.0977392787730786,0.0,0.058823529411764705,0.15940979211783907,259.5,0.5004522543534026,0.4545529340457924,0.9936576077209257,0.36770464626007204,0.002351262416013739,0.5004522543534026,icc,0.9936576077209257,unselected,1.0,1.0018106551669739,False,-0.6334402225892308,6.505735696971447,0.1,0.26837043257774307,-1.4871538587780175,0.002351262416013739,0.36770464626007204,0.632295353739928
operator,ecm|miss<=5,ecm,miss,miss<=5,False,200,199,False,,200.0,,100.0,0.0,4.447557287855656,-0.033953085464660825,1.055407569250039,4.246236718299101,0.009950248756218905,0.004975124378109453,11.889478873921053,-1.013496694504627,3.5213507192201714,3.664212001945418,0.009950248756218905,0.004975124378109453,23.9848092327942,10.405323232444776,2.443908209991236,5.556463186642398,0.009950248756218905,0.004975124378109453,9.219370243907296,0.599909342913447,2.2378604181953126,3.8516526012578023,0.18543225608709676,0.18543225608709676,0.33002061883675127,0.24813195687551853,0.15642585658937275,0.06026451509551669,1.030497857774903,0.48396258863584035,0.0335187953648344,0.4631598711260325,0.0335187953648344,0.4631598711260325,0.05683443676191552,0.5075088439541606,200,-0.07122860599688897,-0.0562956168348647,-0.8770779883163982,0.26515439041621947,0.05471863543005713,6.706776806266468,0.03,0.185,0.3664472110331336,1765.375,0.424192149583562,0.33462689665685247,0.998051830303299,0.44797732186238515,0.0006441911626061334,0.424192149583562,icc,0.998051830303299,unselected,1.0,0.7366904589383005,True,-0.4066698401015493,0.29380739883660256,0.05,0.2800206188367513,2.5564631866423984,0.0006441911626061334,0.44797732186238515,0.5520226781376149
operator,pinned_sig&ecm,pinned_sig&ecm,primary,miss0,True,49,49,False,49.0,199.0,0.24623115577889448,100.0,0.0,0.30048423131424196,-0.6235547997612342,0.28618425511496354,3.2288255365560867,0.009950248756218905,0.004975124378109453,0.08701348195926162,-2.8960845891349414,0.9505301289697303,3.138351936647765,0.01990049751243781,0.009950248756218905,13.921471271792251,7.839891485643625,1.0273174911946263,5.919863954692917,0.009950248756218905,0.004975124378109453,0.8421400428071683,-0.8864203268259725,0.5301363441708117,3.2605958611209513,0.021584229529179468,0.021584229529179468,0.15194062456930393,0.1318997015372321,0.021128193745832444,-0.04141763078945932,0.7200771126772154,4.996256973885319,-0.05714894991252152,0.11383834454485632,-0.05714894991252152,0.11383834454485632,-0.012827355871142818,0.42208855829663383,200,-0.2260559462887928,-0.18176814304017294,-2.1043519764611403,0.28880263282182916,0.058526727448173325,7.344224737990808,0.04081632653061224,0.14285714285714285,0.26651066315662875,2928.0,0.3655974684633593,0.2504893346783445,0.9984343085218479,0.26365477112072844,0.00023826519085212562,0.3655974684633593,icc,0.9984343085218479,table,0.55,0.3169574484007778,True,-0.16501682383147384,0.40311966427643764,0.1,0.05194062456930393,2.919863954692917,0.00023826519085212562,0.4793723111285972,0.5206276888714028
operator,pinned_sig&ecm|depthT1,pinned_sig&ecm,depth,depthT1,True,16,49,False,16.0,105.0,0.1523809523809524,100.0,0.0,0.18263737930060697,-0.1936735001571951,0.12283369035413651,3.0635803448783183,0.009950248756218905,0.004975124378109453,0.40792621546517444,-0.6865402168594398,0.40779309649595663,2.6838768035286398,0.009950248756218905,0.004975124378109453,3.8913657742522156,1.9309227760960852,0.3496848714349218,5.606313450483314,0.009950248756218905,0.004975124378109453,0.5318651161871368,-0.274430248501739,0.24628082313376348,3.273886104607298,0.046934004638950574,0.046934004638950574,0.19195196178197296,0.16104001498097625,0.044829955308535806,-0.07165773978326274,1.0425555080417743,0.6591970546071558,-0.08179766308704647,0.20041197316830392,-0.08179766308704647,0.20041197316830392,-0.04758200269414846,0.5119650676176114,200,-0.21378139370254065,-0.1555823314566417,-2.2566575285982955,0.32916303139888564,0.050123582485059076,6.835620584926222,0.0,0.125,0.3194345214153331,846.5,0.4936797490117759,0.4311950548843979,0.9966090813940522,0.19686682644301107,0.0006531081151139001,0.4936797490117759,icc,0.9966090813940522,table,0.45,0.4387655572173945,False,-0.24681359543542156,0.6037899508243798,0.1,0.09195196178197296,2.606313450483314,0.0006531081151139001,0.43748183654002454,0.5625181634599754
operator,pinned_sig&ecm|depthT2,pinned_sig&ecm,depth,depthT2,True,16,49,False,16.0,44.0,0.36363636363636365,100.0,0.0,-0.24893581595582626,-0.38574372200519663,0.11645147182802452,1.1748061566058026,0.22885572139303484,0.11442786069651742,-0.9744248363551173,-1.5373495132411552,0.38917600275205533,1.4464526921118466,0.13930348258706468,0.06965174129353234,5.155566523265929,3.1774861942799864,0.42096016988561363,4.698972659393027,0.009950248756218905,0.004975124378109453,-0.36358339992680433,-0.5998217924967443,0.19610462058313385,1.2046549024059958,-0.04828486158260865,-0.04828486158260865,0.06916195669338898,0.06468800751879263,-0.05073457343854131,-0.5231410365228826,0.6466338918318868,0.3115306251303543,-0.15557155871909462,0.05485286781891902,-0.15557155871909462,0.05485286781891902,-0.2952456525907292,0.39368469906769127,200,-0.3022732651381774,-0.24567224775506033,-2.094551349138094,0.24090440899191518,0.083128496662858,4.487789634654492,0.125,0.0625,0.25542319252441814,2882.625,0.17380241368913166,0.06910512109219331,0.9984250607595668,0.32877242882725277,0.000109097701793153,0.17380241368913166,icc,0.9984250607595668,table,0.55,0.11570032291652671,False,-0.04653836622313773,0.53093356891536,0.1,-0.030838043306611024,1.6989726593930268,0.000109097701793153,0.5977680524131869,0.40223194758681313
operator,pinned_sig&ecm|depthT3,pinned_sig&ecm,depth,depthT3,True,17,49,False,17.0,50.0,0.34,100.0,0.0,0.3667826679694613,-0.04413757759884243,0.13910146751750294,2.9541043160928426,0.01990049751243781,0.009950248756218905,0.6535121028492042,-0.6721948590343466,0.5029278212777001,2.6359785754455993,0.01990049751243781,0.009950248756218905,4.874538974274107,2.7314825152675546,0.40082725122165314,5.3465837277153225,0.009950248756218905,0.004975124378109453,0.673858326546836,-0.012168285827489205,0.2506025239886748,2.737508790635038,0.07524458618654922,0.07524458618654922,0.19174494626184152,0.16089428099803557,0.06997904212046382,-0.27163095004047044,0.9893497615996906,2.2856086746673916,-0.021115657686584504,0.2312185229882435,-0.021115657686584504,0.2312185229882435,-0.09144606539811538,0.5044837841838269,200,-0.16587451921760926,-0.14626857303419066,-0.6103368850637647,0.29589705658922444,0.04328096344669529,5.778461728345094,0.0,0.23529411764705882,0.22713523950816403,7322.25,0.36548863490523886,0.2511279166831424,0.9993029999534913,0.33288134290185767,0.00013373945286718872,0.36548863490523886,icc,0.9993029999534913,table,0.55,0.3168087448959409,False,-0.1250637986340994,0.6725410167037497,0.1,0.09174494626184151,2.3465837277153225,0.00013373945286718872,0.6052388052761047,0.39476119472389526
operator,pinned_sig&ecm|miss<=5,pinned_sig&ecm,miss,miss<=5,True,49,49,False,49.0,200.0,0.245,100.0,0.0,0.30048423131424196,-0.6235547997612342,0.28618425511496354,3.2288255365560867,0.009950248756218905,0.004975124378109453,0.08701348195926162,-2.8960845891349414,0.9505301289697303,3.138351936647765,0.01990049751243781,0.009950248756218905,13.921471271792251,7.839891485643625,1.0273174911946263,5.919863954692917,0.009950248756218905,0.004975124378109453,0.8421400428071683,-0.8864203268259725,0.5301363441708117,3.2605958611209513,0.021584229529179468,0.021584229529179468,0.15194062456930393,0.1318997015372321,0.021128193745832444,-0.04141763078945932,0.7200771126772154,4.996256973885319,-0.05714894991252152,0.11383834454485632,-0.05714894991252152,0.11383834454485632,-0.012827355871142818,0.42208855829663383,200,-0.2260559462887928,-0.18176814304017294,-2.1043519764611403,0.28880263282182916,0.058526727448173325,7.344224737990808,0.04081632653061224,0.14285714285714285,0.26651066315662875,2928.0,0.3655974684633593,0.2504893346783445,0.9984343085218479,0.26365477112072844,0.00023826519085212562,0.3655974684633593,icc,0.9984343085218479,table,0.55,0.3169574484007778,True,-0.16501682383147384,0.40311966427643764,0.1,0.05194062456930393,2.919863954692917,0.00023826519085212562,0.4793723111285972,0.5206276888714028
operator,folding,folding,primary,miss0,False,178,178,False,,178.0,,100.0,0.0,1.9894714628794585,0.42406213940383863,0.6057077820664375,2.584429934406748,0.01990049751243781,0.009950248756218905,6.806871897752106,2.5799596186580995,2.377135244600901,1.7781538886752175,0.05970149253731343,0.029850746268656716,37.85343147889684,16.347449912334284,2.969090860482913,7.243288460045536,0.009950248756218905,0.004975124378109453,3.0050602617129107,0.47327868235594184,1.1089235502822556,2.2830983963795806,0.052557228899804825,0.052557228899804825,0.07278948503840971,0.06785066972930257,0.04993289434223045,-0.021926426611593657,0.258451893481346,0.07818999472627336,0.0014698563517336642,0.14999050827071506,0.0014698563517336642,0.14999050827071506,-0.022418548910632292,0.20536910440071934,200,-0.07758410710808401,-0.03236253233662892,-2.3807351323649817,0.2902251840832985,0.11473417762108518,6.826248843188786,0.033707865168539325,0.11235955056179775,0.19925303606213382,2104.25,-0.006950766892662502,-0.039883492230936304,0.9969757907067471,,0.00022079837760975168,0.001,icc,0.9969757907067471,unselected,1.0,0.001001001001001001,True,0.0717884840374087,0.25745089248034503,0.05,0.022789485038409704,4.243288460045536,0.00022079837760975168,1.0,-71.7166955533713
operator,folding|depthT1,folding,depth,depthT1,False,59,178,False,,59.0,,100.0,0.0,0.8605040773510005,0.21264037528905036,0.1827169613052066,3.5457228351109245,0.009950248756218905,0.004975124378109453,2.8370610646704777,0.5244980387365135,0.7885757678189089,2.932581903106397,0.009950248756218905,0.004975124378109453,13.037707646454807,5.567915684265836,0.943712884776954,7.9153226396336125,0.009950248756218905,0.004975124378109453,1.4377027382597916,0.33085687577926365,0.34631168584389116,3.196097353120989,0.06600117909416288,0.06600117909416288,0.08673115735235258,0.07980921202596163,0.06191473366872591,0.02063064351354676,0.23093980357226598,0.05727563478240424,0.02827477217223779,0.13561324685150097,0.02827477217223779,0.13561324685150097,0.020206565613106714,0.18761251999249237,200,-0.04777499940079671,-0.03308802006613028,-1.0017298321292978,0.2466403860443529,0.08659075628757894,6.487701274853279,0.03389830508474576,0.11864406779661017,0.17803559321467455,525.0,0.0770323814976006,0.027196567955380783,0.9875594371986132,1.0391740226017954,0.0010925766786651706,0.0770323814976006,icc,0.9875594371986132,unselected,1.0,0.08346162958847114,True,0.0032695277638814385,0.14747817398379484,0.1,-0.013268842647647425,4.9153226396336125,0.0010925766786651706,1.0,-0.039174022601795366
operator,folding|depthT2,folding,depth,depthT2,False,59,178,False,,59.0,,100.0,0.0,0.24957818808488946,-0.08706717086213643,0.2369888764420242,1.420511223991482,0.1691542288557214,0.0845771144278607,0.9573487062963558,0.12381457273343882,0.9945712089040686,0.838083916064089,0.44776119402985076,0.22388059701492538,9.154246807868875,3.949366585548446,0.9580720777668215,5.4326603844384325,0.009950248756218905,0.004975124378109453,0.2719215888204127,-0.2975797020697823,0.4567400451853488,1.24688276601428,0.027263650775764012,0.027263650775764012,0.06467879078242139,0.06074958132197752,0.026540071533899968,-0.13873845211265817,0.7045633224586236,0.49140514114268247,-0.06461919925868641,0.1879825060141579,-0.06461919925868641,0.1879825060141579,-0.1610885721086804,0.41333690193705364,200,-0.0689872519088529,-0.031099225523762035,-1.7891333262701838,0.28870750330537365,0.09948385644255467,5.832035360794624,0.05084745762711865,0.11864406779661017,0.20596619893640813,2077.0,0.0471063786704963,-0.010904967798453553,0.996768212323343,1.3083579954847229,0.0002097058437532702,0.0471063786704963,icc,0.996768212323343,unselected,1.0,0.049435086578470504,True,0.015243704203950888,0.6551282358801531,0.1,-0.035321209217578614,2.4326603844384325,0.0002097058437532702,1.0,-0.30835799548472287
operator,folding|depthT3,folding,depth,depthT3,False,60,178,False,,60.0,,100.0,0.0,0.879389197443568,0.29848893497692475,0.37054103505552066,1.5677083170548252,0.13930348258706468,0.06965174129353234,3.0124621267852723,1.9316470071881469,1.3536565888820917,0.7984411470930817,0.4577114427860697,0.22885572139303484,15.661477024573156,6.83016764252,1.421563724555371,6.2123907845322694,0.009950248756218905,0.004975124378109453,1.2954359346327065,0.4400015086464604,0.6593234681272239,1.2974427080778208,0.05614982520893717,0.05614982520893717,0.06577736520556503,0.061717735197799044,0.05316463996746777,-0.11615151297122941,0.36905557702658737,0.12339220779950785,-0.032066045667378675,0.1758214518239426,-0.032066045667378675,0.1758214518239426,-0.1314725687172401,0.26956750735404,200,-0.11534997063282715,-0.032891387768605014,-2.4941734744357587,0.33457595491988773,0.15740469109125463,5.855588912882534,0.016666666666666666,0.1,0.21351557803576576,6892.5,-0.20702172295023696,-0.13434110043942285,0.9990961806025147,,5.950464003616905e-05,0.001,icc,0.9990961806025147,unselected,1.0,0.001001001001001001,True,0.06477636420456402,0.3680545760255864,0.1,-0.03422263479443498,3.2123907845322694,5.950464003616905e-05,1.0,-64.71158784035946
operator,folding|miss<=5,folding,miss,miss<=5,False,180,178,False,,180.0,,100.0,0.0,2.026324037184986,0.4324781324083904,0.6146725560113743,2.5929999463764934,0.01990049751243781,0.009950248756218905,6.930647751437164,2.6118579160591637,2.405932787871813,1.795058389473224,0.05970149253731343,0.029850746268656716,37.934024147271145,16.348738588292125,2.9620584551203857,7.287258467727214,0.009950248756218905,0.004975124378109453,3.0907316150207613,0.49059838020367263,1.1270846143023712,2.306954776795074,0.053417059822553875,0.053417059822553875,0.07383946348180645,0.06876210643478319,0.05070836790088807,-0.01826062218420779,0.26489277674624234,0.07787435732376943,0.0024950740722511377,0.14901209113321517,0.0024950740722511377,0.14901209113321517,-0.018601437815744623,0.20941842029735444,200,-0.07738577046542225,-0.03200388516609756,-2.407795237555002,0.2880863735174976,0.11251884577096252,6.790758866994463,0.03333333333333333,0.1111111111111111,0.20182944699159902,2034.25,-7.041882659594061e-05,-0.0326254708533404,0.9969372698865113,,0.0002268451137304962,0.001,icc,0.9969372698865113,unselected,1.0,0.001001001001001001,True,0.07283846248080544,0.26389177574524136,0.05,0.023839463481806447,4.287258467727214,0.0002268451137304962,1.0,-72.76562401832464
operator,pinned_sig&folding,pinned_sig&folding,primary,miss0,True,82,82,False,82.0,178.0,0.4606741573033708,100.0,0.0,1.2257614473346878,0.5491471381713143,0.3353646257106743,2.01754823642939,0.029850746268656716,0.014925373134328358,4.721478426568244,3.108898830184779,1.3757568355924203,1.1721399848172047,0.22885572139303484,0.11442786069651742,29.41564604676403,14.394530288102906,2.095264802156535,7.169077504285261,0.009950248756218905,0.004975124378109453,1.5816988697708991,0.7570106374986105,0.5514323836054661,1.4955382686816034,0.041670390151758434,0.041670390151758434,0.0450442110981829,0.04310268467096552,0.04000343155159434,-0.03543229265722124,0.1779277610591975,0.054114240174787484,0.005225241961554844,0.10006975313046278,0.005225241961554844,0.10006975313046278,-0.036733857632118,0.15105137990681577,200,-0.10811870032797091,-0.04456506018997538,-2.902169041115933,0.2971195242701381,0.11445913767663188,6.693524738935081,0.024390243902439025,0.07317073170731707,0.14272216225953516,3402.0,0.018862112046394937,-0.012224091933923174,0.9980177131645911,2.3430346523603807,8.946789770712435e-05,0.018862112046394937,icc,0.9980177131645911,table,0.55,0.01057360209292802,True,0.03447060900525488,0.16735415896626948,0.1,-0.054955788901817106,4.169077504285261,8.946789770712435e-05,1.0,-3.2600630042916006
operator,pinned_sig&folding|depthT1,pinned_sig&folding,depth,depthT1,True,27,82,False,27.0,70.0,0.38571428571428573,100.0,0.0,0.4124854038700168,0.0805323920167918,0.10298528872284883,3.223305153288134,0.01990049751243781,0.009950248756218905,1.5191104391432317,0.28772764696673825,0.48261556132191075,2.5514775959641,0.029850746268656716,0.014925373134328358,10.75519549524412,5.576872301914823,0.7484562676285097,6.918671694388852,0.009950248756218905,0.004975124378109453,0.5429224775038004,0.114213113005541,0.1669880847673849,2.5673051169815704,0.038352199553454445,0.038352199553454445,0.06410434410135815,0.06024253585346897,0.036935636646166774,0.004657534186586923,0.18407071345942755,0.06735170806840146,0.009928323406929769,0.08624378668666652,0.009928323406929769,0.08624378668666652,0.004635266953892807,0.15545582913496686,200,-0.08153082970648463,-0.06987257827283772,-0.6855729820856122,0.23140916812863724,0.06005261231722967,5.535470207406633,0.037037037037037035,0.07407407407407407,0.10065753319977659,486.0,0.3186878621223838,0.22348198714733558,0.9876133143786723,0.13704653649521925,0.0008039992432103697,0.3186878621223838,icc,0.9876133143786723,table,0.55,0.2572658175639259,True,-0.19316147346256776,-0.07319510410449837,0.1,-0.035895655898641854,3.918671694388852,0.0008039992432103697,0.2491755209003986,0.7508244790996014
operator,pinned_sig&folding|depthT2,pinned_sig&folding,depth,depthT2,True,27,82,False,27.0,65.0,0.4153846153846154,100.0,0.0,0.3701367342805362,0.2471739623476769,0.16961910475678996,0.7249346829720075,0.5174129353233831,0.25870646766169153,1.3013267303570777,1.1487785460604087,0.7302094115451346,0.2089101864270341,0.835820895522388,0.417910447761194,8.879679878971201,4.17804182738348,0.7950006011082977,5.9140056561381735,0.009950248756218905,0.004975124378109453,0.40541152709488626,0.32707750658826595,0.28118761253020863,0.2785827576177621,0.041683567349887415,0.041683567349887415,0.026153176953154725,0.02548662084817446,0.04001557541695046,-0.1530386087202404,0.27008791717808567,0.09258708032328658,-0.021060135045556972,0.14537543472527442,-0.021060135045556972,0.14537543472527442,-0.18069921444512438,0.21265052546115742,200,-0.11457259253532984,-0.037822644677833264,-2.376712799407201,0.3407065755276072,0.1231618579836094,5.934326635834675,0.037037037037037035,0.07407407407407407,0.15178159161553348,3294.25,-0.03114190028229959,-0.05307235975122283,0.9976534711561152,,6.151352734600605e-05,0.001,icc,0.9976534711561152,table,0.55,0.0005505505505505506,True,0.025602626402604176,0.26953736662753514,0.1,-0.07384682304684528,2.9140056561381735,6.151352734600605e-05,1.0,-46.503679593093764
operator,pinned_sig&folding|depthT3,pinned_sig&folding,depth,depthT3,True,28,82,False,28.0,43.0,0.6511627906976745,100.0,0.0,0.4431393091841346,0.22144078380684568,0.17241249999035083,1.2858610912184232,0.24875621890547264,0.12437810945273632,1.9010412570679356,1.6723926371576316,0.6511350252234023,0.3511539251507095,0.7164179104477612,0.3582089552238806,9.780770672548709,4.639616158804604,0.7736822756055471,6.645046262330639,0.009950248756218905,0.004975124378109453,0.6333648651722121,0.3157200179048035,0.284733969287187,1.1155846563113347,0.045307197563467634,0.045307197563467634,0.043122322969405255,0.04133966076639128,0.0433434282946442,-0.10606421399941411,0.3019180767060291,0.10118160202141102,-0.027116026661952827,0.14083716945117938,-0.027116026661952827,0.14083716945117938,-0.11865185479380946,0.2319020544553162,200,-0.12753360808445083,-0.026662996996780885,-3.134943220028289,0.31845271112259727,0.15853066397718424,4.5003940699339715,0.0,0.07142857142857142,0.17454860483101825,9988.5,-0.23713965042100207,-0.20012269565274088,0.9994721765472088,,2.2772993522161386e-05,0.001,icc,0.9994721765472088,table,0.65,0.0006506506506506508,True,0.0424716723187546,0.30126742605537843,0.1,-0.05687767703059475,3.6450462623306388,2.2772993522161386e-05,1.0,-65.27569330220899
operator,pinned_sig&folding|miss<=5,pinned_sig&folding,miss,miss<=5,True,82,82,False,82.0,180.0,0.45555555555555555,100.0,0.0,1.2257614473346878,0.5491471381713143,0.3353646257106743,2.01754823642939,0.029850746268656716,0.014925373134328358,4.721478426568244,3.108898830184779,1.3757568355924203,1.1721399848172047,0.22885572139303484,0.11442786069651742,29.41564604676403,14.394530288102906,2.095264802156535,7.169077504285261,0.009950248756218905,0.004975124378109453,1.5816988697708991,0.7570106374986105,0.5514323836054661,1.4955382686816034,0.041670390151758434,0.041670390151758434,0.0450442110981829,0.04310268467096552,0.04000343155159434,-0.03543229265722124,0.1779277610591975,0.054114240174787484,0.005225241961554844,0.10006975313046278,0.005225241961554844,0.10006975313046278,-0.036733857632118,0.15105137990681577,200,-0.10811870032797091,-0.04456506018997538,-2.902169041115933,0.2971195242701381,0.11445913767663188,6.693524738935081,0.024390243902439025,0.07317073170731707,0.14272216225953516,3402.0,0.018862112046394937,-0.012224091933923174,0.9980177131645911,2.3430346523603807,8.946789770712435e-05,0.018862112046394937,icc,0.9980177131645911,table,0.55,0.01057360209292802,True,0.03447060900525488,0.16735415896626948,0.1,-0.054955788901817106,4.169077504285261,8.946789770712435e-05,1.0,-3.2600630042916006
operator,ptm,ptm,primary,miss0,False,951,951,False,,952.0,,100.0,0.0,8.281818692187377,-1.314414435198256,2.4208553869219482,3.963984457405769,0.009950248756218905,0.004975124378109453,25.62407311446661,-3.4012133471593966,9.203170053061864,3.1538357212001524,0.009950248756218905,0.004975124378109453,169.26559771550535,69.2795058761606,12.492493350828227,8.003693820874908,0.009950248756218905,0.004975124378109453,15.566469798390864,-2.3375544893867284,4.670918907509144,3.8330839482129337,0.04892794994353854,0.04892794994353854,0.09597567972558252,0.08757099404761748,0.046645672799711574,-7.358501643460328e-05,0.23281234452423388,0.057785319974437595,-0.009574333038913136,0.1179343838998179,-0.009574333038913136,0.1179343838998179,-7.380235875037618e-05,0.18884646876831873,200,-0.07863457451659435,-0.03869532566902158,-3.4066847804174505,0.2572968110796449,0.09342462260789024,5.803959294377969,0.04100946372239748,0.12828601472134596,0.21728887819123305,1877.0,0.16933253137524876,0.08758780758230914,0.9963179585995091,0.47081251475841746,0.0003546924183586856,0.16933253137524876,icc,0.9963179585995091,unselected,1.0,0.2038511652028396,True,-0.10787548547725709,0.028961179321394276,0.05,0.045975679725582516,5.003693820874908,0.0003546924183586856,0.47081251475841746,0.5291874852415825
operator,ptm|depthT1,ptm,depth,depthT1,False,317,951,False,,318.0,,100.0,0.0,3.824968554671667,0.011489187795902538,0.7507085706757753,5.079839921692827,0.009950248756218905,0.004975124378109453,13.858103712517385,0.8435404872870569,3.1151157569279966,4.177874673288152,0.009950248756218905,0.004975124378109453,50.59743080703747,22.328696510928545,4.070164547157074,6.9453541665420016,0.009950248756218905,0.004975124378109453,7.089596015914463,-0.11067607753525502,1.4821340123585998,4.858043897118006,0.07559610228548723,0.07559610228548723,0.1349009590217371,0.11886584282915677,0.07028298273381278,0.06034322678217962,0.2940211158873116,0.07216112907906279,0.028135206178232713,0.14148682931116685,0.028135206178232713,0.14148682931116685,0.056908967056597835,0.22719934384314877,200,-0.03670014401123012,-0.024518902796160393,-1.2002014633072475,0.23644223027816066,0.08469439676359436,6.482886738705759,0.03470031545741325,0.138801261829653,0.21080219395374683,579.0,0.18910431629664431,0.10192220942606338,0.9896415472882943,0.5784669939874398,0.0014119912493764143,0.18910431629664431,icc,0.9896415472882943,unselected,1.0,0.23320424574589677,True,-0.09830328672415967,0.06081687014141485,0.05,0.0849009590217371,3.9453541665420016,0.0014119912493764143,0.5784669939874398,0.42153300601256016
operator,ptm|depthT2,ptm,depth,depthT2,False,317,951,False,,317.0,,100.0,0.0,3.7677085067332694,-0.19988657266293772,0.9278187349757816,4.276261008568415,0.009950248756218905,0.004975124378109453,11.363321509437476,-0.8734688832266321,3.5864905461098737,3.4119120726351495,0.009950248756218905,0.004975124378109453,52.57087279637932,21.037784364982436,4.070985681591294,7.745811677497971,0.009950248756218905,0.004975124378109453,6.780785621500252,-0.3166572317913074,1.7702089032550765,4.009381514374216,0.07166912600684006,0.07166912600684006,0.12582323130282885,0.1117610898446493,0.06687616939557389,0.013863901169517615,0.32758698384186424,0.0794492404048314,0.0018173050373013228,0.1653016076490255,0.0018173050373013228,0.1653016076490255,0.013666043676202291,0.24674668921706366,200,-0.0760739643367339,-0.04055688068257864,-2.700796433739446,0.25292100317099514,0.1003247970514281,4.724807530385141,0.028391167192429023,0.138801261829653,0.2167817355626191,1877.0,0.13181431768567303,0.05895043254753841,0.9961239203681895,0.8287258155076198,0.0004895985871729767,0.13181431768567303,icc,0.9961239203681895,unselected,1.0,0.1518273341415801,True,-0.026004102838751236,0.17575964970028415,0.05,0.07582323130282885,4.745811677497971,0.0004895985871729767,0.8287258155076198,0.1712741844923802
operator,ptm|depthT3,ptm,depth,depthT3,False,317,951,False,,317.0,,100.0,0.0,0.6891416307824408,-1.126017050331221,1.0579868080628734,1.7156723196172325,0.08955223880597014,0.04477611940298507,0.40264789251174293,-3.371284951219822,4.030691089748664,0.936299200236377,0.3582089552238806,0.1791044776119403,66.09729411208856,25.91302500024962,4.978061975634796,8.072271761284108,0.009950248756218905,0.004975124378109453,1.6960881609761476,-1.9102211800601656,1.9989659672932538,1.8040874132137028,0.01042617008820038,0.01042617008820038,0.045170877092769776,0.04321865264598297,0.010318586747699018,-0.05948784863214187,0.17988045306401854,0.062259776191744706,-0.05222453662340883,0.08468416871057638,-0.05222453662340883,0.08468416871057638,-0.06325049034634275,0.1524564303476389,200,-0.12312961520181905,-0.05101019352832572,-4.260371815174622,0.282527199789779,0.09525467400864826,5.654795205856503,0.05993690851735016,0.10725552050473186,0.22428270505733328,4593.5,0.17952013644065026,0.10189078077332563,0.9986191232277939,0.2064492363294555,6.246166682245114e-05,0.17952013644065026,icc,0.9986191232277939,unselected,1.0,0.21879895462865873,True,-0.17362807753588894,-0.03891850156464019,0.05,-0.004829122907230227,5.072271761284108,6.246166682245114e-05,0.2064492363294555,0.7935507636705446
operator,ptm|miss5-20,ptm,miss,miss5-20,False,81,951,False,,81.0,,89.0,0.10999999999999999,0.4761660840576999,-0.09022547030082462,0.20027480887989435,2.8280718754708283,0.009950248756218905,0.004975124378109453,1.8492377204927557,-0.8133864064963647,0.9545727147301593,2.7893360934182967,0.009950248756218905,0.004975124378109453,7.722302061678761,3.4131824189292854,0.8756286321164071,4.92117261210871,0.009950248756218905,0.004975124378109453,0.7750461090631965,-0.14678596620970463,0.3801716147838898,2.42477880889903,0.06166115754790684,0.06166115754790684,0.13144020155289374,0.11617070117580496,0.05807988463129246,-0.41807543096067135,0.9177108297996976,0.6835363963908976,-0.10525728945193356,0.24857491933224768,-0.10525728945193356,0.24857491933224768,-0.32795565261626736,0.47981967420475485,200,-0.024070994528919185,-0.025283496500995976,0.09343001073183813,0.2537054389653085,0.05821294865757427,7.870959589810619,0.037037037037037035,0.12345679012345678,0.1985482705613429,738.75,0.31702889982163635,0.26432454650438447,0.9934863225742175,0.2831598605450516,0.000861772380999661,0.31702889982163635,icc,0.9934863225742175,unselected,1.0,0.4641907977348406,True,-0.3327505961819469,0.453520032064857,0.1,0.03144020155289373,1.9211726121087098,0.000861772380999661,0.2831598605450516,0.7168401394549484
operator,ptm|miss20+,ptm,miss,miss20+,False,87,951,False,,87.0,,57.0,0.43000000000000005,0.9375903573319323,-0.11132561689123102,0.4358019292847718,2.406863998846036,0.01990049751243781,0.009950248756218905,2.4506646271861627,-0.006942870634963105,1.3281213852734732,1.8504389170083881,0.04975124378109453,0.024875621890547265,6.02563139884922,0.3775544224795368,1.6154938411494053,3.4961922060632196,0.01990049751243781,0.009950248756218905,0.884055401142127,-0.15383138688503187,0.48925075413073976,2.121380047479314,0.15560035044808648,0.15560035044808648,0.18571205360897133,0.15662491837180578,0.13464892978593518,-0.8936999107239552,2.895222444408242,1.9401322713460631,-0.8168805141783433,1.4975195709443794,-0.8168805141783433,1.4975195709443794,-1.14547672186865,0.7476064381869019,200,0.011460721787003,0.0015894051552538691,0.6392320255452475,0.1622417906299884,0.04562251307618319,5.237241218461098,0.0,0.034482758620689655,0.15025910344143073,680.5,0.37758662273069526,0.2812119269686284,0.9942450206141185,0.3061275467081884,0.0010749553863183623,0.37758662273069526,icc,0.9942450206141185,unselected,1.0,0.6066492728470418,True,-0.4209372192380705,2.2885731715612003,0.1,0.08571205360897133,0.49619220606321957,0.0010749553863183623,0.3061275467081884,0.6938724532918116
operator,ptm|miss<=5,ptm,miss,miss<=5,False,957,951,False,,958.0,,100.0,0.0,8.330048147542389,-1.3487879132769225,2.43493828336599,3.9749820876115023,0.009950248756218905,0.004975124378109453,25.75755287118994,-3.6213024423251055,9.274644578572486,3.1676529558221533,0.009950248756218905,0.004975124378109453,170.15881544409785,69.86183575613246,12.556848510562263,7.987432483843381,0.009950248756218905,0.004975124378109453,15.667575502280295,-2.393928489512624,4.697869898243003,3.8446156200596135,0.04895454946487361,0.04895454946487361,0.0965017699529059,0.08800876806341187,0.04666984807859204,-7.170194813067497e-05,0.23318902538774522,0.05775751403990694,-0.009771865275517351,0.11787836184204141,-0.009771865275517351,0.11787836184204141,-7.180176307868928e-05,0.18909426761568332,200,-0.07818650601198429,-0.03875234606046828,-3.3710130834646517,0.25688334563554627,0.09297764650078559,5.821765247981149,0.04075235109717868,0.12852664576802508,0.21665275258310238,1870.0,0.16933253137524876,0.0886832678722437,0.9962749186339253,0.4733932712961586,0.0003608210327503878,0.16933253137524876,icc,0.9962749186339253,unselected,1.0,0.2038511652028396,True,-0.10734939524993371,0.029337860184905612,0.05,0.04650176995290589,4.987432483843381,0.0003608210327503878,0.4733932712961586,0.5266067287038414
operator,pinned_sig&ptm,pinned_sig&ptm,primary,miss0,True,329,329,False,329.0,952.0,0.34558823529411764,100.0,0.0,3.5469825992682806,-0.3623098917722995,0.8357664642019657,4.677493843658086,0.009950248756218905,0.004975124378109453,10.160040630115802,-0.7957406833689394,3.320748031458362,3.299190787647121,0.009950248756218905,0.004975124378109453,111.20643355517083,51.4171575993877,7.296886701123735,8.193806263508993,0.009950248756218905,0.004975124378109453,5.887186185683071,-0.6593139093739552,1.4973543792929103,4.372044577816277,0.031895480197272764,0.031895480197272764,0.06538450965573957,0.06137174800567303,0.030909603549358643,0.031559666248480674,0.15250418587030945,0.030681195659775014,0.011025803907638182,0.06551600866895423,0.011025803907638182,0.06551600866895423,0.030593984938156567,0.13232418558240452,200,-0.13840316142022344,-0.07273423823420483,-4.928185745507825,0.2694344869174068,0.10626929736124936,5.688681349161524,0.0243161094224924,0.13677811550151975,0.16737518066595752,2364.75,0.11797487730433363,0.04563262127454223,0.9973361204235796,0.4888395009958719,0.00017464168430219443,0.11797487730433363,icc,0.9973361204235796,table,0.55,0.07356500495028621,True,-0.008180495294546647,0.07893918092002324,0.05,0.015384509655739564,5.193806263508993,0.00017464168430219443,0.8887990927197672,0.1112009072802328
operator,pinned_sig&ptm|depthT1,pinned_sig&ptm,depth,depthT1,True,110,329,False,110.0,390.0,0.28205128205128205,100.0,0.0,2.0570709188792673,0.30137382732837203,0.27303137842985986,6.430385773413672,0.009950248756218905,0.004975124378109453,7.011931586406599,1.3807176124124283,1.2001569511358408,4.692064624268295,0.009950248756218905,0.004975124378109453,37.859809391779706,19.471193134404242,2.5394721742045454,7.241117443287381,0.009950248756218905,0.004975124378109453,3.3340332588368016,0.46416126406117286,0.5058553069758458,5.673306092077162,0.05433389528173134,0.05433389528173134,0.09547739030372693,0.0871559661101315,0.051533859932685395,0.060798677713878584,0.22380675634748526,0.042984893288768374,0.03667872327886473,0.08782393185993709,0.03667872327886473,0.08782393185993709,0.05731404236432334,0.18287752074781072,200,-0.08111168533781606,-0.05003917973546516,-2.8814474697337955,0.23552712028507877,0.08596479951026939,5.668373789957408,0.01818181818181818,0.15454545454545454,0.1413898815558481,736.0,0.05714378164155259,0.03525632090225859,0.9907228190099243,1.5753499081524838,0.000894055343544983,0.05714378164155259,icc,0.9907228190099243,table,0.55,0.03333390530909717,True,0.06214348499462976,0.1904728510383881,0.05,0.045477390303726925,4.241117443287381,0.000894055343544983,1.0,-1.864272560277243
operator,pinned_sig&ptm|depthT2,pinned_sig&ptm,depth,depthT2,True,109,329,False,109.0,335.0,0.3253731343283582,100.0,0.0,1.0710068095115497,-0.2355288653993012,0.36462525112357147,3.583228728358328,0.009950248756218905,0.004975124378109453,2.4285458759497187,-1.0524335121075221,1.4421762479757565,2.4136990142107497,0.01990049751243781,0.009950248756218905,34.99223613196244,15.216534550656613,2.3278846060975265,8.495138259648481,0.009950248756218905,0.004975124378109453,1.7752063804144411,-0.38107476234718396,0.6552815918109379,3.2906176057876446,0.030606983945598028,0.030606983945598028,0.06606772809243502,0.06197329339539534,0.02969801720964629,0.005936349755271518,0.15532700862825094,0.037959298292287315,-0.0044348996025593964,0.07630355289267546,-0.0044348996025593964,0.07630355289267546,0.00590131083299828,0.13444409990630454,200,-0.16615085988736572,-0.08658225470860145,-4.515197370742008,0.2636721606516286,0.10161481267553985,5.025393845860154,0.01834862385321101,0.14678899082568808,0.19280968554175923,2364.75,0.15354741278892098,0.08370886026684356,0.9971943070149153,0.36420802121802204,0.0001858873039541492,0.15354741278892098,icc,0.9971943070149153,table,0.55,0.09977059354518467,True,-0.03370286545274964,0.055556415083066274,0.05,0.01606772809243502,5.495138259648481,0.0001858873039541492,0.6621964022145854,0.3378035977854146
operator,pinned_sig&ptm|depthT3,pinned_sig&ptm,depth,depthT3,True,110,329,False,110.0,227.0,0.4845814977973568,100.0,0.0,0.41890487087746364,-0.42815485370137035,0.39961237958700446,2.119703412227274,0.03980099502487562,0.01990049751243781,0.719563167759483,-1.124024783673846,1.6712524534537123,1.1031175736636785,0.27860696517412936,0.13930348258706468,38.3543880314287,16.729429914326843,2.663054486917133,8.120358867360554,0.009950248756218905,0.004975124378109453,0.7779465464318285,-0.742400411087944,0.689560025764297,2.204807269439154,0.010921954237262261,0.010921954237262261,0.03917046775267261,0.03769397704053631,0.010803953946675186,-0.02057678921507424,0.14594472425187902,0.04230134514074663,-0.023018422000754116,0.05740481209125762,-0.023018422000754116,0.05740481209125762,-0.021010596177595757,0.12735626059342545,200,-0.1681991908397353,-0.08170717131740605,-4.506796188759015,0.30905179503127883,0.131185966400796,5.229999322246051,0.03636363636363636,0.10909090909090909,0.16815719767186352,6247.25,0.07456691801827643,0.01827883028172731,0.9989808237698485,0.48613577788124096,3.996233832275819e-05,0.07456691801827643,icc,0.9989808237698485,table,0.55,0.0443163376245739,True,-0.005145869871901285,0.10162838662730511,0.05,-0.01082953224732739,5.1203588673605545,3.996233832275819e-05,0.8838832325113471,0.11611676748865285
operator,pinned_sig&ptm|miss<=5,pinned_sig&ptm,miss,miss<=5,True,331,329,False,331.0,958.0,0.3455114822546973,100.0,0.0,3.5278745187794627,-0.38458000997214425,0.8343155937257615,4.689417959072243,0.009950248756218905,0.004975124378109453,10.008549826069475,-0.9916347073627082,3.3176946669890386,3.315610879712255,0.009950248756218905,0.004975124378109453,111.98555856635801,51.921388680256534,7.327840279190613,8.196708388509771,0.009950248756218905,0.004975124378109453,5.859663146895011,-0.6933453700095035,1.4952727892263,4.382483627148223,0.03150294166447355,0.03150294166447355,0.06513791060745064,0.06115443827391548,0.030540816115986223,0.031654517813206655,0.15203927078597967,0.03046305974221603,0.011317887918084182,0.06509629238615965,0.011317887918084182,0.06509629238615965,0.030683098563993656,0.13197403029266894,200,-0.13844513292018645,-0.07307416348447489,-4.933026384874286,0.26957494188284564,0.10571888956924429,5.735360327285839,0.02416918429003021,0.13595166163141995,0.1665232993227226,2360.25,0.11797487730433363,0.047361479992476516,0.9972969294015189,0.48699583257430973,0.00017654959703440555,0.11797487730433363,icc,0.9972969294015189,table,0.55,0.07356500495028621,True,-0.008427094342835575,0.07847426583569346,0.05,0.015137910607450636,5.196708388509771,0.00017654959703440555,0.8854469683169268,0.11455303168307318
operator,secretion,secretion,primary,miss0,False,1440,1440,False,,1442.0,,100.0,0.0,15.04747464855847,0.3647767078311938,3.6060447333958088,4.071690460395535,0.009950248756218905,0.004975124378109453,49.40176689655971,7.529064647068839,13.918589109950831,3.0084013486363195,0.009950248756218905,0.004975124378109453,258.66683263357015,110.63524452852414,20.411265168873435,7.252445494206294,0.009950248756218905,0.004975124378109453,27.0640728411905,0.622949527696339,6.823827108557005,3.874823159035973,0.05817318940876685,0.05817318940876685,0.09918624888566457,0.09023607144486917,0.05497511181630859,-0.01440854200522127,0.27095866028236254,0.07281447356328265,-0.0035674008017671415,0.13323866235029652,-0.0035674008017671415,0.13323866235029652,-0.014619334499784182,0.21318957227916016,200,-0.07687607054527808,-0.03831234943584502,-2.9517129417520365,0.2625218712168899,0.09552500624820837,7.220063746104802,0.04375,0.10972222222222222,0.2262893014446504,1712.625,0.16347156955299608,0.09216162479917182,0.9966492575195462,0.5075629807013754,0.00033346493273390786,0.16347156955299608,icc,0.9966492575195462,unselected,1.0,0.19541663331830106,True,-0.09623038443263648,0.07554202696406148,0.05,0.04918624888566457,4.252445494206294,0.00033346493273390786,0.5075629807013754,0.4924370192986246
operator,secretion|depthT1,secretion,depth,depthT1,False,480,1440,False,,482.0,,100.0,0.0,5.589899733701609,0.3922601512463405,1.0976450785647405,4.735264325378839,0.009950248756218905,0.004975124378109453,18.50961682677095,1.694997812771026,4.393905824997464,3.8268045979364227,0.009950248756218905,0.004975124378109453,68.14691197021591,29.807126534091257,6.213374325786285,6.170525615527415,0.009950248756218905,0.004975124378109453,10.197351312349845,0.5725663971210798,2.2000216748592494,4.3748591321694725,0.08202719055185823,0.08202719055185823,0.13556777961406974,0.1193832565944618,0.0758088070873917,0.010375248454387486,0.37961519236658947,0.09608781799517768,0.012197049933496313,0.16184665156609887,0.012197049933496313,0.16184665156609887,0.010268580610041475,0.27515430065172614,200,-0.04503352189940364,-0.028373113951832566,-1.8369517492277363,0.23075787560133676,0.07846096859817228,7.582910921578892,0.0375,0.11666666666666667,0.2422266467187081,421.0,0.21321672699246652,0.16357808353173112,0.9891578186710462,0.5002537224149887,0.0014859615131123962,0.21321672699246652,icc,0.9891578186710462,unselected,1.0,0.27099804267245137,True,-0.13543026305838163,0.1086171496941381,0.05,0.08556777961406974,3.1705256155274153,0.0014859615131123962,0.5002537224149887,0.49974627758501133
operator,secretion|depthT2,secretion,depth,depthT2,False,480,1440,False,,480.0,,100.0,0.0,4.165430756476224,-0.8426463903394279,1.3679761240456745,3.6609390023596933,0.009950248756218905,0.004975124378109453,13.331763661790466,-0.8254319990423323,5.227617610571609,2.7081544052118978,0.009950248756218905,0.004975124378109453,81.5424389644794,36.79215309567778,6.36537761597987,7.030264120774063,0.009950248756218905,0.004975124378109453,7.470364043473778,-1.4674463847543704,2.5547798936461734,3.4984659345632063,0.05108297972655345,0.05108297972655345,0.11191162357036724,0.1006479482704004,0.048600330051812884,-0.04696028825109694,0.3442223491188665,0.21241875854163897,-0.028676107087315633,0.14161498834560218,-0.028676107087315633,0.14161498834560218,-0.03547806428652177,0.25749035337116694,200,-0.08666702510459165,-0.04791122936713332,-2.709647708392921,0.2761519949098587,0.10003605318011337,6.615359547221115,0.03958333333333333,0.12291666666666666,0.22663583176773147,1712.625,0.16958887585866306,0.08861861087358504,0.9963644776455912,0.5479879305939958,0.00040834174474952605,0.16958887585866306,icc,0.9963644776455912,unselected,1.0,0.20422278908416794,True,-0.0923111655138007,0.13999956003469857,0.05,0.06191162357036724,4.030264120774063,0.00040834174474952605,0.5479879305939958,0.45201206940600425
operator,secretion|depthT3,secretion,depth,depthT3,False,480,1440,False,,480.0,,100.0,0.0,5.29214415838064,0.8151629469242812,1.6679288358744082,2.6841560114339713,0.009950248756218905,0.004975124378109453,17.56038640799828,6.659498833340146,7.162319046654376,1.5219773796240057,0.10945273631840796,0.05472636815920398,108.97748169887478,44.03596489875512,8.735023943615186,7.434612339853778,0.009950248756218905,0.004975124378109453,9.396357485366877,1.517829515329629,3.0514189350445924,2.58192275061114,0.04856181365067534,0.04856181365067534,0.06893866099918548,0.06449262573658378,0.04631278100964064,-0.029621977282675706,0.2412937949714569,0.06453980237227311,-0.0060381522920343765,0.12710026545205363,-0.0060381522920343765,0.12710026545205363,-0.030526234598594534,0.19438833158768712,200,-0.09892766463183893,-0.0386527049885692,-2.9482712741707764,0.2806557431394742,0.1080779969663395,6.326874216616578,0.05416666666666667,0.08958333333333333,0.21000542584751158,5434.25,0.09017022345639528,0.02428817999219929,0.9989701034752777,0.695600433578117,7.10728850994355e-05,0.09017022345639528,icc,0.9989701034752777,unselected,1.0,0.09910669641847422,True,-0.03016803541928874,0.14218709855298267,0.05,0.01893866099918548,4.434612339853778,7.10728850994355e-05,0.695600433578117,0.30439956642188304
operator,secretion|miss5-20,secretion,miss,miss5-20,False,83,1440,False,,83.0,,92.0,0.07999999999999996,0.13741745308549796,-0.42248817109626285,0.2013950221610075,2.7801363617326054,0.01990049751243781,0.009950248756218905,0.7830054575616285,-1.1463752395458073,0.7842821429137746,2.460059449956845,0.029850746268656716,0.014925373134328358,10.597140724020871,5.128908203095066,0.9333512879842231,5.858707853433891,0.009950248756218905,0.004975124378109453,0.2380316629350185,-0.7018719061144985,0.35301571561323747,2.662497808112519,0.012967408536343159,0.012967408536343159,0.10239243156524833,0.09288201608919332,0.012801407456020748,-0.17631659186307078,0.7617018262482131,0.37270951172401967,-0.1122616409148902,0.13374625278869404,-0.1122616409148902,0.13374625278869404,-0.1724949431638442,0.43332625266171676,200,-0.05424201164436374,-0.03749862811621842,-1.6122209317927287,0.26060868322425174,0.06490051447348076,8.19855182559213,0.03614457831325301,0.04819277108433735,0.1863463354871675,738.75,0.39877865126316453,0.2990517059497487,0.993890109046011,0.15437264660759714,0.0006294524773749223,0.39877865126316453,icc,0.993890109046011,unselected,1.0,0.6632809232423258,True,-0.5608884916770774,0.09842090300588735,0.1,0.002392431565248321,2.8587078534338914,0.0006294524773749223,0.15437264660759714,0.8456273533924028
operator,secretion|miss20+,secretion,miss,miss20+,False,78,1440,False,,78.0,,55.0,0.44999999999999996,1.9693533021938887,-0.1172106967546085,0.4801981609875477,4.345214472828031,0.009950248756218905,0.004975124378109453,3.740431146369552,-0.5813665308997323,1.0709299249373652,4.035555993565173,0.009950248756218905,0.004975124378109453,3.7105691760965835,1.1282352440148165,1.5558100322409716,1.6598002831760905,0.11940298507462686,0.05970149253731343,2.0575440066536084,-0.17020536588969457,0.49764508535514435,4.476582685335815,0.5307415678652282,0.5307415678652282,0.8080147857819452,0.44690717804748936,0.3467218627932083,-5.396771425293854,10.323286452355875,8.876225250658587,-11.206019921525822,5.851576579231453,-11.206019921525822,5.851576579231453,-3.377135886970142,0.9146272987008646,200,0.02008474545124109,-0.01705491160001199,2.3517167727974546,0.16796366709745852,0.03456540792354614,5.621616870293725,0.0,0.08974358974358974,0.19628080307240883,359.75,0.42343705416815647,0.32117023757481283,0.9919440384305407,1.100214023738027,0.006562200900076336,0.42343705416815647,icc,0.9919440384305407,unselected,1.0,0.7344160030215561,True,0.07359878276038911,9.588870449334319,0.1,0.7080147857819452,-1.3401997168239095,0.006562200900076336,1.0,-0.1002140237380269
operator,secretion|miss<=5,secretion,miss,miss<=5,False,1450,1440,False,,1452.0,,100.0,0.0,15.126461884254045,0.3325340466775835,3.623121868765533,4.083199067940002,0.009950248756218905,0.004975124378109453,49.594538994281564,7.334621099783382,14.000472112604243,3.0184637742646356,0.009950248756218905,0.004975124378109453,260.51676051158347,111.56896235356011,20.478100420896396,7.273516346566652,0.009950248756218905,0.004975124378109453,27.193568350625103,0.5602352454054373,6.857373669429289,3.8838970120518823,0.058063296405766074,0.058063296405766074,0.09932290386650175,0.09034916266837209,0.054876959254712546,-0.014764321946777549,0.27149873071473907,0.07211110351606063,-0.003868065428852329,0.13300601796963799,-0.003868065428852329,0.13300601796963799,-0.014985629310568334,0.21352417267533438,200,-0.07676350968652837,-0.03840474588851533,-2.9497895695325096,0.2619064802344917,0.09506048887304713,7.229634463554059,0.043448275862068966,0.1096551724137931,0.22602332894636643,1699.125,0.16527534904299795,0.09336085741311995,0.9966314915607122,0.5016312277787562,0.00033570085103868394,0.16527534904299795,icc,0.9966314915607122,unselected,1.0,0.19799984204792764,True,-0.0986769381814259,0.07349888866681142,0.05,0.04932290386650175,4.273516346566652,0.00033570085103868394,0.5016312277787562,0.49836877222124376
operator,pinned_sig&secretion,pinned_sig&secretion,primary,miss0,True,527,527,False,527.0,1442.0,0.3654646324549237,100.0,0.0,4.8408956650161965,0.41838918422094634,1.4668197283813453,3.01503067842941,0.009950248756218905,0.004975124378109453,16.36582319496972,5.488001484445345,5.996992417184424,1.8138795172316544,0.03980099502487562,0.01990049751243781,174.3305706900935,84.24640974167588,11.554189181102435,7.796666606061431,0.009950248756218905,0.004975124378109453,7.9698792692378175,0.7473392544564536,2.495148815144736,2.894632965754552,0.027768484012031545,0.027768484012031545,0.0490930529211188,0.04679570871661286,0.027018228758711845,-0.008115231691797772,0.1553693628938473,0.04184654409105376,-0.00137076617520246,0.0782387925230591,-0.00137076617520246,0.0782387925230591,-0.008181913796889801,0.13447532986721394,200,-0.13919501300567844,-0.06913070926449756,-4.402253999550521,0.2702970210334869,0.10583987749246462,6.612013626535938,0.04933586337760911,0.10436432637571158,0.16969945400999387,2451.75,0.13701251352241728,0.060889893730838765,0.9974123008991574,0.30921767110692006,0.0001273676380239862,0.13701251352241728,icc,0.9974123008991574,table,0.55,0.08732094453062154,True,-0.03822789160950275,0.06804841836322577,0.05,-0.0009069470788812053,4.796666606061431,0.0001273676380239862,0.5622139474671274,0.4377860525328726
operator,pinned_sig&secretion|depthT1,pinned_sig&secretion,depth,depthT1,True,176,527,False,176.0,637.0,0.27629513343799056,100.0,0.0,1.8954412586903104,0.32444580457741984,0.34991072232428716,4.489703669774764,0.009950248756218905,0.004975124378109453,6.661541045066277,1.6699027424221469,1.5047348179627604,3.3172876995045812,0.009950248756218905,0.004975124378109453,57.243527740388714,30.086109526494482,3.9073382931234146,6.950362670590615,0.009950248756218905,0.004975124378109453,3.0799091642327205,0.5293426369378199,0.6205399589912779,4.110237367213205,0.03311188764058236,0.03311188764058236,0.057847746856479185,0.054684378757132744,0.03205063075617413,0.009798141597377312,0.16887279927753596,0.042359666532113954,0.01033351922458146,0.07049855194203794,0.01033351922458146,0.07049855194203794,0.009702943331891185,0.14447491362455753,200,-0.1041490946812631,-0.05968550303396238,-4.744089530382982,0.2360062523125709,0.08899017428683866,6.342800912489505,0.03977272727272727,0.10795454545454546,0.14663111680032725,717.0,0.0981380096193045,0.05650954603019482,0.9913010094137099,0.5316052803740638,0.0005076328991536331,0.0981380096193045,icc,0.9913010094137099,table,0.55,0.059849406967282304,True,-0.002001660110803119,0.10902339231025365,0.05,0.007847746856479182,3.950362670590615,0.0005076328991536331,0.9665550552255705,0.0334449447744295
operator,pinned_sig&secretion|depthT2,pinned_sig&secretion,depth,depthT2,True,175,527,False,175.0,445.0,0.39325842696629215,100.0,0.0,1.3008838335752233,-0.2986047506442731,0.5913552137500017,2.7047847842188606,0.009950248756218905,0.004975124378109453,3.9512990105761983,-0.000895917735815015,2.374661948029802,1.6643189703658878,0.08955223880597014,0.04477611940298507,53.79305892359392,24.86271036763836,3.6026835080971775,8.030222052792988,0.009950248756218905,0.004975124378109453,2.3596428810043113,-0.4066827421471515,1.015529391758947,2.7240231997225117,0.024183116922630494,0.024183116922630494,0.055287567003413376,0.052390996285882084,0.023612102682666412,-0.02168817238627216,0.19766800538246343,0.060318621097920945,-0.016050268617388713,0.08419848819580983,-0.016050268617388713,0.08419848819580983,-0.022169911391085727,0.16504272282579308,200,-0.16824834310174236,-0.08793363716070804,-4.262738176581048,0.2758442379560893,0.10530826725415998,6.320036526433434,0.05714285714285714,0.12,0.2004976304122236,2451.75,0.19616770758352714,0.12067169811126449,0.99719599153621,0.2265507013052084,0.0001554627246155554,0.19616770758352714,icc,0.99719599153621,table,0.55,0.1342223249660639,True,-0.07893475796265052,0.06344568041639953,0.05,0.005287567003413374,5.030222052792988,0.0001554627246155554,0.4119103660094698,0.5880896339905302
operator,pinned_sig&secretion|depthT3,pinned_sig&secretion,depth,depthT3,True,176,527,False,176.0,360.0,0.4888888888888889,100.0,0.0,1.6445705727506632,0.3925481302877996,0.7322831251998034,1.7097518697037424,0.08955223880597014,0.04477611940298507,5.752983139327245,3.818994659759013,3.2164219008735526,0.6012856954627057,0.6368159203980099,0.31840796019900497,63.29398402611086,29.29758984754303,4.332623548636257,7.846606980029129,0.009950248756218905,0.004975124378109453,2.5303272240007857,0.6246793596657852,1.2219468289195796,1.5595178278091981,0.025983047173523212,0.025983047173523212,0.03682809523523437,0.03551996266736855,0.025325025832642956,-0.03192938015187034,0.18162540623720236,0.04836981085158022,-0.01047427544748452,0.0786129722947161,-0.01047427544748452,0.0786129722947161,-0.0329827815621308,0.15370810606757648,200,-0.14535267697321205,-0.05987982241641439,-3.5447384866156955,0.29907209110976984,0.12321817042367755,5.965704081687962,0.05113636363636364,0.08522727272727272,0.16214460445607976,6915.5,0.05738837114898342,0.005828106394127574,0.9990917799068262,0.6049063624239066,3.347842186138103e-05,0.05738837114898342,icc,0.9990917799068262,table,0.55,0.033485269188133084,True,0.0033428260471012883,0.14814013704906928,0.05,-0.013171904764765631,4.846606980029129,3.347842186138103e-05,1.0,-0.09982974986164828
operator,pinned_sig&secretion|miss5-20,pinned_sig&secretion,miss,miss5-20,True,19,527,False,19.0,83.0,0.2289156626506024,94.0,0.06000000000000005,-0.059149885915024306,-0.19703864072003355,0.08389099312199785,1.6436657819092155,0.10945273631840796,0.05472636815920398,-0.17539987419306163,-0.5519051032928765,0.35389380422899147,1.0638932487673403,0.3383084577114428,0.1691542288557214,6.220016640506388,3.464287709304124,0.4344651952580198,6.342807113848772,0.009950248756218905,0.004975124378109453,-0.0896682382682777,-0.30612405036105894,0.13036021469360876,1.6604438141002353,-0.009509602519360585,-0.009509602519360585,0.050037125656205744,0.047652720493035663,-0.009600903293508673,-0.050205138890324345,0.34572580562163946,0.12629475342606938,-0.05439066418902105,0.07216962928732834,-0.05439066418902105,0.07216962928732834,-0.052862974080869526,0.2568911517053736,200,-0.14891325573252914,-0.10284838456456163,-2.4355502313206525,0.23665282375334556,0.09170231601318388,4.674112978065242,0.05263157894736842,0.05263157894736842,0.1251490209049086,1145.25,0.21925221296813804,0.10624680869875941,0.9946886516589033,0.17818007214912354,0.00026718371010275784,0.21925221296813804,icc,0.9946886516589033,table,0.55,0.15445284525353994,False,-0.1044157195973342,0.19127296036809951,0.1,-0.04996287434379426,3.342807113848772,0.00026718371010275784,0.32396376754386097,0.6760362324561391
operator,pinned_sig&secretion|miss<=5,pinned_sig&secretion,miss,miss<=5,True,531,527,False,531.0,1452.0,0.365702479338843,100.0,0.0,4.869827023310131,0.4104645377367045,1.4678975507355674,3.0379248765275397,0.009950248756218905,0.004975124378109453,16.45292172841385,5.364431795374646,6.009678223035847,1.8451054318575055,0.03980099502487562,0.01990049751243781,175.79018015970107,85.0846610963622,11.618101230788023,7.807258454847064,0.009950248756218905,0.004975124378109453,8.010803772187721,0.7352561189632871,2.4979051450499608,2.912659701126848,0.027702497482430543,0.027702497482430543,0.04916307774458016,0.046859328914116594,0.026955755727259136,-0.006670440258415393,0.1539369504562424,0.041533277645868685,5.4124461544055306e-05,0.07822410182836578,5.4124461544055306e-05,0.07822410182836578,-0.006715311616897413,0.13340021396604246,200,-0.13884367444900142,-0.06927106100474484,-4.3949559576278645,0.269809976685744,0.10556885665413532,6.633662491727932,0.04896421845574388,0.10546139359698682,0.16888821806581794,2420.75,0.13410560598989582,0.06115689696919468,0.9973385867995075,0.31743664328635385,0.00013119242132819274,0.13410560598989582,icc,0.9973385867995075,table,0.55,0.08518138447906619,True,-0.03601830673448603,0.0687555659771762,0.05,-0.0008369222554198419,4.807258454847064,0.00013119242132819274,0.5771575332479161,0.4228424667520839
operator,splicing,splicing,primary,miss0,False,232,232,False,,232.0,,100.0,0.0,4.164199001192535,1.2119451989121197,1.3232355856216718,2.231087067457766,0.04975124378109453,0.024875621890547265,13.545237645514803,3.849637358319346,5.608144222663133,1.728842893878239,0.06965174129353234,0.03482587064676617,55.87243831158596,19.027822561827524,4.746644189655052,7.762245131004016,0.009950248756218905,0.004975124378109453,6.531104566635033,2.066542889691561,2.2252877410092564,2.006285117500632,0.07453046845691408,0.07453046845691408,0.08012714319865777,0.07418306604292113,0.06936096336471874,-0.038722210652684365,0.21411343182330475,0.06428902969808499,0.006517204390122005,0.1583703585988897,0.006517204390122005,0.1583703585988897,-0.04028251512617227,0.17635365032264005,200,-0.06907592232409004,-0.01875750469189287,-2.0672520838714976,0.31770982445402496,0.12451342327023011,4.501047787945789,0.008620689655172414,0.08189655172413793,0.1622365294032474,1931.25,-0.03817492544795113,-0.058932178673142106,0.9959969047672959,,0.0003220457648145912,0.001,icc,0.9959969047672959,unselected,1.0,0.001001001001001001,True,0.07912614219765676,0.21311243082230374,0.05,0.030127143198657766,4.762245131004016,0.0003220457648145912,1.0,-79.04701605545911
operator,splicing|depthT1,splicing,depth,depthT1,False,77,232,False,,77.0,,100.0,0.0,2.1547961777234246,0.7516633236264861,0.4273494497293699,3.283338389660987,0.009950248756218905,0.004975124378109453,7.8374052245392365,3.044663369045353,1.9081082281520934,2.5117767350835294,0.009950248756218905,0.004975124378109453,16.55833265233415,4.961839888362788,1.5361047046194574,7.549285363880314,0.009950248756218905,0.004975124378109453,3.3062096706178057,1.2542745919176896,0.7189809807635836,2.8539490384305957,0.13013364467102145,0.13013364467102145,0.1209963117862903,0.10793640488743854,0.11514889879143715,0.0017371015567209447,0.2917273143549576,0.07362596283365459,0.056222527822199414,0.24901056640676245,0.056222527822199414,0.24901056640676245,0.0017340717688868093,0.2258423699692201,200,-0.02046807261927258,0.009295993348901833,-1.198965087397587,0.31237118077555115,0.14203961031213672,4.468796468526269,0.0,0.1038961038961039,0.16024400700592267,870.25,-0.15069257960316124,-0.1558533234375772,0.9918728875156704,,0.0009914079197579275,0.001,icc,0.9918728875156704,unselected,1.0,0.001001001001001001,True,0.1199953107852893,0.2907263133539566,0.1,0.0209963117862903,4.549285363880314,0.0009914079197579275,1.0,-119.87531547450402
operator,splicing|depthT2,splicing,depth,depthT2,False,77,232,False,,77.0,,100.0,0.0,1.2843064894293128,0.3114504033597164,0.5278522126180556,1.8430463353452637,0.05970149253731343,0.029850746268656716,4.097381954581003,1.0009542301811798,2.059638899045074,1.503383785301124,0.08955223880597014,0.04477611940298507,17.09265266461866,5.380209052373348,1.6623543529892353,7.045696118390203,0.009950248756218905,0.004975124378109453,2.0525702147003395,0.5355897683714582,0.8821005390893422,1.719736446250189,0.07513792707481813,0.07513792707481813,0.08306175195178564,0.07669161227612374,0.06988677934490664,-0.1061183990991074,0.3022934864870153,0.10088254293610006,-0.04883321633879669,0.2036914390602409,-0.04883321633879669,0.2036914390602409,-0.11872834571927889,0.23212243953561038,200,-0.07651805983078812,-0.02478491875642354,-1.982475971628431,0.29587992913283157,0.11659035871594853,3.90791215556891,0.012987012987012988,0.1038961038961039,0.17517808627712414,1928.25,-0.019828566604794148,-0.05567868004405374,0.9959586448220451,,0.00033704415648737383,0.001,icc,0.9959586448220451,unselected,1.0,0.001001001001001001,True,0.08206075095078463,0.30129248548601434,0.1,-0.016938248048214366,4.045696118390203,0.00033704415648737383,1.0,-81.97869019983385
operator,splicing|depthT3,splicing,depth,depthT3,False,78,232,False,,78.0,,100.0,0.0,0.7250963340397975,0.1488314719259171,0.466685054971642,1.2348046203212937,0.22885572139303484,0.11442786069651742,1.6104504663945658,-0.19598024090718646,2.079097101555307,0.8688534585279439,0.42786069651741293,0.21393034825870647,22.221452994633147,8.68577362109139,1.861026461877178,7.273233159666416,0.009950248756218905,0.004975124378109453,1.1723246813168882,0.27667852940241333,0.800709056744334,1.118566281186019,0.03263046454320158,0.03263046454320158,0.042573767168296514,0.040835256467204095,0.03159936266032604,-0.0985791380357646,0.16160139367717163,0.0625259394045421,-0.04672302365874557,0.09670451902222885,-0.04672302365874557,0.09670451902222885,-0.10935990034115953,0.13911741902717395,200,-0.10971386898120787,-0.040501202976153505,-2.3781040234988673,0.34453004885113236,0.11503341773757465,4.143939181827902,0.01282051282051282,0.038461538461538464,0.15142786716357426,5334.5,0.09558869685080035,0.033534600204059205,0.9985581656393037,0.402811184932764,6.147295418513314e-05,0.09558869685080035,icc,0.9985581656393037,unselected,1.0,0.10569162118823187,True,-0.06311785401993536,0.05590977248893976,0.1,-0.05742623283170349,4.273233159666416,6.147295418513314e-05,0.402811184932764,0.597188815067236
operator,splicing|miss<=5,splicing,miss,miss<=5,False,232,232,False,,232.0,,100.0,0.0,4.164199001192535,1.2119451989121197,1.3232355856216718,2.231087067457766,0.04975124378109453,0.024875621890547265,13.545237645514803,3.849637358319346,5.608144222663133,1.728842893878239,0.06965174129353234,0.03482587064676617,55.87243831158596,19.027822561827524,4.746644189655052,7.762245131004016,0.009950248756218905,0.004975124378109453,6.531104566635033,2.066542889691561,2.2252877410092564,2.006285117500632,0.07453046845691408,0.07453046845691408,0.08012714319865777,0.07418306604292113,0.06936096336471874,-0.038722210652684365,0.21411343182330475,0.06428902969808499,0.006517204390122005,0.1583703585988897,0.006517204390122005,0.1583703585988897,-0.04028251512617227,0.17635365032264005,200,-0.06907592232409004,-0.01875750469189287,-2.0672520838714976,0.31770982445402496,0.12451342327023011,4.501047787945789,0.008620689655172414,0.08189655172413793,0.1622365294032474,1931.25,-0.03817492544795113,-0.058932178673142106,0.9959969047672959,,0.0003220457648145912,0.001,icc,0.9959969047672959,unselected,1.0,0.001001001001001001,True,0.07912614219765676,0.21311243082230374,0.05,0.030127143198657766,4.762245131004016,0.0003220457648145912,1.0,-79.04701605545911
operator,pinned_sig&splicing,pinned_sig&splicing,primary,miss0,True,113,113,False,113.0,232.0,0.4870689655172414,100.0,0.0,2.1677595562776957,0.8505614709510619,0.6502735307685085,2.0256061841698187,0.04975124378109453,0.024875621890547265,6.622734538895244,2.565820137059961,2.827868434350035,1.43461921797919,0.15920398009950248,0.07960199004975124,38.364784177670515,14.604520419948209,2.713169429790335,8.757382969466239,0.009950248756218905,0.004975124378109453,3.2210835386916843,1.439189253230551,1.0447591149044264,1.7055551466752594,0.05650389029268666,0.05650389029268666,0.05543701445227148,0.05252517553692298,0.053481951947222085,-0.012101857432485569,0.14663489493103202,0.04382262385040716,0.014824240421155219,0.11196016154538543,0.014824240421155219,0.11196016154538543,-0.01225248904402172,0.12788271303955934,200,-0.10282743900947651,-0.03243038187615541,-2.741774508170361,0.32493168846701087,0.12633721149263324,4.545654155451445,0.0,0.07964601769911504,0.13561817020871128,2147.0,-0.09656406892367604,-0.09126806929351743,0.9963974788233931,,0.00020043509018911022,0.001,icc,0.9963974788233931,table,0.55,0.0005505505505505506,True,0.054886463901720924,0.14608434438048146,0.05,0.005437014452271474,5.757382969466239,0.00020043509018911022,1.0,-99.69377715967127
operator,pinned_sig&splicing|depthT1,pinned_sig&splicing,depth,depthT1,True,38,113,False,38.0,78.0,0.48717948717948717,100.0,0.0,1.0055524994366887,0.4380046773597466,0.23492209013576965,2.4158980611356577,0.009950248756218905,0.004975124378109453,3.4503163795060368,1.5558304019299214,1.0670343223580137,1.7754686403990605,0.10945273631840796,0.05472636815920398,11.568081163072806,4.154194871784902,0.8444628556747747,8.779410771553449,0.009950248756218905,0.004975124378109453,1.4793770137179392,0.7160753318659192,0.3783777319923922,2.017300748204091,0.0869247444983854,0.0869247444983854,0.07655199982549914,0.07110850180753706,0.0799731029570967,-0.019780066855672986,0.18564654708380274,0.05207511895119796,0.028659722411739665,0.15422687744587524,0.028659722411739665,0.15422687744587524,-0.02017952759924884,0.15657725285008448,200,-0.06109204010998565,-0.012617183581193353,-1.8263964910353785,0.318147504056444,0.13281908349218585,4.333828555820427,0.0,0.07894736842105263,0.12845047453136244,889.5,-0.20882968729718274,-0.189459374792441,0.9919071002235059,,0.0006245823445949312,0.001,icc,0.9919071002235059,table,0.55,0.0005505505505505506,True,0.07600144927494859,0.18509599653325218,0.1,-0.02344800017450087,5.779410771553449,0.0006245823445949312,1.0,-138.04626877395208
operator,pinned_sig&splicing|depthT2,pinned_sig&splicing,depth,depthT2,True,37,113,False,37.0,89.0,0.4157303370786517,100.0,0.0,0.46595483400286564,0.06806657852831438,0.23925867267557352,1.663004525708767,0.08955223880597014,0.04477611940298507,1.5458830970567508,0.14413932605403068,0.9235062553806943,1.5178497848126469,0.11940298507462686,0.05970149253731343,13.000751126975914,4.635684730448469,1.0457989891343873,7.998732532196507,0.009950248756218905,0.004975124378109453,0.6811078574043481,0.11135646304034497,0.3834331621577334,1.485921017258345,0.035840608704218055,0.035840608704218055,0.04756546291607739,0.04540571887858044,0.03460050552473779,-0.051801821429813474,0.17934238064207925,0.05940570759949451,-0.02281188960545712,0.11314811630104618,-0.02281188960545712,0.11314811630104618,-0.05463234194163279,0.15206826064690648,200,-0.12597402434994934,-0.05197381573533245,-2.831787218787255,0.32440715808373444,0.12031818259493879,4.448568110774107,0.0,0.10810810810810811,0.13871920929769918,2147.0,0.014643028730283817,-0.03414802861170314,0.9963666175724922,3.2007695497514463,0.00017345374088968213,0.014643028730283817,icc,0.9963666175724922,table,0.55,0.00817334837675961,True,0.03939211453931778,0.17116903226531963,0.1,-0.052434537083922615,4.998732532196507,0.00017345374088968213,1.0,-4.819580999548083
operator,pinned_sig&splicing|depthT3,pinned_sig&splicing,depth,depthT3,True,38,113,False,38.0,65.0,0.5846153846153846,100.0,0.0,0.696252222838141,0.34449021506300104,0.263483204517645,1.3350452770570547,0.1791044776119403,0.08955223880597014,1.6265350623324561,0.865850409076009,1.2123495634711667,0.6274466343506367,0.5671641791044776,0.2835820895522388,13.795951887621786,5.814640817714837,1.0371535135808398,7.695399924309136,0.009950248756218905,0.004975124378109453,1.0605986675693968,0.6117574583242871,0.4368961802163428,1.027340657963299,0.050467863943686485,0.050467863943686485,0.04407321111708543,0.042212759266115236,0.04804322500092394,-0.04770237292467082,0.1829556814888825,0.060461680026432964,0.0009595825131122276,0.12374596280291474,0.0009595825131122276,0.12374596280291474,-0.05009314907337766,0.15465956426425376,200,-0.12202537323534901,-0.03321444720297141,-2.53418613517422,0.3322265998297153,0.12571597289346736,3.7121004241709192,0.0,0.05263157894736842,0.13976643308888764,7295.0,-0.06942216673986121,-0.048693645511097214,0.9989174902944904,,4.776138094564097e-05,0.001,icc,0.9989174902944904,table,0.65,0.0006506506506506508,True,0.04342256046643478,0.18230503083823185,0.1,-0.05592678888291457,4.695399924309136,4.776138094564097e-05,1.0,-66.73713523995129
operator,pinned_sig&splicing|miss<=5,pinned_sig&splicing,miss,miss<=5,True,113,113,False,113.0,232.0,0.4870689655172414,100.0,0.0,2.1677595562776957,0.8505614709510619,0.6502735307685085,2.0256061841698187,0.04975124378109453,0.024875621890547265,6.622734538895244,2.565820137059961,2.827868434350035,1.43461921797919,0.15920398009950248,0.07960199004975124,38.364784177670515,14.604520419948209,2.713169429790335,8.757382969466239,0.009950248756218905,0.004975124378109453,3.2210835386916843,1.439189253230551,1.0447591149044264,1.7055551466752594,0.05650389029268666,0.05650389029268666,0.05543701445227148,0.05252517553692298,0.053481951947222085,-0.012101857432485569,0.14663489493103202,0.04382262385040716,0.014824240421155219,0.11196016154538543,0.014824240421155219,0.11196016154538543,-0.01225248904402172,0.12788271303955934,200,-0.10282743900947651,-0.03243038187615541,-2.741774508170361,0.32493168846701087,0.12633721149263324,4.545654155451445,0.0,0.07964601769911504,0.13561817020871128,2147.0,-0.09656406892367604,-0.09126806929351743,0.9963974788233931,,0.00020043509018911022,0.001,icc,0.9963974788233931,table,0.55,0.0005505505505505506,True,0.054886463901720924,0.14608434438048146,0.05,0.005437014452271474,5.757382969466239,0.00020043509018911022,1.0,-99.69377715967127
operator,translation,translation,primary,miss0,False,1301,1301,False,,1302.0,,100.0,0.0,10.96439212655448,-1.490729692833416,3.1539560200001118,3.949047399648729,0.009950248756218905,0.004975124378109453,38.716729742759306,0.9102048983569985,13.323307174119075,2.837623147940522,0.009950248756218905,0.004975124378109453,227.81786543782303,86.63086711537309,17.772728811579288,7.944024793224988,0.009950248756218905,0.004975124378109453,19.74346400667008,-2.9963444531593937,5.90219922245521,3.8527687058265916,0.04812788542936694,0.04812788542936694,0.08821720106933831,0.08106580284032594,0.0459179515194859,0.0031480027927554897,0.22621742741473846,0.05242556622046807,-0.007112289719826466,0.10982107808105865,-0.007112289719826466,0.10982107808105865,0.0031377692041330714,0.18448381467726724,200,-0.06689635949219334,-0.02975114894435821,-3.223974483740237,0.27386482786000726,0.109823146659302,5.672709968220578,0.03689469638739431,0.11529592621060722,0.1868263019315887,1732.25,0.06554741245904254,0.01235766117223456,0.9959630027443305,1.2576360944281924,0.0003575761324853018,0.06554741245904254,icc,0.9959630027443305,unselected,1.0,0.07014525223963765,True,0.01807194882970066,0.1560721751751008,0.05,0.038217201069338305,4.944024793224988,0.0003575761324853018,1.0,-0.25763609442819235
operator,translation|depthT1,translation,depth,depthT1,False,434,1301,False,,435.0,,100.0,0.0,4.250265981615989,-0.19825729806394304,1.032380637798682,4.3089952647362715,0.009950248756218905,0.004975124378109453,14.98544728559551,0.6505998335599225,4.785430579614863,2.995518838597231,0.009950248756218905,0.004975124378109453,62.72082381509358,23.8383481885947,5.638451793272044,6.895948932807144,0.009950248756218905,0.004975124378109453,7.6475033053180885,-0.563016005910366,1.9156059406952755,4.286121240701738,0.06776483029218719,0.06776483029218719,0.11440946616702075,0.10266376017114141,0.06346419021278663,0.011328275597540585,0.331636347092044,0.09020999652080325,0.0004639051330959012,0.1542410537852303,0.0004639051330959012,0.1542410537852303,0.011194914422088828,0.24904392529216163,200,-0.03978830804880997,-0.019621848690871805,-1.8643303495995902,0.26415458832198413,0.10732845523974124,6.117756602467522,0.029953917050691243,0.10829493087557604,0.179720082617219,552.875,0.060744518050316665,0.021613084036222304,0.9888436714982863,1.7690438863190694,0.001290790066271047,0.060744518050316665,icc,0.9888436714982863,unselected,1.0,0.06467305138770624,True,0.04973641477931451,0.26696329570433774,0.05,0.06440946616702074,3.895948932807144,0.001290790066271047,1.0,-0.7690438863190694
operator,translation|depthT2,translation,depth,depthT2,False,433,1301,False,,433.0,,100.0,0.0,4.172265550970142,-0.9096596849413575,1.2125515849967203,4.191100237541848,0.009950248756218905,0.004975124378109453,13.535493420912072,-2.6965362715297014,4.718793005487812,3.4398689820817356,0.009950248756218905,0.004975124378109453,71.70740639049683,28.294089484926026,5.660115841737079,7.670040352433376,0.009950248756218905,0.004975124378109453,7.683442936815498,-1.5428712289228803,2.271400197282785,4.0619500591641975,0.05818458316912547,0.05818458316912547,0.11705913296063739,0.10479224376455841,0.05498528715554539,0.005663441221909424,0.3073822783851692,0.07817240624185814,-0.01217015607938563,0.1385636407407013,-0.01217015607938563,0.1385636407407013,0.005628783647692294,0.23511254772909962,200,-0.0708725389779103,-0.04000015298989253,-2.538599453973903,0.2626216250673817,0.11090203057741309,4.648728595645635,0.03464203233256351,0.14087759815242495,0.1942490282877134,1732.25,0.04404386508623947,0.012603406129023895,0.9958054752616061,2.5407260712086925,0.0004930756470578155,0.04404386508623947,icc,0.9958054752616061,unselected,1.0,0.046073102601316314,True,0.07098603035932108,0.2613091757838529,0.05,0.06705913296063738,4.670040352433376,0.0004930756470578155,1.0,-1.5407260712086925
operator,translation|depthT3,translation,depth,depthT3,False,434,1301,False,,434.0,,100.0,0.0,2.54186059396835,-0.38281270982811527,1.3408030059415244,2.1812848649923278,0.029850746268656716,0.014925373134328358,10.195789036251727,2.956141336326777,6.2436831507692645,1.1595155495731675,0.29850746268656714,0.14925373134328357,93.38963523223264,34.49842944185239,7.672562647718516,7.675558805361063,0.009950248756218905,0.004975124378109453,4.412517764536494,-0.890457218326147,2.4775657918512355,2.140397240026575,0.027217801928955905,0.027217801928955905,0.04966230975481579,0.047312654072923795,0.026496622116405195,-0.033007787442530925,0.15348121446833832,0.04972861121387887,-0.02272543646982537,0.08597674441028877,-0.02272543646982537,0.08597674441028877,-0.034134541890133624,0.13305267558855338,200,-0.09003739315374389,-0.02965506036900508,-3.5159800567361366,0.294792364193438,0.11124144006839706,5.612845040925379,0.04608294930875576,0.0967741935483871,0.1865268979459538,4851.0,0.08667534217795905,0.002857059584076811,0.9987711221812876,0.5233069858592785,6.110400023423966e-05,0.08667534217795905,icc,0.9987711221812876,unselected,1.0,0.09490091112250199,True,-0.0452386013676862,0.05858030334583633,0.05,-0.0003376902451842148,4.675558805361063,6.110400023423966e-05,0.5233069858592785,0.4766930141407215
operator,translation|miss5-20,translation,miss,miss5-20,False,86,1301,False,,86.0,,89.0,0.10999999999999999,0.39272607456642966,-0.10865742079765067,0.20923275590401147,2.396295423237159,0.009950248756218905,0.004975124378109453,1.6650976753863758,-0.8678795666150135,0.9542017665498282,2.6545509878482476,0.009950248756218905,0.004975124378109453,7.227708059828847,3.2143953095693996,0.8725150344492546,4.599706127462564,0.009950248756218905,0.004975124378109453,0.6464647359036098,-0.1589597693804197,0.3917658023762158,2.055882622727172,0.054336183934873744,0.054336183934873744,0.12493008309199617,0.11105586468859635,0.05153591877316248,-1.1599966888619984,1.141441266332258,2.455192069876421,-0.11566381646010876,0.2699642759108334,-0.11566381646010876,0.2699642759108334,-0.463718184976591,0.5386941074049016,200,-0.023689123864458938,-0.023537817461963605,-0.012501917613557656,0.2580621762886778,0.0627867469871874,7.947711182615239,0.03488372093023256,0.11627906976744186,0.19227468349110513,704.75,0.29532148232280986,0.2577508747603401,0.9935684637701676,0.2981007174761713,0.0008086934971277514,0.29532148232280986,icc,0.9935684637701676,unselected,1.0,0.4190868245796237,True,-0.29415674148762755,0.7223544417526342,0.1,0.024930083091996166,1.5997061274625644,0.0008086934971277514,0.2981007174761713,0.7018992825238287
operator,translation|miss20+,translation,miss,miss20+,False,84,1301,False,,84.0,,57.5,0.42500000000000004,1.0789080810750766,-0.015329499142390419,0.4115896799001821,2.658564180916391,0.009950248756218905,0.004975124378109453,2.8045710624129314,0.2577528091768788,1.255942398262447,2.027814537322323,0.04975124378109453,0.024875621890547265,5.552852017320396,0.5166791695768457,1.5931525609608537,3.161136586132191,0.01990049751243781,0.009950248756218905,1.121452850367855,-0.021366162915250196,0.45149121011127746,2.53120988335839,0.19429800716996565,0.19429800716996565,0.21727562045606488,0.17849336403752203,0.16268804436036732,-5.339794270470798,1.7837157289212486,2.0102851836338287,-1.8783410331733712,2.2660028272230046,-1.8783410331733712,2.2660028272230046,-0.7711570618839009,0.6692483582877485,200,0.017992104373295008,0.0031350882612589254,0.9665804610517387,0.1562606272074602,0.04091002079115538,5.190707365707086,0.0,0.03571428571428571,0.14610485817044644,725.25,0.3711771719023287,0.2659562754034927,0.9933080940367587,0.368093407877495,0.0014637835218758333,0.3711771719023287,icc,0.9933080940367587,unselected,1.0,0.5902730551707578,True,-0.37299743471469293,1.1934426737504908,0.1,0.11727562045606488,0.16113658613219117,0.0014637835218758333,0.368093407877495,0.631906592122505
operator,translation|miss<=5,translation,miss,miss<=5,False,1307,1301,False,,1308.0,,100.0,0.0,11.035666572145985,-1.5204474282431475,3.1655931921519054,3.966433220641893,0.009950248756218905,0.004975124378109453,38.899042363754845,0.6671517167709934,13.371515313789786,2.8592040430568133,0.009950248756218905,0.004975124378109453,228.62028171635063,87.13670200812685,17.822050823683014,7.938681193760926,0.009950248756218905,0.004975124378109453,19.88186705825698,-3.0456872654913685,5.924768952507753,3.869780325196292,0.048270724230136085,0.048270724230136085,0.08874608648072894,0.08151219791530315,0.046047956042640364,0.0037422515677066437,0.22663120736169334,0.052542759965018976,-0.0067662879441685655,0.11001548557671718,-0.0067662879441685655,0.11001548557671718,0.003727974373485049,0.18475879841459183,200,-0.06655836805411529,-0.029836524281191577,-3.196937489729296,0.2734178375007183,0.1093552547261545,5.689927447575094,0.036725325172149964,0.11553175210405509,0.18658251982884014,1716.75,0.06554741245904254,0.013365984269785023,0.99595042172266,1.2651759548535824,0.00036084549609375266,0.06554741245904254,icc,0.99595042172266,unselected,1.0,0.07014525223963765,True,0.018600834241091296,0.1564859551220557,0.05,0.03874608648072894,4.938681193760926,0.00036084549609375266,1.0,-0.26517595485358236
operator,pinned_sig&translation,pinned_sig&translation,primary,miss0,True,406,406,False,406.0,1302.0,0.3118279569892473,100.0,0.0,4.008031288068473,-0.4905842102989905,1.0765845379715815,4.178599394380503,0.009950248756218905,0.004975124378109453,13.49835013604412,1.1088547029785598,4.411723246298365,2.8083120226231113,0.009950248756218905,0.004975124378109453,138.13724217035505,61.46689166722516,8.824701601604406,8.68815218513344,0.009950248756218905,0.004975124378109453,6.506548867129986,-1.0247408905102815,1.9116245154619327,3.939732775304138,0.029014849472133276,0.029014849472133276,0.05867477413167451,0.0554228508748587,0.028196725719767203,0.026178761659322064,0.13329780885911569,0.0282178462258277,0.008451223303686086,0.06478058617123096,0.008451223303686086,0.06478058617123096,0.025510892604446854,0.11761928404906694,200,-0.13105866819106893,-0.06323502868976201,-5.290318397557793,0.27954509446770015,0.1160213415393025,5.490633203709566,0.034482758620689655,0.1206896551724138,0.15829581308055707,2418.5,0.0499378305665138,0.001197651485890159,0.997280216673517,1.1162816359895802,0.0001600178863477142,0.0499378305665138,icc,0.997280216673517,table,0.55,0.02890948371090306,True,0.029765290420771452,0.10438832514821263,0.05,0.008674774131674508,5.68815218513344,0.0001600178863477142,1.0,-1.029602974526509
operator,pinned_sig&translation|depthT1,pinned_sig&translation,depth,depthT1,True,135,406,False,135.0,610.0,0.22131147540983606,100.0,0.0,1.9301595322502179,-0.2785413223987294,0.3242604436902718,6.811502598074102,0.009950248756218905,0.004975124378109453,6.14587975093275,-0.9713502533409326,1.4267854114499612,4.988297432226227,0.009950248756218905,0.004975124378109453,45.37534992672464,22.226014229455796,2.8806713785560936,8.036090430027532,0.009950248756218905,0.004975124378109453,3.1996042543556578,-0.4867624322374528,0.5848493736054086,6.303104445282798,0.042537623078768044,0.042537623078768044,0.09541098213498757,0.08710062587562233,0.04080200286024033,0.06679165015241892,0.21203889605986884,0.036495618730443644,0.02336393294500968,0.0762071588518906,0.02336393294500968,0.0762071588518906,0.06260973709115579,0.1749413690585818,200,-0.10530649944069147,-0.07032177707483914,-3.2098705271327983,0.24429148141927354,0.09566472151642927,5.48927991097103,0.037037037037037035,0.14814814814814814,0.1485924525869939,781.75,0.014643028730283817,0.021972739890622105,0.9912450777419102,6.420384615374455,0.000842693446773719,0.014643028730283817,icc,0.9912450777419102,table,0.55,0.00817334837675961,True,0.08723763375822796,0.20386554768310922,0.05,0.045410982134987565,5.0360904300275315,0.000842693446773719,1.0,-10.673426573408099
operator,pinned_sig&translation|depthT2,pinned_sig&translation,depth,depthT2,True,135,406,False,135.0,388.0,0.3479381443298969,100.0,0.0,0.8623261592993783,-0.4896136899924457,0.4457784015029652,3.0327621184285465,0.009950248756218905,0.004975124378109453,2.5984524495847,-1.187737417865591,1.712798807682598,2.2105280844823647,0.01990049751243781,0.009950248756218905,43.8913154979048,18.33199746858706,2.7849429095590175,9.177681144409863,0.009950248756218905,0.004975124378109453,1.473556593659033,-0.8430477263491848,0.8236996601179453,2.812438115704095,0.01964685153582472,0.01964685153582472,0.05289420663497693,0.05023696236683215,0.019268290297010188,-0.006456551953917935,0.13495164779106408,0.033544851118207854,-0.015704762781590623,0.05948702244820633,-0.015704762781590623,0.05948702244820633,-0.006498780113047653,0.11890516615736177,200,-0.16037801086937123,-0.07668699353993105,-5.65196951165828,0.2774511652041205,0.11349412840647821,4.77323680363338,0.02962962962962963,0.1259259259259259,0.18266189718361386,2416.25,0.13132891620919268,0.03446251542339825,0.99707459663102,0.3498671056621733,0.00015519088623089803,0.13132891620919268,icc,0.99707459663102,table,0.55,0.08315103986176954,True,-0.03025683322679261,0.05180060792929454,0.05,0.0028942066349769285,6.177681144409863,0.00015519088623089803,0.6361220102948606,0.3638779897051394
operator,pinned_sig&translation|depthT3,pinned_sig&translation,depth,depthT3,True,136,406,False,136.0,304.0,0.4473684210526316,100.0,0.0,1.2155455965188777,0.2775708020921847,0.5040461932745155,1.860890543251955,0.08955223880597014,0.04477611940298507,4.75401793552667,3.267942374185084,2.31315419980175,0.6424455237220893,0.47761194029850745,0.23880597014925373,48.870576745725614,20.908879969182312,3.3937083219600694,8.239275189210648,0.009950248756218905,0.004975124378109453,1.833388019115295,0.3050692680763558,0.8441744934132955,1.810429908702177,0.024872749156274146,0.024872749156274146,0.033544988414778446,0.03245624408302611,0.024269109678982704,-0.025574883561587495,0.12814689595439646,0.0386064263458323,-0.005571199604471388,0.070261472171977,-0.005571199604471388,0.070261472171977,-0.02624616531639353,0.11359053405646019,200,-0.1275177234832024,-0.04284733540477502,-4.320619932746362,0.3166180224980004,0.13873691121591405,5.123756213344977,0.03676470588235294,0.08823529411764706,0.1437409036152509,6657.875,0.009379329285988527,-0.0524449482655981,0.9990338580712594,3.542935524417862,3.244056199376788e-05,0.009379329285988527,icc,0.9990338580712594,table,0.55,0.005207473718043349,True,0.028337514696735094,0.12293942223635311,0.05,-0.016455011585221557,5.239275189210648,3.244056199376788e-05,1.0,-5.441700953487022
operator,pinned_sig&translation|miss<=5,pinned_sig&translation,miss,miss<=5,True,408,406,False,408.0,1308.0,0.3119266055045872,100.0,0.0,3.9889232075796555,-0.5128543284988353,1.0753057876626193,4.186509165791766,0.009950248756218905,0.004975124378109453,13.346859331997795,0.912960678984791,4.40716156309286,2.8212940403952733,0.009950248756218905,0.004975124378109453,138.91636718154223,61.971122748094004,8.8533242356101,8.691113347453921,0.009950248756218905,0.004975124378109453,6.479025828341925,-1.05877235114583,1.90965854576499,3.9471968411338105,0.028714566098368734,0.028714566098368734,0.05850624777691343,0.05527246334141995,0.02791305484015375,0.026664421159193003,0.13289515022463477,0.02808939360103773,0.008565202374093079,0.0641305247781598,0.008565202374093079,0.0641305247781598,0.02597185159129001,0.11730568169704757,200,-0.13112872101691717,-0.06355736613321365,-5.294738472053538,0.27960948019921894,0.11552700558952361,5.526306418977991,0.03431372549019608,0.12009803921568628,0.15764921016526304,2407.75,0.0499378305665138,0.0028180489741586765,0.9972578880740364,1.1130754391565443,0.00016087180827648373,0.0499378305665138,icc,0.9972578880740364,table,0.55,0.02890948371090306,True,0.02959676406601037,0.10398566651373171,0.05,0.008506247776913424,5.691113347453921,0.00016087180827648373,1.0,-1.0237735257391711
none,all,all,primary,miss0,False,8543,8543,False,,8559.0,,100.0,0.0,79.3886933781323,5.395767712768779,22.311154141654654,3.316409594751516,0.009950248756218905,0.004975124378109453,228.91464970607566,21.410116712670323,87.02030415694912,2.3845530649852917,0.01990049751243781,0.009950248756218905,1215.790231883056,-72.9267664564191,92.02106467319221,14.004586916227096,0.009950248756218905,0.004975124378109453,156.97874119498093,11.386967614541723,46.757295303824534,3.113776633879215,0.06529801876691546,0.06529801876691546,0.05741596158093993,0.05429836853899715,0.06129554135705429,-0.019954071860460415,0.13063369476354647,0.03843375925922034,-0.015744042072153238,0.14543036927433167,-0.015744042072153238,0.14543036927433167,-0.020360745098446837,0.1155397229176487,200,-0.08038529304276665,0.012597718748428745,-7.6979723338352,0.2490888552854281,-0.02495496918900767,9.677404363812368,0.06941355495727496,0.1265363455460611,0.2607821093303968,1330.5,0.20216110613835522,0.13907775802526737,0.9956661012016254,0.22659495761953938,0.00024991808659836115,0.20216110613835522,icc,0.9956661012016254,unselected,1.0,0.2533858748849269,True,-0.195969913303987,-0.12275218012138045,0.05,0.007415961580939927,11.004586916227096,0.00024991808659836115,0.22659495761953938,0.7734050423804606
none,all|depthT1,all,depth,depthT1,False,2847,8543,False,,2863.0,,100.0,0.0,34.339719800528016,1.1522219407131093,6.586568266552945,5.038663005793676,0.009950248756218905,0.004975124378109453,105.78977537403404,5.288135205244665,26.089477580455945,3.8521905951875706,0.009950248756218905,0.004975124378109453,315.4115426494998,-21.45200586464603,26.899897070662796,12.522856412024394,0.009950248756218905,0.004975124378109453,66.94222445355175,2.411666890540918,14.263758581474946,4.5240921033828965,0.10887274293156715,0.10887274293156715,0.09851911257896541,0.08968356713218634,0.09818326189868849,0.027082663973672302,0.1903915119138063,0.04216101714839189,0.0330333602718903,0.21076985685495664,0.0330333602718903,0.21076985685495664,0.02636851090665449,0.15994024647052382,200,-0.048338210592536575,0.011334956937987792,-6.341013260181963,0.23059011019098663,-0.022017083753686918,10.71690540730453,0.0597119775201967,0.13663505444327362,0.2684254638220502,401.5,0.2059524929775728,0.1512180914265162,0.987803414456869,0.37983932413922306,0.0012164331147441765,0.2059524929775728,icc,0.987803414456869,unselected,1.0,0.25937049251608046,True,-0.16085137993711507,-0.06897898060227417,0.05,0.048519112578965407,9.522856412024394,0.0012164331147441765,0.37983932413922306,0.6201606758607769
none,all|depthT2,all,depth,depthT2,False,2848,8543,False,,2848.0,,100.0,0.0,24.108586681843185,1.8657076284175347,7.923053932914726,2.8073618129774562,0.009950248756218905,0.004975124378109453,69.61334368391246,7.5235116052265365,31.529713558647792,1.9692482129022157,0.05970149253731343,0.029850746268656716,397.0061932606953,-25.05949215296394,30.938422560861756,13.642120395226222,0.009950248756218905,0.004975124378109453,47.2208053557945,3.971958988832357,16.433087116378985,2.631815072887655,0.060725971259627705,0.060725971259627705,0.05270004130192624,0.050061783256652566,0.05724944321624813,-0.027699435910160924,0.1389576136521774,0.04407700647247273,-0.024640854836177766,0.1549503044323788,-0.024640854836177766,0.1549503044323788,-0.028500448351780682,0.12200407454032267,200,-0.08118487917014483,0.012834928440268279,-7.106329270573331,0.25475798964573976,-0.025328059084945672,9.18235836428312,0.07162921348314606,0.12570224719101122,0.2584372701732974,1330.25,0.17684346035241844,0.11404405627472473,0.9953201148950881,0.24530386111495797,0.00024778976595195507,0.17684346035241844,icc,0.9953201148950881,unselected,1.0,0.21483575946335862,True,-0.16213571816143238,-0.07587814581118121,0.05,0.0027000413019262343,10.642120395226222,0.00024778976595195507,0.24530386111495797,0.7546961388850421
none,all|depthT3,all,depth,depthT3,False,2848,8543,False,,2848.0,,100.0,0.0,20.94038689576111,2.37783814363814,9.646782437810112,1.9242217673913669,0.09950248756218906,0.04975124378109453,53.511530648129146,8.598469902199142,37.863033666736754,1.1861981567891853,0.22885572139303484,0.11442786069651742,503.3724959728611,-26.41526843880916,37.39199499236752,14.168480834462319,0.009950248756218905,0.004975124378109453,42.8157113856347,5.003341735168444,19.98349032860344,1.8921804463929597,0.04160018090636818,0.04160018090636818,0.03503770754829851,0.033851624238205376,0.03993872281221091,-0.04416180834350326,0.11557992003654598,0.03856180535956726,-0.041767829014343213,0.12831852224354343,-0.041767829014343213,0.12831852224354343,-0.046202543075342634,0.10360522367865806,200,-0.11162153687880318,0.013622827481563017,-7.412340051003468,0.261911970673668,-0.0275187331674932,8.3238208302049,0.07689606741573034,0.1172752808988764,0.2554862777579535,3721.375,0.2166387060986304,0.15197538913207567,0.9983405446839169,0.12669566032155338,5.824015699252094e-05,0.2166387060986304,icc,0.9983405446839169,unselected,1.0,0.2765501790619574,True,-0.24151247151365887,-0.1609702590254114,0.05,-0.01496229245170149,11.168480834462319,5.824015699252094e-05,0.12669566032155338,0.8733043396784466
none,all|miss0-5,all,miss,miss0-5,False,108,8543,False,,108.0,,95.0,0.050000000000000044,0.8587115343533375,-0.0016192394509799036,0.2920895201844854,2.9454352667665975,0.009950248756218905,0.004975124378109453,2.4109918003031656,0.024733298530531765,1.2379765167540762,1.9275474691792265,0.06965174129353234,0.03482587064676617,8.15816002396999,-0.8220794598732333,1.0275009256108698,8.739884568477922,0.009950248756218905,0.004975124378109453,1.6437942905193301,-0.01958839170778453,0.5863198474069424,2.8369885303790916,0.1052579909967817,0.1052579909967817,0.09580265374349754,0.08742692255417987,0.09523386562611895,-0.026903304821983283,0.3098569827639887,0.09116712297725649,-0.030453677938535446,0.3703630710078044,-0.030453677938535446,0.3703630710078044,-0.027647835061148783,0.2365574615145892,200,-0.02947167936154173,0.00832419713401449,-2.9707290646678386,0.23958042854948913,-0.021718421610091843,11.297396217931828,0.07407407407407407,0.07407407407407407,0.21594922766548774,526.875,0.30535605098730223,0.2624037155813962,0.991633231437459,0.21793815287795484,0.00080832167190199,0.30535605098730223,icc,0.991633231437459,unselected,1.0,0.4395864261414886,True,-0.343783772397991,-0.12972944337749986,0.05,0.04580265374349754,5.7398845684779225,0.00080832167190199,0.21793815287795484,0.7820618471220452
none,all|miss5-20,all,miss,miss5-20,False,861,8543,False,,861.0,,89.0,0.10999999999999999,5.381466473163137,0.07565948015611403,1.2366941152708646,4.290314741123296,0.009950248756218905,0.004975124378109453,20.28586491763562,0.320161186292176,4.794662669578201,4.164151913757028,0.009950248756218905,0.004975124378109453,67.57480903677192,-8.233454483828801,6.183087097085058,12.260584774285261,0.009950248756218905,0.004975124378109453,8.959352901418736,0.17141659214798502,2.2892261797698343,3.838823960223239,0.07963716878925585,0.07963716878925585,0.0699898236234521,0.06541167222173762,0.07376290025153899,0.0020065185858304437,0.15680525242638804,0.040067202936857615,0.0033250353283144807,0.1868579047103051,0.0033250353283144807,0.1868579047103051,0.0020024959664918934,0.13554817410380027,200,-0.019229210095122976,0.008564734571505098,-4.127222846734157,0.23421058068822803,-0.0192345068165853,13.706174133786321,0.056910569105691054,0.09291521486643438,0.18899194162731126,634.5,0.33879084887728395,0.2817127107024468,0.9927432097865365,0.13659729009402513,0.0005116141436232169,0.33879084887728395,icc,0.9927432097865365,unselected,1.0,0.5123807622777541,True,-0.442390938654302,-0.35557550985136605,0.05,0.0199898236234521,9.260584774285261,0.0005116141436232169,0.13659729009402513,0.8634027099059749
none,all|miss20+,all,miss,miss20+,False,979,8543,False,,984.0,,57.0,0.43000000000000005,8.096481540835605,-0.34845669270102436,2.039513163221737,4.1406637553623336,0.009950248756218905,0.004975124378109453,22.326300408648777,-0.9382759660662972,5.431814880227983,4.28302084804087,0.009950248756218905,0.004975124378109453,52.24290168851982,-15.838277884735705,8.235738067554658,8.26655474164079,0.009950248756218905,0.004975124378109453,9.662588505400457,-0.4193802184715535,2.4295217290448425,4.149775078503085,0.1549776386677001,0.1549776386677001,0.12404218444026595,0.11035367369422586,0.13418237157082213,0.007289736674948597,0.44398392494321975,0.12620266514609296,-0.006784663867157049,0.8099587555757414,-0.006784663867157049,0.8099587555757414,0.00723688852773389,0.3074257982678124,200,-0.001768739334893574,0.005555409829332425,-1.1727303880818571,0.16558227776708423,-0.016868544338899553,12.5100423773134,0.033707865168539325,0.05209397344228805,0.19461599213470046,441.25,0.3942773724222545,0.327474629639551,0.9917432803196276,0.19056421480148908,0.001032708328645545,0.3942773724222545,icc,0.9917432803196276,unselected,1.0,0.6509206598388937,True,-0.5268784753986278,-0.20693673489567393,0.05,0.07404218444026595,5.266554741640791,0.001032708328645545,0.19056421480148908,0.8094357851985109
none,all|miss<=5,all,miss,miss<=5,False,8651,8543,False,,8667.0,,100.0,0.0,80.24740491248565,5.394148473317798,22.443502494672927,3.335186050258182,0.009950248756218905,0.004975124378109453,231.32564150637882,21.43485001120086,87.55066069070276,2.397363878688203,0.01990049751243781,0.009950248756218905,1223.9483919070262,-73.74884591629235,92.51593650588036,14.026742708709826,0.009950248756218905,0.004975124378109453,158.62253548550026,11.367379222833938,47.020337860651246,3.131733266125596,0.0655643697422999,0.0655643697422999,0.05768160265542548,0.05453588538423048,0.061530182130767226,-0.01952902931309227,0.13033243434708294,0.03831521366632096,-0.015323059616957527,0.14533060341420334,-0.015323059616957527,0.14533060341420334,-0.01991831713016779,0.11530380225684515,200,-0.07974968209864779,0.012544367652098064,-7.700964428264186,0.24897015107926912,-0.02491456378633481,9.73385883433719,0.06947173737140215,0.12588140099410472,0.26022241088862,1321.5,0.20388152550962946,0.1406173723376084,0.9956455967329009,0.22523565780376772,0.0002522674331895617,0.20388152550962946,icc,0.9956455967329009,unselected,1.0,0.2560944533288751,True,-0.1984128506734496,-0.12576201898179215,0.05,0.00768160265542548,11.026742708709826,0.0002522674331895617,0.22523565780376772,0.7747643421962322
none,pinned_sig,pinned_sig,primary,miss0,True,2418,2418,False,2418.0,8559.0,0.28250963897651593,100.0,0.0,20.688133107665273,2.0157131175781133,6.650899678520097,2.807502878203388,0.009950248756218905,0.004975124378109453,54.323356555250605,8.197335957537156,27.12437686891551,1.700537520940206,0.08955223880597014,0.04477611940298507,726.9374060820862,-27.46283743035947,49.617582799024326,15.20429253009238,0.009950248756218905,0.004975124378109453,36.597828078141035,4.116882309155226,13.276729441422935,2.4464568561325337,0.028459304658933943,0.028459304658933943,0.024751344065252957,0.024153512175024646,0.02767178490195278,-0.0011456644213685464,0.06317269939145867,0.016092289489873995,0.0018527492784327102,0.06831959226320729,0.0018527492784327102,0.06831959226320729,-0.0011470485988958477,0.05941903377051341,200,-0.16496011002528882,0.013666785666649637,-10.911057768519736,0.25637899610222836,-0.026124908266356543,9.541032644057083,0.09263854425144748,0.1381306865177833,0.20967551190399034,1828.375,0.16505723280815593,0.10332999679516294,0.9966680516346523,0.1252047871757279,8.274590548289028e-05,0.16505723280815593,icc,0.9966680516346523,table,0.55,0.1087277854382886,True,-0.08397644137303564,-0.04555508604682992,0.05,-0.025248655934747045,12.20429253009238,8.274590548289028e-05,0.22764506759223246,0.7723549324077675
none,pinned_sig|depthT1,pinned_sig,depth,depthT1,True,806,2418,False,806.0,3889.0,0.20725122139367447,100.0,0.0,10.054721281040731,0.48610508373459427,1.9346647699810546,4.9458781416688735,0.009950248756218905,0.004975124378109453,29.36714713273446,2.185201499626922,8.10799883673337,3.3524851421980304,0.009950248756218905,0.004975124378109453,232.135933464095,-8.602832018826136,15.542280421624092,15.489282071373482,0.009950248756218905,0.004975124378109453,17.109402295185845,1.0010255575163405,3.892865020780059,4.137923265174419,0.043313937359878485,0.043313937359878485,0.0397468857087122,0.03822746310186823,0.04151572772955094,0.020132864673396467,0.07567056621129288,0.014314914422978053,0.023126075656895784,0.08028151607444034,0.023126075656895784,0.08028151607444034,0.019735460386398816,0.07034723446500249,200,-0.13385483344822763,0.011802862562696666,-11.228205629229205,0.23405432010037158,-0.02318447779634981,9.93997843895634,0.10297766749379653,0.1674937965260546,0.19728796693419098,608.5,0.1407855869575757,0.0788168972963586,0.9904920141765023,0.24257523665946404,0.00038154050758381416,0.1407855869575757,icc,0.9904920141765023,table,0.55,0.09011961583894354,True,-0.05037273013023134,-0.01444904962765066,0.05,-0.0102531142912878,12.489282071373482,0.00038154050758381416,0.44104588483538915,0.5589541151646109
none,pinned_sig|depthT2,pinned_sig,depth,depthT2,True,806,2418,False,806.0,2627.0,0.30681385610963074,100.0,0.0,4.087141538955256,0.7317597222159847,2.3341733064092596,1.4375032940038943,0.10945273631840796,0.05472636815920398,7.5675765010849085,3.079154332395546,9.911137954593935,0.4528664810491235,0.6965174129353234,0.3482587064676617,242.46653923230195,-9.568767942208968,17.159661900092566,14.687661600905514,0.009950248756218905,0.004975124378109453,7.477988818507397,1.4493879587485623,4.616305411180648,1.3059363111369582,0.01685651781848321,0.01685651781848321,0.01331314193378463,0.01313823080235407,0.016577085875051873,-0.014146243340202518,0.055709165940902534,0.017959978845588295,-0.010167617037796495,0.06146555462954926,-0.010167617037796495,0.06146555462954926,-0.01434935245384589,0.05276942498554421,200,-0.18145956536019994,0.014789602518508683,-10.479028420760944,0.2569627263673169,-0.026340760727213374,9.265578905229319,0.08312655086848635,0.1141439205955335,0.2126160599098282,1828.375,0.17355574575998267,0.11166400631672734,0.9964899219291257,0.06339501817631578,4.6894771866582506e-05,0.17355574575998267,icc,0.9964899219291257,table,0.55,0.11550163205595726,True,-0.10218849012217263,-0.059792466115054725,0.05,-0.03668685806621537,11.687661600905514,4.6894771866582506e-05,0.11526366941148321,0.8847363305885168
none,pinned_sig|depthT3,pinned_sig,depth,depthT3,True,806,2418,False,806.0,2043.0,0.3945178658835046,100.0,0.0,6.5462702876692855,0.7978483116275352,2.9632792278491507,1.9398853547170278,0.05970149253731343,0.029850746268656716,17.38863292143124,2.932980125514687,12.030274314363938,1.2016062492155106,0.23880597014925373,0.11940298507462686,252.33493338568917,-9.291237469324367,17.617473421431836,14.850379767665359,0.009950248756218905,0.004975124378109453,12.010436964447795,1.6664687928903275,5.927891869350787,1.744965731416137,0.025942782475002917,0.025942782475002917,0.021971892021564528,0.021499507171476005,0.0252867732179158,-0.011326813529551984,0.07146463215426746,0.021010591476462507,-0.008290147834273356,0.07866480294676395,-0.008290147834273356,0.07866480294676395,-0.011457135095155727,0.06669803244148931,200,-0.17956593126743886,0.01440789191874357,-9.312483156780997,0.27811994183899663,-0.02884948627550645,8.505747122615682,0.09181141439205956,0.1327543424317618,0.21912250886795187,4994.25,0.18567838123442998,0.11950908677240288,0.9987572270058509,0.09636117333311296,2.7340051512438764e-05,0.18567838123442998,icc,0.9987572270058509,table,0.55,0.1254088155411432,True,-0.10343692351957867,-0.05394418338687573,0.05,-0.028028107978435475,11.850379767665359,2.7340051512438764e-05,0.17520213333293266,0.8247978666670673
none,pinned_sig|miss5-20,pinned_sig,miss,miss5-20,True,93,2418,False,93.0,861.0,0.10801393728222997,93.0,0.06999999999999995,-0.4379442038732047,-0.020694522638744252,0.27675567984292826,-1.5076463163150584,0.14925373134328357,0.9303482587064676,-1.847594285891965,-0.06987847876080922,1.2698668424236343,-1.399923005894267,0.208955223880597,0.900497512437811,29.361985632788983,-0.8773725510184811,2.232388102951872,13.54574419377265,0.009950248756218905,0.004975124378109453,-0.7057795906159458,-0.02845457304513364,0.47787633975325927,-1.4173646218193887,-0.01491534698471297,-0.01491534698471297,-0.01379823204904821,-0.013991287074770745,-0.015141182982658352,-0.043821090368873626,0.03728612577380896,0.021144201884328206,-0.045836970042386446,0.037699309392634175,-0.045836970042386446,0.037699309392634175,-0.04582985948050834,0.03594543630842771,200,-0.15867551386564788,0.005694462546576816,-8.586250993018025,0.2525549386724407,-0.01836094681783805,11.521341919090345,0.15053763440860216,0.08602150537634409,0.1383758633226487,947.25,0.24525853329482347,0.18845464206849705,0.9936125526579039,-0.04246171480654787,-8.870206036704767e-05,0.24525853329482347,icc,0.9936125526579039,table,0.45,0.14623065625965243,True,-0.16002888830870063,-0.10894453048584346,0.1,-0.0862017679509518,10.54574419377265,0.0,0.0,1.0
none,pinned_sig|miss20+,pinned_sig,miss,miss20+,True,35,2418,False,35.0,984.0,0.03556910569105691,68.0,0.31999999999999995,0.5513218118031955,-0.0269149376634921,0.26805165042305396,2.157184067153037,0.04975124378109453,0.024875621890547265,1.2628084543507319,-0.10584338075496244,0.7503409465905746,1.8240399132216125,0.07960199004975124,0.03980099502487562,10.648169464343475,-0.3641681154138854,0.9270638776924234,11.878725775799216,0.009950248756218905,0.004975124378109453,0.6687630629262743,-0.029941346678916264,0.3203957839700986,2.1807540690685183,0.051776205633217526,0.051776205633217526,0.05250808425357299,0.049888532961541235,0.049227397763810285,-0.04787067549339888,0.17652765900783934,0.0550415475537264,-0.052957685065200565,0.18160264031068654,-0.052957685065200565,0.18160264031068654,-0.050277517967502926,0.1500412294783657,200,-0.14448197457021877,0.0030225052487441568,-6.658194847415148,0.2075145936601865,-0.020029489676713447,8.238869599319782,0.02857142857142857,0.11428571428571428,0.21078878074564597,496.5,0.33436756956337793,0.29884227583725936,0.9889054735413436,0.10452892840330286,0.0005890879822501753,0.33436756956337793,icc,0.9889054735413436,table,0.35,0.17581572651202892,True,-0.12330764225845593,0.000711932495810419,0.1,-0.04749191574642701,8.878725775799216,0.0005890879822501753,0.29865408115229386,0.7013459188477061
none,pinned_sig|miss<=5,pinned_sig,miss,miss<=5,True,2432,2418,False,2432.0,8667.0,0.28060459213107186,100.0,0.0,20.707587751416455,2.0250063867033243,6.669861045191197,2.8010450649766994,0.009950248756218905,0.004975124378109453,54.06627614816716,8.24780042140228,27.228603962377367,1.6827331944771657,0.08955223880597014,0.04477611940298507,731.1796709545578,-27.598940301975546,49.87464774861006,15.213713690392519,0.009950248756218905,0.004975124378109453,36.62219968200586,4.1322661958440685,13.308233923361458,2.4413407273468883,0.02832079251380529,0.02832079251380529,0.02462191354310169,0.024030242978075784,0.027540814811857536,-0.0007917541382251909,0.06290864372155683,0.016054198182571734,0.0022172021730992256,0.06810119877354222,0.0022172021730992256,0.06810119877354222,-0.0007924093194267146,0.059185367981143905,200,-0.16493283231365527,0.013653192190303276,-10.932642480664947,0.2562082510350108,-0.026113284184148995,9.561316675188355,0.09292763157894737,0.1377467105263158,0.2091742957110796,1817.0,0.16437540023125322,0.10296233102986432,0.9966414471606251,0.12516883074382992,8.297266572308269e-05,0.16437540023125322,icc,0.9966414471606251,table,0.55,0.1081902928087668,True,-0.0835683792656651,-0.04528164908720997,0.05,-0.025378086456898312,12.213713690392519,8.297266572308269e-05,0.22757969226150895,0.772420307738491
none,ecm,ecm,primary,miss0,False,199,199,False,,199.0,,100.0,0.0,4.424282519823822,0.10918909583182604,1.1425946607439423,3.7765741187539272,0.009950248756218905,0.004975124378109453,11.801940879255802,0.5093502535178771,3.999935571616919,2.823193129876602,0.009950248756218905,0.004975124378109453,23.9392726184733,-1.4783409658556799,2.733262700847999,9.299367227468887,0.009950248756218905,0.004975124378109453,9.144067455279282,0.21753800615871743,2.564142534810731,3.4812922167680767,0.1848127380616285,0.1848127380616285,0.16976784266845696,0.14512951756408782,0.1559847663049141,0.025221528338599832,0.4065877617293213,0.09978635570279168,0.031554033150364,0.4668188253101426,0.031554033150364,0.4668188253101426,0.02459882007878429,0.28903597891075944,200,-0.07056185632580432,0.015922343609521352,-4.079807784905959,0.2650864146893811,-0.023760304764295664,8.572778280243348,0.05025125628140704,0.23115577889447236,0.36457008521145967,1768.0,0.4225328951670772,0.33168295628434585,0.9980423280720975,0.23201825401243614,0.0003330016478305141,0.4225328951670772,icc,0.9980423280720975,unselected,1.0,0.731700371555065,True,-0.5619325288866079,-0.32511260982574364,0.05,0.11976784266845696,6.2993672274688866,0.0003330016478305141,0.23201825401243614,0.7679817459875639
none,ecm|depthT1,ecm,depth,depthT1,False,66,199,False,,66.0,,100.0,0.0,1.4493825493291836,0.013679099477000651,0.3885088812675734,3.6954198966262166,0.009950248756218905,0.004975124378109453,4.367135349102146,0.09703473019948695,1.404105783888613,3.0411530725817473,0.01990049751243781,0.009950248756218905,5.480254912642822,-0.4543550515059694,1.0047908221600703,5.906313864800973,0.009950248756218905,0.004975124378109453,3.0261786537725013,0.020967696814588262,0.8951525154046309,3.3572055099454015,0.2644735641740846,0.2644735641740846,0.24192043934231955,0.19479544073727678,0.20915705291698258,-0.008581040615940644,0.6351651408822195,0.15713068692424909,-0.00639202471198002,0.803489564873616,-0.00639202471198002,0.803489564873616,-0.008656401861147925,0.38843227902831207,200,-0.030133173238230934,0.014735107352660282,-2.382366043720505,0.26841164818045543,-0.019886466363560243,7.721621975101199,0.045454545454545456,0.19696969696969696,0.3502633199148868,277.625,0.48522779212632017,0.4266753758403448,0.9918164811869128,0.25665042421477036,0.001996095552131785,0.48522779212632017,icc,0.9918164811869128,unselected,1.0,0.942606816577383,True,-0.7006863772350634,-0.30744167569516345,0.1,0.14192043934231954,2.906313864800973,0.001996095552131785,0.25665042421477036,0.7433495757852296
none,ecm|depthT2,ecm,depth,depthT2,False,66,199,False,,66.0,,100.0,0.0,1.4521583700278127,0.03989533042394424,0.4547000114131523,3.1059225954596457,0.009950248756218905,0.004975124378109453,3.8977228431778252,0.12449509248439293,1.5749317774902816,2.3958039355242584,0.01990049751243781,0.009950248756218905,7.90802517831969,-0.4298727991147544,0.9042806201198417,9.220476245890847,0.009950248756218905,0.004975124378109453,3.2301850258281766,0.08575037057332136,1.050553818744784,2.9931209607251423,0.1836309745205401,0.1836309745205401,0.16937878628714273,0.14484509918717775,0.15514208268749008,-0.01721587174688911,0.45906579746431214,0.12283599916089949,-0.01323740032857248,0.5023143678370804,-0.01323740032857248,0.5023143678370804,-0.017517844378017577,0.3146289375477116,200,-0.08806917490710785,0.015878634945741557,-4.255004142988331,0.2932060441770525,-0.023149083224331398,8.365649250160125,0.06060606060606061,0.25757575757575757,0.42125710190689863,1765.375,0.4232357268172775,0.2920223588388667,0.9980634247905009,0.23082085555516374,0.0003286512163368531,0.4232357268172775,icc,0.9980634247905009,unselected,1.0,0.7338105817161005,True,-0.5644317954289577,-0.27474478425178833,0.1,0.06937878628714272,6.220476245890847,0.0003286512163368531,0.23082085555516374,0.7691791444448363
none,ecm|depthT3,ecm,depth,depthT3,False,67,199,False,,67.0,,100.0,0.0,1.5227416004668255,0.05561466593088113,0.4501966577955217,3.2588578993900708,0.009950248756218905,0.004975124378109453,3.537082686975833,0.28782043083399744,1.6737139635870497,1.941348597688772,0.07960199004975124,0.03980099502487562,10.550992527510788,-0.594113115234956,1.2327475746188596,9.040866007131738,0.009950248756218905,0.004975124378109453,2.887703775678605,0.1108199387708078,0.9542259913389757,2.910090337207496,0.1443221191273153,0.1443221191273153,0.13163867455046377,0.11632571200587183,0.12612018654098764,0.004769161956942473,0.39004988323619355,0.10176201221169544,0.009784319677648402,0.4198826494282117,0.009784319677648402,0.4198826494282117,0.0047453642183210515,0.28060063619290054,200,-0.09314111091407015,0.01713491621791385,-3.536975946427303,0.2341108780237508,-0.028178423511850577,6.968142458887235,0.04477611940298507,0.23880597014925373,0.3228223748782482,6514.75,0.3735340462726165,0.27717698226502796,0.9994611172921234,0.2207754517227538,7.097605317076863e-05,0.3735340462726165,icc,0.9994611172921234,unselected,1.0,0.5962559402472583,True,-0.4646172656967945,-0.2062060570110647,0.1,0.03163867455046376,6.040866007131738,7.097605317076863e-05,0.2207754517227538,0.7792245482772462
none,ecm|miss5-20,ecm,miss,miss5-20,False,15,199,False,,15.0,,92.0,0.07999999999999996,0.1708898480333124,0.006648602508664776,0.10729964915261271,1.5306783090319955,0.14925373134328357,0.07462686567164178,1.005130138925801,0.018775565677008475,0.3943663234359932,2.5011125814572264,0.01990049751243781,0.009950248756218905,0.7771094662851659,-0.10609446925404084,0.2786349543342506,3.1697528317991104,0.009950248756218905,0.004975124378109453,0.2888643473019828,0.00933440065108085,0.19770706730798607,1.4138591526192283,0.21990447349743536,0.21990447349743536,0.18596072652730689,0.15680175773765398,0.1802636831611698,-1.2740524990099227,2.155606878668515,3.296413907286133,-1.9418381109714924,2.652410941973922,-1.9418381109714924,2.652410941973922,-1.6240541674539806,0.7102438915219287,200,0.01806781803774524,0.00974106189137287,0.3061407693240108,0.19683971998435632,-0.015479579767203348,5.511312052555423,0.0,0.13333333333333333,0.24979515159627114,587.5,0.3529326244392798,0.33555247680923633,0.9926155268972809,0.34094076585456395,0.0013834379434859451,0.3529326244392798,icc,0.9926155268972809,unselected,1.0,0.5454341197984892,False,-0.35947339327118233,1.6101727588700259,0.1,0.08596072652730688,0.16975283179911038,0.0013834379434859451,0.34094076585456395,0.659059234145436
none,ecm|miss20+,ecm,miss,miss20+,False,17,199,False,,17.0,,46.0,0.54,0.14958136751388043,0.03456891079736028,0.22159215545518518,0.5190276545677641,0.6766169154228856,0.3383084577114428,0.03623920416822948,0.07772837381389015,0.5570314613711047,-0.07448263253127065,0.9751243781094527,0.5174129353233831,1.3904410295328706,-0.2778025214885122,0.7583993513222714,2.199690108005493,0.029850746268656716,0.014925373134328358,0.11177087854041798,0.04051181113066936,0.23226344119927528,0.3068027712058671,0.10757836135210527,0.10757836135210527,0.0689422456607752,0.06449576292885496,0.09712934552168044,-2.5698292901608197,2.4619327549164467,4.013118294470152,-2.7530180721856947,6.453282389691941,-2.7530180721856947,6.453282389691941,-1.7832768460799417,0.7304690389828151,200,-0.023150742584467254,0.007593873508011349,-0.8621104718221235,0.08718375425753806,-0.016994577307002223,2.1877423156425335,0.0,0.058823529411764705,0.15940979211783907,259.5,0.5004522543534026,0.4545529340457924,0.9936576077209257,0.0688176406441639,0.00044004973462020774,0.5004522543534026,icc,0.9936576077209257,unselected,1.0,1.0018106551669739,False,-0.9328684095061986,1.4601220997494728,0.1,-0.031057754339224808,-0.8003098919945071,0.00044004973462020774,0.0688176406441639,0.9311823593558362
none,ecm|miss<=5,ecm,miss,miss<=5,False,200,199,False,,200.0,,100.0,0.0,4.447557287855656,0.11129230942593801,1.145708675557619,3.7847884640650458,0.009950248756218905,0.004975124378109453,11.889478873921053,0.5172674849620159,4.01097469094462,2.8352737838594493,0.009950248756218905,0.004975124378109453,23.9848092327942,-1.4766121721208345,2.7350873209553908,9.309180445478841,0.009950248756218905,0.004975124378109453,9.219370243907296,0.2243486443077509,2.572393776251513,3.496751423768048,0.18543225608709676,0.18543225608709676,0.17030726248427955,0.1455235457761395,0.15642585658937275,0.027010846249088855,0.4036042883528329,0.09988548895798963,0.0335187953648344,0.4631598711260325,0.0335187953648344,0.4631598711260325,0.02629728996597614,0.287518420161262,200,-0.07122860599688897,0.01584694973010868,-4.118335809355288,0.26515439041621947,-0.02383459484828062,8.62311271271689,0.05,0.23,0.3664472110331336,1765.375,0.424192149583562,0.33462689665685247,0.998051830303299,0.2311788627339114,0.0003324350878642694,0.424192149583562,icc,0.998051830303299,unselected,1.0,0.7366904589383005,True,-0.566383196454021,-0.33308617058546763,0.05,0.12030726248427955,6.309180445478841,0.0003324350878642694,0.2311788627339114,0.7688211372660886
none,pinned_sig&ecm,pinned_sig&ecm,primary,miss0,True,49,49,False,49.0,199.0,0.24623115577889448,100.0,0.0,0.30048423131424196,0.06628878346821716,0.3391941658287841,0.690446568483257,0.4577114427860697,0.22885572139303484,0.08701348195926162,0.29134227253026984,1.3398660503242457,-0.15249941628236716,0.9552238805970149,0.527363184079602,13.921471271792251,-0.5273125527594398,1.3259606821141006,10.896841829061382,0.009950248756218905,0.004975124378109453,0.8421400428071683,0.13428261300700212,0.7013083545804706,1.0093383676052359,0.021584229529179468,0.021584229529179468,0.016208661620923052,0.015950131339236093,0.021128193745832444,-0.060103456328105966,0.10597701553176848,0.04161201922052898,-0.05714894991252152,0.11383834454485632,-0.05714894991252152,0.11383834454485632,-0.06394812450776302,0.09581919994052689,200,-0.2260559462887928,0.018129489948676723,-6.709909150333397,0.28880263282182916,-0.02439623004390062,9.142221827262073,0.08163265306122448,0.16326530612244897,0.26651066315662875,2928.0,0.3655974684633593,0.2504893346783445,0.9984343085218479,0.02812605899147503,2.5417559428322725e-05,0.3655974684633593,icc,0.9984343085218479,table,0.55,0.3169574484007778,True,-0.3007487867798547,-0.2109804328690093,0.1,-0.08379133837907696,7.8968418290613815,2.5417559428322725e-05,0.05113828907540914,0.9488617109245908
none,pinned_sig&ecm|depthT1,pinned_sig&ecm,depth,depthT1,True,16,49,False,16.0,105.0,0.1523809523809524,100.0,0.0,0.18263737930060697,0.021925044023906156,0.14627493931668892,1.0987004064226926,0.2885572139303483,0.14427860696517414,0.40792621546517444,0.07191487780513425,0.5547641160481565,0.6056832587760104,0.527363184079602,0.263681592039801,3.8913657742522156,-0.11323570069561238,0.39255109688225653,10.201478245133996,0.009950248756218905,0.004975124378109453,0.5318651161871368,0.04992685592113852,0.3151832255320915,1.5290733174406455,0.046934004638950574,0.046934004638950574,0.040131917316140575,0.0385834879672698,0.044829955308535806,-0.08599615426140424,0.18684471074401565,0.06802622033916947,-0.08179766308704647,0.20041197316830392,-0.08179766308704647,0.20041197316830392,-0.0940875269101027,0.15742965861788794,200,-0.21378139370254065,0.01525467043033921,-5.921683220521987,0.32916303139888564,-0.02129476582190537,8.261121044658081,0.0625,0.1875,0.3194345214153331,846.5,0.4936797490117759,0.4311950548843979,0.9966090813940522,0.04115948140230938,0.00013654708517135352,0.4936797490117759,icc,0.9966090813940522,table,0.45,0.4387655572173945,False,-0.39863363990125394,-0.25192084647337887,0.1,-0.05986808268385943,7.2014782451339965,0.00013654708517135352,0.09146551422735417,0.9085344857726458
none,pinned_sig&ecm|depthT2,pinned_sig&ecm,depth,depthT2,True,16,49,False,16.0,44.0,0.36363636363636365,100.0,0.0,-0.24893581595582626,0.01766426583829026,0.15123322504957615,-1.7628406833665136,0.08955223880597014,0.9601990049751243,-0.9744248363551173,0.07598479320580726,0.6183835724628362,-1.6986376681667956,0.09950248756218906,0.9552238805970149,5.155566523265929,-0.22353011672511094,0.5186348821194209,10.371644533451278,0.009950248756218905,0.004975124378109453,-0.36358339992680433,0.03482652754667011,0.3011819700176081,-1.3228213078298878,-0.04828486158260865,-0.04828486158260865,-0.04956224058368296,-0.05214675037123959,-0.05073457343854131,-0.15053626490262417,0.04857751020175858,0.05063455273079184,-0.15557155871909462,0.05485286781891902,-0.15557155871909462,0.05485286781891902,-0.17721477564598567,0.046327048313500256,200,-0.3022732651381774,0.01980606728210225,-6.234662664508784,0.24090440899191518,-0.026654383023385644,6.761215554777693,0.125,0.0625,0.25542319252441814,2882.625,0.17380241368913166,0.06910512109219331,0.9984250607595668,-0.2356020418429783,-7.818064730832005e-05,0.17380241368913166,icc,0.9984250607595668,table,0.55,0.11570032291652671,False,-0.16526256350020968,-0.06712281271476814,0.1,-0.05043775941631705,7.371644533451278,0.0,0.0,1.0
none,pinned_sig&ecm|depthT3,pinned_sig&ecm,depth,depthT3,True,17,49,False,17.0,50.0,0.34,100.0,0.0,0.3667826679694613,0.026699473606020735,0.13750707440046037,2.473205075784101,0.029850746268656716,0.014925373134328358,0.6535121028492042,0.14344260151932836,0.5669315251768677,0.8997021309950045,0.3781094527363184,0.1890547263681592,4.874538974274107,-0.19054673533871644,0.5449119335883392,9.295237262025735,0.009950248756218905,0.004975124378109453,0.673858326546836,0.0495292295391935,0.27685307790734726,2.2550917682648373,0.07524458618654922,0.07524458618654922,0.06714263368100767,0.06291814379995812,0.06997904212046382,-0.027427790048049298,0.21833482048330374,0.05887022113355158,-0.021115657686584504,0.2312185229882435,-0.021115657686584504,0.2312185229882435,-0.028209501603042208,0.17920706567306113,200,-0.16587451921760926,0.019257247299182115,-4.522351011864044,0.29589705658922444,-0.025189934742733778,6.712955542464134,0.058823529411764705,0.23529411764705882,0.22713523950816403,7322.25,0.36548863490523886,0.2511279166831424,0.9993029999534913,0.1165638547530743,4.6831060049414435e-05,0.36548863490523886,icc,0.9993029999534913,table,0.55,0.3168087448959409,False,-0.24966611121493323,-0.09847392441263716,0.1,-0.03285736631899233,6.295237262025735,4.6831060049414435e-05,0.21193428136922599,0.788065718630774
none,pinned_sig&ecm|miss<=5,pinned_sig&ecm,miss,miss<=5,True,49,49,False,49.0,200.0,0.245,100.0,0.0,0.30048423131424196,0.06628878346821716,0.3391941658287841,0.690446568483257,0.4577114427860697,0.22885572139303484,0.08701348195926162,0.29134227253026984,1.3398660503242457,-0.15249941628236716,0.9552238805970149,0.527363184079602,13.921471271792251,-0.5273125527594398,1.3259606821141006,10.896841829061382,0.009950248756218905,0.004975124378109453,0.8421400428071683,0.13428261300700212,0.7013083545804706,1.0093383676052359,0.021584229529179468,0.021584229529179468,0.016208661620923052,0.015950131339236093,0.021128193745832444,-0.060103456328105966,0.10597701553176848,0.04161201922052898,-0.05714894991252152,0.11383834454485632,-0.05714894991252152,0.11383834454485632,-0.06394812450776302,0.09581919994052689,200,-0.2260559462887928,0.018129489948676723,-6.709909150333397,0.28880263282182916,-0.02439623004390062,9.142221827262073,0.08163265306122448,0.16326530612244897,0.26651066315662875,2928.0,0.3655974684633593,0.2504893346783445,0.9984343085218479,0.02812605899147503,2.5417559428322725e-05,0.3655974684633593,icc,0.9984343085218479,table,0.55,0.3169574484007778,True,-0.3007487867798547,-0.2109804328690093,0.1,-0.08379133837907696,7.8968418290613815,2.5417559428322725e-05,0.05113828907540914,0.9488617109245908
none,folding,folding,primary,miss0,False,178,178,False,,178.0,,100.0,0.0,1.9894714628794585,0.05154894799133203,0.6876375973282348,2.8182323398513716,0.01990049751243781,0.009950248756218905,6.806871897752106,0.21194872101716122,2.9462539982277307,2.238409580674989,0.04975124378109453,0.024875621890547265,37.85343147889684,-1.5934343019974997,3.128698552029398,12.608074931126724,0.009950248756218905,0.004975124378109453,3.0050602617129107,0.11085587387570804,1.3597514169826108,2.1284805087827428,0.052557228899804825,0.052557228899804825,0.04912741421973095,0.0468269283157266,0.04993289434223045,0.00012872278558687903,0.1404640386371675,0.034385314156711186,0.0014698563517336642,0.14999050827071506,0.0014698563517336642,0.14999050827071506,0.00012847769805746594,0.12316389240844193,200,-0.07758410710808401,0.009619404072622578,-4.827872344209004,0.2902251840832985,-0.02489640214055376,9.452385852919647,0.056179775280898875,0.1348314606741573,0.19925303606213382,2104.25,-0.006950766892662502,-0.039883492230936304,0.9969757907067471,,0.00014902225713171258,0.001,icc,0.9969757907067471,unselected,1.0,0.001001001001001001,True,0.04812641321872995,0.1394630376361665,0.05,-0.0008725857802690529,9.608074931126724,0.00014902225713171258,1.0,-48.07828680551122
none,folding|depthT1,folding,depth,depthT1,False,59,178,False,,59.0,,100.0,0.0,0.8605040773510005,0.02293149373433837,0.19751981836311308,4.24044832846545,0.009950248756218905,0.004975124378109453,2.8370610646704777,0.14030313746305773,0.9737563481674424,2.769438096380655,0.01990049751243781,0.009950248756218905,13.037707646454807,-0.47103036067212684,1.2440777651885824,10.858435368852707,0.009950248756218905,0.004975124378109453,1.4377027382597916,0.0488429740105949,0.39528363132302247,3.513577730503675,0.06600117909416288,0.06600117909416288,0.06200228201737098,0.058382437653139455,0.06191473366872591,0.02553655356127932,0.12848854304396273,0.02836849839180869,0.02827477217223779,0.13561324685150097,0.02827477217223779,0.13561324685150097,0.024898279641553316,0.11385886873283317,200,-0.04777499940079671,0.008684859074883412,-3.5826787522943904,0.2466403860443529,-0.021773643432055154,9.507610380278985,0.01694915254237288,0.1016949152542373,0.17803559321467455,525.0,0.0770323814976006,0.027196567955380783,0.9875594371986132,0.7428836738880975,0.0007810601106242807,0.0770323814976006,icc,0.9875594371986132,unselected,1.0,0.08346162958847114,True,-0.021459347571100164,0.04502691345549159,0.1,-0.03799771798262903,7.858435368852707,0.0007810601106242807,0.7428836738880975,0.2571163261119025
none,folding|depthT2,folding,depth,depthT2,False,59,178,False,,59.0,,100.0,0.0,0.24957818808488946,0.024708365157388515,0.25034795890963873,0.8982291044308697,0.3482587064676617,0.17412935323383086,0.9573487062963558,0.09345691843500706,1.1183906937773123,0.772441860137082,0.417910447761194,0.208955223880597,9.154246807868875,-0.5985066770397011,0.9208053698835982,10.59154714328116,0.009950248756218905,0.004975124378109453,0.2719215888204127,0.05352981598530443,0.512755270984828,0.42591814300738856,0.027263650775764012,0.027263650775764012,0.023057060067750594,0.022537413569311247,0.026540071533899968,-0.06321553403936625,0.1657286029095393,0.06682522015293606,-0.06461919925868641,0.1879825060141579,-0.06461919925868641,0.1879825060141579,-0.06748717755310478,0.14216681240218135,200,-0.0689872519088529,0.01202896168308717,-3.778306147743177,0.28870750330537365,-0.026156615186505187,8.016734591297688,0.1016949152542373,0.13559322033898305,0.20596619893640813,2077.0,0.0471063786704963,-0.010904967798453553,0.996768212323343,0.4664108361811221,7.475712173165114e-05,0.0471063786704963,icc,0.996768212323343,unselected,1.0,0.049435086578470504,True,-0.02637802651071991,0.1162935163310688,0.1,-0.0769429399322494,7.59154714328116,7.475712173165114e-05,0.4664108361811221,0.5335891638188779
none,folding|depthT3,folding,depth,depthT3,False,60,178,False,,60.0,,100.0,0.0,0.879389197443568,0.00390908909960513,0.4275791358196336,2.047527662138473,0.05970149253731343,0.029850746268656716,3.0124621267852723,-0.0218113348809036,1.73233621497731,1.7515499794050766,0.11940298507462686,0.05970149253731343,15.661477024573156,-0.523897264285672,1.3933272838722437,11.616347771413404,0.009950248756218905,0.004975124378109453,1.2954359346327065,0.008483083879808678,0.8248640405168062,1.5601999693750461,0.05614982520893717,0.05614982520893717,0.054090816357987966,0.05131513861858536,0.05316463996746777,-0.031119152005912042,0.16585054304638774,0.051063199333890315,-0.032066045667378675,0.1758214518239426,-0.032066045667378675,0.1758214518239426,-0.032118773364080234,0.14225599566052646,200,-0.11534997063282715,0.008168975003442575,-3.8265202942505216,0.33457595491988773,-0.02672790537539183,8.015794527492295,0.05,0.16666666666666666,0.21351557803576576,6892.5,-0.20702172295023696,-0.13434110043942285,0.9990961806025147,,4.893255524276134e-05,0.001,icc,0.9990961806025147,unselected,1.0,0.001001001001001001,True,0.053089815356986966,0.16484954204538674,0.1,-0.04590918364201204,8.616347771413404,4.893255524276134e-05,1.0,-53.03672554162998
none,folding|miss<=5,folding,miss,miss<=5,False,180,178,False,,180.0,,100.0,0.0,2.026324037184986,0.05332883594474276,0.691388803712255,2.8536695859792554,0.01990049751243781,0.009950248756218905,6.930647751437164,0.21848669796707776,2.9536729412806086,2.2724794474231564,0.04975124378109453,0.024875621890547265,37.934024147271145,-1.5971730111053946,3.122123027164153,12.661639792677555,0.009950248756218905,0.004975124378109453,3.0907316150207613,0.11462020969120001,1.3702442837503122,2.1719568113680032,0.053417059822553875,0.053417059822553875,0.049909826746093656,0.047537250794932956,0.05070836790088807,0.0010718047928761937,0.14069239591049168,0.0343635358646861,0.0024950740722511377,0.14901209113321517,0.0024950740722511377,0.14901209113321517,0.0010704392152602776,0.12333946855718074,200,-0.07738577046542225,0.009670449095591154,-4.879565563176357,0.2880863735174976,-0.024890499476475512,9.45807211855069,0.05555555555555555,0.13333333333333333,0.20182944699159902,2034.25,-7.041882659594061e-05,-0.0326254708533404,0.9969372698865113,,0.0001533299375513013,0.001,icc,0.9969372698865113,unselected,1.0,0.001001001001001001,True,0.04890882574509266,0.13969139490949067,0.05,-9.017325390634628e-05,9.661639792677555,0.0001533299375513013,1.0,-48.85991691934756
none,pinned_sig&folding,pinned_sig&folding,primary,miss0,True,82,82,False,82.0,178.0,0.4606741573033708,100.0,0.0,1.2257614473346878,0.018302320261615098,0.3751466773990392,3.2186320706466303,0.009950248756218905,0.004975124378109453,4.721478426568244,0.059508325331398416,1.7418329268334787,2.67647374752064,0.01990049751243781,0.009950248756218905,29.41564604676403,-0.9101558489216376,2.4470777669522565,12.392659647043141,0.009950248756218905,0.004975124378109453,1.5816988697708991,0.043638712000791065,0.6942529184152185,2.2154176337941234,0.041670390151758434,0.041670390151758434,0.039816230786789295,0.03829160346599117,0.04000343155159434,0.004537626819327394,0.09591215365521129,0.023430176112867004,0.005225241961554844,0.10006975313046278,0.005225241961554844,0.10006975313046278,0.004517112743757697,0.08751808225665574,200,-0.10811870032797091,0.008403653276330768,-5.192820785800834,0.2971195242701381,-0.02555507840767322,9.402693810330492,0.04878048780487805,0.15853658536585366,0.14272216225953516,3402.0,0.018862112046394937,-0.012224091933923174,0.9980177131645911,2.071094291261523,7.908395721152775e-05,0.018862112046394937,icc,0.9980177131645911,table,0.55,0.01057360209292802,True,0.029242628693861274,0.08533855156228326,0.1,-0.06018376921321071,9.392659647043141,7.908395721152775e-05,1.0,-2.7656259841118596
none,pinned_sig&folding|depthT1,pinned_sig&folding,depth,depthT1,True,27,82,False,27.0,70.0,0.38571428571428573,100.0,0.0,0.4124854038700168,0.020137751617002046,0.10952410952570742,3.5822948385708924,0.009950248756218905,0.004975124378109453,1.5191104391432317,0.11744254722719676,0.6679697037582725,2.0984003975474854,0.05970149253731343,0.029850746268656716,10.75519549524412,-0.3436673612229515,1.0136371168149296,10.949542664086863,0.009950248756218905,0.004975124378109453,0.5429224775038004,0.03822210743804517,0.1949118509124786,2.589377545300625,0.038352199553454445,0.038352199553454445,0.035350256808011835,0.034143282986181696,0.036935636646166774,0.007724347722535062,0.08142047938012655,0.01874571906722477,0.009928323406929769,0.08624378668666652,0.009928323406929769,0.08624378668666652,0.007664962066486965,0.07528976698578785,200,-0.08153082970648463,0.01103489041135713,-3.861669454469538,0.23140916812863724,-0.020037261458042722,8.357317601678556,0.0,0.1111111111111111,0.10065753319977659,486.0,0.3186878621223838,0.22348198714733558,0.9876133143786723,0.07557413351105367,0.0004433643323141275,0.3186878621223838,icc,0.9876133143786723,table,0.55,0.2572658175639259,True,-0.22191556075591407,-0.17584533818379938,0.1,-0.06464974319198817,7.949542664086863,0.0004433643323141275,0.13740751547464303,0.862592484525357
none,pinned_sig&folding|depthT2,pinned_sig&folding,depth,depthT2,True,27,82,False,27.0,65.0,0.4153846153846154,100.0,0.0,0.3701367342805362,0.019910063947285204,0.17482984813070107,2.003243005001211,0.06965174129353234,0.03482587064676617,1.3013267303570777,0.08705900610723796,0.7944029595511739,1.5285287015243287,0.12935323383084577,0.06467661691542288,8.879679878971201,-0.2872495435313362,0.8404171719680503,10.907594142841992,0.009950248756218905,0.004975124378109453,0.40541152709488626,0.04398594940948717,0.3203856887816533,1.1280952624938092,0.041683567349887415,0.041683567349887415,0.0382054507230667,0.036799508899185804,0.04001557541695046,-0.023401236897999424,0.1356121407485289,0.03926918411768425,-0.021060135045556972,0.14537543472527442,-0.021060135045556972,0.14537543472527442,-0.02396335534773615,0.1194166184310345,200,-0.11457259253532984,0.011945447322524868,-3.849439917135554,0.3407065755276072,-0.030542657577461326,8.16348352937604,0.1111111111111111,0.1111111111111111,0.15178159161553348,3294.25,-0.03114190028229959,-0.05307235975122283,0.9976534711561152,,8.986105366967142e-05,0.001,icc,0.9976534711561152,table,0.55,0.0005505505505505506,True,0.037654900172516145,0.13506159019797834,0.1,-0.06179454927693331,7.907594142841992,8.986105366967142e-05,1.0,-68.39499140426113
none,pinned_sig&folding|depthT3,pinned_sig&folding,depth,depthT3,True,28,82,False,28.0,43.0,0.6511627906976745,100.0,0.0,0.4431393091841346,-0.021745495302672148,0.21893584386399875,2.123383710415137,0.029850746268656716,0.014925373134328358,1.9010412570679356,-0.14499322800303635,0.9450162134489819,2.1650787107701093,0.03980099502487562,0.01990049751243781,9.780770672548709,-0.2792389441673499,0.8667257030190827,11.606912754143357,0.009950248756218905,0.004975124378109453,0.6333648651722121,-0.038569344846741294,0.4103643530265048,1.6374088174650836,0.045307197563467634,0.045307197563467634,0.04621116899474312,0.04417002070351183,0.0433434282946442,-0.024411853369292014,0.1385001320019614,0.04278647114542271,-0.027116026661952827,0.14083716945117938,-0.027116026661952827,0.14083716945117938,-0.025022875403206527,0.12165058430401485,200,-0.12753360808445083,0.0024510874944396067,-3.733335453433538,0.31845271112259727,-0.02606637912394981,6.747701807150311,0.03571428571428571,0.25,0.17454860483101825,9988.5,-0.23713965042100207,-0.20012269565274088,0.9994721765472088,,2.4404219895932574e-05,0.001,icc,0.9994721765472088,table,0.65,0.0006506506506506508,True,0.045560518344092464,0.13784948135131075,0.1,-0.05378883100525689,8.606912754143357,2.4404219895932574e-05,1.0,-70.02301203961287
none,pinned_sig&folding|miss<=5,pinned_sig&folding,miss,miss<=5,True,82,82,False,82.0,180.0,0.45555555555555555,100.0,0.0,1.2257614473346878,0.018302320261615098,0.3751466773990392,3.2186320706466303,0.009950248756218905,0.004975124378109453,4.721478426568244,0.059508325331398416,1.7418329268334787,2.67647374752064,0.01990049751243781,0.009950248756218905,29.41564604676403,-0.9101558489216376,2.4470777669522565,12.392659647043141,0.009950248756218905,0.004975124378109453,1.5816988697708991,0.043638712000791065,0.6942529184152185,2.2154176337941234,0.041670390151758434,0.041670390151758434,0.039816230786789295,0.03829160346599117,0.04000343155159434,0.004537626819327394,0.09591215365521129,0.023430176112867004,0.005225241961554844,0.10006975313046278,0.005225241961554844,0.10006975313046278,0.004517112743757697,0.08751808225665574,200,-0.10811870032797091,0.008403653276330768,-5.192820785800834,0.2971195242701381,-0.02555507840767322,9.402693810330492,0.04878048780487805,0.15853658536585366,0.14272216225953516,3402.0,0.018862112046394937,-0.012224091933923174,0.9980177131645911,2.071094291261523,7.908395721152775e-05,0.018862112046394937,icc,0.9980177131645911,table,0.55,0.01057360209292802,True,0.029242628693861274,0.08533855156228326,0.1,-0.06018376921321071,9.392659647043141,7.908395721152775e-05,1.0,-2.7656259841118596
none,ptm,ptm,primary,miss0,False,951,951,False,,952.0,,100.0,0.0,8.281818692187377,0.42982659120127065,2.341095129677269,3.3539825022268706,0.009950248756218905,0.004975124378109453,25.62407311446661,1.6646412411220886,9.667074735375508,2.4784572923252406,0.009950248756218905,0.004975124378109453,169.26559771550535,-9.198404727917147,13.018673751669448,13.708308991193299,0.009950248756218905,0.004975124378109453,15.566469798390864,0.9003951683800735,4.741496181332661,3.093132224328544,0.04892794994353854,0.04892794994353854,0.043997624134174525,0.04214341404336371,0.046645672799711574,-0.011898887451414018,0.10878122064686911,0.028852953206428143,-0.009574333038913136,0.1179343838998179,-0.009574333038913136,0.1179343838998179,-0.012042208045924,0.09810880665874126,200,-0.07863457451659435,0.01131111537826031,-7.291582356847272,0.2572968110796449,-0.02641522787243191,9.047445883203817,0.0935856992639327,0.14721345951629863,0.21728887819123305,1877.0,0.16933253137524876,0.08758780758230914,0.9963179585995091,0.2158320953936919,0.00016259977267998576,0.16933253137524876,icc,0.9963179585995091,unselected,1.0,0.2038511652028396,True,-0.1598535410686651,-0.0950699445559705,0.05,-0.006002375865825478,10.708308991193299,0.00016259977267998576,0.2158320953936919,0.7841679046063081
none,ptm|depthT1,ptm,depth,depthT1,False,317,951,False,,318.0,,100.0,0.0,3.824968554671667,0.044854948219548996,0.6703820358941136,5.638745378089434,0.009950248756218905,0.004975124378109453,13.858103712517385,0.23911582546879187,3.039231753768848,4.481062646887705,0.009950248756218905,0.004975124378109453,50.59743080703747,-2.7141169112421357,4.270318082210187,12.484210003084167,0.009950248756218905,0.004975124378109453,7.089596015914463,0.08352400891068364,1.3935380838168796,5.027542546820288,0.07559610228548723,0.07559610228548723,0.07090609386221182,0.06621130859988826,0.07028298273381278,0.025356877794735732,0.13434176219922456,0.028149342307351954,0.028135206178232713,0.14148682931116685,0.028135206178232713,0.14148682931116685,0.02472927341308536,0.1184314686433479,200,-0.03670014401123012,0.009523826096328828,-4.5168223732190125,0.23644223027816066,-0.02251935740423056,9.884082707465442,0.06624605678233439,0.15141955835962145,0.21080219395374683,579.0,0.18910431629664431,0.10192220942606338,0.9896415472882943,0.3040514705700182,0.000742165102360564,0.18910431629664431,icc,0.9896415472882943,unselected,1.0,0.23320424574589677,True,-0.16229815188368496,-0.09886248354667221,0.05,0.020906093862211816,9.484210003084167,0.000742165102360564,0.3040514705700182,0.6959485294299819
none,ptm|depthT2,ptm,depth,depthT2,False,317,951,False,,317.0,,100.0,0.0,3.7677085067332694,0.13287256864942332,0.9042050388619308,4.019924443972131,0.009950248756218905,0.004975124378109453,11.363321509437476,0.4624827314117192,3.778817601727934,2.88472213452196,0.009950248756218905,0.004975124378109453,52.57087279637932,-3.1465750249887283,4.21134638224416,13.230317044516557,0.009950248756218905,0.004975124378109453,6.780785621500252,0.2816332877266845,1.8210876849939577,3.5688299840406263,0.07166912600684006,0.07166912600684006,0.0652369424697493,0.06124171991115668,0.06687616939557389,-0.0013412586535343565,0.15037425565590776,0.03694328427711731,0.0018173050373013228,0.1653016076490255,0.0018173050373013228,0.1653016076490255,-0.0013450602955038936,0.13071525737973191,200,-0.0760739643367339,0.0111456045187691,-5.900346896916591,0.25292100317099514,-0.02795776294751303,7.782190966794821,0.07255520504731862,0.17034700315457413,0.2167817355626191,1877.0,0.13181431768567303,0.05895043254753841,0.9961239203681895,0.4296785084095291,0.0002538475171393562,0.13181431768567303,icc,0.9961239203681895,unselected,1.0,0.1518273341415801,True,-0.08659039167183079,-0.0014530784856723322,0.05,0.015236942469749298,10.230317044516557,0.0002538475171393562,0.4296785084095291,0.5703214915904709
none,ptm|depthT3,ptm,depth,depthT3,False,317,951,False,,317.0,,100.0,0.0,0.6891416307824408,0.2520990743322982,1.121195049669375,0.38980064760277033,0.7263681592039801,0.36318407960199006,0.40264789251174293,0.9630426842415778,4.596274430146275,-0.12192370152101654,0.9353233830845771,0.5373134328358209,66.09729411208856,-3.3377127916862843,5.233296807770204,13.26792831636844,0.009950248756218905,0.004975124378109453,1.6960881609761476,0.5352378717427052,2.271210185554747,0.5111153061115313,0.01042617008820038,0.01042617008820038,0.006294268207617658,0.006254898200730912,0.010318586747699018,-0.053549186772539926,0.07622261513542238,0.032845999350505896,-0.05222453662340883,0.08468416871057638,-0.05222453662340883,0.08468416871057638,-0.05657896217823274,0.07082419320263295,200,-0.12312961520181905,0.013263915519682996,-7.484847766630524,0.282527199789779,-0.02876856326555215,8.63981763947337,0.14195583596214512,0.11987381703470032,0.22428270505733328,4593.5,0.17952013644065026,0.10189078077332563,0.9986191232277939,0.028767359598678915,8.703627402849125e-06,0.17952013644065026,icc,0.9986191232277939,unselected,1.0,0.21879895462865873,True,-0.21250468642104106,-0.14257633949323634,0.05,-0.043705731792382345,10.26792831636844,8.703627402849125e-06,0.028767359598678915,0.9712326404013211
none,ptm|miss5-20,ptm,miss,miss5-20,False,81,951,False,,81.0,,89.0,0.10999999999999999,0.4761660840576999,7.4234472643952555e-06,0.2378475138398191,2.001949286428571,0.03980099502487562,0.01990049751243781,1.8492377204927557,-0.02819954995623231,1.0592039803760338,1.7724983149916684,0.04975124378109453,0.024875621890547265,7.722302061678761,-0.6928341855989225,0.9660762025447507,8.710634031882051,0.009950248756218905,0.004975124378109453,0.7750461090631965,0.015068516668083475,0.4610833112832895,1.6482435468764622,0.06166115754790684,0.06166115754790684,0.056583594919746426,0.05355335365020907,0.05807988463129246,-0.0952033487856139,0.2255521254513029,0.07872255587715746,-0.10525728945193356,0.24857491933224768,-0.10525728945193356,0.24857491933224768,-0.10522126916004643,0.18403368111126733,200,-0.024070994528919185,0.0072898696763730704,-2.3710787091831707,0.2537054389653085,-0.01965361262970687,10.897939297214956,0.07407407407407407,0.12345679012345678,0.1985482705613429,738.75,0.31702889982163635,0.26432454650438447,0.9934863225742175,0.12189727843779581,0.0003709837533982134,0.31702889982163635,icc,0.9934863225742175,unselected,1.0,0.4641907977348406,True,-0.4076072028150942,-0.23863867228353772,0.1,-0.04341640508025358,5.710634031882051,0.0003709837533982134,0.12189727843779581,0.8781027215622041
none,ptm|miss20+,ptm,miss,miss20+,False,87,951,False,,87.0,,57.0,0.43000000000000005,0.9375903573319323,0.005854958618228048,0.4185479577660129,2.226113833374827,0.029850746268656716,0.014925373134328358,2.4506646271861627,0.08713498365152106,1.33432003645347,1.7713363952899481,0.07960199004975124,0.03980099502487562,6.02563139884922,-1.586165161411991,1.6626848993722543,4.578015090613405,0.009950248756218905,0.004975124378109453,0.884055401142127,-0.00842233924983284,0.4673141626973792,1.9098024661621604,0.15560035044808648,0.15560035044808648,0.12240676577957968,0.10905740192554945,0.13464892978593518,-0.3643045763657453,0.7389378716776932,1.128930422070757,-0.8168805141783433,1.4975195709443794,-0.8168805141783433,1.4975195709443794,-0.38675660380394405,0.42513530791642684,200,0.011460721787003,0.007886850721733958,0.2129389799297041,0.1622417906299884,-0.018332088180534823,7.392653114227436,0.0,0.05747126436781609,0.15025910344143073,680.5,0.37758662273069526,0.2812119269686284,0.9942450206141185,0.20177517926481195,0.0007085259660830812,0.37758662273069526,icc,0.9942450206141185,unselected,1.0,0.6066492728470418,True,-0.4842425070674622,0.13228859883065136,0.1,0.022406765779579674,1.5780150906134054,0.0007085259660830812,0.20177517926481195,0.7982248207351881
none,ptm|miss<=5,ptm,miss,miss<=5,False,957,951,False,,958.0,,100.0,0.0,8.330048147542389,0.4287243154593746,2.348114447898188,3.364965382822604,0.009950248756218905,0.004975124378109453,25.75755287118994,1.6568392307771511,9.696066344528957,2.4856176498845546,0.009950248756218905,0.004975124378109453,170.15881544409785,-9.259068974500101,13.075664571051846,13.721511701654569,0.009950248756218905,0.004975124378109453,15.667575502280295,0.8974534687430381,4.75423886622479,3.1067269544379887,0.04895454946487361,0.04895454946487361,0.04403866346817756,0.04218106571061855,0.04666984807859204,-0.012060436928141101,0.10894237039140245,0.028773426937647135,-0.009771865275517351,0.11787836184204141,-0.009771865275517351,0.11787836184204141,-0.012207677422758925,0.09823988250479093,200,-0.07818650601198429,0.011267795948084794,-7.279789999885018,0.25688334563554627,-0.026422671505215264,9.068222645126312,0.09299895506792058,0.14629049111807732,0.21665275258310238,1870.0,0.16933253137524876,0.0886832678722437,0.9962749186339253,0.216033415479168,0.00016466098022128675,0.16933253137524876,icc,0.9962749186339253,unselected,1.0,0.2038511652028396,True,-0.15981250173466205,-0.09490879481143716,0.05,-0.005961336531822445,10.721511701654569,0.00016466098022128675,0.216033415479168,0.783966584520832
none,pinned_sig&ptm,pinned_sig&ptm,primary,miss0,True,329,329,False,329.0,952.0,0.34558823529411764,100.0,0.0,3.5469825992682806,0.18282651372850772,0.8608738940726289,3.9078384287210723,0.009950248756218905,0.004975124378109453,10.160040630115802,0.735168012780509,3.821663301191581,2.4661703228530496,0.03980099502487562,0.01990049751243781,111.20643355517083,-4.122310570238466,8.29607275083078,13.901607132586937,0.009950248756218905,0.004975124378109453,5.887186185683071,0.3815883322632682,1.6812641862052387,3.2746774115532804,0.031895480197272764,0.031895480197272764,0.029170144104591702,0.028343364089686632,0.030909603549358643,0.008449641245373472,0.06154600168147454,0.014495628365104853,0.011025803907638182,0.06551600866895423,0.011025803907638182,0.06551600866895423,0.008378785042950738,0.05797757353537353,200,-0.13840316142022344,0.011437502764774923,-8.844992941130984,0.2694344869174068,-0.027282072003490424,9.005971084545136,0.10638297872340426,0.1580547112462006,0.16737518066595752,2364.75,0.11797487730433363,0.04563262127454223,0.9973361204235796,0.21808710905908826,7.791330277746349e-05,0.11797487730433363,icc,0.9973361204235796,table,0.55,0.07356500495028621,True,-0.04439486084569451,-0.012019003268811675,0.05,-0.0208298558954083,10.901607132586937,7.791330277746349e-05,0.39652201647106955,0.6034779835289305
none,pinned_sig&ptm|depthT1,pinned_sig&ptm,depth,depthT1,True,110,329,False,110.0,390.0,0.28205128205128205,100.0,0.0,2.0570709188792673,0.04768312054003726,0.24112369940125586,8.333431360454503,0.009950248756218905,0.004975124378109453,7.011931586406599,0.21222142809910344,1.2645649653342765,5.377114141787135,0.009950248756218905,0.004975124378109453,37.859809391779706,-1.430503510247336,3.0259943436359404,12.984265150613938,0.009950248756218905,0.004975124378109453,3.3340332588368016,0.09014315207908404,0.48628455437949947,6.670765249570658,0.05433389528173134,0.05433389528173134,0.05114206657884781,0.04865381017934131,0.051533859932685395,0.03361935300692031,0.08306121059996592,0.01338839541867749,0.03667872327886473,0.08782393185993709,0.03667872327886473,0.08782393185993709,0.03252583000413952,0.07669114944377901,200,-0.08111168533781606,0.009266170774987986,-6.184580682899373,0.23552712028507877,-0.022897388444808656,8.757803371118447,0.06363636363636363,0.2,0.1413898815558481,736.0,0.05714378164155259,0.03525632090225859,0.9907228190099243,0.8438296190482619,0.00047889702220911415,0.05714378164155259,icc,0.9907228190099243,table,0.55,0.03333390530909717,True,0.01780816126975064,0.04972730529086875,0.05,0.001142066578847807,9.984265150613938,0.00047889702220911415,1.0,-0.5342356709968397
none,pinned_sig&ptm|depthT2,pinned_sig&ptm,depth,depthT2,True,109,329,False,109.0,335.0,0.3253731343283582,100.0,0.0,1.0710068095115497,0.07347113687756936,0.3625404304072405,2.7515156627178152,0.01990049751243781,0.009950248756218905,2.4285458759497187,0.2614583726036452,1.550997094841903,1.3972221550595298,0.14925373134328357,0.07462686567164178,34.99223613196244,-1.3107076876977275,2.5515360705281807,14.227877959077913,0.009950248756218905,0.004975124378109453,1.7752063804144411,0.16628939613294377,0.7224163851233716,2.2271324646197392,0.030606983945598028,0.030606983945598028,0.027478093170332823,0.026743239931809982,0.02969801720964629,-0.006447307929873361,0.0714710192078169,0.019588085665897675,-0.0044348996025593964,0.07630355289267546,-0.0044348996025593964,0.07630355289267546,-0.006489242323178665,0.06670363297053435,200,-0.16615085988736572,0.013209191332874374,-8.43393794629382,0.2636721606516286,-0.027374852712476087,7.940597654749991,0.11009174311926606,0.14678899082568808,0.19280968554175923,2364.75,0.15354741278892098,0.08370886026684356,0.9971943070149153,0.15147701047642476,7.73120070072298e-05,0.15354741278892098,icc,0.9971943070149153,table,0.55,0.09977059354518467,True,-0.07229250037485184,-0.028299574337367767,0.05,-0.02252190682966718,11.227877959077913,7.73120070072298e-05,0.2754127463207723,0.7245872536792277
none,pinned_sig&ptm|depthT3,pinned_sig&ptm,depth,depthT3,True,110,329,False,110.0,227.0,0.4845814977973568,100.0,0.0,0.41890487087746364,0.06167225631090111,0.43176325364081497,0.82738077303759,0.43781094527363185,0.21890547263681592,0.719563167759483,0.26148821207776046,1.936973731823429,0.23649001953707435,0.8756218905472637,0.43781094527363185,38.3543880314287,-1.381099372293403,2.951670214948453,13.462034885362705,0.009950248756218905,0.004975124378109453,0.7779465464318285,0.12515578405124045,0.8260840401779667,0.7902231862994891,0.010921954237262261,0.010921954237262261,0.008990266331377625,0.008910161605488666,0.010803953946675186,-0.023856910771780107,0.05413491164535495,0.02056906276621618,-0.023018422000754116,0.05740481209125762,-0.023018422000754116,0.05740481209125762,-0.02444033246493074,0.051354656334169455,200,-0.1681991908397353,0.011853252446172408,-7.9853572593350375,0.30905179503127883,-0.03157481831417731,8.43120563700778,0.14545454545454545,0.12727272727272726,0.16815719767186352,6247.25,0.07456691801827643,0.01827883028172731,0.9989808237698485,0.11157615333979748,9.17201364596167e-06,0.07456691801827643,icc,0.9989808237698485,table,0.55,0.0443163376245739,True,-0.03532607129319627,0.009818574020781054,0.05,-0.04100973366862238,10.462034885362705,9.17201364596167e-06,0.2028657333450863,0.7971342666549137
none,pinned_sig&ptm|miss<=5,pinned_sig&ptm,miss,miss<=5,True,331,329,False,331.0,958.0,0.3455114822546973,100.0,0.0,3.5278745187794627,0.18547179342428294,0.8621360168998541,3.8768856187844825,0.009950248756218905,0.004975124378109453,10.008549826069475,0.7520811693525065,3.839333044710062,2.4109574629038195,0.03980099502487562,0.01990049751243781,111.98555856635801,-4.138022683049684,8.349427902546951,13.90796861830315,0.009950248756218905,0.004975124378109453,5.859663146895011,0.38568938167437344,1.6833428554136938,3.2518472084377423,0.03150294166447355,0.03150294166447355,0.02878315230544294,0.027977861263514647,0.030540816115986223,0.008709797952594424,0.06116284461498702,0.014375820093484181,0.011317887918084182,0.06509629238615965,0.011317887918084182,0.06509629238615965,0.008634495470404492,0.05763745673074391,200,-0.13844513292018645,0.0114356724807925,-8.878236748313217,0.26957494188284564,-0.027163064476090897,9.042306107633953,0.10574018126888217,0.15709969788519637,0.1665232993227226,2360.25,0.11797487730433363,0.047361479992476516,0.9972969294015189,0.21519381095252718,7.801376945493582e-05,0.11797487730433363,icc,0.9972969294015189,table,0.55,0.07356500495028621,True,-0.04478185264484327,-0.012402160335299194,0.05,-0.02121684769455706,10.90796861830315,7.801376945493582e-05,0.39126147445914033,0.6087385255408597
none,secretion,secretion,primary,miss0,False,1440,1440,False,,1442.0,,100.0,0.0,15.04747464855847,0.6054870075573655,3.7755883438987636,3.8250959388459074,0.009950248756218905,0.004975124378109453,49.40176689655971,2.063526310082009,15.69255028112892,3.0166059524056017,0.01990049751243781,0.009950248756218905,258.66683263357015,-13.126013803738081,20.50740641856888,13.253399327533074,0.009950248756218905,0.004975124378109453,27.0640728411905,1.3160467656350558,7.6728070374441675,3.355750503030007,0.05817318940876685,0.05817318940876685,0.05313601086381902,0.050455031748686485,0.05497511181630859,-0.006452131023187183,0.12364026168136726,0.03132988365820794,-0.0035674008017671415,0.13323866235029652,-0.0035674008017671415,0.13323866235029652,-0.006494178973335769,0.11003544967901965,200,-0.07687607054527808,0.01083641001844425,-6.2359655708228985,0.2625218712168899,-0.026098870221579976,10.578670950664089,0.07291666666666667,0.14791666666666667,0.2262893014446504,1712.625,0.16347156955299608,0.09216162479917182,0.9966492575195462,0.2719114026351551,0.00017864367780333047,0.16347156955299608,icc,0.9966492575195462,unselected,1.0,0.19541663331830106,True,-0.14228062245448203,-0.0717763716369338,0.05,0.003136010863819018,10.253399327533074,0.00017864367780333047,0.2719114026351551,0.7280885973648449
none,secretion|depthT1,secretion,depth,depthT1,False,480,1440,False,,482.0,,100.0,0.0,5.589899733701609,0.22211664008978474,1.130774516050688,4.746996874637038,0.009950248756218905,0.004975124378109453,18.50961682677095,0.9783632336590296,4.780434863491048,3.667292640466861,0.009950248756218905,0.004975124378109453,68.14691197021591,-4.005880441580189,6.36599333957268,11.334098005298792,0.009950248756218905,0.004975124378109453,10.197351312349845,0.48207470875535485,2.4169161515908058,4.019699482416851,0.08202719055185823,0.08202719055185823,0.0743946687880961,0.06924333389704211,0.0758088070873917,0.006693997408938798,0.14825906833535016,0.034493252828126514,0.012197049933496313,0.16184665156609887,0.012197049933496313,0.16184665156609887,0.006649485766240167,0.12911639139298262,200,-0.04503352189940364,0.011335208016146832,-5.094009188215134,0.23075787560133676,-0.02197494113274643,10.919435701808068,0.06875,0.15,0.2422266467187081,421.0,0.21321672699246652,0.16357808353173112,0.9891578186710462,0.2745210557775692,0.0008154416551968207,0.21321672699246652,icc,0.9891578186710462,unselected,1.0,0.27099804267245137,True,-0.19660337388435528,-0.12273897433710121,0.05,0.024394668788096097,8.334098005298792,0.0008154416551968207,0.2745210557775692,0.7254789442224308
none,secretion|depthT2,secretion,depth,depthT2,False,480,1440,False,,480.0,,100.0,0.0,4.165430756476224,0.22175353942690848,1.4647191634818537,2.692445975564771,0.009950248756218905,0.004975124378109453,13.331763661790466,0.7817824299145865,5.9880850686764076,2.095825474745618,0.04975124378109453,0.024875621890547265,81.5424389644794,-4.535071763956742,6.855115712710325,12.556682386678991,0.009950248756218905,0.004975124378109453,7.470364043473778,0.4698287815978916,2.958048253868659,2.366606174432852,0.05108297972655345,0.05108297972655345,0.04581541895990844,0.043808322318935694,0.048600330051812884,-0.030000169667487232,0.12794279418381257,0.04352345002384629,-0.028676107087315633,0.14161498834560218,-0.028676107087315633,0.14161498834560218,-0.03092871807815247,0.1134301385309753,200,-0.08666702510459165,0.011112465072593837,-5.987344459497356,0.2761519949098587,-0.0266934681726077,9.72532578876137,0.0625,0.14166666666666666,0.22663583176773147,1712.625,0.16958887585866306,0.08861861087358504,0.9963644776455912,0.2243403841724352,0.00016717073274123475,0.16958887585866306,icc,0.9963644776455912,unselected,1.0,0.20422278908416794,True,-0.15840737012425948,-0.07627999490035536,0.05,-0.004184581040091562,9.556682386678991,0.00016717073274123475,0.2243403841724352,0.7756596158275648
none,secretion|depthT3,secretion,depth,depthT3,False,480,1440,False,,480.0,,100.0,0.0,5.29214415838064,0.16161682804067212,1.759828833060419,2.9153558766381598,0.01990049751243781,0.009950248756218905,17.56038640799828,0.30338064650839264,7.933629828325635,2.1751715337003463,0.029850746268656716,0.014925373134328358,108.97748169887478,-4.585061598201151,8.495890958672359,13.366760925898488,0.009950248756218905,0.004975124378109453,9.396357485366877,0.36414327528180906,3.4998900739472725,2.5807136850724826,0.04856181365067534,0.04856181365067534,0.04517798898637444,0.043225163046332976,0.04631278100964064,-0.007119050450508362,0.1203638497012083,0.03150730531576518,-0.0060381522920343765,0.12710026545205363,-0.0060381522920343765,0.12710026545205363,-0.007170202642923466,0.10743219046129918,200,-0.09892766463183893,0.010061556966592082,-5.250115284291879,0.2806557431394742,-0.029628201359385816,9.258074324750849,0.0875,0.15208333333333332,0.21000542584751158,5434.25,0.09017022345639528,0.02428817999219929,0.9989701034752777,0.45585203239559224,4.657662295312191e-05,0.09017022345639528,icc,0.9989701034752777,unselected,1.0,0.09910669641847422,True,-0.05392870743209978,0.021257153282734073,0.05,-0.00482201101362556,10.366760925898488,4.657662295312191e-05,0.45585203239559224,0.5441479676044078
none,secretion|miss5-20,secretion,miss,miss5-20,False,83,1440,False,,83.0,,92.0,0.07999999999999996,0.13741745308549796,-0.020485292130512978,0.23287458611315393,0.6780591555803598,0.527363184079602,0.263681592039801,0.7830054575616285,-0.0650840187177085,0.9421029888720647,0.9002088798112343,0.417910447761194,0.208955223880597,10.597140724020871,-0.7697770222208092,1.1015762110233058,10.318775616697838,0.009950248756218905,0.004975124378109453,0.2380316629350185,-0.03115824520626453,0.41086040798641255,0.6551858074146325,0.012967408536343159,0.012967408536343159,0.013891430266416713,0.013701102358431522,0.012801407456020748,-0.09944647226584122,0.12585090217083425,0.05447483358820999,-0.1122616409148902,0.13374625278869404,-0.1122616409148902,0.13374625278869404,-0.11042949223840405,0.11178291543593634,200,-0.05424201164436374,0.007510663645242793,-4.790840321163746,0.26060868322425174,-0.021571975105747942,12.721118016936336,0.0963855421686747,0.12048192771084337,0.1863463354871675,738.75,0.39877865126316453,0.2990517059497487,0.993890109046011,0.020943509423595408,8.539688980728007e-05,0.39877865126316453,icc,0.993890109046011,unselected,1.0,0.6632809232423258,True,-0.6493894929759091,-0.5374300210714915,0.1,-0.08610856973358329,7.318775616697838,8.539688980728007e-05,0.020943509423595408,0.9790564905764045
none,secretion|miss20+,secretion,miss,miss20+,False,78,1440,False,,78.0,,55.0,0.44999999999999996,1.9693533021938887,0.09787627638859914,0.5126838025469347,3.650353329884966,0.009950248756218905,0.004975124378109453,3.740431146369552,0.2502768531097389,1.2699088333143846,2.748350276571211,0.01990049751243781,0.009950248756218905,3.7105691760965835,-1.4686849288444477,1.47574540251754,3.50958511956433,0.009950248756218905,0.004975124378109453,2.0575440066536084,0.08641712943991803,0.5463308338492359,3.607936354838134,0.5307415678652282,0.5307415678652282,0.3613410324895803,0.2654302073219453,0.3467218627932083,-1.7981452503668458,3.577065925661403,4.613417917796434,-11.206019921525822,5.851576579231453,-11.206019921525822,5.851576579231453,-0.18510037347761404,0.7831584553385096,200,0.02008474545124109,0.00930203538722676,0.6250235902458642,0.16796366709745852,-0.016675936858044374,7.737776645236917,0.01282051282051282,0.0641025641025641,0.19628080307240883,359.75,0.42343705416815647,0.32117023757481283,0.9919440384305407,0.49201138183664345,0.0029345904188410954,0.42343705416815647,icc,0.9919440384305407,unselected,1.0,0.7344160030215561,True,-0.37307497053197575,2.842649922639847,0.1,0.2613410324895803,0.50958511956433,0.0029345904188410954,0.49201138183664345,0.5079886181633566
none,secretion|miss<=5,secretion,miss,miss<=5,False,1450,1440,False,,1452.0,,100.0,0.0,15.126461884254045,0.597009581414524,3.786659116941692,3.8370108990888734,0.009950248756218905,0.004975124378109453,49.594538994281564,2.043415873164274,15.735185261519996,3.021961440606764,0.01990049751243781,0.009950248756218905,260.51676051158347,-13.199499024873653,20.602687963026256,13.28546352920893,0.009950248756218905,0.004975124378109453,27.193568350625103,1.3002462376530022,7.690003130224409,3.3671406466926217,0.058063296405766074,0.058063296405766074,0.05308216737816519,0.050406482060485994,0.054876959254712546,-0.00667087879192496,0.12192723515020787,0.031121581158054707,-0.003868065428852329,0.13300601796963799,-0.003868065428852329,0.13300601796963799,-0.00671577956200159,0.10867654639426616,200,-0.07676350968652837,0.010794217254593255,-6.259713412328457,0.2619064802344917,-0.02605183231094842,10.620677270987017,0.07241379310344828,0.14758620689655172,0.22602332894636643,1699.125,0.16527534904299795,0.09336085741311995,0.9966314915607122,0.26809196830225845,0.00017941207989427216,0.16527534904299795,icc,0.9966314915607122,unselected,1.0,0.19799984204792764,True,-0.14491767466976246,-0.07607260689771977,0.05,0.0030821673781651904,10.28546352920893,0.00017941207989427216,0.26809196830225845,0.7319080316977415
none,pinned_sig&secretion,pinned_sig&secretion,primary,miss0,True,527,527,False,527.0,1442.0,0.3654646324549237,100.0,0.0,4.8408956650161965,0.22080894399118692,1.485191839910376,3.1107676442013097,0.01990049751243781,0.009950248756218905,16.36582319496972,0.737658460104822,6.907238295290623,2.262577902592449,0.029850746268656716,0.014925373134328358,174.3305706900935,-6.361276002473506,13.213771961590885,13.6745092330784,0.009950248756218905,0.004975124378109453,7.9698792692378175,0.4695229400197802,2.859015947106462,2.6234048595667887,0.027768484012031545,0.027768484012031545,0.025568872118982344,0.024931404232417017,0.027018228758711845,-0.002839401752345632,0.07447049440809494,0.017356000766243895,-0.00137076617520246,0.0782387925230591,-0.00137076617520246,0.0782387925230591,-0.002847487003530109,0.0693090175455295,200,-0.13919501300567844,0.010705448235178838,-8.007392412805988,0.2702970210334869,-0.027441246827983247,9.994658489755727,0.08918406072106262,0.15939278937381404,0.16969945400999387,2451.75,0.13701251352241728,0.060889893730838765,0.9974123008991574,0.16104818541568508,6.633620553125544e-05,0.13701251352241728,icc,0.9974123008991574,table,0.55,0.08732094453062154,True,-0.0617520724116392,-0.0128504501225266,0.05,-0.02443112788101766,10.6745092330784,6.633620553125544e-05,0.29281488257397287,0.7071851174260271
none,pinned_sig&secretion|depthT1,pinned_sig&secretion,depth,depthT1,True,176,527,False,176.0,637.0,0.27629513343799056,100.0,0.0,1.8954412586903104,0.06855108475327291,0.3659110115849575,4.992717125466635,0.009950248756218905,0.004975124378109453,6.661541045066277,0.24402042398531237,1.8849006542541276,3.4046996623386687,0.009950248756218905,0.004975124378109453,57.243527740388714,-2.2191203861637905,4.6452651093960515,12.8007006545819,0.009950248756218905,0.004975124378109453,3.0799091642327205,0.14919554716275402,0.7214735896400235,4.062121828371064,0.03311188764058236,0.03311188764058236,0.03072332348954463,0.02980753689120947,0.03205063075617413,0.008734021928371688,0.0670696175682244,0.015027272354916575,0.01033351922458146,0.07049855194203794,0.01033351922458146,0.07049855194203794,0.00865837963682849,0.06285391868678084,200,-0.1041490946812631,0.009541612118025688,-7.731058710242621,0.2360062523125709,-0.024296024459575155,9.62074961148955,0.07954545454545454,0.1875,0.14663111680032725,717.0,0.0981380096193045,0.05650954603019482,0.9913010094137099,0.2823391036854723,0.0002696072124179133,0.0981380096193045,icc,0.9913010094137099,table,0.55,0.059849406967282304,True,-0.029126083477737673,0.0072202106009420924,0.05,-0.019276676510455372,9.8007006545819,0.0002696072124179133,0.5133438248826769,0.48665617511732306
none,pinned_sig&secretion|depthT2,pinned_sig&secretion,depth,depthT2,True,175,527,False,175.0,445.0,0.39325842696629215,100.0,0.0,1.3008838335752233,0.09203889416192408,0.598393811206001,2.0201494680852345,0.06965174129353234,0.03482587064676617,3.9512990105761983,0.3194950474700801,2.6341335557543673,1.3787470856108648,0.15920398009950248,0.07960199004975124,53.79305892359392,-2.0579483515247374,4.174311209671579,13.379694150669907,0.009950248756218905,0.004975124378109453,2.3596428810043113,0.18770601038393522,1.1840716192676817,1.8342951855933038,0.024183116922630494,0.024183116922630494,0.0216441027367439,0.02118556029322192,0.023612102682666412,-0.017372891906893506,0.07982500763314192,0.024824714442205877,-0.016050268617388713,0.08419848819580983,-0.016050268617388713,0.08419848819580983,-0.017680369832430202,0.07392401915922095,200,-0.16824834310174236,0.012657125170448005,-7.95621185119415,0.2758442379560893,-0.02709526263435627,9.347044629106831,0.09714285714285714,0.14285714285714285,0.2004976304122236,2451.75,0.19616770758352714,0.12067169811126449,0.99719599153621,0.08869058488011557,6.08609017485878e-05,0.19616770758352714,icc,0.99719599153621,table,0.55,0.1342223249660639,True,-0.11257822222932,-0.05439731733292198,0.05,-0.028355897263256102,10.379694150669907,6.08609017485878e-05,0.1612556088729374,0.8387443911270626
none,pinned_sig&secretion|depthT3,pinned_sig&secretion,depth,depthT3,True,176,527,False,176.0,360.0,0.4888888888888889,100.0,0.0,1.6445705727506632,0.060218965075989964,0.7464029045473779,2.1226493064565863,0.03980099502487562,0.01990049751243781,5.752983139327245,0.1741429886494295,3.605354738744836,1.547376209815078,0.14925373134328357,0.07462686567164178,63.29398402611086,-2.0842072647849794,4.741103817908276,13.78965612268326,0.009950248756218905,0.004975124378109453,2.5303272240007857,0.1326213824730909,1.4024869364379602,1.7096101070412777,0.025983047173523212,0.025983047173523212,0.02423364085777791,0.0236602664578393,0.025325025832642956,-0.011072755188080123,0.07491058749542645,0.02157640058212767,-0.01047427544748452,0.0786129722947161,-0.01047427544748452,0.0786129722947161,-0.011196765159988539,0.06968896055970493,200,-0.14535267697321205,0.009928696490558676,-6.142005939579038,0.29907209110976984,-0.030930487570736343,9.005256285808084,0.09090909090909091,0.14772727272727273,0.16214460445607976,6915.5,0.05738837114898342,0.005828106394127574,0.9990917799068262,0.3980407741951606,2.202948718069169e-05,0.05738837114898342,icc,0.9990917799068262,table,0.55,0.033485269188133084,True,-0.009251628330355175,0.04142531830729337,0.05,-0.025766359142222094,10.78965612268326,2.202948718069169e-05,0.7237104985366556,0.2762895014633444
none,pinned_sig&secretion|miss5-20,pinned_sig&secretion,miss,miss5-20,True,19,527,False,19.0,83.0,0.2289156626506024,94.0,0.06000000000000005,-0.059149885915024306,0.012402362353772687,0.09830224610086398,-0.7278800953884625,0.48756218905472637,0.7611940298507462,-0.17539987419306163,0.03587730114361527,0.42813089013541833,-0.4934873427840015,0.6567164179104478,0.6766169154228856,6.220016640506388,-0.20225815389696844,0.5385429400854869,11.925278963612264,0.009950248756218905,0.004975124378109453,-0.0896682382682777,0.023528571253822923,0.1668696075926467,-0.6783548613503707,-0.009509602519360585,-0.009509602519360585,-0.011141262334515905,-0.011266788581772966,-0.009600903293508673,-0.054634883260063286,0.06730561702644951,0.03237510558502059,-0.05439066418902105,0.07216962928732834,-0.05439066418902105,0.07216962928732834,-0.05779296011763642,0.06306111310359738,200,-0.14891325573252914,0.008971480395688639,-6.242196446432679,0.23665282375334556,-0.023985265365381744,6.696421716365921,0.2631578947368421,0.15789473684210525,0.1251490209049086,1145.25,0.21925221296813804,0.10624680869875941,0.9946886516589033,-0.039673560392655224,-5.949110319039451e-05,0.21925221296813804,icc,0.9946886516589033,table,0.55,0.15445284525353994,False,-0.16559410758805584,-0.08714722822709044,0.1,-0.0888587376654841,8.925278963612264,0.0,0.0,1.0
none,pinned_sig&secretion|miss<=5,pinned_sig&secretion,miss,miss<=5,True,531,527,False,531.0,1452.0,0.365702479338843,100.0,0.0,4.869827023310131,0.2224898285928878,1.490376900851225,3.1182294841411777,0.01990049751243781,0.009950248756218905,16.45292172841385,0.7507075431668646,6.934095647256349,2.2644934514942787,0.029850746268656716,0.014925373134328358,175.79018015970107,-6.396203108697903,13.295201541799774,13.703168221678299,0.009950248756218905,0.004975124378109453,8.010803772187721,0.4723588207184667,2.867122403975083,2.629272102585394,0.027702497482430543,0.027702497482430543,0.02550869670578363,0.024874188573655778,0.026955755727259136,-0.0015400912082925591,0.07425003833160707,0.017260673202484266,5.4124461544055306e-05,0.07822410182836578,5.4124461544055306e-05,0.07822410182836578,-0.0015424779845181213,0.06911802121484167,200,-0.13884367444900142,0.010684607711864462,-8.026956268406607,0.269809976685744,-0.02733677200532408,10.038276497169209,0.08851224105461393,0.160075329566855,0.16888821806581794,2420.75,0.13410560598989582,0.06115689696919468,0.9973385867995075,0.1647048034495013,6.807034545609136e-05,0.13410560598989582,icc,0.9973385867995075,table,0.55,0.08518138447906619,True,-0.05967268777328256,-0.010931346147459123,0.05,-0.024491303294216372,10.703168221678299,6.807034545609136e-05,0.29946327899909325,0.7005367210009068
none,splicing,splicing,primary,miss0,False,232,232,False,,232.0,,100.0,0.0,4.164199001192535,0.041750942422385064,1.2337637934418457,3.3413592461403874,0.009950248756218905,0.004975124378109453,13.545237645514803,0.03351610053457279,5.694623068284741,2.372715697414904,0.01990049751243781,0.009950248756218905,55.87243831158596,-2.126003045330786,4.676423389883198,12.402307601657375,0.009950248756218905,0.004975124378109453,6.531104566635033,0.09263610217401526,2.2843002114450575,2.818573684930851,0.07453046845691408,0.07453046845691408,0.07107860077482095,0.0663617037287483,0.06936096336471874,0.005290178814014911,0.15109491715485962,0.03838380031334308,0.006517204390122005,0.1583703585988897,0.006517204390122005,0.1583703585988897,0.005261728206294528,0.13126187377746107,200,-0.06907592232409004,0.008128798444120646,-3.4983009798990063,0.31770982445402496,-0.029707582623991792,7.072539939547767,0.02586206896551724,0.17672413793103448,0.1622365294032474,1931.25,-0.03817492544795113,-0.058932178673142106,0.9959969047672959,,0.0002856780041655304,0.001,icc,0.9959969047672959,unselected,1.0,0.001001001001001001,True,0.07007759977381994,0.15009391615385861,0.05,0.021078600774820946,9.402307601657375,0.0002856780041655304,1.0,-70.00752217404613
none,splicing|depthT1,splicing,depth,depthT1,False,77,232,False,,77.0,,100.0,0.0,2.1547961777234246,-0.02548501216758049,0.4277443240311002,5.097159839185808,0.009950248756218905,0.004975124378109453,7.8374052245392365,-0.10241589510950048,2.03298492100665,3.905499267410831,0.009950248756218905,0.004975124378109453,16.55833265233415,-0.661557564636052,1.447524065289437,11.89609943619627,0.009950248756218905,0.004975124378109453,3.3062096706178057,-0.03720447085014053,0.7786748839598143,4.293722849343235,0.13013364467102145,0.13013364467102145,0.12661411672313322,0.11238463538110342,0.11514889879143715,0.05546498927902878,0.2366411602039656,0.04541915744768051,0.056222527822199414,0.24901056640676245,0.056222527822199414,0.24901056640676245,0.05254978656207132,0.19135782787639544,200,-0.02046807261927258,0.0067752462042976495,-1.2076207140381547,0.31237118077555115,-0.027297586506215787,7.33671951478288,0.025974025974025976,0.22077922077922077,0.16024400700592267,870.25,-0.15069257960316124,-0.1558533234375772,0.9918728875156704,,0.0010374385484921192,0.001,icc,0.9918728875156704,unselected,1.0,0.001001001001001001,True,0.1256131157221322,0.2356401592029646,0.1,0.026614116723133213,8.89609943619627,0.0010374385484921192,1.0,-125.48750260641009
none,splicing|depthT2,splicing,depth,depthT2,False,77,232,False,,77.0,,100.0,0.0,1.2843064894293128,0.023730268256345277,0.5150641933712872,2.4474157539898593,0.009950248756218905,0.004975124378109453,4.097381954581003,0.003197096392351675,2.231352411189312,1.8348445712376056,0.08955223880597014,0.04477611940298507,17.09265266461866,-0.7243471376592362,1.6298959327727787,10.931372637986538,0.009950248756218905,0.004975124378109453,2.0525702147003395,0.046833570990893525,0.9613820300839101,2.086305527818513,0.07513792707481813,0.07513792707481813,0.070751318132237,0.0660763306419757,0.06988677934490664,-0.04810734298490727,0.19242630818766415,0.06099170356242558,-0.04883321633879669,0.2036914390602409,-0.04883321633879669,0.2036914390602409,-0.050541897593906336,0.1613716849624268,200,-0.07651805983078812,0.008607748716105456,-3.2632571274261113,0.29587992913283157,-0.029877798027030986,6.223998803038661,0.025974025974025976,0.2077922077922078,0.17517808627712414,1928.25,-0.019828566604794148,-0.05567868004405374,0.9959586448220451,,0.00028709144437612623,0.001,icc,0.9959586448220451,unselected,1.0,0.001001001001001001,True,0.069750317131236,0.19142530718666315,0.1,-0.029248681867763,7.931372637986538,0.00028709144437612623,1.0,-69.68056681410476
none,splicing|depthT3,splicing,depth,depthT3,False,78,232,False,,78.0,,100.0,0.0,0.7250963340397975,0.043505686333620314,0.4202333786842353,1.621933626120467,0.09950248756218906,0.04975124378109453,1.6104504663945658,0.13273489925172177,2.0788465063523525,0.7108343798483311,0.48756218905472637,0.24378109452736318,22.221452994633147,-0.7400983430354975,1.9828962845178544,11.579804509670458,0.009950248756218905,0.004975124378109453,1.1723246813168882,0.08300700203326226,0.7860101100748227,1.3858825291444794,0.03263046454320158,0.03263046454320158,0.02968399816209374,0.02882826014105044,0.03159936266032604,-0.047204225510302955,0.09197551044553116,0.033772266858042944,-0.04672302365874557,0.09670451902222885,-0.04672302365874557,0.09670451902222885,-0.04954287369914427,0.08422834864580997,200,-0.10971386898120787,0.008992187566217315,-4.183623678134838,0.34453004885113236,-0.031918648201360186,6.478448238525478,0.02564102564102564,0.10256410256410256,0.15142786716357426,5334.5,0.09558869685080035,0.033534600204059205,0.9985581656393037,0.2808547908374678,4.2861207274342745e-05,0.09558869685080035,icc,0.9985581656393037,unselected,1.0,0.10569162118823187,True,-0.07600762302613813,-0.01371611074270071,0.1,-0.07031600183790626,8.579804509670458,4.2861207274342745e-05,0.2808547908374678,0.7191452091625322
none,splicing|miss<=5,splicing,miss,miss<=5,False,232,232,False,,232.0,,100.0,0.0,4.164199001192535,0.041750942422385064,1.2337637934418457,3.3413592461403874,0.009950248756218905,0.004975124378109453,13.545237645514803,0.03351610053457279,5.694623068284741,2.372715697414904,0.01990049751243781,0.009950248756218905,55.87243831158596,-2.126003045330786,4.676423389883198,12.402307601657375,0.009950248756218905,0.004975124378109453,6.531104566635033,0.09263610217401526,2.2843002114450575,2.818573684930851,0.07453046845691408,0.07453046845691408,0.07107860077482095,0.0663617037287483,0.06936096336471874,0.005290178814014911,0.15109491715485962,0.03838380031334308,0.006517204390122005,0.1583703585988897,0.006517204390122005,0.1583703585988897,0.005261728206294528,0.13126187377746107,200,-0.06907592232409004,0.008128798444120646,-3.4983009798990063,0.31770982445402496,-0.029707582623991792,7.072539939547767,0.02586206896551724,0.17672413793103448,0.1622365294032474,1931.25,-0.03817492544795113,-0.058932178673142106,0.9959969047672959,,0.0002856780041655304,0.001,icc,0.9959969047672959,unselected,1.0,0.001001001001001001,True,0.07007759977381994,0.15009391615385861,0.05,0.021078600774820946,9.402307601657375,0.0002856780041655304,1.0,-70.00752217404613
none,pinned_sig&splicing,pinned_sig&splicing,primary,miss0,True,113,113,False,113.0,232.0,0.4870689655172414,100.0,0.0,2.1677595562776957,0.011570966544073682,0.6035211655788403,3.5726809807334767,0.009950248756218905,0.004975124378109453,6.622734538895244,-0.027433980717516047,3.0084582519993073,2.2104905445150553,0.01990049751243781,0.009950248756218905,38.364784177670515,-1.1886747559148676,2.85514623821307,13.853391607128474,0.009950248756218905,0.004975124378109453,3.2210835386916843,0.027177989564451388,1.0967002101437469,2.912286803253736,0.05650389029268666,0.05650389029268666,0.05451327514375166,0.051695200457595375,0.053481951947222085,0.014082518714646367,0.10793152829200789,0.025079296306509485,0.014824240421155219,0.11196016154538543,0.014824240421155219,0.11196016154538543,0.013886540047994913,0.09741714522855366,200,-0.10282743900947651,0.007537319413232383,-4.368081637407041,0.32493168846701087,-0.03024359176873668,6.922399459402213,0.035398230088495575,0.17699115044247787,0.13561817020871128,2147.0,-0.09656406892367604,-0.09126806929351743,0.9963974788233931,,0.0001970952679882989,0.001,icc,0.9963974788233931,table,0.55,0.0005505505505505506,True,0.05396272459320111,0.10738097774145734,0.05,0.0045132751437516605,10.853391607128474,0.0001970952679882989,1.0,-98.0159306701962
none,pinned_sig&splicing|depthT1,pinned_sig&splicing,depth,depthT1,True,38,113,False,38.0,78.0,0.48717948717948717,100.0,0.0,1.0055524994366887,-0.009218347905883623,0.23294166029432647,4.3563304479773555,0.009950248756218905,0.004975124378109453,3.4503163795060368,-0.04117797469960208,1.1644933919946348,2.9982946903847485,0.009950248756218905,0.004975124378109453,11.568081163072806,-0.39412646893598824,0.8945057972291748,13.372979436313306,0.009950248756218905,0.004975124378109453,1.4793770137179392,-0.01492515049752341,0.4168792471596147,3.5844964084847435,0.0869247444983854,0.0869247444983854,0.08483140224277844,0.07819777531088992,0.0799731029570967,0.028453446185433322,0.1496293380847946,0.030626616637574607,0.028659722411739665,0.15422687744587524,0.028659722411739665,0.15422687744587524,0.02766624317790636,0.13015441770716737,200,-0.06109204010998565,0.0068344815867570526,-2.5670294031325196,0.318147504056444,-0.028040258950223475,6.671410183570197,0.05263157894736842,0.21052631578947367,0.12845047453136244,889.5,-0.20882968729718274,-0.189459374792441,0.9919071002235059,,0.0006921334025087278,0.001,icc,0.9919071002235059,table,0.55,0.0005505505505505506,True,0.08428085169222789,0.14907878753424403,0.1,-0.015168597757221569,10.372979436313306,0.0006921334025087278,1.0,-153.0846742555194
none,pinned_sig&splicing|depthT2,pinned_sig&splicing,depth,depthT2,True,37,113,False,37.0,89.0,0.4157303370786517,100.0,0.0,0.46595483400286564,0.009363089213795629,0.2208550232366519,2.067382204387627,0.01990049751243781,0.009950248756218905,1.5458830970567508,-0.0029660929828085616,1.0217525576217572,1.5158750310786382,0.15920398009950248,0.07960199004975124,13.000751126975914,-0.3914207221457584,1.0119186807929261,13.234434844732526,0.009950248756218905,0.004975124378109453,0.6811078574043481,0.018701566634641023,0.4078843899022904,1.6240050052623682,0.035840608704218055,0.035840608704218055,0.03409392814945215,0.03296985623971745,0.03460050552473779,-0.02284189112124539,0.1082706576531004,0.034729588973428906,-0.02281188960545712,0.11314811630104618,-0.02281188960545712,0.11314811630104618,-0.02337747690136919,0.09769279755189947,200,-0.12597402434994934,0.008162001376807117,-4.846801470192027,0.32440715808373444,-0.029278361182691795,6.945755599721222,0.02702702702702703,0.10810810810810811,0.13871920929769918,2147.0,0.014643028730283817,-0.03414802861170314,0.9963666175724922,2.2942446128342975,0.00012432801063200926,0.014643028730283817,icc,0.9963666175724922,table,0.55,0.00817334837675961,True,0.025920579772692538,0.10009730927634079,0.1,-0.06590607185054786,10.234434844732526,0.00012432801063200926,1.0,-3.171353841516903
none,pinned_sig&splicing|depthT3,pinned_sig&splicing,depth,depthT3,True,38,113,False,38.0,65.0,0.5846153846153846,100.0,0.0,0.696252222838141,0.011426225236161672,0.24105330484871154,2.8409732778058605,0.009950248756218905,0.004975124378109453,1.6265350623324561,0.016710086964894632,1.292211097276638,1.245791015694186,0.1890547263681592,0.0945273631840796,13.795951887621786,-0.40312756483312084,1.1902892016744924,11.929100450948996,0.009950248756218905,0.004975124378109453,1.0605986675693968,0.023401573427333813,0.4423918424206668,2.3445212924062027,0.050467863943686485,0.050467863943686485,0.04823030957007417,0.04601117629374365,0.04804322500092394,-4.780740104745173e-05,0.11886152261989387,0.031116803304401634,0.0009595825131122276,0.12374596280291474,0.0009595825131122276,0.12374596280291474,-4.7827005282537253e-05,0.10623342020920891,200,-0.12202537323534901,0.007631914275174418,-3.561144783178292,0.3322265998297153,-0.03338675436839885,5.780517575698914,0.02631578947368421,0.21052631578947367,0.13976643308888764,7295.0,-0.06942216673986121,-0.048693645511097214,0.9989174902944904,,5.226635704811426e-05,0.001,icc,0.9989174902944904,table,0.65,0.0006506506506506508,True,0.04757965891942351,0.11821087196924322,0.1,-0.05176969042992584,8.929100450948996,5.226635704811426e-05,1.0,-73.1262757853909
none,pinned_sig&splicing|miss<=5,pinned_sig&splicing,miss,miss<=5,True,113,113,False,113.0,232.0,0.4870689655172414,100.0,0.0,2.1677595562776957,0.011570966544073682,0.6035211655788403,3.5726809807334767,0.009950248756218905,0.004975124378109453,6.622734538895244,-0.027433980717516047,3.0084582519993073,2.2104905445150553,0.01990049751243781,0.009950248756218905,38.364784177670515,-1.1886747559148676,2.85514623821307,13.853391607128474,0.009950248756218905,0.004975124378109453,3.2210835386916843,0.027177989564451388,1.0967002101437469,2.912286803253736,0.05650389029268666,0.05650389029268666,0.05451327514375166,0.051695200457595375,0.053481951947222085,0.014082518714646367,0.10793152829200789,0.025079296306509485,0.014824240421155219,0.11196016154538543,0.014824240421155219,0.11196016154538543,0.013886540047994913,0.09741714522855366,200,-0.10282743900947651,0.007537319413232383,-4.368081637407041,0.32493168846701087,-0.03024359176873668,6.922399459402213,0.035398230088495575,0.17699115044247787,0.13561817020871128,2147.0,-0.09656406892367604,-0.09126806929351743,0.9963974788233931,,0.0001970952679882989,0.001,icc,0.9963974788233931,table,0.55,0.0005505505505505506,True,0.05396272459320111,0.10738097774145734,0.05,0.0045132751437516605,10.853391607128474,0.0001970952679882989,1.0,-98.0159306701962
none,translation,translation,primary,miss0,False,1301,1301,False,,1302.0,,100.0,0.0,10.96439212655448,0.7551758656118659,3.125355104496417,3.2665780110089626,0.009950248756218905,0.004975124378109453,38.716729742759306,2.973386831100679,13.853196127906108,2.580151365911629,0.01990049751243781,0.009950248756218905,227.81786543782303,-11.774246095175995,18.076322257837607,13.254472238074626,0.009950248756218905,0.004975124378109453,19.74346400667008,1.527163338960069,6.086174065419927,2.9930627142608914,0.04812788542936694,0.04812788542936694,0.04261081967857903,0.04086934345426733,0.0459179515194859,-0.010021412672323248,0.10019442148544336,0.027122081233029324,-0.007112289719826466,0.10982107808105865,-0.007112289719826466,0.10982107808105865,-0.01012287945146304,0.09106973545405007,200,-0.06689635949219334,0.010511790044236661,-6.545259096785856,0.27386482786000726,-0.027729572657255588,8.981169327150672,0.07148347425057648,0.1299000768639508,0.1868263019315887,1732.25,0.06554741245904254,0.01235766117223456,0.9959630027443305,0.6074654850909571,0.00017271702024097287,0.06554741245904254,icc,0.9959630027443305,unselected,1.0,0.07014525223963765,True,-0.02753443256105862,0.03004916924580571,0.05,-0.007389180321420975,10.254472238074626,0.00017271702024097287,0.6074654850909571,0.3925345149090429
none,translation|depthT1,translation,depth,depthT1,False,434,1301,False,,435.0,,100.0,0.0,4.250265981615989,0.1845634312776764,1.0841538777540571,3.750115766555997,0.009950248756218905,0.004975124378109453,14.98544728559551,1.0358728784759865,5.459202051561138,2.5552405416338164,0.01990049751243781,0.009950248756218905,62.72082381509358,-3.5070961676625534,5.85965724465098,11.302353912118777,0.009950248756218905,0.004975124378109453,7.6475033053180885,0.3503356216668952,2.0622629010817057,3.5384274622908922,0.06776483029218719,0.06776483029218719,0.061389555211712916,0.0578388537085874,0.06346419021278663,-0.0035070464950387892,0.14240910157919864,0.03660636733624476,0.0004639051330959012,0.1542410537852303,0.0004639051330959012,0.1542410537852303,-0.0035199933806385458,0.12465678556468245,200,-0.03978830804880997,0.010068228539480773,-4.2277011602515975,0.26415458832198413,-0.024221150817292033,9.400904798812379,0.059907834101382486,0.11981566820276497,0.179720082617219,552.875,0.060744518050316665,0.021613084036222304,0.9888436714982863,0.9492292986717263,0.0006926090182467677,0.060744518050316665,icc,0.9888436714982863,unselected,1.0,0.06467305138770624,True,-0.003283496175993321,0.0777360501914924,0.05,0.011389555211712914,8.302353912118777,0.0006926090182467677,0.9492292986717263,0.05077070132827366
none,translation|depthT2,translation,depth,depthT2,False,433,1301,False,,433.0,,100.0,0.0,4.172265550970142,0.3538835378996903,1.19579523394769,3.1931738015586424,0.009950248756218905,0.004975124378109453,13.535493420912072,1.4046161283086598,5.067083200159594,2.3940552806043,0.01990049751243781,0.009950248756218905,71.70740639049683,-4.177740091184444,5.939325635223983,12.776727720001414,0.009950248756218905,0.004975124378109453,7.683442936815498,0.702041448721515,2.3272336912580953,2.999871269618763,0.05818458316912547,0.05818458316912547,0.050317910554369315,0.04790731458422047,0.05498528715554539,-0.016894282386886797,0.12086227166612697,0.03434266176214004,-0.01217015607938563,0.1385636407407013,-0.01217015607938563,0.1385636407407013,-0.01718577321925614,0.10782896378609834,200,-0.0708725389779103,0.011766876692037097,-6.19219883791864,0.2626216250673817,-0.027817294704278076,7.6732282294199,0.07159353348729793,0.15473441108545036,0.1942490282877134,1732.25,0.04404386508623947,0.012603406129023895,0.9958054752616061,1.092132018756899,0.0002119487448581717,0.04404386508623947,icc,0.9958054752616061,unselected,1.0,0.046073102601316314,True,0.004244807953053001,0.07478916906481065,0.05,0.000317910554369312,9.776727720001414,0.0002119487448581717,1.0,-0.09213201875689903
none,translation|depthT3,translation,depth,depthT3,False,434,1301,False,,434.0,,100.0,0.0,2.54186059396835,0.2167288964344991,1.3221437769012927,1.758607299868143,0.06965174129353234,0.03482587064676617,10.195789036251727,0.5328978243160325,6.31289520719142,1.530659213371399,0.12935323383084577,0.06467661691542288,93.38963523223264,-4.089409836329,7.453051804175665,13.079077890475387,0.009950248756218905,0.004975124378109453,4.412517764536494,0.47478626857165807,2.6145921231274136,1.5060595727852053,0.027217801928955905,0.027217801928955905,0.023852631054176572,0.023296937792324158,0.026496622116405195,-0.024187993022645547,0.07976024972877317,0.026956886203895594,-0.02272543646982537,0.08597674441028877,-0.02272543646982537,0.08597674441028877,-0.02478755704080317,0.0738684681833436,200,-0.09003739315374389,0.009703156805910555,-5.617411056290926,0.294792364193438,-0.031150474574728984,8.695373658926028,0.08294930875576037,0.1152073732718894,0.1865268979459538,4851.0,0.08667534217795905,0.002857059584076811,0.9987711221812876,0.2513424873591215,2.9348034368866694e-05,0.08667534217795905,icc,0.9987711221812876,unselected,1.0,0.09490091112250199,True,-0.07104828006832542,-0.015140661393728813,0.05,-0.02614736894582343,10.079077890475387,2.9348034368866694e-05,0.2513424873591215,0.7486575126408785
none,translation|miss5-20,translation,miss,miss5-20,False,86,1301,False,,86.0,,89.0,0.10999999999999999,0.39272607456642966,-0.0028751033488021195,0.251797207421987,1.5711102675266913,0.12935323383084577,0.06467661691542288,1.6650976753863758,-0.006665418224102395,1.0586501859536435,1.579145893319365,0.09950248756218906,0.04975124378109453,7.227708059828847,-0.7709199638615892,0.9835223369005995,8.132634840706036,0.009950248756218905,0.004975124378109453,0.6464647359036098,0.009081624446472219,0.4835555957993849,1.318117538074302,0.054336183934873744,0.054336183934873744,0.049458629247857926,0.04712775508197469,0.05153591877316248,-0.10375556393026823,0.2314510716582329,0.08745016705786224,-0.11566381646010876,0.2699642759108334,-0.11566381646010876,0.2699642759108334,-0.11576749675329844,0.18792194168445206,200,-0.023689123864458938,0.007926184885723893,-2.504024234843083,0.2580621762886778,-0.019699211480369613,11.265297756868264,0.08139534883720931,0.11627906976744186,0.19227468349110513,704.75,0.29532148232280986,0.2577508747603401,0.9935684637701676,0.11801523299490202,0.00032015404824586695,0.29532148232280986,icc,0.9935684637701676,unselected,1.0,0.4190868245796237,True,-0.3696281953317658,-0.1876357529213908,0.1,-0.05054137075214208,5.132634840706036,0.00032015404824586695,0.11801523299490202,0.881984767005098
none,translation|miss20+,translation,miss,miss20+,False,84,1301,False,,84.0,,57.5,0.42500000000000004,1.0789080810750766,0.027021571143933155,0.4112819034361918,2.5575803387963507,0.01990049751243781,0.009950248756218905,2.8045710624129314,0.1573590363246443,1.2819933900776899,2.0649186232761028,0.04975124378109453,0.024875621890547265,5.552852017320396,-1.5805887726041692,1.6313198020082686,4.372803408101098,0.009950248756218905,0.004975124378109453,1.121452850367855,0.018590040730558262,0.4555180574932332,2.421117651639265,0.19429800716996565,0.19429800716996565,0.14745850437517502,0.12850879035095958,0.16268804436036732,-0.5481638776126841,0.8038893738131369,0.4156465344369416,-1.8783410331733712,2.2660028272230046,-1.8783410331733712,2.2660028272230046,-0.4973333183533596,0.44801881752761635,200,0.017992104373295008,0.008460552047947904,0.5830162696524176,0.1562606272074602,-0.018817307880402024,7.1207524256486225,0.0,0.05952380952380952,0.14610485817044644,725.25,0.3711771719023287,0.2659562754034927,0.9933080940367587,0.24981405314616184,0.0009934263605450523,0.3711771719023287,icc,0.9933080940367587,unselected,1.0,0.5902730551707578,True,-0.44281455079558274,0.21361631864237907,0.1,0.047458504375175015,1.372803408101098,0.0009934263605450523,0.24981405314616184,0.7501859468538381
none,translation|miss<=5,translation,miss,miss<=5,False,1307,1301,False,,1308.0,,100.0,0.0,11.035666572145985,0.7615243654764678,3.135819502071378,3.276381883550023,0.009950248756218905,0.004975124378109453,38.899042363754845,3.004944571505557,13.899937760732334,2.5823207564030253,0.01990049751243781,0.009950248756218905,228.62028171635063,-11.837672137409326,18.116801227521677,13.272649560700284,0.009950248756218905,0.004975124378109453,19.88186705825698,1.5367820322646821,6.10457438191238,3.0051374392861985,0.048270724230136085,0.048270724230136085,0.04272739596261379,0.04097657367405138,0.046047956042640364,-0.009705668273297934,0.09985076249020113,0.02708357319842954,-0.0067662879441685655,0.11001548557671718,-0.0067662879441685655,0.11001548557671718,-0.009800825569388062,0.09078569732933718,200,-0.06655836805411529,0.010521519555543696,-6.530263664228151,0.2734178375007183,-0.02772896662024568,8.999387071163545,0.07115531752104055,0.12930374904361133,0.18658251982884014,1716.75,0.06554741245904254,0.013365984269785023,0.99595042172266,0.6091274120256056,0.0001737314737396512,0.06554741245904254,icc,0.99595042172266,unselected,1.0,0.07014525223963765,True,-0.02741785627702386,0.029705510250563477,0.05,-0.007272604037386214,10.272649560700284,0.0001737314737396512,0.6091274120256056,0.3908725879743944
none,pinned_sig&translation,pinned_sig&translation,primary,miss0,True,406,406,False,406.0,1302.0,0.3118279569892473,100.0,0.0,4.008031288068473,0.24524080585785468,1.0584466306131648,3.5550120085231036,0.009950248756218905,0.004975124378109453,13.49835013604412,0.9183185648183847,4.727110722472866,2.661251726434031,0.01990049751243781,0.009950248756218905,138.13724217035505,-5.013194650404931,10.004592311023456,14.308472786345442,0.009950248756218905,0.004975124378109453,6.506548867129986,0.5036249147065811,2.0427515187917513,2.938646182465707,0.029014849472133276,0.029014849472133276,0.026285567587348995,0.0256123328803528,0.028196725719767203,0.006119293014777515,0.0603679696054006,0.01405246733520378,0.008451223303686086,0.06478058617123096,0.008451223303686086,0.06478058617123096,0.006082045883199918,0.056931123382829074,200,-0.13105866819106893,0.011098541575523667,-8.985779877245573,0.27954509446770015,-0.028257863649224932,8.968506282533772,0.09852216748768473,0.14285714285714285,0.15829581308055707,2418.5,0.0499378305665138,0.001197651485890159,0.997280216673517,0.5000802614676078,7.168601889013412e-05,0.0499378305665138,icc,0.997280216673517,table,0.55,0.02890948371090306,True,-0.0026239161235540633,0.03145848589449754,0.05,-0.023714432412651008,11.308472786345442,7.168601889013412e-05,0.9092368390320139,0.09076316096798609
none,pinned_sig&translation|depthT1,pinned_sig&translation,depth,depthT1,True,135,406,False,135.0,610.0,0.22131147540983606,100.0,0.0,1.9301595322502179,0.10340094903510089,0.32151817271554717,5.681665107095775,0.009950248756218905,0.004975124378109453,6.14587975093275,0.46217142840333847,1.5502735718791907,3.6662615074059524,0.009950248756218905,0.004975124378109453,45.37534992672464,-1.6872879899838926,3.5453408029497293,13.27450322337202,0.009950248756218905,0.004975124378109453,3.1996042543556578,0.19538162687929247,0.6304163384268423,4.765458070095681,0.042537623078768044,0.042537623078768044,0.03881547367676488,0.037365128514482066,0.04080200286024033,0.0200538886875364,0.07066251334114339,0.012942399828430262,0.02336393294500968,0.0762071588518906,0.02336393294500968,0.0762071588518906,0.01965962037831326,0.06599881023490416,200,-0.10530649944069147,0.011302674307745944,-7.564089841111667,0.24429148141927354,-0.02284811020242331,8.698283322132546,0.08888888888888889,0.16296296296296298,0.1485924525869939,781.75,0.014643028730283817,0.021972739890622105,0.9912450777419102,2.6119663004850993,0.0003428278859403214,0.014643028730283817,icc,0.9912450777419102,table,0.55,0.00817334837675961,True,0.030642125300005273,0.06248916496438378,0.05,-0.01118452632323512,10.27450322337202,0.0003428278859403214,1.0,-3.749029637245634
none,pinned_sig&translation|depthT2,pinned_sig&translation,depth,depthT2,True,135,406,False,135.0,388.0,0.3479381443298969,100.0,0.0,0.8623261592993783,0.09731054310509336,0.45309995439079176,1.6884036486449758,0.10945273631840796,0.05472636815920398,2.5984524495847,0.3014338573781206,1.8787051146142935,1.2226605305634501,0.19900497512437812,0.09950248756218906,43.8913154979048,-1.5619538542048204,3.0690268684828004,14.810319785365657,0.009950248756218905,0.004975124378109453,1.473556593659033,0.21605689006046158,0.9019521646049365,1.3941977778271288,0.01964685153582472,0.01964685153582472,0.016830816068872684,0.01655222855454126,0.019268290297010188,-0.017446450146136754,0.05539388258825062,0.01852490384723185,-0.015704762781590623,0.05948702244820633,-0.015704762781590623,0.05948702244820633,-0.017756405055754286,0.0524864538274274,200,-0.16037801086937123,0.012011970564105896,-9.219453408846181,0.2774511652041205,-0.028530374115422568,7.84746918092834,0.08888888888888889,0.13333333333333333,0.18266189718361386,2416.25,0.13132891620919268,0.03446251542339825,0.99707459663102,0.11132691609472048,4.9381386505008697e-05,0.13132891620919268,icc,0.99707459663102,table,0.55,0.08315103986176954,True,-0.06632022379289686,-0.02775715727351892,0.05,-0.03316918393112732,11.810319785365657,4.9381386505008697e-05,0.2024125747176736,0.7975874252823264
none,pinned_sig&translation|depthT3,pinned_sig&translation,depth,depthT3,True,136,406,False,136.0,304.0,0.4473684210526316,100.0,0.0,1.2155455965188777,0.04452931371766047,0.4902939482363835,2.388396363066345,0.03980099502487562,0.01990049751243781,4.75401793552667,0.1547132790369253,2.47882343094578,1.855438591983499,0.06965174129353234,0.03482587064676617,48.870576745725614,-1.76395280621622,3.6529307916665625,13.861343792073606,0.009950248756218905,0.004975124378109453,1.833388019115295,0.09218639776682712,0.906336383488524,1.9211428042274052,0.024872749156274146,0.024872749156274146,0.023126832482959422,0.02260407189872484,0.024269109678982704,-0.006377848046982205,0.06656135175493197,0.019290336578335766,-0.005571199604471388,0.070261472171977,-0.005571199604471388,0.070261472171977,-0.006418818397288009,0.06240730422285299,200,-0.1275177234832024,0.009989197220313306,-6.4464423386327665,0.3166180224980004,-0.0333573327843833,8.60330327045264,0.11764705882352941,0.1323529411764706,0.1437409036152509,6657.875,0.009379329285988527,-0.0524449482655981,0.9990338580712594,2.4425966513388357,2.2365410701778752e-05,0.009379329285988527,icc,0.9990338580712594,table,0.55,0.005207473718043349,True,0.01791935876491607,0.06135387803688862,0.05,-0.02687316751704058,10.861343792073606,2.2365410701778752e-05,1.0,-3.441084820616065
none,pinned_sig&translation|miss<=5,pinned_sig&translation,miss,miss<=5,True,408,406,False,408.0,1308.0,0.3119266055045872,100.0,0.0,3.9889232075796555,0.24788608555362984,1.059685730238041,3.530326978344479,0.009950248756218905,0.004975124378109453,13.346859331997795,0.9352317213903819,4.735940447644083,2.620731351632945,0.01990049751243781,0.009950248756218905,138.91636718154223,-5.028906763216149,10.054510248549851,14.316487863296913,0.009950248756218905,0.004975124378109453,6.479025828341925,0.5077259641176863,2.0449729547058113,2.9199896509551966,0.028714566098368734,0.028714566098368734,0.02598930148593636,0.025330967338836923,0.02791305484015375,0.006215862624164944,0.059738030304841865,0.013967794902001672,0.008565202374093079,0.0641305247781598,0.008565202374093079,0.0641305247781598,0.006177420187458363,0.056370532483694585,200,-0.13112872101691717,0.011098718287240137,-9.025762035741526,0.27960948019921894,-0.028156532583389845,8.99908078915894,0.09803921568627451,0.14215686274509803,0.15764921016526304,2407.75,0.0499378305665138,0.0028180489741586765,0.9972578880740364,0.49444382889044985,7.146152906314204e-05,0.0499378305665138,icc,0.9972578880740364,table,0.55,0.02890948371090306,True,-0.0029201822249666984,0.030828546593938806,0.05,-0.024010698514063643,11.316487863296913,7.146152906314204e-05,0.8989887798008178,0.10101122019918218
plex,all,all,primary,miss0,False,8543,8543,False,,8559.0,,100.0,0.0,79.3886933781323,13.641670801658687,22.33542301130511,2.94362110550562,0.009950248756218905,0.004975124378109453,228.91464970607566,49.53333265394128,85.69904953914389,2.09315410167064,0.04975124378109453,0.024875621890547265,1215.790231883056,-29.994207274561468,90.47856688329199,13.768834786746245,0.009950248756218905,0.004975124378109453,156.97874119498093,29.749708740892984,46.17329724656402,2.7554677712247564,0.06529801876691546,0.06529801876691546,0.05277560106701192,0.05012996218142086,0.06129554135705429,-0.029375166130745055,0.12820081382366255,0.04006549974439445,-0.015744042072153238,0.14543036927433167,-0.015744042072153238,0.14543036927433167,-0.030264462677040384,0.1136323498880975,200,-0.08038529304276665,0.010431689873357328,-6.88091950544711,0.2490888552854281,-0.019166125343411673,9.34527214383157,0.06929650005852744,0.11904483202622029,0.2607821093303968,1330.5,0.20216110613835522,0.13907775802526737,0.9956661012016254,0.2082815432824719,0.0002297196959621159,0.20216110613835522,icc,0.9956661012016254,unselected,1.0,0.2533858748849269,True,-0.200610273817915,-0.12518506106126437,0.05,0.0027756010670119194,10.768834786746245,0.0002297196959621159,0.2082815432824719,0.7917184567175282
plex,all|depthT1,all,depth,depthT1,False,2847,8543,False,,2863.0,,100.0,0.0,34.339719800528016,3.402725080938967,6.755027927861849,4.579847048742174,0.009950248756218905,0.004975124378109453,105.78977537403404,12.903123315207218,26.042559470624752,3.5667251586235316,0.009950248756218905,0.004975124378109453,315.4115426494998,-7.581233572999408,26.093263923764894,12.378396860054288,0.009950248756218905,0.004975124378109453,66.94222445355175,8.00726895412044,14.510927393324879,4.061418950145238,0.10887274293156715,0.10887274293156715,0.095782311547047,0.0874099814696038,0.09818326189868849,0.020964740650498997,0.1918737829908435,0.044332522898276626,0.0330333602718903,0.21076985685495664,0.0330333602718903,0.21076985685495664,0.020534118773266715,0.16098498222839497,200,-0.048338210592536575,0.008427171540060563,-5.906101980531604,0.23059011019098663,-0.015238798533874698,10.27023427199089,0.056199508254302775,0.1327713382507903,0.2684254638220502,401.5,0.2059524929775728,0.1512180914265162,0.987803414456869,0.3692876187182653,0.0011826413426042962,0.2059524929775728,icc,0.987803414456869,unselected,1.0,0.25937049251608046,True,-0.16358818096903346,-0.06749670952523695,0.05,0.045782311547047,9.378396860054288,0.0011826413426042962,0.3692876187182653,0.6307123812817347
plex,all|depthT2,all,depth,depthT2,False,2848,8543,False,,2848.0,,100.0,0.0,24.108586681843185,4.306805655335983,7.935486482111594,2.4953455684342676,0.009950248756218905,0.004975124378109453,69.61334368391246,16.091360973151975,30.90274606035978,1.7319490833021898,0.09950248756218906,0.04975124378109453,397.0061932606953,-10.951540970544507,30.97262147288536,13.171559746351528,0.009950248756218905,0.004975124378109453,47.2208053557945,8.943612617051922,16.373073459669556,2.3378135347054805,0.060725971259627705,0.060725971259627705,0.04853880528536101,0.046291853997860496,0.05724944321624813,-0.0349029897071774,0.1375661948175134,0.04599043909515911,-0.024640854836177766,0.1549503044323788,-0.024640854836177766,0.1549503044323788,-0.0361799726692482,0.12093015618226695,200,-0.08118487917014483,0.010910698161470833,-6.537013576159842,0.25475798964573976,-0.019225180566296372,8.94500299518572,0.0723314606741573,0.11867977528089887,0.2584372701732974,1330.25,0.17684346035241844,0.11404405627472473,0.9953201148950881,0.22593447853656579,0.0002282240944051691,0.17684346035241844,icc,0.9953201148950881,unselected,1.0,0.21483575946335862,True,-0.1662969541779976,-0.07726956464584522,0.05,-0.0014611947146389928,10.171559746351528,0.0002282240944051691,0.22593447853656579,0.7740655214634342
plex,all|depthT3,all,depth,depthT3,False,2848,8543,False,,2848.0,,100.0,0.0,20.94038689576111,5.932140065383736,9.991228701950101,1.5021422567824962,0.13930348258706468,0.06965174129353234,53.511530648129146,20.538848365582115,38.993203379708916,0.8456007566617413,0.39800995024875624,0.19900497512437812,503.3724959728611,-11.46143273101755,35.9050599634844,14.338756967053307,0.009950248756218905,0.004975124378109453,42.8157113856347,12.79882716972062,20.183967326596633,1.487164724863605,0.04160018090636818,0.04160018090636818,0.02915162733769591,0.028325881787806154,0.03993872281221091,-0.05353008747399389,0.11181342914127529,0.039903369112204747,-0.041767829014343213,0.12831852224354343,-0.041767829014343213,0.12831852224354343,-0.05655816005442538,0.10056851791023158,200,-0.11162153687880318,0.011956496084856156,-6.536023361591582,0.261911970673668,-0.023033017952953837,8.076037412009057,0.07935393258426966,0.10568820224719101,0.2554862777579535,3721.375,0.2166387060986304,0.15197538913207567,0.9983405446839169,0.10541171022407791,4.845623391297821e-05,0.2166387060986304,icc,0.9983405446839169,unselected,1.0,0.2765501790619574,True,-0.24739855172426148,-0.1647367499206821,0.05,-0.020848372662304094,11.338756967053307,4.845623391297821e-05,0.10541171022407791,0.8945882897759221
plex,all|miss0-5,all,miss,miss0-5,False,108,8543,False,,108.0,,95.0,0.050000000000000044,0.8587115343533375,0.08283967635213077,0.2692510314255009,2.881592890818258,0.01990049751243781,0.009950248756218905,2.4109918003031656,0.5206126218014574,1.1402961374812008,1.6577967041766581,0.08955223880597014,0.04477611940298507,8.15816002396999,0.24959567803667393,1.0048342318082135,7.870516444987887,0.009950248756218905,0.004975124378109453,1.6437942905193301,0.14456932288716215,0.5335804615703159,2.809744875627531,0.1052579909967817,0.1052579909967817,0.09810527221671654,0.08934049831003359,0.09523386562611895,-0.044512269779887516,0.3728229700107076,0.1146714340054303,-0.030453677938535446,0.3703630710078044,-0.030453677938535446,0.3703630710078044,-0.046586418931013604,0.27156335161653,200,-0.02947167936154173,0.0038865590040811928,-2.869763892046833,0.23958042854948913,-0.014021436177188097,9.597620887228928,0.07407407407407407,0.07407407407407407,0.21594922766548774,526.875,0.30535605098730223,0.2624037155813962,0.991633231437459,0.22317630022802307,0.0008277496975494645,0.30535605098730223,icc,0.991633231437459,unselected,1.0,0.4395864261414886,True,-0.341481153924772,-0.066763456130781,0.05,0.04810527221671654,4.870516444987887,0.0008277496975494645,0.22317630022802307,0.776823699771977
plex,all|miss5-20,all,miss,miss5-20,False,861,8543,False,,861.0,,89.0,0.10999999999999999,5.381466473163137,0.6478089658232286,1.3686117487436504,3.4587292646620056,0.009950248756218905,0.004975124378109453,20.28586491763562,2.812159240681349,5.435644504066539,3.214652036917014,0.009950248756218905,0.004975124378109453,67.57480903677192,-2.708404105749817,5.752770186034906,12.217281565173112,0.009950248756218905,0.004975124378109453,8.959352901418736,1.1674868650419281,2.514687761997016,3.098542154668526,0.07963716878925585,0.07963716878925585,0.0673511823903227,0.06310123931234177,0.07376290025153899,-0.005750526464272819,0.16226196721842526,0.043883059915497694,0.0033250353283144807,0.1868579047103051,0.0033250353283144807,0.1868579047103051,-0.005783855536214881,0.13960632723734154,200,-0.019229210095122976,0.006378937735086882,-3.7305521375755637,0.23421058068822803,-0.013103618563480367,11.700384308620885,0.053426248548199766,0.08478513356562137,0.18899194162731126,634.5,0.33879084887728395,0.2817127107024468,0.9927432097865365,0.13144752369491308,0.0004923261085214388,0.33879084887728395,icc,0.9927432097865365,unselected,1.0,0.5123807622777541,True,-0.4450295798874314,-0.35011879505932886,0.05,0.017351182390322697,9.217281565173112,0.0004923261085214388,0.13144752369491308,0.8685524763050869
plex,all|miss20+,all,miss,miss20+,False,979,8543,False,,984.0,,57.0,0.43000000000000005,8.096481540835605,-0.033177405004050586,2.327204966645538,3.493314539268041,0.009950248756218905,0.004975124378109453,22.326300408648777,0.364737842171343,5.726656352234321,3.834971266943384,0.009950248756218905,0.004975124378109453,52.24290168851982,-6.786238420777556,7.113030351758668,8.298733056116184,0.009950248756218905,0.004975124378109453,9.662588505400457,0.0732670752052248,2.740740088292294,3.4988073006843075,0.1549776386677001,0.1549776386677001,0.13772280827379346,0.12105128531505226,0.13418237157082213,0.00031755098737685063,0.6253854259186494,0.3146611906559155,-0.006784663867157049,0.8099587555757414,-0.006784663867157049,0.8099587555757414,0.00031722246894628207,0.3847528046574326,200,-0.001768739334893574,0.003103744639771501,-0.8457813890567046,0.16558227776708423,-0.012294812826205396,11.274505694200375,0.0296220633299285,0.043922369765066395,0.19461599213470046,441.25,0.3942773724222545,0.327474629639551,0.9917432803196276,0.21158155942980914,0.0011466058243862313,0.3942773724222545,icc,0.9917432803196276,unselected,1.0,0.6509206598388937,True,-0.5131978515651002,-0.02553523392024426,0.05,0.08772280827379346,5.298733056116184,0.0011466058243862313,0.21158155942980914,0.7884184405701908
plex,all|miss<=5,all,miss,miss<=5,False,8651,8543,False,,8667.0,,100.0,0.0,80.24740491248565,13.724510478010815,22.38736079834773,2.971448713123187,0.009950248756218905,0.004975124378109453,231.32564150637882,50.05394527574274,85.87219046419602,2.110947621700839,0.04975124378109453,0.024875621890547265,1223.9483919070262,-29.74461159652479,91.01069816413332,13.775226745789569,0.009950248756218905,0.004975124378109453,158.62253548550026,29.89427806378015,46.27781822753696,2.7816405861830837,0.0655643697422999,0.0655643697422999,0.05306155035448949,0.0503878907520909,0.061530182130767226,-0.029003037030563138,0.12795680015154381,0.03997015847502511,-0.015323059616957527,0.14533060341420334,-0.015323059616957527,0.14533060341420334,-0.029869537989979347,0.11344038626532839,200,-0.07974968209864779,0.01034997976656253,-6.891387621165271,0.24897015107926912,-0.019101898499121747,9.379572849528072,0.06935614379840481,0.11848341232227488,0.26022241088862,1321.5,0.20388152550962946,0.1406173723376084,0.9956455967329009,0.20719523466737538,0.00023206187922600479,0.20388152550962946,icc,0.9956455967329009,unselected,1.0,0.2560944533288751,True,-0.2030329029743856,-0.12813765317733128,0.05,0.0030615503544894895,10.775226745789569,0.00023206187922600479,0.20719523466737538,0.7928047653326247
plex,pinned_sig,pinned_sig,primary,miss0,True,2418,2418,False,2418.0,8559.0,0.28250963897651593,100.0,0.0,20.688133107665273,4.490454993177456,7.077304813384788,2.288678888586844,0.029850746268656716,0.014925373134328358,54.323356555250605,17.012868978321645,28.88965027437039,1.2914828397915625,0.1890547263681592,0.0945273631840796,726.9374060820862,-1.5341366017214852,48.06600120758809,15.155651071069446,0.009950248756218905,0.004975124378109453,36.597828078141035,9.165229215862642,13.926797494523122,1.9697707870791248,0.028459304658933943,0.028459304658933943,0.022235155617490475,0.02175150746411096,0.02767178490195278,-0.00492163177150984,0.06202683783378288,0.01676464890798738,0.0018527492784327102,0.06831959226320729,0.0018527492784327102,0.06831959226320729,-0.004946072769192261,0.05840420399949323,200,-0.16496011002528882,0.007716026373923846,-9.465930877118394,0.25637899610222836,-0.0216000548408395,9.389251381947048,0.09387923904052936,0.1282051282051282,0.20967551190399034,1828.375,0.16505723280815593,0.10332999679516294,0.9966680516346523,0.11247663640276068,7.433406768827203e-05,0.16505723280815593,icc,0.9966680516346523,table,0.55,0.1087277854382886,True,-0.08649262982079811,-0.046700947604505716,0.05,-0.027764844382509528,12.155651071069446,7.433406768827203e-05,0.20450297527774666,0.7954970247222534
plex,pinned_sig|depthT1,pinned_sig,depth,depthT1,True,806,2418,False,806.0,3889.0,0.20725122139367447,100.0,0.0,10.054721281040731,1.2722874408840357,1.9905207109286684,4.412128842437058,0.009950248756218905,0.004975124378109453,29.36714713273446,5.3181391911326905,8.330173243018063,2.886975725475872,0.009950248756218905,0.004975124378109453,232.135933464095,0.6613208507417895,15.395035554787773,15.035665996975618,0.009950248756218905,0.004975124378109453,17.109402295185845,2.555167613893134,3.996930454089861,3.6413529953717565,0.043313937359878485,0.043313937359878485,0.03794124003925456,0.03655432367040319,0.04151572772955094,0.017402343981383905,0.07532464313969536,0.014952117600814501,0.023126075656895784,0.08028151607444034,0.023126075656895784,0.08028151607444034,0.01710461402052694,0.07004816797519249,200,-0.13385483344822763,0.006138945542644139,-10.080319017548128,0.23405432010037158,-0.017294782058087595,9.721281531740456,0.09181141439205956,0.15632754342431762,0.19728796693419098,608.5,0.1407855869575757,0.0788168972963586,0.9904920141765023,0.23155538144862378,0.0003642076536266455,0.1407855869575757,icc,0.9904920141765023,table,0.55,0.09011961583894354,True,-0.05217837579968898,-0.014794972699248177,0.05,-0.012058759960745444,12.035665996975618,0.0003642076536266455,0.42100978445204323,0.5789902155479567
plex,pinned_sig|depthT2,pinned_sig,depth,depthT2,True,806,2418,False,806.0,2627.0,0.30681385610963074,100.0,0.0,4.087141538955256,1.514743195555757,2.536123060850099,1.0143034394148212,0.3283582089552239,0.16417910447761194,7.5675765010849085,5.856478582503562,10.819891792276195,0.158143718202692,0.9154228855721394,0.4577114427860697,242.46653923230195,-1.0497518082731299,16.601654135846218,14.668194449056482,0.009950248756218905,0.004975124378109453,7.477988818507397,3.0129642699868877,4.957644117023291,0.9006343422652603,0.01685651781848321,0.01685651781848321,0.010563557503308401,0.010453135208444143,0.016577085875051873,-0.020130013005611957,0.0544579745225857,0.01872678964814565,-0.010167617037796495,0.06146555462954926,-0.010167617037796495,0.06146555462954926,-0.020543587209980018,0.05164546699520036,200,-0.18145956536019994,0.008640344840014328,-9.398939674023415,0.2569627263673169,-0.02152338613728668,9.16731723896843,0.0967741935483871,0.10669975186104218,0.2126160599098282,1828.375,0.17355574575998267,0.11166400631672734,0.9964899219291257,0.05030194399335295,3.72095198624799e-05,0.17355574575998267,icc,0.9964899219291257,table,0.55,0.11550163205595726,True,-0.10493807455264886,-0.061043657533371556,0.05,-0.0394364424966916,11.668194449056482,3.72095198624799e-05,0.09145807998791444,0.9085419200120856
plex,pinned_sig|depthT3,pinned_sig,depth,depthT3,True,806,2418,False,806.0,2043.0,0.3945178658835046,100.0,0.0,6.5462702876692855,1.7034243567376643,3.220891211883353,1.503573269741036,0.13930348258706468,0.06965174129353234,17.38863292143124,5.8382512046853945,12.965401058271494,0.8908618919564454,0.42786069651741293,0.21393034825870647,252.33493338568917,-1.1457056441901503,16.697045108803664,15.181167528632322,0.009950248756218905,0.004975124378109453,12.010436964447795,3.597097331982618,6.265898044190182,1.342718884528632,0.025942782475002917,0.025942782475002917,0.01910538788866145,0.01874721507286226,0.0252867732179158,-0.01567977158686101,0.0699844178442479,0.021782057453293438,-0.008290147834273356,0.07866480294676395,-0.008290147834273356,0.07866480294676395,-0.015930136711049425,0.06540689207412435,200,-0.17956593126743886,0.008368788739113075,-7.93626388314259,0.27811994183899663,-0.025981996327144215,8.409551038652946,0.09305210918114144,0.12158808933002481,0.21912250886795187,4994.25,0.18567838123442998,0.11950908677240288,0.9987572270058509,0.08378967055403234,2.377320480769111e-05,0.18567838123442998,icc,0.9987572270058509,table,0.55,0.1254088155411432,True,-0.10630342765248174,-0.05542439769689529,0.05,-0.03089461211133855,12.181167528632322,2.377320480769111e-05,0.15234485555278607,0.8476551444472139
plex,pinned_sig|miss5-20,pinned_sig,miss,miss5-20,True,93,2418,False,93.0,861.0,0.10801393728222997,93.0,0.06999999999999995,-0.4379442038732047,0.011121520473040093,0.289257653889585,-1.5524765492209291,0.11940298507462686,0.945273631840796,-1.847594285891965,-0.033429235004256055,1.3843290383969664,-1.3105013335474682,0.1890547263681592,0.9104477611940298,29.361985632788983,-0.1919387669758683,2.253988644504778,13.111833758265504,0.009950248756218905,0.004975124378109453,-0.7057795906159458,0.00723959884999108,0.5036531586518019,-1.415694863057295,-0.01491534698471297,-0.01491534698471297,-0.015194791672060236,-0.015429235694091067,-0.015141182982658352,-0.045915525397664796,0.03707245642335115,0.021705042450691502,-0.045836970042386446,0.037699309392634175,-0.045836970042386446,0.037699309392634175,-0.0481258058684699,0.03574679189215184,200,-0.15867551386564788,0.00026586144930204766,-8.165476534718762,0.2525549386724407,-0.013033776637184764,10.481926400295395,0.13978494623655913,0.10752688172043011,0.1383758633226487,947.25,0.24525853329482347,0.18845464206849705,0.9936125526579039,-0.04675938977040436,-9.767985661994797e-05,0.24525853329482347,icc,0.9936125526579039,table,0.45,0.14623065625965243,True,-0.16142544793171265,-0.10915819983630128,0.1,-0.08480520832793977,10.111833758265504,0.0,0.0,1.0
plex,pinned_sig|miss20+,pinned_sig,miss,miss20+,True,35,2418,False,35.0,984.0,0.03556910569105691,68.0,0.31999999999999995,0.5513218118031955,-0.07772606253706556,0.30453680859135945,2.0655889751059435,0.07960199004975124,0.03980099502487562,1.2628084543507319,-0.08486893131886541,0.7886605628565128,1.7088180253217387,0.09950248756218906,0.04975124378109453,10.648169464343475,-0.08734060778490464,0.8336451226385878,12.87779389645943,0.009950248756218905,0.004975124378109453,0.6687630629262743,-0.07043770529567196,0.3777794958571501,1.9566990170939835,0.051776205633217526,0.051776205633217526,0.05859506163320553,0.05535172395647187,0.049227397763810285,-0.04360497128225317,0.18929537437758884,0.057143900102028196,-0.052957685065200565,0.18160264031068654,-0.052957685065200565,0.18160264031068654,-0.045593108973128765,0.15916592808998528,200,-0.14448197457021877,0.000896665120350757,-6.319977911970362,0.2075145936601865,-0.01864873762073653,7.761400300812543,0.05714285714285714,0.08571428571428572,0.21078878074564597,496.5,0.33436756956337793,0.29884227583725936,0.9889054735413436,0.11664640006034274,0.0006573777565495717,0.33436756956337793,icc,0.9889054735413436,table,0.35,0.17581572651202892,True,-0.1172206648788234,0.013479647865559913,0.1,-0.04140493836679448,9.87779389645943,0.0006573777565495717,0.3332754287438364,0.6667245712561636
plex,pinned_sig|miss<=5,pinned_sig,miss,miss<=5,True,2432,2418,False,2432.0,8667.0,0.28060459213107186,100.0,0.0,20.707587751416455,4.512327132037658,7.08617119470542,2.285474083871897,0.029850746268656716,0.014925373134328358,54.06627614816716,17.125260487067482,28.941503346689398,1.2764027914716236,0.1890547263681592,0.0945273631840796,731.1796709545578,-1.4792689539321406,48.35124431373143,15.152845605266453,0.009950248756218905,0.004975124378109453,36.62219968200586,9.201942098146953,13.94362687143917,1.9665082719635893,0.02832079251380529,0.02832079251380529,0.022104774455357915,0.02162672067267931,0.027540814811857536,-0.00455083862375585,0.06174558592091617,0.01672647966788679,0.0022172021730992256,0.06810119877354222,0.0022172021730992256,0.06810119877354222,-0.0045716881908558,0.058154779343512396,200,-0.16493283231365527,0.007715755076106901,-9.487410653375587,0.2562082510350108,-0.0215829905615195,9.39924013593209,0.09416118421052631,0.12828947368421054,0.2091742957110796,1817.0,0.16437540023125322,0.10296233102986432,0.9966414471606251,0.11237261342786296,7.449023239229131e-05,0.16437540023125322,icc,0.9966414471606251,table,0.55,0.1081902928087668,True,-0.08608551835340889,-0.04644470688785063,0.05,-0.027895225544642088,12.152845605266453,7.449023239229131e-05,0.20431384259611446,0.7956861574038856
plex,ecm,ecm,primary,miss0,False,199,199,False,,199.0,,100.0,0.0,4.424282519823822,0.30880930822570324,1.1196773993487696,3.675588356067358,0.009950248756218905,0.004975124378109453,11.801940879255802,1.2047880607245796,3.9467528449016074,2.685030767057168,0.009950248756218905,0.004975124378109453,23.9392726184733,0.028764770910187618,2.6451141445982693,9.03949944708135,0.009950248756218905,0.004975124378109453,9.144067455279282,0.6621414031525343,2.4805370805448415,3.419390953133312,0.1848127380616285,0.1848127380616285,0.17211985783972195,0.14684492945708458,0.1559847663049141,0.018223171047211176,0.4416823563118936,0.10804385095824379,0.031554033150364,0.4668188253101426,0.031554033150364,0.4668188253101426,0.017894101265613537,0.3063506928866261,200,-0.07056185632580432,0.009348607976677314,-3.372095170491037,0.2650864146893811,-0.019996908965399372,8.081531428205649,0.04522613065326633,0.23115577889447236,0.36457008521145967,1768.0,0.4225328951670772,0.33168295628434585,0.9980423280720975,0.23523270525873838,0.00033761515363610523,0.4225328951670772,icc,0.9980423280720975,unselected,1.0,0.731700371555065,True,-0.559580513715343,-0.29001801524317133,0.05,0.12211985783972194,6.039499447081351,0.00033761515363610523,0.23523270525873838,0.7647672947412616
plex,ecm|depthT1,ecm,depth,depthT1,False,66,199,False,,66.0,,100.0,0.0,1.4493825493291836,0.1808786525185018,0.3642245173459461,3.4827526330574754,0.009950248756218905,0.004975124378109453,4.367135349102146,0.7316865377600632,1.346196514204781,2.700533520167075,0.01990049751243781,0.009950248756218905,5.480254912642822,0.2346353504501435,0.9370975747700073,5.597730378802993,0.009950248756218905,0.004975124378109453,3.0261786537725013,0.41301376327030015,0.8266969772968165,3.1609706606728927,0.2644735641740846,0.2644735641740846,0.24182155830615457,0.1947313256793507,0.20915705291698258,-0.0495732192490311,0.8061428989582425,0.25080647085130003,-0.00639202471198002,0.803489564873616,-0.00639202471198002,0.803489564873616,-0.05217023642471435,0.44632116674259886,200,-0.030133173238230934,0.00901726508434436,-1.9605718089188813,0.26841164818045543,-0.014492414876863879,8.009253882354622,0.030303030303030304,0.15151515151515152,0.3502633199148868,277.625,0.48522779212632017,0.4266753758403448,0.9918164811869128,0.2565455225373944,0.0019952796806121417,0.48522779212632017,icc,0.9918164811869128,unselected,1.0,0.942606816577383,True,-0.7007852582712284,-0.13646391761914045,0.1,0.14182155830615456,2.597730378802993,0.0019952796806121417,0.2565455225373944,0.7434544774626056
plex,ecm|depthT2,ecm,depth,depthT2,False,66,199,False,,66.0,,100.0,0.0,1.4521583700278127,0.07733105824098976,0.43249412372816015,3.1788346623894403,0.009950248756218905,0.004975124378109453,3.8977228431778252,0.27100315089398896,1.5047313457022784,2.4102107679502063,0.01990049751243781,0.009950248756218905,7.90802517831969,-0.1721046764456543,0.8406425942719808,9.611849208953009,0.009950248756218905,0.004975124378109453,3.2301850258281766,0.13525765921819285,0.9981269260967568,3.1007352729305757,0.1836309745205401,0.1836309745205401,0.17014916053310747,0.1454080952000934,0.15514208268749008,-0.02223959363405492,0.47336509404973354,0.1280868672131146,-0.01323740032857248,0.5023143678370804,-0.01323740032857248,0.5023143678370804,-0.02274629830547921,0.321279069765115,200,-0.08806917490710785,0.012759922561618524,-3.6927829261319896,0.2932060441770525,-0.01762657335748552,7.906082913946441,0.06060606060606061,0.2727272727272727,0.42125710190689863,1765.375,0.4232357268172775,0.2920223588388667,0.9980634247905009,0.23187068267017094,0.0003301459987622135,0.4232357268172775,icc,0.9980634247905009,unselected,1.0,0.7338105817161005,True,-0.563661421182993,-0.26044548766636694,0.1,0.07014916053310746,6.611849208953009,0.0003301459987622135,0.23187068267017094,0.768129317329829
plex,ecm|depthT3,ecm,depth,depthT3,False,67,199,False,,67.0,,100.0,0.0,1.5227416004668255,0.05059959746621173,0.47134777018710505,3.1232607771035723,0.009950248756218905,0.004975124378109453,3.537082686975833,0.20209837207052722,1.7453323301937644,1.9108018898240775,0.04975124378109453,0.024875621890547265,10.550992527510788,-0.03376590309430161,1.279562333271064,8.272171003616752,0.009950248756218905,0.004975124378109453,2.887703775678605,0.11386998066404136,0.9682899558371123,2.8646726926094273,0.1443221191273153,0.1443221191273153,0.13908130380604794,0.12209954051684567,0.12612018654098764,0.005426321588701584,0.4131813826472383,0.10995601323004106,0.009784319677648402,0.4198826494282117,0.009784319677648402,0.4198826494282117,0.005395772507111169,0.29237444426260656,200,-0.09314111091407015,0.006314606010824401,-2.964155502114909,0.2341108780237508,-0.027754203890259923,6.411191965937733,0.04477611940298507,0.26865671641791045,0.3228223748782482,6514.75,0.3735340462726165,0.27717698226502796,0.9994611172921234,0.23325772444023454,7.498891984219774e-05,0.3735340462726165,icc,0.9994611172921234,unselected,1.0,0.5962559402472583,True,-0.4571746364412103,-0.18307455760001995,0.1,0.039081303806047935,5.2721710036167515,7.498891984219774e-05,0.23325772444023454,0.7667422755597655
plex,ecm|miss5-20,ecm,miss,miss5-20,False,15,199,False,,15.0,,92.0,0.07999999999999996,0.1708898480333124,0.04270028515118728,0.10903963675512506,1.1756235319272554,0.22885572139303484,0.11442786069651742,1.005130138925801,0.15397714886780114,0.41558996023576605,2.048059557490602,0.07960199004975124,0.03980099502487562,0.7771094662851659,0.042981261292284606,0.2811566373798264,2.611100388148107,0.01990049751243781,0.009950248756218905,0.2888643473019828,0.09178434190493136,0.2033123668446172,0.9693458811960569,0.21990447349743536,0.21990447349743536,0.17461468175489614,0.14865698894042306,0.1802636831611698,-2.734588522160517,2.9137825264686197,3.2117520300428075,-1.9418381109714924,2.652410941973922,-1.9418381109714924,2.652410941973922,-2.244247587506506,0.7522704671798366,200,0.01806781803774524,0.0053875301993491255,0.4544003183811093,0.19683971998435632,-0.010889622630165437,5.327589946278986,0.0,0.06666666666666667,0.24979515159627114,587.5,0.3529326244392798,0.33555247680923633,0.9926155268972809,0.32013890480376916,0.001299030073395491,0.3529326244392798,icc,0.9926155268972809,unselected,1.0,0.5454341197984892,False,-0.3708194380435931,2.3683484066701306,0.1,0.07461468175489613,-0.38889961185189303,0.001299030073395491,0.32013890480376916,0.6798610951962308
plex,ecm|miss20+,ecm,miss,miss20+,False,17,199,False,,17.0,,46.0,0.54,0.14958136751388043,-0.05041090047640834,0.20454545792987147,0.977739960663689,0.3383084577114428,0.1691542288557214,0.03623920416822948,-0.03823013184630987,0.5441527418685209,0.13685373661598266,0.9353233830845771,0.46766169154228854,1.3904410295328706,-0.15256811962843841,0.653703289091057,2.360412093545971,0.03980099502487562,0.01990049751243781,0.11177087854041798,-0.05043630945691566,0.21966403614483984,0.7384330673519042,0.10757836135210527,0.10757836135210527,0.1296118484449642,0.11474016373269214,0.09712934552168044,-4.980282359672043,3.3750648094568607,3.4968629515957517,-2.7530180721856947,6.453282389691941,-2.7530180721856947,6.453282389691941,-1.6887916408137373,0.780787406948255,200,-0.023150742584467254,-0.0029190333166289923,-0.5851790361780538,0.08718375425753806,-0.0185735810322315,2.277996321436951,0.0,0.058823529411764705,0.15940979211783907,259.5,0.5004522543534026,0.4545529340457924,0.9936576077209257,0.12937759024270065,0.0008272962240377327,0.5004522543534026,icc,0.9936576077209257,unselected,1.0,1.0018106551669739,False,-0.8721988067220097,2.373254154289887,0.1,0.0296118484449642,-0.6395879064540289,0.0008272962240377327,0.12937759024270065,0.8706224097572993
plex,ecm|miss<=5,ecm,miss,miss<=5,False,200,199,False,,200.0,,100.0,0.0,4.447557287855656,0.2910004426836719,1.1193747815539385,3.713284338424856,0.009950248756218905,0.004975124378109453,11.889478873921053,1.141988877620149,3.946550701235362,2.723261604858311,0.009950248756218905,0.004975124378109453,23.9848092327942,0.040807211260294164,2.6456281018618095,9.050403571342388,0.009950248756218905,0.004975124378109453,9.219370243907296,0.6081196765935849,2.4796904370923514,3.4727119314986497,0.18543225608709676,0.18543225608709676,0.17359490871383187,0.14791723057496758,0.15642585658937275,0.021025404636071932,0.4401405782951094,0.10826708238369745,0.0335187953648344,0.4631598711260325,0.0335187953648344,0.4631598711260325,0.02058842892846184,0.30560298817621745,200,-0.07122860599688897,0.008858243627390818,-3.38781996809218,0.26515439041621947,-0.019744583365011024,8.081216354350877,0.045,0.23,0.3664472110331336,1765.375,0.424192149583562,0.33462689665685247,0.998051830303299,0.23564158678532693,0.00033885248279649517,0.424192149583562,icc,0.998051830303299,unselected,1.0,0.7366904589383005,True,-0.5630955502244687,-0.29654988064319115,0.05,0.12359490871383187,6.050403571342388,0.00033885248279649517,0.23564158678532693,0.764358413214673
plex,pinned_sig&ecm,pinned_sig&ecm,primary,miss0,True,49,49,False,49.0,199.0,0.24623115577889448,100.0,0.0,0.30048423131424196,0.10629347980888759,0.3410254312804199,0.5694318771953237,0.6169154228855721,0.30845771144278605,0.08701348195926162,0.3859763800819858,1.3461856439739552,-0.22208147848032486,0.8557213930348259,0.5771144278606966,13.921471271792251,0.19038853596331787,1.2883386796929122,10.657976006046692,0.009950248756218905,0.004975124378109453,0.8421400428071683,0.2253161852429966,0.6853672507818682,0.8999902707059578,0.021584229529179468,0.021584229529179468,0.014142420903097941,0.013945201987018803,0.021128193745832444,-0.06730727559597957,0.1083286460651123,0.044126842282565464,-0.05714894991252152,0.11383834454485632,-0.05714894991252152,0.11383834454485632,-0.0721657637306865,0.09773706917346592,200,-0.2260559462887928,0.0033775887711558,-6.196296144054062,0.28880263282182916,-0.02001968800622657,8.755067723830699,0.08163265306122448,0.14285714285714285,0.26651066315662875,2928.0,0.3655974684633593,0.2504893346783445,0.9984343085218479,0.02454061747389048,2.2177390840266958e-05,0.3655974684633593,icc,0.9984343085218479,table,0.55,0.3169574484007778,True,-0.30281502749767986,-0.20862880233566547,0.1,-0.08585757909690206,7.657976006046692,2.2177390840266958e-05,0.04461930449798269,0.9553806955020173
plex,pinned_sig&ecm|depthT1,pinned_sig&ecm,depth,depthT1,True,16,49,False,16.0,105.0,0.1523809523809524,100.0,0.0,0.18263737930060697,0.06810798580064578,0.13308760728430916,0.8605564096985914,0.417910447761194,0.208955223880597,0.40792621546517444,0.2717162757290843,0.5088906933768592,0.26766050452256906,0.845771144278607,0.4228855721393035,3.8913657742522156,0.12915071218605972,0.38225952828583953,9.842043909113263,0.009950248756218905,0.004975124378109453,0.5318651161871368,0.14128415691327512,0.28531703176046347,1.368936711783025,0.046934004638950574,0.046934004638950574,0.03044201131794503,0.029542672934122133,0.044829955308535806,-0.11025484972796942,0.18657987662448614,0.07301616634152713,-0.08179766308704647,0.20041197316830392,-0.08179766308704647,0.20041197316830392,-0.12391733751955793,0.1572415853049032,200,-0.21378139370254065,0.00826348072332201,-6.099839947671694,0.32916303139888564,-0.015210949991662512,7.880151519183874,0.0625,0.125,0.3194345214153331,846.5,0.4936797490117759,0.4311950548843979,0.9966090813940522,0.031221468658461468,0.00010357760581119671,0.4936797490117759,icc,0.9966090813940522,table,0.45,0.4387655572173945,False,-0.40832354589944947,-0.25218568059290836,0.1,-0.06955798868205498,6.842043909113263,0.00010357760581119671,0.06938104146324771,0.9306189585367522
plex,pinned_sig&ecm|depthT2,pinned_sig&ecm,depth,depthT2,True,16,49,False,16.0,44.0,0.36363636363636365,100.0,0.0,-0.24893581595582626,-0.0013025560652776534,0.1505414699301692,-1.644950457873281,0.11940298507462686,0.945273631840796,-0.9744248363551173,-0.009075145177615778,0.6092794504140114,-1.5844120305083929,0.12935323383084577,0.9402985074626866,5.155566523265929,-0.03793037350661238,0.5057607086096175,10.268684000878478,0.009950248756218905,0.004975124378109453,-0.36358339992680433,0.0011108547425591469,0.29414184227070883,-1.23985847050527,-0.04828486158260865,-0.04828486158260865,-0.047681410966941826,-0.050068760093568476,-0.05073457343854131,-0.1530233718897599,0.05470010841161399,0.052685260944177165,-0.15557155871909462,0.05485286781891902,-0.15557155871909462,0.05485286781891902,-0.18067153661861632,0.05186310382783918,200,-0.3022732651381774,0.0014416275555315054,-6.11733826343855,0.24090440899191518,-0.023031262285129365,6.214575514994352,0.125,0.0625,0.25542319252441814,2882.625,0.17380241368913166,0.06910512109219331,0.9984250607595668,-0.22666121727886762,-7.521378230823586e-05,0.17380241368913166,icc,0.9984250607595668,table,0.55,0.11570032291652671,False,-0.16338173388346855,-0.06100021450491272,0.1,-0.05231858903305818,7.268684000878478,0.0,0.0,1.0
plex,pinned_sig&ecm|depthT3,pinned_sig&ecm,depth,depthT3,True,17,49,False,17.0,50.0,0.34,100.0,0.0,0.3667826679694613,0.039488050073519465,0.1483325716711664,2.206491899982092,0.029850746268656716,0.014925373134328358,0.6535121028492042,0.1233352495305173,0.6103435295081862,0.8686531890424112,0.3781094527363184,0.1890547263681592,4.874538974274107,0.09916819728387047,0.5531386916586531,8.633224992217974,0.009950248756218905,0.004975124378109453,0.673858326546836,0.08292117358716235,0.282229316381418,2.0938191699442497,0.07524458618654922,0.07524458618654922,0.0685380535209928,0.06414189302397763,0.06997904212046382,-0.03370041267213181,0.22803629721169302,0.06358052627382764,-0.021115657686584504,0.2312185229882435,-0.021115657686584504,0.2312185229882435,-0.034884940315361546,0.18569100647090958,200,-0.16587451921760926,0.0006011833720575288,-3.71930967742756,0.29589705658922444,-0.0217111362280254,6.294124441675377,0.058823529411764705,0.23529411764705882,0.22713523950816403,7322.25,0.36548863490523886,0.2511279166831424,0.9993029999534913,0.11898639177061751,4.780434612322201e-05,0.36548863490523886,icc,0.9993029999534913,table,0.55,0.3168087448959409,False,-0.24827069137494812,-0.08877244768424788,0.1,-0.0314619464790072,5.633224992217974,4.780434612322201e-05,0.21633889412839546,0.7836611058716045
plex,pinned_sig&ecm|miss<=5,pinned_sig&ecm,miss,miss<=5,True,49,49,False,49.0,200.0,0.245,100.0,0.0,0.30048423131424196,0.10629347980888759,0.3410254312804199,0.5694318771953237,0.6169154228855721,0.30845771144278605,0.08701348195926162,0.3859763800819858,1.3461856439739552,-0.22208147848032486,0.8557213930348259,0.5771144278606966,13.921471271792251,0.19038853596331787,1.2883386796929122,10.657976006046692,0.009950248756218905,0.004975124378109453,0.8421400428071683,0.2253161852429966,0.6853672507818682,0.8999902707059578,0.021584229529179468,0.021584229529179468,0.014142420903097941,0.013945201987018803,0.021128193745832444,-0.06730727559597957,0.1083286460651123,0.044126842282565464,-0.05714894991252152,0.11383834454485632,-0.05714894991252152,0.11383834454485632,-0.0721657637306865,0.09773706917346592,200,-0.2260559462887928,0.0033775887711558,-6.196296144054062,0.28880263282182916,-0.02001968800622657,8.755067723830699,0.08163265306122448,0.14285714285714285,0.26651066315662875,2928.0,0.3655974684633593,0.2504893346783445,0.9984343085218479,0.02454061747389048,2.2177390840266958e-05,0.3655974684633593,icc,0.9984343085218479,table,0.55,0.3169574484007778,True,-0.30281502749767986,-0.20862880233566547,0.1,-0.08585757909690206,7.657976006046692,2.2177390840266958e-05,0.04461930449798269,0.9553806955020173
plex,folding,folding,primary,miss0,False,178,178,False,,178.0,,100.0,0.0,1.9894714628794585,0.2554899201282945,0.6371602349722941,2.7214214691639746,0.01990049751243781,0.009950248756218905,6.806871897752106,1.076351808495072,2.663310561310935,2.1516529737472134,0.029850746268656716,0.014925373134328358,37.85343147889684,-0.4481880059098323,3.0030195125665116,12.754369168941043,0.009950248756218905,0.004975124378109453,3.0050602617129107,0.5369749884346416,1.244702707129875,1.9828712986166452,0.052557228899804825,0.052557228899804825,0.04527175524363905,0.04331099067446513,0.04993289434223045,-0.005562421811288793,0.13860601060169966,0.03545298953296782,0.0014698563517336642,0.14999050827071506,0.0014698563517336642,0.14999050827071506,-0.005593813372471555,0.12173298540539824,200,-0.07758410710808401,0.008902257697192651,-4.587447259854857,0.2902251840832985,-0.01687904590624351,9.135930749470536,0.06179775280898876,0.1348314606741573,0.19925303606213382,2104.25,-0.006950766892662502,-0.039883492230936304,0.9969757907067471,,0.00013732656721045076,0.001,icc,0.9969757907067471,unselected,1.0,0.001001001001001001,True,0.04427075424263805,0.13760500960069866,0.05,-0.0047282447563609525,9.754369168941043,0.00013732656721045076,1.0,-44.22648348839541
plex,folding|depthT1,folding,depth,depthT1,False,59,178,False,,59.0,,100.0,0.0,0.8605040773510005,0.14335827744557114,0.16823256649631368,4.2628238684163655,0.009950248756218905,0.004975124378109453,2.8370610646704777,0.6007611126609873,0.8334670142949664,2.6831295224096987,0.009950248756218905,0.004975124378109453,13.037707646454807,0.053639056649252254,1.163933444979127,11.155335939365846,0.009950248756218905,0.004975124378109453,1.4377027382597916,0.26872304053794066,0.3408993449338797,3.4291051452404067,0.06600117909416288,0.06600117909416288,0.055232748883389034,0.05234176909486028,0.06191473366872591,0.017120762703460236,0.12394194854109784,0.029585062194357272,0.02827477217223779,0.13561324685150097,0.02827477217223779,0.13561324685150097,0.01683019250490537,0.11027423046600736,200,-0.04777499940079671,0.009143819319688893,-3.6746251642450023,0.2466403860443529,-0.009345022304252553,8.157299113385509,0.03389830508474576,0.11864406779661017,0.17803559321467455,525.0,0.0770323814976006,0.027196567955380783,0.9875594371986132,0.6617741488601193,0.0006957824058936498,0.0770323814976006,icc,0.9875594371986132,unselected,1.0,0.08346162958847114,True,-0.02822888070508211,0.0404803189526267,0.1,-0.04476725111661097,8.155335939365846,0.0006957824058936498,0.6617741488601193,0.3382258511398807
plex,folding|depthT2,folding,depth,depthT2,False,59,178,False,,59.0,,100.0,0.0,0.24957818808488946,0.08006751465376928,0.25772476589882587,0.657719768761627,0.5572139303482587,0.27860696517412936,0.9573487062963558,0.35776419472683174,1.1314051029997938,0.529946797994629,0.6467661691542289,0.32338308457711445,9.154246807868875,-0.29923666220046924,0.9757143713732972,9.688781622396078,0.009950248756218905,0.004975124378109453,0.2719215888204127,0.17102813898638744,0.5060766385770981,0.19936397403701664,0.027263650775764012,0.027263650775764012,0.017931027643704845,0.01761516955152785,0.026540071533899968,-0.07363531273551212,0.16475040011511716,0.06965813511165281,-0.06461919925868641,0.1879825060141579,-0.06461919925868641,0.1879825060141579,-0.07949465444082691,0.1414462606110379,200,-0.0689872519088529,0.011690810229086714,-3.4449754222914497,0.28870750330537365,-0.013643223099910853,7.691676388438505,0.0847457627118644,0.11864406779661017,0.20596619893640813,2077.0,0.0471063786704963,-0.010904967798453553,0.996768212323343,0.36271864549568716,5.813716112961573e-05,0.0471063786704963,icc,0.996768212323343,unselected,1.0,0.049435086578470504,True,-0.031504058934765655,0.11531531353664665,0.1,-0.08206897235629516,6.688781622396078,5.813716112961573e-05,0.36271864549568716,0.6372813545043128
plex,folding|depthT3,folding,depth,depthT3,False,60,178,False,,60.0,,100.0,0.0,0.879389197443568,0.03206412802895408,0.3833869245411689,2.210104245022645,0.029850746268656716,0.014925373134328358,3.0124621267852723,0.11782650110725307,1.5160292322021445,1.9093534373828314,0.04975124378109453,0.024875621890547265,15.661477024573156,-0.20259040035861525,1.2953873224732189,12.246582276753559,0.009950248756218905,0.004975124378109453,1.2954359346327065,0.09722380891031354,0.7368506102332465,1.6261262582697797,0.05614982520893717,0.05614982520893717,0.053411590276209266,0.05070343896843256,0.05316463996746777,-0.03399014948241576,0.1685495134778628,0.052258365581952515,-0.032066045667378675,0.1758214518239426,-0.032066045667378675,0.1758214518239426,-0.03518621954618694,0.14423721549014146,200,-0.11534997063282715,0.005922645445375518,-3.845248559679845,0.33457595491988773,-0.027469394874428402,8.137322873261663,0.06666666666666667,0.16666666666666666,0.21351557803576576,6892.5,-0.20702172295023696,-0.13434110043942285,0.9990961806025147,,4.831810218017501e-05,0.001,icc,0.9990961806025147,unselected,1.0,0.001001001001001001,True,0.052410589275208266,0.16754851247686178,0.1,-0.04658840972379074,9.246582276753559,4.831810218017501e-05,1.0,-52.358178685933055
plex,folding|miss<=5,folding,miss,miss<=5,False,180,178,False,,180.0,,100.0,0.0,2.026324037184986,0.27105163571710505,0.6370185172693663,2.7554495731019,0.01990049751243781,0.009950248756218905,6.930647751437164,1.1257331561088357,2.663182844710655,2.1796905934782,0.029850746268656716,0.014925373134328358,37.934024147271145,-0.46090085724131014,3.0074581070359576,12.766570185861413,0.009950248756218905,0.004975124378109453,3.0907316150207613,0.5742049164121193,1.244296780891427,2.022448934414004,0.053417059822553875,0.053417059822553875,0.04571626071053891,0.04371765308447611,0.05070836790088807,-0.004618867302149029,0.13819910131555052,0.035404378620153366,0.0024950740722511377,0.14901209113321517,0.0024950740722511377,0.14901209113321517,-0.0046406284668463315,0.12141906675571083,200,-0.07738577046542225,0.009060560348007098,-4.612892747351538,0.2880863735174976,-0.016915157706608324,9.107644008239893,0.06111111111111111,0.13333333333333333,0.20182944699159902,2034.25,-7.041882659594061e-05,-0.0326254708533404,0.9969372698865113,,0.00014044671874912035,0.001,icc,0.9969372698865113,unselected,1.0,0.001001001001001001,True,0.04471525970953791,0.13719810031454951,0.05,-0.004283739289461096,9.766570185861413,0.00014044671874912035,1.0,-44.67054444982837
plex,pinned_sig&folding,pinned_sig&folding,primary,miss0,True,82,82,False,82.0,178.0,0.4606741573033708,100.0,0.0,1.2257614473346878,0.018380748443617888,0.3543119523421975,3.407677022775036,0.009950248756218905,0.004975124378109453,4.721478426568244,0.19080902438116443,1.6485488266954775,2.748277350855797,0.009950248756218905,0.004975124378109453,29.41564604676403,-0.009907046887867494,2.3692346647835896,12.419855884701773,0.009950248756218905,0.004975124378109453,1.5816988697708991,0.03414032494840103,0.6494246889630051,2.382968450573729,0.041670390151758434,0.041670390151758434,0.0410317078849248,0.03941446506782138,0.04000343155159434,0.004660376447238286,0.0993073345965447,0.024240425553591245,0.005225241961554844,0.10006975313046278,0.005225241961554844,0.10006975313046278,0.004638740351034552,0.0903362489407241,200,-0.10811870032797091,0.004550888861296263,-4.964883378810762,0.2971195242701381,-0.024344204267907905,8.849840569652269,0.04878048780487805,0.14634146341463414,0.14272216225953516,3402.0,0.018862112046394937,-0.012224091933923174,0.9980177131645911,2.1343189518927046,8.149816711841913e-05,0.018862112046394937,icc,0.9980177131645911,table,0.55,0.01057360209292802,True,0.03045810579199678,0.08873373250361669,0.1,-0.058968292115075205,9.419855884701773,8.149816711841913e-05,1.0,-2.88057991253219
plex,pinned_sig&folding|depthT1,pinned_sig&folding,depth,depthT1,True,27,82,False,27.0,70.0,0.38571428571428573,100.0,0.0,0.4124854038700168,0.0590173989165458,0.10422694665975332,3.3913303256149288,0.009950248756218905,0.004975124378109453,1.5191104391432317,0.358919563892597,0.6143365673839557,1.8885264801851265,0.03980099502487562,0.01990049751243781,10.75519549524412,0.007117723307257076,0.9866852343030063,10.893117073480173,0.009950248756218905,0.004975124378109453,0.5429224775038004,0.10333057871262208,0.19302537612827866,2.277378796552839,0.038352199553454445,0.038352199553454445,0.032886625167187836,0.0318395304633407,0.036935636646166774,0.004224739735042795,0.08038618083079875,0.019380086534101094,0.009928323406929769,0.08624378668666652,0.009928323406929769,0.08624378668666652,0.004206805107920882,0.07440448770222169,200,-0.08153082970648463,0.014249320549096786,-4.16585591189346,0.23140916812863724,-0.010962090040186804,6.885887741646188,0.0,0.07407407407407407,0.10065753319977659,486.0,0.3186878621223838,0.22348198714733558,0.9876133143786723,0.07030721769890343,0.0004124653659096081,0.3186878621223838,icc,0.9876133143786723,table,0.55,0.2572658175639259,True,-0.2243791923967381,-0.17687963673312718,0.1,-0.06711337483281217,7.893117073480173,0.0004124653659096081,0.12783130490709713,0.8721686950929028
plex,pinned_sig&folding|depthT2,pinned_sig&folding,depth,depthT2,True,27,82,False,27.0,65.0,0.4153846153846154,100.0,0.0,0.3701367342805362,0.0021318316479306165,0.16110763428101257,2.2842176553266973,0.029850746268656716,0.014925373134328358,1.3013267303570777,0.02712017327439245,0.7822685673994154,1.6288607393732761,0.12935323383084577,0.06467661691542288,8.879679878971201,0.04849327597893211,0.8115555030809554,10.88180237761425,0.009950248756218905,0.004975124378109453,0.40541152709488626,0.008325580462770724,0.29253817171514485,1.3573816514405945,0.041683567349887415,0.041683567349887415,0.04167105952759673,0.040004048443560265,0.04001557541695046,-0.021624024924135538,0.14621057950601637,0.041021047447904004,-0.021060135045556972,0.14537543472527442,-0.021060135045556972,0.14537543472527442,-0.022103601582854297,0.12755941220835584,200,-0.11457259253532984,0.002578927877188105,-3.602820844483678,0.3407065755276072,-0.02506070428666705,7.900394053727725,0.1111111111111111,0.1111111111111111,0.15178159161553348,3294.25,-0.03114190028229959,-0.05307235975122283,0.9976534711561152,,9.80123319006055e-05,0.001,icc,0.9976534711561152,table,0.55,0.0005505505505505506,True,0.04112050897704617,0.14566002895546581,0.1,-0.05832894047240328,7.88180237761425,9.80123319006055e-05,1.0,-74.68979721467113
plex,pinned_sig&folding|depthT3,pinned_sig&folding,depth,depthT3,True,28,82,False,28.0,43.0,0.6511627906976745,100.0,0.0,0.4431393091841346,-0.04276848212085853,0.20011609392688576,2.4281295010811275,0.029850746268656716,0.014925373134328358,1.9010412570679356,-0.19523071278582493,0.8306113353704913,2.5237699999828753,0.01990049751243781,0.009950248756218905,9.780770672548709,-0.06551804617405685,0.8040196323622558,12.246328724329535,0.009950248756218905,0.004975124378109453,0.6333648651722121,-0.07751583422699179,0.3728017778107687,1.9068597354169312,0.045307197563467634,0.045307197563467634,0.04934933406746819,0.04702850849123926,0.0433434282946442,-0.022925788715824402,0.14542814992788802,0.044001691025944124,-0.027116026661952827,0.14083716945117938,-0.027116026661952827,0.14083716945117938,-0.023463805818638616,0.1269633983061926,200,-0.12753360808445083,-0.00289963646012137,-3.755331841279202,0.31845271112259727,-0.036557475112264065,7.076320847873853,0.03571428571428571,0.25,0.17454860483101825,9988.5,-0.23713965042100207,-0.20012269565274088,0.9994721765472088,,2.6061491767008374e-05,0.001,icc,0.9994721765472088,table,0.65,0.0006506506506506508,True,0.04869868341681754,0.14477749927723738,0.1,-0.05065066593253181,9.246328724329535,2.6061491767008374e-05,1.0,-74.84613035907803
plex,pinned_sig&folding|miss<=5,pinned_sig&folding,miss,miss<=5,True,82,82,False,82.0,180.0,0.45555555555555555,100.0,0.0,1.2257614473346878,0.018380748443617888,0.3543119523421975,3.407677022775036,0.009950248756218905,0.004975124378109453,4.721478426568244,0.19080902438116443,1.6485488266954775,2.748277350855797,0.009950248756218905,0.004975124378109453,29.41564604676403,-0.009907046887867494,2.3692346647835896,12.419855884701773,0.009950248756218905,0.004975124378109453,1.5816988697708991,0.03414032494840103,0.6494246889630051,2.382968450573729,0.041670390151758434,0.041670390151758434,0.0410317078849248,0.03941446506782138,0.04000343155159434,0.004660376447238286,0.0993073345965447,0.024240425553591245,0.005225241961554844,0.10006975313046278,0.005225241961554844,0.10006975313046278,0.004638740351034552,0.0903362489407241,200,-0.10811870032797091,0.004550888861296263,-4.964883378810762,0.2971195242701381,-0.024344204267907905,8.849840569652269,0.04878048780487805,0.14634146341463414,0.14272216225953516,3402.0,0.018862112046394937,-0.012224091933923174,0.9980177131645911,2.1343189518927046,8.149816711841913e-05,0.018862112046394937,icc,0.9980177131645911,table,0.55,0.01057360209292802,True,0.03045810579199678,0.08873373250361669,0.1,-0.058968292115075205,9.419855884701773,8.149816711841913e-05,1.0,-2.88057991253219
plex,ptm,ptm,primary,miss0,False,951,951,False,,952.0,,100.0,0.0,8.281818692187377,1.684816751033193,2.396742624258072,2.7524865934223253,0.009950248756218905,0.004975124378109453,25.62407311446661,6.250186972019396,9.55032672339733,2.0286097746774634,0.04975124378109453,0.024875621890547265,169.26559771550535,-2.4714516746495736,12.254251658148842,14.014486904710587,0.009950248756218905,0.004975124378109453,15.566469798390864,3.633158875487402,4.831590003345201,2.4698517288597155,0.04892794994353854,0.04892794994353854,0.03841338816860077,0.036992385312316314,0.046645672799711574,-0.021414640419721697,0.10538251356851988,0.030349726684186708,-0.009574333038913136,0.1179343838998179,-0.009574333038913136,0.1179343838998179,-0.021883285718315056,0.09533578624916138,200,-0.07863457451659435,0.009564420450721069,-6.599669430647939,0.2572968110796449,-0.02134156929011069,8.778580127213973,0.0946372239747634,0.14300736067297581,0.21728887819123305,1877.0,0.16933253137524876,0.08758780758230914,0.9963179585995091,0.18843840372645407,0.00014196239699295585,0.16933253137524876,icc,0.9963179585995091,unselected,1.0,0.2038511652028396,True,-0.16543777703423884,-0.09846865163431973,0.05,-0.01158661183139923,11.014486904710587,0.00014196239699295585,0.18843840372645407,0.811561596273546
plex,ptm|depthT1,ptm,depth,depthT1,False,317,951,False,,318.0,,100.0,0.0,3.824968554671667,0.40513683648823773,0.6534621584337851,5.233404373988641,0.009950248756218905,0.004975124378109453,13.858103712517385,1.5561550789468952,2.912888040404538,4.223282344851817,0.009950248756218905,0.004975124378109453,50.59743080703747,-0.8273955684248052,4.125617761183357,12.46475785015818,0.009950248756218905,0.004975124378109453,7.089596015914463,0.8964268551700526,1.3721902275543385,4.513345916901424,0.07559610228548723,0.07559610228548723,0.06650157052966205,0.06235487351100199,0.07028298273381278,0.017467541463454715,0.13220693793331834,0.029448773698447877,0.028135206178232713,0.14148682931116685,0.028135206178232713,0.14148682931116685,0.017167073216944002,0.11676922761884759,200,-0.03670014401123012,0.00762244198722053,-4.249283609457678,0.23644223027816066,-0.016680534292314003,9.302095507118521,0.06624605678233439,0.14511041009463724,0.21080219395374683,579.0,0.18910431629664431,0.10192220942606338,0.9896415472882943,0.285164493111859,0.000696063514585844,0.18910431629664431,icc,0.9896415472882943,unselected,1.0,0.23320424574589677,True,-0.16670267521623472,-0.10099730781257843,0.05,0.016501570529662044,9.46475785015818,0.000696063514585844,0.285164493111859,0.714835506888141
plex,ptm|depthT2,ptm,depth,depthT2,False,317,951,False,,317.0,,100.0,0.0,3.7677085067332694,0.5473218157029243,0.9372231895125089,3.436093693654134,0.009950248756218905,0.004975124378109453,11.363321509437476,1.9311164317589158,3.836596207703817,2.458482615068758,0.009950248756218905,0.004975124378109453,52.57087279637932,-0.9741760934404047,4.000518879430168,13.384525983651065,0.009950248756218905,0.004975124378109453,6.780785621500252,1.121641982952571,1.8720467337329043,3.0229713481902336,0.07166912600684006,0.07166912600684006,0.060143500805405425,0.056731471503351755,0.06687616939557389,-0.011356651932550676,0.14826202103690564,0.038811480153408455,0.0018173050373013228,0.1653016076490255,0.0018173050373013228,0.1653016076490255,-0.011490060209847643,0.12911590887349153,200,-0.0760739643367339,0.010227783541870034,-5.630605014773133,0.25292100317099514,-0.023477249985818665,7.854897806484878,0.07886435331230283,0.1608832807570978,0.2167817355626191,1877.0,0.13181431768567303,0.05895043254753841,0.9961239203681895,0.39613091506514353,0.00023402811004823762,0.13181431768567303,icc,0.9961239203681895,unselected,1.0,0.1518273341415801,True,-0.09168383333617466,-0.00356531310467445,0.05,0.010143500805405423,10.384525983651065,0.00023402811004823762,0.39613091506514353,0.6038690849348565
plex,ptm|depthT3,ptm,depth,depthT3,False,317,951,False,,317.0,,100.0,0.0,0.6891416307824408,0.732358098842031,1.1989632166672584,-0.036044865646269235,0.9850746268656716,0.5124378109452736,0.40264789251174293,2.762915461313586,4.777837884478155,-0.4940032763501009,0.5771144278606966,0.7164179104477612,66.09729411208856,-0.6698800127843644,4.751382287718527,14.052157894651863,0.009950248756218905,0.004975124378109453,1.6960881609761476,1.6150900373647774,2.385617917727136,0.033952680774857684,0.01042617008820038,0.01042617008820038,-0.0006472711871669673,-0.0006476904185130749,0.010318586747699018,-0.06359694051574272,0.07251008552577391,0.03453817824664405,-0.05222453662340883,0.08468416871057638,-0.05222453662340883,0.08468416871057638,-0.06791624069056994,0.06760783466239866,200,-0.12312961520181905,0.01084303582307264,-6.771833702222799,0.282527199789779,-0.023866923592199375,8.208282821109044,0.138801261829653,0.12302839116719243,0.22428270505733328,4593.5,0.17952013644065026,0.10189078077332563,0.9986191232277939,-0.002958291954664515,-8.950376844258099e-07,0.17952013644065026,icc,0.9986191232277939,unselected,1.0,0.21879895462865873,True,-0.21944622581582568,-0.1462888691028848,0.05,-0.049352728812833035,11.052157894651863,0.0,0.0,1.0
plex,ptm|miss5-20,ptm,miss,miss5-20,False,81,951,False,,81.0,,89.0,0.10999999999999999,0.4761660840576999,0.06996622845171277,0.24354590369188298,1.6678574734719513,0.07960199004975124,0.03980099502487562,1.8492377204927557,0.49191749206407764,1.018762656909347,1.3323223218118574,0.21890547263681592,0.10945273631840796,7.722302061678761,0.05560807183092867,0.8640189257704546,8.873294046205483,0.009950248756218905,0.004975124378109453,0.7750461090631965,0.1158658007608047,0.47240983745402126,1.3953568618616004,0.06166115754790684,0.06166115754790684,0.05298240103803196,0.0503165114495758,0.05807988463129246,-0.12215947825805468,0.24033195481065395,0.09003418422466554,-0.10525728945193356,0.24857491933224768,-0.10525728945193356,0.24857491933224768,-0.13915912478514267,0.19374130465696524,200,-0.024070994528919185,0.007839806938379741,-2.400288258844843,0.2537054389653085,-0.013464160122630504,9.985942349285093,0.06172839506172839,0.12345679012345678,0.1985482705613429,738.75,0.31702889982163635,0.26432454650438447,0.9934863225742175,0.11413927483391659,0.00034737294491480106,0.31702889982163635,icc,0.9934863225742175,unselected,1.0,0.4641907977348406,True,-0.41120839669680864,-0.22385884292418667,0.1,-0.04701759896196805,5.8732940462054835,0.00034737294491480106,0.11413927483391659,0.8858607251660834
plex,ptm|miss20+,ptm,miss,miss20+,False,87,951,False,,87.0,,57.0,0.43000000000000005,0.9375903573319323,0.012577075693946928,0.41893947451530716,2.207987878698185,0.029850746268656716,0.014925373134328358,2.4506646271861627,-0.009746143946846055,1.2117244060574954,2.0305036020016125,0.06965174129353234,0.03482587064676617,6.02563139884922,-0.7448339387784018,1.3886232793172615,4.875667460332674,0.009950248756218905,0.004975124378109453,0.884055401142127,0.013777536490355286,0.47582979004607584,1.8289688515876663,0.15560035044808648,0.15560035044808648,0.13662477178593915,0.12020217681096759,0.13464892978593518,-0.5187699677240378,1.3433605970736042,0.9092803964478716,-0.8168805141783433,1.4975195709443794,-0.8168805141783433,1.4975195709443794,-0.8697263000456908,0.5773737021801375,200,0.011460721787003,0.002801482715063376,0.6105921955679907,0.1622417906299884,-0.014890946201312911,7.7540471945941745,0.011494252873563218,0.05747126436781609,0.15025910344143073,680.5,0.37758662273069526,0.2812119269686284,0.9942450206141185,0.22521212486541162,0.0007908239205897058,0.37758662273069526,icc,0.9942450206141185,unselected,1.0,0.6066492728470418,True,-0.4700245010611027,0.7367113242265624,0.1,0.03662477178593915,1.8756674603326742,0.0007908239205897058,0.22521212486541162,0.7747878751345884
plex,ptm|miss<=5,ptm,miss,miss<=5,False,957,951,False,,958.0,,100.0,0.0,8.330048147542389,1.6722553468700507,2.39191918500668,2.783452234676459,0.009950248756218905,0.004975124378109453,25.75755287118994,6.209975574126702,9.530986341823839,2.0509500901585214,0.03980099502487562,0.01990049751243781,170.15881544409785,-2.4650001854021757,12.319726142139615,14.011984815071528,0.009950248756218905,0.004975124378109453,15.667575502280295,3.610796026859014,4.824032792332102,2.499315405688323,0.04895454946487361,0.04895454946487361,0.0385682171164717,0.03713594974392175,0.04666984807859204,-0.021460554012219264,0.1054904919234212,0.03026533795542383,-0.009771865275517351,0.11787836184204141,-0.009771865275517351,0.11787836184204141,-0.021931215060599633,0.09542415059589339,200,-0.07818650601198429,0.0094934811879477,-6.601589791601139,0.25688334563554627,-0.021294254680635047,8.765245343176908,0.09404388714733543,0.14315569487983282,0.21665275258310238,1870.0,0.16933253137524876,0.0886832678722437,0.9962749186339253,0.18919792328925306,0.00014420692944904325,0.16933253137524876,icc,0.9962749186339253,unselected,1.0,0.2038511652028396,True,-0.1652829480863679,-0.0983606732794184,0.05,-0.0114317828835283,11.011984815071528,0.00014420692944904325,0.18919792328925306,0.8108020767107469
plex,pinned_sig&ptm,pinned_sig&ptm,primary,miss0,True,329,329,False,329.0,952.0,0.34558823529411764,100.0,0.0,3.5469825992682806,0.5845326943759575,0.9040584214577688,3.2768345878748146,0.009950248756218905,0.004975124378109453,10.160040630115802,2.3600962334920608,3.8933375777775243,2.003408191764421,0.04975124378109453,0.024875621890547265,111.20643355517083,0.16906315052350315,7.78164878030813,14.269131586307676,0.009950248756218905,0.004975124378109453,5.887186185683071,1.1819329929514637,1.7581289662813349,2.6762844381568964,0.031895480197272764,0.031895480197272764,0.02667975560026711,0.0259864436351609,0.030909603549358643,0.004115895336540252,0.06035285391742925,0.015178363670950214,0.011025803907638182,0.06551600866895423,0.011025803907638182,0.06551600866895423,0.0040989764403483965,0.05691757710215033,200,-0.13840316142022344,0.006199622145574124,-8.155839585482815,0.2694344869174068,-0.02453142927816505,8.901134248070623,0.1033434650455927,0.15501519756838905,0.16737518066595752,2364.75,0.11797487730433363,0.04563262127454223,0.9973361204235796,0.19946801594131913,7.126148807009586e-05,0.11797487730433363,icc,0.9973361204235796,table,0.55,0.07356500495028621,True,-0.0468852493500191,-0.013212151032856966,0.05,-0.023320244399732893,11.269131586307676,7.126148807009586e-05,0.3626691198933075,0.6373308801066925
plex,pinned_sig&ptm|depthT1,pinned_sig&ptm,depth,depthT1,True,110,329,False,110.0,390.0,0.28205128205128205,100.0,0.0,2.0570709188792673,0.20380914122144297,0.23588130320649744,7.856755717664593,0.009950248756218905,0.004975124378109453,7.011931586406599,0.9568298219634959,1.216900117566495,4.975841219040916,0.009950248756218905,0.004975124378109453,37.859809391779706,-0.16073808951826166,2.8601539258409314,13.29318227868429,0.009950248756218905,0.004975124378109453,3.3340332588368016,0.3800582410583051,0.46389495255903196,6.367767102192376,0.05433389528173134,0.05433389528173134,0.048743689936854025,0.04647817231662098,0.051533859932685395,0.03001460089604148,0.08148718824771006,0.013893593770185326,0.03667872327886473,0.08782393185993709,0.03667872327886473,0.08782393185993709,0.029139965212724127,0.07534734459422124,200,-0.08111168533781606,0.007711755547889607,-6.259966037386219,0.23552712028507877,-0.017125119389234514,8.546260413082075,0.06363636363636363,0.19090909090909092,0.1413898815558481,736.0,0.05714378164155259,0.03525632090225859,0.9907228190099243,0.804257083491302,0.0004564384962084897,0.05714378164155259,icc,0.9907228190099243,table,0.55,0.03333390530909717,True,0.015409784627756856,0.048153282938612894,0.05,-0.001256310063145978,10.29318227868429,0.0004564384962084897,1.0,-0.4622856063478218
plex,pinned_sig&ptm|depthT2,pinned_sig&ptm,depth,depthT2,True,109,329,False,109.0,335.0,0.3253731343283582,100.0,0.0,1.0710068095115497,0.18468334808512965,0.39417756128008,2.248538599072232,0.01990049751243781,0.009950248756218905,2.4285458759497187,0.6043574070185885,1.6685423704961058,1.0932826766567194,0.27860696517412936,0.13930348258706468,34.99223613196244,-0.04689798016069499,2.320092195634637,15.102474883563213,0.009950248756218905,0.004975124378109453,1.7752063804144411,0.4002549176195636,0.7905898260893143,1.7391464162853356,0.030606983945598028,0.030606983945598028,0.02529524441415241,0.02467118086420655,0.02969801720964629,-0.010136900637371353,0.07086798989362234,0.02044473867559044,-0.0044348996025593964,0.07630355289267546,-0.0044348996025593964,0.07630355289267546,-0.010240871914522599,0.06617807289111197,200,-0.16615085988736572,0.006113803290210012,-8.18391835961318,0.2636721606516286,-0.025388895564077377,8.147931291314132,0.10091743119266056,0.13761467889908258,0.19280968554175923,2364.75,0.15354741278892098,0.08370886026684356,0.9971943070149153,0.13944373721183798,7.117037202231943e-05,0.15354741278892098,icc,0.9971943070149153,table,0.55,0.09977059354518467,True,-0.07447534913103225,-0.02890260365156233,0.05,-0.02470475558584759,12.102474883563213,7.117037202231943e-05,0.2535340676578872,0.7464659323421128
plex,pinned_sig&ptm|depthT3,pinned_sig&ptm,depth,depthT3,True,110,329,False,110.0,227.0,0.4845814977973568,100.0,0.0,0.41890487087746364,0.1960402050693848,0.45053428394937967,0.49466749534452537,0.6368159203980099,0.31840796019900497,0.719563167759483,0.7989090045099769,1.9911691936933753,-0.03984886718908958,0.9850746268656716,0.5124378109452736,38.3543880314287,0.37669922020246005,2.80487151275115,13.53990321431014,0.009950248756218905,0.004975124378109453,0.7779465464318285,0.40161983427359504,0.8530272208542858,0.44116612337570127,0.010921954237262261,0.010921954237262261,0.005868305122933122,0.0058340690257815825,0.010803953946675186,-0.02906353512440709,0.05325353609386825,0.021657337528297047,-0.023018422000754116,0.05740481209125762,-0.023018422000754116,0.05740481209125762,-0.02993403563637623,0.050560840732379576,200,-0.1681991908397353,0.0047725274272103525,-6.837537469275046,0.30905179503127883,-0.031088068029237022,8.222666455955023,0.14545454545454545,0.13636363636363635,0.16815719767186352,6247.25,0.07456691801827643,0.01827883028172731,0.9989808237698485,0.07283020192136759,5.986938838324894e-06,0.07456691801827643,icc,0.9989808237698485,table,0.55,0.0443163376245739,True,-0.03844803250164078,0.008937198469294354,0.05,-0.044131694877066883,10.53990321431014,5.986938838324894e-06,0.13241854894794108,0.867581451052059
plex,pinned_sig&ptm|miss<=5,pinned_sig&ptm,miss,miss<=5,True,331,329,False,331.0,958.0,0.3455114822546973,100.0,0.0,3.5278745187794627,0.5826473625506948,0.9057738376678672,3.25161429238447,0.009950248756218905,0.004975124378109453,10.008549826069475,2.3613815083510667,3.9056937376060357,1.9579539081847415,0.04975124378109453,0.024875621890547265,111.98555856635801,0.21393248583820898,7.843511860380755,14.250201704303148,0.009950248756218905,0.004975124378109453,5.859663146895011,1.1786926976698189,1.7605445805208864,2.6588196067379615,0.03150294166447355,0.03150294166447355,0.026350400897872227,0.025673883767980563,0.030540816115986223,0.00446943163559359,0.060136147141642525,0.015055317203668444,0.011317887918084182,0.06509629238615965,0.011317887918084182,0.06509629238615965,0.004449459817598745,0.056724829225989266,200,-0.13844513292018645,0.006123097178621071,-8.192367072916138,0.26957494188284564,-0.024340557209705342,8.915637729343052,0.1027190332326284,0.1540785498489426,0.1665232993227226,2360.25,0.11797487730433363,0.047361479992476516,0.9972969294015189,0.19700563472569088,7.14200473553761e-05,0.11797487730433363,icc,0.9972969294015189,table,0.55,0.07356500495028621,True,-0.04721460405241398,-0.013428857808643689,0.05,-0.023649599102127775,11.250201704303148,7.14200473553761e-05,0.35819206313761975,0.6418079368623802
plex,secretion,secretion,primary,miss0,False,1440,1440,False,,1442.0,,100.0,0.0,15.04747464855847,1.510550996706882,3.7096764863031355,3.6490846848323852,0.009950248756218905,0.004975124378109453,49.40176689655971,4.593878917876123,15.263071944476568,2.935705744013003,0.009950248756218905,0.004975124378109453,258.66683263357015,-4.752449038117789,19.566325785884032,13.462889484428889,0.009950248756218905,0.004975124378109453,27.0640728411905,3.4953782819629216,7.511568258791938,3.1376529836684277,0.05817318940876685,0.05817318940876685,0.05138926644224664,0.04887748817917904,0.05497511181630859,-0.011626479839397573,0.12428661634825687,0.03253304418625452,-0.0035674008017671415,0.13323866235029652,-0.0035674008017671415,0.13323866235029652,-0.011763313139769846,0.11054709229291347,200,-0.07687607054527808,0.0073088209050482175,-5.607655942047502,0.2625218712168899,-0.022437056464765952,10.176024955662076,0.06944444444444445,0.14444444444444443,0.2262893014446504,1712.625,0.16347156955299608,0.09216162479917182,0.9966492575195462,0.2629728369055571,0.00017277110960373654,0.16347156955299608,icc,0.9966492575195462,unselected,1.0,0.19541663331830106,True,-0.1440273668760544,-0.07113001697004419,0.05,0.0013892664422466353,10.462889484428889,0.00017277110960373654,0.2629728369055571,0.7370271630944429
plex,secretion|depthT1,secretion,depth,depthT1,False,480,1440,False,,482.0,,100.0,0.0,5.589899733701609,0.561955714820531,1.1715501093758975,4.291702060921269,0.009950248756218905,0.004975124378109453,18.50961682677095,2.205616626799729,4.951724828277416,3.2925901105944506,0.009950248756218905,0.004975124378109453,68.14691197021591,-1.0541132576563883,6.147858143482871,11.256119385452944,0.009950248756218905,0.004975124378109453,10.197351312349845,1.2921980388989687,2.5081861104030145,3.5504356062397617,0.08202719055185823,0.08202719055185823,0.07265707411594761,0.06773560336217373,0.0758088070873917,0.0020502034334788236,0.15006608774870303,0.03629561695191631,0.012197049933496313,0.16184665156609887,0.012197049933496313,0.16184665156609887,0.0020458700075397904,0.13048475156885544,200,-0.04503352189940364,0.008700059546663117,-4.711362865362089,0.23075787560133676,-0.01788362719584493,10.830857976265,0.06666666666666667,0.14791666666666667,0.2422266467187081,421.0,0.21321672699246652,0.16357808353173112,0.9891578186710462,0.26810922100926915,0.0007963958405087572,0.21321672699246652,icc,0.9891578186710462,unselected,1.0,0.27099804267245137,True,-0.19834096855650374,-0.12093195492374834,0.05,0.022657074115947612,8.256119385452944,0.0007963958405087572,0.26810922100926915,0.7318907789907309
plex,secretion|depthT2,secretion,depth,depthT2,False,480,1440,False,,480.0,,100.0,0.0,4.165430756476224,0.38484053693786163,1.4977315609987956,2.5242108252143605,0.009950248756218905,0.004975124378109453,13.331763661790466,1.155765292687147,6.074684204671168,2.0043837603509504,0.06965174129353234,0.03482587064676617,81.5424389644794,-2.2039143849559637,6.53198261581708,12.820970029320815,0.009950248756218905,0.004975124378109453,7.470364043473778,0.8336543584736039,3.0111389413525766,2.204052956127964,0.05108297972655345,0.05108297972655345,0.04514334139139983,0.043193444959712876,0.048600330051812884,-0.0334796993584077,0.13161807334090553,0.04510337319083317,-0.028676107087315633,0.14161498834560218,-0.028676107087315633,0.14161498834560218,-0.034640099873484674,0.11630962295866928,200,-0.08666702510459165,0.007652524009906051,-5.538272280784043,0.2761519949098587,-0.02232105396196067,9.752855578368564,0.06666666666666667,0.13958333333333334,0.22663583176773147,1712.625,0.16958887585866306,0.08861861087358504,0.9963644776455912,0.22104948029475083,0.00016471846444079976,0.16958887585866306,icc,0.9963644776455912,unselected,1.0,0.20422278908416794,True,-0.1590794476927681,-0.07260471574326241,0.05,-0.00485665860860017,9.820970029320815,0.00016471846444079976,0.22104948029475083,0.7789505197052492
plex,secretion|depthT3,secretion,depth,depthT3,False,480,1440,False,,480.0,,100.0,0.0,5.29214415838064,0.5637547449484894,1.754901127595106,2.6943907773948923,0.009950248756218905,0.004975124378109453,17.56038640799828,1.2324969983892482,7.832098870574745,2.084739950226246,0.04975124378109453,0.024875621890547265,108.97748169887478,-1.4944213955054375,7.867224430553917,14.042042917364961,0.009950248756218905,0.004975124378109453,9.396357485366877,1.369525884590348,3.448551444975781,2.327595145048764,0.04856181365067534,0.04856181365067534,0.04280173764538584,0.04104494277314003,0.04631278100964064,-0.011208780854765269,0.12008417045619849,0.032489286523532404,-0.0060381522920343765,0.12710026545205363,-0.0060381522920343765,0.12710026545205363,-0.011335988167056773,0.10720928866283956,200,-0.09892766463183893,0.005573879158575485,-4.759888838173193,0.2806557431394742,-0.027106488236492247,8.691491868155909,0.075,0.14583333333333334,0.21000542584751158,5434.25,0.09017022345639528,0.02428817999219929,0.9989701034752777,0.43187533428273245,4.412680689812981e-05,0.09017022345639528,icc,0.9989701034752777,unselected,1.0,0.09910669641847422,True,-0.05630495877308838,0.020977474037724264,0.05,-0.007198262354614161,11.042042917364961,4.412680689812981e-05,0.43187533428273245,0.5681246657172676
plex,secretion|miss5-20,secretion,miss,miss5-20,False,83,1440,False,,83.0,,92.0,0.07999999999999996,0.13741745308549796,0.013903779084746208,0.2534180802695459,0.4873909307077756,0.6268656716417911,0.31343283582089554,0.7830054575616285,-0.028106587173081853,1.0262513955333965,0.7903638896521384,0.417910447761194,0.208955223880597,10.597140724020871,-0.16527749996710905,1.1059530844554366,9.731351515048505,0.009950248756218905,0.004975124378109453,0.2380316629350185,0.022176309149756372,0.45286660041915927,0.4766422464926164,0.012967408536343159,0.012967408536343159,0.011476386759014476,0.011346173681609376,0.012801407456020748,-0.11166084911914007,0.13063784587603686,0.05868518776257173,-0.1122616409148902,0.13374625278869404,-0.1122616409148902,0.13374625278869404,-0.12569652148024424,0.11554347513194646,200,-0.05424201164436374,0.002140483353148943,-3.9957624443975766,0.26060868322425174,-0.016741942984326567,11.31074807287731,0.08433734939759036,0.0963855421686747,0.1863463354871675,738.75,0.39877865126316453,0.2990517059497487,0.993890109046011,0.0173024526363796,7.055052767421696e-05,0.39877865126316453,icc,0.993890109046011,unselected,1.0,0.6632809232423258,True,-0.6518045364833113,-0.5326430773662889,0.1,-0.08852361324098552,6.731351515048505,7.055052767421696e-05,0.0173024526363796,0.9826975473636204
plex,secretion|miss20+,secretion,miss,miss20+,False,78,1440,False,,78.0,,55.0,0.44999999999999996,1.9693533021938887,0.023575306293051313,0.47559399821010756,4.091258517188505,0.009950248756218905,0.004975124378109453,3.740431146369552,0.15227553061207405,1.1394702439570572,3.1489682462411923,0.009950248756218905,0.004975124378109453,3.7105691760965835,-1.6467219534964372,1.572263344798603,3.4073752004180036,0.009950248756218905,0.004975124378109453,2.0575440066536084,0.06431285646984172,0.5511187496911032,3.6166999422555555,0.5307415678652282,0.5307415678652282,0.36320184004050066,0.2664329150477892,0.3467218627932083,-2.183077514026652,3.12483404715431,3.27617445306589,-11.206019921525822,5.851576579231453,-11.206019921525822,5.851576579231453,-0.16180010156549024,0.7651204698793592,200,0.02008474545124109,0.007087184418512404,0.8230482309535826,0.16796366709745852,-0.013963581761734494,7.256220882887511,0.01282051282051282,0.07692307692307693,0.19628080307240883,359.75,0.42343705416815647,0.32117023757481283,0.9919440384305407,0.49454510597019247,0.002949702757377947,0.42343705416815647,icc,0.9919440384305407,unselected,1.0,0.7344160030215561,True,-0.3712141629810554,2.390418044132754,0.1,0.2632018400405006,0.40737520041800357,0.002949702757377947,0.49454510597019247,0.5054548940298076
plex,secretion|miss<=5,secretion,miss,miss<=5,False,1450,1440,False,,1452.0,,100.0,0.0,15.126461884254045,1.4992781831668398,3.7162074849347717,3.666959866027608,0.009950248756218905,0.004975124378109453,49.594538994281564,4.553981015342159,15.297874148846326,2.9442364043984566,0.009950248756218905,0.004975124378109453,260.51676051158347,-4.714766617099894,19.691852901200875,13.469099553984005,0.009950248756218905,0.004975124378109453,27.193568350625103,3.472320768820688,7.521557680623505,3.1537679545971424,0.058063296405766074,0.058063296405766074,0.0513784460264245,0.048867699562040665,0.054876959254712546,-0.011816112338442101,0.12259592427836608,0.03232013330587063,-0.003868065428852329,0.13300601796963799,-0.003868065428852329,0.13300601796963799,-0.01195743941790654,0.10920747888842765,200,-0.07676350968652837,0.007249534351683227,-5.616162906884597,0.2619064802344917,-0.0224350317902739,10.174896446002737,0.06896551724137931,0.14413793103448275,0.22602332894636643,1699.125,0.16527534904299795,0.09336085741311995,0.9966314915607122,0.2594873081463766,0.00017365368293398124,0.16527534904299795,icc,0.9966314915607122,unselected,1.0,0.19799984204792764,True,-0.14662139602150315,-0.07540391776956157,0.05,0.0013784460264245,10.469099553984005,0.00017365368293398124,0.2594873081463766,0.7405126918536233
plex,pinned_sig&secretion,pinned_sig&secretion,primary,miss0,True,527,527,False,527.0,1442.0,0.3654646324549237,100.0,0.0,4.8408956650161965,0.33874060742713447,1.4736447388020506,3.0551156184691677,0.009950248756218905,0.004975124378109453,16.36582319496972,0.8841043114653405,6.703513013655756,2.3094933733948904,0.03980099502487562,0.01990049751243781,174.3305706900935,0.2129418802947857,12.46624146535532,13.967131095100758,0.009950248756218905,0.004975124378109453,7.9698792692378175,0.7609279357526877,2.7926885138090403,2.581366055626663,0.027768484012031545,0.027768484012031545,0.02585697432456475,0.02520524300338189,0.027018228758711845,-0.0036415072880613217,0.07648928386671401,0.01807441200374502,-0.00137076617520246,0.0782387925230591,-0.00137076617520246,0.0782387925230591,-0.0036548186409724667,0.07105438421038025,200,-0.13919501300567844,0.0017741750617516583,-7.210880168603877,0.2702970210334869,-0.02655515882737639,9.958913073325924,0.0872865275142315,0.15939278937381404,0.16969945400999387,2451.75,0.13701251352241728,0.060889893730838765,0.9974123008991574,0.16286282695354382,6.70836615408357e-05,0.13701251352241728,icc,0.9974123008991574,table,0.55,0.08732094453062154,True,-0.06146397020605679,-0.010831660663907533,0.05,-0.02414302567543525,10.967131095100758,6.70836615408357e-05,0.2961142308246251,0.7038857691753748
plex,pinned_sig&secretion|depthT1,pinned_sig&secretion,depth,depthT1,True,176,527,False,176.0,637.0,0.27629513343799056,100.0,0.0,1.8954412586903104,0.15230886674093103,0.37532574891633863,4.644318693780664,0.009950248756218905,0.004975124378109453,6.661541045066277,0.6263003121872988,1.8309276041114901,3.2962749151448567,0.009950248756218905,0.004975124378109453,57.243527740388714,-0.14493019652838188,4.492178973863626,12.775194014044041,0.009950248756218905,0.004975124378109453,3.0799091642327205,0.29680884069187313,0.736135678898532,3.7806893529534604,0.03311188764058236,0.03311188764058236,0.030374267833881793,0.029478868778173687,0.03205063075617413,0.007183447103313619,0.06794106334178891,0.01563352628734617,0.01033351922458146,0.07049855194203794,0.01033351922458146,0.07049855194203794,0.00713218266707615,0.06361860998498356,200,-0.1041490946812631,0.004131882843734832,-7.150289840972389,0.2360062523125709,-0.020426720672054307,9.509653484113652,0.07954545454545454,0.18181818181818182,0.14663111680032725,717.0,0.0981380096193045,0.05650954603019482,0.9913010094137099,0.27913137581743336,0.0002665441348724781,0.0981380096193045,icc,0.9913010094137099,table,0.55,0.059849406967282304,True,-0.02947513913340051,0.008091656374506609,0.05,-0.01962573216611821,9.775194014044041,0.0002665441348724781,0.5075115923953333,0.4924884076046667
plex,pinned_sig&secretion|depthT2,pinned_sig&secretion,depth,depthT2,True,175,527,False,175.0,445.0,0.39325842696629215,100.0,0.0,1.3008838335752233,0.06333920262638498,0.603045973544595,2.05215636160337,0.05970149253731343,0.029850746268656716,3.9512990105761983,0.07036000793578712,2.620534576620045,1.4809722555334608,0.11940298507462686,0.05970149253731343,53.79305892359392,0.3798037051557968,3.8809207805835695,13.763036722024106,0.009950248756218905,0.004975124378109453,2.3596428810043113,0.18647427743135134,1.1736298598807335,1.8516643772115695,0.024183116922630494,0.024183116922630494,0.023169241902366605,0.0226445840565812,0.023612102682666412,-0.017695599218720985,0.08365990458533465,0.026059063507535656,-0.016050268617388713,0.08419848819580983,-0.016050268617388713,0.08419848819580983,-0.01801472193834086,0.0772012487917934,200,-0.16824834310174236,-0.00017073574801027878,-7.3834080680246075,0.2758442379560893,-0.028584803596810992,9.703556645510144,0.09142857142857143,0.13142857142857142,0.2004976304122236,2451.75,0.19616770758352714,0.12067169811126449,0.99719599153621,0.0949401155845239,6.514942994681656e-05,0.19616770758352714,icc,0.99719599153621,table,0.55,0.1342223249660639,True,-0.1110530830636973,-0.05056242038072925,0.05,-0.026830758097633398,10.763036722024106,6.514942994681656e-05,0.17261839197186163,0.8273816080281384
plex,pinned_sig&secretion|depthT3,pinned_sig&secretion,depth,depthT3,True,176,527,False,176.0,360.0,0.4888888888888889,100.0,0.0,1.6445705727506632,0.12309253805981857,0.7456175799184313,2.040560839320997,0.04975124378109453,0.024875621890547265,5.752983139327245,0.1874439913422543,3.5245827808603476,1.579063252027364,0.11940298507462686,0.05970149253731343,63.29398402611086,-0.02193162833262912,4.389961317370391,14.422886917912535,0.009950248756218905,0.004975124378109453,2.5303272240007857,0.2776448176294632,1.3833528317571304,1.62842216002838,0.025983047173523212,0.025983047173523212,0.024029946009065852,0.023466057904573342,0.025325025832642956,-0.012452461890243285,0.07647845701253393,0.02235104019955144,-0.01047427544748452,0.0786129722947161,-0.01047427544748452,0.0786129722947161,-0.012609506539449953,0.0710437615917412,200,-0.14535267697321205,0.0013503274599295026,-5.556567930366036,0.29907209110976984,-0.03066548428581748,8.76822319219541,0.09090909090909091,0.16477272727272727,0.16214460445607976,6915.5,0.05738837114898342,0.005828106394127574,0.9990917799068262,0.3946950592133818,2.1844319252982848e-05,0.05738837114898342,icc,0.9990917799068262,table,0.55,0.033485269188133084,True,-0.009455323179067231,0.04299318782440085,0.05,-0.02597005399093415,11.422886917912535,2.1844319252982848e-05,0.7176273803879669,0.2823726196120331
plex,pinned_sig&secretion|miss5-20,pinned_sig&secretion,miss,miss5-20,True,19,527,False,19.0,83.0,0.2289156626506024,94.0,0.06000000000000005,-0.059149885915024306,0.03477142666539864,0.10161860240841279,-0.9242531421849922,0.3681592039800995,0.8208955223880597,-0.17539987419306163,0.10735297896164309,0.44222185228169,-0.639391408850132,0.5572139303482587,0.7263681592039801,6.220016640506388,0.004941952711509694,0.5611501750450935,11.075599659744277,0.009950248756218905,0.004975124378109453,-0.0896682382682777,0.05853162887736765,0.17120816626077412,-0.8656121397849453,-0.009509602519360585,-0.009509602519360585,-0.015111855818058788,-0.015343728023663903,-0.009600903293508673,-0.06071595357462956,0.06572904839216788,0.033488872140990854,-0.05439066418902105,0.07216962928732834,-0.05439066418902105,0.07216962928732834,-0.06464117691702662,0.06167504565051465,200,-0.14891325573252914,0.00553099337498757,-5.616425482350885,0.23665282375334556,-0.027293125771767582,7.475523188446293,0.2631578947368421,0.15789473684210525,0.1251490209049086,1145.25,0.21925221296813804,0.10624680869875941,0.9946886516589033,-0.053812674582256304,-8.069291852910688e-05,0.21925221296813804,icc,0.9946886516589033,table,0.55,0.15445284525353994,False,-0.16956470107159874,-0.08872379686137206,0.1,-0.08488814418194121,8.075599659744277,0.0,0.0,1.0
plex,pinned_sig&secretion|miss<=5,pinned_sig&secretion,miss,miss<=5,True,531,527,False,531.0,1452.0,0.365702479338843,100.0,0.0,4.869827023310131,0.33540857208288843,1.4809052496258184,3.061923409598931,0.009950248756218905,0.004975124378109453,16.45292172841385,0.8756250659791075,6.741050158434246,2.310811564418459,0.03980099502487562,0.01990049751243781,175.79018015970107,0.25168655703671705,12.559582509779654,13.97645928644359,0.009950248756218905,0.004975124378109453,8.010803772187721,0.755043793503706,2.804430344037225,2.5872491338967287,0.027702497482430543,0.027702497482430543,0.025831476379710814,0.025181013621139184,0.026955755727259136,-0.002464135830760319,0.07642243048470096,0.01797570653201094,5.4124461544055306e-05,0.07822410182836578,5.4124461544055306e-05,0.07822410182836578,-0.0024702286112300844,0.07099669044434773,200,-0.13884367444900142,0.0017298536124642026,-7.209103208562186,0.269809976685744,-0.026494276064240267,9.984508629757322,0.08662900188323917,0.160075329566855,0.16888821806581794,2420.75,0.13410560598989582,0.06115689696919468,0.9973385867995075,0.16678893041862305,6.893168792936034e-05,0.13410560598989582,icc,0.9973385867995075,table,0.55,0.08518138447906619,True,-0.05934990809935538,-0.008758953994365229,0.05,-0.02416852362028919,10.97645928644359,6.893168792936034e-05,0.3032526007611328,0.6967473992388672
plex,splicing,splicing,primary,miss0,False,232,232,False,,232.0,,100.0,0.0,4.164199001192535,0.7050625121759501,1.366026967810606,2.5322607609721652,0.01990049751243781,0.009950248756218905,13.545237645514803,2.840292298208183,6.1926341965188865,1.7286577904640763,0.09950248756218906,0.04975124378109453,55.87243831158596,0.38441997997835997,4.70434444423331,11.795058586670038,0.009950248756218905,0.004975124378109453,6.531104566635033,1.3215254093248223,2.47894291226998,2.101532524821144,0.07453046845691408,0.07453046845691408,0.06234024196618605,0.05868199236320591,0.06936096336471874,-0.010003281588835192,0.1453582370145645,0.040403253872063526,0.006517204390122005,0.1583703585988897,0.006517204390122005,0.1583703585988897,-0.010104436783360442,0.12691067025125716,200,-0.06907592232409004,0.011837716279777139,-3.4028378660342153,0.31770982445402496,-0.014753849953839262,6.5323148914658855,0.03017241379310345,0.14224137931034483,0.1622365294032474,1931.25,-0.03817492544795113,-0.058932178673142106,0.9959969047672959,,0.0002505569286671307,0.001,icc,0.9959969047672959,unselected,1.0,0.001001001001001001,True,0.06133924096518505,0.14435723601356348,0.05,0.01234024196618605,8.795058586670038,0.0002505569286671307,1.0,-61.277901724219866
plex,splicing|depthT1,splicing,depth,depthT1,False,77,232,False,,77.0,,100.0,0.0,2.1547961777234246,0.2412380442360092,0.44022215645674295,4.346801053561794,0.009950248756218905,0.004975124378109453,7.8374052245392365,1.18531380357536,2.024473806672903,3.2858372378233804,0.009950248756218905,0.004975124378109453,16.55833265233415,0.11476256767486692,1.568190458976021,10.485697059652065,0.009950248756218905,0.004975124378109453,3.3062096706178057,0.444637084717842,0.7976385957004007,3.58755531806637,0.13013364467102145,0.13013364467102145,0.11637120914956497,0.10424060401756045,0.11514889879143715,0.04001233751727216,0.2317046038236931,0.047743379408232096,0.056222527822199414,0.24901056640676245,0.056222527822199414,0.24901056640676245,0.038472425595125107,0.18811690822039095,200,-0.02046807261927258,0.015800742346241438,-1.530302812449396,0.31237118077555115,-0.010881157116714502,6.839947777499727,0.025974025974025976,0.23376623376623376,0.16024400700592267,870.25,-0.15069257960316124,-0.1558533234375772,0.9918728875156704,,0.0009535111994691168,0.001,icc,0.9918728875156704,unselected,1.0,0.001001001001001001,True,0.11537020814856397,0.2307036028226921,0.1,0.01637120914956497,7.485697059652065,0.0009535111994691168,1.0,-115.25483794041541
plex,splicing|depthT2,splicing,depth,depthT2,False,77,232,False,,77.0,,100.0,0.0,1.2843064894293128,0.23532493051159642,0.5443966627483426,1.9268699290367022,0.05970149253731343,0.029850746268656716,4.097381954581003,0.895474287568124,2.2946613363461843,1.3953726488072151,0.19900497512437812,0.09950248756218906,17.09265266461866,0.20100278628551047,1.5731438124882946,10.737511563939638,0.009950248756218905,0.004975124378109453,2.0525702147003395,0.42954114430855667,0.9919208066634999,1.6362486394968634,0.07513792707481813,0.07513792707481813,0.06210059801578298,0.05846960083799911,0.06988677934490664,-0.06498742073738818,0.19007896550392941,0.06481058471573992,-0.04883321633879669,0.2036914390602409,-0.04883321633879669,0.2036914390602409,-0.06950935269648044,0.15971729818619965,200,-0.07651805983078812,0.011322516043396126,-3.3233940506570674,0.29587992913283157,-0.011431208451191013,5.892913131526061,0.03896103896103896,0.14285714285714285,0.17517808627712414,1928.25,-0.019828566604794148,-0.05567868004405374,0.9959586448220451,,0.0002519889501938335,0.001,icc,0.9959586448220451,unselected,1.0,0.001001001001001001,True,0.06109959701478198,0.1890779645029284,0.1,-0.03789940198421703,7.737511563939638,0.0002519889501938335,1.0,-61.03849741776719
plex,splicing|depthT3,splicing,depth,depthT3,False,78,232,False,,78.0,,100.0,0.0,0.7250963340397975,0.22849953742834433,0.48318522567615263,1.0277565832368587,0.3383084577114428,0.1691542288557214,1.6104504663945658,0.759504207064699,2.37532964556139,0.35824343830338234,0.6865671641791045,0.34328358208955223,22.221452994633147,0.06865462601798272,1.927199237832496,11.494814824403015,0.009950248756218905,0.004975124378109453,1.1723246813168882,0.44734718029842374,0.8781010916209269,0.8256196330199242,0.03263046454320158,0.03263046454320158,0.022416887850837095,0.021925388867508173,0.03159936266032604,-0.05934702022555776,0.08727461464021938,0.03517076860221105,-0.04672302365874557,0.09670451902222885,-0.04672302365874557,0.09670451902222885,-0.06309130707323433,0.080269017537916,200,-0.10971386898120787,0.008434093344951335,-3.9767882073959333,0.34453004885113236,-0.02185693641746134,5.76821540856985,0.02564102564102564,0.05128205128205128,0.15142786716357426,5334.5,0.09558869685080035,0.033534600204059205,0.9985581656393037,0.2120971142160234,3.2368108614404186e-05,0.09558869685080035,icc,0.9985581656393037,unselected,1.0,0.10569162118823187,True,-0.08327473333739478,-0.018417006548012496,0.1,-0.07758311214916291,8.494814824403015,3.2368108614404186e-05,0.2120971142160234,0.7879028857839766
plex,splicing|miss<=5,splicing,miss,miss<=5,False,232,232,False,,232.0,,100.0,0.0,4.164199001192535,0.7050625121759501,1.366026967810606,2.5322607609721652,0.01990049751243781,0.009950248756218905,13.545237645514803,2.840292298208183,6.1926341965188865,1.7286577904640763,0.09950248756218906,0.04975124378109453,55.87243831158596,0.38441997997835997,4.70434444423331,11.795058586670038,0.009950248756218905,0.004975124378109453,6.531104566635033,1.3215254093248223,2.47894291226998,2.101532524821144,0.07453046845691408,0.07453046845691408,0.06234024196618605,0.05868199236320591,0.06936096336471874,-0.010003281588835192,0.1453582370145645,0.040403253872063526,0.006517204390122005,0.1583703585988897,0.006517204390122005,0.1583703585988897,-0.010104436783360442,0.12691067025125716,200,-0.06907592232409004,0.011837716279777139,-3.4028378660342153,0.31770982445402496,-0.014753849953839262,6.5323148914658855,0.03017241379310345,0.14224137931034483,0.1622365294032474,1931.25,-0.03817492544795113,-0.058932178673142106,0.9959969047672959,,0.0002505569286671307,0.001,icc,0.9959969047672959,unselected,1.0,0.001001001001001001,True,0.06133924096518505,0.14435723601356348,0.05,0.01234024196618605,8.795058586670038,0.0002505569286671307,1.0,-61.277901724219866
plex,pinned_sig&splicing,pinned_sig&splicing,primary,miss0,True,113,113,False,113.0,232.0,0.4870689655172414,100.0,0.0,2.1677595562776957,0.35797570512894483,0.6641777821613475,2.724848526639067,0.009950248756218905,0.004975124378109453,6.622734538895244,1.4176250551783238,3.297071547189791,1.5787068643243174,0.13930348258706468,0.06965174129353234,38.364784177670515,0.3900975519401754,2.872350997643959,13.220768164085452,0.009950248756218905,0.004975124378109453,3.2210835386916843,0.657211442390803,1.1848241574052099,2.163926250386231,0.05650389029268666,0.05650389029268666,0.04765763754644136,0.04548970564282147,0.053481951947222085,0.005499396556724349,0.1028043351845767,0.026250598073360738,0.014824240421155219,0.11196016154538543,0.014824240421155219,0.11196016154538543,0.005468748378026758,0.09322082553329727,200,-0.10282743900947651,0.01021080653402645,-4.274179479542631,0.32493168846701087,-0.01492725563944493,6.2974327842768245,0.035398230088495575,0.11504424778761062,0.13561817020871128,2147.0,-0.09656406892367604,-0.09126806929351743,0.9963974788233931,,0.00017230839312324306,0.001,icc,0.9963974788233931,table,0.55,0.0005505505505505506,True,0.04710708699589081,0.10225378463402615,0.05,-0.0023423624535586426,10.220768164085452,0.00017230839312324306,1.0,-85.56359983435439
plex,pinned_sig&splicing|depthT1,pinned_sig&splicing,depth,depthT1,True,38,113,False,38.0,78.0,0.48717948717948717,100.0,0.0,1.0055524994366887,0.1470886652858559,0.23203709088519955,3.6996836621070988,0.009950248756218905,0.004975124378109453,3.4503163795060368,0.7208243454994238,1.1950536191124865,2.2839912706458194,0.009950248756218905,0.004975124378109453,11.568081163072806,0.1733199915652691,0.9718145839887697,11.72524199496806,0.009950248756218905,0.004975124378109453,1.4793770137179392,0.2611257086738906,0.40765413211591817,2.9884434108903717,0.0869247444983854,0.0869247444983854,0.07533846661897672,0.07006023587703694,0.0799731029570967,0.014905705744652706,0.14124872293939145,0.0322078884262797,0.028659722411739665,0.15422687744587524,0.028659722411739665,0.15422687744587524,0.0146867515947681,0.12376676639293797,200,-0.06109204010998565,0.01662738670661789,-2.748443678596484,0.318147504056444,-0.0030797333878070598,6.105309041418839,0.05263157894736842,0.15789473684210525,0.12845047453136244,889.5,-0.20882968729718274,-0.189459374792441,0.9919071002235059,,0.0006146812131143515,0.001,icc,0.9919071002235059,table,0.55,0.0005505505505505506,True,0.07478791606842618,0.1406981723888409,0.1,-0.024661533381023282,8.72524199496806,0.0006146812131143515,1.0,-135.84205118610498
plex,pinned_sig&splicing|depthT2,pinned_sig&splicing,depth,depthT2,True,37,113,False,37.0,89.0,0.4157303370786517,100.0,0.0,0.46595483400286564,0.12393092477063551,0.2402809578952481,1.4234332684046378,0.19900497512437812,0.09950248756218906,1.5458830970567508,0.47662105278365174,1.0494265799355882,1.0189012406553761,0.3880597014925373,0.19402985074626866,13.000751126975914,0.12614585924348087,1.0200300474395085,12.621790211033899,0.009950248756218905,0.004975124378109453,0.6811078574043481,0.23207011698722263,0.4382938330712094,1.0245130242208325,0.035840608704218055,0.035840608704218055,0.026565778299195174,0.025878301089686733,0.03460050552473779,-0.03325073816872277,0.10268677471589092,0.03629671955354878,-0.02281188960545712,0.11314811630104618,-0.02281188960545712,0.11314811630104618,-0.03439593815502193,0.09312353979282642,200,-0.12597402434994934,0.011102411354514048,-5.018535478462774,0.32440715808373444,-0.014292367525519744,6.262652486949209,0.02702702702702703,0.08108108108108109,0.13871920929769918,2147.0,0.014643028730283817,-0.03414802861170314,0.9963666175724922,1.7876612363793636,9.687561821423654e-05,0.014643028730283817,icc,0.9963666175724922,table,0.55,0.00817334837675961,True,0.018392429922435564,0.09451342633913132,0.1,-0.07343422170080482,9.621790211033899,9.687561821423654e-05,1.0,-2.2502931570533877
plex,pinned_sig&splicing|depthT3,pinned_sig&splicing,depth,depthT3,True,38,113,False,38.0,65.0,0.5846153846153846,100.0,0.0,0.696252222838141,0.08695611507245332,0.2605002711928347,2.3389461553176574,0.029850746268656716,0.014925373134328358,1.6265350623324561,0.22017965689524796,1.4183822177692307,0.9915207535871835,0.3880597014925373,0.19402985074626866,13.795951887621786,0.09063170113142557,1.138523464368481,12.037802131809785,0.009950248756218905,0.004975124378109453,1.0605986675693968,0.16401561672968992,0.4661324774147758,1.9234511523682267,0.050467863943686485,0.050467863943686485,0.04445690428788993,0.04256461334630233,0.04804322500092394,-0.006619877346611819,0.11746418705222474,0.03229498044486673,0.0009595825131122276,0.12374596280291474,0.0009595825131122276,0.12374596280291474,-0.00666399280504008,0.10511570335095216,200,-0.12202537323534901,0.002926084825697081,-3.4217039166024974,0.3322265998297153,-0.027392958423062587,5.3508614374538706,0.02631578947368421,0.10526315789473684,0.13976643308888764,7295.0,-0.06942216673986121,-0.048693645511097214,0.9989174902944904,,4.817718263634035e-05,0.001,icc,0.9989174902944904,table,0.65,0.0006506506506506508,True,0.04380625363723928,0.11681353640157409,0.1,-0.05554309571211007,9.037802131809785,4.817718263634035e-05,1.0,-67.32684212861851
plex,pinned_sig&splicing|miss<=5,pinned_sig&splicing,miss,miss<=5,True,113,113,False,113.0,232.0,0.4870689655172414,100.0,0.0,2.1677595562776957,0.35797570512894483,0.6641777821613475,2.724848526639067,0.009950248756218905,0.004975124378109453,6.622734538895244,1.4176250551783238,3.297071547189791,1.5787068643243174,0.13930348258706468,0.06965174129353234,38.364784177670515,0.3900975519401754,2.872350997643959,13.220768164085452,0.009950248756218905,0.004975124378109453,3.2210835386916843,0.657211442390803,1.1848241574052099,2.163926250386231,0.05650389029268666,0.05650389029268666,0.04765763754644136,0.04548970564282147,0.053481951947222085,0.005499396556724349,0.1028043351845767,0.026250598073360738,0.014824240421155219,0.11196016154538543,0.014824240421155219,0.11196016154538543,0.005468748378026758,0.09322082553329727,200,-0.10282743900947651,0.01021080653402645,-4.274179479542631,0.32493168846701087,-0.01492725563944493,6.2974327842768245,0.035398230088495575,0.11504424778761062,0.13561817020871128,2147.0,-0.09656406892367604,-0.09126806929351743,0.9963974788233931,,0.00017230839312324306,0.001,icc,0.9963974788233931,table,0.55,0.0005505505505505506,True,0.04710708699589081,0.10225378463402615,0.05,-0.0023423624535586426,10.220768164085452,0.00017230839312324306,1.0,-85.56359983435439
plex,translation,translation,primary,miss0,False,1301,1301,False,,1302.0,,100.0,0.0,10.96439212655448,1.7924607630001355,3.1526121925065747,2.909311644913083,0.009950248756218905,0.004975124378109453,38.716729742759306,5.408035146223824,13.310772406347459,2.502386306346256,0.029850746268656716,0.014925373134328358,227.81786543782303,-5.275990574355579,17.06969591457211,13.655419357130452,0.009950248756218905,0.004975124378109453,19.74346400667008,3.937850630038599,6.186417790384237,2.5548894226314123,0.04812788542936694,0.04812788542936694,0.0393486620388447,0.037858962517598425,0.0459179515194859,-0.01602405512965141,0.09832210886093252,0.02809065332839003,-0.007112289719826466,0.10982107808105865,-0.007112289719826466,0.10982107808105865,-0.016285048795763476,0.08952027776553047,200,-0.06689635949219334,0.007331709840342629,-5.907496833440188,0.27386482786000726,-0.02174701199877922,8.423287219951375,0.06917755572636433,0.12528823981552653,0.1868263019315887,1732.25,0.06554741245904254,0.01235766117223456,0.9959630027443305,0.5609597340161759,0.00015949431879234334,0.06554741245904254,icc,0.9959630027443305,unselected,1.0,0.07014525223963765,True,-0.03079659020079295,0.028176856621294877,0.05,-0.010651337961155305,10.655419357130452,0.00015949431879234334,0.5609597340161759,0.43904026598382406
plex,translation|depthT1,translation,depth,depthT1,False,434,1301,False,,435.0,,100.0,0.0,4.250265981615989,0.39455479176323266,1.0560026521808887,3.651232486859597,0.009950248756218905,0.004975124378109453,14.98544728559551,1.0176595827466208,5.1670083107605675,2.7032640287727494,0.01990049751243781,0.009950248756218905,62.72082381509358,-1.9437615644460555,5.981404016909917,10.810937565281925,0.009950248756218905,0.004975124378109453,7.6475033053180885,0.907512899750067,2.0251132706899697,3.328204156832996,0.06776483029218719,0.06776483029218719,0.05962631890736182,0.05627108145902393,0.06346419021278663,-0.008255004647624721,0.14264588084163402,0.03769141931276865,0.0004639051330959012,0.1542410537852303,0.0004639051330959012,0.1542410537852303,-0.00832400767960738,0.12483817544221698,200,-0.03978830804880997,0.005512725796907216,-3.8179783608560536,0.26415458832198413,-0.015921691721028877,8.74660132523893,0.052995391705069124,0.1175115207373272,0.179720082617219,552.875,0.060744518050316665,0.021613084036222304,0.9888436714982863,0.9219654497189264,0.000672715839977565,0.060744518050316665,icc,0.9888436714982863,unselected,1.0,0.06467305138770624,True,-0.005046732480344415,0.07797282945392778,0.05,0.00962631890736182,7.810937565281925,0.000672715839977565,0.9219654497189264,0.07803455028107364
plex,translation|depthT2,translation,depth,depthT2,False,433,1301,False,,433.0,,100.0,0.0,4.172265550970142,0.6646388433169861,1.2393718906608757,2.830164806935204,0.009950248756218905,0.004975124378109453,13.535493420912072,2.211008270232563,5.087842236464707,2.2257932978968196,0.01990049751243781,0.009950248756218905,71.70740639049683,-1.8642382979822583,5.689195235819248,12.931819288828592,0.009950248756218905,0.004975124378109453,7.683442936815498,1.364448295744759,2.43299380843378,2.597209503438293,0.05818458316912547,0.05818458316912547,0.047676339471617535,0.04550674447383483,0.05498528715554539,-0.022553729045451037,0.12024248003277013,0.03576607463656177,-0.01217015607938563,0.1385636407407013,-0.01217015607938563,0.1385636407407013,-0.02307561321380726,0.10733527693180875,200,-0.0708725389779103,0.009060951399548446,-5.6621729394067515,0.2626216250673817,-0.022795130894002487,7.591937770773062,0.06928406466512702,0.15011547344110854,0.1942490282877134,1732.25,0.04404386508623947,0.012603406129023895,0.9958054752616061,1.034797675428427,0.00020082193793645095,0.04404386508623947,icc,0.9958054752616061,unselected,1.0,0.046073102601316314,True,0.001603236870301221,0.07416937743145383,0.05,-0.002323660528382468,9.931819288828592,0.00020082193793645095,1.0,-0.03479767542842693
plex,translation|depthT3,translation,depth,depthT3,False,434,1301,False,,434.0,,100.0,0.0,2.54186059396835,0.7332671279199168,1.412530511304397,1.2803924952943444,0.208955223880597,0.1044776119402985,10.195789036251727,2.179367293244642,6.43079288867257,1.2465681731295528,0.208955223880597,0.1044776119402985,93.38963523223264,-1.4679907119272653,6.588925984781527,14.396523221425314,0.009950248756218905,0.004975124378109453,4.412517764536494,1.6658894345437738,2.760730756914751,0.9948917775169821,0.027217801928955905,0.027217801928955905,0.019066400281966815,0.01870967414556236,0.026496622116405195,-0.03207055482829584,0.07629797511199578,0.027860143770099842,-0.02272543646982537,0.08597674441028877,-0.02272543646982537,0.08597674441028877,-0.03313315494464558,0.07088925567606251,200,-0.09003739315374389,0.007425436752127998,-5.292418693122695,0.294792364193438,-0.0265266284018022,7.8906170875401695,0.08525345622119816,0.10829493087557604,0.1865268979459538,4851.0,0.08667534217795905,0.002857059584076811,0.9987711221812876,0.20090850610859914,2.345910476269045e-05,0.08667534217795905,icc,0.9987711221812876,unselected,1.0,0.09490091112250199,True,-0.07583451084053516,-0.018602936010506207,0.05,-0.030933599718033188,11.396523221425314,2.345910476269045e-05,0.20090850610859914,0.7990914938914009
plex,translation|miss5-20,translation,miss,miss5-20,False,86,1301,False,,86.0,,89.0,0.10999999999999999,0.39272607456642966,0.048775942647248646,0.25037418613373613,1.373744383278641,0.19900497512437812,0.09950248756218906,1.6650976753863758,0.538621343181026,1.1115110061170221,1.0134639477305831,0.3383084577114428,0.1691542288557214,7.227708059828847,-0.08140463008553687,0.9223765145639601,7.92421811972268,0.009950248756218905,0.004975124378109453,0.6464647359036098,0.06788702924365117,0.4810601247188111,1.202713916473847,0.054336183934873744,0.054336183934873744,0.047057713639274856,0.04494280785699541,0.05153591877316248,-0.1217270122836053,0.2545224578166038,0.10139725578665981,-0.11566381646010876,0.2699642759108334,-0.11566381646010876,0.2699642759108334,-0.13860111517993642,0.20282116184675436,200,-0.023689123864458938,0.009089342825106275,-2.438128702754117,0.2580621762886778,-0.013175840902625292,9.799764614920747,0.06976744186046512,0.10465116279069768,0.19227468349110513,704.75,0.29532148232280986,0.2577508747603401,0.9935684637701676,0.11228631128281678,0.0003046125166006516,0.29532148232280986,icc,0.9935684637701676,unselected,1.0,0.4190868245796237,True,-0.37202911094034885,-0.1645643667630199,0.1,-0.05294228636072515,4.92421811972268,0.0003046125166006516,0.11228631128281678,0.8877136887171833
plex,translation|miss20+,translation,miss,miss20+,False,84,1301,False,,84.0,,57.5,0.42500000000000004,1.0789080810750766,0.03520135854407567,0.4284719503898389,2.435881092289472,0.029850746268656716,0.014925373134328358,2.8045710624129314,0.05216894604936021,1.2416316922256545,2.2167621313127284,0.04975124378109453,0.024875621890547265,5.552852017320396,-0.9073450767928756,1.3854063274799826,4.663034205902754,0.009950248756218905,0.004975124378109453,1.121452850367855,0.040310448554392864,0.4779643872845609,2.261972712979122,0.19429800716996565,0.19429800716996565,0.1615595789611525,0.13908849953753058,0.16268804436036732,-0.7538236913228147,1.2681124679575542,1.3719901739045877,-1.8783410331733712,2.2660028272230046,-1.8783410331733712,2.2660028272230046,-0.8029182208520481,0.5604917331360062,200,0.017992104373295008,0.005313774088565719,0.835453744852233,0.1562606272074602,-0.015804227743841586,7.437228954569875,0.0,0.05952380952380952,0.14610485817044644,725.25,0.3711771719023287,0.2659562754034927,0.9933080940367587,0.2737031235728955,0.0010884251486114277,0.3711771719023287,icc,0.9933080940367587,unselected,1.0,0.5902730551707578,True,-0.4287134762096053,0.6778394127867964,0.1,0.061559578961152495,1.663034205902754,0.0010884251486114277,0.2737031235728955,0.7262968764271045
plex,translation|miss<=5,translation,miss,miss<=5,False,1307,1301,False,,1308.0,,100.0,0.0,11.035666572145985,1.785311794805893,3.1504832617837333,2.93617010747194,0.009950248756218905,0.004975124378109453,38.899042363754845,5.395682648715365,13.308733829609645,2.517396481436894,0.029850746268656716,0.014925373134328358,228.62028171635063,-5.263174080377473,17.113522469833097,13.666587706242636,0.009950248756218905,0.004975124378109453,19.88186705825698,3.924859968568927,6.183327080976084,2.5806506563080145,0.048270724230136085,0.048270724230136085,0.03955112919735428,0.038046352975338524,0.046047956042640364,-0.015470149287219861,0.09807476231603432,0.02805395624787031,-0.0067662879441685655,0.11001548557671718,-0.0067662879441685655,0.11001548557671718,-0.01571330740823087,0.08931514980213863,200,-0.06655836805411529,0.007310222219788489,-5.907202572064358,0.2734178375007183,-0.02174881131001828,8.420912163426905,0.06885998469778118,0.12547819433817903,0.18658251982884014,1716.75,0.06554741245904254,0.013365984269785023,0.99595042172266,0.5638461326254202,0.00016081663318625905,0.06554741245904254,icc,0.99595042172266,unselected,1.0,0.07014525223963765,True,-0.030594123042283365,0.02792951007639667,0.05,-0.01044887080264572,10.666587706242636,0.00016081663318625905,0.5638461326254202,0.43615386737457984
plex,pinned_sig&translation,pinned_sig&translation,primary,miss0,True,406,406,False,406.0,1302.0,0.3118279569892473,100.0,0.0,4.008031288068473,0.691479283668029,1.1155278943454612,2.9730785049946595,0.029850746268656716,0.014925373134328358,13.49835013604412,2.5896398749576695,4.732856240031185,2.304889417265413,0.029850746268656716,0.014925373134328358,138.13724217035505,-0.16889774657209677,9.27229789151123,14.916058730548999,0.009950248756218905,0.004975124378109453,6.506548867129986,1.4134472373808047,2.1629320404032732,2.3547210613235845,0.029014849472133276,0.029014849472133276,0.02397978865141138,0.02341822457549961,0.028196725719767203,0.002603251102957051,0.059131029047694454,0.01463802897346721,0.008451223303686086,0.06478058617123096,0.008451223303686086,0.06478058617123096,0.0025964445971669147,0.05582973031551542,200,-0.13105866819106893,0.0058808158327797976,-8.130594683537964,0.27954509446770015,-0.02562250701883343,8.63324423638387,0.0960591133004926,0.14039408866995073,0.15829581308055707,2418.5,0.0499378305665138,0.001197651485890159,0.997280216673517,0.45621305071256407,6.539769691234847e-05,0.0499378305665138,icc,0.997280216673517,table,0.55,0.02890948371090306,True,-0.004929695059491677,0.030221545336791396,0.05,-0.02602021134858862,11.916058730548999,6.539769691234847e-05,0.8294782740228437,0.1705217259771563
plex,pinned_sig&translation|depthT1,pinned_sig&translation,depth,depthT1,True,135,406,False,135.0,610.0,0.22131147540983606,100.0,0.0,1.9301595322502179,0.26007742538472733,0.3419657467256796,4.883770152000658,0.009950248756218905,0.004975124378109453,6.14587975093275,1.1058242920764871,1.5818975346349786,3.1860821251101137,0.01990049751243781,0.009950248756218905,45.37534992672464,-0.18636557345157392,3.3457380307267823,13.617837105518692,0.009950248756218905,0.004975124378109453,3.1996042543556578,0.5023680049973334,0.6592556805387771,4.091335621338911,0.042537623078768044,0.042537623078768044,0.036655382452819,0.03535927471489039,0.04080200286024033,0.01672514428815708,0.06940739179196732,0.01342314611792238,0.02336393294500968,0.0762071588518906,0.02336393294500968,0.0762071588518906,0.01644999650942144,0.06490259131536588,200,-0.10530649944069147,0.007286330831106042,-7.329678178828528,0.24429148141927354,-0.016225764896277816,8.407846163060805,0.08888888888888889,0.15555555555555556,0.1485924525869939,781.75,0.014643028730283817,0.021972739890622105,0.9912450777419102,2.466609695284178,0.0003237494247598541,0.014643028730283817,icc,0.9912450777419102,table,0.55,0.00817334837675961,True,0.028482034076059388,0.06123404341520772,0.05,-0.013344617547181005,10.617837105518692,0.0003237494247598541,1.0,-3.484744900516686
plex,pinned_sig&translation|depthT2,pinned_sig&translation,depth,depthT2,True,135,406,False,135.0,388.0,0.3479381443298969,100.0,0.0,0.8623261592993783,0.23050524443090775,0.4928716794246937,1.2819176699419328,0.208955223880597,0.1044776119402985,2.5984524495847,0.7847465172099594,1.9778876382930708,0.91699138882327,0.3582089552238806,0.1791044776119403,43.8913154979048,-0.038144522705401335,2.899238064221633,15.1520706639191,0.009950248756218905,0.004975124378109453,1.473556593659033,0.4949160066870537,0.9875166646962048,0.9910117185445613,0.01964685153582472,0.01964685153582472,0.014382624201891892,0.014178697326571446,0.019268290297010188,-0.021414905020908818,0.054245171069824856,0.019330350206717122,-0.015704762781590623,0.05948702244820633,-0.015704762781590623,0.05948702244820633,-0.02188373349924982,0.05145403697300373,200,-0.16037801086937123,0.006229029712677221,-8.321201043599665,0.2774511652041205,-0.026929171530289873,7.8710379323466295,0.08888888888888889,0.1259259259259259,0.18266189718361386,2416.25,0.13132891620919268,0.03446251542339825,0.99707459663102,0.09513342616268994,4.2198424708795874e-05,0.13132891620919268,icc,0.99707459663102,table,0.55,0.08315103986176954,True,-0.06876841565987765,-0.028905868791944685,0.05,-0.035617375798108114,12.1520706639191,4.2198424708795874e-05,0.17296986575034534,0.8270301342496547
plex,pinned_sig&translation|depthT3,pinned_sig&translation,depth,depthT3,True,136,406,False,136.0,304.0,0.4473684210526316,100.0,0.0,1.2155455965188777,0.20089661385239385,0.49963835508730514,2.0307667982959146,0.05970149253731343,0.029850746268656716,4.75401793552667,0.6990690656712233,2.4476207073691647,1.656690049094218,0.11940298507462686,0.05970149253731343,48.870576745725614,0.055612349584878575,3.327108213104146,14.671889601870525,0.009950248756218905,0.004975124378109453,1.833388019115295,0.41616322569641734,0.9252380707857216,1.531740681849976,0.024872749156274146,0.024872749156274146,0.020785613494101025,0.020362369158939114,0.024269109678982704,-0.010447766180068796,0.06575438561642015,0.020072090706331716,-0.005571199604471388,0.070261472171977,-0.005571199604471388,0.070261472171977,-0.010558207625378622,0.061697358213930985,200,-0.1275177234832024,0.004139982019837189,-5.84283907366863,0.3166180224980004,-0.033653098765145106,8.004969706265584,0.11029411764705882,0.13970588235294118,0.1437409036152509,6657.875,0.009379329285988527,-0.0524449482655981,0.9990338580712594,2.1953231145736907,2.0101273394293887e-05,0.009379329285988527,icc,0.9990338580712594,table,0.55,0.005207473718043349,True,0.015578139776057676,0.0605469118983768,0.05,-0.029214386505898977,11.671889601870525,2.0101273394293887e-05,1.0,-2.991496571952165
plex,pinned_sig&translation|miss<=5,pinned_sig&translation,miss,miss<=5,True,408,406,False,408.0,1308.0,0.3119266055045872,100.0,0.0,3.9889232075796555,0.6895939518427663,1.1168481341942813,2.9541431415087582,0.029850746268656716,0.014925373134328358,13.346859331997795,2.590925149816675,4.74055887196011,2.2689169088904895,0.03980099502487562,0.01990049751243781,138.91636718154223,-0.12402841125739103,9.329761679418274,14.902888237705662,0.009950248756218905,0.004975124378109453,6.479025828341925,1.4102069420991596,2.16481533560645,2.3414555518301468,0.028714566098368734,0.028714566098368734,0.023729285591213817,0.023179258350033347,0.02791305484015375,0.0027583478471442657,0.05854803937640511,0.014552445995572063,0.008565202374093079,0.0641305247781598,0.008565202374093079,0.0641305247781598,0.0027506954503366938,0.05530973016841173,200,-0.13112872101691717,0.0058202958537703076,-8.171028211399388,0.27960948019921894,-0.025462308954761124,8.645922062757892,0.09558823529411764,0.13970588235294118,0.15764921016526304,2407.75,0.0499378305665138,0.0028180489741586765,0.9972578880740364,0.45144725536020014,6.524727233787864e-05,0.0499378305665138,icc,0.9972578880740364,table,0.55,0.02890948371090306,True,-0.005180198119689242,0.029638555665502053,0.05,-0.026270714408786186,11.902888237705662,6.524727233787864e-05,0.8208131915640002,0.17918680843599977
