arm,set,parent,kind,stratum,selected,n_genes,n_complete,mnar_exposed,n_sel,G_tested,s,median_n_fit,median_miss_frac,N_set,N_null_mean,N_null_sd,N_z,N_p2,N_p_up,Nc_set,Nc_null_mean,Nc_null_sd,Nc_z,Nc_p2,Nc_p_up,D_set,D_null_mean,D_null_sd,D_z,D_p2,D_p_up,Nc_rhow_set,Nc_rhow_null_mean,Nc_rhow_null_sd,Nc_rhow_z,theta_raw,theta_set,theta_pc,lambda_hat_noise,lambda_hat_noise_raw,theta_pc_ci_lo,theta_pc_ci_hi,theta_pc_boot_se,theta_raw_ci_lo,theta_raw_ci_hi,theta_ci_lo,theta_ci_hi,lambda_ci_lo,lambda_ci_hi,n_boot,S_cross_mean,S_cross_null_mean,S_cross_z,Wm_mean,Wm_null_mean,Wm_z,frac_Nc_below_band,frac_Nc_above_band,rho2bar,median_cnt_depth,median_icc,mean_icc,median_lambda_poisson_ub,fX_if_lambda_icc,fX_if_lambda_poisson,lambda_lo,lambda_lo_source,lambda_hi,kappa_source,kappa,theta_noise_min,theta_reading_ok,margin_theta_pc_minus_tnm,margin_ci_hi_minus_tnm,r1_band_limit,margin_abs_theta_pc_minus_band,z_D_minus_gate,fX_lo,fX_hi,post_share_lb
operator,all,all,primary,miss0,False,9205,9205,False,,9224.0,,99.0,0.0,26.653474231075236,-51.39248543176829,22.224411162519036,3.511722272060295,0.009950248756218905,0.004975124378109453,76.98642330052314,-197.60724538775014,83.56864823379465,3.2858455233122856,0.009950248756218905,0.004975124378109453,670.119902140412,135.34176719599375,91.0283686106636,5.874851357950967,0.009950248756218905,0.004975124378109453,58.54883603085759,-100.65541017507941,46.83564257996788,3.3992113150600907,0.03977418689691515,0.03977418689691515,0.14594082024493235,0.12735458731083432,0.03825271621294674,-0.16946298365701853,0.3971122674575609,0.29442189595383533,-0.21257019742393968,0.17864292018756486,-0.21257019742393968,0.17864292018756486,-0.059270288857430756,0.2842498306940615,200,-0.0642468368163652,-0.032488572771131576,-2.8510702615711137,0.1732977466953226,0.032903268607936555,5.6898768963563215,0.029440521455730582,0.10896252036936448,0.2890984157793876,1490.0,,,0.9943161614653264,,0.0008342457761800575,0.1651,transferred,0.9943161614653264,unselected,1.0,0.19774823332135585,True,-0.0518074130764235,0.19936403413620504,0.05,0.09594082024493235,2.874851357950967,0.0008342457761800575,0.7380132696698608,0.2619867303301392
operator,all|depthT1,all,depth,depthT1,False,3068,9205,False,,3087.0,,99.0,0.0,10.51678427400803,-11.962446155089223,6.635197481561169,3.387876621843696,0.009950248756218905,0.004975124378109453,37.444167348926904,-44.845336867342496,24.558690433308467,3.3507285105341675,0.009950248756218905,0.004975124378109453,191.51981749217242,47.26326034349927,27.71487757454113,5.2050223480397815,0.009950248756218905,0.004975124378109453,24.04725156829837,-23.973028789624077,14.651052760084482,3.277599305952233,0.054912250918565435,0.054912250918565435,0.15582813615834318,0.13481946950718238,0.052053856489722786,-0.1779813600580792,0.5904195573703919,0.21833735157402354,-0.2190921439695829,0.20910478375720692,-0.2190921439695829,0.20910478375720692,-0.1690229336232017,0.3725459618395518,200,-0.046986778419307575,-0.026402765926488117,-2.291093581675278,0.15367312066425565,0.02435056269320449,5.492296377283406,0.02803129074315515,0.09061277705345502,0.28120893486376836,440.0,,,0.984015816453994,,0.0025312454214026503,0.1408,transferred,0.984015816453994,unselected,1.0,0.1638733705772812,True,-0.008045234418938035,0.4265461867931106,0.05,0.10582813615834318,2.2050223480397815,0.0025312454214026503,0.9509057854207986,0.04909421457920138
operator,all|depthT2,all,depth,depthT2,False,3068,9205,False,,3068.0,,99.0,0.0,10.280824994425142,-17.03576915244952,7.562405274594964,3.6121568674243947,0.009950248756218905,0.004975124378109453,30.074667702448252,-66.976027583649,28.69264994210703,3.382423564289663,0.009950248756218905,0.004975124378109453,225.45134737029292,43.65081470108605,31.020535921001596,5.860650929184104,0.009950248756218905,0.004975124378109453,22.574308324797407,-32.535854042429534,15.505389815561621,3.554258423862193,0.045601080296669885,0.045601080296669885,0.150255853191466,0.130628201347179,0.043612311765909254,-0.11015389497089807,0.5203391334173371,0.28787602877218493,-0.21491885972810698,0.18582313435884654,-0.21491885972810698,0.18582313435884654,-0.07320807070486549,0.3424213974632898,200,-0.06203966179878227,-0.031201829905007143,-2.632301887598955,0.17690630902517973,0.035270987164375454,5.5706629088301325,0.025097783572359842,0.10853976531942634,0.2742097170941371,1490.0,,,0.9934680041094069,,0.0009879237293243758,0.1736,transferred,0.9934680041094069,unselected,1.0,0.21006776379477252,True,-0.05981191060330651,0.3102713696225645,0.05,0.100255853191466,2.8606509291841036,0.0009879237293243758,0.7152732550543058,0.28472674494569417
operator,all|depthT3,all,depth,depthT3,False,3069,9205,False,,3069.0,,99.0,0.0,5.855864962642065,-22.394270124229546,9.533733974205159,2.963176354962943,0.01990049751243781,0.009950248756218905,9.467588249147997,-85.78588093675862,35.58413063904153,2.676852503497674,0.01990049751243781,0.009950248756218905,253.14873727794662,44.42769215140838,34.15425015035052,6.111129484843811,0.009950248756218905,0.004975124378109453,11.927276137761812,-44.14652734302581,19.861029625199354,2.8233079824644176,0.02313211207612137,0.02313211207612137,0.13534876212288424,0.11921337886501769,0.02260911548283056,-0.13697210896614703,0.5121987529680542,0.7226235423454355,-0.2546192845417244,0.18563935719606647,-0.2546192845417244,0.18563935719606647,-0.08774592368209608,0.33873709092098075,200,-0.08370772704644577,-0.03985872021741244,-3.054888602959857,0.18930859173778333,0.03908624065591424,5.650801110999435,0.03519061583577713,0.12772890192245032,0.3118691733601853,4063.0,,,0.9978532616865938,,0.0002911834680283405,0.1857,transferred,0.9978532616865938,unselected,1.0,0.22804863072577675,True,-0.0926998686028925,0.2841501222422774,0.05,0.08534876212288424,3.1111294848438114,0.0002911834680283405,0.5935083306228575,0.40649166937714254
operator,all|miss0-5,all,miss,miss0-5,False,44,9205,False,,44.0,,98.0,0.010101010101010055,-0.0514580277039827,-0.008822567569534952,0.16201461168729622,-0.2631581169773643,0.8159203980099502,0.5970149253731343,-0.9351250737823522,-0.2763094951787627,0.7052834326063712,-0.9341146383787012,0.3383084577114428,0.835820895522388,0.6915884821863868,0.2287808335030095,0.4913365553030633,0.9419361203399796,0.3383084577114428,0.1691542288557214,-0.06956698631795971,-0.01040272096132357,0.32060620594197037,-0.18453874023681519,-0.0744055591286069,-0.0744055591286069,-0.09212349937547411,-0.10147139981275272,-0.08038678263728379,-1.8649494020675068,3.0970951130742206,1.4880744098841092,-3.094679872640907,2.858593760355119,-3.094679872640907,2.858593760355119,-2.5053280774070936,0.7622762381582168,200,-0.021853778079031036,-0.006291277749887919,-0.9615692660969021,0.15433011331930827,0.0045331742999500015,4.9988870312398745,0.022727272727272728,0.022727272727272728,0.16801845964299902,512.5,,,0.9931083594733638,,-0.0006392877833474587,0.1651,transferred,0.9931083594733638,unselected,1.0,0.19774823332135585,True,-0.28987173269683,2.8993468797528648,0.1,-0.007876500624525898,-2.05806387966002,0.0,0.0,1.0
operator,all|miss5-20,all,miss,miss5-20,False,810,9205,False,,810.0,,90.0,0.09090909090909094,2.548066205477655,-2.695317147246665,1.0980499765780212,4.775177327597488,0.009950248756218905,0.004975124378109453,7.591769381821658,-12.70390380723314,4.6441303253837525,4.370177356592104,0.009950248756218905,0.004975124378109453,23.13005498637861,4.526421976015754,4.643132813131911,4.006698442428192,0.009950248756218905,0.004975124378109453,4.435041222093835,-4.737723682373566,2.0097077781898056,4.564228194772446,0.11016256584682665,0.11016256584682665,0.2818472794966218,0.21987586509315096,0.09923102186641934,-1.6180801375179115,4.510998336431176,12.13322544549496,-0.5165660460086947,1.6281895394637647,-0.5165660460086947,1.6281895394637647,-2.234474740664548,0.8277605834528419,200,-0.009019431530400005,-0.016770309015113963,1.2486744320090744,0.16815597613101418,0.03703431338877336,6.114251542245956,0.02962962962962963,0.07777777777777778,0.1891209077233324,751.75,,,0.9909890269035346,,0.0025628116799554,0.1651,transferred,0.9909890269035346,unselected,1.0,0.19774823332135585,True,0.08409904617526595,4.31325010310982,0.05,0.23184727949662182,1.006698442428192,0.0025628116799554,1.0,-0.42528342611586645
operator,all|miss20+,all,miss,miss20+,False,705,9205,False,,707.0,,63.0,0.36363636363636365,-0.43777281965504145,-3.7022422088791034,1.4063668481781997,2.3212075806912247,0.04975124378109453,0.024875621890547265,-3.5454041752343444,-11.562112148711636,3.805197259913126,2.1067785520428752,0.03980099502487562,0.01990049751243781,13.652228049671102,2.4555493563802604,5.752402637690839,1.9464351504062092,0.05970149253731343,0.029850746268656716,0.652108757345468,-4.589423978090524,1.8555679297637067,2.824759283322742,-0.03206603479390222,-0.03206603479390222,0.2915569410043144,0.22574067913536958,-0.03312832894243416,-5.364494329096596,8.547051917620974,154.20916965278263,-2.827172378738107,4.090860932605253,-2.827172378738107,4.090860932605253,-4.422818849153153,0.9445333087884612,200,-0.013761357951640886,-0.016388944584028762,0.4178211152012388,0.1367389782208269,0.018700664626279718,7.277757122072367,0.028368794326241134,0.05531914893617021,0.19913269359476027,540.5,,,0.9896642638552335,,0.003044927177280232,0.1651,transferred,0.9896642638552335,unselected,1.0,0.19774823332135585,True,0.09380870768295854,8.349303684299619,0.05,0.2415569410043144,-1.0535648495937908,0.003044927177280232,1.0,-0.4743845550848096
operator,all|miss<=5,all,miss,miss<=5,False,9249,9205,False,,9268.0,,99.0,0.0,26.602016203371257,-51.401307999337824,22.268310045265363,3.5028847741094737,0.009950248756218905,0.004975124378109453,76.05129822674081,-197.88355488292888,83.71459400041478,3.272247287113552,0.009950248756218905,0.004975124378109453,670.8114906225984,135.57054802949676,91.25503821052246,5.865330321360645,0.009950248756218905,0.004975124378109453,58.479269044539635,-100.66581289604073,46.925608715646746,3.3914335113891765,0.03965647067059212,0.03965647067059212,0.14573497278590739,0.1271978042457289,0.03814382133842073,-0.1702191679055474,0.3980517290072068,0.2964810221002315,-0.21309756028784232,0.17831221886163257,-0.21309756028784232,0.17831221886163257,-0.0610151937973341,0.2847721177655638,200,-0.06404516154504478,-0.03236394513777286,-2.8551017557308818,0.17320751252205582,0.032768304379419806,5.693348328411723,0.029408584711860742,0.10855227592172127,0.2885224056085582,1485.0,,,0.9943156813787508,,0.0008331398519487134,0.1651,transferred,0.9943156813787508,unselected,1.0,0.19774823332135585,True,-0.05201326053544847,0.20030349568585096,0.05,0.09573497278590738,2.865330321360645,0.0008331398519487134,0.7369723124103821,0.2630276875896179
operator,pinned_sig,pinned_sig,primary,miss0,True,684,684,False,684.0,9224.0,0.07415437987857762,99.0,0.0,5.566842295725021,-8.490430721171078,2.828780226003532,4.969376159969858,0.009950248756218905,0.004975124378109453,17.89484964133571,-31.914363725764762,10.783099017589535,4.619192802166707,0.009950248756218905,0.004975124378109453,139.31601945885012,32.65157110052926,11.168687107348221,9.550312165889494,0.009950248756218905,0.004975124378109453,10.096319354285718,-16.210974388393133,5.650449189129067,4.655788037753107,0.039958378924035386,0.039958378924035386,0.13178967531593197,0.11644360978919843,0.03842305589708045,0.048883178829527474,0.24137844389018362,0.06924471820780231,-0.04444330621136253,0.11603237089178041,-0.04444330621136253,0.11603237089178041,0.04660361580364506,0.1944438566261945,200,-0.1761248064496327,-0.09405729718074429,-5.556446008191128,0.1754446202268557,0.03896100780796833,5.271948868450243,0.019005847953216373,0.23830409356725146,0.29098531270094974,2085.5,,,0.9955308657008657,,0.0005916298313980987,0.1651,transferred,0.9955308657008657,table,0.4,0.07909929332854235,True,0.05269038198738962,0.16227915056164127,0.05,0.08178967531593197,6.550312165889494,0.0005916298313980987,1.0,-0.6661296172209508
operator,pinned_sig|depthT1,pinned_sig,depth,depthT1,True,228,684,False,228.0,4253.0,0.053609217023277686,99.0,0.0,1.9582571770102946,-2.4460898403901568,0.780633322388772,5.642017693944908,0.009950248756218905,0.004975124378109453,6.882843354131033,-9.56486963047702,3.107456659928227,5.292982263182376,0.009950248756218905,0.004975124378109453,48.44986359410508,12.924954895572192,3.663216528682643,9.697736516631267,0.009950248756218905,0.004975124378109453,3.330243623495109,-4.754869339636273,1.555870653666671,5.1965199961047235,0.04041821858191066,0.04041821858191066,0.12397912278328649,0.1103037594473103,0.038848049620854065,0.06307128056238404,0.22285432548289658,0.050603701008366135,-0.03480745845423962,0.10346187260965385,-0.03480745845423962,0.10346187260965385,0.059318945873481375,0.18224103941448738,200,-0.15665515953252657,-0.09228604916890308,-5.109624088093715,0.15847955241421222,0.02986802461373012,5.159224478548025,0.017543859649122806,0.23684210526315788,0.261009332783153,656.5,,,0.987536470756983,,0.0015647193476800068,0.1408,transferred,0.987536470756983,table,0.4,0.06554934823091249,True,0.058429774552374,0.15730497725198408,0.05,0.07397912278328649,6.697736516631267,0.0015647193476800068,1.0,-0.8913860492791144
operator,pinned_sig|depthT2,pinned_sig,depth,depthT2,True,228,684,False,228.0,2788.0,0.08177905308464849,99.0,0.0,1.949352901257165,-2.6754438373238587,1.0794995070060809,4.28420458607488,0.009950248756218905,0.004975124378109453,5.6808438374748285,-10.684997097751195,4.190419512700705,3.9055375925066556,0.009950248756218905,0.004975124378109453,45.935970803167336,9.81333568809246,3.889867166912115,9.286341554884002,0.009950248756218905,0.004975124378109453,3.5625023239992406,-4.967386162769692,2.137379733669228,3.990815647964304,0.0424363057354337,0.0424363057354337,0.1280304364243621,0.11349909744474074,0.040708775684376315,0.023466461349702365,0.2542187745939866,0.07635625937568873,-0.06084407470304456,0.1303047960657287,-0.06084407470304456,0.1303047960657287,0.022916879621584806,0.20269083792148515,200,-0.17843982434807795,-0.09117838321350831,-5.1098485860719975,0.1765113002999143,0.042154992893470314,4.8479436756345615,0.021929824561403508,0.2412280701754386,0.28872244865288055,2085.5,,,0.9952227272309314,,0.0006145722970413514,0.1736,transferred,0.9952227272309314,table,0.4,0.084027105517909,True,0.0440033309064531,0.17019166907607763,0.05,0.0780304364243621,6.286341554884002,0.0006145722970413514,1.0,-0.5236801938521434
operator,pinned_sig|depthT3,pinned_sig,depth,depthT3,True,228,684,False,228.0,2183.0,0.10444342647732478,99.0,0.0,1.6592322174575613,-3.368897043457062,1.1047843308167695,4.551231512486528,0.009950248756218905,0.004975124378109453,5.331162449729849,-11.66449699753655,4.026199054632348,4.221266563487968,0.009950248756218905,0.004975124378109453,44.930185061577696,9.913280516864608,3.803971652864586,9.205353704027619,0.009950248756218905,0.004975124378109453,3.2035734067913673,-6.488718885987171,2.2372894839058612,4.332158338248536,0.036929120482890314,0.036929120482890314,0.1435914832076092,0.12556186830357968,0.035613929393450434,0.042124615565063396,0.29744195871294377,0.11710792740600297,-0.05323014895118732,0.14290546032699325,-0.05323014895118732,0.14290546032699325,0.04749728969276242,0.22928748506110136,200,-0.19327943546829357,-0.0987074591598215,-5.403030088475534,0.1913430079664406,0.044860005916704575,5.255179912922268,0.017543859649122806,0.23684210526315788,0.3232241566668157,5010.5,,,0.9983067457336521,,0.00024354928241402367,0.1857,transferred,0.9983067457336521,table,0.45,0.10262188382659954,True,0.040969599381009664,0.19482007488634423,0.05,0.0935914832076092,6.205353704027619,0.00024354928241402367,1.0,-0.399228681576691
operator,pinned_sig|miss<=5,pinned_sig,miss,miss<=5,True,685,684,False,685.0,9268.0,0.0739102287440656,99.0,0.0,5.5549116595773995,-8.495283291057369,2.8280859725304595,4.968093292462114,0.009950248756218905,0.004975124378109453,17.77670328581459,-31.965408007488648,10.778114057536827,4.6151034427511926,0.009950248756218905,0.004975124378109453,139.49326004096463,32.683484819659704,11.171747180408667,9.56070465044285,0.009950248756218905,0.004975124378109453,10.075123371919052,-16.220131959869345,5.6493617577335495,4.654553285739257,0.03982207927426818,0.03982207927426818,0.13154409249081755,0.11625184857026244,0.038297012602445925,0.04842075269213443,0.2404762072443953,0.06906917930244835,-0.04435624407957563,0.11573695247510658,-0.04435624407957563,0.11573695247510658,0.0461830324745157,0.19385796359108232,200,-0.17612119808002147,-0.09400793080253778,-5.575048415141455,0.17542260556751302,0.03870880812227,5.284349225437037,0.01897810218978102,0.23795620437956205,0.2906075034240149,2083.0,,,0.9955223201375423,,0.0005916616052265228,0.1651,transferred,0.9955223201375423,table,0.4,0.07909929332854235,True,0.05244479916227521,0.16137691391585296,0.05,0.08154409249081755,6.560704650442849,0.0005916616052265228,1.0,-0.6630248761445121
operator,ecm,ecm,primary,miss0,False,202,202,False,,202.0,,99.0,0.0,0.39996575328920175,-2.0112584798931423,1.0310796369000692,2.338543160867444,0.029850746268656716,0.014925373134328358,1.9757240231908504,-5.990525229971577,3.506114011654057,2.2721021697193016,0.029850746268656716,0.014925373134328358,12.11233577479419,2.3281540997356247,2.1409047378206125,4.570115382629597,0.009950248756218905,0.004975124378109453,1.0719891802218093,-4.222542065448502,2.271453503212262,2.330900121082316,0.03302135613855189,0.03302135613855189,0.24644107328147205,0.19771578341258703,0.0319658020062491,-0.9752210142075156,1.2058727691850555,1.5544875774905875,-0.8692220849310517,0.9977817371586908,-0.8692220849310517,0.9977817371586908,-0.452848591302908,0.5583267828429372,200,-0.061806093727826215,-0.03915860459284325,-1.5901199446406658,0.2043323012563829,0.01805526697212776,5.549869214492842,0.019801980198019802,0.12871287128712872,0.39695469789822824,2707.5,,,0.9985079772090023,,0.00036824512809768465,0.1651,transferred,0.9985079772090023,unselected,1.0,0.19774823332135585,True,0.048692839960116197,1.0081245358636997,0.05,0.19644107328147203,1.5701153826295968,0.00036824512809768465,1.0,-0.24623653593398553
operator,ecm|depthT1,ecm,depth,depthT1,False,67,202,False,,67.0,,99.0,0.0,0.29961894561243985,-0.4563393153060158,0.33031116012903106,2.2886246429674126,0.04975124378109453,0.024875621890547265,1.6628634982369945,-1.0661828303632181,1.196133134211239,2.281557337177033,0.04975124378109453,0.024875621890547265,3.993892324521779,0.8747158860643519,0.9654595705189241,3.2307685725057382,0.01990049751243781,0.009950248756218905,0.620669862726638,-0.989368261097486,0.7290190981403107,2.208499239500373,0.07501928476459756,0.07501928476459756,0.2423582877832685,0.19507922164362645,0.06978412929682923,-0.6061467042002028,1.186160831090893,0.9784851019243151,-0.8641010032417796,1.153208171160299,-0.8641010032417796,1.153208171160299,-0.3981576732513278,0.5466982962497559,200,-0.012974679548490615,-0.015562458536631674,0.18598890044541264,0.13582805411648324,0.008340029158549813,4.775935559281297,0.029850746268656716,0.13432835820895522,0.3147899505015217,508.0,,,0.9937987154049469,,0.0015123109873425638,0.1408,transferred,0.9937987154049469,unselected,1.0,0.1638733705772812,True,0.0784849172059873,1.0222874605136119,0.1,0.1423582877832685,0.23076857250573823,0.0015123109873425638,1.0,-0.4789363697683542
operator,ecm|depthT2,ecm,depth,depthT2,False,67,202,False,,67.0,,99.0,0.0,0.3727236428047906,-0.7681238574981566,0.3695934009182526,3.086763717827533,0.009950248756218905,0.004975124378109453,1.4830270929408587,-2.25616453167454,1.2193820611128459,3.0664643542507886,0.009950248756218905,0.004975124378109453,3.5274093522443293,0.4876694378925528,0.7499255099613593,4.053389135286786,0.009950248756218905,0.004975124378109453,0.8315172808585979,-1.596865681949758,0.8066168166785692,3.010578148875922,0.10566498117595667,0.10566498117595667,0.37531089252622213,0.2728916745775474,0.0955669058665258,-0.05656125559940117,1.8679519374141944,0.7515643181997846,-0.8137733685434594,0.7304818108949341,-0.8137733685434594,0.7304818108949341,-0.041069317663167175,0.6533915180900072,200,-0.06949756056046084,-0.045019019262992746,-1.2961061619250815,0.227649831340981,0.03265836428188276,5.7455909208735765,0.014925373134328358,0.1791044776119403,0.4399445354154316,2698.0,,,0.9985474142859952,,0.0005459643007375706,0.1736,transferred,0.9985474142859952,unselected,1.0,0.21006776379477252,True,0.1652431287314496,1.6578841736194219,0.1,0.2753108925262221,1.0533891352867863,0.0005459643007375706,1.0,-0.7866182118874998
operator,ecm|depthT3,ecm,depth,depthT3,False,68,202,False,,68.0,,99.0,0.0,-0.2723768351280287,-0.7867953070889699,0.4459495291878049,1.153535183449654,0.26865671641791045,0.13432835820895522,-1.1701665679870028,-2.668177867933817,1.5306257220673367,0.978692098499121,0.3781094527363184,0.1890547263681592,4.59103409802808,0.9657687757787201,0.8110503149326139,4.469840225079705,0.009950248756218905,0.004975124378109453,-0.3801979633634263,-1.6363081224012581,0.9853992328706789,1.2747220792718847,-0.05932799219352754,-0.05932799219352754,0.14189815813032994,0.12426516070633196,-0.06306979659347245,-1.9170880285358751,2.0770035274482,2.8255805654244277,-1.092875075602857,1.4979514544270882,-1.092875075602857,1.4979514544270882,-0.9663618853864514,0.6946315213901582,200,-0.10234104184884038,-0.056633516399698526,-2.1998752398006394,0.2488545077667536,0.013239287762659186,5.278442470140101,0.014705882352941176,0.07352941176470588,0.43555350616185656,8252.5,,,0.9996050778326586,,5.6060867830006616e-05,0.1857,transferred,0.9996050778326586,unselected,1.0,0.22804863072577675,True,-0.08615047259544681,1.8489548967224234,0.1,0.04189815813032993,1.4698402250797047,5.6060867830006616e-05,0.62222762609331,0.37777237390669005
operator,ecm|miss20+,ecm,miss,miss20+,False,19,202,False,,19.0,,63.0,0.36363636363636365,-0.12200547045937252,-0.26933022935982104,0.18173059096080924,0.810676717230395,0.42786069651741293,0.21393034825870647,-0.09375188746617655,-0.5177743513363409,0.4948285587081732,0.8569078247568022,0.3880597014925373,0.19402985074626866,1.2572638602924904,0.13417763123177678,0.4638901621306022,2.4210175613608365,0.009950248756218905,0.004975124378109453,-0.2526698365400959,-0.4092188428411873,0.2717369163991183,0.576105037090939,-0.09704046565928422,-0.09704046565928422,0.13117849287820285,0.11596621903978084,-0.10746934050609151,-11.2518140410058,6.490211956236084,8.416971807518369,-3.8658390107671843,5.654174751202403,-3.8658390107671843,5.654174751202403,-1.5509222828269242,0.8971889285111285,200,-0.016222007548426006,-0.011112196085844416,-0.18476145866585758,0.12304836157576392,-0.003111411035378349,3.018005707593019,0.05263157894736842,0.15789473684210525,0.3589024964039,457.5,,,0.9953607944603354,,0.0006114004029818748,0.1651,transferred,0.9953607944603354,unselected,1.0,0.19774823332135585,False,-0.066569740443153,6.292463722914728,0.1,0.031178492878202846,-0.5789824386391635,0.0006114004029818748,0.6633611369110332,0.33663886308896684
operator,ecm|miss<=5,ecm,miss,miss<=5,False,202,202,False,,202.0,,99.0,0.0,0.39996575328920175,-2.0112584798931423,1.0310796369000692,2.338543160867444,0.029850746268656716,0.014925373134328358,1.9757240231908504,-5.990525229971577,3.506114011654057,2.2721021697193016,0.029850746268656716,0.014925373134328358,12.11233577479419,2.3281540997356247,2.1409047378206125,4.570115382629597,0.009950248756218905,0.004975124378109453,1.0719891802218093,-4.222542065448502,2.271453503212262,2.330900121082316,0.03302135613855189,0.03302135613855189,0.24644107328147205,0.19771578341258703,0.0319658020062491,-0.9752210142075156,1.2058727691850555,1.5544875774905875,-0.8692220849310517,0.9977817371586908,-0.8692220849310517,0.9977817371586908,-0.452848591302908,0.5583267828429372,200,-0.061806093727826215,-0.03915860459284325,-1.5901199446406658,0.2043323012563829,0.01805526697212776,5.549869214492842,0.019801980198019802,0.12871287128712872,0.39695469789822824,2707.5,,,0.9985079772090023,,0.00036824512809768465,0.1651,transferred,0.9985079772090023,unselected,1.0,0.19774823332135585,True,0.048692839960116197,1.0081245358636997,0.05,0.19644107328147203,1.5701153826295968,0.00036824512809768465,1.0,-0.24623653593398553
operator,pinned_sig&ecm,pinned_sig&ecm,primary,miss0,True,13,13,True,13.0,202.0,0.06435643564356436,99.0,0.0,-0.2089339713324669,-0.3447845148374823,0.11265684410357407,1.2058791863556693,0.23880597014925373,0.11940298507462686,-0.723420296924127,-1.1411648760899795,0.38425070149393703,1.0871667313597448,0.25870646766169153,0.12935323383084577,2.3311277621544466,0.6705983557236098,0.28087154210915405,5.912059989991836,0.009950248756218905,0.004975124378109453,-0.41044600091999217,-0.7045583429611514,0.22823420610458076,1.2886426932271142,-0.08962785083017864,-0.08962785083017864,0.08181158549731093,0.07562461577789628,-0.09845188136731917,-0.20025854399921952,0.46343020920903516,0.16481947342394432,-0.3182597851506944,0.07162942004219165,-0.3182597851506944,0.07162942004219165,-0.2505682640581112,0.31663442458170604,200,-0.2784520879301331,-0.15560643600624188,-3.377500594923416,0.2029803165201705,0.03723434576835652,4.537776253993339,0.0,0.15384615384615385,0.3769168917206752,5557.0,,,0.9985052571958091,,0.0001224703403815687,0.1651,transferred,0.9985052571958091,table,0.4,0.07909929332854235,False,0.0027122921687685875,0.38433091588049284,0.1,-0.01818841450268907,2.9120599899918362,0.0001224703403815687,1.0,-0.034289714289898576
operator,folding,folding,primary,miss0,False,183,183,False,,183.0,,99.0,0.0,1.3723547481244813,-0.509772878071047,0.5745846867103089,3.275631372933629,0.009950248756218905,0.004975124378109453,3.4811007464572334,-2.230289598820296,2.3360188669846225,2.444924750393776,0.01990049751243781,0.009950248756218905,17.929401555757007,3.4215139859254453,2.798752195785324,5.18369850381151,0.009950248756218905,0.004975124378109453,2.494100254507732,-0.9556122729561954,1.17006422443735,2.9483104050316506,0.07654213911472287,0.07654213911472287,0.12973133525719624,0.11483379384857145,0.07109999351968337,-0.08970679290597906,0.3929013125647644,0.14149568835141868,-0.11002318483949629,0.24195261592224482,-0.11002318483949629,0.24195261592224482,-0.09855273174423422,0.2820621767420582,200,-0.05769917868215119,-0.029135469474947807,-2.283493431150483,0.1576722861261582,0.03012484801191026,5.537842743675556,0.03825136612021858,0.14207650273224043,0.243764455064168,2752.0,,,0.996625460732165,,0.0004392658048014008,0.1651,transferred,0.996625460732165,unselected,1.0,0.19774823332135585,True,-0.06801689806415961,0.19515307924340855,0.05,0.07973133525719624,2.1836985038115104,0.0004392658048014008,0.6560429546107398,0.3439570453892602
operator,folding|depthT1,folding,depth,depthT1,False,61,183,False,,61.0,,99.0,0.0,0.2513740466056916,-0.23839449469077997,0.2292925037152267,2.1359989243466377,0.029850746268656716,0.014925373134328358,0.7265268586832838,-1.0596973637612814,1.036590341231295,1.723172743750276,0.09950248756218906,0.04975124378109453,5.969483909653887,0.9022265824380297,1.0538533271091859,4.808313639921598,0.009950248756218905,0.004975124378109453,0.5194453143122987,-0.48122316776480006,0.4856607459893013,2.060426934523431,0.04210984574381178,0.04210984574381178,0.09665357602148242,0.08813501194436361,0.0404082601424379,-0.10582343471034146,0.38057342033065544,0.1234343763256649,-0.14885371098988148,0.20866062784833392,-0.14885371098988148,0.20866062784833392,-0.11834793303096504,0.27566294203561426,200,-0.05049623216144594,-0.02564724310725504,-1.5143674321921878,0.14168011566624242,0.02093419772812604,4.600946837351989,0.03278688524590164,0.14754098360655737,0.23354212288082715,715.0,,,0.9876819197912776,,0.0012054351487410726,0.1408,transferred,0.9876819197912776,unselected,1.0,0.1638733705772812,True,-0.0672197945557988,0.21670004975337423,0.1,-0.0033464239785175875,1.8083136399215984,0.0012054351487410726,0.5898064809492733,0.41019351905072665
operator,folding|depthT2,folding,depth,depthT2,False,61,183,False,,61.0,,99.0,0.0,0.2843862055373562,-0.2103648355235997,0.19922317086948424,2.483401096878831,0.029850746268656716,0.014925373134328358,0.6741012231729624,-0.8359516850177304,0.8172702556094351,1.8476787792364382,0.07960199004975124,0.03980099502487562,6.039046973382409,1.068241661174113,0.8585404418186408,5.789832452946155,0.009950248756218905,0.004975124378109453,0.4896188452486825,-0.3395249603053825,0.4064401741755535,2.0400143938427044,0.047091239195656456,0.047091239195656456,0.09953136564126693,0.0905216247134691,0.04497338668579685,-0.17100120044383438,0.49521102834761016,0.5759536174839242,-0.17699971570533427,0.2039872012269244,-0.17699971570533427,0.2039872012269244,-0.1793636223684974,0.3317935816758912,200,-0.06672492510524154,-0.032555646888718225,-2.242355028057796,0.1839779554904605,0.04784597320553838,4.967369117526178,0.04918032786885246,0.13114754098360656,0.21863196072323457,2752.0,,,0.996538899968615,,0.0003456844612444434,0.1736,transferred,0.996538899968615,unselected,1.0,0.21006776379477252,True,-0.11053639815350559,0.28514326455283767,0.1,-0.00046863435873308046,2.789832452946155,0.0003456844612444434,0.47380599404345036,0.5261940059565496
operator,folding|depthT3,folding,depth,depthT3,False,61,183,False,,61.0,,99.0,0.0,0.8365944959814333,-0.06101354785666729,0.29512767756284564,3.0414227877592417,0.009950248756218905,0.004975124378109453,2.0804726646009875,-0.33464055004128423,1.1384978359026894,2.121315595411196,0.029850746268656716,0.014925373134328358,5.9208706727207145,1.4510457423133027,1.0663452873223855,4.191723809865782,0.009950248756218905,0.004975124378109453,1.485036094946751,-0.1348641448860128,0.6012482659358299,2.694228543530889,0.14129585701573982,0.14129585701573982,0.20081503365642694,0.16723227810111133,0.12380300528313508,-0.057839189160025485,0.967739857176493,0.2827726205687182,-0.05386431279596757,0.48223622943803934,-0.05386431279596757,0.48223622943803934,-0.06151128247874736,0.4917832638264196,200,-0.05587637877976608,-0.02920351842887016,-1.4611854922468184,0.1473587872217716,0.02159437310206636,5.014426170423571,0.03278688524590164,0.14754098360655737,0.27911928158844224,6466.0,,,0.9988353158674728,,0.0002341588043164427,0.1857,transferred,0.9988353158674728,unselected,1.0,0.22804863072577675,True,-0.027233597069349802,0.7396912264507163,0.1,0.10081503365642694,1.191723809865782,0.0002341588043164427,0.8805798702554036,0.11942012974459637
operator,folding|miss<=5,folding,miss,miss<=5,False,183,183,False,,183.0,,99.0,0.0,1.3723547481244813,-0.509772878071047,0.5745846867103089,3.275631372933629,0.009950248756218905,0.004975124378109453,3.4811007464572334,-2.230289598820296,2.3360188669846225,2.444924750393776,0.01990049751243781,0.009950248756218905,17.929401555757007,3.4215139859254453,2.798752195785324,5.18369850381151,0.009950248756218905,0.004975124378109453,2.494100254507732,-0.9556122729561954,1.17006422443735,2.9483104050316506,0.07654213911472287,0.07654213911472287,0.12973133525719624,0.11483379384857145,0.07109999351968337,-0.08970679290597906,0.3929013125647644,0.14149568835141868,-0.11002318483949629,0.24195261592224482,-0.11002318483949629,0.24195261592224482,-0.09855273174423422,0.2820621767420582,200,-0.05769917868215119,-0.029135469474947807,-2.283493431150483,0.1576722861261582,0.03012484801191026,5.537842743675556,0.03825136612021858,0.14207650273224043,0.243764455064168,2752.0,,,0.996625460732165,,0.0004392658048014008,0.1651,transferred,0.996625460732165,unselected,1.0,0.19774823332135585,True,-0.06801689806415961,0.19515307924340855,0.05,0.07973133525719624,2.1836985038115104,0.0004392658048014008,0.6560429546107398,0.3439570453892602
operator,pinned_sig&folding,pinned_sig&folding,primary,miss0,True,14,14,True,14.0,183.0,0.07650273224043716,99.0,0.0,0.28690851103979864,-0.017907370393427137,0.08244106589070578,3.697379190091113,0.009950248756218905,0.004975124378109453,1.0182938061016302,-0.07274460852074555,0.35740728879770134,3.0526473544861648,0.009950248756218905,0.004975124378109453,3.1368784061364656,0.7363971167218614,0.35095862056263616,6.839784375623241,0.009950248756218905,0.004975124378109453,0.5502257621030979,-0.024336122032495112,0.1624217559183069,3.537468739253009,0.09146306419736853,0.09146306419736853,0.12698115281188466,0.11267371463582967,0.08379858851625722,-0.01978533458821594,0.38227112130826774,0.104156516506456,-0.020655944778039965,0.27057593313210176,-0.020655944778039965,0.27057593313210176,-0.020186667912668713,0.276550565281218,200,-0.10058175421562834,-0.046471186994891625,-2.257924931747386,0.12811318569915928,0.037379465311521164,2.601927234662956,0.07142857142857142,0.21428571428571427,0.2107730397464826,2631.0,,,0.9966313522418502,,0.00042920060139070673,0.1651,transferred,0.9966313522418502,table,0.4,0.07909929332854235,False,0.04788185948334231,0.3031718279797254,0.1,0.02698115281188465,3.839784375623241,0.00042920060139070673,1.0,-0.605338650554853
operator,ptm,ptm,primary,miss0,False,992,992,False,,993.0,,99.0,0.0,4.6147177592969335,-5.22619347715985,2.3531789693977982,4.18196463780873,0.009950248756218905,0.004975124378109453,15.85328376553569,-21.649814683277683,9.561796880088165,3.9221810418197856,0.009950248756218905,0.004975124378109453,79.99279245382414,14.75150368081041,11.187517736178926,5.831614332286793,0.009950248756218905,0.004975124378109453,8.995062651268324,-10.173723602863486,4.683308415858975,4.093001047981596,0.05768916945812062,0.05768916945812062,0.1508387007910757,0.13106849872826715,0.05454264931886952,-0.10843076400790742,0.44222931899058776,0.24573174562960653,-0.16108216184484095,0.1925379772543206,-0.16108216184484095,0.1925379772543206,-0.028840321054749145,0.30848956272588735,200,-0.0490803962241225,-0.02953093614785976,-1.7206079705255983,0.17964408221892747,0.04198994688425322,5.438403142140249,0.03125,0.12903225806451613,0.2298646824125843,1942.5,,,0.9944640129918193,,0.0008396895986191106,0.1651,transferred,0.9944640129918193,unselected,1.0,0.19774823332135585,True,-0.04690953253028016,0.2444810856692319,0.05,0.1008387007910757,2.831614332286793,0.0008396895986191106,0.7627815341639558,0.23721846583604422
operator,ptm|depthT1,ptm,depth,depthT1,False,331,992,False,,332.0,,99.0,0.0,1.266049920018859,-1.2931876307938917,0.726725606167148,3.521600902864185,0.009950248756218905,0.004975124378109453,4.5123499164752845,-5.379316719685769,3.061447792820502,3.2310420773329254,0.009950248756218905,0.004975124378109453,21.144982087032048,3.7526590488292864,3.4125418986644624,5.096588863864044,0.009950248756218905,0.004975124378109453,2.897730216065824,-2.4812914735114067,1.5370881712783633,3.499488051556349,0.05987472180434296,0.05987472180434296,0.14714754004921068,0.1282725498787177,0.05649226325769101,-0.09816317089168537,0.7095291391073941,0.2265789949154521,-0.1256346519159065,0.2721091320405,-0.1256346519159065,0.2721091320405,-0.1088552033171419,0.41470298168573927,200,-0.034887075377394224,-0.020901723187102768,-1.3389262282611005,0.17163899529411988,0.037221367169857474,5.64804171308287,0.03323262839879154,0.09063444108761329,0.2232753243553518,611.0,,,0.9866288261526774,,0.0019942001359074275,0.1408,transferred,0.9866288261526774,unselected,1.0,0.1638733705772812,True,-0.01672583052807053,0.5456557685301129,0.05,0.09714754004921068,2.096588863864044,0.0019942001359074275,0.8979344205275697,0.10206557947243033
operator,ptm|depthT2,ptm,depth,depthT2,False,330,992,False,,330.0,,99.0,0.0,1.1647541622950337,-1.8767028120119136,0.845312197623324,3.5980280219051544,0.009950248756218905,0.004975124378109453,4.924419749775442,-7.7522635264600055,3.424891822492697,3.7013383000836306,0.009950248756218905,0.004975124378109453,26.94950701614364,4.891946768129248,3.7656415850017315,5.857583561820648,0.009950248756218905,0.004975124378109453,2.2727138643654126,-3.6031528318266193,1.6531330158137174,3.5543822789721307,0.0432198689793215,0.0432198689793215,0.13788727946830553,0.12117832930932788,0.041429300058872055,-0.06704344162454823,0.5409062989685891,0.5812497885128034,-0.14370375416323747,0.205182330454984,-0.14370375416323747,0.205182330454984,-0.05575075645411568,0.3515646101719631,200,-0.04857617162655995,-0.02977210041610311,-1.492018274980379,0.17878325129910563,0.044189752990056376,4.925929161809148,0.030303030303030304,0.14242424242424243,0.22599689178334637,1942.5,,,0.9938165811115511,,0.000857919685126934,0.1736,transferred,0.9938165811115511,unselected,1.0,0.21006776379477252,True,-0.07218048432646698,0.33083853517381656,0.05,0.08788727946830553,2.8575835618206478,0.000857919685126934,0.6563942842892149,0.34360571571078513
operator,ptm|depthT3,ptm,depth,depthT3,False,331,992,False,,331.0,,99.0,0.0,2.183913676983041,-2.0563030343540443,1.1008953059458724,3.8516075856041154,0.009950248756218905,0.004975124378109453,6.416514099284962,-8.51823443713191,4.338393299520773,3.4424607234357,0.009950248756218905,0.004975124378109453,31.898303350648447,6.106897863851875,4.546885253979341,5.672323809848612,0.009950248756218905,0.004975124378109453,3.8246185708370875,-4.089279297525459,2.161090785585598,3.661992324037461,0.06846488520019185,0.06846488520019185,0.16440425138939346,0.14119173061522455,0.06407780559616987,-0.06551065881175884,0.6983724029090534,0.21532381250127147,-0.11659107150116234,0.2432375856308026,-0.11659107150116234,0.2432375856308026,-0.0704293711164084,0.4111828698860095,200,-0.06377641833126056,-0.037919713433328804,-1.7785321539224146,0.18850739936591387,0.0445653664327425,5.368085811940605,0.030211480362537766,0.1540785498489426,0.24031014593099065,4668.0,,,0.9978290713559671,,0.000357686410215538,0.1857,transferred,0.9978290713559671,unselected,1.0,0.22804863072577675,True,-0.06364437933638328,0.4703237721832767,0.05,0.11440425138939346,2.6723238098486117,0.000357686410215538,0.7209175116121869,0.27908248838781313
operator,ptm|miss5-20,ptm,miss,miss5-20,False,66,992,False,,66.0,,82.0,0.1717171717171717,0.339902841381183,-0.02994369433805574,0.1818407700761042,2.0339032636325185,0.06965174129353234,0.03482587064676617,1.0114982820297251,-0.04979632092146588,0.808709509334361,1.3123310542307456,0.1791044776119403,0.08955223880597014,3.1064030141658954,0.3363836225634104,0.6016493595920784,4.604042782461488,0.009950248756218905,0.004975124378109453,0.5596223811416053,-0.08245029229509843,0.31364662498855905,2.0471212577534503,0.10942007197107062,0.10942007197107062,0.1335176702518601,0.117790550386562,0.09862817046086748,-1.4656015577819055,2.069134171335285,1.883706363358111,-1.7709710036658723,0.9394865720799485,-1.7709710036658723,0.9394865720799485,-0.7747017351074358,0.6747542723675258,200,-0.007170214643068414,0.0022262355616746595,-0.7390293932008567,0.17705416393134937,0.052565812656653194,4.9646592237302265,0.06060606060606061,0.030303030303030304,0.16564800212418065,952.75,,,0.9914408144606337,,0.0011526684153015318,0.1651,transferred,0.9914408144606337,unselected,1.0,0.19774823332135585,True,-0.06423056306949576,1.8713859380139293,0.1,0.03351767025186009,1.6040427824614882,0.0011526684153015318,0.6751902052893882,0.3248097947106118
operator,ptm|miss20+,ptm,miss,miss20+,False,51,992,False,,51.0,,64.0,0.3535353535353535,-0.452785545240611,-0.28387663419402187,0.27865996329978376,-0.6061470368632614,0.4975124378109453,0.7562189054726368,-1.02373333265305,-1.1124261617697604,0.7632973338857645,0.11619695913936497,0.9253731343283582,0.4626865671641791,1.1185776856750247,0.09123933057035119,0.8183361456229248,1.2553989709481235,0.19900497512437812,0.09950248756218906,-0.25037386883268986,-0.3203566016388061,0.3702635937924165,0.1890078689328315,-0.4047868565940236,-0.4047868565940236,-0.16441409999666498,-0.19676504832837505,-0.6800704270032072,-7.6526460174355675,3.890546653864047,12.154086097351184,-5.426650691873004,6.783320495439535,-5.426650691873004,6.783320495439535,-3.456194421065874,0.8316346319460486,200,-0.03689570887395458,-0.027491585081823314,-0.5434858380303587,0.13641206990915322,0.034983765000309336,4.104087123406479,0.0196078431372549,0.058823529411764705,0.19153716305924545,780.5,,,0.9929942424747653,,-0.001159971799469518,0.1651,transferred,0.9929942424747653,unselected,1.0,0.19774823332135585,True,-0.36216233331802083,3.692798420542691,0.1,0.06441409999666498,-1.7446010290518765,0.0,0.0,1.0
operator,ptm|miss<=5,ptm,miss,miss<=5,False,995,992,False,,996.0,,99.0,0.0,4.583873900302627,-5.231583938229952,2.355449043655463,4.1671280747809325,0.009950248756218905,0.004975124378109453,15.721842821249831,-21.586790538269632,9.570740487831412,3.89819715694465,0.009950248756218905,0.004975124378109453,80.15790807907428,14.793511175379413,11.228373076729511,5.8213595555673825,0.009950248756218905,0.004975124378109453,8.942432166339431,-10.184026579911238,4.687308109734754,4.08047824006453,0.057185548003332635,0.057185548003332635,0.15016520160041036,0.13055968081060118,0.054092252879673654,-0.10976808613259488,0.44481124638469155,0.25735543104472697,-0.16845512369289029,0.19100721063782103,-0.16845512369289029,0.19100721063782103,-0.028618589453544205,0.30970700331239787,200,-0.04914678032693627,-0.029414689527247784,-1.73576455949265,0.1794784391638571,0.04200137642295773,5.4407109915196505,0.031155778894472363,0.12864321608040202,0.229489808093712,1941.0,,,0.9944656245150902,,0.0008356956640196384,0.1651,transferred,0.9944656245150902,unselected,1.0,0.19774823332135585,True,-0.047583031720945496,0.2470630130633357,0.05,0.10016520160041036,2.8213595555673825,0.0008356956640196384,0.7593756924057093,0.24062430759429065
operator,pinned_sig&ptm,pinned_sig&ptm,primary,miss0,True,79,79,False,79.0,993.0,0.07955689828801611,99.0,0.0,1.3419822101729082,-0.9407455405773496,0.4708366252089873,4.848237432117856,0.009950248756218905,0.004975124378109453,4.3021424423644525,-3.5815785793160932,1.7353151509430838,4.543106200274928,0.009950248756218905,0.004975124378109453,16.01402435104903,3.2405547725568824,1.5347902795208404,8.322615636111541,0.009950248756218905,0.004975124378109453,2.3577089595408025,-1.8346721527604481,0.9672584603049406,4.334292522992819,0.08380043521571134,0.08380043521571134,0.17870851272812313,0.1516138305597725,0.07732090936006346,0.03795483773587567,0.3906925913370593,0.10152864224836888,-0.04622177770366334,0.20752937337996055,-0.04622177770366334,0.20752937337996055,0.036536926836456395,0.28093382312469084,200,-0.1540833025465103,-0.07845717670349882,-3.6577189174768816,0.1879695656758559,0.047563010755144186,4.776354970606974,0.02531645569620253,0.3037974683544304,0.28734677386933377,2808.0,,,0.9963309577181944,,0.0006581036996177966,0.1651,transferred,0.9963309577181944,table,0.4,0.07909929332854235,True,0.09960921939958078,0.311593298008517,0.1,0.07870851272812313,5.322615636111541,0.0006581036996177966,1.0,-1.2592934172730161
operator,pinned_sig&ptm|depthT1,pinned_sig&ptm,depth,depthT1,True,26,79,False,26.0,540.0,0.04814814814814815,99.0,0.0,0.4482401356358075,-0.3451026325697317,0.18242499689305908,4.34887094267356,0.009950248756218905,0.004975124378109453,1.4580769083145178,-1.4181602006233924,0.6721645202237138,4.279067136689428,0.009950248756218905,0.004975124378109453,4.9933112587776325,0.8502991877657021,0.50884535127561,8.141986677535582,0.009950248756218905,0.004975124378109453,0.7068167201065012,-0.6695413251625248,0.3833580361508481,3.5902678840086737,0.08976811426442843,0.08976811426442843,0.1914893692336661,0.1607142910195052,0.08237359222518646,0.0645114578363236,0.43611595148637433,0.1017529002871014,-0.028486020133193853,0.252859847172911,-0.028486020133193853,0.252859847172911,0.06059993781952245,0.3036624189827976,200,-0.14071107755613127,-0.07584127084444266,-2.614151551567188,0.17213793483515277,0.04067052239104431,3.911945515049365,0.038461538461538464,0.3076923076923077,0.28590635255309205,1206.0,,,0.9904456231547272,,0.001847210541144695,0.1408,transferred,0.9904456231547272,table,0.35,0.05735567970204842,True,0.1341336895316177,0.3787602717843259,0.1,0.0914893692336661,5.1419866775355825,0.001847210541144695,1.0,-2.338629586963594
operator,pinned_sig&ptm|depthT2,pinned_sig&ptm,depth,depthT2,True,26,79,False,26.0,283.0,0.09187279151943463,99.0,0.0,0.5810194104723988,-0.17768638645631313,0.17589606065698907,4.313375717994315,0.009950248756218905,0.004975124378109453,1.9395929453901748,-0.6035425011511205,0.6763708710047756,3.7599718668596234,0.009950248756218905,0.004975124378109453,5.514087723059873,1.3052346478311727,0.5654574437849514,7.443271145316049,0.009950248756218905,0.004975124378109453,0.9854834937084661,-0.31546731134134975,0.33425613383336406,3.892077581733701,0.10536999765937347,0.10536999765937347,0.18026426282116897,0.15273211983076218,0.09532554518622269,0.036768010851538115,0.4498773012292111,0.10287183196980398,-0.0400923989746561,0.2530359946545025,-0.0400923989746561,0.2530359946545025,0.03545714795788609,0.31028643090900987,200,-0.1204822508762273,-0.06668654101993718,-2.233004144984939,0.17722654028574672,0.05529639901820781,3.4938219652818248,0.038461538461538464,0.34615384615384615,0.24133706073871447,2796.0,,,0.99563377611939,,0.000790525741521218,0.1736,transferred,0.99563377611939,table,0.4,0.084027105517909,True,0.09623715730325998,0.3658501957113021,0.1,0.08026426282116897,4.443271145316049,0.000790525741521218,1.0,-1.1453108697496264
operator,pinned_sig&ptm|depthT3,pinned_sig&ptm,depth,depthT3,True,27,79,False,27.0,170.0,0.1588235294117647,99.0,0.0,0.3127226640647017,-0.4179565215513045,0.1904985402457059,3.835615667571903,0.009950248756218905,0.004975124378109453,0.9044725886597603,-1.5598758775415806,0.7015233124090801,3.512853276021001,0.009950248756218905,0.004975124378109453,5.506625369211528,1.0850209369600072,0.5608133559473882,7.88427091716112,0.009950248756218905,0.004975124378109453,0.6654087457258356,-0.8496635162565735,0.4124826879998318,3.6730566059126994,0.056790255936637155,0.056790255936637155,0.16525204748900116,0.14181656908057136,0.053738436380929476,-0.04378908731006617,0.4062513264684187,0.9180183624272418,-0.12316992524504765,0.19411332885015462,-0.12316992524504765,0.19411332885015462,-0.018896093745699845,0.289532172862438,200,-0.1993168282197404,-0.0923108833741678,-4.031226580557395,0.21355997537960109,0.0467532552968828,4.757540655865413,0.0,0.25925925925925924,0.333039495929274,6218.0,,,0.9985369273938597,,0.00024212999755630535,0.1857,transferred,0.9985369273938597,table,0.45,0.10262188382659954,True,0.06263016366240162,0.3036294426418192,0.1,0.06525204748900115,4.88427091716112,0.00024212999755630535,1.0,-0.6103002724860125
operator,pinned_sig&ptm|miss<=5,pinned_sig&ptm,miss,miss<=5,True,79,79,False,79.0,996.0,0.07931726907630522,99.0,0.0,1.3419822101729082,-0.9407455405773496,0.4708366252089873,4.848237432117856,0.009950248756218905,0.004975124378109453,4.3021424423644525,-3.5815785793160932,1.7353151509430838,4.543106200274928,0.009950248756218905,0.004975124378109453,16.01402435104903,3.2405547725568824,1.5347902795208404,8.322615636111541,0.009950248756218905,0.004975124378109453,2.3577089595408025,-1.8346721527604481,0.9672584603049406,4.334292522992819,0.08380043521571134,0.08380043521571134,0.17870851272812313,0.1516138305597725,0.07732090936006346,0.03795483773587567,0.3906925913370593,0.10152864224836888,-0.04622177770366334,0.20752937337996055,-0.04622177770366334,0.20752937337996055,0.036536926836456395,0.28093382312469084,200,-0.1540833025465103,-0.07845717670349882,-3.6577189174768816,0.1879695656758559,0.047563010755144186,4.776354970606974,0.02531645569620253,0.3037974683544304,0.28734677386933377,2808.0,,,0.9963309577181944,,0.0006581036996177966,0.1651,transferred,0.9963309577181944,table,0.4,0.07909929332854235,True,0.09960921939958078,0.311593298008517,0.1,0.07870851272812313,5.322615636111541,0.0006581036996177966,1.0,-1.2592934172730161
operator,secretion,secretion,primary,miss0,False,1511,1511,False,,1513.0,,99.0,0.0,3.1941356925243154,-6.922591333837509,3.4633076922332666,2.921117014537681,0.009950248756218905,0.004975124378109453,7.233840751706699,-27.795837994954535,13.832885836173148,2.5323478529012537,0.01990049751243781,0.009950248756218905,122.6646197133325,26.08446881571232,17.112987333561613,5.6436757075259045,0.009950248756218905,0.004975124378109453,8.307506587862761,-13.214052859742047,7.277846710589593,2.9571328311009872,0.026039584192972823,0.026039584192972823,0.10474954669605006,0.09481746067180767,0.025378732550025495,-0.1266079420667795,0.3547600047911212,20.17522755062206,-0.2006082481223672,0.15556605539491922,-0.2006082481223672,0.15556605539491922,-0.14496126642211524,0.2618520566107945,200,-0.06430675106123529,-0.031673904829595034,-3.085497394225566,0.1600192174230019,0.03172370561287272,5.581701253944901,0.028457974851091992,0.09133024487094639,0.26768401360170924,1896.0,,,0.9954879802155715,,0.0004747742177661926,0.1651,transferred,0.9954879802155715,unselected,1.0,0.19774823332135585,True,-0.09299868662530579,0.15701177146976533,0.05,0.05474954669605006,2.6436757075259045,0.0004747742177661926,0.5297116689069182,0.47028833109308177
operator,secretion|depthT1,secretion,depth,depthT1,False,504,1511,False,,506.0,,99.0,0.0,1.6231184936157206,-2.2959557339948886,1.1318602987157944,3.4625070179218937,0.009950248756218905,0.004975124378109453,6.511291689200843,-8.285637753574338,4.3917679568643475,3.36924208840486,0.009950248756218905,0.004975124378109453,36.97586678943475,8.820776656364433,5.373946652025858,5.239183035517569,0.009950248756218905,0.004975124378109453,4.191445762627065,-4.414959091847524,2.4366165270573172,3.5321129767056445,0.04389669897013747,0.04389669897013747,0.1391959396715749,0.12218788254433602,0.04205080733892924,-0.15690617288731246,0.4663506010389988,0.16641484937778955,-0.22830371299307692,0.1725721559807939,-0.22830371299307692,0.1725721559807939,-0.1861343712192118,0.31802275263055935,200,-0.04795550922057246,-0.026930052845609006,-2.103308490692159,0.16734555198236883,0.026696352229508537,5.8801153001375885,0.023809523809523808,0.10317460317460317,0.2580292578105527,523.0,,,0.986657756251234,,0.0018823002648790663,0.1408,transferred,0.986657756251234,unselected,1.0,0.1638733705772812,True,-0.024677430905706316,0.3024772304617176,0.05,0.0891959396715749,2.239183035517569,0.0018823002648790663,0.8494115864049513,0.1505884135950487
operator,secretion|depthT2,secretion,depth,depthT2,False,503,1511,False,,503.0,,99.0,0.0,1.2168258332611008,-2.2652334503633913,1.2530503438575706,2.7788662288737895,0.009950248756218905,0.004975124378109453,2.123222046894419,-9.990283321620076,4.99449366260222,2.42537205707518,0.03980099502487562,0.01990049751243781,38.51616817220342,8.609813640104033,5.4069231618125295,5.531122532555847,0.009950248756218905,0.004975124378109453,3.3552215744172598,-4.097024670079698,2.6558519245517136,2.8059720406870334,0.03159259840752453,0.03159259840752453,0.11643208736414508,0.10428944911377183,0.030625072781923994,-0.18309536478293023,0.43735081300740125,0.2793945081760567,-0.22760359424886048,0.19218092110472385,-0.22760359424886048,0.19218092110472385,-0.1694131312730631,0.3045686341631944,200,-0.06467770073699568,-0.0338214633540681,-2.70075392126705,0.16703303593161975,0.04364744934202048,5.0705049905940776,0.03180914512922465,0.08946322067594434,0.2698936680740815,1896.0,,,0.994664019154271,,0.0006246123073111366,0.1736,transferred,0.994664019154271,unselected,1.0,0.21006776379477252,True,-0.09363567643062744,0.22728304921262873,0.05,0.06643208736414508,2.5311225325558473,0.0006246123073111366,0.5542596601251699,0.4457403398748301
operator,secretion|depthT3,secretion,depth,depthT3,False,504,1511,False,,504.0,,99.0,0.0,0.35419136564749387,-2.3614021494792303,1.3974190370575132,1.9432922002013338,0.06965174129353234,0.03482587064676617,-1.4006729843885637,-9.51991691976012,5.938433808978533,1.367236580644509,0.1791044776119403,0.08955223880597014,47.17258475169434,8.653878519243854,7.519940296942968,5.1222090484028495,0.009950248756218905,0.004975124378109453,0.7608392508184356,-4.702069097814823,2.8541845580570255,1.913999686254385,0.007508415481404632,0.007508415481404632,0.07050064191509486,0.06585763628218966,0.00745245932046829,-0.17110740794687004,0.41690775497413407,0.22710103784009278,-0.23633860793493972,0.14450522782976025,-0.23633860793493972,0.14450522782976025,-0.20646137580237153,0.2942375038219487,200,-0.08028777923739919,-0.03427445931792642,-3.378761382381583,0.14569298066158182,0.024850973488773968,5.138538591605334,0.02976190476190476,0.08134920634920635,0.27513349915555785,5581.0,,,0.998652335008888,,9.51394630835712e-05,0.1857,transferred,0.998652335008888,unselected,1.0,0.22804863072577675,True,-0.15754798881068188,0.18885912424835732,0.05,0.02050064191509486,2.1222090484028495,9.51394630835712e-05,0.30914740286193726,0.6908525971380628
operator,secretion|miss5-20,secretion,miss,miss5-20,False,66,1511,False,,66.0,,90.0,0.09090909090909094,0.15148427062044745,-0.19168232702197247,0.1926100694409432,1.7816648871913696,0.07960199004975124,0.03980099502487562,0.3334899482599367,-1.3845440031411926,0.7827987228767631,2.194732695893273,0.01990049751243781,0.009950248756218905,2.8484169132451,0.853149279258387,0.6435886054881941,3.10022212477364,0.009950248756218905,0.004975124378109453,0.2123052961071949,-0.27666205833555957,0.37444259727836304,1.3058539760081116,0.05318191656426686,0.05318191656426686,0.17199025924995542,0.14675058763715743,0.05049642016049714,-2.9317376234697967,5.439406453595492,3.1571165136144477,-1.0720273793739814,1.4588250134463516,-1.0720273793739814,1.4588250134463516,-2.9442739564008864,0.8522189036315313,200,-0.029497493030114574,-0.030337331132343826,0.071037436518713,0.17665958796677184,0.04232320056023933,5.451640304951081,0.015151515151515152,0.06060606060606061,0.20265441277529264,733.0,,,0.9921719651304305,,0.0013569681405561193,0.1651,transferred,0.9921719651304305,unselected,1.0,0.19774823332135585,True,-0.02575797407140043,5.241658220274136,0.1,0.07199025924995542,0.1002221247736399,0.0013569681405561193,0.8697435944747898,0.13025640552521023
operator,secretion|miss20+,secretion,miss,miss20+,False,62,1511,False,,62.0,,62.0,0.3737373737373737,-0.16531242389872508,-0.3846199826529329,0.39484336136596604,0.5554292669262826,0.5970149253731343,0.29850746268656714,-0.09089864651660161,-1.3925998997141007,0.9655525291072016,1.3481413117949343,0.14925373134328357,0.07462686567164178,2.5050045207595026,0.4199364780584996,0.9873650081083659,2.1117499866596052,0.03980099502487562,0.01990049751243781,0.13406839829552214,-0.4929074806296451,0.4899766648529705,1.2796035482900125,-0.06599286449535162,-0.06599286449535162,0.10518004893025755,0.09517005761374811,-0.070655632046853,-9.660985742970109,5.192885387213778,45.90300087040595,-2.162805001487468,4.773465893773503,-2.162805001487468,4.773465893773503,-6.995636651853767,0.8412461955008588,200,-0.033620958843404596,-0.024972046931550328,-0.5622882344942985,0.12004987937673371,0.010349267647680365,4.757921312338517,0.0,0.03225806451612903,0.24616545194079467,314.0,,,0.9912570510083929,,0.0009276945892051918,0.1651,transferred,0.9912570510083929,unselected,1.0,0.19774823332135585,True,-0.0925681843910983,4.995137153892422,0.1,0.005180048930257544,-0.8882500133403948,0.0009276945892051918,0.5318886908047973,0.4681113091952027
operator,secretion|miss<=5,secretion,miss,miss<=5,False,1514,1511,False,,1516.0,,99.0,0.0,3.1901767137267796,-6.929651060740295,3.462247501044569,2.9229070918280384,0.009950248756218905,0.004975124378109453,7.1061841294626555,-27.91510041942778,13.843801562668622,2.529744766302436,0.01990049751243781,0.009950248756218905,122.68499266957795,26.0807347407835,17.13991482106188,5.63621575353952,0.009950248756218905,0.004975124378109453,8.300831109874743,-13.226855134202584,7.276396513887406,2.958564201798314,0.026002990621018667,0.026002990621018667,0.1047555044822791,0.0948223421899768,0.02534397156608636,-0.1279393976931367,0.32446821603800907,0.7206161229590483,-0.20126792913304747,0.15591588426358016,-0.20126792913304747,0.15591588426358016,-0.14507757093575135,0.24537960551263244,200,-0.06425522669368376,-0.03167952105277882,-3.0877888561976645,0.16005745771429494,0.03166747503162498,5.584402894196901,0.028401585204755615,0.09114927344782034,0.26723044190381395,1900.0,,,0.9954917707187131,,0.00047440053908435147,0.1651,transferred,0.9954917707187131,unselected,1.0,0.19774823332135585,True,-0.09299272883907675,0.12671998271665322,0.05,0.0547555044822791,2.6362157535395196,0.00047440053908435147,0.5297417970457591,0.4702582029542409
operator,pinned_sig&secretion,pinned_sig&secretion,primary,miss0,True,98,98,False,98.0,1513.0,0.06477197620621282,99.0,0.0,-0.515785693390819,-1.3885524036477042,0.3881666691835206,2.2484329014974014,0.009950248756218905,0.004975124378109453,-1.516713883819785,-5.0209291602111294,1.582129840899768,2.214872120987538,0.009950248756218905,0.004975124378109453,20.794081724887143,5.087203182162116,1.7985758286883151,8.732953202301127,0.009950248756218905,0.004975124378109453,-0.9417082427814182,-2.5833156760625924,0.7318547730014574,2.243078126755491,-0.024804446775522057,-0.024804446775522057,0.05556589158583171,0.05264085551528401,-0.025435356727690473,-0.05814784773581983,0.20129295569793193,0.06983109847336438,-0.12426160725503019,0.05816719250407089,-0.12426160725503019,0.05816719250407089,-0.06173933860209031,0.1675630089837617,200,-0.18746498748051957,-0.0926571336910359,-5.761388933897775,0.13908431663846385,0.0375391170676495,4.024422915695651,0.02040816326530612,0.1326530612244898,0.24513609965072986,2374.5,,,0.99620599779966,,0.0002116200016925561,0.1651,transferred,0.99620599779966,table,0.4,0.07909929332854235,True,-0.02353340174271064,0.12219366236938958,0.1,-0.0444341084141683,5.732953202301127,0.0002116200016925561,0.7024827814205162,0.29751721857948377
operator,pinned_sig&secretion|depthT1,pinned_sig&secretion,depth,depthT1,True,33,98,False,33.0,715.0,0.046153846153846156,99.0,0.0,-0.049891445987472846,-0.46083499600657335,0.149354097080066,2.751471556878692,0.009950248756218905,0.004975124378109453,0.15168871201221665,-1.6846246386226988,0.6518597208462764,2.8170376108695945,0.009950248756218905,0.004975124378109453,6.949182280368718,1.7596952657894573,0.674309198670011,7.696005074252082,0.009950248756218905,0.004975124378109453,-0.1554203278466264,-0.8705066619239329,0.28901764955201503,2.4741960748269496,-0.007179470040441312,-0.007179470040441312,0.0791877017640862,0.07337713507542998,-0.0072313875708571,-0.044215981714347465,0.2922083868782186,0.17400518508608973,-0.12601656230668584,0.09309311607869714,-0.12601656230668584,0.09309311607869714,-0.032354111634550126,0.22645624848080217,200,-0.16197666745434122,-0.09284438902120956,-4.026718237031945,0.13627439870940677,0.02782817189866612,3.523950565326508,0.0,0.21212121212121213,0.2361720348912196,832.0,,,0.990537868560421,,0.0007564419960833208,0.1408,transferred,0.990537868560421,table,0.35,0.05735567970204842,True,0.021832022062037777,0.23485270717617018,0.1,-0.02081229823591381,4.696005074252082,0.0007564419960833208,1.0,-0.380642722315399
operator,pinned_sig&secretion|depthT2,pinned_sig&secretion,depth,depthT2,True,32,98,False,32.0,428.0,0.07476635514018691,99.0,0.0,-0.15288669003987265,-0.43191734445621677,0.15190635294939078,1.8368596770228969,0.04975124378109453,0.024875621890547265,-0.4975942342961701,-1.422931468380945,0.6049563541969238,1.5295933792003142,0.10945273631840796,0.05472636815920398,6.770056695480716,1.6112993292931361,0.5353927072603379,9.63546439133528,0.009950248756218905,0.004975124378109453,-0.19215106571658036,-0.7475564389187533,0.29138263657538094,1.9061031903954548,-0.02258277838971875,-0.02258277838971875,0.05408873389650289,0.051313264393369064,-0.023104543167874553,-0.1016160353588414,0.22300382646928052,0.0841669900078534,-0.1523841477258642,0.07508334660118036,-0.1523841477258642,0.07508334660118036,-0.11311013405525686,0.18233895861561997,200,-0.19879391247789496,-0.08909376119655953,-5.313747662306573,0.14793990479797609,0.0623892307794126,3.012467382196224,0.03125,0.0625,0.25541460864896565,2374.5,,,0.9962472355878518,,0.00020374688974186052,0.1736,transferred,0.9962472355878518,table,0.4,0.084027105517909,True,-0.029938371621406105,0.13897672095137154,0.1,-0.04591126610349711,6.6354643913352795,0.00020374688974186052,0.6437057847360309,0.3562942152639691
operator,pinned_sig&secretion|depthT3,pinned_sig&secretion,depth,depthT3,True,33,98,False,33.0,370.0,0.0891891891891892,99.0,0.0,-0.3130075573634734,-0.495800063184914,0.19182368206065756,0.9529193885645403,0.30845771144278605,0.15422885572139303,-1.170808361535832,-1.913373053207485,0.8152120857133969,0.9108852833331468,0.3283582089552239,0.16417910447761194,7.074842749037707,1.7162085870795227,0.8059967235364888,6.648456507919774,0.009950248756218905,0.004975124378109453,-0.5941368492182114,-0.9652525752199057,0.36299770785207275,1.0223638275780236,-0.0442423342067988,-0.0442423342067988,0.03411177182408053,0.032986542415923206,-0.04629032629320452,-0.13700308109036277,0.24011645794326114,0.0991201608819222,-0.19315144662486727,0.07185621975002772,-0.19315144662486727,0.07185621975002772,-0.1587651748306891,0.1936231402195204,200,-0.2019676832668186,-0.09592526987065755,-4.0053929113198175,0.1333069975643576,0.023152982273711094,3.8064878044459753,0.030303030303030304,0.12121212121212122,0.24413312538164794,6990.0,,,0.9984877862943509,,5.1662413486091145e-05,0.1857,transferred,0.9984877862943509,table,0.4,0.0912194522903107,True,-0.057107680466230167,0.14889700565295044,0.1,-0.06588822817591947,3.648456507919774,5.1662413486091145e-05,0.37395282439887967,0.6260471756011203
operator,pinned_sig&secretion|miss<=5,pinned_sig&secretion,miss,miss<=5,True,98,98,False,98.0,1516.0,0.06464379947229551,99.0,0.0,-0.515785693390819,-1.3885524036477042,0.3881666691835206,2.2484329014974014,0.009950248756218905,0.004975124378109453,-1.516713883819785,-5.0209291602111294,1.582129840899768,2.214872120987538,0.009950248756218905,0.004975124378109453,20.794081724887143,5.087203182162116,1.7985758286883151,8.732953202301127,0.009950248756218905,0.004975124378109453,-0.9417082427814182,-2.5833156760625924,0.7318547730014574,2.243078126755491,-0.024804446775522057,-0.024804446775522057,0.05556589158583171,0.05264085551528401,-0.025435356727690473,-0.05814784773581983,0.20129295569793193,0.06983109847336438,-0.12426160725503019,0.05816719250407089,-0.12426160725503019,0.05816719250407089,-0.06173933860209031,0.1675630089837617,200,-0.18746498748051957,-0.0926571336910359,-5.761388933897775,0.13908431663846385,0.0375391170676495,4.024422915695651,0.02040816326530612,0.1326530612244898,0.24513609965072986,2374.5,,,0.99620599779966,,0.0002116200016925561,0.1651,transferred,0.99620599779966,table,0.4,0.07909929332854235,True,-0.02353340174271064,0.12219366236938958,0.1,-0.0444341084141683,5.732953202301127,0.0002116200016925561,0.7024827814205162,0.29751721857948377
operator,splicing,splicing,primary,miss0,False,230,230,False,,230.0,,99.0,0.0,6.032750447068391,-1.8307941041627145,1.9880288310251648,3.9554479434667553,0.009950248756218905,0.004975124378109453,21.04511166685964,-7.570275172434792,8.073125785999617,3.5445238434063695,0.009950248756218905,0.004975124378109453,31.891583989545712,2.9456767514923046,6.008280799215817,4.817668848272095,0.009950248756218905,0.004975124378109453,10.40482404464056,-3.384265194311223,3.7451743257277137,3.6818284116247284,0.18916434031768287,0.18916434031768287,0.271663433678575,0.21362840707995107,0.15907333738846222,0.013464592026415385,1.2736432638804436,0.9686689034988217,-0.03962464644172882,0.940154666232761,-0.03962464644172882,0.940154666232761,0.037528031733942604,0.5605232434991542,200,-0.02359714730675177,-0.03957294644180112,0.5580927460703715,0.2212446827407656,0.04137660121831311,4.3846415916413015,0.013043478260869565,0.40869565217391307,0.21178035768760806,2154.0,,,0.9933923780961912,,0.0018069891559653667,0.1651,transferred,0.9933923780961912,unselected,1.0,0.19774823332135585,True,0.07391520035721913,1.0758950305590878,0.05,0.221663433678575,1.8176688482720946,0.0018069891559653667,1.0,-0.3737843778209706
operator,splicing|depthT1,splicing,depth,depthT1,False,77,230,False,,77.0,,99.0,0.0,1.5084921093449748,-0.6368802485086242,0.5377981339444511,3.989177764746937,0.009950248756218905,0.004975124378109453,5.265899692319776,-2.725767456010538,2.301358798824733,3.472586348730815,0.009950248756218905,0.004975124378109453,10.577616446583706,1.05760974014099,1.8554904205258487,5.130722638678313,0.009950248756218905,0.004975124378109453,2.577892906225764,-1.1817148869578498,0.9992131716061018,3.762568288747181,0.14261172325190316,0.14261172325190316,0.22535408051779068,0.18390935656946122,0.12481206025615284,0.04103643325934244,0.6723136526289631,0.2817871543513917,-0.03891757905335768,0.49663193574973313,-0.03891757905335768,0.49663193574973313,0.049421804570597465,0.40269234163841766,200,-0.026621287158959242,-0.03800215153545913,0.49853862000415317,0.19635279787504734,0.04080952118403677,4.18450947125198,0.03896103896103896,0.36363636363636365,0.17655538876181384,895.0,,,0.985455760393605,,0.0033259775578565252,0.1408,transferred,0.985455760393605,unselected,1.0,0.1638733705772812,True,0.06148070994050947,0.5084402820516819,0.1,0.12535408051779068,2.1307226386783134,0.0033259775578565252,1.0,-0.3751720595233361
operator,splicing|depthT2,splicing,depth,depthT2,False,76,230,False,,76.0,,99.0,0.0,2.0981671593653504,-0.4245435609935382,0.6304803060698193,4.001252213704395,0.009950248756218905,0.004975124378109453,7.695189808972906,-2.025105857733706,2.71875115963007,3.5752796397994784,0.009950248756218905,0.004975124378109453,10.956366130121207,0.7091084150310979,2.110487403091734,4.855398662924264,0.009950248756218905,0.004975124378109453,3.528360658378272,-0.7134416328629097,1.1661367475407742,3.637482739641447,0.1915021033841755,0.1915021033841755,0.24618398312008347,0.19755027062995156,0.1607232608656416,-0.02384217995700966,1.0662360195796579,1.1964893976993456,-0.03837751090645516,0.9118284000428253,-0.03837751090645516,0.9118284000428253,0.056284387209725215,0.5164695123859102,200,-0.01062565404781969,-0.034180595809167096,0.8006742015323608,0.21841222866179846,0.05387551033242516,4.029321494088306,0.0,0.39473684210526316,0.1950377582344072,2154.0,,,0.9932521958130431,,0.0016724869263436291,0.1736,transferred,0.9932521958130431,unselected,1.0,0.21006776379477252,True,0.03611621932531095,0.8561682557848853,0.1,0.14618398312008346,1.855398662924264,0.0016724869263436291,1.0,-0.17192651872371534
operator,splicing|depthT3,splicing,depth,depthT3,False,77,230,False,,77.0,,99.0,0.0,2.426091178358066,-0.7693702946605521,0.8831349681505994,3.6183160991918752,0.009950248756218905,0.004975124378109453,8.084022165566955,-2.819401858690548,3.3540049360269464,3.2508670178563817,0.009950248756218905,0.004975124378109453,10.35760141284081,1.1789585963202163,2.172389525495235,4.2251367486354265,0.009950248756218905,0.004975124378109453,4.298570480036525,-1.4891086744904636,1.7054420155082866,3.39365343523687,0.23423291567778673,0.23423291567778673,0.34814095470270645,0.25823780034891,0.1897801563241864,-1.3679735595989566,3.6690362709819726,2.0527367139467545,-0.35994463476283295,1.416272038736664,-0.35994463476283295,1.416272038736664,0.010220148854933055,0.7867004958597997,200,-0.03337603976206167,-0.04646606145308059,0.335776236808601,0.2489322365675425,0.02960709563346585,4.40956025367072,0.0,0.4675324675324675,0.2635304897100681,5041.0,,,0.9973011047750558,,0.0009421386938767724,0.1857,transferred,0.9973011047750558,unselected,1.0,0.22804863072577675,True,0.1200923239769297,3.440987640256196,0.1,0.24814095470270645,1.2251367486354265,0.0009421386938767724,1.0,-0.5266083974928049
operator,splicing|miss<=5,splicing,miss,miss<=5,False,230,230,False,,230.0,,99.0,0.0,6.032750447068391,-1.8307941041627145,1.9880288310251648,3.9554479434667553,0.009950248756218905,0.004975124378109453,21.04511166685964,-7.570275172434792,8.073125785999617,3.5445238434063695,0.009950248756218905,0.004975124378109453,31.891583989545712,2.9456767514923046,6.008280799215817,4.817668848272095,0.009950248756218905,0.004975124378109453,10.40482404464056,-3.384265194311223,3.7451743257277137,3.6818284116247284,0.18916434031768287,0.18916434031768287,0.271663433678575,0.21362840707995107,0.15907333738846222,0.013464592026415385,1.2736432638804436,0.9686689034988217,-0.03962464644172882,0.940154666232761,-0.03962464644172882,0.940154666232761,0.037528031733942604,0.5605232434991542,200,-0.02359714730675177,-0.03957294644180112,0.5580927460703715,0.2212446827407656,0.04137660121831311,4.3846415916413015,0.013043478260869565,0.40869565217391307,0.21178035768760806,2154.0,,,0.9933923780961912,,0.0018069891559653667,0.1651,transferred,0.9933923780961912,unselected,1.0,0.19774823332135585,True,0.07391520035721913,1.0758950305590878,0.05,0.221663433678575,1.8176688482720946,0.0018069891559653667,1.0,-0.3737843778209706
operator,pinned_sig&splicing,pinned_sig&splicing,primary,miss0,True,43,43,False,43.0,230.0,0.18695652173913044,99.0,0.0,1.1466801676352396,-0.4376266062776064,0.4351057111908337,3.6411996743889725,0.009950248756218905,0.004975124378109453,3.720709206353236,-1.9846417728889836,1.8122915489446865,3.148141910480406,0.009950248756218905,0.004975124378109453,10.688673894542296,1.1931095819436097,1.5907931038092515,5.969075607545052,0.009950248756218905,0.004975124378109453,1.8569462722973606,-0.7500127823339514,0.8101154287508411,3.2180093874413886,0.10727992816964335,0.10727992816964335,0.16684703739100504,0.1429896396395403,0.09688600455982192,0.03125355484291155,0.4191653693073094,0.15783949080377177,-0.040295355591595035,0.2960052145524224,-0.040295355591595035,0.2960052145524224,0.04799686114517814,0.29565374711548004,200,-0.09526585423204172,-0.0639836880792266,-0.9281820621857515,0.1966604758009707,0.031204715362040742,4.053092231342814,0.0,0.46511627906976744,0.19352710339718085,2264.0,,,0.9947690286376104,,0.0008773615275167955,0.1651,transferred,0.9947690286376104,table,0.45,0.08898670499461013,True,0.07786033239639491,0.33017866431269927,0.1,0.06684703739100503,2.9690756075450517,0.0008773615275167955,1.0,-0.8749658996937895
operator,pinned_sig&splicing|depthT3,pinned_sig&splicing,depth,depthT3,True,15,43,False,15.0,82.0,0.18292682926829268,99.0,0.0,0.30919678952875834,-0.20243848191169295,0.16623767533754358,3.0777335546925935,0.009950248756218905,0.004975124378109453,0.9611902491563957,-0.7470183935623445,0.6368706274448865,2.682190964862114,0.009950248756218905,0.004975124378109453,3.517462634131756,0.47114163773673085,0.5401189040569409,5.640093271154741,0.009950248756218905,0.004975124378109453,0.5115256430242623,-0.3777881101286116,0.3196314469645389,2.7823099435254806,0.08790336151078401,0.08790336151078401,0.16795185801033885,0.14380032606519655,0.08080070769219022,0.007621443828849407,0.7599372007897415,0.2534124425424641,-0.0858697117883718,0.3241523728312073,-0.0858697117883718,0.3241523728312073,0.011581307516030044,0.4329765187004898,200,-0.13377395533532635,-0.07482831194711217,-1.4847166473735054,0.19557821233939485,0.029448128988967294,3.4248931959342923,0.0,0.4,0.2338189678654425,5000.0,,,0.9980635375628308,,0.00032586348669141267,0.1857,transferred,0.9980635375628308,table,0.45,0.10262188382659954,False,0.06532997418373931,0.6573153169631419,0.1,0.06795185801033884,2.6400932711547407,0.00032586348669141267,1.0,-0.636608603815221
operator,pinned_sig&splicing|miss<=5,pinned_sig&splicing,miss,miss<=5,True,43,43,False,43.0,230.0,0.18695652173913044,99.0,0.0,1.1466801676352396,-0.4376266062776064,0.4351057111908337,3.6411996743889725,0.009950248756218905,0.004975124378109453,3.720709206353236,-1.9846417728889836,1.8122915489446865,3.148141910480406,0.009950248756218905,0.004975124378109453,10.688673894542296,1.1931095819436097,1.5907931038092515,5.969075607545052,0.009950248756218905,0.004975124378109453,1.8569462722973606,-0.7500127823339514,0.8101154287508411,3.2180093874413886,0.10727992816964335,0.10727992816964335,0.16684703739100504,0.1429896396395403,0.09688600455982192,0.03125355484291155,0.4191653693073094,0.15783949080377177,-0.040295355591595035,0.2960052145524224,-0.040295355591595035,0.2960052145524224,0.04799686114517814,0.29565374711548004,200,-0.09526585423204172,-0.0639836880792266,-0.9281820621857515,0.1966604758009707,0.031204715362040742,4.053092231342814,0.0,0.46511627906976744,0.19352710339718085,2264.0,,,0.9947690286376104,,0.0008773615275167955,0.1651,transferred,0.9947690286376104,table,0.45,0.08898670499461013,True,0.07786033239639491,0.33017866431269927,0.1,0.06684703739100503,2.9690756075450517,0.0008773615275167955,1.0,-0.8749658996937895
operator,translation,translation,primary,miss0,False,1327,1327,False,,1328.0,,99.0,0.0,7.5106120295329335,-5.171645971553358,2.9756910844656783,4.261953825547569,0.009950248756218905,0.004975124378109453,25.265887937790946,-19.875583502006183,12.660202181028426,3.565620105770708,0.009950248756218905,0.004975124378109453,114.18341570504185,24.688882909386685,16.413834759512675,5.452384169018664,0.009950248756218905,0.004975124378109453,14.16029951681061,-9.9832545019504,5.784393418786556,4.173912849763566,0.06577673283950725,0.06577673283950725,0.14170986321638182,0.12412073135390296,0.06171717847908057,-0.2497362723692857,0.5396953573179727,0.2873718305141272,-0.09589339653980977,0.20869800441187794,-0.09589339653980977,0.20869800441187794,-0.06978622453835982,0.3511602818110694,200,-0.04190914895423207,-0.023485698626493794,-1.7920780696545602,0.16698617287976547,0.03922280782075296,5.071721847057034,0.028636021100226075,0.12207987942727958,0.19846385305719438,1792.0,,,0.9937184021352552,,0.0008957913753841723,0.1651,transferred,0.9937184021352552,unselected,1.0,0.19774823332135585,True,-0.056038370104974033,0.34194712399661686,0.05,0.09170986321638182,2.4523841690186643,0.0008957913753841723,0.7166175941814487,0.28338240581855134
operator,translation|depthT1,translation,depth,depthT1,False,442,1327,False,,443.0,,99.0,0.0,2.489461236187407,-0.6155008012938987,0.895316300545173,3.4680057043423007,0.009950248756218905,0.004975124378109453,10.047552295312567,-1.2190129546152029,4.035174762086659,2.7920885498653427,0.01990049751243781,0.009950248756218905,32.728135657885765,10.539346661991122,4.9394098517400264,4.4921943434352,0.009950248756218905,0.004975124378109453,5.0715130728342555,-1.1656015488354468,1.7987654372577797,3.467441886796642,0.07606486547875138,0.07606486547875138,0.13993382144720848,0.12275609234012796,0.07068799281436385,-0.22956810343302875,0.863692138661701,0.4467230201629164,-0.0995992037126543,0.22715780816055775,-0.0995992037126543,0.22715780816055775,-0.1911618311427412,0.46426098058589793,200,-0.02595881254137586,-0.012707309039073529,-1.4129456683105976,0.16146136303777395,0.028453707035617046,5.1880652977346,0.029411764705882353,0.08144796380090498,0.1860893484540904,573.5,,,0.9825834893085421,,0.002480358080357048,0.1408,transferred,0.9825834893085421,unselected,1.0,0.1638733705772812,True,-0.023939549130072735,0.6998187680844198,0.05,0.08993382144720848,1.4921943434351999,0.002480358080357048,0.8539143422403517,0.14608565775964832
operator,translation|depthT2,translation,depth,depthT2,False,442,1327,False,,442.0,,99.0,0.0,2.5448582912705406,-2.1335168728554863,1.1353742252211545,4.120557839169502,0.009950248756218905,0.004975124378109453,9.140966760800843,-8.820183437949547,4.6902193074657585,3.8294904824941423,0.009950248756218905,0.004975124378109453,36.37560065202903,6.353508416232071,5.340494382357553,5.621594198277903,0.009950248756218905,0.004975124378109453,4.588230584964466,-4.029364355808187,2.154336072182582,4.000116347697817,0.06996058472311684,0.06996058472311684,0.15583108356944386,0.13482167574885204,0.06538613265013044,-0.3860209291983169,0.5704074156395124,0.5873999088668163,-0.2332148675302888,0.23764092113299262,-0.2332148675302888,0.23764092113299262,-0.06662192037015009,0.36331025294188596,200,-0.03847850358864665,-0.024644917966947323,-1.128426772995501,0.17943832562614173,0.04729966130185374,4.7462730425952016,0.027149321266968326,0.1493212669683258,0.20169853163837156,1790.0,,,0.9928512096238706,,0.0011220248711235167,0.1736,transferred,0.9928512096238706,unselected,1.0,0.21006776379477252,True,-0.054236680225328654,0.3603396518447398,0.05,0.10583108356944386,2.6215941982779034,0.0011220248711235167,0.7418134070379516,0.2581865929620484
operator,translation|depthT3,translation,depth,depthT3,False,443,1327,False,,443.0,,99.0,0.0,2.4762925020749855,-2.422628297403973,1.2323376755375477,3.975307171666273,0.009950248756218905,0.004975124378109453,6.077368881677535,-9.83638710944143,5.313810035097678,2.9947920392352603,0.009950248756218905,0.004975124378109453,45.07967939512706,7.796027831163493,7.270891668362224,5.127796323275677,0.009950248756218905,0.004975124378109453,4.500555859011891,-4.7882885973067655,2.3962331974984403,3.876435927027383,0.054931457705590145,0.054931457705590145,0.13139594953767886,0.11613613217492165,0.05207111543062961,-0.08237610302058478,0.5070375923050212,0.40084579256438013,-0.1319927230423003,0.22434481491067837,-0.1319927230423003,0.22434481491067837,-0.08979233618525162,0.3363541269555312,200,-0.061246381338139956,-0.03308315517087144,-2.235348246031305,0.16007446731828,0.04190897781710403,4.778605385659147,0.029345372460496615,0.13544018058690746,0.20758304741767208,4774.0,,,0.9979024784013457,,0.00027618514644085697,0.1857,transferred,0.9979024784013457,unselected,1.0,0.22804863072577675,True,-0.09665268118809789,0.27898896157924447,0.05,0.08139594953767885,2.1277963232756774,0.00027618514644085697,0.5761751303636613,0.4238248696363387
operator,translation|miss5-20,translation,miss,miss5-20,False,79,1327,False,,79.0,,90.0,0.09090909090909094,0.3372843289027502,0.06386174208895201,0.20620097464727186,1.326000457958629,0.1691542288557214,0.0845771144278607,0.6188700971796751,0.45523816258971805,1.024599897805306,0.15970325093771418,0.835820895522388,0.417910447761194,3.3798742397350834,0.31213523662074777,0.6984847547754526,4.391991352911555,0.009950248756218905,0.004975124378109453,0.674306065384932,0.12654337028270285,0.3574724828699179,1.5323212872347345,0.09979197596688885,0.09979197596688885,0.0891283732208713,0.08183458939490543,0.09073713770202417,-1.9009082957840415,0.9661495941234003,2.7724010182198393,-1.400277283075326,0.7864095639196734,-1.400277283075326,0.7864095639196734,-2.0709201878672556,0.49512720743734634,200,-0.01263003221283712,0.00721777667264857,-1.6274038877923216,0.17688372774673056,0.04802216867063169,4.848509014052833,0.05063291139240506,0.012658227848101266,0.12925537831034323,963.0,,,0.9902404524871927,,0.0008784256298593937,0.1651,transferred,0.9902404524871927,unselected,1.0,0.19774823332135585,True,-0.10861986010048455,0.7684013608020445,0.1,-0.010871626779128701,1.391991352911555,0.0008784256298593937,0.4507164070387974,0.5492835929612025
operator,translation|miss20+,translation,miss,miss20+,False,58,1327,False,,58.0,,63.5,0.35858585858585856,-0.38462504498646605,-0.32547413743799647,0.29718141381444396,-0.1990397272468816,0.7761194029850746,0.6169154228855721,-0.7933610303710468,-1.342838819902279,0.8356641150203893,0.6575342648497303,0.527363184079602,0.263681592039801,0.30569152886765716,-0.15523594923350642,0.9169237047614951,0.5026890194981462,0.5870646766169154,0.2935323383084577,-0.15270083579363045,-0.36179277367175183,0.3946775115962463,0.5297792038681487,-1.258212965243736,-1.258212965243736,-0.12833018285685116,-0.14722338703598395,,-4.263895137204522,3.4255664009424236,42.814513656244436,-2.451823022389548,5.017311925966292,-2.451823022389548,5.017311925966292,-3.0376211360099017,0.8022522963467124,200,-0.022252299578282272,-0.02497971001034767,0.16260356994474087,0.13798592103826984,0.031030644943886097,4.713455799994114,0.017241379310344827,0.05172413793103448,0.1803987003091484,795.25,,,0.9926179975776503,,-0.0009543789484189173,0.1651,transferred,0.9926179975776503,unselected,1.0,0.19774823332135585,True,-0.326078416178207,3.2278181676210678,0.1,0.028330182856851155,-2.4973109805018536,0.0,0.0,1.0
operator,translation|miss<=5,translation,miss,miss<=5,False,1332,1327,False,,1333.0,,99.0,0.0,7.479211723914122,-5.165963926801693,2.9784139929739037,4.245607118602671,0.009950248756218905,0.004975124378109453,25.02319627519651,-19.773764844941567,12.676269733768137,3.5339229963531054,0.009950248756218905,0.004975124378109453,114.41796262561766,24.856086082360935,16.47371530361598,5.4366531709818915,0.009950248756218905,0.004975124378109453,14.107582820776342,-9.975098083284088,5.789067012501579,4.160028006594761,0.0653674611248458,0.0653674611248458,0.14118926644651564,0.12372116580289688,0.061356727617557366,-0.24379821790778575,0.5332903568243548,0.29180388843410254,-0.10039104802877918,0.2071699612913597,-0.10039104802877918,0.2071699612913597,-0.02660778061462754,0.3492962017724634,200,-0.04200774768910177,-0.023377571997112837,-1.8126833923689354,0.16655823176111317,0.03910674854467087,5.064807461561368,0.028528528528528527,0.12162162162162163,0.19800476659931154,1787.0,,,0.9937199384808917,,0.000892280857801208,0.1651,transferred,0.9937199384808917,unselected,1.0,0.19774823332135585,True,-0.056558966874840216,0.33554212350299895,0.05,0.09118926644651563,2.4366531709818915,0.000892280857801208,0.713984970055699,0.28601502994430095
operator,pinned_sig&translation,pinned_sig&translation,primary,miss0,True,112,112,False,112.0,1328.0,0.08433734939759036,99.0,0.0,1.8093959895195604,-1.1698810620833178,0.6152050220984366,4.842738509254522,0.009950248756218905,0.004975124378109453,5.753089250734885,-4.4654257516134965,2.4461090011815583,4.177456931564568,0.009950248756218905,0.004975124378109453,24.641288656542915,5.198239924095767,2.3210797250089463,8.376725936189981,0.009950248756218905,0.004975124378109453,3.19201968118816,-2.263717272840838,1.2330280601070829,4.424665691351089,0.07342943848186761,0.07342943848186761,0.15323096149170115,0.1328710090245039,0.0684063952873489,0.049398491726622785,0.30920340602366536,0.08100491384863753,-0.03108752380112955,0.16747193376894062,-0.03108752380112955,0.16747193376894062,0.047062348158956234,0.23617645350365055,200,-0.12814890547455338,-0.06813427765269366,-3.2637964249761313,0.1724746097594308,0.03831126206992632,4.741480760383404,0.017857142857142856,0.29464285714285715,0.23167763446348685,2384.0,,,0.99563377611939,,0.0006719746751878722,0.1651,transferred,0.99563377611939,table,0.4,0.07909929332854235,True,0.0741316681631588,0.23010411269512301,0.05,0.10323096149170115,5.376725936189981,0.0006719746751878722,1.0,-0.9371976037162522
operator,pinned_sig&translation|depthT1,pinned_sig&translation,depth,depthT1,True,37,112,False,37.0,648.0,0.05709876543209876,99.0,0.0,0.8830857965947221,-0.3397714059758673,0.2591975718718836,4.71785747736489,0.009950248756218905,0.004975124378109453,3.0667974422066946,-1.3355056810102786,1.0622252987003267,4.144415623129444,0.009950248756218905,0.004975124378109453,7.95560450373121,1.8878352166913457,0.860277838802132,7.053266995100962,0.009950248756218905,0.004975124378109453,1.435644861802287,-0.6848095269620296,0.5066486033821537,4.185256555745216,0.11100172163919805,0.11100172163919805,0.2015332397661341,0.1677300578096037,0.09991138580363629,0.0691279695804206,0.4361462574355596,0.11491675367685336,0.0016541685011670442,0.23297760255881575,0.0016541685011670442,0.23297760255881575,0.06463840725987649,0.3036868579519846,200,-0.08507280193251755,-0.06023037046897832,-1.1151784802852447,0.1685995828467095,0.0206006142225227,3.9436017234326957,0.02702702702702703,0.3783783783783784,0.2181382931958887,839.0,,,0.9871508456057335,,0.0026232381047526726,0.1408,transferred,0.9871508456057335,table,0.4,0.06554934823091249,True,0.1359838915352216,0.37059690920464716,0.1,0.1015332397661341,4.053266995100962,0.0026232381047526726,1.0,-2.0745269816594885
operator,pinned_sig&translation|depthT2,pinned_sig&translation,depth,depthT2,True,37,112,False,37.0,406.0,0.09113300492610837,99.0,0.0,0.4304385960919983,-0.33870571544324063,0.20077839407282302,3.8308121503166706,0.009950248756218905,0.004975124378109453,1.3722985722596095,-1.2603241742745146,0.8832672297759477,2.9805506847592693,0.009950248756218905,0.004975124378109453,8.29318372987383,1.669186965718492,0.8274634911547896,8.005183110750949,0.009950248756218905,0.004975124378109453,0.7323136907840989,-0.5955331450433861,0.38949879688883177,3.409116655645205,0.05190269625179845,0.05190269625179845,0.11611483805326357,0.10403484847114121,0.049341727554022996,-0.011386621792581115,0.30736795313501725,0.08944673757573707,-0.06925352754197338,0.15916553893726046,-0.06925352754197338,0.15916553893726046,-0.011517907919873878,0.23510129706199462,200,-0.12640765345387134,-0.06358954169581103,-2.7082566636199235,0.16937013042159965,0.04791032256249439,3.7858700019271003,0.02702702702702703,0.2702702702702703,0.1978036629810335,2265.0,,,0.9956029409479998,,0.0005128186938133022,0.1736,transferred,0.9956029409479998,table,0.4,0.084027105517909,True,0.032087732535354574,0.22334084761710826,0.1,0.016114838053263567,5.005183110750949,0.0005128186938133022,1.0,-0.38187359111775643
operator,pinned_sig&translation|depthT3,pinned_sig&translation,depth,depthT3,True,38,112,False,38.0,274.0,0.1386861313868613,99.0,0.0,0.49587159683284004,-0.4914039406642099,0.22995567951943757,4.293329651871451,0.009950248756218905,0.004975124378109453,1.313993236268581,-1.869595896328703,0.8529552827850981,3.732422082201217,0.009950248756218905,0.004975124378109453,8.392500422937877,1.6412177416859293,0.8247741843617455,8.18561347973864,0.009950248756218905,0.004975124378109453,1.0240611286017747,-0.9833746008354228,0.487204570978953,4.120313825060393,0.05908508452112241,0.05908508452112241,0.1462352539671722,0.12757874394549057,0.05578879863824956,0.013693552213014763,0.3860832314018845,0.10139423656544369,-0.07616481245585315,0.19685400783145532,-0.07616481245585315,0.19685400783145532,0.01349432730016734,0.2785335835902494,200,-0.17178685694351548,-0.08025532492117059,-4.138707788941258,0.1792704447928635,0.0462093865996346,4.696841246225656,0.0,0.23684210526315788,0.2778432284569581,5545.0,,,0.9983706274384403,,0.00023866057734307428,0.1857,transferred,0.9983706274384403,table,0.45,0.10262188382659954,True,0.04361337014057268,0.28346134757528496,0.1,0.04623525396717221,5.18561347973864,0.00023866057734307428,1.0,-0.4249909328722352
operator,pinned_sig&translation|miss<=5,pinned_sig&translation,miss,miss<=5,True,112,112,False,112.0,1333.0,0.08402100525131283,99.0,0.0,1.8093959895195604,-1.1698810620833178,0.6152050220984366,4.842738509254522,0.009950248756218905,0.004975124378109453,5.753089250734885,-4.4654257516134965,2.4461090011815583,4.177456931564568,0.009950248756218905,0.004975124378109453,24.641288656542915,5.198239924095767,2.3210797250089463,8.376725936189981,0.009950248756218905,0.004975124378109453,3.19201968118816,-2.263717272840838,1.2330280601070829,4.424665691351089,0.07342943848186761,0.07342943848186761,0.15323096149170115,0.1328710090245039,0.0684063952873489,0.049398491726622785,0.30920340602366536,0.08100491384863753,-0.03108752380112955,0.16747193376894062,-0.03108752380112955,0.16747193376894062,0.047062348158956234,0.23617645350365055,200,-0.12814890547455338,-0.06813427765269366,-3.2637964249761313,0.1724746097594308,0.03831126206992632,4.741480760383404,0.017857142857142856,0.29464285714285715,0.23167763446348685,2384.0,,,0.99563377611939,,0.0006719746751878722,0.1651,transferred,0.99563377611939,table,0.4,0.07909929332854235,True,0.0741316681631588,0.23010411269512301,0.05,0.10323096149170115,5.376725936189981,0.0006719746751878722,1.0,-0.9371976037162522
none,all,all,primary,miss0,False,9205,9205,False,,9224.0,,99.0,0.0,26.653474231075236,3.218542188310825,26.205542790397374,0.8942738652737157,0.43781094527363185,0.21890547263681592,76.98642330052314,12.496316097145074,102.39669297915749,0.6298065428392773,0.6268656716417911,0.31343283582089554,670.119902140412,-59.10494591368806,112.11946864218274,6.50399843029352,0.009950248756218905,0.004975124378109453,58.54883603085759,7.404748249028585,57.14863483262399,0.8949310500875305,0.03977418689691515,0.03977418689691515,0.03213677112799893,0.031136155621001062,0.03825271621294674,-0.18443142411999291,0.15897936082543998,0.11795574064885415,-0.21257019742393968,0.17864292018756486,-0.21257019742393968,0.17864292018756486,-0.2261464591183463,0.1371718454028026,200,-0.0642468368163652,0.011166181397370271,-5.740792928068676,0.1732977466953226,-0.01987624393092593,6.672833587256664,0.0485605649103748,0.06507332971211298,0.2890984157793876,1490.0,,,0.9943161614653264,,0.0001837043640607418,0.1651,transferred,0.9943161614653264,unselected,1.0,0.19774823332135585,True,-0.16561146219335693,-0.038768872495915874,0.05,-0.01786322887200107,3.50399843029352,0.0001837043640607418,0.162513568835653,0.8374864311643471
none,all|depthT1,all,depth,depthT1,False,3068,9205,False,,3087.0,,99.0,0.0,10.51678427400803,1.3501804717856936,8.297369870501917,1.104760176451895,0.25870646766169153,0.12935323383084577,37.444167348926904,5.478000678860918,32.07517435396648,0.9966014936443512,0.29850746268656714,0.14925373134328357,191.51981749217242,-19.497804384341023,34.68078575835207,6.084568652706915,0.009950248756218905,0.004975124378109453,24.04725156829837,3.1720995461926713,18.96934002226049,1.1004680182657247,0.054912250918565435,0.054912250918565435,0.04343999198126966,0.041631519124340245,0.052053856489722786,-0.19156482752063456,0.17595305712291012,0.272197184661214,-0.2190921439695829,0.20910478375720692,-0.2190921439695829,0.20910478375720692,-0.2369623019724289,0.1496250977824703,200,-0.046986778419307575,0.010969438743138039,-5.536253764096421,0.15367312066425565,-0.019660933954946117,6.520523478597747,0.04204693611473272,0.058018252933507174,0.28120893486376836,440.0,,,0.984015816453994,,0.0007056317525137098,0.1408,transferred,0.984015816453994,unselected,1.0,0.1638733705772812,True,-0.12043337859601155,0.01207968654562891,0.05,-0.006560008018730343,3.084568652706915,0.0007056317525137098,0.2650826783402478,0.7349173216597522
none,all|depthT2,all,depth,depthT2,False,3068,9205,False,,3068.0,,99.0,0.0,10.280824994425142,0.7497164960589601,8.814731236118085,1.0812704599900633,0.30845771144278605,0.15422885572139303,30.074667702448252,3.134335039635606,34.963114794595704,0.7705358295759407,0.5472636815920398,0.2736318407960199,225.45134737029292,-20.349515031212423,38.340846199033535,6.410939944452799,0.009950248756218905,0.004975124378109453,22.574308324797407,1.6238439800120112,18.628324180864087,1.124656417902944,0.045601080296669885,0.045601080296669885,0.03877573253912152,0.03732830034866181,0.043612311765909254,-0.18257392151968108,0.1626174329417739,0.10289863712459682,-0.21491885972810698,0.18582313435884654,-0.21491885972810698,0.18582313435884654,-0.22335256870678777,0.13987138539168167,200,-0.06203966179878227,0.010837298054155488,-5.257937772882733,0.17690630902517973,-0.019595694857480937,6.445529697824531,0.043676662320730114,0.0697522816166884,0.2742097170941371,1490.0,,,0.9934680041094069,,0.00025494824649872075,0.1736,transferred,0.9934680041094069,unselected,1.0,0.21006776379477252,True,-0.171292031255651,-0.04745033085299863,0.05,-0.011224267460878484,3.4109399444527986,0.00025494824649872075,0.1845867820871545,0.8154132179128455
none,all|depthT3,all,depth,depthT3,False,3069,9205,False,,3069.0,,99.0,0.0,5.855864962642065,1.1186452204661586,10.620441911761008,0.4460473284948661,0.746268656716418,0.373134328358209,9.467588249147997,3.8839803786485074,41.08393791953913,0.13590731933814892,0.9651741293532339,0.48258706467661694,253.14873727794662,-19.257626498134645,41.02187143620371,6.64051527243757,0.009950248756218905,0.004975124378109453,11.927276137761812,2.6088047228239075,23.0116715966618,0.4049454371793526,0.02313211207612137,0.02313211207612137,0.017390268261390226,0.01709301612557029,0.02260911548283056,-0.2223592957440287,0.16968686940565506,0.3882647640908757,-0.2546192845417244,0.18563935719606647,-0.2546192845417244,0.18563935719606647,-0.2603124747012294,0.14510169873767792,200,-0.08370772704644577,0.011691636125349231,-5.739883526419053,0.18930859173778333,-0.020371941410116293,6.547877282559876,0.059954382535027696,0.06744868035190615,0.3118691733601853,4063.0,,,0.9978532616865938,,3.7412670370027894e-05,0.1857,transferred,0.9978532616865938,unselected,1.0,0.22804863072577675,True,-0.21065836246438652,-0.05836176132012169,0.05,-0.032609731738609773,3.64051527243757,3.7412670370027894e-05,0.07625684138529919,0.9237431586147008
none,all|miss0-5,all,miss,miss0-5,False,44,9205,False,,44.0,,98.0,0.010101010101010055,-0.0514580277039827,0.029862178594744365,0.17033362109069725,-0.47741723435461186,0.6268656716417911,0.6915422885572139,-0.9351250737823522,0.13925899056223362,0.7864938982897934,-1.366042466039216,0.19900497512437812,0.9054726368159204,0.6915884821863868,-0.35962297401772275,0.5687402727816122,1.848315490413247,0.07960199004975124,0.03980099502487562,-0.06956698631795971,0.056397842040008896,0.3303098840966625,-0.38135349386367745,-0.0744055591286069,-0.0744055591286069,-0.07735856170400929,-0.08384466434423472,-0.08038678263728379,-2.577505958378384,4.671289208127586,1.9886639719085872,-3.094679872640907,2.858593760355119,-3.094679872640907,2.858593760355119,-2.1066634950483722,0.8299540499425602,200,-0.021853778079031036,0.010091167312516408,-1.7526913158367654,0.15433011331930827,-0.025058432606272878,5.250256530739032,0.022727272727272728,0.045454545454545456,0.16801845964299902,512.5,,,0.9931083594733638,,-0.0005368270177529737,0.1651,transferred,0.9931083594733638,unselected,1.0,0.19774823332135585,True,-0.27510679502536517,4.47354097480623,0.1,-0.022641438295990718,-1.151684509586753,0.0,0.0,1.0
none,all|miss5-20,all,miss,miss5-20,False,810,9205,False,,810.0,,90.0,0.09090909090909094,2.548066205477655,-0.016208487063497166,1.369306775927771,1.8726809343390074,0.08955223880597014,0.04477611940298507,7.591769381821658,0.013320757028293962,5.703015791805745,1.3288493143719318,0.208955223880597,0.1044776119402985,23.13005498637861,-8.000432657645494,5.717807820914574,5.444479531150931,0.009950248756218905,0.004975124378109453,4.435041222093835,-0.06045203969216696,2.4791388936149183,1.8133285203843368,0.11016256584682665,0.11016256584682665,0.08237181254156799,0.0761030651270813,0.09923102186641934,-0.1286375795859561,0.5247932418367854,1.5766162583018375,-0.5165660460086947,1.6281895394637647,-0.5165660460086947,1.6281895394637647,-0.13820776214460417,0.3450750588932136,200,-0.009019431530400005,0.008194603810589306,-2.2990455829746366,0.16815597613101418,-0.020363905298995403,7.958011812484349,0.03827160493827161,0.06790123456790123,0.1891209077233324,751.75,,,0.9909890269035346,,0.000748999400163298,0.1651,transferred,0.9909890269035346,unselected,1.0,0.19774823332135585,True,-0.11537642077978787,0.3270450085154296,0.05,0.032371812541567985,2.4444795311509306,0.000748999400163298,0.4165489175708971,0.5834510824291028
none,all|miss20+,all,miss,miss20+,False,705,9205,False,,707.0,,63.0,0.36363636363636365,-0.43777281965504145,-0.25132379371756935,1.5323832139399434,-0.12167258440405974,0.9552238805970149,0.527363184079602,-3.5454041752343444,-0.7375972378264676,4.611627278317153,-0.6088538314034097,0.5970149253731343,0.7064676616915423,13.652228049671102,-9.630687311392087,6.0466370641296745,3.85055612138256,0.009950248756218905,0.004975124378109453,0.652108757345468,-0.31306914663257823,2.017329837822465,0.4784432797662247,-0.03206603479390222,-0.03206603479390222,-0.008007975936264285,-0.008072621293323796,-0.03312832894243416,-1.1405015254631816,1.109947851431251,0.6548349986813125,-2.827172378738107,4.090860932605253,-2.827172378738107,4.090860932605253,-1.4915083674241925,0.5264783902959607,200,-0.013761357951640886,0.0050121487257938,-2.7068276806597455,0.1367389782208269,-0.016721703862474787,8.516834216858586,0.0425531914893617,0.04964539007092199,0.19913269359476027,540.5,,,0.9896642638552335,,-8.363273218378433e-05,0.1651,transferred,0.9896642638552335,unselected,1.0,0.19774823332135585,True,-0.20575620925762014,0.9121996181098952,0.05,-0.041992024063735714,0.8505561213825601,0.0,0.0,1.0
none,all|miss<=5,all,miss,miss<=5,False,9249,9205,False,,9268.0,,99.0,0.0,26.602016203371257,3.2484043669055707,26.26164882002556,0.8892667782023503,0.43781094527363185,0.21890547263681592,76.05129822674081,12.635575087707299,102.6136663114472,0.6180046519978898,0.6268656716417911,0.31343283582089554,670.8114906225984,-59.46456888770578,112.35583586907676,6.499671813765529,0.009950248756218905,0.004975124378109453,58.479269044539635,7.461146091068596,57.262231268130066,0.8909559027586433,0.03965647067059212,0.03965647067059212,0.03197915573478575,0.030988179903707527,0.03814382133842073,-0.18469204126650746,0.15884024788898896,0.11488754149581057,-0.21309756028784232,0.17831221886163257,-0.21309756028784232,0.17831221886163257,-0.22654042009926337,0.13706827472237126,200,-0.06404516154504478,0.011161067263979247,-5.7533519734906315,0.17320751252205582,-0.019900897007119597,6.67574330271633,0.0484376689371824,0.06497999783760407,0.2885224056085582,1485.0,,,0.9943156813787508,,0.00018281891137732892,0.1651,transferred,0.9943156813787508,unselected,1.0,0.19774823332135585,True,-0.1657690775865701,-0.0389079854323669,0.05,-0.018020844265214254,3.499671813765529,0.00018281891137732892,0.1617165180071025,0.8382834819928975
none,pinned_sig,pinned_sig,primary,miss0,True,684,684,False,684.0,9224.0,0.07415437987857762,99.0,0.0,5.566842295725021,0.39307396161321306,3.284127639949243,1.575385886704382,0.12935323383084577,0.06467661691542288,17.89484964133571,1.8061068738430373,12.758176507775705,1.2610534709005705,0.25870646766169153,0.12935323383084577,139.31601945885012,-3.973545766901251,13.63758303289725,10.506961892008373,0.009950248756218905,0.004975124378109453,10.096319354285718,0.8520744159301582,6.820157400929288,1.3554298522635233,0.039958378924035386,0.039958378924035386,0.03610708376398926,0.03484879538977648,0.03842305589708045,-0.04670229519828266,0.11033273269300338,0.05159141349397017,-0.04444330621136253,0.11603237089178041,-0.04444330621136253,0.11603237089178041,-0.04899122281714986,0.09936901476820789,200,-0.1761248064496327,0.01201933998032023,-10.318760027545265,0.1754446202268557,-0.019991093795007332,6.208661552998186,0.05263157894736842,0.10818713450292397,0.29098531270094974,2085.5,,,0.9955308657008657,,0.00016209181658848471,0.1651,transferred,0.9955308657008657,table,0.4,0.07909929332854235,True,-0.04299220956455309,0.031233439364461033,0.05,-0.013892916236010744,7.506961892008373,0.00016209181658848471,0.456477956307611,0.543522043692389
none,pinned_sig|depthT1,pinned_sig,depth,depthT1,True,228,684,False,228.0,4253.0,0.053609217023277686,99.0,0.0,1.9582571770102946,0.10607500762671075,0.9600181816451354,1.9293198866396377,0.03980099502487562,0.01990049751243781,6.882843354131033,0.49462761335474426,3.9016895918122123,1.6372947130858668,0.06965174129353234,0.03482587064676617,48.44986359410508,-1.1786443346224262,4.354792048174467,11.396298004523965,0.009950248756218905,0.004975124378109453,3.330243623495109,0.22862399171814216,1.9723552657227224,1.5725461257814792,0.04041821858191066,0.04041821858191066,0.037320931994238866,0.03597819232519463,0.038848049620854065,-0.03669928161166634,0.0984156192970568,0.03812287507693963,-0.03480745845423962,0.10346187260965385,-0.03480745845423962,0.10346187260965385,-0.038097876571821995,0.08959765097557734,200,-0.15665515953252657,0.010218823002801337,-10.541915307698327,0.15847955241421222,-0.018864680493998184,5.921889719724199,0.05701754385964912,0.12719298245614036,0.261009332783153,656.5,,,0.987536470756983,,0.00047102111269904667,0.1408,transferred,0.987536470756983,table,0.4,0.06554934823091249,True,-0.028228416236673624,0.032866271066144315,0.05,-0.012679068005761136,8.396298004523965,0.00047102111269904667,0.5693562636621098,0.4306437363378902
none,pinned_sig|depthT2,pinned_sig,depth,depthT2,True,228,684,False,228.0,2788.0,0.08177905308464849,99.0,0.0,1.949352901257165,0.16404169166874855,1.174086298229597,1.5205962392036128,0.14925373134328357,0.07462686567164178,5.6808438374748285,0.7059416333793038,4.564768072196135,1.0898477481030207,0.29850746268656714,0.14925373134328357,45.935970803167336,-1.4646900227439885,4.69862061617948,10.088207731156112,0.009950248756218905,0.004975124378109453,3.5625023239992406,0.3641791672044703,2.426491576996977,1.318085414808244,0.0424363057354337,0.0424363057354337,0.03766426835577966,0.036297162294563916,0.040708775684376315,-0.06253321696984515,0.12266336326124942,0.05706977714084779,-0.06084407470304456,0.1303047960657287,-0.06084407470304456,0.1303047960657287,-0.06670958561221287,0.10926103698168095,200,-0.17843982434807795,0.012399576278457124,-9.825562171142657,0.1765113002999143,-0.019409836922534996,5.846907416036032,0.04824561403508772,0.10964912280701754,0.28872244865288055,2085.5,,,0.9952227272309314,,0.0001807961963284288,0.1736,transferred,0.9952227272309314,table,0.4,0.084027105517909,True,-0.046362837162129335,0.038636257743340424,0.05,-0.01233573164422034,7.088207731156112,0.0001807961963284288,0.4482395070451658,0.5517604929548342
none,pinned_sig|depthT3,pinned_sig,depth,depthT3,True,228,684,False,228.0,2183.0,0.10444342647732478,99.0,0.0,1.6592322174575613,0.12295726231775399,1.2886954367717145,1.1921163925188556,0.23880597014925373,0.11940298507462686,5.331162449729849,0.6055376271089884,4.843332434838996,0.9756969785159815,0.3283582089552239,0.16417910447761194,44.930185061577696,-1.3302114095348367,4.790509377364471,9.656675903755977,0.009950248756218905,0.004975124378109453,3.2035734067913673,0.25927125700754583,2.7367521211906,1.0758380808353694,0.036929120482890314,0.036929120482890314,0.033209290718014914,0.032141881626845,0.035613929393450434,-0.05442555589785072,0.13636221952358057,0.07236736701298838,-0.05323014895118732,0.14290546032699325,-0.05323014895118732,0.14290546032699325,-0.05756124703956112,0.11999890043162939,200,-0.19327943546829357,0.01343962065970223,-9.02308394796871,0.1913430079664406,-0.02169876396848883,6.272551011869874,0.05263157894736842,0.08771929824561403,0.3232241566668157,5010.5,,,0.9983067457336521,,5.632714937666042e-05,0.1857,transferred,0.9983067457336521,table,0.45,0.10262188382659954,True,-0.06941259310858462,0.03374033569698104,0.05,-0.01679070928198509,6.656675903755977,5.632714937666042e-05,0.32360827417793986,0.6763917258220602
none,pinned_sig|miss<=5,pinned_sig,miss,miss<=5,True,685,684,False,685.0,9268.0,0.0739102287440656,99.0,0.0,5.5549116595773995,0.39328176558307887,3.286123634114825,1.5707351483702459,0.13930348258706468,0.06965174129353234,17.77670328581459,1.8061520920146015,12.775287376191566,1.2501128721036225,0.26865671641791045,0.13432835820895522,139.49326004096463,-3.9893191224547637,13.64535731511717,10.515120700024507,0.009950248756218905,0.004975124378109453,10.075123371919052,0.8520825282715242,6.823393991425263,1.351679362973591,0.03982207927426818,0.03982207927426818,0.03597391351681437,0.0347247291147457,0.038297012602445925,-0.04659514394902983,0.11004123437619603,0.0514902594241423,-0.04435624407957563,0.11573695247510658,-0.04435624407957563,0.11573695247510658,-0.048873412377254,0.09913250512376173,200,-0.17612119808002147,0.012009813944407794,-10.338194917258212,0.17542260556751302,-0.019984174798167578,6.202179710401652,0.052554744525547446,0.10802919708029197,0.2906075034240149,2083.0,,,0.9955223201375423,,0.0001618041754260022,0.1651,transferred,0.9955223201375423,table,0.4,0.07909929332854235,True,-0.043125379811727975,0.030941941047653687,0.05,-0.01402608648318563,7.515120700024507,0.0001618041754260022,0.4547943730343476,0.5452056269656524
none,ecm,ecm,primary,miss0,False,202,202,False,,202.0,,99.0,0.0,0.39996575328920175,0.02370105523510356,1.1239346903257064,0.3347745214137487,0.7164179104477612,0.3582089552238806,1.9757240231908504,0.10285113592453922,4.124957640748794,0.4540344532910968,0.6368159203980099,0.31840796019900497,12.11233577479419,-1.1829980119304315,2.698740401169706,4.926495998267217,0.009950248756218905,0.004975124378109453,1.0719891802218093,0.09887466955430468,2.681491679910319,0.36290044006403555,0.03302135613855189,0.03302135613855189,0.0283005078390584,0.027521631685790998,0.0319658020062491,-1.3808532671811244,0.3807958766379267,3.456808134041151,-0.8692220849310517,0.9977817371586908,-0.8692220849310517,0.9977817371586908,-0.9070522167452073,0.27737355223229526,200,-0.061806093727826215,0.012549358715499259,-3.5990110729252796,0.2043323012563829,-0.021607646858672364,6.361780991044331,0.054455445544554455,0.07920792079207921,0.39695469789822824,2707.5,,,0.9985079772090023,,4.228809749793888e-05,0.1651,transferred,0.9985079772090023,unselected,1.0,0.19774823332135585,True,-0.16944772548229745,0.18304764331657083,0.05,-0.0216994921609416,1.9264959982672174,4.228809749793888e-05,0.14311383400866057,0.8568861659913394
none,ecm|depthT1,ecm,depth,depthT1,False,67,202,False,,67.0,,99.0,0.0,0.29961894561243985,0.015034596243278995,0.34410852182331736,0.8270191852885316,0.3880597014925373,0.19402985074626866,1.6628634982369945,0.0889590665846869,1.36184742280078,1.1557127511505,0.22885572139303484,0.11442786069651742,3.993892324521779,-0.4096833691960369,1.2590753030681388,3.497468088673567,0.009950248756218905,0.004975124378109453,0.620669862726638,0.04149769837699214,0.8058745472320934,0.7186877490285634,0.07501928476459756,0.07501928476459756,0.0646257426152914,0.06070278035597368,0.06978412929682923,-0.5888488272841902,5.5339733731485765,3.502452653038066,-0.8641010032417796,1.153208171160299,-0.8641010032417796,1.153208171160299,-1.086547897237363,0.849097342939164,200,-0.012974679548490615,0.011241749071137137,-1.251272824935775,0.13582805411648324,-0.024223905211916818,4.9477068742982935,0.014925373134328358,0.1044776119402985,0.3147899505015217,508.0,,,0.9937987154049469,,0.0004032633730672236,0.1408,transferred,0.9937987154049469,unselected,1.0,0.1638733705772812,True,-0.09924762796198981,5.370100002571295,0.1,-0.035374257384708604,0.4974680886735672,0.0004032633730672236,0.39436390664103954,0.6056360933589604
none,ecm|depthT2,ecm,depth,depthT2,False,67,202,False,,67.0,,99.0,0.0,0.3727236428047906,-0.012588823404496569,0.4170806949874605,0.9238319366972177,0.31840796019900497,0.15920398009950248,1.4830270929408587,-0.06313810781247793,1.4901489889643083,1.0375910141897697,0.29850746268656714,0.14925373134328357,3.5274093522443293,-0.35519759428838327,0.8361894081430582,4.643214693612171,0.009950248756218905,0.004975124378109453,0.8315172808585979,-0.011163671648330773,0.9953100123592864,0.8466517386974082,0.10566498117595667,0.10566498117595667,0.09924065750548947,0.09028110162036458,0.0955669058665258,-0.6909338339491456,0.6177622971245914,1.5028565888524534,-0.8137733685434594,0.7304818108949341,-0.8137733685434594,0.7304818108949341,-0.5231978703762035,0.3881391039208253,200,-0.06949756056046084,0.011028614341007596,-3.339830606815846,0.227649831340981,-0.01895185906657787,6.497003660937684,0.05970149253731343,0.1044776119402985,0.4399445354154316,2698.0,,,0.9985474142859952,,0.00014436526426137692,0.1736,transferred,0.9985474142859952,unselected,1.0,0.21006776379477252,True,-0.11082710628928305,0.40769453332981886,0.1,-0.0007593424945105398,1.6432146936121708,0.00014436526426137692,0.47242211614364343,0.5275778838563565
none,ecm|depthT3,ecm,depth,depthT3,False,68,202,False,,68.0,,99.0,0.0,-0.2723768351280287,0.021255282396321094,0.4974836555762185,-0.590234702654192,0.6268656716417911,0.6915422885572139,-1.1701665679870028,0.07703017715233024,1.8154534949171497,-0.6869890904014869,0.5373134328358209,0.736318407960199,4.59103409802808,-0.41811704844601144,1.0038269994762778,4.990054211619626,0.009950248756218905,0.004975124378109453,-0.3801979633634263,0.06854064282564348,1.195818506903253,-0.3752564486990121,-0.05932799219352754,-0.05932799219352754,-0.05861913704301685,-0.062269310275638645,-0.06306979659347245,-1.167439631698742,0.4536352536936261,4.941115219240184,-1.092875075602857,1.4979514544270882,-1.092875075602857,1.4979514544270882,-1.3292512628387763,0.322001410722727,200,-0.10234104184884038,0.015336119292899304,-4.069279706699499,0.2488545077667536,-0.021646594982245203,5.845336543150742,0.08823529411764706,0.029411764705882353,0.43555350616185656,8252.5,,,0.9996050778326586,,-2.3159142707541578e-05,0.1857,transferred,0.9996050778326586,unselected,1.0,0.22804863072577675,True,-0.2866677677687936,0.22558662296784937,0.1,-0.04138086295698316,1.9900542116196256,0.0,0.0,1.0
none,ecm|miss20+,ecm,miss,miss20+,False,19,202,False,,19.0,,63.0,0.36363636363636365,-0.12200547045937252,0.010591353194199326,0.20635600541837362,-0.6425634348985397,0.5373134328358209,0.736318407960199,-0.09375188746617655,0.04016510307952708,0.5611768069101986,-0.2386360036563904,0.8855721393034826,0.5621890547263682,1.2572638602924904,-0.17239503073529228,0.48353096213808694,2.9567059877739537,0.01990049751243781,0.009950248756218905,-0.2526698365400959,0.004089748108870812,0.32014967114595116,-0.8019985893782601,-0.09704046565928422,-0.09704046565928422,-0.09274717520782032,-0.10222858796726865,-0.10746934050609151,-7.637377233339747,2.4113639057925003,2.3032140800948637,-3.8658390107671843,5.654174751202403,-3.8658390107671843,5.654174751202403,-4.115228517397126,0.7147812990390049,200,-0.016222007548426006,0.012863118452766234,-0.9462570588347394,0.12304836157576392,-0.013307552118628035,3.317908603512365,0.05263157894736842,0.10526315789473684,0.3589024964039,457.5,,,0.9953607944603354,,-0.00043227863846661353,0.1651,transferred,0.9953607944603354,unselected,1.0,0.19774823332135585,False,-0.29049540852917616,2.2136156724711444,0.1,-0.007252824792179688,-0.04329401222604634,0.0,0.0,1.0
none,ecm|miss<=5,ecm,miss,miss<=5,False,202,202,False,,202.0,,99.0,0.0,0.39996575328920175,0.02370105523510356,1.1239346903257064,0.3347745214137487,0.7164179104477612,0.3582089552238806,1.9757240231908504,0.10285113592453922,4.124957640748794,0.4540344532910968,0.6368159203980099,0.31840796019900497,12.11233577479419,-1.1829980119304315,2.698740401169706,4.926495998267217,0.009950248756218905,0.004975124378109453,1.0719891802218093,0.09887466955430468,2.681491679910319,0.36290044006403555,0.03302135613855189,0.03302135613855189,0.0283005078390584,0.027521631685790998,0.0319658020062491,-1.3808532671811244,0.3807958766379267,3.456808134041151,-0.8692220849310517,0.9977817371586908,-0.8692220849310517,0.9977817371586908,-0.9070522167452073,0.27737355223229526,200,-0.061806093727826215,0.012549358715499259,-3.5990110729252796,0.2043323012563829,-0.021607646858672364,6.361780991044331,0.054455445544554455,0.07920792079207921,0.39695469789822824,2707.5,,,0.9985079772090023,,4.228809749793888e-05,0.1651,transferred,0.9985079772090023,unselected,1.0,0.19774823332135585,True,-0.16944772548229745,0.18304764331657083,0.05,-0.0216994921609416,1.9264959982672174,4.228809749793888e-05,0.14311383400866057,0.8568861659913394
none,pinned_sig&ecm,pinned_sig&ecm,primary,miss0,True,13,13,True,13.0,202.0,0.06435643564356436,99.0,0.0,-0.2089339713324669,0.00838272574974916,0.12862361534839972,-1.6895551916619316,0.09950248756218906,0.9552238805970149,-0.723420296924127,0.04758497860012647,0.4815602224496586,-1.6010568140412653,0.10945273631840796,0.9502487562189055,2.3311277621544466,-0.09548676377374427,0.3057316499453663,7.937073333303316,0.009950248756218905,0.004975124378109453,-0.41044600091999217,0.01812702698029557,0.2869334827315877,-1.4936319868294943,-0.08962785083017864,-0.08962785083017864,-0.08955550820297321,-0.09836459993976063,-0.09845188136731917,-0.30649939559748196,0.06459219378080325,0.09895882798823138,-0.3182597851506944,0.07162942004219165,-0.3182597851506944,0.07162942004219165,-0.4423587363448179,0.06067144046892673,200,-0.2784520879301331,0.017028803435865242,-6.354714293789498,0.2029803165201705,-0.027482045749492756,4.773904725161408,0.0,0.0,0.3769168917206752,5557.0,,,0.9985052571958091,,-0.00013406284092884376,0.1651,transferred,0.9985052571958091,table,0.4,0.07909929332854235,False,-0.16865480153151557,-0.0145070995477391,0.1,-0.010444491797026792,4.937073333303316,0.0,0.0,1.0
none,folding,folding,primary,miss0,False,183,183,False,,183.0,,99.0,0.0,1.3723547481244813,0.05779772213369675,0.6779889275352443,1.9389063340159773,0.07960199004975124,0.03980099502487562,3.4811007464572334,0.19122020750136695,2.8414470609440277,1.1578186988508783,0.25870646766169153,0.12935323383084577,17.929401555757007,-1.2323554732884807,2.956256872774117,6.481763207222354,0.009950248756218905,0.004975124378109453,2.494100254507732,0.11455818006841771,1.4561651701313336,1.6341154995656848,0.07654213911472287,0.07654213911472287,0.0686031570068534,0.06419890916194759,0.07109999351968337,-0.10088915880101884,0.21925519526383866,0.10226274043042428,-0.11002318483949629,0.24195261592224482,-0.11002318483949629,0.24195261592224482,-0.11220992762255577,0.17982590122298486,200,-0.05769917868215119,0.009356121475807656,-4.0810023611679345,0.1576722861261582,-0.020043013278113322,6.503939011693458,0.07103825136612021,0.12021857923497267,0.243764455064168,2752.0,,,0.996625460732165,,0.00023228791189722008,0.1651,transferred,0.996625460732165,unselected,1.0,0.19774823332135585,True,-0.12914507631450245,0.021506961942482805,0.05,0.018603157006853402,3.481763207222354,0.00023228791189722008,0.3469217188674858,0.6530782811325142
none,folding|depthT1,folding,depth,depthT1,False,61,183,False,,61.0,,99.0,0.0,0.2513740466056916,0.014003253027724325,0.23705010818176267,1.0013528169156487,0.3383084577114428,0.1691542288557214,0.7265268586832838,0.0818761988512161,1.0463666300615926,0.6160848801094904,0.4975124378109453,0.24875621890547264,5.969483909653887,-0.4567096989873246,1.1023862775827753,5.829348332176319,0.009950248756218905,0.004975124378109453,0.5194453143122987,0.0181889869545387,0.529110097594713,0.9473573262661708,0.04210984574381178,0.04210984574381178,0.03693800841275279,0.035622195457271376,0.0404082601424379,-0.1450090559693423,0.1780845176636809,0.2619648041699852,-0.14885371098988148,0.20866062784833392,-0.14885371098988148,0.20866062784833392,-0.15704357474235664,0.15123522420506574,200,-0.05049623216144594,0.010036649800358925,-3.5320337707247424,0.14168011566624242,-0.021069043748749808,5.090844358854501,0.08196721311475409,0.13114754098360656,0.23354212288082715,715.0,,,0.9876819197912776,,0.00046068004411268886,0.1408,transferred,0.9876819197912776,unselected,1.0,0.1638733705772812,True,-0.12693536216452841,0.0142111470863997,0.1,-0.06306199158724721,2.829348332176319,0.00046068004411268886,0.22540580133691193,0.7745941986630881
none,folding|depthT2,folding,depth,depthT2,False,61,183,False,,61.0,,99.0,0.0,0.2843862055373562,0.008974797049579689,0.22783124972478047,1.2088394757983056,0.30845771144278605,0.15422885572139303,0.6741012231729624,0.036139629711653284,0.9834629553792505,0.6486889922714918,0.5472636815920398,0.2736318407960199,6.039046973382409,-0.37079989043943307,0.9687000671062559,6.616957179501002,0.009950248756218905,0.004975124378109453,0.4896188452486825,0.017956981459848743,0.47209946082870585,0.9990730829492921,0.047091239195656456,0.047091239195656456,0.042966924848429795,0.04119682400731356,0.04497338668579685,-0.16552428426223884,0.18039887838178356,0.12340054329187577,-0.17699971570533427,0.2039872012269244,-0.17699971570533427,0.2039872012269244,-0.17955890326350488,0.15378621760258146,200,-0.06672492510524154,0.008004433804031427,-3.943258875244093,0.1839779554904605,-0.01954949484882128,6.682485427426551,0.09836065573770492,0.09836065573770492,0.21863196072323457,2752.0,,,0.996538899968615,,0.0001492293225543939,0.1736,transferred,0.996538899968615,unselected,1.0,0.21006776379477252,True,-0.16710083894634273,-0.029668885412988955,0.1,-0.05703307515157021,3.616957179501002,0.0001492293225543939,0.20453840261948375,0.7954615973805162
none,folding|depthT3,folding,depth,depthT3,False,61,183,False,,61.0,,99.0,0.0,0.8365944959814333,0.034819672056392706,0.3570170567656122,2.245760556060546,0.029850746268656716,0.014925373134328358,2.0804726646009875,0.07320437893849746,1.3952807127543307,1.4386125080881218,0.15920398009950248,0.07960199004975124,5.9208706727207145,-0.40484588386172293,1.1494646947959963,5.503184730441075,0.009950248756218905,0.004975124378109453,1.485036094946751,0.07841221165403027,0.7656843967643961,1.8370805115486035,0.14129585701573982,0.14129585701573982,0.12674845873243037,0.11249046559603895,0.12380300528313508,-0.05574695258304883,0.4110454443867925,0.17392957467197082,-0.05386431279596757,0.48223622943803934,-0.05386431279596757,0.48223622943803934,-0.055307901976813886,0.2917113533159852,200,-0.05587637877976608,0.010027280823032612,-2.562044721725074,0.1473587872217716,-0.019510501236768882,5.403086225844536,0.03278688524590164,0.13114754098360656,0.27911928158844224,6466.0,,,0.9988353158674728,,0.00014779405209530244,0.1857,transferred,0.9988353158674728,unselected,1.0,0.22804863072577675,True,-0.10130017199334637,0.18299681366101578,0.1,0.02674845873243037,2.503184730441075,0.00014779405209530244,0.5557957455348307,0.4442042544651693
none,folding|miss<=5,folding,miss,miss<=5,False,183,183,False,,183.0,,99.0,0.0,1.3723547481244813,0.05779772213369675,0.6779889275352443,1.9389063340159773,0.07960199004975124,0.03980099502487562,3.4811007464572334,0.19122020750136695,2.8414470609440277,1.1578186988508783,0.25870646766169153,0.12935323383084577,17.929401555757007,-1.2323554732884807,2.956256872774117,6.481763207222354,0.009950248756218905,0.004975124378109453,2.494100254507732,0.11455818006841771,1.4561651701313336,1.6341154995656848,0.07654213911472287,0.07654213911472287,0.0686031570068534,0.06419890916194759,0.07109999351968337,-0.10088915880101884,0.21925519526383866,0.10226274043042428,-0.11002318483949629,0.24195261592224482,-0.11002318483949629,0.24195261592224482,-0.11220992762255577,0.17982590122298486,200,-0.05769917868215119,0.009356121475807656,-4.0810023611679345,0.1576722861261582,-0.020043013278113322,6.503939011693458,0.07103825136612021,0.12021857923497267,0.243764455064168,2752.0,,,0.996625460732165,,0.00023228791189722008,0.1651,transferred,0.996625460732165,unselected,1.0,0.19774823332135585,True,-0.12914507631450245,0.021506961942482805,0.05,0.018603157006853402,3.481763207222354,0.00023228791189722008,0.3469217188674858,0.6530782811325142
none,pinned_sig&folding,pinned_sig&folding,primary,miss0,True,14,14,True,14.0,183.0,0.07650273224043716,99.0,0.0,0.28690851103979864,0.0038856331809531412,0.08711078295558065,3.2489993575555847,0.009950248756218905,0.004975124378109453,1.0182938061016302,0.03413308672171559,0.4043841760634148,2.433727078444287,0.01990049751243781,0.009950248756218905,3.1368784061364656,-0.09650928552566888,0.3602810725923174,8.97462547337571,0.009950248756218905,0.004975124378109453,0.5502257621030979,0.009021313032914613,0.1790558020002115,3.022546284590901,0.09146306419736853,0.09146306419736853,0.08753137725756498,0.08048630052246715,0.08379858851625722,-0.021143640799249342,0.261833231989929,0.06522039782636617,-0.020655944778039965,0.27057593313210176,-0.020655944778039965,0.27057593313210176,-0.021601520818855684,0.20750217216671657,200,-0.10058175421562834,0.008381918625126234,-3.443961582483992,0.12811318569915928,-0.024276789101400867,3.8338317610637738,0.14285714285714285,0.21428571428571427,0.2107730397464826,2631.0,,,0.9966313522418502,,0.0002958590225996714,0.1651,transferred,0.9966313522418502,table,0.4,0.07909929332854235,False,0.00843208392902263,0.18273393866138668,0.1,-0.012468622742435029,5.97462547337571,0.0002958590225996714,1.0,-0.10660125488099625
none,ptm,ptm,primary,miss0,False,992,992,False,,993.0,,99.0,0.0,4.6147177592969335,0.3053637215153482,2.88202375242069,1.4952527834519203,0.15920398009950248,0.07960199004975124,15.85328376553569,1.2713916532584233,11.843844148807536,1.2311789929915113,0.25870646766169153,0.12935323383084577,79.99279245382414,-6.597176506382304,13.334848958261444,6.493509542645452,0.009950248756218905,0.004975124378109453,8.995062651268324,0.6499851717402447,5.967882683473044,1.3983313550446024,0.05768916945812062,0.05768916945812062,0.04976735861589239,0.04740798826276152,0.05454264931886952,-0.12095106183561338,0.16850764694770398,0.07957563650289014,-0.16108216184484095,0.1925379772543206,-0.16108216184484095,0.1925379772543206,-0.1376020146252421,0.14420696400015198,200,-0.0490803962241225,0.00957607523540749,-4.284760297371646,0.17964408221892747,-0.020434833777884718,6.596306309436324,0.03931451612903226,0.07963709677419355,0.2298646824125843,1942.5,,,0.9944640129918193,,0.0002770451691863448,0.1651,transferred,0.9944640129918193,unselected,1.0,0.19774823332135585,True,-0.14798087470546345,-0.029240586373651872,0.05,-0.00023264138410761248,3.4935095426454517,0.0002770451691863448,0.25167030713754424,0.7483296928624558
none,ptm|depthT1,ptm,depth,depthT1,False,331,992,False,,332.0,,99.0,0.0,1.266049920018859,0.10054950517545944,0.8946937673656966,1.3026808248313344,0.1890547263681592,0.0945273631840796,4.5123499164752845,0.41422305575579105,3.7182927325395885,1.1021528307483417,0.29850746268656714,0.14925373134328357,21.144982087032048,-2.1275817579075906,4.161908289491017,5.591801218614976,0.009950248756218905,0.004975124378109453,2.897730216065824,0.21183770471599594,1.9484928387874692,1.378446180495709,0.05987472180434296,0.05987472180434296,0.05008044762961622,0.047692010400407506,0.05649226325769101,-0.15251229498091043,0.21065036128833117,0.09279014011091355,-0.1256346519159065,0.2721091320405,-0.1256346519159065,0.2721091320405,-0.17995812289275043,0.1739951679623871,200,-0.034887075377394224,0.00948961416440526,-3.635509497331119,0.17163899529411988,-0.020466055803174853,6.914605730377811,0.03323262839879154,0.06948640483383686,0.2232753243553518,611.0,,,0.9866288261526774,,0.0006787095145177806,0.1408,transferred,0.9866288261526774,unselected,1.0,0.1638733705772812,True,-0.11379292294766499,0.04677699071104996,0.05,8.044762961621765e-05,2.591801218614976,0.0006787095145177806,0.30560454973981716,0.6943954502601828
none,ptm|depthT2,ptm,depth,depthT2,False,330,992,False,,330.0,,99.0,0.0,1.1647541622950337,0.07458342758325678,0.9774843240263016,1.115282064290622,0.26865671641791045,0.13432835820895522,4.924419749775442,0.31110718192327347,4.018202511137378,1.148103550048885,0.25870646766169153,0.12935323383084577,26.94950701614364,-2.3890947937779363,4.456829906664244,6.582840813837638,0.009950248756218905,0.004975124378109453,2.2727138643654126,0.14302657065692215,1.9872351577125642,1.0716835828125635,0.0432198689793215,0.0432198689793215,0.03715823752524936,0.03582697044754924,0.041429300058872055,-0.12701470275361118,0.1856569870729551,0.11085331468897976,-0.14370375416323747,0.205182330454984,-0.14370375416323747,0.205182330454984,-0.1455007674383165,0.15658527225735974,200,-0.04857617162655995,0.009686122791139961,-3.8961359756799308,0.17878325129910563,-0.01991401073352678,6.060117568017454,0.048484848484848485,0.09393939393939393,0.22599689178334637,1942.5,,,0.9938165811115511,,0.00023119452033906683,0.1736,transferred,0.9938165811115511,unselected,1.0,0.21006776379477252,True,-0.17290952626952316,-0.024410776721817407,0.05,-0.012841762474750641,3.582840813837638,0.00023119452033906683,0.17688690950959718,0.8231130904904028
none,ptm|depthT3,ptm,depth,depthT3,False,331,992,False,,331.0,,99.0,0.0,2.183913676983041,0.13023078875663197,1.2883699875241927,1.5940163991035576,0.10945273631840796,0.05472636815920398,6.416514099284962,0.5460614155793584,5.315091584240629,1.104487587967747,0.29850746268656714,0.14925373134328357,31.898303350648447,-2.080499954696778,5.240133069112912,6.484339778626539,0.009950248756218905,0.004975124378109453,3.8246185708370875,0.29512089636732625,2.6255264897256407,1.3443009195609306,0.06846488520019185,0.06846488520019185,0.06044011820461444,0.05699531465005587,0.06407780559616987,-0.11004801338968855,0.20816854247700042,0.09094552103176148,-0.11659107150116234,0.2432375856308026,-0.11659107150116234,0.2432375856308026,-0.12379472934030947,0.1723009050359569,200,-0.06377641833126056,0.009552821220634144,-4.024709501293608,0.18850739936591387,-0.020922861313434835,6.339910985904404,0.03625377643504532,0.0755287009063444,0.24031014593099065,4668.0,,,0.9978290713559671,,0.00013149665371126802,0.1857,transferred,0.9978290713559671,unselected,1.0,0.22804863072577675,True,-0.16760851252116232,-0.019880088248776323,0.05,0.010440118204614435,3.4843397786265387,0.00013149665371126802,0.26503170842228074,0.7349682915777193
none,ptm|miss5-20,ptm,miss,miss5-20,False,66,992,False,,66.0,,82.0,0.1717171717171717,0.339902841381183,-0.016537441180263894,0.2136834266173207,1.6680764072535452,0.13930348258706468,0.06965174129353234,1.0114982820297251,-0.05656729231024364,0.9556895575990343,1.1175863185355452,0.27860696517412936,0.13930348258706468,3.1064030141658954,-0.8072509825857889,0.8451971619323452,4.630462776051012,0.009950248756218905,0.004975124378109453,0.5596223811416053,-0.024026863293873508,0.3737914452552387,1.5614301821084786,0.10942007197107062,0.10942007197107062,0.0910760846148614,0.08347363295659653,0.09862817046086748,-1.0185367886272672,0.6748374651122672,0.5974831515426198,-1.7709710036658723,0.9394865720799485,-1.7709710036658723,0.9394865720799485,-0.25696336547537985,0.4235862204404916,200,-0.007170214643068414,0.008595567889598608,-1.0290112920812524,0.17705416393134937,-0.02249756692996328,6.7655258936646305,0.030303030303030304,0.045454545454545456,0.16564800212418065,952.75,,,0.9914408144606337,,0.0007862669107905438,0.1651,transferred,0.9914408144606337,unselected,1.0,0.19774823332135585,True,-0.10667214870649445,0.47708923179091134,0.1,-0.008923915385138606,1.6304627760510124,0.0007862669107905438,0.4605658573285753,0.5394341426714246
none,ptm|miss20+,ptm,miss,miss20+,False,51,992,False,,51.0,,64.0,0.3535353535353535,-0.452785545240611,0.004313251938758464,0.32621223612398137,-1.4012313045352562,0.13930348258706468,0.9353233830845771,-1.02373333265305,0.041501488762868244,0.9186995955699163,-1.1595028740108442,0.25870646766169153,0.8756218905472637,1.1185776856750247,-0.6523518122499933,1.0328499512303106,1.7146048134247587,0.08955223880597014,0.04477611940298507,-0.25037386883268986,0.013320053186803713,0.4213794850210579,-0.6257872805704242,-0.4047868565940236,-0.4047868565940236,-0.2581123628664766,-0.3479130126278436,-0.6800704270032072,-3.180193787303229,3.1906904598921817,1.5504582382032277,-5.426650691873004,6.783320495439535,-5.426650691873004,6.783320495439535,-5.974598988870047,0.7621697437247873,200,-0.03689570887395458,0.007950826779602536,-2.0644761120957233,0.13641206990915322,-0.01636890229895011,5.312278250737011,0.058823529411764705,0.0784313725490196,0.19153716305924545,780.5,,,0.9929942424747653,,-0.0018210303254138744,0.1651,transferred,0.9929942424747653,unselected,1.0,0.19774823332135585,True,-0.4558605961878325,2.992942226570826,0.1,0.1581123628664766,-1.2853951865752413,0.0,0.0,1.0
none,ptm|miss<=5,ptm,miss,miss<=5,False,995,992,False,,996.0,,99.0,0.0,4.583873900302627,0.30802484513378575,2.8782702016219504,1.4855620757076013,0.15920398009950248,0.07960199004975124,15.721842821249831,1.2828790022203003,11.820102150735028,1.2215599861065203,0.25870646766169153,0.12935323383084577,80.15790807907428,-6.6105403302157155,13.362917367213283,6.493226443364947,0.009950248756218905,0.004975124378109453,8.942432166339431,0.6543367252828264,5.961305906714872,1.3903154058443494,0.057185548003332635,0.057185548003332635,0.04927884655721285,0.0469644906298279,0.054092252879673654,-0.12257939040838417,0.16808421985639566,0.07947855762856311,-0.16845512369289029,0.19100721063782103,-0.16845512369289029,0.19100721063782103,-0.1397191260373066,0.1438969139907614,200,-0.04914678032693627,0.009570383420522893,-4.302873968782262,0.1794784391638571,-0.020432408798951203,6.607081513496874,0.03919597989949749,0.07939698492462312,0.229489808093712,1941.0,,,0.9944656245150902,,0.00027424541742591935,0.1651,transferred,0.9944656245150902,unselected,1.0,0.19774823332135585,True,-0.148469386764143,-0.0296640134649602,0.05,-0.0007211534427871494,3.4932264433649474,0.00027424541742591935,0.24919993331688076,0.7508000666831193
none,pinned_sig&ptm,pinned_sig&ptm,primary,miss0,True,79,79,False,79.0,993.0,0.07955689828801611,99.0,0.0,1.3419822101729082,0.08179740553309603,0.5250913958673465,2.39993421061154,0.03980099502487562,0.01990049751243781,4.3021424423644525,0.3892875847601261,1.9818023002379608,1.9743921263662367,0.06965174129353234,0.03482587064676617,16.01402435104903,-0.4478306677550914,1.779783680629784,9.249357210073432,0.009950248756218905,0.004975124378109453,2.3577089595408025,0.1731066222824687,1.0951337742284397,1.994826923128604,0.08380043521571134,0.08380043521571134,0.07655181042478643,0.07110833838510806,0.07732090936006346,-0.0508912393831026,0.1919337394953518,0.07085030778001604,-0.04622177770366334,0.20752937337996055,-0.04622177770366334,0.20752937337996055,-0.0536269595749129,0.1610271404713086,200,-0.1540833025465103,0.012959610971178325,-7.140502319289599,0.1879695656758559,-0.018309226854768365,6.231849302206554,0.02531645569620253,0.189873417721519,0.28734677386933377,2808.0,,,0.9963309577181944,,0.0002819061547987695,0.1651,transferred,0.9963309577181944,table,0.4,0.07909929332854235,True,-0.002547482903755921,0.11283444616680946,0.1,-0.02344818957521358,6.249357210073432,0.0002819061547987695,0.96779386014013,0.032206139859869976
none,pinned_sig&ptm|depthT1,pinned_sig&ptm,depth,depthT1,True,26,79,False,26.0,540.0,0.04814814814814815,99.0,0.0,0.4482401356358075,0.02094657308951554,0.2034961158434405,2.099762743751973,0.06965174129353234,0.03482587064676617,1.4580769083145178,0.10473561672507296,0.7602196458529923,1.7801977349203464,0.07960199004975124,0.03980099502487562,4.9933112587776325,-0.15719191688471898,0.5684078356747432,9.061281095022757,0.009950248756218905,0.004975124378109453,0.7068167201065012,0.04300138012840585,0.4264267268480691,1.5566926231024096,0.08976811426442843,0.08976811426442843,0.08296151812222546,0.0766061551901443,0.08237359222518646,-0.035014316720469826,0.2413066247795672,0.07886224060614491,-0.028486020133193853,0.252859847172911,-0.028486020133193853,0.252859847172911,-0.0362884465365037,0.19439632922708494,200,-0.14071107755613127,0.013036133863650608,-5.820834127207459,0.17213793483515277,-0.015291627976824946,5.258638770415436,0.038461538461538464,0.23076923076923078,0.28590635255309205,1206.0,,,0.9904456231547272,,0.0008002918981770754,0.1408,transferred,0.9904456231547272,table,0.35,0.05735567970204842,True,0.025605838420177045,0.1839509450775188,0.1,-0.01703848187777454,6.061281095022757,0.0008002918981770754,1.0,-0.44643945557256726
none,pinned_sig&ptm|depthT2,pinned_sig&ptm,depth,depthT2,True,26,79,False,26.0,283.0,0.09187279151943463,99.0,0.0,0.5810194104723988,0.039380271544213905,0.18962591085878427,2.856356161851464,0.01990049751243781,0.009950248756218905,1.9395929453901748,0.17051778132207482,0.7499310677749833,2.3589836987509774,0.03980099502487562,0.01990049751243781,5.514087723059873,-0.13222432449613103,0.6552688735040767,8.61678659839605,0.009950248756218905,0.004975124378109453,0.9854834937084661,0.08182205462303789,0.37337258132318896,2.4202672726608827,0.10536999765937347,0.10536999765937347,0.09592794984872159,0.08753125592057688,0.09532554518622269,-0.04883015168694446,0.236367339130403,0.07216761095954177,-0.0400923989746561,0.2530359946545025,-0.0400923989746561,0.2530359946545025,-0.05133710992413964,0.1911788922958976,200,-0.1204822508762273,0.012571551633483866,-4.641886588622554,0.17722654028574672,-0.018623639680720665,4.766502350777405,0.0,0.19230769230769232,0.24133706073871447,2796.0,,,0.99563377611939,,0.00042067968714354343,0.1736,transferred,0.99563377611939,table,0.4,0.084027105517909,True,0.011900844330812593,0.152340233612494,0.1,-0.004072050151278414,5.61678659839605,0.00042067968714354343,1.0,-0.1416310160567904
none,pinned_sig&ptm|depthT3,pinned_sig&ptm,depth,depthT3,True,27,79,False,27.0,170.0,0.1588235294117647,99.0,0.0,0.3127226640647017,0.02147056089936658,0.2111509440786647,1.3793549654072519,0.15920398009950248,0.07960199004975124,0.9044725886597603,0.1140341867129783,0.8020923545839693,0.9854705601286625,0.3482587064676617,0.17412935323383086,5.506625369211528,-0.15841442637424133,0.682502183420869,8.300398054686353,0.009950248756218905,0.004975124378109453,0.6654087457258356,0.04828318753102495,0.45994497937539564,1.341737785751822,0.056790255936637155,0.056790255936637155,0.0514121901477692,0.04889822529120911,0.053738436380929476,-0.12366741797361776,0.18452813746025465,0.11548742780762164,-0.12316992524504765,0.19411332885015462,-0.12316992524504765,0.19411332885015462,-0.13653956596676994,0.1560438968218876,200,-0.1993168282197404,0.01325960902954042,-6.5214215956243535,0.21355997537960109,-0.020912294904833893,5.7846361712957775,0.037037037037037035,0.14814814814814814,0.333039495929274,6218.0,,,0.9985369273938597,,7.532998025741378e-05,0.1857,transferred,0.9985369273938597,table,0.45,0.10262188382659954,True,-0.05120969367883033,0.08190625363365511,0.1,-0.0485878098522308,5.300398054686353,7.532998025741378e-05,0.5009866144597435,0.49901338554025654
none,pinned_sig&ptm|miss<=5,pinned_sig&ptm,miss,miss<=5,True,79,79,False,79.0,996.0,0.07931726907630522,99.0,0.0,1.3419822101729082,0.08179740553309603,0.5250913958673465,2.39993421061154,0.03980099502487562,0.01990049751243781,4.3021424423644525,0.3892875847601261,1.9818023002379608,1.9743921263662367,0.06965174129353234,0.03482587064676617,16.01402435104903,-0.4478306677550914,1.779783680629784,9.249357210073432,0.009950248756218905,0.004975124378109453,2.3577089595408025,0.1731066222824687,1.0951337742284397,1.994826923128604,0.08380043521571134,0.08380043521571134,0.07655181042478643,0.07110833838510806,0.07732090936006346,-0.0508912393831026,0.1919337394953518,0.07085030778001604,-0.04622177770366334,0.20752937337996055,-0.04622177770366334,0.20752937337996055,-0.0536269595749129,0.1610271404713086,200,-0.1540833025465103,0.012959610971178325,-7.140502319289599,0.1879695656758559,-0.018309226854768365,6.231849302206554,0.02531645569620253,0.189873417721519,0.28734677386933377,2808.0,,,0.9963309577181944,,0.0002819061547987695,0.1651,transferred,0.9963309577181944,table,0.4,0.07909929332854235,True,-0.002547482903755921,0.11283444616680946,0.1,-0.02344818957521358,6.249357210073432,0.0002819061547987695,0.96779386014013,0.032206139859869976
none,secretion,secretion,primary,miss0,False,1511,1511,False,,1513.0,,99.0,0.0,3.1941356925243154,0.4553694648467247,4.3042376968651785,0.6362953025740802,0.5373134328358209,0.26865671641791045,7.233840751706699,1.4232176469818751,17.983868954408152,0.3231019487216927,0.7263681592039801,0.36318407960199006,122.6646197133325,-10.122164774916063,20.271072264294876,6.550555528438275,0.009950248756218905,0.004975124378109453,8.307506587862761,1.0619196637482398,9.457138697223591,0.7661500117621904,0.026039584192972823,0.026039584192972823,0.020625292179734703,0.020208486246392703,0.025378732550025495,-0.1741908837902419,0.1397866369104557,0.09641524147648455,-0.2006082481223672,0.15556605539491922,-0.2006082481223672,0.15556605539491922,-0.21093648074271545,0.12264280165395304,200,-0.06430675106123529,0.010386326167206836,-5.610803741395309,0.1600192174230019,-0.020075491828716163,6.91296274623569,0.04963600264725347,0.05559232296492389,0.26768401360170924,1896.0,,,0.9954879802155715,,9.348352589292843e-05,0.1651,transferred,0.9954879802155715,unselected,1.0,0.19774823332135585,True,-0.17712294114162114,-0.05796159641090015,0.05,-0.0293747078202653,3.5505555284382746,9.348352589292843e-05,0.10430076584409753,0.8956992341559025
none,secretion|depthT1,secretion,depth,depthT1,False,504,1511,False,,506.0,,99.0,0.0,1.6231184936157206,0.23525347863902923,1.384571215712083,1.0023789309117728,0.3482587064676617,0.17412935323383086,6.511291689200843,0.8109758590372561,5.707256895512054,0.9987838176070319,0.3880597014925373,0.19402985074626866,36.97586678943475,-3.304985264993866,6.624462747278277,6.080621718490059,0.009950248756218905,0.004975124378109453,4.191445762627065,0.5448103973949753,3.1508318377967366,1.1573563912512865,0.04389669897013747,0.04389669897013747,0.03445470848286351,0.033307121327133746,0.04205080733892924,-0.20136616768094795,0.14785139048761256,0.3343815261167098,-0.22830371299307692,0.1725721559807939,-0.22830371299307692,0.1725721559807939,-0.24187870099912023,0.1288362952455533,200,-0.04795550922057246,0.010496812013369192,-4.942181621907167,0.16734555198236883,-0.020536489751451246,7.13144445299609,0.03968253968253968,0.05357142857142857,0.2580292578105527,523.0,,,0.986657756251234,,0.0004659195308185329,0.1408,transferred,0.986657756251234,unselected,1.0,0.1638733705772812,True,-0.1294186620944177,-0.016021980089668653,0.05,-0.015545291517136496,3.0806217184900593,0.0004659195308185329,0.21025202790111025,0.7897479720988898
none,secretion|depthT2,secretion,depth,depthT2,False,503,1511,False,,503.0,,99.0,0.0,1.2168258332611008,0.12481818401913967,1.5453599629219135,0.7066364312798882,0.5373134328358209,0.26865671641791045,2.123222046894419,0.5735655022432091,6.521533582767515,0.2376214927031916,0.8756218905472637,0.43781094527363185,38.51616817220342,-3.4438695869636753,6.519794115551271,6.435791838745698,0.009950248756218905,0.004975124378109453,3.3552215744172598,0.26735502756680724,3.4039612726894326,0.907139153322612,0.03159259840752453,0.03159259840752453,0.026024944388983257,0.025364826197750573,0.030625072781923994,-0.1931869805008233,0.16624483432121148,0.11234960154484873,-0.22760359424886048,0.19218092110472385,-0.22760359424886048,0.19218092110472385,-0.23960052946704796,0.14254345582058453,200,-0.06467770073699568,0.010988631668633168,-5.231652640658583,0.16703303593161975,-0.01938246699799302,6.309223996810478,0.05168986083499006,0.05765407554671968,0.2698936680740815,1896.0,,,0.994664019154271,,0.00013961358016031483,0.1736,transferred,0.994664019154271,unselected,1.0,0.21006776379477252,True,-0.18404281940578926,-0.043822929473561034,0.05,-0.023975055611016746,3.435791838745698,0.00013961358016031483,0.12388832974110464,0.8761116702588954
none,secretion|depthT3,secretion,depth,depthT3,False,504,1511,False,,504.0,,99.0,0.0,0.35419136564749387,0.09529780218855625,1.7173470204591141,0.15075203809986243,0.8756218905472637,0.43781094527363185,-1.4006729843885637,0.038676285701411434,7.539669855846009,-0.1909034875013727,0.9154228855721394,0.5472636815920398,47.17258475169434,-3.373309922958523,8.178429598232967,6.18039124351866,0.009950248756218905,0.004975124378109453,0.7608392508184356,0.24975423878645742,3.669318434586353,0.13928608845026377,0.007508415481404632,0.007508415481404632,0.005121950360664294,0.005095849671600946,0.00745245932046829,-0.21223080392871868,0.129335562219251,0.09464914662942107,-0.23633860793493972,0.14450522782976025,-0.23633860793493972,0.14450522782976025,-0.2694088063952594,0.11452165540676687,200,-0.08028777923739919,0.009674729870216215,-5.150893388157392,0.14569298066158182,-0.02030614368743692,6.393590891954156,0.057539682539682536,0.05555555555555555,0.27513349915555785,5581.0,,,0.998652335008888,,6.911988231840046e-06,0.1857,transferred,0.998652335008888,unselected,1.0,0.22804863072577675,True,-0.22292668036511246,-0.09871306850652575,0.05,-0.04487804963933571,3.1803912435186596,6.911988231840046e-06,0.022459904031712087,0.977540095968288
none,secretion|miss5-20,secretion,miss,miss5-20,False,66,1511,False,,66.0,,90.0,0.09090909090909094,0.15148427062044745,-0.01903934919365226,0.2185839933070366,0.7801285777342886,0.4577114427860697,0.22885572139303484,0.3334899482599367,-0.06268391754301066,0.9540967688940704,0.4152344696253059,0.6965174129353234,0.3482587064676617,2.8484169132451,-0.6104929998994638,0.8310656406717951,4.162017708190343,0.009950248756218905,0.004975124378109453,0.2123052961071949,-0.033639935853114054,0.40714946784851647,0.6040662002088507,0.05318191656426686,0.05318191656426686,0.04929981528749135,0.046983535657998746,0.05049642016049714,-0.2754495263967723,1.166967389884821,4.132397813614592,-1.0720273793739814,1.4588250134463516,-1.0720273793739814,1.4588250134463516,-0.380713397340022,0.5384424329142,200,-0.029497493030114574,0.00820370303043539,-2.23535994427963,0.17665958796677184,-0.01938269920957109,6.875398365333385,0.030303030303030304,0.07575757575757576,0.20265441277529264,733.0,,,0.9921719651304305,,0.00038896550869897375,0.1651,transferred,0.9921719651304305,unselected,1.0,0.19774823332135585,True,-0.1484484180338645,0.9692191565634651,0.1,-0.05070018471250866,1.1620177081903433,0.00038896550869897375,0.24930597082693234,0.7506940291730677
none,secretion|miss20+,secretion,miss,miss20+,False,62,1511,False,,62.0,,62.0,0.3737373737373737,-0.16531242389872508,-0.012570715658202954,0.4189245301070681,-0.36460435535127206,0.746268656716418,0.6318407960199005,-0.09089864651660161,-0.05624376626325359,0.9963929914260777,-0.034780333213452815,0.9651741293532339,0.5223880597014925,2.5050045207595026,-0.9297486521653091,1.3102350122063229,2.6214786972765927,0.009950248756218905,0.004975124378109453,0.13406839829552214,-0.030761439574939445,0.5132015728819603,0.32117952590214194,-0.06599286449535162,-0.06599286449535162,-0.04446948603018751,-0.04653905383454077,-0.070655632046853,-1.7716926140500502,1.4876738063222044,8.026548795485336,-2.162805001487468,4.773465893773503,-2.162805001487468,4.773465893773503,-2.1432072841961647,0.6190817476569721,200,-0.033620958843404596,0.0077921905269839374,-2.2915179793158313,0.12004987937673371,-0.0156814517021285,5.5798177510312,0.03225806451612903,0.03225806451612903,0.24616545194079467,314.0,,,0.9912570510083929,,-0.0003922236393167629,0.1651,transferred,0.9912570510083929,unselected,1.0,0.19774823332135585,True,-0.24221771935154335,1.2899255730008485,0.1,-0.0555305139698125,-0.37852130272340734,0.0,0.0,1.0
none,secretion|miss<=5,secretion,miss,miss<=5,False,1514,1511,False,,1516.0,,99.0,0.0,3.1901767137267796,0.45553429622648595,4.305493729236245,0.6351518755981079,0.5373134328358209,0.26865671641791045,7.1061841294626555,1.4455051356478854,17.997620937370176,0.31452373697131064,0.7263681592039801,0.36318407960199006,122.68499266957795,-10.159474035846142,20.298500804353086,6.544545727088136,0.009950248756218905,0.004975124378109453,8.300831109874743,1.062149573956351,9.458929783589973,0.7652748991198322,0.026002990621018667,0.026002990621018667,0.0205852941061085,0.020170086934417738,0.02534397156608636,-0.17123012071830193,0.1392112684308397,0.09628615922675009,-0.20126792913304747,0.15591588426358016,-0.20126792913304747,0.15591588426358016,-0.206613587295181,0.12219963588101201,200,-0.06425522669368376,0.010387374414170808,-5.616009071694956,0.16005745771429494,-0.020122566930784597,6.912637750564939,0.04953764861294584,0.05548216644649934,0.26723044190381395,1900.0,,,0.9954917707187131,,9.32234985589688e-05,0.1651,transferred,0.9954917707187131,unselected,1.0,0.19774823332135585,True,-0.17716293921524734,-0.05853696489051616,0.05,-0.029414705893891502,3.5445457270881358,9.32234985589688e-05,0.10409849817801325,0.8959015018219867
none,pinned_sig&secretion,pinned_sig&secretion,primary,miss0,True,98,98,False,98.0,1513.0,0.06477197620621282,99.0,0.0,-0.515785693390819,0.01871848192997464,0.46312853794705733,-1.1541162582857194,0.22885572139303484,0.8905472636815921,-1.516713883819785,0.07152009102472358,1.939816924318337,-0.8187545715957825,0.3880597014925373,0.8109452736318408,20.794081724887143,-0.693535011783403,2.0360603157433896,10.553526617321827,0.009950248756218905,0.004975124378109453,-0.9417082427814182,0.03897858187450396,0.9205346517971426,-1.0653448218829629,-0.024804446775522057,-0.024804446775522057,-0.0248749864571353,-0.025509535815062795,-0.025435356727690473,-0.12062325878157293,0.05423797474604934,0.04973111111744635,-0.12426160725503019,0.05816719250407089,-0.12426160725503019,0.05816719250407089,-0.1371698393750757,0.05144624175111863,200,-0.18746498748051957,0.009924406532776578,-8.892756495337876,0.13908431663846385,-0.021330584848168476,5.505028351957147,0.08163265306122448,0.05102040816326531,0.24513609965072986,2374.5,,,0.99620599779966,,-9.473517882872446e-05,0.1651,transferred,0.99620599779966,table,0.4,0.07909929332854235,True,-0.10397427978567765,-0.024861318582493006,0.1,-0.0751250135428647,7.553526617321827,0.0,0.0,1.0
none,pinned_sig&secretion|depthT1,pinned_sig&secretion,depth,depthT1,True,33,98,False,33.0,715.0,0.046153846153846156,99.0,0.0,-0.049891445987472846,0.024774604090664357,0.17857511621657607,-0.4181212458939808,0.6865671641791045,0.6616915422885572,0.15168871201221665,0.0347778075549587,0.7685835056866258,0.15211216945491668,0.9353233830845771,0.46766169154228854,6.949182280368718,-0.21725992517413034,0.7995682902954583,8.962889464881966,0.009950248756218905,0.004975124378109453,-0.1554203278466264,0.05734176649255276,0.3589319547686491,-0.5927644265507532,-0.007179470040441312,-0.007179470040441312,-0.010418844935411203,-0.010528540162763283,-0.0072313875708571,-0.12548346126046706,0.08354380083294684,0.06406888491902309,-0.12601656230668584,0.09309311607869714,-0.12601656230668584,0.09309311607869714,-0.14348920930032208,0.07709855654150238,200,-0.16197666745434122,0.009808671180478793,-7.5021182571982,0.13627439870940677,-0.01616781773010629,4.325783192455753,0.030303030303030304,0.06060606060606061,0.2361720348912196,832.0,,,0.990537868560421,,-9.952621031109927e-05,0.1408,transferred,0.990537868560421,table,0.35,0.05735567970204842,True,-0.06777452463745962,0.02618812113089842,0.1,-0.0895811550645888,5.962889464881966,0.0,0.0,1.0
none,pinned_sig&secretion|depthT2,pinned_sig&secretion,depth,depthT2,True,32,98,False,32.0,428.0,0.07476635514018691,99.0,0.0,-0.15288669003987265,0.00518098907158562,0.1867913226531121,-0.8462260284167689,0.39800995024875624,0.8059701492537313,-0.4975942342961701,0.05198409962532136,0.7836125965459201,-0.7013393306130778,0.46766169154228854,0.7711442786069652,6.770056695480716,-0.23995939787080317,0.6019977230905368,11.644589048216806,0.009950248756218905,0.004975124378109453,-0.19215106571658036,0.004457671254221673,0.38341285058610947,-0.5127859868813821,-0.02258277838971875,-0.02258277838971875,-0.022548832557085535,-0.02306901184237671,-0.023104543167874553,-0.14688222120093733,0.07165124364812056,0.060610286597831985,-0.1523841477258642,0.07508334660118036,-0.1523841477258642,0.07508334660118036,-0.17217114804592487,0.06686057818144857,200,-0.19879391247789496,0.010720143822618999,-7.829673453147111,0.14793990479797609,-0.02388822629402657,4.947704822267292,0.0625,0.0625,0.25541460864896565,2374.5,,,0.9962472355878518,,-8.493921321225866e-05,0.1736,transferred,0.9962472355878518,table,0.4,0.084027105517909,True,-0.10657593807499453,-0.012375861869788438,0.1,-0.07745116744291447,8.644589048216806,0.0,0.0,1.0
none,pinned_sig&secretion|depthT3,pinned_sig&secretion,depth,depthT3,True,33,98,False,33.0,370.0,0.0891891891891892,99.0,0.0,-0.3130075573634734,-0.011237111232275316,0.21202644043935984,-1.4232679919819022,0.14925373134328357,0.9303482587064676,-1.170808361535832,-0.015241816155556634,0.892781087549733,-1.294344785631342,0.21890547263681592,0.8955223880597015,7.074842749037707,-0.23631568873846956,0.8391395532106831,8.712684808864635,0.009950248756218905,0.004975124378109453,-0.5941368492182114,-0.022820855872270486,0.41851036972346006,-1.3651178911610973,-0.0442423342067988,-0.0442423342067988,-0.04127532575029069,-0.04305232446697218,-0.04629032629320452,-0.18322615663750447,0.07114237061764103,0.06417529347661263,-0.19315144662486727,0.07185621975002772,-0.19315144662486727,0.07185621975002772,-0.22432942169380088,0.06641718688525274,200,-0.2019676832668186,0.00926851784643929,-6.475187133611235,0.1333069975643576,-0.024013214806610686,4.55374185517894,0.15151515151515152,0.030303030303030304,0.24413312538164794,6990.0,,,0.9984877862943509,,-6.251164426994992e-05,0.1857,transferred,0.9984877862943509,table,0.4,0.0912194522903107,True,-0.1324947780406014,-0.020077081672669667,0.1,-0.05872467424970931,5.712684808864635,0.0,0.0,1.0
none,pinned_sig&secretion|miss<=5,pinned_sig&secretion,miss,miss<=5,True,98,98,False,98.0,1516.0,0.06464379947229551,99.0,0.0,-0.515785693390819,0.01871848192997464,0.46312853794705733,-1.1541162582857194,0.22885572139303484,0.8905472636815921,-1.516713883819785,0.07152009102472358,1.939816924318337,-0.8187545715957825,0.3880597014925373,0.8109452736318408,20.794081724887143,-0.693535011783403,2.0360603157433896,10.553526617321827,0.009950248756218905,0.004975124378109453,-0.9417082427814182,0.03897858187450396,0.9205346517971426,-1.0653448218829629,-0.024804446775522057,-0.024804446775522057,-0.0248749864571353,-0.025509535815062795,-0.025435356727690473,-0.12062325878157293,0.05423797474604934,0.04973111111744635,-0.12426160725503019,0.05816719250407089,-0.12426160725503019,0.05816719250407089,-0.1371698393750757,0.05144624175111863,200,-0.18746498748051957,0.009924406532776578,-8.892756495337876,0.13908431663846385,-0.021330584848168476,5.505028351957147,0.08163265306122448,0.05102040816326531,0.24513609965072986,2374.5,,,0.99620599779966,,-9.473517882872446e-05,0.1651,transferred,0.99620599779966,table,0.4,0.07909929332854235,True,-0.10397427978567765,-0.024861318582493006,0.1,-0.0751250135428647,7.553526617321827,0.0,0.0,1.0
none,splicing,splicing,primary,miss0,False,230,230,False,,230.0,,99.0,0.0,6.032750447068391,0.20857110036982857,2.1265184370721903,2.738833223904395,0.01990049751243781,0.009950248756218905,21.04511166685964,0.9050810185344592,8.756033496907245,2.3001317497744753,0.029850746268656716,0.014925373134328358,31.891583989545712,-1.0004562450270365,7.426892304371254,4.428775709486651,0.009950248756218905,0.004975124378109453,10.40482404464056,0.4565656526914955,4.1206187669507095,2.414263234380902,0.18916434031768287,0.18916434031768287,0.17706956774839344,0.15043254247674445,0.15907333738846222,-0.025688366981057743,0.9103546382479322,0.8053764899237308,-0.03962464644172882,0.940154666232761,-0.03962464644172882,0.940154666232761,-0.026380269221848544,0.47647712364721884,200,-0.02359714730675177,0.009170313951468254,-1.0231501463211323,0.2212446827407656,-0.01878932035744245,5.060950145440242,0.021739130434782608,0.16956521739130434,0.21178035768760806,2154.0,,,0.9933923780961912,,0.001177791152972738,0.1651,transferred,0.9933923780961912,unselected,1.0,0.19774823332135585,True,-0.020678665572962412,0.7126064049265763,0.05,0.12706956774839345,1.4287757094866507,0.001177791152972738,0.8954293283654372,0.1045706716345628
none,splicing|depthT1,splicing,depth,depthT1,False,77,230,False,,77.0,,99.0,0.0,1.5084921093449748,0.0609007312610761,0.5499759406515481,2.6320994630582555,0.01990049751243781,0.009950248756218905,5.265899692319776,0.33494629289942784,2.3990883409567476,2.0553446554010186,0.029850746268656716,0.014925373134328358,10.577616446583706,-0.44088981321421244,2.26921328772773,4.855650334584136,0.009950248756218905,0.004975124378109453,2.577892906225764,0.13227678253932684,1.0484727891328318,2.3325508768893766,0.14261172325190316,0.14261172325190316,0.13137818720179661,0.11612225574785945,0.12481206025615284,-0.043868968605930106,0.4280624082360264,0.1546326720412245,-0.03891757905335768,0.49663193574973313,-0.03891757905335768,0.49663193574973313,-0.04588223106018952,0.29975013962689234,200,-0.026621287158959242,0.01117260859758178,-1.463391415242984,0.19635279787504734,-0.019399505083402147,5.070750628237388,0.012987012987012988,0.15584415584415584,0.17655538876181384,895.0,,,0.985455760393605,,0.0019389970717239922,0.1408,transferred,0.985455760393605,unselected,1.0,0.1638733705772812,True,-0.0324951833754846,0.26418903765874524,0.1,0.03137818720179661,1.8556503345841362,0.0019389970717239922,0.8017055287200542,0.19829447127994582
none,splicing|depthT2,splicing,depth,depthT2,False,76,230,False,,76.0,,99.0,0.0,2.0981671593653504,0.08333810281111777,0.6687982688969291,3.0126110521747558,0.009950248756218905,0.004975124378109453,7.695189808972906,0.329221814290252,2.908933897014417,2.5321881677141964,0.01990049751243781,0.009950248756218905,10.956366130121207,-0.41441198859396133,2.5798900836056955,4.4074661129838475,0.009950248756218905,0.004975124378109453,3.528360658378272,0.17412335304166665,1.2664484263480336,2.648538413055618,0.1915021033841755,0.1915021033841755,0.17719359532994708,0.15052205179580744,0.1607232608656416,-0.015002981657315135,0.882732932111096,0.5135237397907864,-0.03837751090645516,0.9118284000428253,-0.03837751090645516,0.9118284000428253,-0.015231961481128563,0.46884143283108964,200,-0.01062565404781969,0.009778597297852748,-0.6341456185288489,0.21841222866179846,-0.01913425563729294,5.0803315019241415,0.05263157894736842,0.2236842105263158,0.1950377582344072,2154.0,,,0.9932521958130431,,0.001203790627908578,0.1736,transferred,0.9932521958130431,unselected,1.0,0.21006776379477252,True,-0.03287416846482544,0.6726651683163235,0.1,0.07719359532994707,1.4074661129838475,0.001203790627908578,0.8435068385983195,0.15649316140168046
none,splicing|depthT3,splicing,depth,depthT3,False,77,230,False,,77.0,,99.0,0.0,2.426091178358066,0.06433226629763457,0.9606596690619297,2.4584761785270484,0.029850746268656716,0.014925373134328358,8.084022165566955,0.2409129113447799,3.711878264628406,2.112975883115969,0.04975124378109453,0.024875621890547265,10.35760141284081,-0.1451544432188627,2.702114613974269,3.8868654207869526,0.009950248756218905,0.004975124378109453,4.298570480036525,0.1501655171105022,1.9142771037593946,2.1670869670744572,0.23423291567778673,0.23423291567778673,0.22487040015290757,0.1835870963367518,0.1897801563241864,-0.23565299656215222,1.4730778681119705,1.2217217069388076,-0.35994463476283295,1.416272038736664,-0.35994463476283295,1.416272038736664,-0.07018565218319292,0.6014414615276471,200,-0.03337603976206167,0.00656763574268951,-0.9289623646548877,0.2489322365675425,-0.017838680030591355,4.56145129824484,0.0,0.12987012987012986,0.2635304897100681,5041.0,,,0.9973011047750558,,0.0006085440458234042,0.1857,transferred,0.9973011047750558,unselected,1.0,0.22804863072577675,True,-0.003178230572869173,1.2450292373861938,0.1,0.12487040015290757,0.8868654207869526,0.0006085440458234042,0.9860633648062069,0.013936635193793068
none,splicing|miss<=5,splicing,miss,miss<=5,False,230,230,False,,230.0,,99.0,0.0,6.032750447068391,0.20857110036982857,2.1265184370721903,2.738833223904395,0.01990049751243781,0.009950248756218905,21.04511166685964,0.9050810185344592,8.756033496907245,2.3001317497744753,0.029850746268656716,0.014925373134328358,31.891583989545712,-1.0004562450270365,7.426892304371254,4.428775709486651,0.009950248756218905,0.004975124378109453,10.40482404464056,0.4565656526914955,4.1206187669507095,2.414263234380902,0.18916434031768287,0.18916434031768287,0.17706956774839344,0.15043254247674445,0.15907333738846222,-0.025688366981057743,0.9103546382479322,0.8053764899237308,-0.03962464644172882,0.940154666232761,-0.03962464644172882,0.940154666232761,-0.026380269221848544,0.47647712364721884,200,-0.02359714730675177,0.009170313951468254,-1.0231501463211323,0.2212446827407656,-0.01878932035744245,5.060950145440242,0.021739130434782608,0.16956521739130434,0.21178035768760806,2154.0,,,0.9933923780961912,,0.001177791152972738,0.1651,transferred,0.9933923780961912,unselected,1.0,0.19774823332135585,True,-0.020678665572962412,0.7126064049265763,0.05,0.12706956774839345,1.4287757094866507,0.001177791152972738,0.8954293283654372,0.1045706716345628
none,pinned_sig&splicing,pinned_sig&splicing,primary,miss0,True,43,43,False,43.0,230.0,0.18695652173913044,99.0,0.0,1.1466801676352396,0.05478844211249779,0.45802780957518835,2.3838983194829364,0.03980099502487562,0.01990049751243781,3.720709206353236,0.2401109880562487,1.9296728147022846,1.8037245442740943,0.07960199004975124,0.03980099502487562,10.688673894542296,-0.17497227012759908,1.8707473328426085,5.8071156772211125,0.009950248756218905,0.004975124378109453,1.8569462722973606,0.11240338209025243,0.8703584714084815,2.0043958294379025,0.10727992816964335,0.10727992816964335,0.10050877108587422,0.09132936849444825,0.09688600455982192,-0.05469616623992807,0.28294199151153876,0.12313075028818647,-0.040295355591595035,0.2960052145524224,-0.040295355591595035,0.2960052145524224,-0.05788128539629081,0.22053904462319437,200,-0.09526585423204172,0.010387156053003492,-2.8793237101307,0.1966604758009707,-0.018597869987641333,4.531531883404122,0.0,0.09302325581395349,0.19352710339718085,2264.0,,,0.9947690286376104,,0.0005285231929056272,0.1651,transferred,0.9947690286376104,table,0.45,0.08898670499461013,True,0.011522066091264091,0.19395528651692862,0.1,0.0005087710858742156,2.8071156772211125,0.0005285231929056272,1.0,-0.12948075886124766
none,pinned_sig&splicing|depthT3,pinned_sig&splicing,depth,depthT3,True,15,43,False,15.0,82.0,0.18292682926829268,99.0,0.0,0.30919678952875834,0.015126032044620102,0.18785669862590437,1.5653993689612704,0.12935323383084577,0.06467661691542288,0.9611902491563957,0.06292246024813114,0.7412880653847326,1.2117661552288161,0.27860696517412936,0.13930348258706468,3.517462634131756,-0.03318868723137641,0.6589630737598424,5.3882401954698285,0.009950248756218905,0.004975124378109453,0.5115256430242623,0.0335308259600258,0.3681031313231092,1.2985350473551607,0.08790336151078401,0.08790336151078401,0.08282163774145004,0.07648686990980293,0.08080070769219022,-0.0914841584043854,0.31354711547833836,0.7847246321710595,-0.0858697117883718,0.3241523728312073,-0.0858697117883718,0.3241523728312073,-0.07859451847685321,0.23894250729629254,200,-0.13377395533532635,0.00727581785717272,-3.0405425987697074,0.19557821233939485,-0.01551368220721802,3.8546694364928706,0.0,0.06666666666666667,0.2338189678654425,5000.0,,,0.9980635375628308,,0.0001606921648122561,0.1857,transferred,0.9980635375628308,table,0.45,0.10262188382659954,False,-0.019800246085149492,0.21092523165173882,0.1,-0.017178362258549962,2.3882401954698285,0.0001606921648122561,0.8070562988435682,0.19294370115643178
none,pinned_sig&splicing|miss<=5,pinned_sig&splicing,miss,miss<=5,True,43,43,False,43.0,230.0,0.18695652173913044,99.0,0.0,1.1466801676352396,0.05478844211249779,0.45802780957518835,2.3838983194829364,0.03980099502487562,0.01990049751243781,3.720709206353236,0.2401109880562487,1.9296728147022846,1.8037245442740943,0.07960199004975124,0.03980099502487562,10.688673894542296,-0.17497227012759908,1.8707473328426085,5.8071156772211125,0.009950248756218905,0.004975124378109453,1.8569462722973606,0.11240338209025243,0.8703584714084815,2.0043958294379025,0.10727992816964335,0.10727992816964335,0.10050877108587422,0.09132936849444825,0.09688600455982192,-0.05469616623992807,0.28294199151153876,0.12313075028818647,-0.040295355591595035,0.2960052145524224,-0.040295355591595035,0.2960052145524224,-0.05788128539629081,0.22053904462319437,200,-0.09526585423204172,0.010387156053003492,-2.8793237101307,0.1966604758009707,-0.018597869987641333,4.531531883404122,0.0,0.09302325581395349,0.19352710339718085,2264.0,,,0.9947690286376104,,0.0005285231929056272,0.1651,transferred,0.9947690286376104,table,0.45,0.08898670499461013,True,0.011522066091264091,0.19395528651692862,0.1,0.0005087710858742156,2.8071156772211125,0.0005285231929056272,1.0,-0.12948075886124766
none,translation,translation,primary,miss0,False,1327,1327,False,,1328.0,,99.0,0.0,7.5106120295329335,0.37487019765530555,3.7677222281109737,1.893913988307806,0.05970149253731343,0.029850746268656716,25.265887937790946,1.3938201766680274,16.629049857914467,1.4355641461836857,0.1890547263681592,0.0945273631840796,114.18341570504185,-8.852867212512967,19.98759380574823,6.15563254453224,0.009950248756218905,0.004975124378109453,14.16029951681061,0.8216292566325287,7.577580155916315,1.7602809849215129,0.06577673283950725,0.06577673283950725,0.05799705308603321,0.05481778320352,0.06171717847908057,-0.08281295308799644,0.17301406180229853,0.08117633676326044,-0.09589339653980977,0.20869800441187794,-0.09589339653980977,0.20869800441187794,-0.09029050315940458,0.1474940317430945,200,-0.04190914895423207,0.008334488377166693,-3.831188238254383,0.16698617287976547,-0.020594437585257454,6.318017422604506,0.03617181612660136,0.07912584777694047,0.19846385305719438,1792.0,,,0.9937184021352552,,0.00036661710605730575,0.1651,transferred,0.9937184021352552,unselected,1.0,0.19774823332135585,True,-0.13975118023532265,-0.024734171519057324,0.05,0.007997053086033205,3.1556325445322404,0.00036661710605730575,0.29328733871307766,0.7067126612869223
none,translation|depthT1,translation,depth,depthT1,False,442,1327,False,,443.0,,99.0,0.0,2.489461236187407,0.13329756405674323,1.1206746869393291,2.102451049881009,0.05970149253731343,0.029850746268656716,10.047552295312567,0.5898191266965036,5.243048841928112,1.803861351239676,0.11940298507462686,0.05970149253731343,32.728135657885765,-2.643120114501199,6.360324026632897,5.561234871725901,0.009950248756218905,0.004975124378109453,5.0715130728342555,0.2789849216774771,2.3353331001703754,2.0521818282827136,0.07606486547875138,0.07606486547875138,0.06661238400164558,0.06245228819839281,0.07068799281436385,-0.0888158427678034,0.1993155897944441,0.09656822207120451,-0.0995992037126543,0.22715780816055775,-0.0995992037126543,0.22715780816055775,-0.0974736798812538,0.1661911036323181,200,-0.02595881254137586,0.008206773374293735,-3.1005114805257357,0.16146136303777395,-0.020031334346478653,6.2207536776101025,0.02262443438914027,0.06334841628959276,0.1860893484540904,573.5,,,0.9825834893085421,,0.0011807193086101786,0.1408,transferred,0.9825834893085421,unselected,1.0,0.1638733705772812,True,-0.09726098657563563,0.035442219217162896,0.05,0.01661238400164558,2.561234871725901,0.0011807193086101786,0.40648693419185994,0.59351306580814
none,translation|depthT2,translation,depth,depthT2,False,442,1327,False,,442.0,,99.0,0.0,2.5448582912705406,0.12074810665460532,1.3620288580916333,1.7797788719487235,0.08955223880597014,0.04477611940298507,9.140966760800843,0.5851090732628832,5.731256995614309,1.492841394843243,0.15920398009950248,0.07960199004975124,36.37560065202903,-3.1085809173147423,6.479608270173643,6.0936062680044785,0.009950248756218905,0.004975124378109453,4.588230584964466,0.24728610327943934,2.680470096112041,1.6194713337714397,0.06996058472311684,0.06996058472311684,0.06139446452394136,0.057843211525959976,0.06538613265013044,-0.1218988154330085,0.22978158496491832,0.13001149437207324,-0.2332148675302888,0.23764092113299262,-0.2332148675302888,0.23764092113299262,-0.13906701964889429,0.18684304920737357,200,-0.03847850358864665,0.008971510469796808,-3.282283680314112,0.17943832562614173,-0.020527935320831706,6.017684064625617,0.04751131221719457,0.10180995475113122,0.20169853163837156,1790.0,,,0.9928512096238706,,0.0004420563251392302,0.1736,transferred,0.9928512096238706,unselected,1.0,0.21006776379477252,True,-0.14867329927083117,0.019713821170145807,0.05,0.011394464523941356,3.0936062680044785,0.0004420563251392302,0.29226028503793283,0.7077397149620672
none,translation|depthT3,translation,depth,depthT3,False,443,1327,False,,443.0,,99.0,0.0,2.4762925020749855,0.1208245269439568,1.5581039073031988,1.5117528196228747,0.13930348258706468,0.06965174129353234,6.077368881677535,0.2188919767086397,7.156263759964342,0.8186502204885314,0.4577114427860697,0.22885572139303484,45.07967939512706,-3.101166180697027,8.06662682258016,5.9728615982278885,0.009950248756218905,0.004975124378109453,4.500555859011891,0.2953582316756118,3.1266047456644497,1.3449725722982655,0.054931457705590145,0.054931457705590145,0.048888058044231214,0.04660941429287359,0.05207111543062961,-0.09202260365678448,0.199344059292602,0.08698090664786032,-0.1319927230423003,0.22434481491067837,-0.1319927230423003,0.22434481491067837,-0.10137054953654694,0.1662108714513585,200,-0.061246381338139956,0.007826330964813045,-3.9845200951418396,0.16007446731828,-0.021222621857077784,6.091729617710084,0.03837471783295711,0.07223476297968397,0.20758304741767208,4774.0,,,0.9979024784013457,,0.0001027592975100291,0.1857,transferred,0.9979024784013457,unselected,1.0,0.22804863072577675,True,-0.17916057268154553,-0.028704571433174758,0.05,-0.0011119419557687887,2.9728615982278885,0.0001027592975100291,0.21437558247397673,0.7856244175260233
none,translation|miss5-20,translation,miss,miss5-20,False,79,1327,False,,79.0,,90.0,0.09090909090909094,0.3372843289027502,-0.029581564701450916,0.22416691721035176,1.6365746478992915,0.15920398009950248,0.07960199004975124,0.6188700971796751,-0.09967402785464721,1.0851428300203518,0.6621654819585787,0.46766169154228854,0.23383084577114427,3.3798742397350834,-0.8912037098901222,0.974193181152301,4.384220740052053,0.009950248756218905,0.004975124378109453,0.674306065384932,-0.04821723983897149,0.3883939950619225,1.8602844390236004,0.09979197596688885,0.09979197596688885,0.08589538705009919,0.07910097793438393,0.09073713770202417,-0.4792696943995506,0.8179293186091654,0.6038414729045265,-1.400277283075326,0.7864095639196734,-1.400277283075326,0.7864095639196734,-0.8012596151037731,0.45115887337203,200,-0.01263003221283712,0.00666997637366813,-1.3419226608183377,0.17688372774673056,-0.0219959686919602,6.640742835775698,0.012658227848101266,0.0379746835443038,0.12925537831034323,963.0,,,0.9902404524871927,,0.0008465621748140571,0.1651,transferred,0.9902404524871927,unselected,1.0,0.19774823332135585,True,-0.11185284627125666,0.6201810852878096,0.1,-0.014104612949900813,1.3842207400520534,0.0008465621748140571,0.4343674055004713,0.5656325944995286
none,translation|miss20+,translation,miss,miss20+,False,58,1327,False,,58.0,,63.5,0.35858585858585856,-0.38462504498646605,0.002357274380722317,0.33616593206114664,-1.1511645959912395,0.21890547263681592,0.8955223880597015,-0.7933610303710468,0.02859935080084343,0.9792346215749773,-0.8393906455736512,0.39800995024875624,0.8059701492537313,0.30569152886765716,-0.8066694570647814,1.0756683404497682,1.034111485950519,0.2885572139303483,0.14427860696517414,-0.15270083579363045,0.011064043189033472,0.4423585111972043,-0.37020849568249226,-1.258212965243736,-1.258212965243736,-0.34789274728365244,-0.5334900751900978,,-3.22414964890233,3.125618867004239,4.30104073377213,-2.451823022389548,5.017311925966292,-2.451823022389548,5.017311925966292,-4.551094991115767,0.7821526330681726,200,-0.022252299578282272,0.00759712591064676,-1.5082638881129575,0.13798592103826984,-0.016975540629391717,5.8283418822167015,0.05172413793103448,0.06896551724137931,0.1803987003091484,795.25,,,0.9926179975776503,,-0.002587244145716689,0.1651,transferred,0.9926179975776503,unselected,1.0,0.19774823332135585,True,-0.5456409806050083,2.927870633682883,0.1,0.24789274728365243,-1.965888514049481,0.0,0.0,1.0
none,translation|miss<=5,translation,miss,miss<=5,False,1332,1327,False,,1333.0,,99.0,0.0,7.479211723914122,0.37887685242295077,3.7650294287502843,1.8858643752614612,0.05970149253731343,0.029850746268656716,25.02319627519651,1.4253964618013422,16.61141945592388,1.4205769636970935,0.1890547263681592,0.0945273631840796,114.41796262561766,-8.883739813829003,20.044033873661867,6.151541312323703,0.009950248756218905,0.004975124378109453,14.107582820776342,0.8284111558858891,7.572716407804976,1.7535545964990846,0.0653674611248458,0.0653674611248458,0.0575850513903337,0.05444957009805559,0.061356727617557366,-0.08688470543002298,0.17229417278155423,0.08089430224954255,-0.10039104802877918,0.2071699612913597,-0.10039104802877918,0.2071699612913597,-0.09515196012280719,0.14697096969832887,200,-0.04200774768910177,0.008339027105787553,-3.850916809434716,0.16655823176111317,-0.020625270957638952,6.319059382723292,0.036036036036036036,0.07882882882882883,0.19800476659931154,1787.0,,,0.9937199384808917,,0.000363923124925065,0.1651,transferred,0.9937199384808917,unselected,1.0,0.19774823332135585,True,-0.14016318193102215,-0.02545406053980162,0.05,0.007585051390333698,3.151541312323703,0.000363923124925065,0.2912038728394283,0.7087961271605717
none,pinned_sig&translation,pinned_sig&translation,primary,miss0,True,112,112,False,112.0,1328.0,0.08433734939759036,99.0,0.0,1.8093959895195604,0.08401753982078479,0.6810573881791077,2.533381884765675,0.01990049751243781,0.009950248756218905,5.753089250734885,0.39425348260482584,2.738444719146394,1.9568902489294995,0.05970149253731343,0.029850746268656716,24.641288656542915,-0.6939825247879651,2.739004219755927,9.249810934423648,0.009950248756218905,0.004975124378109453,3.19201968118816,0.17948927277486149,1.396329481852412,2.157463870501958,0.07342943848186761,0.07342943848186761,0.0681018346853211,0.06375968327531703,0.0684063952873489,-0.03371840192280511,0.15765221650330025,0.057412829345093105,-0.03108752380112955,0.16747193376894062,-0.03108752380112955,0.16747193376894062,-0.0348993747601382,0.1361820702464497,200,-0.12814890547455338,0.010315233342288925,-6.878584436367696,0.1724746097594308,-0.020035443154426867,5.891945368689905,0.044642857142857144,0.17857142857142858,0.23167763446348685,2384.0,,,0.99563377611939,,0.00029865183770216885,0.1651,transferred,0.99563377611939,table,0.4,0.07909929332854235,True,-0.010997458643221242,0.0785529231747579,0.05,0.018101834685321103,6.249810934423648,0.00029865183770216885,0.8609664109444971,0.1390335890555029
none,pinned_sig&translation|depthT1,pinned_sig&translation,depth,depthT1,True,37,112,False,37.0,648.0,0.05709876543209876,99.0,0.0,0.8830857965947221,0.027977243201434857,0.2743397547158529,3.1169691548312595,0.009950248756218905,0.004975124378109453,3.0667974422066946,0.11897614850543432,1.1306409844567071,2.6072124876295195,0.009950248756218905,0.004975124378109453,7.95560450373121,-0.20017058840136145,0.9413351629671378,8.664050184235274,0.009950248756218905,0.004975124378109453,1.435644861802287,0.05688943992488001,0.5525773631794343,2.495135547978816,0.11100172163919805,0.11100172163919805,0.10484700028304647,0.09489730275430547,0.09991138580363629,-0.0022932634257707904,0.2225363090441847,0.06472996976193515,0.0016541685011670442,0.23297760255881575,0.0016541685011670442,0.23297760255881575,-0.00231886997074012,0.18202835784010124,200,-0.08507280193251755,0.009972469675554672,-4.157913067917478,0.1685995828467095,-0.017988208266265345,4.931563968690964,0.02702702702702703,0.2702702702702703,0.2181382931958887,839.0,,,0.9871508456057335,,0.0013647309328757172,0.1408,transferred,0.9871508456057335,table,0.4,0.06554934823091249,True,0.03929765205213398,0.1569869608132722,0.1,0.004847000283046465,5.664050184235274,0.0013647309328757172,1.0,-0.5995124759089758
none,pinned_sig&translation|depthT2,pinned_sig&translation,depth,depthT2,True,37,112,False,37.0,406.0,0.09113300492610837,99.0,0.0,0.4304385960919983,0.02497460999375769,0.2189523250617135,1.8518368598458925,0.06965174129353234,0.03482587064676617,1.3722985722596095,0.12037828334467635,0.9579152772711576,1.3069217274426572,0.1791044776119403,0.08955223880597014,8.29318372987383,-0.27649417414386873,0.9940473439310099,8.620995726550085,0.009950248756218905,0.004975124378109453,0.7323136907840989,0.052410215430789935,0.43109460323714216,1.5771560818619175,0.05190269625179845,0.05190269625179845,0.047313795295404054,0.045176331590341345,0.049341727554022996,-0.07036384881252025,0.1477587056027405,0.062008162487649426,-0.06925352754197338,0.15916553893726046,-0.06925352754197338,0.15916553893726046,-0.07568984643922284,0.12873667456089907,200,-0.12640765345387134,0.009737273985333639,-5.379179242262943,0.16937013042159965,-0.022017823644494106,4.880150029062286,0.02702702702702703,0.13513513513513514,0.1978036629810335,2265.0,,,0.9956029409479998,,0.0002089603629435292,0.1736,transferred,0.9956029409479998,table,0.4,0.084027105517909,True,-0.036713310222504944,0.06373160008483149,0.1,-0.05268620470459595,5.620995726550085,0.0002089603629435292,0.5630777711999123,0.4369222288000877
none,pinned_sig&translation|depthT3,pinned_sig&translation,depth,depthT3,True,38,112,False,38.0,274.0,0.1386861313868613,99.0,0.0,0.49587159683284004,0.03106568662559223,0.27208791406294086,1.7082931147751252,0.09950248756218906,0.04975124378109453,1.313993236268581,0.15489905075471527,1.0497877905659418,1.104122372092932,0.29850746268656714,0.14925373134328357,8.392500422937877,-0.21731776224273472,0.9599335495739384,8.969181449072215,0.009950248756218905,0.004975124378109453,1.0240611286017747,0.07018961741919162,0.5811228325859736,1.6414283825983786,0.05908508452112241,0.05908508452112241,0.05398556626982912,0.05122040376785232,0.05578879863824956,-0.07877741462225767,0.18487287101007543,0.0705783738924587,-0.07616481245585315,0.19685400783145532,-0.07616481245585315,0.19685400783145532,-0.08551757652215615,0.1560276004625183,200,-0.17178685694351548,0.01121172681272347,-6.835132021080912,0.1792704447928635,-0.020098590857834456,5.633032544752781,0.07894736842105263,0.13157894736842105,0.2778432284569581,5545.0,,,0.9983706274384403,,8.810615815692805e-05,0.1857,transferred,0.9983706274384403,table,0.45,0.10262188382659954,True,-0.04863631755677041,0.0822509871834759,0.1,-0.04601443373017088,5.969181449072215,8.810615815692805e-05,0.5260629044877863,0.47393709551221375
none,pinned_sig&translation|miss<=5,pinned_sig&translation,miss,miss<=5,True,112,112,False,112.0,1333.0,0.08402100525131283,99.0,0.0,1.8093959895195604,0.08401753982078479,0.6810573881791077,2.533381884765675,0.01990049751243781,0.009950248756218905,5.753089250734885,0.39425348260482584,2.738444719146394,1.9568902489294995,0.05970149253731343,0.029850746268656716,24.641288656542915,-0.6939825247879651,2.739004219755927,9.249810934423648,0.009950248756218905,0.004975124378109453,3.19201968118816,0.17948927277486149,1.396329481852412,2.157463870501958,0.07342943848186761,0.07342943848186761,0.0681018346853211,0.06375968327531703,0.0684063952873489,-0.03371840192280511,0.15765221650330025,0.057412829345093105,-0.03108752380112955,0.16747193376894062,-0.03108752380112955,0.16747193376894062,-0.0348993747601382,0.1361820702464497,200,-0.12814890547455338,0.010315233342288925,-6.878584436367696,0.1724746097594308,-0.020035443154426867,5.891945368689905,0.044642857142857144,0.17857142857142858,0.23167763446348685,2384.0,,,0.99563377611939,,0.00029865183770216885,0.1651,transferred,0.99563377611939,table,0.4,0.07909929332854235,True,-0.010997458643221242,0.0785529231747579,0.05,0.018101834685321103,6.249810934423648,0.00029865183770216885,0.8609664109444971,0.1390335890555029
plex,all,all,primary,miss0,False,9205,9205,False,,9224.0,,99.0,0.0,26.653474231075236,1.7705733539769812,27.516202696557155,0.9042999556116665,0.39800995024875624,0.19900497512437812,76.98642330052314,7.507174608219432,107.01446295603269,0.6492510149852319,0.5472636815920398,0.2736318407960199,670.119902140412,-77.06560845953358,100.33659755016798,7.446789395328611,0.009950248756218905,0.004975124378109453,58.54883603085759,3.8823894882736107,58.42796331236409,0.935621292331028,0.03977418689691515,0.03977418689691515,0.03330217265203492,0.032228880896052706,0.03825271621294674,-0.18131348662637353,0.15410251277094406,0.12747709365138774,-0.21257019742393968,0.17864292018756486,-0.21257019742393968,0.17864292018756486,-0.2062271679796539,0.13357229395798143,200,-0.0642468368163652,0.013022008873986423,-5.927658032685827,0.1732977466953226,-0.022391899390916525,6.59224982643444,0.04584464964693102,0.05985877240630092,0.2890984157793876,1490.0,,,0.9943161614653264,,0.00019036618285379181,0.1651,transferred,0.9943161614653264,unselected,1.0,0.19774823332135585,True,-0.16444606066932094,-0.0436457205504118,0.05,-0.016697827347965086,4.446789395328611,0.00019036618285379181,0.1684069288139549,0.8315930711860451
plex,all|depthT1,all,depth,depthT1,False,3068,9205,False,,3087.0,,99.0,0.0,10.51678427400803,0.5603361502562488,8.359226124224653,1.1910729505089535,0.31840796019900497,0.15920398009950248,37.444167348926904,2.813631630514684,32.50926824891145,1.0652511601694326,0.3383084577114428,0.1691542288557214,191.51981749217242,-24.31659325894424,30.358045514078377,7.109693891559116,0.009950248756218905,0.004975124378109453,24.04725156829837,1.3254121959132028,18.6331173338783,1.21943306454003,0.054912250918565435,0.054912250918565435,0.0461296038472057,0.044095496081519206,0.052053856489722786,-0.1761248989792826,0.17566667677983586,0.9181978224940031,-0.2190921439695829,0.20910478375720692,-0.2190921439695829,0.20910478375720692,-0.21378435036184046,0.14941804335581388,200,-0.046986778419307575,0.012086081049556387,-5.546430803170369,0.15367312066425565,-0.02208209815597495,6.539461250033584,0.040091264667535854,0.05215123859191656,0.28120893486376836,440.0,,,0.984015816453994,,0.0007493213447070149,0.1408,transferred,0.984015816453994,unselected,1.0,0.1638733705772812,True,-0.11774376673007551,0.011793306202554643,0.05,-0.003870396152794303,4.109693891559116,0.0007493213447070149,0.2814954234766984,0.7185045765233016
plex,all|depthT2,all,depth,depthT2,False,3068,9205,False,,3068.0,,99.0,0.0,10.280824994425142,0.5056357759585722,9.367053062828392,1.043571457629273,0.30845771144278605,0.15422885572139303,30.074667702448252,2.0343066855807748,36.68925066205053,0.7642663862271513,0.4577114427860697,0.22885572139303484,225.45134737029292,-26.10929985976388,33.916443145687154,7.417070420665426,0.009950248756218905,0.004975124378109453,22.574308324797407,1.205647346460781,19.34069687487187,1.1048547586772615,0.045601080296669885,0.045601080296669885,0.03885818122230772,0.03740470251347269,0.043612311765909254,-0.17593515046769284,0.1591662789668739,0.10884835906260082,-0.21491885972810698,0.18582313435884654,-0.21491885972810698,0.18582313435884654,-0.21354088498294094,0.13731052602151567,200,-0.06203966179878227,0.012538938199191985,-5.501843526415537,0.17690630902517973,-0.023474985507619558,6.4894687029317035,0.04106910039113429,0.06453715775749674,0.2742097170941371,1490.0,,,0.9934680041094069,,0.00025549034192356523,0.1736,transferred,0.9934680041094069,unselected,1.0,0.21006776379477252,True,-0.1712095825724648,-0.05090148482789861,0.05,-0.011141818777692283,4.417070420665426,0.00025549034192356523,0.18497926821494873,0.8150207317850513
plex,all|depthT3,all,depth,depthT3,False,3069,9205,False,,3069.0,,99.0,0.0,5.855864962642065,0.7046014277621597,11.61173506762684,0.4436256515394904,0.6766169154228856,0.3383084577114428,9.467588249147997,2.659236292123927,44.502649356528046,0.1529875649083207,0.9552238805970149,0.47761194029850745,253.14873727794662,-26.63971534082546,38.17455880831036,7.329186278843489,0.009950248756218905,0.004975124378109453,11.927276137761812,1.351329945899604,24.615140967686614,0.42965206682121876,0.02313211207612137,0.02313211207612137,0.01841127997479867,0.01807843288543924,0.02260911548283056,-0.20654447252682145,0.1659032330388777,0.15286396445318035,-0.2546192845417244,0.18563935719606647,-0.2546192845417244,0.18563935719606647,-0.260340156827638,0.1422957900219842,200,-0.08370772704644577,0.014440545008108506,-5.8019558460940965,0.18930859173778333,-0.021618866475555158,6.294611404157143,0.056370153144346694,0.0628869338546758,0.3118691733601853,4063.0,,,0.9978532616865938,,3.960923077401524e-05,0.1857,transferred,0.9978532616865938,unselected,1.0,0.22804863072577675,True,-0.20963735075097809,-0.062145397686899057,0.05,-0.03158872002520133,4.329186278843489,3.960923077401524e-05,0.08073400798857598,0.919265992011424
plex,all|miss0-5,all,miss,miss0-5,False,44,9205,False,,44.0,,98.0,0.010101010101010055,-0.0514580277039827,0.009499020370011326,0.16107555754734706,-0.3784376040795396,0.6666666666666666,0.6716417910447762,-0.9351250737823522,0.010219163237300629,0.7475672541347725,-1.2645607894018653,0.23880597014925373,0.8855721393034826,0.6915884821863868,-0.4427024633894575,0.5385079051455327,2.10635894986407,0.04975124378109453,0.024875621890547265,-0.06956698631795971,0.019349551347480815,0.3157798246330711,-0.2815776396378695,-0.0744055591286069,-0.0744055591286069,-0.05374022274597989,-0.056792250962975806,-0.08038678263728379,-2.5205090354043462,3.1585474493192374,43.12593213856704,-3.094679872640907,2.858593760355119,-3.094679872640907,2.858593760355119,-2.430212817939052,0.7609110124814625,200,-0.021853778079031036,0.008041812140562064,-1.83443557739075,0.15433011331930827,-0.022591907451807086,4.9936916785576075,0.022727272727272728,0.022727272727272728,0.16801845964299902,512.5,,,0.9931083594733638,,-0.0003729283853607342,0.1651,transferred,0.9931083594733638,unselected,1.0,0.19774823332135585,True,-0.2514884560673357,2.9607992159978815,0.1,-0.04625977725402011,-0.8936410501359302,0.0,0.0,1.0
plex,all|miss5-20,all,miss,miss5-20,False,810,9205,False,,810.0,,90.0,0.09090909090909094,2.548066205477655,-0.065052880469816,1.3185420502881136,1.9818246110364703,0.04975124378109453,0.024875621890547265,7.591769381821658,-0.46612077943845753,5.409703763737082,1.4895252149063403,0.10945273631840796,0.05472636815920398,23.13005498637861,-8.039351084047219,4.69541927800235,6.638258316238533,0.009950248756218905,0.004975124378109453,4.435041222093835,-0.1432046626494986,2.374207232550278,1.9283261469242372,0.11016256584682665,0.11016256584682665,0.08383602433884205,0.07735120669197484,0.09923102186641934,-0.12654758875845692,0.5411279571934369,1.9013742564045282,-0.5165660460086947,1.6281895394637647,-0.5165660460086947,1.6281895394637647,-0.13270820475462947,0.351745181776353,200,-0.009019431530400005,0.007630663339775201,-2.4060530743991793,0.16815597613101418,-0.02196445881294671,8.019770990952942,0.0345679012345679,0.06419753086419754,0.1891209077233324,751.75,,,0.9909890269035346,,0.0007623133448736546,0.1651,transferred,0.9909890269035346,unselected,1.0,0.19774823332135585,True,-0.11391220898251381,0.34337972387208104,0.05,0.033836024338842044,3.6382583162385327,0.0007623133448736546,0.42395334173530724,0.5760466582646928
plex,all|miss20+,all,miss,miss20+,False,705,9205,False,,707.0,,63.0,0.36363636363636365,-0.43777281965504145,-0.33432697158498875,1.6218555749980723,-0.06378240434273912,0.8756218905472637,0.5671641791044776,-3.5454041752343444,-0.9531505846591712,4.537459386573458,-0.5713006706452879,0.5970149253731343,0.7064676616915423,13.652228049671102,-9.310389445185896,5.46798829331717,4.199463543643885,0.009950248756218905,0.004975124378109453,0.652108757345468,-0.4574393946876178,2.06761630464045,0.5366315546762105,-0.03206603479390222,-0.03206603479390222,-0.004504967610648993,-0.004525354184677681,-0.03312832894243416,-1.2344086181141471,1.197081717366292,0.6376867799768647,-2.827172378738107,4.090860932605253,-2.827172378738107,4.090860932605253,-1.4468716394778898,0.5460111803176796,200,-0.013761357951640886,0.0046906058087207965,-2.6457781076215676,0.1367389782208269,-0.018228110379317517,8.461463050951606,0.04113475177304964,0.04397163120567376,0.19913269359476027,540.5,,,0.9896642638552335,,-4.7048436793104243e-05,0.1651,transferred,0.9896642638552335,unselected,1.0,0.19774823332135585,True,-0.20225320093200486,0.9993334840449362,0.05,-0.04549503238935101,1.1994635436438852,0.0,0.0,1.0
plex,all|miss<=5,all,miss,miss<=5,False,9249,9205,False,,9268.0,,99.0,0.0,26.602016203371257,1.7800723743469913,27.564668620554066,0.9004985392973437,0.3880597014925373,0.19402985074626866,76.05129822674081,7.517393771456735,107.17463532296269,0.6394601133818867,0.5572139303482587,0.27860696517412936,670.8114906225984,-77.50831092292304,100.57092379212412,7.440717190708788,0.009950248756218905,0.004975124378109453,58.479269044539635,3.9017390396210914,58.52579470765226,0.9325380420299106,0.03965647067059212,0.03965647067059212,0.033170235209276776,0.03210529502193594,0.03814382133842073,-0.18284091084304696,0.1546459206797474,0.14987266992419468,-0.21309756028784232,0.17831221886163257,-0.21309756028784232,0.17831221886163257,-0.20645510208533913,0.13396760036524122,200,-0.06404516154504478,0.012998316728211674,-5.932089894345506,0.17320751252205582,-0.022392850883475632,6.594496351211557,0.04573467401881284,0.05968212779759974,0.2885224056085582,1485.0,,,0.9943156813787508,,0.00018962809216672259,0.1651,transferred,0.9943156813787508,unselected,1.0,0.19774823332135585,True,-0.16457799811207907,-0.043102312641608465,0.05,-0.016829764790723227,4.440717190708788,0.00018962809216672259,0.16773972971668794,0.8322602702833121
plex,pinned_sig,pinned_sig,primary,miss0,True,684,684,False,684.0,9224.0,0.07415437987857762,99.0,0.0,5.566842295725021,0.2384182350086241,3.4385510639945154,1.5496131834454838,0.13930348258706468,0.06965174129353234,17.89484964133571,1.2151928856909588,13.351183336000421,1.2493017537006896,0.23880597014925373,0.11940298507462686,139.31601945885012,-4.2013560187322625,13.300840829774149,10.790097958041601,0.009950248756218905,0.004975124378109453,10.096319354285718,0.41006769561587075,6.992177154473166,1.3852983762679953,0.039958378924035386,0.039958378924035386,0.03712737947572559,0.0357982830368375,0.03842305589708045,-0.04498054070591716,0.11119572183518465,0.051344467806246526,-0.04444330621136253,0.11603237089178041,-0.04444330621136253,0.11603237089178041,-0.04709994779360742,0.10006847506363326,200,-0.1761248064496327,0.012355897747069031,-9.690479493907628,0.1754446202268557,-0.022499732544293112,6.329267224053869,0.049707602339181284,0.08771929824561403,0.29098531270094974,2085.5,,,0.9955308657008657,,0.00016667212516321714,0.1651,transferred,0.9955308657008657,table,0.4,0.07909929332854235,True,-0.041971913852816754,0.03209642850664231,0.05,-0.01287262052427441,7.790097958041601,0.00016667212516321714,0.4693768795318488,0.5306231204681512
plex,pinned_sig|depthT1,pinned_sig,depth,depthT1,True,228,684,False,228.0,4253.0,0.053609217023277686,99.0,0.0,1.9582571770102946,0.04901079618820811,0.9543511198863858,2.000570168607734,0.03980099502487562,0.01990049751243781,6.882843354131033,0.40043215701577095,3.9269188790149503,1.6507626963614144,0.07960199004975124,0.03980099502487562,48.44986359410508,-1.001648822080993,4.244059800654893,11.651935820639311,0.009950248756218905,0.004975124378109453,3.330243623495109,0.06677393020426649,1.9208442770165581,1.6989767116153949,0.04041821858191066,0.04041821858191066,0.03860845275577794,0.037173251048878635,0.038848049620854065,-0.035221234645633745,0.10007656018279687,0.03817160152229678,-0.03480745845423962,0.10346187260965385,-0.03480745845423962,0.10346187260965385,-0.03650754191757554,0.09097218565385491,200,-0.15665515953252657,0.009965368946338348,-9.763192052423202,0.15847955241421222,-0.02214757064010393,5.9136336787970745,0.05701754385964912,0.09649122807017543,0.261009332783153,656.5,,,0.987536470756983,,0.00048727069247419473,0.1408,transferred,0.987536470756983,table,0.4,0.06554934823091249,True,-0.02694089547513455,0.03452721195188438,0.05,-0.011391547244222061,8.651935820639311,0.00048727069247419473,0.5889982707344532,0.4110017292655468
plex,pinned_sig|depthT2,pinned_sig,depth,depthT2,True,228,684,False,228.0,2788.0,0.08177905308464849,99.0,0.0,1.949352901257165,0.05777069472897875,1.2815066308794456,1.47606119308963,0.13930348258706468,0.06965174129353234,5.6808438374748285,0.29452512259595737,5.0059012305421975,1.0759938054741582,0.30845771144278605,0.15422885572139303,45.935970803167336,-1.5958268735900725,4.6564479715003495,10.207737306993304,0.009950248756218905,0.004975124378109453,3.5625023239992406,0.1054868395626484,2.5813201985855336,1.339243185068984,0.0424363057354337,0.0424363057354337,0.039796142771455746,0.03827302404237022,0.040708775684376315,-0.059953013688322225,0.12409256620446406,0.05658040093774094,-0.06084407470304456,0.1303047960657287,-0.06084407470304456,0.1303047960657287,-0.06378084252446918,0.1103935429442661,200,-0.17843982434807795,0.011900866130014334,-9.024115919804029,0.1765113002999143,-0.02399401644584767,6.137189638557158,0.05263157894736842,0.08771929824561403,0.28872244865288055,2085.5,,,0.9952227272309314,,0.0001910296298246879,0.1736,transferred,0.9952227272309314,table,0.4,0.084027105517909,True,-0.04423096274645325,0.04006546068655506,0.05,-0.010203857228544257,7.2077373069933035,0.0001910296298246879,0.47361077745292374,0.5263892225470763
plex,pinned_sig|depthT3,pinned_sig,depth,depthT3,True,228,684,False,228.0,2183.0,0.10444342647732478,99.0,0.0,1.6592322174575613,0.13163674409143686,1.3570340905154605,1.125686881444428,0.27860696517412936,0.13930348258706468,5.331162449729849,0.5202356060792296,5.023936021360059,0.9576011364786897,0.3582089552238806,0.1791044776119403,44.930185061577696,-1.6038803230611975,4.633360170505645,10.043265291754897,0.009950248756218905,0.004975124378109453,3.2035734067913673,0.23780692584895533,2.8337103239419856,1.0466018547784104,0.036929120482890314,0.036929120482890314,0.032827466518117514,0.03178407583290357,0.035613929393450434,-0.05428312546808867,0.13540627212423004,0.0716600310307573,-0.05323014895118732,0.14290546032699325,-0.05323014895118732,0.14290546032699325,-0.05740189129370321,0.11925798922088708,200,-0.19327943546829357,0.015201458164854423,-8.769690278002894,0.1913430079664406,-0.02135761054692772,6.232420891165859,0.039473684210526314,0.07894736842105263,0.3232241566668157,5010.5,,,0.9983067457336521,,5.567952733239984e-05,0.1857,transferred,0.9983067457336521,table,0.45,0.10262188382659954,True,-0.06979441730848202,0.0327843882976305,0.05,-0.01717253348188249,7.0432652917548975,5.567952733239984e-05,0.31988758434396086,0.6801124156560392
plex,pinned_sig|miss<=5,pinned_sig,miss,miss<=5,True,685,684,False,685.0,9268.0,0.0739102287440656,99.0,0.0,5.5549116595773995,0.236735502460147,3.4411627169637247,1.5454590772184384,0.13930348258706468,0.06965174129353234,17.77670328581459,1.2003407426040322,13.376859281124394,1.2391819480826016,0.24875621890547264,0.12437810945273632,139.49326004096463,-4.210451559114814,13.308963405748177,10.797513466602021,0.009950248756218905,0.004975124378109453,10.075123371919052,0.40740315499936897,6.996480665729317,1.3817976035115527,0.03982207927426818,0.03982207927426818,0.03700792483298889,0.03568721506053008,0.038297012602445925,-0.04485875836385863,0.11092070924323957,0.051245972240370634,-0.04435624407957563,0.11573695247510658,-0.04435624407957563,0.11573695247510658,-0.04696648946340466,0.09984569099072309,200,-0.17612119808002147,0.01232154156133451,-9.70016467766213,0.17542260556751302,-0.022530091098430835,6.331810571439803,0.049635036496350364,0.08759124087591241,0.2906075034240149,2083.0,,,0.9955223201375423,,0.00016645497185148903,0.1651,transferred,0.9955223201375423,table,0.4,0.07909929332854235,True,-0.042091368495553456,0.031821415914697226,0.05,-0.012992075167011112,7.797513466602021,0.00016645497185148903,0.46786669356545163,0.5321333064345484
plex,ecm,ecm,primary,miss0,False,202,202,False,,202.0,,99.0,0.0,0.39996575328920175,-0.06758611810989879,1.1741645903738605,0.39819960100332225,0.7064676616915423,0.35323383084577115,1.9757240231908504,-0.24738570086821615,4.204070676204202,0.5287993222003304,0.6268656716417911,0.31343283582089554,12.11233577479419,-1.7768177738200388,2.4732384032457206,5.615776275504612,0.009950248756218905,0.004975124378109453,1.0719891802218093,-0.15721574490340703,2.701973624527074,0.45492854333112304,0.03302135613855189,0.03302135613855189,0.033663093273653806,0.03256679424147901,0.0319658020062491,-1.1690548883131657,0.36920211926607166,3.608454050090189,-0.8692220849310517,0.9977817371586908,-0.8692220849310517,0.9977817371586908,-0.718103724744173,0.271410574445797,200,-0.061806093727826215,0.017176112947336647,-4.064234375258852,0.2043323012563829,-0.015628167218678865,5.806476852021241,0.039603960396039604,0.06930693069306931,0.39695469789822824,2707.5,,,0.9985079772090023,,5.030115284623268e-05,0.1651,transferred,0.9985079772090023,unselected,1.0,0.19774823332135585,True,-0.16408514004770205,0.1714538859447158,0.05,-0.016336906726346197,2.6157762755046123,5.030115284623268e-05,0.1702320810065025,0.8297679189934974
plex,ecm|depthT1,ecm,depth,depthT1,False,67,202,False,,67.0,,99.0,0.0,0.29961894561243985,0.019189075208543273,0.3560894510751446,0.7875264756009809,0.46766169154228854,0.23383084577114427,1.6628634982369945,0.08369733986184034,1.322363292440194,1.1941999353756068,0.25870646766169153,0.12935323383084577,3.993892324521779,-0.6821195750198775,1.210203614064635,3.8638224553276848,0.009950248756218905,0.004975124378109453,0.620669862726638,0.028072224712527873,0.7848902029866685,0.755007051634935,0.07501928476459756,0.07501928476459756,0.059972018127538204,0.05657886916060291,0.06978412929682923,-2.271196931670766,0.6709365540870539,1.8334301955881018,-0.8641010032417796,1.153208171160299,-0.8641010032417796,1.153208171160299,-0.8708665009934523,0.4063562751570661,200,-0.012974679548490615,0.01640251361634395,-1.6823925969222018,0.13582805411648324,-0.019251782322353524,4.701788701229353,0.0,0.07462686567164178,0.3147899505015217,508.0,,,0.9937987154049469,,0.00037422422305809325,0.1408,transferred,0.9937987154049469,unselected,1.0,0.1638733705772812,True,-0.10390135244974301,0.5070631835097726,0.1,-0.0400279818724618,0.8638224553276848,0.00037422422305809325,0.365965610619182,0.634034389380818
plex,ecm|depthT2,ecm,depth,depthT2,False,67,202,False,,67.0,,99.0,0.0,0.3727236428047906,-0.07103503436838313,0.45071610885110364,0.9845636054684961,0.3383084577114428,0.1691542288557214,1.4830270929408587,-0.2653553738797141,1.591356301983504,1.0986744229694807,0.31840796019900497,0.15920398009950248,3.5274093522443293,-0.48135171408949873,0.8418785176040634,4.761685899460323,0.009950248756218905,0.004975124378109453,0.8315172808585979,-0.15017565298244429,1.0425163273751465,0.941657130984945,0.10566498117595667,0.10566498117595667,0.11069721288702516,0.09966461750569348,0.0955669058665258,-0.6896888907046944,0.5566562775397619,9.034624772107904,-0.8137733685434594,0.7304818108949341,-0.8137733685434594,0.7304818108949341,-0.35779071322956835,0.36005830297989155,200,-0.06949756056046084,0.014603437685133417,-3.3406090932767833,0.227649831340981,-0.013458711068984615,6.128503995491398,0.029850746268656716,0.1044776119402985,0.4399445354154316,2698.0,,,0.9985474142859952,,0.00016103110149738085,0.1736,transferred,0.9985474142859952,unselected,1.0,0.21006776379477252,True,-0.09937055090774735,0.34658851374498933,0.1,0.01069721288702516,1.761685899460323,0.00016103110149738085,0.5269595433746406,0.47304045662535943
plex,ecm|depthT3,ecm,depth,depthT3,False,68,202,False,,68.0,,99.0,0.0,-0.2723768351280287,-0.01574015895005907,0.49572982037745794,-0.5176946506517636,0.6169154228855721,0.6965174129353234,-1.1701665679870028,-0.06572766685034248,1.7984803806597924,-0.6140956070543759,0.5771144278606966,0.7164179104477612,4.59103409802808,-0.6133464847106622,0.8742377692106663,5.953049348848981,0.009950248756218905,0.004975124378109453,-0.3801979633634263,-0.03511231663349065,1.166245885846453,-0.2958944172218665,-0.05932799219352754,-0.05932799219352754,-0.049311665835729025,-0.05186943403389694,-0.06306979659347245,-1.5940335390692075,0.3275160539521204,7.829383033138537,-1.092875075602857,1.4979514544270882,-1.092875075602857,1.4979514544270882,-1.597367785365262,0.2488874116282768,200,-0.10234104184884038,0.020473177620044396,-4.599096623772876,0.2488545077667536,-0.01419539295519817,5.305281090593747,0.08823529411764706,0.029411764705882353,0.43555350616185656,8252.5,,,0.9996050778326586,,-1.9481963806430626e-05,0.1857,transferred,0.9996050778326586,unselected,1.0,0.22804863072577675,True,-0.2773602965615058,0.09946742322634367,0.1,-0.05068833416427098,2.953049348848981,0.0,0.0,1.0
plex,ecm|miss20+,ecm,miss,miss20+,False,19,202,False,,19.0,,63.0,0.36363636363636365,-0.12200547045937252,0.01915726173882551,0.2383235158188122,-0.5923155829302148,0.5671641791044776,0.7213930348258707,-0.09375188746617655,0.09521397784213753,0.6079345108738198,-0.31083260109169064,0.7164179104477612,0.6467661691542289,1.2572638602924904,-0.2312450682367942,0.5043734757551445,2.9512038203450315,0.009950248756218905,0.004975124378109453,-0.2526698365400959,0.037738700098734125,0.3540700097808888,-0.8202008885715716,-0.09704046565928422,-0.09704046565928422,-0.0948349919121233,-0.10477094349068825,-0.10746934050609151,-4.315169595534381,4.109593332991462,5.893744045437865,-3.8658390107671843,5.654174751202403,-3.8658390107671843,5.654174751202403,-2.91163660493383,0.807737291471951,200,-0.016222007548426006,0.017434057544544867,-1.0724868809022596,0.12304836157576392,-0.019043708492867618,3.14438372672985,0.0,0.05263157894736842,0.3589024964039,457.5,,,0.9953607944603354,,-0.00044200959318606075,0.1651,transferred,0.9953607944603354,unselected,1.0,0.19774823332135585,False,-0.2925832252334791,3.9118450996701064,0.1,-0.005165008087876705,-0.04879617965496852,0.0,0.0,1.0
plex,ecm|miss<=5,ecm,miss,miss<=5,False,202,202,False,,202.0,,99.0,0.0,0.39996575328920175,-0.06758611810989879,1.1741645903738605,0.39819960100332225,0.7064676616915423,0.35323383084577115,1.9757240231908504,-0.24738570086821615,4.204070676204202,0.5287993222003304,0.6268656716417911,0.31343283582089554,12.11233577479419,-1.7768177738200388,2.4732384032457206,5.615776275504612,0.009950248756218905,0.004975124378109453,1.0719891802218093,-0.15721574490340703,2.701973624527074,0.45492854333112304,0.03302135613855189,0.03302135613855189,0.033663093273653806,0.03256679424147901,0.0319658020062491,-1.1690548883131657,0.36920211926607166,3.608454050090189,-0.8692220849310517,0.9977817371586908,-0.8692220849310517,0.9977817371586908,-0.718103724744173,0.271410574445797,200,-0.061806093727826215,0.017176112947336647,-4.064234375258852,0.2043323012563829,-0.015628167218678865,5.806476852021241,0.039603960396039604,0.06930693069306931,0.39695469789822824,2707.5,,,0.9985079772090023,,5.030115284623268e-05,0.1651,transferred,0.9985079772090023,unselected,1.0,0.19774823332135585,True,-0.16408514004770205,0.1714538859447158,0.05,-0.016336906726346197,2.6157762755046123,5.030115284623268e-05,0.1702320810065025,0.8297679189934974
plex,pinned_sig&ecm,pinned_sig&ecm,primary,miss0,True,13,13,True,13.0,202.0,0.06435643564356436,99.0,0.0,-0.2089339713324669,0.02885303039116347,0.13307000780426187,-1.786931598241138,0.07960199004975124,0.9651741293532339,-0.723420296924127,0.0921273250123975,0.48760244063768954,-1.672566734633129,0.09950248756218906,0.9552238805970149,2.3311277621544466,-0.1257647163361645,0.30268237575199236,8.11706486836784,0.009950248756218905,0.004975124378109453,-0.41044600091999217,0.06316593420497428,0.29048775910558894,-1.6304023845383928,-0.08962785083017864,-0.08962785083017864,-0.09678364185872494,-0.10715443867502086,-0.09845188136731917,-0.3123536925065597,0.05579513116905536,0.09813211141691952,-0.3182597851506944,0.07162942004219165,-0.3182597851506944,0.07162942004219165,-0.4546548824568379,0.05284631694122556,200,-0.2784520879301331,0.024204074721899064,-6.54438255262118,0.2029803165201705,-0.025271258993443988,4.476903213587076,0.0,0.0,0.3769168917206752,5557.0,,,0.9985052571958091,,-0.00014488321537535148,0.1651,transferred,0.9985052571958091,table,0.4,0.07909929332854235,False,-0.17588293518726728,-0.02330416215948699,0.1,-0.0032163581412750636,5.117064868367841,0.0,0.0,1.0
plex,folding,folding,primary,miss0,False,183,183,False,,183.0,,99.0,0.0,1.3723547481244813,0.10537329928004137,0.6697340038487195,1.8917681371463224,0.09950248756218906,0.04975124378109453,3.4811007464572334,0.3949521679666789,2.8048225992416707,1.1003008102276932,0.29850746268656714,0.14925373134328357,17.929401555757007,-1.6559663965954945,2.825268734064982,6.932214170003282,0.009950248756218905,0.004975124378109453,2.494100254507732,0.19539668336220772,1.3959230089845762,1.6467266148278834,0.07654213911472287,0.07654213911472287,0.06469020403021104,0.06075964988250745,0.07109999351968337,-0.10124867997152673,0.2114818655894043,0.08646678359124509,-0.11002318483949629,0.24195261592224482,-0.11002318483949629,0.24195261592224482,-0.11265484131833407,0.17456328205641353,200,-0.05769917868215119,0.012304018145555968,-3.911738095239217,0.1576722861261582,-0.020594259809961116,6.002398150114662,0.07103825136612021,0.08743169398907104,0.243764455064168,2752.0,,,0.996625460732165,,0.00021903878873798317,0.1651,transferred,0.996625460732165,unselected,1.0,0.19774823332135585,True,-0.1330580292911448,0.01373363226804844,0.05,0.01469020403021104,3.9322141700032818,0.00021903878873798317,0.327134169259983,0.672865830740017
plex,folding|depthT1,folding,depth,depthT1,False,61,183,False,,61.0,,99.0,0.0,0.2513740466056916,0.06069264314822721,0.2543909391995681,0.7495605152346878,0.46766169154228854,0.23383084577114427,0.7265268586832838,0.2783019941590899,1.160267824376146,0.38631155247728766,0.6965174129353234,0.3482587064676617,5.969483909653887,-0.5246934988500345,1.0066187131325222,6.4514769334006585,0.009950248756218905,0.004975124378109453,0.5194453143122987,0.11632715040446218,0.5420394544795661,0.7437063124766193,0.04210984574381178,0.04210984574381178,0.029361902433982345,0.028524372589032607,0.0404082601424379,-0.15646805458824078,0.16320939676451748,0.15067224929426257,-0.14885371098988148,0.20866062784833392,-0.14885371098988148,0.20866062784833392,-0.16947018353387627,0.14040769645085868,200,-0.05049623216144594,0.014138204633869918,-3.4193198446725703,0.14168011566624242,-0.01978123381226396,4.96556075390323,0.08196721311475409,0.09836065573770492,0.23354212288082715,715.0,,,0.9876819197912776,,0.0003661930648066415,0.1408,transferred,0.9876819197912776,unselected,1.0,0.1638733705772812,True,-0.13451146814329887,-0.0006639738127637296,0.1,-0.07063809756601766,3.4514769334006585,0.0003661930648066415,0.17917433644373318,0.8208256635562668
plex,folding|depthT2,folding,depth,depthT2,False,61,183,False,,61.0,,99.0,0.0,0.2843862055373562,-0.005727970909935692,0.24574808884246496,1.1805348225241643,0.27860696517412936,0.13930348258706468,0.6741012231729624,-0.08595571807559209,1.053414242896165,0.7215176236453006,0.43781094527363185,0.21890547263681592,6.039046973382409,-0.5621546091223337,0.9545568537791775,6.91546193018256,0.009950248756218905,0.004975124378109453,0.4896188452486825,-0.019515676863871154,0.4980174622133909,1.022322630716108,0.047091239195656456,0.047091239195656456,0.04394869219206782,0.04209851740872917,0.04497338668579685,-0.15648674625481532,0.17666818158302844,0.11273265897673158,-0.17699971570533427,0.2039872012269244,-0.17699971570533427,0.2039872012269244,-0.1855367452106869,0.1500992526836227,200,-0.06672492510524154,0.007930616970793869,-3.429191789039548,0.1839779554904605,-0.023908999867607496,6.365640071626205,0.09836065573770492,0.04918032786885246,0.21863196072323457,2752.0,,,0.996538899968615,,0.00015263911918549916,0.1736,transferred,0.996538899968615,unselected,1.0,0.21006776379477252,True,-0.1661190716027047,-0.03339958221174408,0.1,-0.05605130780793219,3.91546193018256,0.00015263911918549916,0.2092119771170786,0.7907880228829214
plex,folding|depthT3,folding,depth,depthT3,False,61,183,False,,61.0,,99.0,0.0,0.8365944959814333,0.05040862704174984,0.3437598245472734,2.2870207999875456,0.029850746268656716,0.014925373134328358,2.0804726646009875,0.20260589188318107,1.3380325861964928,1.4034536917040659,0.208955223880597,0.1044776119402985,5.9208706727207145,-0.5691182886231263,1.123694874715171,5.775579392038157,0.009950248756218905,0.004975124378109453,1.485036094946751,0.09858520982161671,0.7292994107239275,1.9010722684513015,0.14129585701573982,0.14129585701573982,0.12113824439801404,0.10804933736165448,0.12380300528313508,-0.056659975413260656,0.38658107587950447,0.2024709589607073,-0.05386431279596757,0.48223622943803934,-0.05386431279596757,0.48223622943803934,-0.05765312279075644,0.27929559237145757,200,-0.05587637877976608,0.014843232832004123,-2.64402612545986,0.1473587872217716,-0.018092545750011887,4.714950049191685,0.03278688524590164,0.11475409836065574,0.27911928158844224,6466.0,,,0.9988353158674728,,0.0001412523054113691,0.1857,transferred,0.9988353158674728,unselected,1.0,0.22804863072577675,True,-0.1069103863277627,0.15853244515372772,0.1,0.02113824439801404,2.775579392038157,0.0001412523054113691,0.5311947895169782,0.4688052104830218
plex,folding|miss<=5,folding,miss,miss<=5,False,183,183,False,,183.0,,99.0,0.0,1.3723547481244813,0.10537329928004137,0.6697340038487195,1.8917681371463224,0.09950248756218906,0.04975124378109453,3.4811007464572334,0.3949521679666789,2.8048225992416707,1.1003008102276932,0.29850746268656714,0.14925373134328357,17.929401555757007,-1.6559663965954945,2.825268734064982,6.932214170003282,0.009950248756218905,0.004975124378109453,2.494100254507732,0.19539668336220772,1.3959230089845762,1.6467266148278834,0.07654213911472287,0.07654213911472287,0.06469020403021104,0.06075964988250745,0.07109999351968337,-0.10124867997152673,0.2114818655894043,0.08646678359124509,-0.11002318483949629,0.24195261592224482,-0.11002318483949629,0.24195261592224482,-0.11265484131833407,0.17456328205641353,200,-0.05769917868215119,0.012304018145555968,-3.911738095239217,0.1576722861261582,-0.020594259809961116,6.002398150114662,0.07103825136612021,0.08743169398907104,0.243764455064168,2752.0,,,0.996625460732165,,0.00021903878873798317,0.1651,transferred,0.996625460732165,unselected,1.0,0.19774823332135585,True,-0.1330580292911448,0.01373363226804844,0.05,0.01469020403021104,3.9322141700032818,0.00021903878873798317,0.327134169259983,0.672865830740017
plex,pinned_sig&folding,pinned_sig&folding,primary,miss0,True,14,14,True,14.0,183.0,0.07650273224043716,99.0,0.0,0.28690851103979864,0.005808583784148888,0.09265345074076856,3.033885138742735,0.009950248756218905,0.004975124378109453,1.0182938061016302,0.012447253600392729,0.42796927734626067,2.3502774749118935,0.01990049751243781,0.009950248756218905,3.1368784061364656,-0.03952998184048788,0.3687128662794326,8.614856378702234,0.009950248756218905,0.004975124378109453,0.5502257621030979,0.012322235663048948,0.1928138187615272,2.789756096814461,0.09146306419736853,0.09146306419736853,0.08849615443645191,0.08130130187025704,0.08379858851625722,-0.02196498234615718,0.26568467012391556,0.06672187396429007,-0.020655944778039965,0.27057593313210176,-0.020655944778039965,0.27057593313210176,-0.02245959927574734,0.2099136072844644,200,-0.10058175421562834,0.004871224783981492,-3.1652332686074067,0.12811318569915928,-0.023280385992864496,3.82827027838045,0.14285714285714285,0.14285714285714285,0.2107730397464826,2631.0,,,0.9966313522418502,,0.0002991200021719686,0.1651,transferred,0.9966313522418502,table,0.4,0.07909929332854235,False,0.009396861107909563,0.1865853767953732,0.1,-0.011503845563548096,5.614856378702234,0.0002991200021719686,1.0,-0.11879829404896558
plex,ptm,ptm,primary,miss0,False,992,992,False,,993.0,,99.0,0.0,4.6147177592969335,0.2531881485922217,2.989195901104667,1.4590979497505983,0.14925373134328357,0.07462686567164178,15.85328376553569,0.8974301582689269,12.411188979384423,1.2050298832858921,0.22885572139303484,0.11442786069651742,79.99279245382414,-8.768547127327594,12.156915930071893,7.301304055380337,0.009950248756218905,0.004975124378109453,8.995062651268324,0.4541534592437108,6.04334252002389,1.413275710209265,0.05768916945812062,0.05768916945812062,0.04913771729095076,0.04683628896483921,0.05454264931886952,-0.11435278154528222,0.16534459234079565,0.0763832695489742,-0.16108216184484095,0.1925379772543206,-0.16108216184484095,0.1925379772543206,-0.1291224923661568,0.14188419076296627,200,-0.0490803962241225,0.011445617510805464,-4.50645118170594,0.17964408221892747,-0.02311983391813147,6.524034985213516,0.04334677419354839,0.0715725806451613,0.2298646824125843,1942.5,,,0.9944640129918193,,0.0002735400788571293,0.1651,transferred,0.9944640129918193,unselected,1.0,0.19774823332135585,True,-0.1486105160304051,-0.0324036409805602,0.05,-0.0008622827090492419,4.301304055380337,0.0002735400788571293,0.24848625176386913,0.7515137482361309
plex,ptm|depthT1,ptm,depth,depthT1,False,331,992,False,,332.0,,99.0,0.0,1.266049920018859,0.025439543634135003,0.9185423135939061,1.3506295333643241,0.21890547263681592,0.10945273631840796,4.5123499164752845,0.2307262611661917,3.9928151993138936,1.0723320368157352,0.3383084577114428,0.1691542288557214,21.144982087032048,-2.6224441787850163,3.5554873439868153,6.684716880236826,0.009950248756218905,0.004975124378109453,2.897730216065824,0.0236469088214496,1.9806191808037577,1.4511034403282104,0.05987472180434296,0.05987472180434296,0.052197926797358046,0.04960846763520644,0.05649226325769101,-0.11374273179455568,0.20744795251846676,0.09582444797572919,-0.1256346519159065,0.2721091320405,-0.1256346519159065,0.2721091320405,-0.12837258665435602,0.17180432310450258,200,-0.034887075377394224,0.00997086484391517,-3.7901369854617175,0.17163899529411988,-0.023988401757939988,6.939950395341661,0.030211480362537766,0.054380664652567974,0.2232753243553518,611.0,,,0.9866288261526774,,0.0007074064077358371,0.1408,transferred,0.9866288261526774,unselected,1.0,0.1638733705772812,True,-0.11167544377992317,0.04357458194118555,0.05,0.0021979267973580435,3.6847168802368264,0.0007074064077358371,0.31852598511569624,0.6814740148843037
plex,ptm|depthT2,ptm,depth,depthT2,False,330,992,False,,330.0,,99.0,0.0,1.1647541622950337,0.059036837009333466,1.108086315465288,0.9978620887682444,0.29850746268656714,0.14925373134328357,4.924419749775442,0.07675570437975603,4.469018791988945,1.084726708709637,0.27860696517412936,0.13930348258706468,26.94950701614364,-3.1627568668320136,4.130121436076501,7.2908906793746615,0.009950248756218905,0.004975124378109453,2.2727138643654126,0.11113594393233579,2.187907867200151,0.9879656967453715,0.0432198689793215,0.0432198689793215,0.0367198338053497,0.03541924501489191,0.041429300058872055,-0.1224090518805471,0.18131263417564492,0.10136361961402555,-0.14370375416323747,0.205182330454984,-0.14370375416323747,0.205182330454984,-0.13948669765087202,0.15348381067103314,200,-0.04857617162655995,0.011191813030923021,-4.006946087827707,0.17878325129910563,-0.022609856842863287,5.968550334631676,0.05454545454545454,0.08787878787878788,0.22599689178334637,1942.5,,,0.9938165811115511,,0.0002284668199827678,0.1736,transferred,0.9938165811115511,unselected,1.0,0.21006776379477252,True,-0.17334792998942283,-0.0287551296191276,0.05,-0.013280166194650306,4.2908906793746615,0.0002284668199827678,0.1747999461793836,0.8252000538206163
plex,ptm|depthT3,ptm,depth,depthT3,False,331,992,False,,331.0,,99.0,0.0,2.183913676983041,0.16871176794875317,1.2992210408994689,1.551084723534908,0.14925373134328357,0.07462686567164178,6.416514099284962,0.5899481927229786,5.313314864018738,1.0965971442834928,0.27860696517412936,0.13930348258706468,31.898303350648447,-2.983346081710566,5.038079737459553,6.923600111567121,0.009950248756218905,0.004975124378109453,3.8246185708370875,0.3193706064899259,2.585051666023246,1.3559682424991968,0.06846488520019185,0.06846488520019185,0.05777255209625567,0.05461717831660889,0.06407780559616987,-0.10668284178744923,0.19907100984493542,0.08729497940938616,-0.11659107150116234,0.2432375856308026,-0.11659107150116234,0.2432375856308026,-0.11954388154424925,0.16602100057436772,200,-0.06377641833126056,0.01317340787667221,-4.124340263679365,0.18850739936591387,-0.022759702437351655,6.118196409193652,0.045317220543806644,0.07250755287009064,0.24031014593099065,4668.0,,,0.9978290713559671,,0.00012569295862888502,0.1857,transferred,0.9978290713559671,unselected,1.0,0.22804863072577675,True,-0.17027607862952107,-0.028977620880841326,0.05,0.007772552096255665,3.9236001115671213,0.00012569295862888502,0.2533343520300538,0.7466656479699463
plex,ptm|miss5-20,ptm,miss,miss5-20,False,66,992,False,,66.0,,82.0,0.1717171717171717,0.339902841381183,-0.028599035068415254,0.22214409256130377,1.6588416653389286,0.11940298507462686,0.05970149253731343,1.0114982820297251,-0.21701297272983802,1.001938151501111,1.2261348197181619,0.22885572139303484,0.11442786069651742,3.1064030141658954,-1.0127149023055912,0.7396556483469741,5.568967026314385,0.009950248756218905,0.004975124378109453,0.5596223811416053,-0.041955135459715,0.39898102629922955,1.5077847740813282,0.10942007197107062,0.10942007197107062,0.08946135651422765,0.08211521774435634,0.09862817046086748,-0.2984747348151626,1.0385836922385894,1.2662145765852102,-1.7709710036658723,0.9394865720799485,-1.7709710036658723,0.9394865720799485,-0.17553693491696196,0.5109532369903473,200,-0.007170214643068414,0.0069443095184131875,-0.875771276445206,0.17705416393134937,-0.029458571830582887,7.462127712658944,0.045454545454545456,0.045454545454545456,0.16564800212418065,952.75,,,0.9914408144606337,,0.0007723268377096594,0.1651,transferred,0.9914408144606337,unselected,1.0,0.19774823332135585,True,-0.1082868768071282,0.8408354589172335,0.1,-0.010538643485772353,2.568967026314385,0.0007723268377096594,0.45240028197291743,0.5475997180270826
plex,ptm|miss20+,ptm,miss,miss20+,False,51,992,False,,51.0,,64.0,0.3535353535353535,-0.452785545240611,-0.03730550057143636,0.32179671623828876,-1.2911258061487298,0.19900497512437812,0.9054726368159204,-1.02373333265305,-0.15233012967496118,0.970875453585706,-0.8975437578113246,0.3582089552238806,0.8258706467661692,1.1185776856750247,-0.4127136019268731,0.8951875811383446,1.7105814690309562,0.09950248756218906,0.04975124378109453,-0.25037386883268986,-0.05315353790907393,0.41257234679919924,-0.4780260539846698,-0.4047868565940236,-0.4047868565940236,-0.27132659085381694,-0.37235692622809113,-0.6800704270032072,-6.0382826372055085,2.6121983327680742,16.21701541775056,-5.426650691873004,6.783320495439535,-5.426650691873004,6.783320495439535,-5.220076171786912,0.7441364937568059,200,-0.03689570887395458,0.0008207708633434907,-1.758853380504572,0.13641206990915322,-0.018260120431806647,5.344321753470515,0.0392156862745098,0.058823529411764705,0.19153716305924545,780.5,,,0.9929942424747653,,-0.001914259141053084,0.1651,transferred,0.9929942424747653,unselected,1.0,0.19774823332135585,True,-0.46907482417517277,2.4144500994467184,0.1,0.17132659085381693,-1.2894185309690438,0.0,0.0,1.0
plex,ptm|miss<=5,ptm,miss,miss<=5,False,995,992,False,,996.0,,99.0,0.0,4.583873900302627,0.24987616399903353,2.9901974547302808,1.44940185453222,0.14925373134328357,0.07462686567164178,15.721842821249831,0.8764640727668811,12.41073632982527,1.196172278094958,0.22885572139303484,0.11442786069651742,80.15790807907428,-8.78059003322204,12.185474923834967,7.298730551595598,0.009950248756218905,0.004975124378109453,8.942432166339431,0.44922789763620125,6.045716013057386,1.4048301723666512,0.057185548003332635,0.057185548003332635,0.04873027798188544,0.04646597795923191,0.054092252879673654,-0.11573175219141495,0.16500892958132607,0.0762925239851543,-0.16845512369289029,0.19100721063782103,-0.16845512369289029,0.19100721063782103,-0.13088735992496325,0.14163710618991568,200,-0.04914678032693627,0.011400909548308937,-4.521195564091889,0.1794784391638571,-0.02311191529894065,6.535852915636559,0.04321608040201005,0.07135678391959799,0.229489808093712,1941.0,,,0.9944656245150902,,0.000271192537165162,0.1651,transferred,0.9944656245150902,unselected,1.0,0.19774823332135585,True,-0.1490179553394704,-0.032739303740029785,0.05,-0.0012697220181145594,4.298730551595598,0.000271192537165162,0.24642585758374413,0.7535741424162559
plex,pinned_sig&ptm,pinned_sig&ptm,primary,miss0,True,79,79,False,79.0,993.0,0.07955689828801611,99.0,0.0,1.3419822101729082,0.08189296392454079,0.54791576107855,2.2997864558010392,0.009950248756218905,0.004975124378109453,4.3021424423644525,0.32695538400225177,2.081073074818321,1.9101621689614323,0.06965174129353234,0.03482587064676617,16.01402435104903,-0.6189623920706481,1.6996813971815132,9.785943866127637,0.009950248756218905,0.004975124378109453,2.3577089595408025,0.1656724192047141,1.1204561857116786,1.9563786324618984,0.08380043521571134,0.08380043521571134,0.07575844709727854,0.07042328814772288,0.07732090936006346,-0.050242355026454105,0.18822972164992893,0.06974251064453654,-0.04622177770366334,0.20752937337996055,-0.04622177770366334,0.20752937337996055,-0.052907022938305445,0.15841176432667373,200,-0.1540833025465103,0.015482406898472072,-6.798395556635254,0.1879695656758559,-0.021586613862235843,6.207965395304008,0.02531645569620253,0.12658227848101267,0.28734677386933377,2808.0,,,0.9963309577181944,,0.00027898455172008273,0.1651,transferred,0.9963309577181944,table,0.4,0.07909929332854235,True,-0.003340846231263808,0.10913042832138659,0.1,-0.024241552902721467,6.785943866127637,0.00027898455172008273,0.9577638928152309,0.04223610718476911
plex,pinned_sig&ptm|depthT1,pinned_sig&ptm,depth,depthT1,True,26,79,False,26.0,540.0,0.04814814814814815,99.0,0.0,0.4482401356358075,0.015274778267543261,0.20621337578796123,2.0995988049459053,0.04975124378109453,0.024875621890547265,1.4580769083145178,0.07041712782874242,0.7860133925836451,1.7654403774527352,0.09950248756218906,0.04975124378109453,4.9933112587776325,-0.21120617976714137,0.5406586080459576,9.626254647743211,0.009950248756218905,0.004975124378109453,0.7068167201065012,0.02686224438865649,0.4231643112221906,1.6068332269183765,0.08976811426442843,0.08976811426442843,0.08319029813632922,0.07680118468514843,0.08237359222518646,-0.03208486941923924,0.23991916618921233,0.07780171350188714,-0.028486020133193853,0.252859847172911,-0.028486020133193853,0.252859847172911,-0.03315261593230462,0.19349504255800104,200,-0.14071107755613127,0.014711836706143509,-5.593149048316266,0.17213793483515277,-0.019152417210340143,5.042913978414528,0.038461538461538464,0.15384615384615385,0.28590635255309205,1206.0,,,0.9904456231547272,,0.0008024988345482534,0.1408,transferred,0.9904456231547272,table,0.35,0.05735567970204842,True,0.025834618434280802,0.18256348648716392,0.1,-0.016809701863670784,6.626254647743211,0.0008024988345482534,1.0,-0.4504282499743115
plex,pinned_sig&ptm|depthT2,pinned_sig&ptm,depth,depthT2,True,26,79,False,26.0,283.0,0.09187279151943463,99.0,0.0,0.5810194104723988,0.02876738712224414,0.19948493111326798,2.7683896736871056,0.009950248756218905,0.004975124378109453,1.9395929453901748,0.1264391333063653,0.7908648362447392,2.292621607369979,0.01990049751243781,0.009950248756218905,5.514087723059873,-0.2233797601100187,0.6300762581448252,9.105989011652484,0.009950248756218905,0.004975124378109453,0.9854834937084661,0.05997246291271571,0.38704118277434735,2.3912469059793606,0.10536999765937347,0.10536999765937347,0.09625362147499981,0.08780232930541328,0.09532554518622269,-0.045055804571408536,0.2332771250257424,0.07014324621888599,-0.0400923989746561,0.2530359946545025,-0.0400923989746561,0.2530359946545025,-0.04718171048756204,0.18915222460501047,200,-0.1204822508762273,0.01608088213154197,-4.820751323225117,0.17722654028574672,-0.02266634898728996,5.155592862164619,0.0,0.07692307692307693,0.24133706073871447,2796.0,,,0.99563377611939,,0.00042210787817723386,0.1736,transferred,0.99563377611939,table,0.4,0.084027105517909,True,0.012226515957090817,0.1492500195078334,0.1,-0.0037463785250001908,6.105989011652484,0.00042210787817723386,1.0,-0.14550680856768228
plex,pinned_sig&ptm|depthT3,pinned_sig&ptm,depth,depthT3,True,27,79,False,27.0,170.0,0.1588235294117647,99.0,0.0,0.3127226640647017,0.03785079853475338,0.22892587966483544,1.2007024541409703,0.24875621890547264,0.12437810945273632,0.9044725886597603,0.1300991228671441,0.8633044761078482,0.8969876645188131,0.4079601990049751,0.20398009950248755,5.506625369211528,-0.18437645219348803,0.6695533980500031,8.499698213733813,0.009950248756218905,0.004975124378109453,0.6654087457258356,0.07883771190334189,0.4844667765228459,1.2107559532409606,0.056790255936637155,0.056790255936637155,0.048299381050292294,0.046074033738244785,0.053738436380929476,-0.1269845310782765,0.18066337870721255,0.11463874442752857,-0.12316992524504765,0.19411332885015462,-0.12316992524504765,0.19411332885015462,-0.14235226133285855,0.15324163297258434,200,-0.1993168282197404,0.01564812797035079,-6.149802986848121,0.21355997537960109,-0.02289091014734255,5.732664629006334,0.037037037037037035,0.14814814814814814,0.333039495929274,6218.0,,,0.9985369273938597,,7.076904155427612e-05,0.1857,transferred,0.9985369273938597,table,0.45,0.10262188382659954,True,-0.05432250277630724,0.07804149488061302,0.1,-0.05170061894970771,5.499698213733813,7.076904155427612e-05,0.4706538142673729,0.5293461857326272
plex,pinned_sig&ptm|miss<=5,pinned_sig&ptm,miss,miss<=5,True,79,79,False,79.0,996.0,0.07931726907630522,99.0,0.0,1.3419822101729082,0.08189296392454079,0.54791576107855,2.2997864558010392,0.009950248756218905,0.004975124378109453,4.3021424423644525,0.32695538400225177,2.081073074818321,1.9101621689614323,0.06965174129353234,0.03482587064676617,16.01402435104903,-0.6189623920706481,1.6996813971815132,9.785943866127637,0.009950248756218905,0.004975124378109453,2.3577089595408025,0.1656724192047141,1.1204561857116786,1.9563786324618984,0.08380043521571134,0.08380043521571134,0.07575844709727854,0.07042328814772288,0.07732090936006346,-0.050242355026454105,0.18822972164992893,0.06974251064453654,-0.04622177770366334,0.20752937337996055,-0.04622177770366334,0.20752937337996055,-0.052907022938305445,0.15841176432667373,200,-0.1540833025465103,0.015482406898472072,-6.798395556635254,0.1879695656758559,-0.021586613862235843,6.207965395304008,0.02531645569620253,0.12658227848101267,0.28734677386933377,2808.0,,,0.9963309577181944,,0.00027898455172008273,0.1651,transferred,0.9963309577181944,table,0.4,0.07909929332854235,True,-0.003340846231263808,0.10913042832138659,0.1,-0.024241552902721467,6.785943866127637,0.00027898455172008273,0.9577638928152309,0.04223610718476911
plex,secretion,secretion,primary,miss0,False,1511,1511,False,,1513.0,,99.0,0.0,3.1941356925243154,0.28517436128654394,4.42584907117337,0.6572662746645708,0.5373134328358209,0.26865671641791045,7.233840751706699,1.3070775794563299,18.513834986448213,0.3201261746466171,0.7661691542288557,0.38308457711442784,122.6646197133325,-13.711361433255501,18.504985997682613,7.369688426874055,0.009950248756218905,0.004975124378109453,8.307506587862761,0.607294086890536,9.401468872973483,0.8190435563859728,0.026039584192972823,0.026039584192972823,0.02133045208386793,0.020884966310704255,0.025378732550025495,-0.15892195836375456,0.13714452199465552,0.08703968749926555,-0.2006082481223672,0.15556605539491922,-0.2006082481223672,0.15556605539491922,-0.18895890112602887,0.12060428646940659,200,-0.06430675106123529,0.012581878495905361,-5.824657053816107,0.1600192174230019,-0.022487676481031508,6.408775463295008,0.04897418927862343,0.05029781601588352,0.26768401360170924,1896.0,,,0.9954879802155715,,9.667964227189852e-05,0.1651,transferred,0.9954879802155715,unselected,1.0,0.19774823332135585,True,-0.17641778123748791,-0.06060371132670034,0.05,-0.028669547916132073,4.369688426874055,9.667964227189852e-05,0.1078667137784454,0.8921332862215546
plex,secretion|depthT1,secretion,depth,depthT1,False,504,1511,False,,506.0,,99.0,0.0,1.6231184936157206,0.11616322048088447,1.4632658069120346,1.0298575050523462,0.3582089552238806,0.1791044776119403,6.511291689200843,0.7052668566666666,6.005769482641202,0.9667412059879491,0.39800995024875624,0.19900497512437812,36.97586678943475,-4.566925057504095,6.001139030526141,6.922484487631782,0.009950248756218905,0.004975124378109453,4.191445762627065,0.2972773743071659,3.264117586993407,1.1930233162668735,0.04389669897013747,0.04389669897013747,0.036274771293347226,0.035004973872010445,0.04205080733892924,-0.18169538407452052,0.1466243344083139,0.16838685856913402,-0.22830371299307692,0.1725721559807939,-0.22830371299307692,0.1725721559807939,-0.20997504400114983,0.12789123091373997,200,-0.04795550922057246,0.012598392437631363,-5.458262185313252,0.16734555198236883,-0.02268097314107354,6.9565361266707715,0.03968253968253968,0.037698412698412696,0.2580292578105527,523.0,,,0.986657756251234,,0.000490531633142446,0.1408,transferred,0.986657756251234,unselected,1.0,0.1638733705772812,True,-0.127598599283934,-0.017249036168967308,0.05,-0.013725228706652777,3.922484487631782,0.000490531633142446,0.2213585475514484,0.7786414524485517
plex,secretion|depthT2,secretion,depth,depthT2,False,503,1511,False,,503.0,,99.0,0.0,1.2168258332611008,0.03049422938731515,1.5756334554143694,0.7529235938708836,0.47761194029850745,0.23880597014925373,2.123222046894419,-0.03515811901127311,6.559390731263839,0.3290519278899282,0.7860696517412935,0.39303482587064675,38.51616817220342,-4.5184203732172925,5.86559672920458,7.336779279617564,0.009950248756218905,0.004975124378109453,3.3552215744172598,0.12573398048102402,3.31492727597635,0.974225774827911,0.03159259840752453,0.03159259840752453,0.027566932645857082,0.026827383959189554,0.030625072781923994,-0.17825214138151188,0.1637615490642731,0.10102559599673659,-0.22760359424886048,0.19218092110472385,-0.22760359424886048,0.19218092110472385,-0.21707901652277237,0.1407135758587943,200,-0.06467770073699568,0.011533665635172894,-5.22380928637496,0.16703303593161975,-0.023235973166731247,6.16525199255218,0.04970178926441352,0.0536779324055666,0.2698936680740815,1896.0,,,0.994664019154271,,0.00014788574005005699,0.1736,transferred,0.994664019154271,unselected,1.0,0.21006776379477252,True,-0.18250083114891544,-0.04630621473049942,0.05,-0.02243306735414292,4.336779279617564,0.00014788574005005699,0.13122876231875746,0.8687712376812425
plex,secretion|depthT3,secretion,depth,depthT3,False,504,1511,False,,504.0,,99.0,0.0,0.35419136564749387,0.13851691141834382,1.7617242414897198,0.1224223684671416,0.9154228855721394,0.4577114427860697,-1.4006729843885637,0.6369688418009374,7.672185165194841,-0.2655881971453636,0.8258706467661692,0.5920398009950248,47.17258475169434,-4.6260160025341115,7.750853463777662,6.682954463827846,0.009950248756218905,0.004975124378109453,0.7608392508184356,0.184282732102346,3.6773678430171657,0.1567851091673883,0.007508415481404632,0.007508415481404632,0.004163711974624025,0.004146447362090341,0.00745245932046829,-0.20019649171121906,0.12416192906734426,0.08931421736671237,-0.23633860793493972,0.14450522782976025,-0.23633860793493972,0.14450522782976025,-0.25031382082718767,0.11044637998286189,200,-0.08028777923739919,0.01361149762748974,-5.27974036507205,0.14569298066158182,-0.02154756785093598,5.4663398417559295,0.057539682539682536,0.05952380952380952,0.27513349915555785,5581.0,,,0.998652335008888,,5.618861203809122e-06,0.1857,transferred,0.998652335008888,unselected,1.0,0.22804863072577675,True,-0.2238849187511527,-0.10388670165843249,0.05,-0.045836288025375975,3.682954463827846,5.618861203809122e-06,0.018258000328144015,0.9817419996718559
plex,secretion|miss5-20,secretion,miss,miss5-20,False,66,1511,False,,66.0,,90.0,0.09090909090909094,0.15148427062044745,-0.003894383834381272,0.19766112168143815,0.7860860706095038,0.42786069651741293,0.21393034825870647,0.3334899482599367,-0.11646592110793742,0.8281676089759817,0.5433149817634604,0.5472636815920398,0.2736318407960199,2.8484169132451,-0.8095653774232485,0.7237989536602459,5.053865126731615,0.009950248756218905,0.004975124378109453,0.2123052961071949,-0.008030630904185534,0.3709006400988428,0.5940564754826582,0.05318191656426686,0.05318191656426686,0.04247660106261464,0.040745855608958034,0.05049642016049714,-0.3357734289303541,0.7788589147483848,0.38013034049438166,-1.0720273793739814,1.4588250134463516,-1.0720273793739814,1.4588250134463516,-0.33293798090574356,0.43986270929456883,200,-0.029497493030114574,0.008583872826865782,-2.6588510049646867,0.17665958796677184,-0.025749423787167672,6.75585820602809,0.045454545454545456,0.015151515151515152,0.20265441277529264,733.0,,,0.9921719651304305,,0.00033513173718351265,0.1651,transferred,0.9921719651304305,unselected,1.0,0.19774823332135585,True,-0.15527163225874122,0.5811106814270289,0.1,-0.05752339893738537,2.0538651267316146,0.00033513173718351265,0.21480141869883076,0.7851985813011693
plex,secretion|miss20+,secretion,miss,miss20+,False,62,1511,False,,62.0,,62.0,0.3737373737373737,-0.16531242389872508,-0.054564940002351535,0.4296497544452161,-0.257762241804085,0.8059701492537313,0.6019900497512438,-0.09089864651660161,-0.1525669538972499,1.067568151031091,0.05776521838075357,0.9552238805970149,0.47761194029850745,2.5050045207595026,-0.9311244515060427,1.2039169810340542,2.854124517218975,0.01990049751243781,0.009950248756218905,0.13406839829552214,-0.09313253556579167,0.5182593247681188,0.4383923703890302,-0.06599286449535162,-0.06599286449535162,-0.03223030473834465,-0.033303692909737746,-0.070655632046853,-2.267171259018055,1.1106074742798129,104.11835010095945,-2.162805001487468,4.773465893773503,-2.162805001487468,4.773465893773503,-2.0564888525487546,0.5523014506456568,200,-0.033620958843404596,0.004820708158763924,-2.0899877588660885,0.12004987937673371,-0.016696650719850877,4.999934016626366,0.03225806451612903,0.0,0.24616545194079467,314.0,,,0.9912570510083929,,-0.0002842732972488224,0.1651,transferred,0.9912570510083929,unselected,1.0,0.19774823332135585,True,-0.2299785380597005,0.912859240958457,0.1,-0.06776969526165535,-0.14587548278102513,0.0,0.0,1.0
plex,secretion|miss<=5,secretion,miss,miss<=5,False,1514,1511,False,,1516.0,,99.0,0.0,3.1901767137267796,0.2886613603412779,4.427493555949979,0.6553403899337674,0.5373134328358209,0.26865671641791045,7.1061841294626555,1.3552191796896653,18.53956336776187,0.31019958969331746,0.7661691542288557,0.38308457711442784,122.68499266957795,-13.724138378121879,18.52888478505182,7.361972003719722,0.009950248756218905,0.004975124378109453,8.300831109874743,0.6130254112551065,9.403981828435093,0.8175053757945165,0.026002990621018667,0.026002990621018667,0.021270682769549305,0.020827664132946677,0.02534397156608636,-0.15637799448236536,0.13659029982968307,0.0870579877709819,-0.20126792913304747,0.15591588426358016,-0.20126792913304747,0.15591588426358016,-0.18537791068569395,0.12017542102375176,200,-0.06425522669368376,0.012593593784510148,-5.831936453513124,0.16005745771429494,-0.022518216328692376,6.412476621694639,0.0488771466314399,0.05019815059445178,0.26723044190381395,1900.0,,,0.9954917707187131,,9.632738081341993e-05,0.1651,transferred,0.9954917707187131,unselected,1.0,0.19774823332135585,True,-0.17647755055180656,-0.061157933491672783,0.05,-0.028729317230450697,4.361972003719722,9.632738081341993e-05,0.10756446422953794,0.8924355357704621
plex,pinned_sig&secretion,pinned_sig&secretion,primary,miss0,True,98,98,False,98.0,1513.0,0.06477197620621282,99.0,0.0,-0.515785693390819,0.0011031519155998537,0.5140049204037219,-1.0056106951280384,0.3283582089552239,0.8407960199004975,-1.516713883819785,0.01776764026057526,2.1205138713699636,-0.7236366358164893,0.4577114427860697,0.7761194029850746,20.794081724887143,-0.7466201468280812,1.8638728114032108,11.556959112193056,0.009950248756218905,0.004975124378109453,-0.9417082427814182,-0.007803188665712994,1.009426906288248,-0.9251834365598166,-0.024804446775522057,-0.024804446775522057,-0.023995914728532495,-0.024585875295653325,-0.025435356727690473,-0.1193319139388792,0.05521499429426564,0.04948048407607556,-0.12426160725503019,0.05816719250407089,-0.12426160725503019,0.05816719250407089,-0.13550227982018576,0.05232452394216024,200,-0.18746498748051957,0.009346494134865935,-9.100306860823066,0.13908431663846385,-0.024466637083836573,5.08449656252041,0.09183673469387756,0.05102040816326531,0.24513609965072986,2374.5,,,0.99620599779966,,-9.138727680851754e-05,0.1651,transferred,0.99620599779966,table,0.4,0.07909929332854235,True,-0.10309520805707484,-0.023884299034276704,0.1,-0.07600408527146751,8.556959112193056,0.0,0.0,1.0
plex,pinned_sig&secretion|depthT1,pinned_sig&secretion,depth,depthT1,True,33,98,False,33.0,715.0,0.046153846153846156,99.0,0.0,-0.049891445987472846,-0.014058607100873099,0.18291140665159547,-0.19590270252993644,0.7960199004975125,0.6069651741293532,0.15168871201221665,-0.03614213595549805,0.7846445325282155,0.23938336428917942,0.8855721393034826,0.4427860696517413,6.949182280368718,-0.2331538927450328,0.7117624180106102,10.090917968370007,0.009950248756218905,0.004975124378109453,-0.1554203278466264,-0.023241895601821834,0.35793954863046673,-0.3692758532845564,-0.007179470040441312,-0.007179470040441312,-0.004989022794663365,-0.005014037944260588,-0.0072313875708571,-0.1171573113397512,0.09147869067401783,0.06319804240846265,-0.12601656230668584,0.09309311607869714,-0.12601656230668584,0.09309311607869714,-0.13270472222685023,0.08380882357208583,200,-0.16197666745434122,0.005556146039266578,-7.198357874496218,0.13627439870940677,-0.01984569119703509,4.024716448422698,0.06060606060606061,0.06060606060606061,0.2361720348912196,832.0,,,0.990537868560421,,-4.765773317356097e-05,0.1408,transferred,0.990537868560421,table,0.35,0.05735567970204842,True,-0.062344702496711785,0.03412301097196941,0.1,-0.09501097720533665,7.090917968370007,0.0,0.0,1.0
plex,pinned_sig&secretion|depthT2,pinned_sig&secretion,depth,depthT2,True,32,98,False,32.0,428.0,0.07476635514018691,99.0,0.0,-0.15288669003987265,-0.0007844924044509783,0.20813411514889216,-0.7307893639954838,0.44776119402985076,0.7810945273631841,-0.4975942342961701,0.025052059529287532,0.8514358458447684,-0.6138410737298758,0.5373134328358209,0.736318407960199,6.770056695480716,-0.2251641787841259,0.5954133895984005,11.748511196536978,0.009950248756218905,0.004975124378109453,-0.19215106571658036,-0.018254854430203044,0.4171939730984828,-0.4168234023009901,-0.02258277838971875,-0.02258277838971875,-0.021743730522505732,-0.022227029052540072,-0.023104543167874553,-0.14621590361309728,0.07269286815323771,0.06070755151265358,-0.1523841477258642,0.07508334660118036,-0.1523841477258642,0.07508334660118036,-0.1712563292501384,0.06776668184717757,200,-0.19879391247789496,0.009843479985228698,-7.654091345578822,0.14793990479797609,-0.02675606779634075,4.699165865503714,0.125,0.03125,0.25541460864896565,2374.5,,,0.9962472355878518,,-8.190647379217244e-05,0.1736,transferred,0.9962472355878518,table,0.4,0.084027105517909,True,-0.10577083604041473,-0.01133423736467129,0.1,-0.07825626947749427,8.748511196536978,0.0,0.0,1.0
plex,pinned_sig&secretion|depthT3,pinned_sig&secretion,depth,depthT3,True,33,98,False,33.0,370.0,0.0891891891891892,99.0,0.0,-0.3130075573634734,0.015946251420923926,0.22603779603461727,-1.4553044426871808,0.19900497512437812,0.9054726368159204,-1.170808361535832,0.028857716686785797,0.9312659720422473,-1.2882099359775538,0.24875621890547264,0.8805970149253731,7.074842749037707,-0.28830207529892243,0.7840524930426456,9.391137570091418,0.009950248756218905,0.004975124378109453,-0.5941368492182114,0.03369356136631186,0.44054487690261507,-1.4251224869499701,-0.0442423342067988,-0.0442423342067988,-0.04467572166951557,-0.04676498094195872,-0.04629032629320452,-0.18572376369288734,0.06732913709131748,0.06390489478665796,-0.19315144662486727,0.07185621975002772,-0.19315144662486727,0.07185621975002772,-0.22808489970401685,0.06308179836401454,200,-0.2019676832668186,0.012654916557386247,-7.0599483983857025,0.1333069975643576,-0.026867528946391567,4.2831699324474215,0.09090909090909091,0.06060606060606061,0.24413312538164794,6990.0,,,0.9984877862943509,,-6.766155735278193e-05,0.1857,transferred,0.9984877862943509,table,0.4,0.0912194522903107,True,-0.13589517395982625,-0.02389031519899322,0.1,-0.055324278330484436,6.391137570091418,0.0,0.0,1.0
plex,pinned_sig&secretion|miss<=5,pinned_sig&secretion,miss,miss<=5,True,98,98,False,98.0,1516.0,0.06464379947229551,99.0,0.0,-0.515785693390819,0.0011031519155998537,0.5140049204037219,-1.0056106951280384,0.3283582089552239,0.8407960199004975,-1.516713883819785,0.01776764026057526,2.1205138713699636,-0.7236366358164893,0.4577114427860697,0.7761194029850746,20.794081724887143,-0.7466201468280812,1.8638728114032108,11.556959112193056,0.009950248756218905,0.004975124378109453,-0.9417082427814182,-0.007803188665712994,1.009426906288248,-0.9251834365598166,-0.024804446775522057,-0.024804446775522057,-0.023995914728532495,-0.024585875295653325,-0.025435356727690473,-0.1193319139388792,0.05521499429426564,0.04948048407607556,-0.12426160725503019,0.05816719250407089,-0.12426160725503019,0.05816719250407089,-0.13550227982018576,0.05232452394216024,200,-0.18746498748051957,0.009346494134865935,-9.100306860823066,0.13908431663846385,-0.024466637083836573,5.08449656252041,0.09183673469387756,0.05102040816326531,0.24513609965072986,2374.5,,,0.99620599779966,,-9.138727680851754e-05,0.1651,transferred,0.99620599779966,table,0.4,0.07909929332854235,True,-0.10309520805707484,-0.023884299034276704,0.1,-0.07600408527146751,8.556959112193056,0.0,0.0,1.0
plex,splicing,splicing,primary,miss0,False,230,230,False,,230.0,,99.0,0.0,6.032750447068391,0.10733750171724558,2.1068478048638197,2.812454194209888,0.009950248756218905,0.004975124378109453,21.04511166685964,0.458373831706035,8.62875867568477,2.385828438239393,0.01990049751243781,0.009950248756218905,31.891583989545712,-2.5552807907314086,7.620730781813163,4.520152432426086,0.009950248756218905,0.004975124378109453,10.40482404464056,0.19479411369591668,4.022380843445069,2.538305130301885,0.18916434031768287,0.18916434031768287,0.17201603057773193,0.14676934964186336,0.15907333738846222,-0.04846701669930228,0.841342925375572,0.6798644597648442,-0.03962464644172882,0.940154666232761,-0.03962464644172882,0.940154666232761,-0.04650681299901554,0.4583160018223204,200,-0.02359714730675177,0.013584094026322466,-1.0713089652607082,0.2212446827407656,-0.020727003057489854,5.147011072307402,0.017391304347826087,0.19130434782608696,0.21178035768760806,2154.0,,,0.9933923780961912,,0.0011441771816590367,0.1651,transferred,0.9933923780961912,unselected,1.0,0.19774823332135585,True,-0.025732202743623922,0.6435946920542162,0.05,0.12201603057773193,1.5201524324260864,0.0011441771816590367,0.8698739184091362,0.1301260815908638
plex,splicing|depthT1,splicing,depth,depthT1,False,77,230,False,,77.0,,99.0,0.0,1.5084921093449748,0.028949564660390135,0.5461012109950764,2.709282665732679,0.009950248756218905,0.004975124378109453,5.265899692319776,0.15414935831551752,2.397822365012098,2.131830284258137,0.029850746268656716,0.014925373134328358,10.577616446583706,-0.8425998325711197,2.273067353722896,5.024143371928888,0.009950248756218905,0.004975124378109453,2.577892906225764,0.05274014392004247,1.0241251484184302,2.4656681521836936,0.14261172325190316,0.14261172325190316,0.1295546869270046,0.1146953648428151,0.12481206025615284,-0.03850041787636342,0.40511319615751734,0.14966019083872878,-0.03891757905335768,0.49663193574973313,-0.03891757905335768,0.49663193574973313,-0.04004233406450009,0.2883135645630126,200,-0.026621287158959242,0.012651021052809828,-1.406567941644296,0.19635279787504734,-0.022309864208252046,5.01019629047156,0.012987012987012988,0.19480519480519481,0.17655538876181384,895.0,,,0.985455760393605,,0.00191208421983878,0.1408,transferred,0.985455760393605,unselected,1.0,0.1638733705772812,True,-0.03431868365027663,0.24123982558023613,0.1,0.02955468692700458,2.024143371928888,0.00191208421983878,0.7905780327250166,0.2094219672749834
plex,splicing|depthT2,splicing,depth,depthT2,False,76,230,False,,76.0,,99.0,0.0,2.0981671593653504,0.076653696279976,0.673774250874792,3.0002830480101466,0.009950248756218905,0.004975124378109453,7.695189808972906,0.2597710288621584,2.915605089273474,2.5502146389666045,0.009950248756218905,0.004975124378109453,10.956366130121207,-0.9722466885971421,2.642209649180252,4.51463524948492,0.009950248756218905,0.004975124378109453,3.528360658378272,0.15200574066509667,1.2590842378777563,2.6815957313580348,0.1915021033841755,0.1915021033841755,0.1694676064859126,0.14491004756868742,0.1607232608656416,-0.02356346235021309,0.7769984509379506,0.29887971698564825,-0.03837751090645516,0.9118284000428253,-0.03837751090645516,0.9118284000428253,-0.024140719288866443,0.4372068597941745,200,-0.01062565404781969,0.014400433927600194,-0.6924531118208097,0.21841222866179846,-0.019376955685674005,5.082809062936441,0.039473684210526314,0.18421052631578946,0.1950377582344072,2154.0,,,0.9932521958130431,,0.001151302991747368,0.1736,transferred,0.9932521958130431,unselected,1.0,0.21006776379477252,True,-0.04060015730885991,0.5669306871431781,0.1,0.0694676064859126,1.51463524948492,0.001151302991747368,0.8067282834098974,0.19327171659010256
plex,splicing|depthT3,splicing,depth,depthT3,False,77,230,False,,77.0,,99.0,0.0,2.426091178358066,0.0017342407768794787,0.9489016812694168,2.5549084646345475,0.029850746268656716,0.014925373134328358,8.084022165566955,0.044453444528359184,3.616824637888523,2.2228251369499734,0.029850746268656716,0.014925373134328358,10.35760141284081,-0.7404342695631471,2.8462323625424824,3.8992022676919826,0.009950248756218905,0.004975124378109453,4.298570480036525,-0.009951770889222509,1.864173891660673,2.3112233629061083,0.23423291567778673,0.23423291567778673,0.21844919289861608,0.17928461373012922,0.1897801563241864,-0.18306387886916425,1.204540110421655,1.2214123082602968,-0.35994463476283295,1.416272038736664,-0.35994463476283295,1.416272038736664,-0.059767385773217406,0.5477787480170462,200,-0.03337603976206167,0.013711428915457092,-1.041593524464745,0.2489322365675425,-0.020476656195792656,4.7902639670323905,0.0,0.19480519480519481,0.2635304897100681,5041.0,,,0.9973011047750558,,0.0005911669813500896,0.1857,transferred,0.9973011047750558,unselected,1.0,0.22804863072577675,True,-0.009599437827160662,0.9764914796958784,0.1,0.11844919289861608,0.8992022676919826,0.0005911669813500896,0.9579061808149869,0.04209381918501309
plex,splicing|miss<=5,splicing,miss,miss<=5,False,230,230,False,,230.0,,99.0,0.0,6.032750447068391,0.10733750171724558,2.1068478048638197,2.812454194209888,0.009950248756218905,0.004975124378109453,21.04511166685964,0.458373831706035,8.62875867568477,2.385828438239393,0.01990049751243781,0.009950248756218905,31.891583989545712,-2.5552807907314086,7.620730781813163,4.520152432426086,0.009950248756218905,0.004975124378109453,10.40482404464056,0.19479411369591668,4.022380843445069,2.538305130301885,0.18916434031768287,0.18916434031768287,0.17201603057773193,0.14676934964186336,0.15907333738846222,-0.04846701669930228,0.841342925375572,0.6798644597648442,-0.03962464644172882,0.940154666232761,-0.03962464644172882,0.940154666232761,-0.04650681299901554,0.4583160018223204,200,-0.02359714730675177,0.013584094026322466,-1.0713089652607082,0.2212446827407656,-0.020727003057489854,5.147011072307402,0.017391304347826087,0.19130434782608696,0.21178035768760806,2154.0,,,0.9933923780961912,,0.0011441771816590367,0.1651,transferred,0.9933923780961912,unselected,1.0,0.19774823332135585,True,-0.025732202743623922,0.6435946920542162,0.05,0.12201603057773193,1.5201524324260864,0.0011441771816590367,0.8698739184091362,0.1301260815908638
plex,pinned_sig&splicing,pinned_sig&splicing,primary,miss0,True,43,43,False,43.0,230.0,0.18695652173913044,99.0,0.0,1.1466801676352396,0.0569239545465778,0.45560123214282655,2.391907958552302,0.029850746268656716,0.014925373134328358,3.720709206353236,0.24160163415377903,1.924206010509227,1.8080743710382325,0.10945273631840796,0.05472636815920398,10.688673894542296,-0.46157864546965066,1.9384638149968372,5.7521076502684885,0.009950248756218905,0.004975124378109453,1.8569462722973606,0.10559505104228707,0.8545994399147715,2.049324092032794,0.10727992816964335,0.10727992816964335,0.0977337696324046,0.08903230668136634,0.09688600455982192,-0.050816701631144635,0.27302729874517817,0.11127788821007183,-0.040295355591595035,0.2960052145524224,-0.040295355591595035,0.2960052145524224,-0.05356021350166129,0.21446915744689998,200,-0.09526585423204172,0.01612553760105813,-2.675296848069609,0.1966604758009707,-0.025395754108472657,4.579942502441286,0.0,0.09302325581395349,0.19352710339718085,2264.0,,,0.9947690286376104,,0.0005139309079472086,0.1651,transferred,0.9947690286376104,table,0.45,0.08898670499461013,True,0.008747064637794469,0.18404059375056803,0.1,-0.0022662303675954065,2.7521076502684885,0.0005139309079472086,1.0,-0.09829630885112861
plex,pinned_sig&splicing|depthT3,pinned_sig&splicing,depth,depthT3,True,15,43,False,15.0,82.0,0.18292682926829268,99.0,0.0,0.30919678952875834,0.015649222766612823,0.17760334950205126,1.6528267489614836,0.11940298507462686,0.05970149253731343,0.9611902491563957,0.06591371231783401,0.6871043198939011,1.3029703218527362,0.19900497512437812,0.09950248756218906,3.517462634131756,-0.160861451180076,0.7035375610196953,5.228326516043482,0.009950248756218905,0.004975124378109453,0.5115256430242623,0.03110192935428628,0.3442188620075911,1.3956925860134333,0.08790336151078401,0.08790336151078401,0.07980470452136895,0.07390660939631945,0.08080070769219022,-0.14594386824586264,0.29201781402644833,0.46325513992401063,-0.0858697117883718,0.3241523728312073,-0.0858697117883718,0.3241523728312073,-0.0751812276300905,0.22617937484139697,200,-0.13377395533532635,0.016626946564653668,-3.0096164246031893,0.19557821233939485,-0.024350010986196616,4.16053076158373,0.0,0.06666666666666667,0.2338189678654425,5000.0,,,0.9980635375628308,,0.00015483865184814078,0.1857,transferred,0.9980635375628308,table,0.45,0.10262188382659954,False,-0.022817179305230584,0.1893959301998488,0.1,-0.020195295478631053,2.2283265160434818,0.00015483865184814078,0.777657762122309,0.22234223787769103
plex,pinned_sig&splicing|miss<=5,pinned_sig&splicing,miss,miss<=5,True,43,43,False,43.0,230.0,0.18695652173913044,99.0,0.0,1.1466801676352396,0.0569239545465778,0.45560123214282655,2.391907958552302,0.029850746268656716,0.014925373134328358,3.720709206353236,0.24160163415377903,1.924206010509227,1.8080743710382325,0.10945273631840796,0.05472636815920398,10.688673894542296,-0.46157864546965066,1.9384638149968372,5.7521076502684885,0.009950248756218905,0.004975124378109453,1.8569462722973606,0.10559505104228707,0.8545994399147715,2.049324092032794,0.10727992816964335,0.10727992816964335,0.0977337696324046,0.08903230668136634,0.09688600455982192,-0.050816701631144635,0.27302729874517817,0.11127788821007183,-0.040295355591595035,0.2960052145524224,-0.040295355591595035,0.2960052145524224,-0.05356021350166129,0.21446915744689998,200,-0.09526585423204172,0.01612553760105813,-2.675296848069609,0.1966604758009707,-0.025395754108472657,4.579942502441286,0.0,0.09302325581395349,0.19352710339718085,2264.0,,,0.9947690286376104,,0.0005139309079472086,0.1651,transferred,0.9947690286376104,table,0.45,0.08898670499461013,True,0.008747064637794469,0.18404059375056803,0.1,-0.0022662303675954065,2.7521076502684885,0.0005139309079472086,1.0,-0.09829630885112861
plex,translation,translation,primary,miss0,False,1327,1327,False,,1328.0,,99.0,0.0,7.5106120295329335,0.43577610361144664,3.9091880221664774,1.8097967879274846,0.09950248756218906,0.04975124378109453,25.265887937790946,1.9244449180912733,17.379430273435677,1.3430499534485252,0.21890547263681592,0.10945273631840796,114.18341570504185,-10.594497887873372,18.447363314091415,6.763997188563036,0.009950248756218905,0.004975124378109453,14.16029951681061,0.753145827280608,7.657478593280897,1.7508574821605372,0.06577673283950725,0.06577673283950725,0.05669942477963656,0.05365709817762097,0.06171717847908057,-0.08064313622564898,0.17048114834275385,0.07877206262444716,-0.09589339653980977,0.20869800441187794,-0.09589339653980977,0.20869800441187794,-0.08771744069462574,0.14564973123539549,200,-0.04190914895423207,0.01058646700731596,-3.8583432346271587,0.16698617287976547,-0.02305023173488073,6.0927109921824725,0.04144687264506405,0.07535795026375283,0.19846385305719438,1792.0,,,0.9937184021352552,,0.00035841440076254743,0.1651,transferred,0.9937184021352552,unselected,1.0,0.19774823332135585,True,-0.1410488085417193,-0.027267084978602002,0.05,0.006699424779636559,3.763997188563036,0.00035841440076254743,0.2867253164658907,0.7132746835341093
plex,translation|depthT1,translation,depth,depthT1,False,442,1327,False,,443.0,,99.0,0.0,2.489461236187407,0.07173619293616194,1.1197264420496416,2.1592104575342863,0.01990049751243781,0.009950248756218905,10.047552295312567,0.5981152669001853,5.330476711630265,1.772718940464591,0.06965174129353234,0.03482587064676617,32.728135657885765,-2.4915000350751964,5.850285560684975,6.020156679127524,0.009950248756218905,0.004975124378109453,5.0715130728342555,0.07852821292367146,2.27954026652821,2.1903472964375443,0.07606486547875138,0.07606486547875138,0.06864707699785931,0.06423736935743925,0.07068799281436385,-0.08591171191557767,0.20281837822422416,0.09767280567967485,-0.0995992037126543,0.22715780816055775,-0.0995992037126543,0.22715780816055775,-0.09398711442210575,0.1686192654622746,200,-0.02595881254137586,0.008856483295186388,-2.9257372098238377,0.16146136303777395,-0.023194659162882433,6.185673003180478,0.024886877828054297,0.05656108597285068,0.1860893484540904,573.5,,,0.9825834893085421,,0.001216784694104625,0.1408,transferred,0.9825834893085421,unselected,1.0,0.1638733705772812,True,-0.0952262935794219,0.03894500764694295,0.05,0.018647076997859308,3.020156679127524,0.001216784694104625,0.4189031857710278,0.5810968142289722
plex,translation|depthT2,translation,depth,depthT2,False,442,1327,False,,442.0,,99.0,0.0,2.5448582912705406,0.13765762969108217,1.5292587369647717,1.5740963928427183,0.13930348258706468,0.06965174129353234,9.140966760800843,0.44912074984657685,6.411872444031599,1.3555862326994588,0.1890547263681592,0.0945273631840796,36.37560065202903,-3.8979343634069608,6.043587553301505,6.6638457141959115,0.009950248756218905,0.004975124378109453,4.588230584964466,0.26797021369410223,2.9388879012331017,1.470032378389684,0.06996058472311684,0.06996058472311684,0.05977127810252637,0.05640016797732451,0.06538613265013044,-0.11814013774688467,0.2228883734292888,0.11327501530107137,-0.2332148675302888,0.23764092113299262,-0.2332148675302888,0.23764092113299262,-0.13418883564204417,0.1822602111708874,200,-0.03847850358864665,0.01076536843636157,-3.167741564562801,0.17943832562614173,-0.023563487569654873,5.8491776241014986,0.05429864253393665,0.09276018099547512,0.20169853163837156,1790.0,,,0.9928512096238706,,0.00043036895511278756,0.1736,transferred,0.9928512096238706,unselected,1.0,0.21006776379477252,True,-0.15029648569224613,0.012820609634516283,0.05,0.00977127810252637,3.6638457141959115,0.00043036895511278756,0.2845333192622569,0.7154666807377431
plex,translation|depthT3,translation,depth,depthT3,False,443,1327,False,,443.0,,99.0,0.0,2.4762925020749855,0.22638228098420268,1.5610870447273602,1.441245847686683,0.1691542288557214,0.0845771144278607,6.077368881677535,0.8772089013445106,7.101695755798411,0.732242010802446,0.4577114427860697,0.22885572139303484,45.07967939512706,-4.205063489391217,7.581524302320568,6.500637723924871,0.009950248756218905,0.004975124378109453,4.500555859011891,0.40664740066283434,3.0605093476600644,1.3376559236713608,0.054931457705590145,0.054931457705590145,0.04565125207942483,0.043658200560311944,0.05207111543062961,-0.09209735972393614,0.18968394324854362,0.08192480428272594,-0.1319927230423003,0.22434481491067837,-0.1319927230423003,0.22434481491067837,-0.10145915556193236,0.1594405945623301,200,-0.061246381338139956,0.012134047975991163,-4.257682841704671,0.16007446731828,-0.022394033084436205,5.676631198976643,0.045146726862302484,0.07674943566591422,0.20758304741767208,4774.0,,,0.9979024784013457,,9.595575651400822e-05,0.1857,transferred,0.9979024784013457,unselected,1.0,0.22804863072577675,True,-0.18239737864635192,-0.03836468747723312,0.05,-0.004348747920575172,3.5006377239248714,9.595575651400822e-05,0.20018209245167282,0.7998179075483272
plex,translation|miss5-20,translation,miss,miss5-20,False,79,1327,False,,79.0,,90.0,0.09090909090909094,0.3372843289027502,-0.05692714040339889,0.2141248766925116,1.8410353593442863,0.07960199004975124,0.03980099502487562,0.6188700971796751,-0.33433642126567437,1.0089258409953186,0.9447736193425265,0.3383084577114428,0.1691542288557214,3.3798742397350834,-1.2402946012470617,0.8397837557227417,5.5016173026660855,0.009950248756218905,0.004975124378109453,0.674306065384932,-0.08698004453044654,0.37664434355405074,2.0212333543411605,0.09979197596688885,0.09979197596688885,0.08532403963452308,0.07861618882343699,0.09073713770202417,-0.387000831732735,0.5847471328113542,0.4586031908351105,-1.400277283075326,0.7864095639196734,-1.400277283075326,0.7864095639196734,-0.38904661379122374,0.3694095006644038,200,-0.01263003221283712,0.00501198122560399,-1.344481067230785,0.17688372774673056,-0.0280446831344994,7.0624695272891085,0.02531645569620253,0.0379746835443038,0.12925537831034323,963.0,,,0.9902404524871927,,0.0008409311260777333,0.1651,transferred,0.9902404524871927,unselected,1.0,0.19774823332135585,True,-0.11242419368683278,0.3869988994899983,0.1,-0.014675960365476928,2.5016173026660855,0.0008409311260777333,0.43147813864847556,0.5685218613515244
plex,translation|miss20+,translation,miss,miss20+,False,58,1327,False,,58.0,,63.5,0.35858585858585856,-0.38462504498646605,-0.0012602801297888688,0.3236144843065911,-1.1846341355150187,0.23880597014925373,0.8855721393034826,-0.7933610303710468,-0.010188932946934556,0.9920406089982539,-0.7894556838907496,0.39800995024875624,0.8059701492537313,0.30569152886765716,-0.5592580687464784,0.9131212805897152,0.9472450330535839,0.39800995024875624,0.19900497512437812,-0.15270083579363045,-0.012684597844588277,0.41819624607384626,-0.334809887136858,-1.258212965243736,-1.258212965243736,-0.4432220859043637,-0.7960482531428725,,-3.2793704553313647,3.5951721283183082,2.428587591215302,-2.451823022389548,5.017311925966292,-2.451823022389548,5.017311925966292,-12.388036924936104,0.8021634197859214,200,-0.022252299578282272,0.00314448108028919,-1.3013638961093847,0.13798592103826984,-0.01741144682433388,5.4201662442744,0.034482758620689655,0.05172413793103448,0.1803987003091484,795.25,,,0.9926179975776503,,-0.0032961990612394958,0.1651,transferred,0.9926179975776503,unselected,1.0,0.19774823332135585,True,-0.6409703192257196,3.3974238949969524,0.1,0.34322208590436365,-2.052754966946416,0.0,0.0,1.0
plex,translation|miss<=5,translation,miss,miss<=5,False,1332,1327,False,,1333.0,,99.0,0.0,7.479211723914122,0.43653734555547397,3.90851952753275,1.8018777516008293,0.09950248756218906,0.04975124378109453,25.02319627519651,1.93939149622546,17.373802799006736,1.3286558530692403,0.21890547263681592,0.10945273631840796,114.41796262561766,-10.607890110395715,18.492357091603033,6.76094735336821,0.009950248756218905,0.004975124378109453,14.107582820776342,0.7547195724374958,7.656949351310461,1.743888151232651,0.0653674611248458,0.0653674611248458,0.0563297448026925,0.05332590990629929,0.061356727617557366,-0.08458468417465397,0.16966891558359268,0.07856047139226353,-0.10039104802877918,0.2071699612913597,-0.10039104802877918,0.2071699612913597,-0.09240038644051103,0.1450567577663269,200,-0.04200774768910177,0.010564186349518487,-3.8785994603539113,0.16655823176111317,-0.023077726617640123,6.092977349976163,0.04129129129129129,0.07507507507507508,0.19800476659931154,1787.0,,,0.9937199384808917,,0.00035598990119627464,0.1651,transferred,0.9937199384808917,unselected,1.0,0.19774823332135585,True,-0.14141848851866334,-0.028079317737763176,0.05,0.006329744802692494,3.76094735336821,0.00035598990119627464,0.2848558687811506,0.7151441312188493
plex,pinned_sig&translation,pinned_sig&translation,primary,miss0,True,112,112,False,112.0,1328.0,0.08433734939759036,99.0,0.0,1.8093959895195604,0.10491341130673543,0.6906385145132522,2.467980777779399,0.009950248756218905,0.004975124378109453,5.753089250734885,0.4032672690675714,2.8257868465671443,1.8932149776854004,0.07960199004975124,0.03980099502487562,24.641288656542915,-0.8399926592143836,2.6587507150376544,9.583930216412345,0.009950248756218905,0.004975124378109453,3.19201968118816,0.20286008674707046,1.382807470757264,2.1616599979779845,0.07342943848186761,0.07342943848186761,0.06689155686840577,0.06269761573964391,0.0684063952873489,-0.03473561055710573,0.15589431627298198,0.057043262411008155,-0.03108752380112955,0.16747193376894062,-0.03108752380112955,0.16747193376894062,-0.03598977249354454,0.13486840560326283,200,-0.12814890547455338,0.013329341327525059,-6.111550795573526,0.1724746097594308,-0.024211682448613443,5.861151444060248,0.044642857142857144,0.14285714285714285,0.23167763446348685,2384.0,,,0.99563377611939,,0.00029334431998517786,0.1651,transferred,0.99563377611939,table,0.4,0.07909929332854235,True,-0.012207736460136578,0.07679502294443963,0.05,0.016891556868405766,6.5839302164123445,0.00029334431998517786,0.8456656697370075,0.15433433026299248
plex,pinned_sig&translation|depthT1,pinned_sig&translation,depth,depthT1,True,37,112,False,37.0,648.0,0.05709876543209876,99.0,0.0,0.8830857965947221,0.031578915819352495,0.25574275425084275,3.329544499783472,0.009950248756218905,0.004975124378109453,3.0667974422066946,0.16330654388908697,1.0870188872347566,2.67105837112337,0.01990049751243781,0.009950248756218905,7.95560450373121,-0.23910456605508287,0.9378690144189277,8.73758376041825,0.009950248756218905,0.004975124378109453,1.435644861802287,0.0544803183162007,0.5151747764743833,2.6809630567283103,0.11100172163919805,0.11100172163919805,0.10390934852279947,0.09412851577155874,0.09991138580363629,-0.0027802679206437005,0.2197585022938908,0.06430511348709365,0.0016541685011670442,0.23297760255881575,0.0016541685011670442,0.23297760255881575,-0.0028082119426191977,0.1801654814956355,200,-0.08507280193251755,0.014457826434507846,-3.8996166268978216,0.1685995828467095,-0.02152155339453037,4.783522355259194,0.02702702702702703,0.1891891891891892,0.2181382931958887,839.0,,,0.9871508456057335,,0.001352526078583082,0.1408,transferred,0.9871508456057335,table,0.4,0.06554934823091249,True,0.03836000029188698,0.1542091540629783,0.1,0.003909348522799463,5.73758376041825,0.001352526078583082,1.0,-0.5852079589983892
plex,pinned_sig&translation|depthT2,pinned_sig&translation,depth,depthT2,True,37,112,False,37.0,406.0,0.09113300492610837,99.0,0.0,0.4304385960919983,0.010253199691881359,0.2365841720487801,1.7760503281406375,0.09950248756218906,0.04975124378109453,1.3722985722596095,0.025173409715431347,1.0425362101734672,1.2921615090185026,0.23880597014925373,0.11940298507462686,8.29318372987383,-0.3193374149500415,0.9888511602976773,8.70962333930135,0.009950248756218905,0.004975124378109453,0.7323136907840989,0.024481960653406482,0.4522604734755255,1.5650974861702067,0.05190269625179845,0.05190269625179845,0.048787734663809625,0.04651821627133025,0.049341727554022996,-0.06701220606115961,0.14923876640528017,0.061338813660238765,-0.06925352754197338,0.15916553893726046,-0.06925352754197338,0.15916553893726046,-0.07182560245808761,0.12985876072922614,200,-0.12640765345387134,0.009996233401471466,-4.895056106565213,0.16937013042159965,-0.025813376302187364,5.09981544719726,0.05405405405405406,0.08108108108108109,0.1978036629810335,2265.0,,,0.9956029409479998,,0.00021546998457620134,0.1736,transferred,0.9956029409479998,table,0.4,0.084027105517909,True,-0.035239370854099374,0.06521166088737117,0.1,-0.05121226533619038,5.70962333930135,0.00021546998457620134,0.5806190081534026,0.4193809918465974
plex,pinned_sig&translation|depthT3,pinned_sig&translation,depth,depthT3,True,38,112,False,38.0,274.0,0.1386861313868613,99.0,0.0,0.49587159683284004,0.06308129579550154,0.28200491366127156,1.534690638607744,0.13930348258706468,0.06965174129353234,1.313993236268581,0.21478731546305319,1.0854743686115162,1.0126502776952497,0.3781094527363184,0.1890547263681592,8.392500422937877,-0.2815506782092594,0.9453842336160889,9.17515946713956,0.009950248756218905,0.004975124378109453,1.0240611286017747,0.12389780777746331,0.5870290405420939,1.533422128474347,0.05908508452112241,0.05908508452112241,0.04989482953127892,0.04752364534793857,0.05578879863824956,-0.08357197691887806,0.17784547527077563,0.07012675777712653,-0.07616481245585315,0.19685400783145532,-0.07616481245585315,0.19685400783145532,-0.09119633661945745,0.15099219603316497,200,-0.17178685694351548,0.015475947756620317,-6.430754546835894,0.1792704447928635,-0.025271474617530244,5.695173459878662,0.05263157894736842,0.15789473684210525,0.2778432284569581,5545.0,,,0.9983706274384403,,8.142994592153862e-05,0.1857,transferred,0.9983706274384403,table,0.45,0.10262188382659954,True,-0.05272705429532062,0.07522359144417609,0.1,-0.05010517046872109,6.17515946713956,8.142994592153862e-05,0.48620067836199876,0.5137993216380012
plex,pinned_sig&translation|miss<=5,pinned_sig&translation,miss,miss<=5,True,112,112,False,112.0,1333.0,0.08402100525131283,99.0,0.0,1.8093959895195604,0.10491341130673543,0.6906385145132522,2.467980777779399,0.009950248756218905,0.004975124378109453,5.753089250734885,0.4032672690675714,2.8257868465671443,1.8932149776854004,0.07960199004975124,0.03980099502487562,24.641288656542915,-0.8399926592143836,2.6587507150376544,9.583930216412345,0.009950248756218905,0.004975124378109453,3.19201968118816,0.20286008674707046,1.382807470757264,2.1616599979779845,0.07342943848186761,0.07342943848186761,0.06689155686840577,0.06269761573964391,0.0684063952873489,-0.03473561055710573,0.15589431627298198,0.057043262411008155,-0.03108752380112955,0.16747193376894062,-0.03108752380112955,0.16747193376894062,-0.03598977249354454,0.13486840560326283,200,-0.12814890547455338,0.013329341327525059,-6.111550795573526,0.1724746097594308,-0.024211682448613443,5.861151444060248,0.044642857142857144,0.14285714285714285,0.23167763446348685,2384.0,,,0.99563377611939,,0.00029334431998517786,0.1651,transferred,0.99563377611939,table,0.4,0.07909929332854235,True,-0.012207736460136578,0.07679502294443963,0.05,0.016891556868405766,6.5839302164123445,0.00029334431998517786,0.8456656697370075,0.15433433026299248
