set,arm,parent,kind,stratum,selected,n_genes,n_complete,mnar_exposed,n_sel,G_tested,s,median_n_fit,median_miss_frac,N_set,N_null_mean,N_null_sd,N_z,N_p2,N_p_up,Nc_set,Nc_null_mean,Nc_null_sd,Nc_z,Nc_p2,Nc_p_up,D_set,D_null_mean,D_null_sd,D_z,D_p2,D_p_up,Nc_rhow_set,Nc_rhow_null_mean,Nc_rhow_null_sd,Nc_rhow_z,theta_raw,theta_set,theta_pc,lambda_hat_noise,lambda_hat_noise_raw,theta_pc_ci_lo,theta_pc_ci_hi,theta_pc_boot_se,theta_raw_ci_lo,theta_raw_ci_hi,theta_ci_lo,theta_ci_hi,lambda_ci_lo,lambda_ci_hi,n_boot,S_cross_mean,S_cross_null_mean,S_cross_z,Wm_mean,Wm_null_mean,Wm_z,frac_Nc_below_band,frac_Nc_above_band,rho2bar,median_cnt_depth,median_icc,mean_icc,median_lambda_poisson_ub,fX_if_lambda_icc,fX_if_lambda_poisson,lambda_lo,lambda_lo_source,lambda_hi,kappa_source,kappa,theta_noise_min,theta_reading_ok,margin_theta_pc_minus_tnm,margin_ci_hi_minus_tnm,r1_band_limit,margin_abs_theta_pc_minus_band,z_D_minus_gate,fX_lo,fX_hi,post_share_lb,N_z_unres,Nc_z_unres,D_z_unres,theta_pc_unres,theta_raw_unres,S_cross_z_unres,phi_op_D,E0_D_within,E0_D_unres,spline_theta_pc,spline_theta_raw,spline_N_z,spline_Nc_z,spline_D_z,spline_lambda_hat,spline_n_genes,spline_dp,dp_linear_published_mean,rnapc_theta_pc,rnapc_theta_raw,rnapc_N_z,rnapc_Nc_z,rnapc_D_z,rnapc_lambda_hat,rnapc_n_genes,phi_op_dp,dp_obs_set,E0_dp_within,E0_dp_unres
all,operator,all,primary,miss0,False,9205,9205,False,,9224.0,,99.0,0.0,26.653474231075236,-51.39248543176829,22.224411162519036,3.511722272060295,0.009950248756218905,0.004975124378109453,76.98642330052314,-197.60724538775014,83.56864823379465,3.2858455233122856,0.009950248756218905,0.004975124378109453,670.119902140412,135.34176719599375,91.0283686106636,5.874851357950967,0.009950248756218905,0.004975124378109453,58.54883603085759,-100.65541017507941,46.83564257996788,3.3992113150600907,0.03977418689691515,0.03977418689691515,0.14594082024493235,0.12735458731083432,0.03825271621294674,-0.16946298365701853,0.3971122674575609,0.29442189595383533,-0.21257019742393968,0.17864292018756486,-0.21257019742393968,0.17864292018756486,-0.059270288857430756,0.2842498306940615,200,-0.0642468368163652,-0.032488572771131576,-2.8510702615711137,0.1732977466953226,0.032903268607936555,5.6898768963563215,0.029440521455730582,0.10896252036936448,0.2890984157793876,1490.0,,,0.9943161614653264,,0.0008342457761800575,0.1651,transferred,0.9943161614653264,unselected,1.0,0.19774823332135585,True,-0.0518074130764235,0.19936403413620504,0.05,0.09594082024493235,2.874851357950967,0.0008342457761800575,0.7380132696698608,0.2619867303301392,0.8942738652737157,0.6298065428392773,6.50399843029352,0.03213677112799893,0.03977418689691515,-5.740792928068676,0.26664850166386006,135.34176719599375,-59.10494591368806,0.18161253227680726,0.07483492845097942,4.03306256806206,3.8899563378201814,5.75908258015516,0.15369888801607795,9154.0,-0.16562218662801437,-0.15773039641578593,-0.4177737964145043,-0.08022366353282012,0.8955056489830123,0.7985199890031701,-0.22564306558569697,-0.7175455069554547,9205.0,,,,
all|depthT1,operator,all,depth,depthT1,False,3068,9205,False,,3087.0,,99.0,0.0,10.51678427400803,-11.962446155089223,6.635197481561169,3.387876621843696,0.009950248756218905,0.004975124378109453,37.444167348926904,-44.845336867342496,24.558690433308467,3.3507285105341675,0.009950248756218905,0.004975124378109453,191.51981749217242,47.26326034349927,27.71487757454113,5.2050223480397815,0.009950248756218905,0.004975124378109453,24.04725156829837,-23.973028789624077,14.651052760084482,3.277599305952233,0.054912250918565435,0.054912250918565435,0.15582813615834318,0.13481946950718238,0.052053856489722786,-0.1779813600580792,0.5904195573703919,0.21833735157402354,-0.2190921439695829,0.20910478375720692,-0.2190921439695829,0.20910478375720692,-0.1690229336232017,0.3725459618395518,200,-0.046986778419307575,-0.026402765926488117,-2.291093581675278,0.15367312066425565,0.02435056269320449,5.492296377283406,0.02803129074315515,0.09061277705345502,0.28120893486376836,440.0,,,0.984015816453994,,0.0025312454214026503,0.1408,transferred,0.984015816453994,unselected,1.0,0.1638733705772812,True,-0.008045234418938035,0.4265461867931106,0.05,0.10582813615834318,2.2050223480397815,0.0025312454214026503,0.9509057854207986,0.04909421457920138,1.104760176451895,0.9966014936443512,6.084568652706915,0.04343999198126966,0.054912250918565435,-5.536253764096421,0.3163767278493384,47.26326034349927,-19.497804384341023,0.19683706506610724,0.09037627109288558,3.7667637379110848,3.8450189184910166,5.119931568623187,0.1644643793307278,3017.0,-0.1851759572541871,-0.17631695545654677,-0.14878443532664334,-0.08981859254726299,1.11369687205725,1.0713702209752651,-0.7458783143175224,-0.17479054836566282,3068.0,,,,
all|depthT2,operator,all,depth,depthT2,False,3068,9205,False,,3068.0,,99.0,0.0,10.280824994425142,-17.03576915244952,7.562405274594964,3.6121568674243947,0.009950248756218905,0.004975124378109453,30.074667702448252,-66.976027583649,28.69264994210703,3.382423564289663,0.009950248756218905,0.004975124378109453,225.45134737029292,43.65081470108605,31.020535921001596,5.860650929184104,0.009950248756218905,0.004975124378109453,22.574308324797407,-32.535854042429534,15.505389815561621,3.554258423862193,0.045601080296669885,0.045601080296669885,0.150255853191466,0.130628201347179,0.043612311765909254,-0.11015389497089807,0.5203391334173371,0.28787602877218493,-0.21491885972810698,0.18582313435884654,-0.21491885972810698,0.18582313435884654,-0.07320807070486549,0.3424213974632898,200,-0.06203966179878227,-0.031201829905007143,-2.632301887598955,0.17690630902517973,0.035270987164375454,5.5706629088301325,0.025097783572359842,0.10853976531942634,0.2742097170941371,1490.0,,,0.9934680041094069,,0.0009879237293243758,0.1736,transferred,0.9934680041094069,unselected,1.0,0.21006776379477252,True,-0.05981191060330651,0.3102713696225645,0.05,0.100255853191466,2.8606509291841036,0.0009879237293243758,0.7152732550543058,0.28472674494569417,1.0812704599900633,0.7705358295759407,6.410939944452799,0.03877573253912152,0.045601080296669885,-5.257937772882733,0.26037471596725575,43.65081470108605,-20.349515031212423,0.1876039367104285,0.0836746265752385,4.18491685417583,4.012606766744408,5.72321146662058,0.15796843620279413,3068.0,-0.1683240744891049,-0.16198158618429248,-0.6746078703658688,-0.05514487998736026,0.6283432438912944,0.7463495310810537,-0.1052883426786169,-2.073215080906823,3068.0,,,,
all|depthT3,operator,all,depth,depthT3,False,3069,9205,False,,3069.0,,99.0,0.0,5.855864962642065,-22.394270124229546,9.533733974205159,2.963176354962943,0.01990049751243781,0.009950248756218905,9.467588249147997,-85.78588093675862,35.58413063904153,2.676852503497674,0.01990049751243781,0.009950248756218905,253.14873727794662,44.42769215140838,34.15425015035052,6.111129484843811,0.009950248756218905,0.004975124378109453,11.927276137761812,-44.14652734302581,19.861029625199354,2.8233079824644176,0.02313211207612137,0.02313211207612137,0.13534876212288424,0.11921337886501769,0.02260911548283056,-0.13697210896614703,0.5121987529680542,0.7226235423454355,-0.2546192845417244,0.18563935719606647,-0.2546192845417244,0.18563935719606647,-0.08774592368209608,0.33873709092098075,200,-0.08370772704644577,-0.03985872021741244,-3.054888602959857,0.18930859173778333,0.03908624065591424,5.650801110999435,0.03519061583577713,0.12772890192245032,0.3118691733601853,4063.0,,,0.9978532616865938,,0.0002911834680283405,0.1857,transferred,0.9978532616865938,unselected,1.0,0.22804863072577675,True,-0.0926998686028925,0.2841501222422774,0.05,0.08534876212288424,3.1111294848438114,0.0002911834680283405,0.5935083306228575,0.40649166937714254,0.4460473284948661,0.13590731933814892,6.64051527243757,0.017390268261390226,0.02313211207612137,-5.739883526419053,0.23378792538742788,44.42769215140838,-19.257626498134645,0.16628777435304606,0.055547195597354874,3.4860184904877567,3.270364184833427,6.022336341885313,0.14257868255996073,3069.0,-0.14369872037288597,-0.1352089565866058,0.28371265603503776,-0.1011163321081943,0.6773975529654771,0.30873096598276734,0.3174331935623229,0.22100947178579042,3069.0,,,,
all|miss0-5,operator,all,miss,miss0-5,False,44,9205,False,,44.0,,98.0,0.010101010101010055,-0.0514580277039827,-0.008822567569534952,0.16201461168729622,-0.2631581169773643,0.8159203980099502,0.5970149253731343,-0.9351250737823522,-0.2763094951787627,0.7052834326063712,-0.9341146383787012,0.3383084577114428,0.835820895522388,0.6915884821863868,0.2287808335030095,0.4913365553030633,0.9419361203399796,0.3383084577114428,0.1691542288557214,-0.06956698631795971,-0.01040272096132357,0.32060620594197037,-0.18453874023681519,-0.0744055591286069,-0.0744055591286069,-0.09212349937547411,-0.10147139981275272,-0.08038678263728379,-1.8649494020675068,3.0970951130742206,1.4880744098841092,-3.094679872640907,2.858593760355119,-3.094679872640907,2.858593760355119,-2.5053280774070936,0.7622762381582168,200,-0.021853778079031036,-0.006291277749887919,-0.9615692660969021,0.15433011331930827,0.0045331742999500015,4.9988870312398745,0.022727272727272728,0.022727272727272728,0.16801845964299902,512.5,,,0.9931083594733638,,-0.0006392877833474587,0.1651,transferred,0.9931083594733638,unselected,1.0,0.19774823332135585,True,-0.28987173269683,2.8993468797528648,0.1,-0.007876500624525898,-2.05806387966002,0.0,0.0,1.0,-0.47741723435461186,-1.366042466039216,1.848315490413247,-0.07735856170400929,-0.0744055591286069,-1.7526913158367654,0.5597387700143979,0.2287808335030095,-0.35962297401772275,0.39189920120021227,0.10430143178169286,0.4905793240712213,0.3805555557796504,0.4953491487283931,0.28155717085136905,44.0,-0.27425419467055817,-0.2686938871303932,0.20364865478887173,-0.08491003973096771,-0.8340054288142652,-0.6553162548849828,-0.5674773861719652,0.1691927739699033,44.0,,,,
all|miss5-20,operator,all,miss,miss5-20,False,810,9205,False,,810.0,,90.0,0.09090909090909094,2.548066205477655,-2.695317147246665,1.0980499765780212,4.775177327597488,0.009950248756218905,0.004975124378109453,7.591769381821658,-12.70390380723314,4.6441303253837525,4.370177356592104,0.009950248756218905,0.004975124378109453,23.13005498637861,4.526421976015754,4.643132813131911,4.006698442428192,0.009950248756218905,0.004975124378109453,4.435041222093835,-4.737723682373566,2.0097077781898056,4.564228194772446,0.11016256584682665,0.11016256584682665,0.2818472794966218,0.21987586509315096,0.09923102186641934,-1.6180801375179115,4.510998336431176,12.13322544549496,-0.5165660460086947,1.6281895394637647,-0.5165660460086947,1.6281895394637647,-2.234474740664548,0.8277605834528419,200,-0.009019431530400005,-0.016770309015113963,1.2486744320090744,0.16815597613101418,0.03703431338877336,6.114251542245956,0.02962962962962963,0.07777777777777778,0.1891209077233324,751.75,,,0.9909890269035346,,0.0025628116799554,0.1651,transferred,0.9909890269035346,unselected,1.0,0.19774823332135585,True,0.08409904617526595,4.31325010310982,0.05,0.23184727949662182,1.006698442428192,0.0025628116799554,1.0,-0.42528342611586645,1.8726809343390074,1.3288493143719318,5.444479531150931,0.08237181254156799,0.11016256584682665,-2.2990455829746366,0.40239827839850556,4.526421976015754,-8.000432657645494,0.34383272543800864,0.17880995242393774,5.286392640866694,4.909813579641038,3.941207651200735,0.25585976508046404,805.0,-0.40927929598750984,-0.32853953299501293,0.013408160462031797,0.0030408915328212142,-0.40074385086396863,-0.740835240088777,-3.1040113101506077,0.013230760304829958,810.0,,,,
all|miss20+,operator,all,miss,miss20+,False,705,9205,False,,707.0,,63.0,0.36363636363636365,-0.43777281965504145,-3.7022422088791034,1.4063668481781997,2.3212075806912247,0.04975124378109453,0.024875621890547265,-3.5454041752343444,-11.562112148711636,3.805197259913126,2.1067785520428752,0.03980099502487562,0.01990049751243781,13.652228049671102,2.4555493563802604,5.752402637690839,1.9464351504062092,0.05970149253731343,0.029850746268656716,0.652108757345468,-4.589423978090524,1.8555679297637067,2.824759283322742,-0.03206603479390222,-0.03206603479390222,0.2915569410043144,0.22574067913536958,-0.03312832894243416,-5.364494329096596,8.547051917620974,154.20916965278263,-2.827172378738107,4.090860932605253,-2.827172378738107,4.090860932605253,-4.422818849153153,0.9445333087884612,200,-0.013761357951640886,-0.016388944584028762,0.4178211152012388,0.1367389782208269,0.018700664626279718,7.277757122072367,0.028368794326241134,0.05531914893617021,0.19913269359476027,540.5,,,0.9896642638552335,,0.003044927177280232,0.1651,transferred,0.9896642638552335,unselected,1.0,0.19774823332135585,True,0.09380870768295854,8.349303684299619,0.05,0.2415569410043144,-1.0535648495937908,0.003044927177280232,1.0,-0.4743845550848096,-0.12167258440405974,-0.6088538314034097,3.85055612138256,-0.008007975936264285,-0.03206603479390222,-2.7068276806597455,0.5191032342961901,2.4555493563802604,-9.630687311392087,0.42863281736760844,0.10616042277402239,2.7819526808217154,2.979697479526912,1.7659184803936097,0.30003007921755925,697.0,-0.8048091883372175,-0.7664799176494009,0.012442325463308857,-0.024433403929987135,-0.35270001800046735,-1.2974831361440757,-3.2939023058182415,0.01228941654292758,704.0,,,,
all|miss<=5,operator,all,miss,miss<=5,False,9249,9205,False,,9268.0,,99.0,0.0,26.602016203371257,-51.401307999337824,22.268310045265363,3.5028847741094737,0.009950248756218905,0.004975124378109453,76.05129822674081,-197.88355488292888,83.71459400041478,3.272247287113552,0.009950248756218905,0.004975124378109453,670.8114906225984,135.57054802949676,91.25503821052246,5.865330321360645,0.009950248756218905,0.004975124378109453,58.479269044539635,-100.66581289604073,46.925608715646746,3.3914335113891765,0.03965647067059212,0.03965647067059212,0.14573497278590739,0.1271978042457289,0.03814382133842073,-0.1702191679055474,0.3980517290072068,0.2964810221002315,-0.21309756028784232,0.17831221886163257,-0.21309756028784232,0.17831221886163257,-0.0610151937973341,0.2847721177655638,200,-0.06404516154504478,-0.03236394513777286,-2.8551017557308818,0.17320751252205582,0.032768304379419806,5.693348328411723,0.029408584711860742,0.10855227592172127,0.2885224056085582,1485.0,,,0.9943156813787508,,0.0008331398519487134,0.1651,transferred,0.9943156813787508,unselected,1.0,0.19774823332135585,True,-0.05201326053544847,0.20030349568585096,0.05,0.09573497278590738,2.865330321360645,0.0008331398519487134,0.7369723124103821,0.2630276875896179,0.8892667782023503,0.6180046519978898,6.499671813765529,0.03197915573478575,0.03965647067059212,-5.7533519734906315,0.26707039670448157,135.57054802949676,-59.46456888770578,0.18171217153844338,0.07485927606486163,4.027070164893909,3.8835376756512954,5.748314183493978,0.1537702461859867,9198.0,-0.16614184398329504,-0.15826120676493166,-0.3993481624518866,-0.08029022335402006,0.8812117385189151,0.7853815652521716,-0.23087512299629095,-0.6648579717695412,9249.0,,,,
pinned_sig,operator,pinned_sig,primary,miss0,True,684,684,False,684.0,9224.0,0.07415437987857762,99.0,0.0,5.566842295725021,-8.490430721171078,2.828780226003532,4.969376159969858,0.009950248756218905,0.004975124378109453,17.89484964133571,-31.914363725764762,10.783099017589535,4.619192802166707,0.009950248756218905,0.004975124378109453,139.31601945885012,32.65157110052926,11.168687107348221,9.550312165889494,0.009950248756218905,0.004975124378109453,10.096319354285718,-16.210974388393133,5.650449189129067,4.655788037753107,0.039958378924035386,0.039958378924035386,0.13178967531593197,0.11644360978919843,0.03842305589708045,0.048883178829527474,0.24137844389018362,0.06924471820780231,-0.04444330621136253,0.11603237089178041,-0.04444330621136253,0.11603237089178041,0.04660361580364506,0.1944438566261945,200,-0.1761248064496327,-0.09405729718074429,-5.556446008191128,0.1754446202268557,0.03896100780796833,5.271948868450243,0.019005847953216373,0.23830409356725146,0.29098531270094974,2085.5,,,0.9955308657008657,,0.0005916298313980987,0.1651,transferred,0.9955308657008657,table,0.4,0.07909929332854235,True,0.05269038198738962,0.16227915056164127,0.05,0.08178967531593197,6.550312165889494,0.0005916298313980987,1.0,-0.6661296172209508,1.575385886704382,1.2610534709005705,10.506961892008373,0.03610708376398926,0.039958378924035386,-10.318760027545265,0.2556021215482647,32.65157110052926,-3.973545766901251,0.16980198117773818,0.07572057977809091,5.654493565442019,5.20351643002858,9.487850939957806,0.14515446537950313,682.0,0.06673437058398697,0.06913264714527374,0.05143495782898057,0.033812169896534,1.7404875139045677,0.3262517720410485,3.483274803625049,0.04891882036639173,684.0,0.24953046324743658,47.328950098910994,-128.07397422355604,-186.395292835015
pinned_sig|depthT1,operator,pinned_sig,depth,depthT1,True,228,684,False,228.0,4253.0,0.053609217023277686,99.0,0.0,1.9582571770102946,-2.4460898403901568,0.780633322388772,5.642017693944908,0.009950248756218905,0.004975124378109453,6.882843354131033,-9.56486963047702,3.107456659928227,5.292982263182376,0.009950248756218905,0.004975124378109453,48.44986359410508,12.924954895572192,3.663216528682643,9.697736516631267,0.009950248756218905,0.004975124378109453,3.330243623495109,-4.754869339636273,1.555870653666671,5.1965199961047235,0.04041821858191066,0.04041821858191066,0.12397912278328649,0.1103037594473103,0.038848049620854065,0.06307128056238404,0.22285432548289658,0.050603701008366135,-0.03480745845423962,0.10346187260965385,-0.03480745845423962,0.10346187260965385,0.059318945873481375,0.18224103941448738,200,-0.15665515953252657,-0.09228604916890308,-5.109624088093715,0.15847955241421222,0.02986802461373012,5.159224478548025,0.017543859649122806,0.23684210526315788,0.261009332783153,656.5,,,0.987536470756983,,0.0015647193476800068,0.1408,transferred,0.987536470756983,table,0.4,0.06554934823091249,True,0.058429774552374,0.15730497725198408,0.05,0.07397912278328649,6.697736516631267,0.0015647193476800068,1.0,-0.8913860492791144,1.9293198866396377,1.6372947130858668,11.396298004523965,0.037320931994238866,0.04041821858191066,-10.541915307698327,0.28418342236782695,12.924954895572192,-1.1786443346224262,0.16150847011056915,0.07818035990282246,6.258212906863419,5.686841609003597,9.773434032277994,0.13905061759488888,226.0,0.07075360448152089,0.07194896605678246,0.071233734853178,0.046149508580467014,2.005112032386557,1.3804060178395081,3.280300901271109,0.06649691149144141,228.0,0.2752569278654783,16.440951074667147,-42.351511621590014,-64.6808491284047
pinned_sig|depthT2,operator,pinned_sig,depth,depthT2,True,228,684,False,228.0,2788.0,0.08177905308464849,99.0,0.0,1.949352901257165,-2.6754438373238587,1.0794995070060809,4.28420458607488,0.009950248756218905,0.004975124378109453,5.6808438374748285,-10.684997097751195,4.190419512700705,3.9055375925066556,0.009950248756218905,0.004975124378109453,45.935970803167336,9.81333568809246,3.889867166912115,9.286341554884002,0.009950248756218905,0.004975124378109453,3.5625023239992406,-4.967386162769692,2.137379733669228,3.990815647964304,0.0424363057354337,0.0424363057354337,0.1280304364243621,0.11349909744474074,0.040708775684376315,0.023466461349702365,0.2542187745939866,0.07635625937568873,-0.06084407470304456,0.1303047960657287,-0.06084407470304456,0.1303047960657287,0.022916879621584806,0.20269083792148515,200,-0.17843982434807795,-0.09117838321350831,-5.1098485860719975,0.1765113002999143,0.042154992893470314,4.8479436756345615,0.021929824561403508,0.2412280701754386,0.28872244865288055,2085.5,,,0.9952227272309314,,0.0006145722970413514,0.1736,transferred,0.9952227272309314,table,0.4,0.084027105517909,True,0.0440033309064531,0.17019166907607763,0.05,0.0780304364243621,6.286341554884002,0.0006145722970413514,1.0,-0.5236801938521434,1.5205962392036128,1.0898477481030207,10.088207731156112,0.03766426835577966,0.0424363057354337,-9.825562171142657,0.23792971478303473,9.81333568809246,-1.4646900227439885,0.16899998200809735,0.08141324850265068,4.966334845008553,4.528524850517782,9.226777435160425,0.14456799367763098,228.0,0.06546297488583988,0.066628259950102,0.05455239948240588,0.04065342850117953,1.3939967496467822,0.6113625419253781,3.292219336603966,0.051730382965494384,228.0,0.23406043801955542,15.191243268623246,-44.2706112097673,-62.44132388151005
pinned_sig|depthT3,operator,pinned_sig,depth,depthT3,True,228,684,False,228.0,2183.0,0.10444342647732478,99.0,0.0,1.6592322174575613,-3.368897043457062,1.1047843308167695,4.551231512486528,0.009950248756218905,0.004975124378109453,5.331162449729849,-11.66449699753655,4.026199054632348,4.221266563487968,0.009950248756218905,0.004975124378109453,44.930185061577696,9.913280516864608,3.803971652864586,9.205353704027619,0.009950248756218905,0.004975124378109453,3.2035734067913673,-6.488718885987171,2.2372894839058612,4.332158338248536,0.036929120482890314,0.036929120482890314,0.1435914832076092,0.12556186830357968,0.035613929393450434,0.042124615565063396,0.29744195871294377,0.11710792740600297,-0.05323014895118732,0.14290546032699325,-0.05323014895118732,0.14290546032699325,0.04749728969276242,0.22928748506110136,200,-0.19327943546829357,-0.0987074591598215,-5.403030088475534,0.1913430079664406,0.044860005916704575,5.255179912922268,0.017543859649122806,0.23684210526315788,0.3232241566668157,5010.5,,,0.9983067457336521,,0.00024354928241402367,0.1857,transferred,0.9983067457336521,table,0.45,0.10262188382659954,True,0.040969599381009664,0.19482007488634423,0.05,0.0935914832076092,6.205353704027619,0.00024354928241402367,1.0,-0.399228681576691,1.1921163925188556,0.9756969785159815,9.656675903755977,0.033209290718014914,0.036929120482890314,-9.02308394796871,0.24304789375120212,9.913280516864608,-1.3302114095348367,0.17901895713477364,0.06733951002590544,5.220223018902747,4.855260505100098,9.029637171121598,0.15183721690940546,228.0,0.06402178882229781,0.06884541998079212,0.023041463611696258,0.004259830912589678,0.46434781870290437,-1.1026181534012203,3.3508401090524322,0.022522511971657323,228.0,0.23771239174210987,15.696755755620599,-41.45185139219871,-59.27311982510027
pinned_sig|miss<=5,operator,pinned_sig,miss,miss<=5,True,685,684,False,685.0,9268.0,0.0739102287440656,99.0,0.0,5.5549116595773995,-8.495283291057369,2.8280859725304595,4.968093292462114,0.009950248756218905,0.004975124378109453,17.77670328581459,-31.965408007488648,10.778114057536827,4.6151034427511926,0.009950248756218905,0.004975124378109453,139.49326004096463,32.683484819659704,11.171747180408667,9.56070465044285,0.009950248756218905,0.004975124378109453,10.075123371919052,-16.220131959869345,5.6493617577335495,4.654553285739257,0.03982207927426818,0.03982207927426818,0.13154409249081755,0.11625184857026244,0.038297012602445925,0.04842075269213443,0.2404762072443953,0.06906917930244835,-0.04435624407957563,0.11573695247510658,-0.04435624407957563,0.11573695247510658,0.0461830324745157,0.19385796359108232,200,-0.17612119808002147,-0.09400793080253778,-5.575048415141455,0.17542260556751302,0.03870880812227,5.284349225437037,0.01897810218978102,0.23795620437956205,0.2906075034240149,2083.0,,,0.9955223201375423,,0.0005916616052265228,0.1651,transferred,0.9955223201375423,table,0.4,0.07909929332854235,True,0.05244479916227521,0.16137691391585296,0.05,0.08154409249081755,6.560704650442849,0.0005916616052265228,1.0,-0.6630248761445121,1.5707351483702459,1.2501128721036225,10.515120700024507,0.03597391351681437,0.03982207927426818,-10.338194917258212,0.25559063794320286,32.683484819659704,-3.9893191224547637,0.16940357965611705,0.07552164149072202,5.650831276935129,5.193777184615634,9.500232936202488,0.14486322994319295,683.0,0.06675445213045088,0.06914596223706186,0.05095852488627433,0.033069177696670636,1.7378917277522197,0.3269036385937766,3.5051553330429823,0.04848766500256385,685.0,0.24969060228995552,47.40717695374755,-128.31209707971368,-186.78857558481732
ecm,operator,ecm,primary,miss0,False,202,202,False,,202.0,,99.0,0.0,0.39996575328920175,-2.0112584798931423,1.0310796369000692,2.338543160867444,0.029850746268656716,0.014925373134328358,1.9757240231908504,-5.990525229971577,3.506114011654057,2.2721021697193016,0.029850746268656716,0.014925373134328358,12.11233577479419,2.3281540997356247,2.1409047378206125,4.570115382629597,0.009950248756218905,0.004975124378109453,1.0719891802218093,-4.222542065448502,2.271453503212262,2.330900121082316,0.03302135613855189,0.03302135613855189,0.24644107328147205,0.19771578341258703,0.0319658020062491,-0.9752210142075156,1.2058727691850555,1.5544875774905875,-0.8692220849310517,0.9977817371586908,-0.8692220849310517,0.9977817371586908,-0.452848591302908,0.5583267828429372,200,-0.061806093727826215,-0.03915860459284325,-1.5901199446406658,0.2043323012563829,0.01805526697212776,5.549869214492842,0.019801980198019802,0.12871287128712872,0.39695469789822824,2707.5,,,0.9985079772090023,,0.00036824512809768465,0.1651,transferred,0.9985079772090023,unselected,1.0,0.19774823332135585,True,0.048692839960116197,1.0081245358636997,0.05,0.19644107328147203,1.5701153826295968,0.00036824512809768465,1.0,-0.24623653593398553,0.3347745214137487,0.4540344532910968,4.926495998267217,0.0283005078390584,0.03302135613855189,-3.5990110729252796,0.2640890531963882,2.3281540997356247,-1.1829980119304315,0.3261699929167606,0.08403782960591695,2.6756354706736953,2.713776347960486,4.145390992466049,0.24594885622422105,199.0,-0.14649820328080407,-0.1445441562041849,0.6660400475416474,0.30151618833268623,-0.7744116175341851,-0.8740970639870865,-0.2898364160212631,0.3997743322703639,202.0,,,,
ecm|depthT1,operator,ecm,depth,depthT1,False,67,202,False,,67.0,,99.0,0.0,0.29961894561243985,-0.4563393153060158,0.33031116012903106,2.2886246429674126,0.04975124378109453,0.024875621890547265,1.6628634982369945,-1.0661828303632181,1.196133134211239,2.281557337177033,0.04975124378109453,0.024875621890547265,3.993892324521779,0.8747158860643519,0.9654595705189241,3.2307685725057382,0.01990049751243781,0.009950248756218905,0.620669862726638,-0.989368261097486,0.7290190981403107,2.208499239500373,0.07501928476459756,0.07501928476459756,0.2423582877832685,0.19507922164362645,0.06978412929682923,-0.6061467042002028,1.186160831090893,0.9784851019243151,-0.8641010032417796,1.153208171160299,-0.8641010032417796,1.153208171160299,-0.3981576732513278,0.5466982962497559,200,-0.012974679548490615,-0.015562458536631674,0.18598890044541264,0.13582805411648324,0.008340029158549813,4.775935559281297,0.029850746268656716,0.13432835820895522,0.3147899505015217,508.0,,,0.9937987154049469,,0.0015123109873425638,0.1408,transferred,0.9937987154049469,unselected,1.0,0.1638733705772812,True,0.0784849172059873,1.0222874605136119,0.1,0.1423582877832685,0.23076857250573823,0.0015123109873425638,1.0,-0.4789363697683542,0.8270191852885316,1.1557127511505,3.497468088673567,0.0646257426152914,0.07501928476459756,-1.251272824935775,0.2916718922517275,0.8747158860643519,-0.4096833691960369,0.3624518783910795,0.14539417144690084,2.6382989569019903,2.724954616387613,2.9562027968152504,0.266029123038899,64.0,-0.18543302966732378,-0.1833489965052053,0.06934107201374166,0.14081209094744596,-0.32804912413878773,-0.3483468073084708,-1.0416674545469682,0.06484467288174131,67.0,,,,
ecm|depthT2,operator,ecm,depth,depthT2,False,67,202,False,,67.0,,99.0,0.0,0.3727236428047906,-0.7681238574981566,0.3695934009182526,3.086763717827533,0.009950248756218905,0.004975124378109453,1.4830270929408587,-2.25616453167454,1.2193820611128459,3.0664643542507886,0.009950248756218905,0.004975124378109453,3.5274093522443293,0.4876694378925528,0.7499255099613593,4.053389135286786,0.009950248756218905,0.004975124378109453,0.8315172808585979,-1.596865681949758,0.8066168166785692,3.010578148875922,0.10566498117595667,0.10566498117595667,0.37531089252622213,0.2728916745775474,0.0955669058665258,-0.05656125559940117,1.8679519374141944,0.7515643181997846,-0.8137733685434594,0.7304818108949341,-0.8137733685434594,0.7304818108949341,-0.041069317663167175,0.6533915180900072,200,-0.06949756056046084,-0.045019019262992746,-1.2961061619250815,0.227649831340981,0.03265836428188276,5.7455909208735765,0.014925373134328358,0.1791044776119403,0.4399445354154316,2698.0,,,0.9985474142859952,,0.0005459643007375706,0.1736,transferred,0.9985474142859952,unselected,1.0,0.21006776379477252,True,0.1652431287314496,1.6578841736194219,0.1,0.2753108925262221,1.0533891352867863,0.0005459643007375706,1.0,-0.7866182118874998,0.9238319366972177,1.0375910141897697,4.643214693612171,0.09924065750548947,0.10566498117595667,-3.339830606815846,0.2170879112380001,0.4876694378925528,-0.35519759428838327,0.5356787242220189,0.23382533280279744,3.7367362677518274,3.7297648251803173,3.543483291783685,0.3488221304188452,67.0,-0.1477857195604688,-0.14113784918013136,-35.98265074860008,0.7318909914081126,-0.707393777612384,-0.7760394562385581,0.006441709286975707,,67.0,,,,
ecm|depthT3,operator,ecm,depth,depthT3,False,68,202,False,,68.0,,99.0,0.0,-0.2723768351280287,-0.7867953070889699,0.4459495291878049,1.153535183449654,0.26865671641791045,0.13432835820895522,-1.1701665679870028,-2.668177867933817,1.5306257220673367,0.978692098499121,0.3781094527363184,0.1890547263681592,4.59103409802808,0.9657687757787201,0.8110503149326139,4.469840225079705,0.009950248756218905,0.004975124378109453,-0.3801979633634263,-1.6363081224012581,0.9853992328706789,1.2747220792718847,-0.05932799219352754,-0.05932799219352754,0.14189815813032994,0.12426516070633196,-0.06306979659347245,-1.9170880285358751,2.0770035274482,2.8255805654244277,-1.092875075602857,1.4979514544270882,-1.092875075602857,1.4979514544270882,-0.9663618853864514,0.6946315213901582,200,-0.10234104184884038,-0.056633516399698526,-2.1998752398006394,0.2488545077667536,0.013239287762659186,5.278442470140101,0.014705882352941176,0.07352941176470588,0.43555350616185656,8252.5,,,0.9996050778326586,,5.6060867830006616e-05,0.1857,transferred,0.9996050778326586,unselected,1.0,0.22804863072577675,True,-0.08615047259544681,1.8489548967224234,0.1,0.04189815813032993,1.4698402250797047,5.6060867830006616e-05,0.62222762609331,0.37777237390669005,-0.590234702654192,-0.6869890904014869,4.990054211619626,-0.05861913704301685,-0.05932799219352754,-4.069279706699499,0.27627152460728593,0.9657687757787201,-0.41811704844601144,0.1464428043617612,-0.05804766581097796,1.134751679020065,1.114591469143965,4.2913844755679005,0.12773668586396483,68.0,-0.10858507858264525,-0.11137816784163021,-0.5340003591132659,0.2775789378321237,-0.7985224165429224,-0.9400282115233752,0.3885232315181639,-1.1459244004933904,68.0,,,,
ecm|miss20+,operator,ecm,miss,miss20+,False,19,202,False,,19.0,,63.0,0.36363636363636365,-0.12200547045937252,-0.26933022935982104,0.18173059096080924,0.810676717230395,0.42786069651741293,0.21393034825870647,-0.09375188746617655,-0.5177743513363409,0.4948285587081732,0.8569078247568022,0.3880597014925373,0.19402985074626866,1.2572638602924904,0.13417763123177678,0.4638901621306022,2.4210175613608365,0.009950248756218905,0.004975124378109453,-0.2526698365400959,-0.4092188428411873,0.2717369163991183,0.576105037090939,,,,,,,,,,,,,-1.5509222828269242,0.8971889285111285,200,-0.016222007548426006,-0.011112196085844416,-0.18476145866585758,0.12304836157576392,-0.003111411035378349,3.018005707593019,0.05263157894736842,0.15789473684210525,0.3589024964039,457.5,,,0.9953607944603354,,0.0006114004029818748,0.1651,transferred,0.9953607944603354,unselected,1.0,0.19774823332135585,False,,,0.1,,-0.5789824386391635,,,,-0.6425634348985397,-0.2386360036563904,2.9567059877739537,,,-0.9462570588347394,0.21443762836789257,0.13417763123177678,-0.17239503073529228,,,0.659165338874777,0.7118405258526501,2.27658491609611,0.1139462237603917,19.0,-0.40992119727421905,-0.43000891600243124,,,-0.505869144601543,-0.46471841525204166,1.0862057511568617,-0.20433792758260627,19.0,,,,
ecm|miss<=5,operator,ecm,miss,miss<=5,False,202,202,False,,202.0,,99.0,0.0,0.39996575328920175,-2.0112584798931423,1.0310796369000692,2.338543160867444,0.029850746268656716,0.014925373134328358,1.9757240231908504,-5.990525229971577,3.506114011654057,2.2721021697193016,0.029850746268656716,0.014925373134328358,12.11233577479419,2.3281540997356247,2.1409047378206125,4.570115382629597,0.009950248756218905,0.004975124378109453,1.0719891802218093,-4.222542065448502,2.271453503212262,2.330900121082316,0.03302135613855189,0.03302135613855189,0.24644107328147205,0.19771578341258703,0.0319658020062491,-0.9752210142075156,1.2058727691850555,1.5544875774905875,-0.8692220849310517,0.9977817371586908,-0.8692220849310517,0.9977817371586908,-0.452848591302908,0.5583267828429372,200,-0.061806093727826215,-0.03915860459284325,-1.5901199446406658,0.2043323012563829,0.01805526697212776,5.549869214492842,0.019801980198019802,0.12871287128712872,0.39695469789822824,2707.5,,,0.9985079772090023,,0.00036824512809768465,0.1651,transferred,0.9985079772090023,unselected,1.0,0.19774823332135585,True,0.048692839960116197,1.0081245358636997,0.05,0.19644107328147203,1.5701153826295968,0.00036824512809768465,1.0,-0.24623653593398553,0.3347745214137487,0.4540344532910968,4.926495998267217,0.0283005078390584,0.03302135613855189,-3.5990110729252796,0.2640890531963882,2.3281540997356247,-1.1829980119304315,0.3261699929167606,0.08403782960591695,2.6756354706736953,2.713776347960486,4.145390992466049,0.24594885622422105,199.0,-0.14649820328080407,-0.1445441562041849,0.6660400475416474,0.30151618833268623,-0.7744116175341851,-0.8740970639870865,-0.2898364160212631,0.3997743322703639,202.0,,,,
pinned_sig&ecm,operator,pinned_sig&ecm,primary,miss0,True,13,13,True,13.0,202.0,0.06435643564356436,99.0,0.0,-0.2089339713324669,-0.3447845148374823,0.11265684410357407,1.2058791863556693,0.23880597014925373,0.11940298507462686,-0.723420296924127,-1.1411648760899795,0.38425070149393703,1.0871667313597448,0.25870646766169153,0.12935323383084577,2.3311277621544466,0.6705983557236098,0.28087154210915405,5.912059989991836,0.009950248756218905,0.004975124378109453,-0.41044600091999217,-0.7045583429611514,0.22823420610458076,1.2886426932271142,,,,,,,,,,,,,-0.2505682640581112,0.31663442458170604,200,-0.2784520879301331,-0.15560643600624188,-3.377500594923416,0.2029803165201705,0.03723434576835652,4.537776253993339,0.0,0.15384615384615385,0.3769168917206752,5557.0,,,0.9985052571958091,,0.0001224703403815687,0.1651,transferred,0.9985052571958091,table,0.4,0.07909929332854235,False,,,0.1,,2.9120599899918362,,,,-1.6895551916619316,-1.6010568140412653,7.937073333303316,,,-6.354714293789498,0.3157012007106168,0.6705983557236098,-0.09548676377374427,,,1.9409914825444397,1.918200912941638,5.992916357205107,0.13040144270865386,13.0,0.062454616177032636,0.06516985526248051,,,0.02385438434687869,-0.46538422680284464,2.1777342213626203,0.002926292364210159,13.0,0.314201901844381,0.847208118412244,-1.888282843217629,-3.141562000645661
folding,operator,folding,primary,miss0,False,183,183,False,,183.0,,99.0,0.0,1.3723547481244813,-0.509772878071047,0.5745846867103089,3.275631372933629,0.009950248756218905,0.004975124378109453,3.4811007464572334,-2.230289598820296,2.3360188669846225,2.444924750393776,0.01990049751243781,0.009950248756218905,17.929401555757007,3.4215139859254453,2.798752195785324,5.18369850381151,0.009950248756218905,0.004975124378109453,2.494100254507732,-0.9556122729561954,1.17006422443735,2.9483104050316506,0.07654213911472287,0.07654213911472287,0.12973133525719624,0.11483379384857145,0.07109999351968337,-0.08970679290597906,0.3929013125647644,0.14149568835141868,-0.11002318483949629,0.24195261592224482,-0.11002318483949629,0.24195261592224482,-0.09855273174423422,0.2820621767420582,200,-0.05769917868215119,-0.029135469474947807,-2.283493431150483,0.1576722861261582,0.03012484801191026,5.537842743675556,0.03825136612021858,0.14207650273224043,0.243764455064168,2752.0,,,0.996625460732165,,0.0004392658048014008,0.1651,transferred,0.996625460732165,unselected,1.0,0.19774823332135585,True,-0.06801689806415961,0.19515307924340855,0.05,0.07973133525719624,2.1836985038115104,0.0004392658048014008,0.6560429546107398,0.3439570453892602,1.9389063340159773,1.1578186988508783,6.481763207222354,0.0686031570068534,0.07654213911472287,-4.0810023611679345,0.24287279356269714,3.4215139859254453,-1.2323554732884807,0.1701382371219117,0.11504302068470923,3.6858894508399533,3.190998591709676,5.056045294801782,0.1454001174599559,183.0,-0.1517779908811532,-0.14099492156864277,-0.012049206557222782,0.025376166766179563,-0.05819170376270699,0.940220546400784,0.8832888436550238,-0.01219616061568625,183.0,,,,
folding|depthT1,operator,folding,depth,depthT1,False,61,183,False,,61.0,,99.0,0.0,0.2513740466056916,-0.23839449469077997,0.2292925037152267,2.1359989243466377,0.029850746268656716,0.014925373134328358,0.7265268586832838,-1.0596973637612814,1.036590341231295,1.723172743750276,0.09950248756218906,0.04975124378109453,5.969483909653887,0.9022265824380297,1.0538533271091859,4.808313639921598,0.009950248756218905,0.004975124378109453,0.5194453143122987,-0.48122316776480006,0.4856607459893013,2.060426934523431,0.04210984574381178,0.04210984574381178,0.09665357602148242,0.08813501194436361,0.0404082601424379,-0.10582343471034146,0.38057342033065544,0.1234343763256649,-0.14885371098988148,0.20866062784833392,-0.14885371098988148,0.20866062784833392,-0.11834793303096504,0.27566294203561426,200,-0.05049623216144594,-0.02564724310725504,-1.5143674321921878,0.14168011566624242,0.02093419772812604,4.600946837351989,0.03278688524590164,0.14754098360655737,0.23354212288082715,715.0,,,0.9876819197912776,,0.0012054351487410726,0.1408,transferred,0.9876819197912776,unselected,1.0,0.1638733705772812,True,-0.0672197945557988,0.21670004975337423,0.1,-0.0033464239785175875,1.8083136399215984,0.0012054351487410726,0.5898064809492733,0.41019351905072665,1.0013528169156487,0.6160848801094904,5.829348332176319,0.03693800841275279,0.04210984574381178,-3.5320337707247424,0.21146830677463746,0.9022265824380297,-0.4567096989873246,0.14287267778568707,0.07526492039614993,2.6190792817272013,2.569877642079843,4.709160403246726,0.12501189376799393,61.0,-0.16893969930893435,-0.14025858509816586,0.030034456092094163,0.05071335100910233,0.30103262961973076,1.273457468268485,1.5737337152704323,0.029158690677245476,61.0,,,,
folding|depthT2,operator,folding,depth,depthT2,False,61,183,False,,61.0,,99.0,0.0,0.2843862055373562,-0.2103648355235997,0.19922317086948424,2.483401096878831,0.029850746268656716,0.014925373134328358,0.6741012231729624,-0.8359516850177304,0.8172702556094351,1.8476787792364382,0.07960199004975124,0.03980099502487562,6.039046973382409,1.068241661174113,0.8585404418186408,5.789832452946155,0.009950248756218905,0.004975124378109453,0.4896188452486825,-0.3395249603053825,0.4064401741755535,2.0400143938427044,0.047091239195656456,0.047091239195656456,0.09953136564126693,0.0905216247134691,0.04497338668579685,-0.17100120044383438,0.49521102834761016,0.5759536174839242,-0.17699971570533427,0.2039872012269244,-0.17699971570533427,0.2039872012269244,-0.1793636223684974,0.3317935816758912,200,-0.06672492510524154,-0.032555646888718225,-2.242355028057796,0.1839779554904605,0.04784597320553838,4.967369117526178,0.04918032786885246,0.13114754098360656,0.21863196072323457,2752.0,,,0.996538899968615,,0.0003456844612444434,0.1736,transferred,0.996538899968615,unselected,1.0,0.21006776379477252,True,-0.11053639815350559,0.28514326455283767,0.1,-0.00046863435873308046,2.789832452946155,0.0003456844612444434,0.47380599404345036,0.5261940059565496,1.2088394757983056,0.6486889922714918,6.616957179501002,0.042966924848429795,0.047091239195656456,-3.943258875244093,0.22450482549524184,1.068241661174113,-0.37079989043943307,0.11893891921651543,0.06541131205197527,2.6383920687791753,2.079886963061527,5.750088656386423,0.10629616789073425,61.0,-0.154855344167246,-0.1509490999688346,-0.47928463183266334,-0.5778526217874042,-0.6045913629600365,0.07773033674064617,0.3281363565156152,-0.9204349653045785,61.0,,,,
folding|depthT3,operator,folding,depth,depthT3,False,61,183,False,,61.0,,99.0,0.0,0.8365944959814333,-0.06101354785666729,0.29512767756284564,3.0414227877592417,0.009950248756218905,0.004975124378109453,2.0804726646009875,-0.33464055004128423,1.1384978359026894,2.121315595411196,0.029850746268656716,0.014925373134328358,5.9208706727207145,1.4510457423133027,1.0663452873223855,4.191723809865782,0.009950248756218905,0.004975124378109453,1.485036094946751,-0.1348641448860128,0.6012482659358299,2.694228543530889,0.14129585701573982,0.14129585701573982,0.20081503365642694,0.16723227810111133,0.12380300528313508,-0.057839189160025485,0.967739857176493,0.2827726205687182,-0.05386431279596757,0.48223622943803934,-0.05386431279596757,0.48223622943803934,-0.06151128247874736,0.4917832638264196,200,-0.05587637877976608,-0.02920351842887016,-1.4611854922468184,0.1473587872217716,0.02159437310206636,5.014426170423571,0.03278688524590164,0.14754098360655737,0.27911928158844224,6466.0,,,0.9988353158674728,,0.0002341588043164427,0.1857,transferred,0.9988353158674728,unselected,1.0,0.22804863072577675,True,-0.027233597069349802,0.7396912264507163,0.1,0.10081503365642694,1.191723809865782,0.0002341588043164427,0.8805798702554036,0.11942012974459637,2.245760556060546,1.4386125080881218,5.503184730441075,0.12674845873243037,0.14129585701573982,-2.562044721725074,0.29338836313236566,1.4510457423133027,-0.40484588386172293,0.2613709433664572,0.21030922372771102,3.52208473103506,3.0402386023005596,3.905587600857401,0.20721179978102838,61.0,-0.13153892916727916,-0.13177707963892785,0.22402092709380397,0.9466216534156413,0.27365880034946216,0.7097866979882114,0.28731515541640423,0.18302050409031603,61.0,,,,
folding|miss<=5,operator,folding,miss,miss<=5,False,183,183,False,,183.0,,99.0,0.0,1.3723547481244813,-0.509772878071047,0.5745846867103089,3.275631372933629,0.009950248756218905,0.004975124378109453,3.4811007464572334,-2.230289598820296,2.3360188669846225,2.444924750393776,0.01990049751243781,0.009950248756218905,17.929401555757007,3.4215139859254453,2.798752195785324,5.18369850381151,0.009950248756218905,0.004975124378109453,2.494100254507732,-0.9556122729561954,1.17006422443735,2.9483104050316506,0.07654213911472287,0.07654213911472287,0.12973133525719624,0.11483379384857145,0.07109999351968337,-0.08970679290597906,0.3929013125647644,0.14149568835141868,-0.11002318483949629,0.24195261592224482,-0.11002318483949629,0.24195261592224482,-0.09855273174423422,0.2820621767420582,200,-0.05769917868215119,-0.029135469474947807,-2.283493431150483,0.1576722861261582,0.03012484801191026,5.537842743675556,0.03825136612021858,0.14207650273224043,0.243764455064168,2752.0,,,0.996625460732165,,0.0004392658048014008,0.1651,transferred,0.996625460732165,unselected,1.0,0.19774823332135585,True,-0.06801689806415961,0.19515307924340855,0.05,0.07973133525719624,2.1836985038115104,0.0004392658048014008,0.6560429546107398,0.3439570453892602,1.9389063340159773,1.1578186988508783,6.481763207222354,0.0686031570068534,0.07654213911472287,-4.0810023611679345,0.24287279356269714,3.4215139859254453,-1.2323554732884807,0.1701382371219117,0.11504302068470923,3.6858894508399533,3.190998591709676,5.056045294801782,0.1454001174599559,183.0,-0.1517779908811532,-0.14099492156864277,-0.012049206557222782,0.025376166766179563,-0.05819170376270699,0.940220546400784,0.8832888436550238,-0.01219616061568625,183.0,,,,
pinned_sig&folding,operator,pinned_sig&folding,primary,miss0,True,14,14,True,14.0,183.0,0.07650273224043716,99.0,0.0,0.28690851103979864,-0.017907370393427137,0.08244106589070578,3.697379190091113,0.009950248756218905,0.004975124378109453,1.0182938061016302,-0.07274460852074555,0.35740728879770134,3.0526473544861648,0.009950248756218905,0.004975124378109453,3.1368784061364656,0.7363971167218614,0.35095862056263616,6.839784375623241,0.009950248756218905,0.004975124378109453,0.5502257621030979,-0.024336122032495112,0.1624217559183069,3.537468739253009,,,,,,,,,,,,,-0.020186667912668713,0.276550565281218,200,-0.10058175421562834,-0.046471186994891625,-2.257924931747386,0.12811318569915928,0.037379465311521164,2.601927234662956,0.07142857142857142,0.21428571428571427,0.2107730397464826,2631.0,,,0.9966313522418502,,0.00042920060139070673,0.1651,transferred,0.9966313522418502,table,0.4,0.07909929332854235,False,,,0.1,,3.839784375623241,,,,3.2489993575555847,2.433727078444287,8.97462547337571,,,-3.443961582483992,0.2575955875614073,0.7363971167218614,-0.09650928552566888,,,4.625567578262471,4.084338780943802,6.6019184977943,0.16614528671616777,14.0,0.054572741546248985,0.06397962896914056,,,1.9117280192941042,2.4745001071539634,2.9664291719889926,0.13174959962613142,14.0,0.2711675664034761,0.895714805567966,-2.8720150461671072,-4.273827160536221
ptm,operator,ptm,primary,miss0,False,992,992,False,,993.0,,99.0,0.0,4.6147177592969335,-5.22619347715985,2.3531789693977982,4.18196463780873,0.009950248756218905,0.004975124378109453,15.85328376553569,-21.649814683277683,9.561796880088165,3.9221810418197856,0.009950248756218905,0.004975124378109453,79.99279245382414,14.75150368081041,11.187517736178926,5.831614332286793,0.009950248756218905,0.004975124378109453,8.995062651268324,-10.173723602863486,4.683308415858975,4.093001047981596,0.05768916945812062,0.05768916945812062,0.1508387007910757,0.13106849872826715,0.05454264931886952,-0.10843076400790742,0.44222931899058776,0.24573174562960653,-0.16108216184484095,0.1925379772543206,-0.16108216184484095,0.1925379772543206,-0.028840321054749145,0.30848956272588735,200,-0.0490803962241225,-0.02953093614785976,-1.7206079705255983,0.17964408221892747,0.04198994688425322,5.438403142140249,0.03125,0.12903225806451613,0.2298646824125843,1942.5,,,0.9944640129918193,,0.0008396895986191106,0.1651,transferred,0.9944640129918193,unselected,1.0,0.19774823332135585,True,-0.04690953253028016,0.2444810856692319,0.05,0.1008387007910757,2.831614332286793,0.0008396895986191106,0.7627815341639558,0.23721846583604422,1.4952527834519203,1.2311789929915113,6.493509542645452,0.04976735861589239,0.05768916945812062,-4.284760297371646,0.24654911467867344,14.75150368081041,-6.597176506382304,0.18642390553756283,0.09423171823810528,4.811800965908763,4.725792310261106,5.6979358938276405,0.15713094170425965,989.0,-0.18477018949138607,-0.17555253315337047,0.06738962135801502,0.08036356252505465,0.24165289402950865,0.6230089650220089,0.38702471559814133,0.06313497902694311,992.0,,,,
ptm|depthT1,operator,ptm,depth,depthT1,False,331,992,False,,332.0,,99.0,0.0,1.266049920018859,-1.2931876307938917,0.726725606167148,3.521600902864185,0.009950248756218905,0.004975124378109453,4.5123499164752845,-5.379316719685769,3.061447792820502,3.2310420773329254,0.009950248756218905,0.004975124378109453,21.144982087032048,3.7526590488292864,3.4125418986644624,5.096588863864044,0.009950248756218905,0.004975124378109453,2.897730216065824,-2.4812914735114067,1.5370881712783633,3.499488051556349,0.05987472180434296,0.05987472180434296,0.14714754004921068,0.1282725498787177,0.05649226325769101,-0.09816317089168537,0.7095291391073941,0.2265789949154521,-0.1256346519159065,0.2721091320405,-0.1256346519159065,0.2721091320405,-0.1088552033171419,0.41470298168573927,200,-0.034887075377394224,-0.020901723187102768,-1.3389262282611005,0.17163899529411988,0.037221367169857474,5.64804171308287,0.03323262839879154,0.09063444108761329,0.2232753243553518,611.0,,,0.9866288261526774,,0.0019942001359074275,0.1408,transferred,0.9866288261526774,unselected,1.0,0.1638733705772812,True,-0.01672583052807053,0.5456557685301129,0.05,0.09714754004921068,2.096588863864044,0.0019942001359074275,0.8979344205275697,0.10206557947243033,1.3026808248313344,1.1021528307483417,5.591801218614976,0.05008044762961622,0.05987472180434296,-3.635509497331119,0.25266837147448495,3.7526590488292864,-2.1275817579075906,0.1734442494264416,0.08782673600069699,3.739888399133769,3.761465107533014,5.012149602654777,0.14780783110166335,328.0,-0.21066138424673847,-0.19939609069742928,0.0036538231942526227,-0.007456774077444821,-0.01643669736795997,-0.22021307271937865,-0.5354421927344132,0.003640521372821435,331.0,,,,
ptm|depthT2,operator,ptm,depth,depthT2,False,330,992,False,,330.0,,99.0,0.0,1.1647541622950337,-1.8767028120119136,0.845312197623324,3.5980280219051544,0.009950248756218905,0.004975124378109453,4.924419749775442,-7.7522635264600055,3.424891822492697,3.7013383000836306,0.009950248756218905,0.004975124378109453,26.94950701614364,4.891946768129248,3.7656415850017315,5.857583561820648,0.009950248756218905,0.004975124378109453,2.2727138643654126,-3.6031528318266193,1.6531330158137174,3.5543822789721307,0.0432198689793215,0.0432198689793215,0.13788727946830553,0.12117832930932788,0.041429300058872055,-0.06704344162454823,0.5409062989685891,0.5812497885128034,-0.14370375416323747,0.205182330454984,-0.14370375416323747,0.205182330454984,-0.05575075645411568,0.3515646101719631,200,-0.04857617162655995,-0.02977210041610311,-1.492018274980379,0.17878325129910563,0.044189752990056376,4.925929161809148,0.030303030303030304,0.14242424242424243,0.22599689178334637,1942.5,,,0.9938165811115511,,0.000857919685126934,0.1736,transferred,0.9938165811115511,unselected,1.0,0.21006776379477252,True,-0.07218048432646698,0.33083853517381656,0.05,0.08788727946830553,2.8575835618206478,0.000857919685126934,0.6563942842892149,0.34360571571078513,1.115282064290622,1.148103550048885,6.582840813837638,0.03715823752524936,0.0432198689793215,-3.8961359756799308,0.24817275237175476,4.891946768129248,-2.3890947937779363,0.17615293893709255,0.08534206699376515,4.172524749516235,4.15638780741845,5.693767737398124,0.14977043639944024,330.0,-0.18667219235929564,-0.17772267771255726,0.07822500168199292,1.9085449461688415,0.37108271198674314,1.5270025164541572,0.6870438006095503,0.07254979392980564,330.0,,,,
ptm|depthT3,operator,ptm,depth,depthT3,False,331,992,False,,331.0,,99.0,0.0,2.183913676983041,-2.0563030343540443,1.1008953059458724,3.8516075856041154,0.009950248756218905,0.004975124378109453,6.416514099284962,-8.51823443713191,4.338393299520773,3.4424607234357,0.009950248756218905,0.004975124378109453,31.898303350648447,6.106897863851875,4.546885253979341,5.672323809848612,0.009950248756218905,0.004975124378109453,3.8246185708370875,-4.089279297525459,2.161090785585598,3.661992324037461,0.06846488520019185,0.06846488520019185,0.16440425138939346,0.14119173061522455,0.06407780559616987,-0.06551065881175884,0.6983724029090534,0.21532381250127147,-0.11659107150116234,0.2432375856308026,-0.11659107150116234,0.2432375856308026,-0.0704293711164084,0.4111828698860095,200,-0.06377641833126056,-0.037919713433328804,-1.7785321539224146,0.18850739936591387,0.0445653664327425,5.368085811940605,0.030211480362537766,0.1540785498489426,0.24031014593099065,4668.0,,,0.9978290713559671,,0.000357686410215538,0.1857,transferred,0.9978290713559671,unselected,1.0,0.22804863072577675,True,-0.06364437933638328,0.4703237721832767,0.05,0.11440425138939346,2.6723238098486117,0.000357686410215538,0.7209175116121869,0.27908248838781313,1.5940163991035576,1.104487587967747,6.484339778626539,0.06044011820461444,0.06846488520019185,-4.024709501293608,0.24095603794441722,6.106897863851875,-2.080499954696778,0.20379123689308784,0.10590475876167528,4.445267718137529,4.27172684940243,5.574564237873861,0.16929117827694165,331.0,-0.1572174014969276,-0.14976149212925288,0.024709456212973133,-0.04847006526992524,0.15358154102450075,0.08240777102585765,1.0113562782453651,0.02411362173263441,331.0,,,,
ptm|miss5-20,operator,ptm,miss,miss5-20,False,66,992,False,,66.0,,82.0,0.1717171717171717,0.339902841381183,-0.02994369433805574,0.1818407700761042,2.0339032636325185,0.06965174129353234,0.03482587064676617,1.0114982820297251,-0.04979632092146588,0.808709509334361,1.3123310542307456,0.1791044776119403,0.08955223880597014,3.1064030141658954,0.3363836225634104,0.6016493595920784,4.604042782461488,0.009950248756218905,0.004975124378109453,0.5596223811416053,-0.08245029229509843,0.31364662498855905,2.0471212577534503,0.10942007197107062,0.10942007197107062,0.1335176702518601,0.117790550386562,0.09862817046086748,-1.4656015577819055,2.069134171335285,1.883706363358111,-1.7709710036658723,0.9394865720799485,-1.7709710036658723,0.9394865720799485,-0.7747017351074358,0.6747542723675258,200,-0.007170214643068414,0.0022262355616746595,-0.7390293932008567,0.17705416393134937,0.052565812656653194,4.9646592237302265,0.06060606060606061,0.030303030303030304,0.16564800212418065,952.75,,,0.9914408144606337,,0.0011526684153015318,0.1651,transferred,0.9914408144606337,unselected,1.0,0.19774823332135585,True,-0.06423056306949576,1.8713859380139293,0.1,0.03351767025186009,1.6040427824614882,0.0011526684153015318,0.6751902052893882,0.3248097947106118,1.6680764072535452,1.1175863185355452,4.630462776051012,0.0910760846148614,0.10942007197107062,-1.0290112920812524,0.2922165848331025,0.3363836225634104,-0.8072509825857889,0.13657202241856484,0.14908574470270447,1.9933009151550984,1.248579210678148,4.778776581357531,0.12016134457361252,66.0,-1.2739888410405351,-0.3079677749798094,-0.24392451173040178,-0.08199913291607158,1.5193735245026005,0.7345227942018936,-1.2877367417166452,-0.3226192562976254,66.0,,,,
ptm|miss20+,operator,ptm,miss,miss20+,False,51,992,False,,51.0,,64.0,0.3535353535353535,-0.452785545240611,-0.28387663419402187,0.27865996329978376,-0.6061470368632614,0.4975124378109453,0.7562189054726368,-1.02373333265305,-1.1124261617697604,0.7632973338857645,0.11619695913936497,0.9253731343283582,0.4626865671641791,1.1185776856750247,0.09123933057035119,0.8183361456229248,1.2553989709481235,0.19900497512437812,0.09950248756218906,-0.25037386883268986,-0.3203566016388061,0.3702635937924165,0.1890078689328315,-0.4047868565940236,-0.4047868565940236,-0.16441409999666498,-0.19676504832837505,-0.6800704270032072,-7.6526460174355675,3.890546653864047,12.154086097351184,-5.426650691873004,6.783320495439535,-5.426650691873004,6.783320495439535,-3.456194421065874,0.8316346319460486,200,-0.03689570887395458,-0.027491585081823314,-0.5434858380303587,0.13641206990915322,0.034983765000309336,4.104087123406479,0.0196078431372549,0.058823529411764705,0.19153716305924545,780.5,,,0.9929942424747653,,-0.001159971799469518,0.1651,transferred,0.9929942424747653,unselected,1.0,0.19774823332135585,True,-0.36216233331802083,3.692798420542691,0.1,0.06441409999666498,-1.7446010290518765,0.0,0.0,1.0,-1.4012313045352562,-1.1595028740108442,1.7146048134247587,-0.2581123628664766,-0.4047868565940236,-2.0644761120957233,0.4198874905475365,0.09123933057035119,-0.6523518122499933,-0.1667825594604328,-0.5936288573147368,-0.33364917681751677,0.8179874397669232,0.724702446978747,-0.2001669088352607,50.0,-0.6637861395495418,-0.6400970408409319,0.30722926653546234,0.13366531937722972,-2.4420027819778687,-1.6015147130834415,-1.9076431313855318,0.23502324680177122,51.0,,,,
ptm|miss<=5,operator,ptm,miss,miss<=5,False,995,992,False,,996.0,,99.0,0.0,4.583873900302627,-5.231583938229952,2.355449043655463,4.1671280747809325,0.009950248756218905,0.004975124378109453,15.721842821249831,-21.586790538269632,9.570740487831412,3.89819715694465,0.009950248756218905,0.004975124378109453,80.15790807907428,14.793511175379413,11.228373076729511,5.8213595555673825,0.009950248756218905,0.004975124378109453,8.942432166339431,-10.184026579911238,4.687308109734754,4.08047824006453,0.057185548003332635,0.057185548003332635,0.15016520160041036,0.13055968081060118,0.054092252879673654,-0.10976808613259488,0.44481124638469155,0.25735543104472697,-0.16845512369289029,0.19100721063782103,-0.16845512369289029,0.19100721063782103,-0.028618589453544205,0.30970700331239787,200,-0.04914678032693627,-0.029414689527247784,-1.73576455949265,0.1794784391638571,0.04200137642295773,5.4407109915196505,0.031155778894472363,0.12864321608040202,0.229489808093712,1941.0,,,0.9944656245150902,,0.0008356956640196384,0.1651,transferred,0.9944656245150902,unselected,1.0,0.19774823332135585,True,-0.047583031720945496,0.2470630130633357,0.05,0.10016520160041036,2.8213595555673825,0.0008356956640196384,0.7593756924057093,0.24062430759429065,1.4855620757076013,1.2215599861065203,6.493226443364947,0.04927884655721285,0.057185548003332635,-4.302873968782262,0.24668012276342,14.793511175379413,-6.6105403302157155,0.18554742077714603,0.09350771257255243,4.79439053210158,4.70023579119461,5.687363544229021,0.15650780181826604,992.0,-0.1849371848457399,-0.1757531146574681,0.062048907591879136,0.0711387776120642,0.22777298589943096,0.6194211812697259,0.39673045305396637,0.0584237761070445,995.0,,,,
pinned_sig&ptm,operator,pinned_sig&ptm,primary,miss0,True,79,79,False,79.0,993.0,0.07955689828801611,99.0,0.0,1.3419822101729082,-0.9407455405773496,0.4708366252089873,4.848237432117856,0.009950248756218905,0.004975124378109453,4.3021424423644525,-3.5815785793160932,1.7353151509430838,4.543106200274928,0.009950248756218905,0.004975124378109453,16.01402435104903,3.2405547725568824,1.5347902795208404,8.322615636111541,0.009950248756218905,0.004975124378109453,2.3577089595408025,-1.8346721527604481,0.9672584603049406,4.334292522992819,0.08380043521571134,0.08380043521571134,0.17870851272812313,0.1516138305597725,0.07732090936006346,0.03795483773587567,0.3906925913370593,0.10152864224836888,-0.04622177770366334,0.20752937337996055,-0.04622177770366334,0.20752937337996055,0.036536926836456395,0.28093382312469084,200,-0.1540833025465103,-0.07845717670349882,-3.6577189174768816,0.1879695656758559,0.047563010755144186,4.776354970606974,0.02531645569620253,0.3037974683544304,0.28734677386933377,2808.0,,,0.9963309577181944,,0.0006581036996177966,0.1651,transferred,0.9963309577181944,table,0.4,0.07909929332854235,True,0.09960921939958078,0.311593298008517,0.1,0.07870851272812313,5.322615636111541,0.0006581036996177966,1.0,-1.2592934172730161,2.39993421061154,1.9743921263662367,9.249357210073432,0.07655181042478643,0.08380043521571134,-7.140502319289599,0.22405648914407206,3.2405547725568824,-0.4478306677550914,0.22377566482599096,0.12492031564280731,5.3927540229900535,4.896018539341902,8.186534166217083,0.18285676963335407,79.0,0.06511631950635328,0.06927154477691705,0.07085519324917187,0.031599698561620135,1.0985312294924003,0.1643908207577903,2.7030693515231907,0.0661669231244835,79.0,0.2207704988135004,5.472452037376447,-15.598774388516127,-21.568652532982238
pinned_sig&ptm|depthT1,operator,pinned_sig&ptm,depth,depthT1,True,26,79,False,26.0,540.0,0.04814814814814815,99.0,0.0,0.4482401356358075,-0.3451026325697317,0.18242499689305908,4.34887094267356,0.009950248756218905,0.004975124378109453,1.4580769083145178,-1.4181602006233924,0.6721645202237138,4.279067136689428,0.009950248756218905,0.004975124378109453,4.9933112587776325,0.8502991877657021,0.50884535127561,8.141986677535582,0.009950248756218905,0.004975124378109453,0.7068167201065012,-0.6695413251625248,0.3833580361508481,3.5902678840086737,0.08976811426442843,0.08976811426442843,0.1914893692336661,0.1607142910195052,0.08237359222518646,0.0645114578363236,0.43611595148637433,0.1017529002871014,-0.028486020133193853,0.252859847172911,-0.028486020133193853,0.252859847172911,0.06059993781952245,0.3036624189827976,200,-0.14071107755613127,-0.07584127084444266,-2.614151551567188,0.17213793483515277,0.04067052239104431,3.911945515049365,0.038461538461538464,0.3076923076923077,0.28590635255309205,1206.0,,,0.9904456231547272,,0.001847210541144695,0.1408,transferred,0.9904456231547272,table,0.35,0.05735567970204842,True,0.1341336895316177,0.3787602717843259,0.1,0.0914893692336661,5.1419866775355825,0.001847210541144695,1.0,-2.338629586963594,2.099762743751973,1.7801977349203464,9.061281095022757,0.08296151812222546,0.08976811426442843,-5.820834127207459,0.19561022880465623,0.8502991877657021,-0.15719191688471898,0.22457804107776003,0.11962564490653553,4.539938972002136,4.154825167914754,8.41523824470413,0.1833921837109763,26.0,0.06806921631041558,0.060590471250681746,0.14614030003339534,0.04723676869069493,1.4323485745593534,0.7502495157865958,2.5340008188347514,0.12750646672936744,26.0,0.18168135613971856,1.5753522525177255,-5.536730275088962,-7.115739635669774
pinned_sig&ptm|depthT2,operator,pinned_sig&ptm,depth,depthT2,True,26,79,False,26.0,283.0,0.09187279151943463,99.0,0.0,0.5810194104723988,-0.17768638645631313,0.17589606065698907,4.313375717994315,0.009950248756218905,0.004975124378109453,1.9395929453901748,-0.6035425011511205,0.6763708710047756,3.7599718668596234,0.009950248756218905,0.004975124378109453,5.514087723059873,1.3052346478311727,0.5654574437849514,7.443271145316049,0.009950248756218905,0.004975124378109453,0.9854834937084661,-0.31546731134134975,0.33425613383336406,3.892077581733701,0.10536999765937347,0.10536999765937347,0.18026426282116897,0.15273211983076218,0.09532554518622269,0.036768010851538115,0.4498773012292111,0.10287183196980398,-0.0400923989746561,0.2530359946545025,-0.0400923989746561,0.2530359946545025,0.03545714795788609,0.31028643090900987,200,-0.1204822508762273,-0.06668654101993718,-2.233004144984939,0.17722654028574672,0.05529639901820781,3.4938219652818248,0.038461538461538464,0.34615384615384615,0.24133706073871447,2796.0,,,0.99563377611939,,0.000790525741521218,0.1736,transferred,0.99563377611939,table,0.4,0.084027105517909,True,0.09623715730325998,0.3658501957113021,0.1,0.08026426282116897,4.443271145316049,0.000790525741521218,1.0,-1.1453108697496264,2.856356161851464,2.3589836987509774,8.61678659839605,0.09592794984872159,0.10536999765937347,-4.641886588622554,0.2545836928990676,1.3052346478311727,-0.13222432449613103,0.23975466861632522,0.1688343238527148,5.014957850491932,4.404747487190563,7.129975127061489,0.1933888007729081,26.0,0.05895339973910146,0.06797949558325775,-0.11111909033886737,-0.022748586949785682,-0.7970801164253154,-1.1617647654398864,1.6958362244320966,-0.12501009880078223,26.0,0.25399822269471983,1.7674668851647017,-5.189655178032605,-7.5584117854303425
pinned_sig&ptm|depthT3,operator,pinned_sig&ptm,depth,depthT3,True,27,79,False,27.0,170.0,0.1588235294117647,99.0,0.0,0.3127226640647017,-0.4179565215513045,0.1904985402457059,3.835615667571903,0.009950248756218905,0.004975124378109453,0.9044725886597603,-1.5598758775415806,0.7015233124090801,3.512853276021001,0.009950248756218905,0.004975124378109453,5.506625369211528,1.0850209369600072,0.5608133559473882,7.88427091716112,0.009950248756218905,0.004975124378109453,0.6654087457258356,-0.8496635162565735,0.4124826879998318,3.6730566059126994,0.056790255936637155,0.056790255936637155,0.16525204748900116,0.14181656908057136,0.053738436380929476,-0.04378908731006617,0.4062513264684187,0.9180183624272418,-0.12316992524504765,0.19411332885015462,-0.12316992524504765,0.19411332885015462,-0.018896093745699845,0.289532172862438,200,-0.1993168282197404,-0.0923108833741678,-4.031226580557395,0.21355997537960109,0.0467532552968828,4.757540655865413,0.0,0.25925925925925924,0.333039495929274,6218.0,,,0.9985369273938597,,0.00024212999755630535,0.1857,transferred,0.9985369273938597,table,0.45,0.10262188382659954,True,0.06263016366240162,0.3036294426418192,0.1,0.06525204748900115,4.88427091716112,0.00024212999755630535,1.0,-0.6103002724860125,1.3793549654072519,0.9854705601286625,8.300398054686353,0.0514121901477692,0.056790255936637155,-6.5214215956243535,0.21949278525865615,1.0850209369600072,-0.15841442637424133,0.20780802889907637,0.08687183646178115,4.448623613567746,4.039279424840451,7.53897919729133,0.1720538561815113,27.0,0.06820745273016543,0.07887529258126001,0.11782160927077215,0.06554469483387668,1.0865658223027912,0.6082454214561009,2.402182822912999,0.10540287313611235,27.0,0.22407825215068797,2.1296328996940215,-4.872388935394562,-6.89450111188212
pinned_sig&ptm|miss<=5,operator,pinned_sig&ptm,miss,miss<=5,True,79,79,False,79.0,996.0,0.07931726907630522,99.0,0.0,1.3419822101729082,-0.9407455405773496,0.4708366252089873,4.848237432117856,0.009950248756218905,0.004975124378109453,4.3021424423644525,-3.5815785793160932,1.7353151509430838,4.543106200274928,0.009950248756218905,0.004975124378109453,16.01402435104903,3.2405547725568824,1.5347902795208404,8.322615636111541,0.009950248756218905,0.004975124378109453,2.3577089595408025,-1.8346721527604481,0.9672584603049406,4.334292522992819,0.08380043521571134,0.08380043521571134,0.17870851272812313,0.1516138305597725,0.07732090936006346,0.03795483773587567,0.3906925913370593,0.10152864224836888,-0.04622177770366334,0.20752937337996055,-0.04622177770366334,0.20752937337996055,0.036536926836456395,0.28093382312469084,200,-0.1540833025465103,-0.07845717670349882,-3.6577189174768816,0.1879695656758559,0.047563010755144186,4.776354970606974,0.02531645569620253,0.3037974683544304,0.28734677386933377,2808.0,,,0.9963309577181944,,0.0006581036996177966,0.1651,transferred,0.9963309577181944,table,0.4,0.07909929332854235,True,0.09960921939958078,0.311593298008517,0.1,0.07870851272812313,5.322615636111541,0.0006581036996177966,1.0,-1.2592934172730161,2.39993421061154,1.9743921263662367,9.249357210073432,0.07655181042478643,0.08380043521571134,-7.140502319289599,0.22405648914407206,3.2405547725568824,-0.4478306677550914,0.22377566482599096,0.12492031564280731,5.3927540229900535,4.896018539341902,8.186534166217083,0.18285676963335407,79.0,0.06511631950635328,0.06927154477691705,0.07085519324917187,0.031599698561620135,1.0985312294924003,0.1643908207577903,2.7030693515231907,0.0661669231244835,79.0,0.2207704988135004,5.472452037376447,-15.598774388516127,-21.568652532982238
secretion,operator,secretion,primary,miss0,False,1511,1511,False,,1513.0,,99.0,0.0,3.1941356925243154,-6.922591333837509,3.4633076922332666,2.921117014537681,0.009950248756218905,0.004975124378109453,7.233840751706699,-27.795837994954535,13.832885836173148,2.5323478529012537,0.01990049751243781,0.009950248756218905,122.6646197133325,26.08446881571232,17.112987333561613,5.6436757075259045,0.009950248756218905,0.004975124378109453,8.307506587862761,-13.214052859742047,7.277846710589593,2.9571328311009872,0.026039584192972823,0.026039584192972823,0.10474954669605006,0.09481746067180767,0.025378732550025495,-0.1266079420667795,0.3547600047911212,20.17522755062206,-0.2006082481223672,0.15556605539491922,-0.2006082481223672,0.15556605539491922,-0.14496126642211524,0.2618520566107945,200,-0.06430675106123529,-0.031673904829595034,-3.085497394225566,0.1600192174230019,0.03172370561287272,5.581701253944901,0.028457974851091992,0.09133024487094639,0.26768401360170924,1896.0,,,0.9954879802155715,,0.0004747742177661926,0.1651,transferred,0.9954879802155715,unselected,1.0,0.19774823332135585,True,-0.09299868662530579,0.15701177146976533,0.05,0.05474954669605006,2.6436757075259045,0.0004747742177661926,0.5297116689069182,0.47028833109308177,0.6362953025740802,0.3231019487216927,6.550555528438275,0.020625292179734703,0.026039584192972823,-5.610803741395309,0.27266744751871463,26.08446881571232,-10.122164774916063,0.14305724025531438,0.06274342028386196,3.563339715660951,3.408528484568503,5.4809974356402105,0.12515317275218954,1502.0,-0.17063466815917244,-0.15966162134936193,3.34545456427274,-0.0373267161186621,0.5749388843950649,0.6282740402663272,0.019747197366218366,0.7698744779840171,1511.0,,,,
secretion|depthT1,operator,secretion,depth,depthT1,False,504,1511,False,,506.0,,99.0,0.0,1.6231184936157206,-2.2959557339948886,1.1318602987157944,3.4625070179218937,0.009950248756218905,0.004975124378109453,6.511291689200843,-8.285637753574338,4.3917679568643475,3.36924208840486,0.009950248756218905,0.004975124378109453,36.97586678943475,8.820776656364433,5.373946652025858,5.239183035517569,0.009950248756218905,0.004975124378109453,4.191445762627065,-4.414959091847524,2.4366165270573172,3.5321129767056445,0.04389669897013747,0.04389669897013747,0.1391959396715749,0.12218788254433602,0.04205080733892924,-0.15690617288731246,0.4663506010389988,0.16641484937778955,-0.22830371299307692,0.1725721559807939,-0.22830371299307692,0.1725721559807939,-0.1861343712192118,0.31802275263055935,200,-0.04795550922057246,-0.026930052845609006,-2.103308490692159,0.16734555198236883,0.026696352229508537,5.8801153001375885,0.023809523809523808,0.10317460317460317,0.2580292578105527,523.0,,,0.986657756251234,,0.0018823002648790663,0.1408,transferred,0.986657756251234,unselected,1.0,0.1638733705772812,True,-0.024677430905706316,0.3024772304617176,0.05,0.0891959396715749,2.239183035517569,0.0018823002648790663,0.8494115864049513,0.1505884135950487,1.0023789309117728,0.9987838176070319,6.080621718490059,0.03445470848286351,0.04389669897013747,-4.942181621907167,0.30103042271731567,8.820776656364433,-3.304985264993866,0.17948177857913697,0.07837531250634704,3.8980579394184534,3.8738641712959745,5.12260426106106,0.15217003080399405,495.0,-0.18275595204723566,-0.17784510369737544,-0.02903512494756905,-0.029150734009083898,0.1747484939601829,0.42600574092377347,-0.760569552564999,-0.029903373122535652,504.0,,,,
secretion|depthT2,operator,secretion,depth,depthT2,False,503,1511,False,,503.0,,99.0,0.0,1.2168258332611008,-2.2652334503633913,1.2530503438575706,2.7788662288737895,0.009950248756218905,0.004975124378109453,2.123222046894419,-9.990283321620076,4.99449366260222,2.42537205707518,0.03980099502487562,0.01990049751243781,38.51616817220342,8.609813640104033,5.4069231618125295,5.531122532555847,0.009950248756218905,0.004975124378109453,3.3552215744172598,-4.097024670079698,2.6558519245517136,2.8059720406870334,0.03159259840752453,0.03159259840752453,0.11643208736414508,0.10428944911377183,0.030625072781923994,-0.18309536478293023,0.43735081300740125,0.2793945081760567,-0.22760359424886048,0.19218092110472385,-0.22760359424886048,0.19218092110472385,-0.1694131312730631,0.3045686341631944,200,-0.06467770073699568,-0.0338214633540681,-2.70075392126705,0.16703303593161975,0.04364744934202048,5.0705049905940776,0.03180914512922465,0.08946322067594434,0.2698936680740815,1896.0,,,0.994664019154271,,0.0006246123073111366,0.1736,transferred,0.994664019154271,unselected,1.0,0.21006776379477252,True,-0.09363567643062744,0.22728304921262873,0.05,0.06643208736414508,2.5311225325558473,0.0006246123073111366,0.5542596601251699,0.4457403398748301,0.7066364312798882,0.2376214927031916,6.435791838745698,0.026024944388983257,0.03159259840752453,-5.231652640658583,0.2872657859902501,8.609813640104033,-3.4438695869636753,0.1622907546887786,0.07898195574863831,3.457808004212764,3.268907918478244,5.438108295620558,0.13963008312170086,503.0,-0.17218420454708888,-0.16243710092392702,0.863164545303546,-0.17594513584016175,1.0422306652363023,1.3398835416479955,0.17128901584296566,0.463278751991773,503.0,,,,
secretion|depthT3,operator,secretion,depth,depthT3,False,504,1511,False,,504.0,,99.0,0.0,0.35419136564749387,-2.3614021494792303,1.3974190370575132,1.9432922002013338,0.06965174129353234,0.03482587064676617,-1.4006729843885637,-9.51991691976012,5.938433808978533,1.367236580644509,0.1791044776119403,0.08955223880597014,47.17258475169434,8.653878519243854,7.519940296942968,5.1222090484028495,0.009950248756218905,0.004975124378109453,0.7608392508184356,-4.702069097814823,2.8541845580570255,1.913999686254385,0.007508415481404632,0.007508415481404632,0.07050064191509486,0.06585763628218966,0.00745245932046829,-0.17110740794687004,0.41690775497413407,0.22710103784009278,-0.23633860793493972,0.14450522782976025,-0.23633860793493972,0.14450522782976025,-0.20646137580237153,0.2942375038219487,200,-0.08028777923739919,-0.03427445931792642,-3.378761382381583,0.14569298066158182,0.024850973488773968,5.138538591605334,0.02976190476190476,0.08134920634920635,0.27513349915555785,5581.0,,,0.998652335008888,,9.51394630835712e-05,0.1857,transferred,0.998652335008888,unselected,1.0,0.22804863072577675,True,-0.15754798881068188,0.18885912424835732,0.05,0.02050064191509486,2.1222090484028495,9.51394630835712e-05,0.30914740286193726,0.6908525971380628,0.15075203809986243,-0.1909034875013727,6.18039124351866,0.005121950360664294,0.007508415481404632,-5.150893388157392,0.23794590084154996,8.653878519243854,-3.373309922958523,0.10308842238439467,0.03807100189882899,2.5869376966547772,2.3629845786798995,5.005767449927731,0.09345435986134511,504.0,-0.1571833738581541,-0.13903287137262996,0.03242335490759954,-0.13298782208303236,0.13939226052431827,-0.13416694715150096,0.6831713154486035,0.031405096323592355,504.0,,,,
secretion|miss5-20,operator,secretion,miss,miss5-20,False,66,1511,False,,66.0,,90.0,0.09090909090909094,0.15148427062044745,-0.19168232702197247,0.1926100694409432,1.7816648871913696,0.07960199004975124,0.03980099502487562,0.3334899482599367,-1.3845440031411926,0.7827987228767631,2.194732695893273,0.01990049751243781,0.009950248756218905,2.8484169132451,0.853149279258387,0.6435886054881941,3.10022212477364,0.009950248756218905,0.004975124378109453,0.2123052961071949,-0.27666205833555957,0.37444259727836304,1.3058539760081116,0.05318191656426686,0.05318191656426686,0.17199025924995542,0.14675058763715743,0.05049642016049714,-2.9317376234697967,5.439406453595492,3.1571165136144477,-1.0720273793739814,1.4588250134463516,-1.0720273793739814,1.4588250134463516,-2.9442739564008864,0.8522189036315313,200,-0.029497493030114574,-0.030337331132343826,0.071037436518713,0.17665958796677184,0.04232320056023933,5.451640304951081,0.015151515151515152,0.06060606060606061,0.20265441277529264,733.0,,,0.9921719651304305,,0.0013569681405561193,0.1651,transferred,0.9921719651304305,unselected,1.0,0.19774823332135585,True,-0.02575797407140043,5.241658220274136,0.1,0.07199025924995542,0.1002221247736399,0.0013569681405561193,0.8697435944747898,0.13025640552521023,0.7801285777342886,0.4152344696253059,4.162017708190343,0.04929981528749135,0.05318191656426686,-2.23535994427963,0.4231513152729741,0.853149279258387,-0.6104929998994638,0.4563509512802594,0.24824040061404673,2.9895467073152795,2.628546458220899,2.326722681107093,0.3133523213474658,64.0,-0.3148100933165541,-0.3112760584945287,-0.0008209357278444599,-0.03282666918753401,0.010188339071863697,0.8969308501278259,-2.369233811368193,-0.0008216102170259785,66.0,,,,
secretion|miss20+,operator,secretion,miss,miss20+,False,62,1511,False,,62.0,,62.0,0.3737373737373737,-0.16531242389872508,-0.3846199826529329,0.39484336136596604,0.5554292669262826,0.5970149253731343,0.29850746268656714,-0.09089864651660161,-1.3925998997141007,0.9655525291072016,1.3481413117949343,0.14925373134328357,0.07462686567164178,2.5050045207595026,0.4199364780584996,0.9873650081083659,2.1117499866596052,0.03980099502487562,0.01990049751243781,0.13406839829552214,-0.4929074806296451,0.4899766648529705,1.2796035482900125,-0.06599286449535162,-0.06599286449535162,0.10518004893025755,0.09517005761374811,-0.070655632046853,-9.660985742970109,5.192885387213778,45.90300087040595,-2.162805001487468,4.773465893773503,-2.162805001487468,4.773465893773503,-6.995636651853767,0.8412461955008588,200,-0.033620958843404596,-0.024972046931550328,-0.5622882344942985,0.12004987937673371,0.010349267647680365,4.757921312338517,0.0,0.03225806451612903,0.24616545194079467,314.0,,,0.9912570510083929,,0.0009276945892051918,0.1651,transferred,0.9912570510083929,unselected,1.0,0.19774823332135585,True,-0.0925681843910983,4.995137153892422,0.1,0.005180048930257544,-0.8882500133403948,0.0009276945892051918,0.5318886908047973,0.4681113091952027,-0.36460435535127206,-0.034780333213452815,2.6214786972765927,-0.04446948603018751,-0.06599286449535162,-2.2915179793158313,0.39294967127856373,0.4199364780584996,-0.9297486521653091,0.13113662077136434,-0.032438277452720085,0.5213460184561429,1.6552640772636298,1.9758874703067675,0.11593349411845352,61.0,-0.644491734604819,-0.6439619147479212,0.36087659338630246,0.09599723763176625,-1.4510046712741878,-1.1672715785634964,-1.1713289220227425,0.26517951380758514,62.0,,,,
secretion|miss<=5,operator,secretion,miss,miss<=5,False,1514,1511,False,,1516.0,,99.0,0.0,3.1901767137267796,-6.929651060740295,3.462247501044569,2.9229070918280384,0.009950248756218905,0.004975124378109453,7.1061841294626555,-27.91510041942778,13.843801562668622,2.529744766302436,0.01990049751243781,0.009950248756218905,122.68499266957795,26.0807347407835,17.13991482106188,5.63621575353952,0.009950248756218905,0.004975124378109453,8.300831109874743,-13.226855134202584,7.276396513887406,2.958564201798314,0.026002990621018667,0.026002990621018667,0.1047555044822791,0.0948223421899768,0.02534397156608636,-0.1279393976931367,0.32446821603800907,0.7206161229590483,-0.20126792913304747,0.15591588426358016,-0.20126792913304747,0.15591588426358016,-0.14507757093575135,0.24537960551263244,200,-0.06425522669368376,-0.03167952105277882,-3.0877888561976645,0.16005745771429494,0.03166747503162498,5.584402894196901,0.028401585204755615,0.09114927344782034,0.26723044190381395,1900.0,,,0.9954917707187131,,0.00047440053908435147,0.1651,transferred,0.9954917707187131,unselected,1.0,0.19774823332135585,True,-0.09299272883907675,0.12671998271665322,0.05,0.0547555044822791,2.6362157535395196,0.00047440053908435147,0.5297417970457591,0.4702582029542409,0.6351518755981079,0.31452373697131064,6.544545727088136,0.0205852941061085,0.026002990621018667,-5.616009071694956,0.27280179352137024,26.0807347407835,-10.159474035846142,0.14324408213214318,0.06288978069244862,3.569550799968973,3.4249227901494588,5.471649100881428,0.1252961501143254,1505.0,-0.17104146086343563,-0.16006633286403205,6.536241191685,-0.042400015926547,0.5796919519570948,0.647369192500536,0.010167280845234215,0.8673078561891922,1514.0,,,,
pinned_sig&secretion,operator,pinned_sig&secretion,primary,miss0,True,98,98,False,98.0,1513.0,0.06477197620621282,99.0,0.0,-0.515785693390819,-1.3885524036477042,0.3881666691835206,2.2484329014974014,0.009950248756218905,0.004975124378109453,-1.516713883819785,-5.0209291602111294,1.582129840899768,2.214872120987538,0.009950248756218905,0.004975124378109453,20.794081724887143,5.087203182162116,1.7985758286883151,8.732953202301127,0.009950248756218905,0.004975124378109453,-0.9417082427814182,-2.5833156760625924,0.7318547730014574,2.243078126755491,-0.024804446775522057,-0.024804446775522057,0.05556589158583171,0.05264085551528401,-0.025435356727690473,-0.05814784773581983,0.20129295569793193,0.06983109847336438,-0.12426160725503019,0.05816719250407089,-0.12426160725503019,0.05816719250407089,-0.06173933860209031,0.1675630089837617,200,-0.18746498748051957,-0.0926571336910359,-5.761388933897775,0.13908431663846385,0.0375391170676495,4.024422915695651,0.02040816326530612,0.1326530612244898,0.24513609965072986,2374.5,,,0.99620599779966,,0.0002116200016925561,0.1651,transferred,0.99620599779966,table,0.4,0.07909929332854235,True,-0.02353340174271064,0.12219366236938958,0.1,-0.0444341084141683,5.732953202301127,0.0002116200016925561,0.7024827814205162,0.29751721857948377,-1.1541162582857194,-0.8187545715957825,10.553526617321827,-0.0248749864571353,-0.024804446775522057,-8.892756495337876,0.26902649394710076,5.087203182162116,-0.693535011783403,0.10740832494779665,0.020713129210578975,3.7283402946914794,3.582897956527592,8.520714869905207,0.09699071474188158,98.0,0.06534095938166329,0.07382116164637632,0.06705210882259544,0.03157868203244941,1.602739022812971,1.2819823774807941,4.229049924916365,0.06283864514974993,98.0,0.26244474298884113,7.234473841344878,-19.211531719176552,-28.621830224184023
pinned_sig&secretion|depthT1,operator,pinned_sig&secretion,depth,depthT1,True,33,98,False,33.0,715.0,0.046153846153846156,99.0,0.0,-0.049891445987472846,-0.46083499600657335,0.149354097080066,2.751471556878692,0.009950248756218905,0.004975124378109453,0.15168871201221665,-1.6846246386226988,0.6518597208462764,2.8170376108695945,0.009950248756218905,0.004975124378109453,6.949182280368718,1.7596952657894573,0.674309198670011,7.696005074252082,0.009950248756218905,0.004975124378109453,-0.1554203278466264,-0.8705066619239329,0.28901764955201503,2.4741960748269496,-0.007179470040441312,-0.007179470040441312,0.0791877017640862,0.07337713507542998,-0.0072313875708571,-0.044215981714347465,0.2922083868782186,0.17400518508608973,-0.12601656230668584,0.09309311607869714,-0.12601656230668584,0.09309311607869714,-0.032354111634550126,0.22645624848080217,200,-0.16197666745434122,-0.09284438902120956,-4.026718237031945,0.13627439870940677,0.02782817189866612,3.523950565326508,0.0,0.21212121212121213,0.2361720348912196,832.0,,,0.990537868560421,,0.0007564419960833208,0.1408,transferred,0.990537868560421,table,0.35,0.05735567970204842,True,0.021832022062037777,0.23485270717617018,0.1,-0.02081229823591381,4.696005074252082,0.0007564419960833208,1.0,-0.380642722315399,-0.4181212458939808,0.15211216945491668,8.962889464881966,-0.010418844935411203,-0.007179470040441312,-7.5021182571982,0.2758628527604006,1.7596952657894573,-0.21725992517413034,0.12377480500143259,0.04422249420076822,3.7092645978751038,3.491895507825877,7.5394368408983015,0.11014200038171776,33.0,0.06523358009018136,0.07627924526040646,0.08237207167505539,0.019729613693447393,1.071503822748977,1.2096406489760212,3.5650666562416675,0.07610328631962776,33.0,0.2659041457974021,2.5172150935934114,-6.479013726819173,-9.737627062114743
pinned_sig&secretion|depthT2,operator,pinned_sig&secretion,depth,depthT2,True,32,98,False,32.0,428.0,0.07476635514018691,99.0,0.0,-0.15288669003987265,-0.43191734445621677,0.15190635294939078,1.8368596770228969,0.04975124378109453,0.024875621890547265,-0.4975942342961701,-1.422931468380945,0.6049563541969238,1.5295933792003142,0.10945273631840796,0.05472636815920398,6.770056695480716,1.6112993292931361,0.5353927072603379,9.63546439133528,0.009950248756218905,0.004975124378109453,-0.19215106571658036,-0.7475564389187533,0.29138263657538094,1.9061031903954548,-0.02258277838971875,-0.02258277838971875,0.05408873389650289,0.051313264393369064,-0.023104543167874553,-0.1016160353588414,0.22300382646928052,0.0841669900078534,-0.1523841477258642,0.07508334660118036,-0.1523841477258642,0.07508334660118036,-0.11311013405525686,0.18233895861561997,200,-0.19879391247789496,-0.08909376119655953,-5.313747662306573,0.14793990479797609,0.0623892307794126,3.012467382196224,0.03125,0.0625,0.25541460864896565,2374.5,,,0.9962472355878518,,0.00020374688974186052,0.1736,transferred,0.9962472355878518,table,0.4,0.084027105517909,True,-0.029938371621406105,0.13897672095137154,0.1,-0.04591126610349711,6.6354643913352795,0.00020374688974186052,0.6437057847360309,0.3562942152639691,-0.8462260284167689,-0.7013393306130778,11.644589048216806,-0.022548832557085535,-0.02258277838971875,-7.829673453147111,0.2640876572194636,1.6112993292931361,-0.23995939787080317,0.1255838234214112,0.037398706837404615,3.4491127067959058,3.2105564749601907,9.347059696628106,0.11157216442545961,32.0,0.06368626216424622,0.07482593008163188,0.05735031269019211,0.043062493590882905,0.8490474502451234,0.18392501966122127,3.2692687463804675,0.054239651704719345,32.0,0.24313952807865136,2.39442976261222,-6.35939678470962,-9.171541604738458
pinned_sig&secretion|depthT3,operator,pinned_sig&secretion,depth,depthT3,True,33,98,False,33.0,370.0,0.0891891891891892,99.0,0.0,-0.3130075573634734,-0.495800063184914,0.19182368206065756,0.9529193885645403,0.30845771144278605,0.15422885572139303,-1.170808361535832,-1.913373053207485,0.8152120857133969,0.9108852833331468,0.3283582089552239,0.16417910447761194,7.074842749037707,1.7162085870795227,0.8059967235364888,6.648456507919774,0.009950248756218905,0.004975124378109453,-0.5941368492182114,-0.9652525752199057,0.36299770785207275,1.0223638275780236,-0.0442423342067988,-0.0442423342067988,0.03411177182408053,0.032986542415923206,-0.04629032629320452,-0.13700308109036277,0.24011645794326114,0.0991201608819222,-0.19315144662486727,0.07185621975002772,-0.19315144662486727,0.07185621975002772,-0.1587651748306891,0.1936231402195204,200,-0.2019676832668186,-0.09592526987065755,-4.0053929113198175,0.1333069975643576,0.023152982273711094,3.8064878044459753,0.030303030303030304,0.12121212121212122,0.24413312538164794,6990.0,,,0.9984877862943509,,5.1662413486091145e-05,0.1857,transferred,0.9984877862943509,table,0.4,0.0912194522903107,True,-0.057107680466230167,0.14889700565295044,0.1,-0.06588822817591947,3.648456507919774,5.1662413486091145e-05,0.37395282439887967,0.6260471756011203,-1.4232679919819022,-1.294344785631342,8.712684808864635,-0.04127532575029069,-0.0442423342067988,-6.475187133611235,0.2670608621650783,1.7162085870795227,-0.23631568873846956,0.07453922581004481,-0.01701758615752218,1.9047066652691136,1.8659457808144735,6.417107312421483,0.06936854795026508,33.0,0.06705289355064055,0.07038875712543172,0.06077827841604394,0.03178055983555443,0.7760403988377832,0.7113481343025188,3.0953408202861867,0.05729593040573773,33.0,0.2774743860999025,2.322828985139246,-6.373121207647759,-9.712661557330824
pinned_sig&secretion|miss<=5,operator,pinned_sig&secretion,miss,miss<=5,True,98,98,False,98.0,1516.0,0.06464379947229551,99.0,0.0,-0.515785693390819,-1.3885524036477042,0.3881666691835206,2.2484329014974014,0.009950248756218905,0.004975124378109453,-1.516713883819785,-5.0209291602111294,1.582129840899768,2.214872120987538,0.009950248756218905,0.004975124378109453,20.794081724887143,5.087203182162116,1.7985758286883151,8.732953202301127,0.009950248756218905,0.004975124378109453,-0.9417082427814182,-2.5833156760625924,0.7318547730014574,2.243078126755491,-0.024804446775522057,-0.024804446775522057,0.05556589158583171,0.05264085551528401,-0.025435356727690473,-0.05814784773581983,0.20129295569793193,0.06983109847336438,-0.12426160725503019,0.05816719250407089,-0.12426160725503019,0.05816719250407089,-0.06173933860209031,0.1675630089837617,200,-0.18746498748051957,-0.0926571336910359,-5.761388933897775,0.13908431663846385,0.0375391170676495,4.024422915695651,0.02040816326530612,0.1326530612244898,0.24513609965072986,2374.5,,,0.99620599779966,,0.0002116200016925561,0.1651,transferred,0.99620599779966,table,0.4,0.07909929332854235,True,-0.02353340174271064,0.12219366236938958,0.1,-0.0444341084141683,5.732953202301127,0.0002116200016925561,0.7024827814205162,0.29751721857948377,-1.1541162582857194,-0.8187545715957825,10.553526617321827,-0.0248749864571353,-0.024804446775522057,-8.892756495337876,0.26902649394710076,5.087203182162116,-0.693535011783403,0.10740832494779665,0.020713129210578975,3.7283402946914794,3.582897956527592,8.520714869905207,0.09699071474188158,98.0,0.06534095938166329,0.07382116164637632,0.06705210882259544,0.03157868203244941,1.602739022812971,1.2819823774807941,4.229049924916365,0.06283864514974993,98.0,0.26244474298884113,7.234473841344878,-19.211531719176552,-28.621830224184023
splicing,operator,splicing,primary,miss0,False,230,230,False,,230.0,,99.0,0.0,6.032750447068391,-1.8307941041627145,1.9880288310251648,3.9554479434667553,0.009950248756218905,0.004975124378109453,21.04511166685964,-7.570275172434792,8.073125785999617,3.5445238434063695,0.009950248756218905,0.004975124378109453,31.891583989545712,2.9456767514923046,6.008280799215817,4.817668848272095,0.009950248756218905,0.004975124378109453,10.40482404464056,-3.384265194311223,3.7451743257277137,3.6818284116247284,0.18916434031768287,0.18916434031768287,0.271663433678575,0.21362840707995107,0.15907333738846222,0.013464592026415385,1.2736432638804436,0.9686689034988217,-0.03962464644172882,0.940154666232761,-0.03962464644172882,0.940154666232761,0.037528031733942604,0.5605232434991542,200,-0.02359714730675177,-0.03957294644180112,0.5580927460703715,0.2212446827407656,0.04137660121831311,4.3846415916413015,0.013043478260869565,0.40869565217391307,0.21178035768760806,2154.0,,,0.9933923780961912,,0.0018069891559653667,0.1651,transferred,0.9933923780961912,unselected,1.0,0.19774823332135585,True,0.07391520035721913,1.0758950305590878,0.05,0.221663433678575,1.8176688482720946,0.0018069891559653667,1.0,-0.3737843778209706,2.738833223904395,2.3001317497744753,4.428775709486651,0.17706956774839344,0.18916434031768287,-1.0231501463211323,0.1199722780459076,2.9456767514923046,-1.0004562450270365,0.3136329449155911,0.23260079033822995,4.139707893279475,3.824838552933262,4.800290947802691,0.23875234412284319,230.0,-0.09119898328418563,-0.0822992484228714,0.09564430093045445,0.09361032797592643,2.3820143604620476,2.124608797410787,1.7275199131678354,0.08729502891516015,230.0,,,,
splicing|depthT1,operator,splicing,depth,depthT1,False,77,230,False,,77.0,,99.0,0.0,1.5084921093449748,-0.6368802485086242,0.5377981339444511,3.989177764746937,0.009950248756218905,0.004975124378109453,5.265899692319776,-2.725767456010538,2.301358798824733,3.472586348730815,0.009950248756218905,0.004975124378109453,10.577616446583706,1.05760974014099,1.8554904205258487,5.130722638678313,0.009950248756218905,0.004975124378109453,2.577892906225764,-1.1817148869578498,0.9992131716061018,3.762568288747181,0.14261172325190316,0.14261172325190316,0.22535408051779068,0.18390935656946122,0.12481206025615284,0.04103643325934244,0.6723136526289631,0.2817871543513917,-0.03891757905335768,0.49663193574973313,-0.03891757905335768,0.49663193574973313,0.049421804570597465,0.40269234163841766,200,-0.026621287158959242,-0.03800215153545913,0.49853862000415317,0.19635279787504734,0.04080952118403677,4.18450947125198,0.03896103896103896,0.36363636363636365,0.17655538876181384,895.0,,,0.985455760393605,,0.0033259775578565252,0.1408,transferred,0.985455760393605,unselected,1.0,0.1638733705772812,True,0.06148070994050947,0.5084402820516819,0.1,0.12535408051779068,2.1307226386783134,0.0033259775578565252,1.0,-0.3751720595233361,2.6320994630582555,2.0553446554010186,4.855650334584136,0.13137818720179661,0.14261172325190316,-1.463391415242984,0.13599843009779125,1.05760974014099,-0.44088981321421244,0.2732872830573398,0.18885171977294227,4.338042718133475,4.171794711741144,5.072682856045335,0.21463128289567066,77.0,-0.09968292557089384,-0.09295742244439956,0.09017961669392226,0.09435662796153645,1.4540720917435466,2.124447117881055,1.9239873270771308,0.08271996220898066,77.0,,,,
splicing|depthT2,operator,splicing,depth,depthT2,False,76,230,False,,76.0,,99.0,0.0,2.0981671593653504,-0.4245435609935382,0.6304803060698193,4.001252213704395,0.009950248756218905,0.004975124378109453,7.695189808972906,-2.025105857733706,2.71875115963007,3.5752796397994784,0.009950248756218905,0.004975124378109453,10.956366130121207,0.7091084150310979,2.110487403091734,4.855398662924264,0.009950248756218905,0.004975124378109453,3.528360658378272,-0.7134416328629097,1.1661367475407742,3.637482739641447,0.1915021033841755,0.1915021033841755,0.24618398312008347,0.19755027062995156,0.1607232608656416,-0.02384217995700966,1.0662360195796579,1.1964893976993456,-0.03837751090645516,0.9118284000428253,-0.03837751090645516,0.9118284000428253,0.056284387209725215,0.5164695123859102,200,-0.01062565404781969,-0.034180595809167096,0.8006742015323608,0.21841222866179846,0.05387551033242516,4.029321494088306,0.0,0.39473684210526316,0.1950377582344072,2154.0,,,0.9932521958130431,,0.0016724869263436291,0.1736,transferred,0.9932521958130431,unselected,1.0,0.21006776379477252,True,0.03611621932531095,0.8561682557848853,0.1,0.14618398312008346,1.855398662924264,0.0016724869263436291,1.0,-0.17192651872371534,3.0126110521747558,2.5321881677141964,4.4074661129838475,0.17719359532994708,0.1915021033841755,-0.6341456185288489,0.09880769740602505,0.7091084150310979,-0.41441198859396133,0.2841574311644531,0.23997030455279225,4.165939378404638,3.671578732963632,4.806447675473509,0.22127927952477272,76.0,-0.08805322152875843,-0.07783497354968265,0.15616510236585435,0.1534986564310189,1.7104073580924504,0.9907989794381499,0.9935741557285436,0.1350716277859404,76.0,,,,
splicing|depthT3,operator,splicing,depth,depthT3,False,77,230,False,,77.0,,99.0,0.0,2.426091178358066,-0.7693702946605521,0.8831349681505994,3.6183160991918752,0.009950248756218905,0.004975124378109453,8.084022165566955,-2.819401858690548,3.3540049360269464,3.2508670178563817,0.009950248756218905,0.004975124378109453,10.35760141284081,1.1789585963202163,2.172389525495235,4.2251367486354265,0.009950248756218905,0.004975124378109453,4.298570480036525,-1.4891086744904636,1.7054420155082866,3.39365343523687,0.23423291567778673,0.23423291567778673,0.34814095470270645,0.25823780034891,0.1897801563241864,-1.3679735595989566,3.6690362709819726,2.0527367139467545,-0.35994463476283295,1.416272038736664,-0.35994463476283295,1.416272038736664,0.010220148854933055,0.7867004958597997,200,-0.03337603976206167,-0.04646606145308059,0.335776236808601,0.2489322365675425,0.02960709563346585,4.40956025367072,0.0,0.4675324675324675,0.2635304897100681,5041.0,,,0.9973011047750558,,0.0009421386938767724,0.1857,transferred,0.9973011047750558,unselected,1.0,0.22804863072577675,True,0.1200923239769297,3.440987640256196,0.1,0.24814095470270645,1.2251367486354265,0.0009421386938767724,1.0,-0.5266083974928049,2.4584761785270484,2.112975883115969,3.8868654207869526,0.22487040015290757,0.23423291567778673,-0.9289623646548877,0.12607291435562776,1.1789585963202163,-0.1451544432188627,0.3889444771529435,0.26942981999001164,3.6883090481313,3.382744637563478,4.215530985198969,0.28002881580277517,77.0,-0.08581994870413287,-0.07604737167877626,0.06867172982438058,0.056014253227876405,1.14706226477337,0.9258997656771811,1.7497742074277267,0.06425895614892489,77.0,,,,
splicing|miss<=5,operator,splicing,miss,miss<=5,False,230,230,False,,230.0,,99.0,0.0,6.032750447068391,-1.8307941041627145,1.9880288310251648,3.9554479434667553,0.009950248756218905,0.004975124378109453,21.04511166685964,-7.570275172434792,8.073125785999617,3.5445238434063695,0.009950248756218905,0.004975124378109453,31.891583989545712,2.9456767514923046,6.008280799215817,4.817668848272095,0.009950248756218905,0.004975124378109453,10.40482404464056,-3.384265194311223,3.7451743257277137,3.6818284116247284,0.18916434031768287,0.18916434031768287,0.271663433678575,0.21362840707995107,0.15907333738846222,0.013464592026415385,1.2736432638804436,0.9686689034988217,-0.03962464644172882,0.940154666232761,-0.03962464644172882,0.940154666232761,0.037528031733942604,0.5605232434991542,200,-0.02359714730675177,-0.03957294644180112,0.5580927460703715,0.2212446827407656,0.04137660121831311,4.3846415916413015,0.013043478260869565,0.40869565217391307,0.21178035768760806,2154.0,,,0.9933923780961912,,0.0018069891559653667,0.1651,transferred,0.9933923780961912,unselected,1.0,0.19774823332135585,True,0.07391520035721913,1.0758950305590878,0.05,0.221663433678575,1.8176688482720946,0.0018069891559653667,1.0,-0.3737843778209706,2.738833223904395,2.3001317497744753,4.428775709486651,0.17706956774839344,0.18916434031768287,-1.0231501463211323,0.1199722780459076,2.9456767514923046,-1.0004562450270365,0.3136329449155911,0.23260079033822995,4.139707893279475,3.824838552933262,4.800290947802691,0.23875234412284319,230.0,-0.09119898328418563,-0.0822992484228714,0.09564430093045445,0.09361032797592643,2.3820143604620476,2.124608797410787,1.7275199131678354,0.08729502891516015,230.0,,,,
pinned_sig&splicing,operator,pinned_sig&splicing,primary,miss0,True,43,43,False,43.0,230.0,0.18695652173913044,99.0,0.0,1.1466801676352396,-0.4376266062776064,0.4351057111908337,3.6411996743889725,0.009950248756218905,0.004975124378109453,3.720709206353236,-1.9846417728889836,1.8122915489446865,3.148141910480406,0.009950248756218905,0.004975124378109453,10.688673894542296,1.1931095819436097,1.5907931038092515,5.969075607545052,0.009950248756218905,0.004975124378109453,1.8569462722973606,-0.7500127823339514,0.8101154287508411,3.2180093874413886,0.10727992816964335,0.10727992816964335,0.16684703739100504,0.1429896396395403,0.09688600455982192,0.03125355484291155,0.4191653693073094,0.15783949080377177,-0.040295355591595035,0.2960052145524224,-0.040295355591595035,0.2960052145524224,0.04799686114517814,0.29565374711548004,200,-0.09526585423204172,-0.0639836880792266,-0.9281820621857515,0.1966604758009707,0.031204715362040742,4.053092231342814,0.0,0.46511627906976744,0.19352710339718085,2264.0,,,0.9947690286376104,,0.0008773615275167955,0.1651,transferred,0.9947690286376104,table,0.45,0.08898670499461013,True,0.07786033239639491,0.33017866431269927,0.1,0.06684703739100503,2.9690756075450517,0.0008773615275167955,1.0,-0.8749658996937895,2.3838983194829364,1.8037245442740943,5.8071156772211125,0.10050877108587422,0.10727992816964335,-2.8793237101307,0.12593210707841382,1.1931095819436097,-0.17497227012759908,0.1878012754263835,0.1337017334251,3.7506676190961623,3.2310522886994733,6.110916575006157,0.15810832949221132,43.0,0.08748342915788451,0.09001487384100823,0.012794296303766798,0.008370620177870125,0.3660454084223286,-0.23398171219432531,2.8672414785670264,0.012632670178396633,43.0,0.12489255908087209,3.8706395751633518,-10.992232319288195,-13.113414267232308
pinned_sig&splicing|depthT3,operator,pinned_sig&splicing,depth,depthT3,True,15,43,False,15.0,82.0,0.18292682926829268,99.0,0.0,0.30919678952875834,-0.20243848191169295,0.16623767533754358,3.0777335546925935,0.009950248756218905,0.004975124378109453,0.9611902491563957,-0.7470183935623445,0.6368706274448865,2.682190964862114,0.009950248756218905,0.004975124378109453,3.517462634131756,0.47114163773673085,0.5401189040569409,5.640093271154741,0.009950248756218905,0.004975124378109453,0.5115256430242623,-0.3777881101286116,0.3196314469645389,2.7823099435254806,,,,,,,,,,,,,0.011581307516030044,0.4329765187004898,200,-0.13377395533532635,-0.07482831194711217,-1.4847166473735054,0.19557821233939485,0.029448128988967294,3.4248931959342923,0.0,0.4,0.2338189678654425,5000.0,,,0.9980635375628308,,0.00032586348669141267,0.1857,transferred,0.9980635375628308,table,0.45,0.10262188382659954,False,,,0.1,,2.6400932711547407,,,,1.5653993689612704,1.2117661552288161,5.3882401954698285,,,-3.0405425987697074,0.14203882029578999,0.47114163773673085,-0.03318868723137641,,,3.1311034141244134,2.833400032249675,5.62019423949526,0.15784964801900966,15.0,0.08011455634312008,0.08699928021481623,,,0.1761612958404376,0.031927441747875596,2.6910300566072363,0.012804319478484405,15.0,0.13583658926655665,1.3049892032222448,-3.5614652885287343,-4.326416189908971
pinned_sig&splicing|miss<=5,operator,pinned_sig&splicing,miss,miss<=5,True,43,43,False,43.0,230.0,0.18695652173913044,99.0,0.0,1.1466801676352396,-0.4376266062776064,0.4351057111908337,3.6411996743889725,0.009950248756218905,0.004975124378109453,3.720709206353236,-1.9846417728889836,1.8122915489446865,3.148141910480406,0.009950248756218905,0.004975124378109453,10.688673894542296,1.1931095819436097,1.5907931038092515,5.969075607545052,0.009950248756218905,0.004975124378109453,1.8569462722973606,-0.7500127823339514,0.8101154287508411,3.2180093874413886,0.10727992816964335,0.10727992816964335,0.16684703739100504,0.1429896396395403,0.09688600455982192,0.03125355484291155,0.4191653693073094,0.15783949080377177,-0.040295355591595035,0.2960052145524224,-0.040295355591595035,0.2960052145524224,0.04799686114517814,0.29565374711548004,200,-0.09526585423204172,-0.0639836880792266,-0.9281820621857515,0.1966604758009707,0.031204715362040742,4.053092231342814,0.0,0.46511627906976744,0.19352710339718085,2264.0,,,0.9947690286376104,,0.0008773615275167955,0.1651,transferred,0.9947690286376104,table,0.45,0.08898670499461013,True,0.07786033239639491,0.33017866431269927,0.1,0.06684703739100503,2.9690756075450517,0.0008773615275167955,1.0,-0.8749658996937895,2.3838983194829364,1.8037245442740943,5.8071156772211125,0.10050877108587422,0.10727992816964335,-2.8793237101307,0.12593210707841382,1.1931095819436097,-0.17497227012759908,0.1878012754263835,0.1337017334251,3.7506676190961623,3.2310522886994733,6.110916575006157,0.15810832949221132,43.0,0.08748342915788451,0.09001487384100823,0.012794296303766798,0.008370620177870125,0.3660454084223286,-0.23398171219432531,2.8672414785670264,0.012632670178396633,43.0,0.12489255908087209,3.8706395751633518,-10.992232319288195,-13.113414267232308
translation,operator,translation,primary,miss0,False,1327,1327,False,,1328.0,,99.0,0.0,7.5106120295329335,-5.171645971553358,2.9756910844656783,4.261953825547569,0.009950248756218905,0.004975124378109453,25.265887937790946,-19.875583502006183,12.660202181028426,3.565620105770708,0.009950248756218905,0.004975124378109453,114.18341570504185,24.688882909386685,16.413834759512675,5.452384169018664,0.009950248756218905,0.004975124378109453,14.16029951681061,-9.9832545019504,5.784393418786556,4.173912849763566,0.06577673283950725,0.06577673283950725,0.14170986321638182,0.12412073135390296,0.06171717847908057,-0.2497362723692857,0.5396953573179727,0.2873718305141272,-0.09589339653980977,0.20869800441187794,-0.09589339653980977,0.20869800441187794,-0.06978622453835982,0.3511602818110694,200,-0.04190914895423207,-0.023485698626493794,-1.7920780696545602,0.16698617287976547,0.03922280782075296,5.071721847057034,0.028636021100226075,0.12207987942727958,0.19846385305719438,1792.0,,,0.9937184021352552,,0.0008957913753841723,0.1651,transferred,0.9937184021352552,unselected,1.0,0.19774823332135585,True,-0.056038370104974033,0.34194712399661686,0.05,0.09170986321638182,2.4523841690186643,0.0008957913753841723,0.7166175941814487,0.28338240581855134,1.893913988307806,1.4355641461836857,6.15563254453224,0.05799705308603321,0.06577673283950725,-3.831188238254383,0.2726167381403711,24.688882909386685,-8.852867212512967,0.17015167576338192,0.09526060277824541,4.703691825744467,4.206928955254228,5.3537283031171885,0.14540993213753986,1322.0,-0.198668237693034,-0.1839250245782345,0.052829753184536546,-0.08224185900418714,0.14949892159350878,0.4714367997792701,0.26038711513240587,0.05017881858366964,1327.0,,,,
translation|depthT1,operator,translation,depth,depthT1,False,442,1327,False,,443.0,,99.0,0.0,2.489461236187407,-0.6155008012938987,0.895316300545173,3.4680057043423007,0.009950248756218905,0.004975124378109453,10.047552295312567,-1.2190129546152029,4.035174762086659,2.7920885498653427,0.01990049751243781,0.009950248756218905,32.728135657885765,10.539346661991122,4.9394098517400264,4.4921943434352,0.009950248756218905,0.004975124378109453,5.0715130728342555,-1.1656015488354468,1.7987654372577797,3.467441886796642,0.07606486547875138,0.07606486547875138,0.13993382144720848,0.12275609234012796,0.07068799281436385,-0.22956810343302875,0.863692138661701,0.4467230201629164,-0.0995992037126543,0.22715780816055775,-0.0995992037126543,0.22715780816055775,-0.1911618311427412,0.46426098058589793,200,-0.02595881254137586,-0.012707309039073529,-1.4129456683105976,0.16146136303777395,0.028453707035617046,5.1880652977346,0.029411764705882353,0.08144796380090498,0.1860893484540904,573.5,,,0.9825834893085421,,0.002480358080357048,0.1408,transferred,0.9825834893085421,unselected,1.0,0.1638733705772812,True,-0.023939549130072735,0.6998187680844198,0.05,0.08993382144720848,1.4921943434351999,0.002480358080357048,0.8539143422403517,0.14608565775964832,2.102451049881009,1.803861351239676,5.561234871725901,0.06661238400164558,0.07606486547875138,-3.1005114805257357,0.3726886843181685,10.539346661991122,-2.643120114501199,0.15867891557129069,0.09645641231142947,3.557650876213205,3.248582143385824,4.461738499537902,0.13694813415419188,437.0,-0.22224353494055993,-0.20601266047876512,-0.027440386714463503,-0.0768832829715598,0.17290220512592236,-0.039512019178390693,-0.6206972955454645,-0.028214606425783384,442.0,,,,
translation|depthT2,operator,translation,depth,depthT2,False,442,1327,False,,442.0,,99.0,0.0,2.5448582912705406,-2.1335168728554863,1.1353742252211545,4.120557839169502,0.009950248756218905,0.004975124378109453,9.140966760800843,-8.820183437949547,4.6902193074657585,3.8294904824941423,0.009950248756218905,0.004975124378109453,36.37560065202903,6.353508416232071,5.340494382357553,5.621594198277903,0.009950248756218905,0.004975124378109453,4.588230584964466,-4.029364355808187,2.154336072182582,4.000116347697817,0.06996058472311684,0.06996058472311684,0.15583108356944386,0.13482167574885204,0.06538613265013044,-0.3860209291983169,0.5704074156395124,0.5873999088668163,-0.2332148675302888,0.23764092113299262,-0.2332148675302888,0.23764092113299262,-0.06662192037015009,0.36331025294188596,200,-0.03847850358864665,-0.024644917966947323,-1.128426772995501,0.17943832562614173,0.04729966130185374,4.7462730425952016,0.027149321266968326,0.1493212669683258,0.20169853163837156,1790.0,,,0.9928512096238706,,0.0011220248711235167,0.1736,transferred,0.9928512096238706,unselected,1.0,0.21006776379477252,True,-0.054236680225328654,0.3603396518447398,0.05,0.10583108356944386,2.6215941982779034,0.0011220248711235167,0.7418134070379516,0.2581865929620484,1.7797788719487235,1.492841394843243,6.0936062680044785,0.06139446452394136,0.06996058472311684,-3.282283680314112,0.23964253423688414,6.353508416232071,-3.1085809173147423,0.189951756244919,0.10938083417502838,4.623229704165364,4.321558384316721,5.519163126771743,0.15962979612244269,442.0,-0.19034385897051567,-0.18734388715531336,0.08299141766644014,-0.9209760659821882,0.3696885558538799,1.4330739794065332,0.5773699949968185,0.07663164851782914,442.0,,,,
translation|depthT3,operator,translation,depth,depthT3,False,443,1327,False,,443.0,,99.0,0.0,2.4762925020749855,-2.422628297403973,1.2323376755375477,3.975307171666273,0.009950248756218905,0.004975124378109453,6.077368881677535,-9.83638710944143,5.313810035097678,2.9947920392352603,0.009950248756218905,0.004975124378109453,45.07967939512706,7.796027831163493,7.270891668362224,5.127796323275677,0.009950248756218905,0.004975124378109453,4.500555859011891,-4.7882885973067655,2.3962331974984403,3.876435927027383,0.054931457705590145,0.054931457705590145,0.13139594953767886,0.11613613217492165,0.05207111543062961,-0.08237610302058478,0.5070375923050212,0.40084579256438013,-0.1319927230423003,0.22434481491067837,-0.1319927230423003,0.22434481491067837,-0.08979233618525162,0.3363541269555312,200,-0.061246381338139956,-0.03308315517087144,-2.235348246031305,0.16007446731828,0.04190897781710403,4.778605385659147,0.029345372460496615,0.13544018058690746,0.20758304741767208,4774.0,,,0.9979024784013457,,0.00027618514644085697,0.1857,transferred,0.9979024784013457,unselected,1.0,0.22804863072577675,True,-0.09665268118809789,0.27898896157924447,0.05,0.08139594953767885,2.1277963232756774,0.00027618514644085697,0.5761751303636613,0.4238248696363387,1.5117528196228747,0.8186502204885314,5.9728615982278885,0.048888058044231214,0.054931457705590145,-3.9845200951418396,0.22617274316431785,7.796027831163493,-3.101166180697027,0.16111172767173496,0.08309892542843762,4.466135429955265,3.763325006592867,5.000620607308098,0.1387564381894555,443.0,-0.18371783249706167,-0.15872539896288304,-0.026350670370180334,-0.03045991293653665,-0.1766957516923368,-0.19825684681086791,0.8952343107726684,-0.027063820174557947,443.0,,,,
translation|miss5-20,operator,translation,miss,miss5-20,False,79,1327,False,,79.0,,90.0,0.09090909090909094,0.3372843289027502,0.06386174208895201,0.20620097464727186,1.326000457958629,0.1691542288557214,0.0845771144278607,0.6188700971796751,0.45523816258971805,1.024599897805306,0.15970325093771418,0.835820895522388,0.417910447761194,3.3798742397350834,0.31213523662074777,0.6984847547754526,4.391991352911555,0.009950248756218905,0.004975124378109453,0.674306065384932,0.12654337028270285,0.3574724828699179,1.5323212872347345,0.09979197596688885,0.09979197596688885,0.0891283732208713,0.08183458939490543,0.09073713770202417,-1.9009082957840415,0.9661495941234003,2.7724010182198393,-1.400277283075326,0.7864095639196734,-1.400277283075326,0.7864095639196734,-2.0709201878672556,0.49512720743734634,200,-0.01263003221283712,0.00721777667264857,-1.6274038877923216,0.17688372774673056,0.04802216867063169,4.848509014052833,0.05063291139240506,0.012658227848101266,0.12925537831034323,963.0,,,0.9902404524871927,,0.0008784256298593937,0.1651,transferred,0.9902404524871927,unselected,1.0,0.19774823332135585,True,-0.10861986010048455,0.7684013608020445,0.1,-0.010871626779128701,1.391991352911555,0.0008784256298593937,0.4507164070387974,0.5492835929612025,1.6365746478992915,0.6621654819585787,4.384220740052053,0.08589538705009919,0.09979197596688885,-1.3419226608183377,0.28174127484993927,0.31213523662074777,-0.8912037098901222,0.13437931158414937,0.17286865495439305,1.7198258499223458,1.0952268851586116,4.271168139990885,0.11846065087037774,79.0,-1.1506137757664983,-0.34034158445586915,-0.14904873641172686,-0.06649739990021708,1.2801200157869805,0.12042871864639937,-1.4592991690361687,-0.17515543226673327,79.0,,,,
translation|miss20+,operator,translation,miss,miss20+,False,58,1327,False,,58.0,,63.5,0.35858585858585856,-0.38462504498646605,-0.32547413743799647,0.29718141381444396,-0.1990397272468816,0.7761194029850746,0.6169154228855721,-0.7933610303710468,-1.342838819902279,0.8356641150203893,0.6575342648497303,0.527363184079602,0.263681592039801,0.30569152886765716,-0.15523594923350642,0.9169237047614951,0.5026890194981462,0.5870646766169154,0.2935323383084577,-0.15270083579363045,-0.36179277367175183,0.3946775115962463,0.5297792038681487,-1.258212965243736,-1.258212965243736,-0.12833018285685116,-0.14722338703598395,,-4.263895137204522,3.4255664009424236,42.814513656244436,-2.451823022389548,5.017311925966292,-2.451823022389548,5.017311925966292,-3.0376211360099017,0.8022522963467124,200,-0.022252299578282272,-0.02497971001034767,0.16260356994474087,0.13798592103826984,0.031030644943886097,4.713455799994114,0.017241379310344827,0.05172413793103448,0.1803987003091484,795.25,,,0.9926179975776503,,-0.0009543789484189173,0.1651,transferred,0.9926179975776503,unselected,1.0,0.19774823332135585,True,-0.326078416178207,3.2278181676210678,0.1,0.028330182856851155,-2.4973109805018536,0.0,0.0,1.0,-1.1511645959912395,-0.8393906455736512,1.034111485950519,-0.34789274728365244,-1.258212965243736,-1.5082638881129575,0.5856313877146722,-0.15523594923350642,-0.8066694570647814,-0.40918872487403085,7.426950955013949,-0.27757408196218064,0.6732253308553755,0.23062698257403302,-0.692587873829568,57.0,-0.6732134970764375,-0.6641620812150704,0.3521282460352603,0.12724893474812893,-2.6482819843224226,-1.6497997017271238,-1.7673882215911236,0.26042518309027146,58.0,,,,
translation|miss<=5,operator,translation,miss,miss<=5,False,1332,1327,False,,1333.0,,99.0,0.0,7.479211723914122,-5.165963926801693,2.9784139929739037,4.245607118602671,0.009950248756218905,0.004975124378109453,25.02319627519651,-19.773764844941567,12.676269733768137,3.5339229963531054,0.009950248756218905,0.004975124378109453,114.41796262561766,24.856086082360935,16.47371530361598,5.4366531709818915,0.009950248756218905,0.004975124378109453,14.107582820776342,-9.975098083284088,5.789067012501579,4.160028006594761,0.0653674611248458,0.0653674611248458,0.14118926644651564,0.12372116580289688,0.061356727617557366,-0.24379821790778575,0.5332903568243548,0.29180388843410254,-0.10039104802877918,0.2071699612913597,-0.10039104802877918,0.2071699612913597,-0.02660778061462754,0.3492962017724634,200,-0.04200774768910177,-0.023377571997112837,-1.8126833923689354,0.16655823176111317,0.03910674854467087,5.064807461561368,0.028528528528528527,0.12162162162162163,0.19800476659931154,1787.0,,,0.9937199384808917,,0.000892280857801208,0.1651,transferred,0.9937199384808917,unselected,1.0,0.19774823332135585,True,-0.056558966874840216,0.33554212350299895,0.05,0.09118926644651563,2.4366531709818915,0.000892280857801208,0.713984970055699,0.28601502994430095,1.8858643752614612,1.4205769636970935,6.151541312323703,0.0575850513903337,0.0653674611248458,-3.850916809434716,0.27363633452473646,24.856086082360935,-8.883739813829003,0.16972340264226782,0.09476093839877824,4.690174151460857,4.195081784526098,5.337442153354159,0.14509703940169325,1327.0,-0.19901884316212592,-0.1842843093456166,0.03986563918704108,-0.0776055437198998,0.10885032750464119,0.4538942711929256,0.2518750182476489,0.03833729828615909,1332.0,,,,
pinned_sig&translation,operator,pinned_sig&translation,primary,miss0,True,112,112,False,112.0,1328.0,0.08433734939759036,99.0,0.0,1.8093959895195604,-1.1698810620833178,0.6152050220984366,4.842738509254522,0.009950248756218905,0.004975124378109453,5.753089250734885,-4.4654257516134965,2.4461090011815583,4.177456931564568,0.009950248756218905,0.004975124378109453,24.641288656542915,5.198239924095767,2.3210797250089463,8.376725936189981,0.009950248756218905,0.004975124378109453,3.19201968118816,-2.263717272840838,1.2330280601070829,4.424665691351089,0.07342943848186761,0.07342943848186761,0.15323096149170115,0.1328710090245039,0.0684063952873489,0.049398491726622785,0.30920340602366536,0.08100491384863753,-0.03108752380112955,0.16747193376894062,-0.03108752380112955,0.16747193376894062,0.047062348158956234,0.23617645350365055,200,-0.12814890547455338,-0.06813427765269366,-3.2637964249761313,0.1724746097594308,0.03831126206992632,4.741480760383404,0.017857142857142856,0.29464285714285715,0.23167763446348685,2384.0,,,0.99563377611939,,0.0006719746751878722,0.1651,transferred,0.99563377611939,table,0.4,0.07909929332854235,True,0.0741316681631588,0.23010411269512301,0.05,0.10323096149170115,5.376725936189981,0.0006719746751878722,1.0,-0.9371976037162522,2.533381884765675,1.9568902489294995,9.249810934423648,0.0681018346853211,0.07342943848186761,-6.878584436367696,0.2325699380405925,5.198239924095767,-0.6939825247879651,0.1881601777793367,0.10962466372229615,5.347616126168758,4.7075313134259655,8.390849651628212,0.15836263603027564,112.0,0.07076137907802084,0.07732897745729302,0.022409579380078024,0.0020197136371592874,0.5978810184151324,-0.41734355820687763,3.672333429095156,0.02191839731555109,112.0,0.2209300402285211,8.660845475216819,-23.8859607804821,-33.11564179332801
pinned_sig&translation|depthT1,operator,pinned_sig&translation,depth,depthT1,True,37,112,False,37.0,648.0,0.05709876543209876,99.0,0.0,0.8830857965947221,-0.3397714059758673,0.2591975718718836,4.71785747736489,0.009950248756218905,0.004975124378109453,3.0667974422066946,-1.3355056810102786,1.0622252987003267,4.144415623129444,0.009950248756218905,0.004975124378109453,7.95560450373121,1.8878352166913457,0.860277838802132,7.053266995100962,0.009950248756218905,0.004975124378109453,1.435644861802287,-0.6848095269620296,0.5066486033821537,4.185256555745216,0.11100172163919805,0.11100172163919805,0.2015332397661341,0.1677300578096037,0.09991138580363629,0.0691279695804206,0.4361462574355596,0.11491675367685336,0.0016541685011670442,0.23297760255881575,0.0016541685011670442,0.23297760255881575,0.06463840725987649,0.3036868579519846,200,-0.08507280193251755,-0.06023037046897832,-1.1151784802852447,0.1685995828467095,0.0206006142225227,3.9436017234326957,0.02702702702702703,0.3783783783783784,0.2181382931958887,839.0,,,0.9871508456057335,,0.0026232381047526726,0.1408,transferred,0.9871508456057335,table,0.4,0.06554934823091249,True,0.1359838915352216,0.37059690920464716,0.1,0.1015332397661341,4.053266995100962,0.0026232381047526726,1.0,-2.0745269816594885,3.1169691548312595,2.6072124876295195,8.664050184235274,0.10484700028304647,0.11100172163919805,-4.157913067917478,0.25601561856541283,1.8878352166913457,-0.20017058840136145,0.2406626143303812,0.1497956653848624,5.05661601428591,4.472189670528128,7.23860046043572,0.19397909758107224,37.0,0.07518885885645613,0.07170257404077873,0.09188856378866146,0.05512421973374905,1.4192706167639586,0.7849466189034651,2.887932760496585,0.08415562433388284,37.0,0.22057383113651066,2.652995239508816,-8.093427632529307,-11.134613261894065
pinned_sig&translation|depthT2,operator,pinned_sig&translation,depth,depthT2,True,37,112,False,37.0,406.0,0.09113300492610837,99.0,0.0,0.4304385960919983,-0.33870571544324063,0.20077839407282302,3.8308121503166706,0.009950248756218905,0.004975124378109453,1.3722985722596095,-1.2603241742745146,0.8832672297759477,2.9805506847592693,0.009950248756218905,0.004975124378109453,8.29318372987383,1.669186965718492,0.8274634911547896,8.005183110750949,0.009950248756218905,0.004975124378109453,0.7323136907840989,-0.5955331450433861,0.38949879688883177,3.409116655645205,0.05190269625179845,0.05190269625179845,0.11611483805326357,0.10403484847114121,0.049341727554022996,-0.011386621792581115,0.30736795313501725,0.08944673757573707,-0.06925352754197338,0.15916553893726046,-0.06925352754197338,0.15916553893726046,-0.011517907919873878,0.23510129706199462,200,-0.12640765345387134,-0.06358954169581103,-2.7082566636199235,0.16937013042159965,0.04791032256249439,3.7858700019271003,0.02702702702702703,0.2702702702702703,0.1978036629810335,2265.0,,,0.9956029409479998,,0.0005128186938133022,0.1736,transferred,0.9956029409479998,table,0.4,0.084027105517909,True,0.032087732535354574,0.22334084761710826,0.1,0.016114838053263567,5.005183110750949,0.0005128186938133022,1.0,-0.38187359111775643,1.8518368598458925,1.3069217274426572,8.620995726550085,0.047313795295404054,0.05190269625179845,-5.379179242262943,0.22704250517398936,1.669186965718492,-0.27649417414386873,0.14716218591490363,0.09515481805182004,4.329177598079823,3.5095595905420276,8.048232761693587,0.1282836792580784,37.0,0.06229460722335765,0.07324869739221851,-0.05062732476961994,-0.05423112534439271,-0.8849281118675616,-1.1056418433415134,2.785723636813529,-0.05332713494975451,37.0,0.22731282898405927,2.7102018035120836,-8.184861699542477,-11.390023891615696
pinned_sig&translation|depthT3,operator,pinned_sig&translation,depth,depthT3,True,38,112,False,38.0,274.0,0.1386861313868613,99.0,0.0,0.49587159683284004,-0.4914039406642099,0.22995567951943757,4.293329651871451,0.009950248756218905,0.004975124378109453,1.313993236268581,-1.869595896328703,0.8529552827850981,3.732422082201217,0.009950248756218905,0.004975124378109453,8.392500422937877,1.6412177416859293,0.8247741843617455,8.18561347973864,0.009950248756218905,0.004975124378109453,1.0240611286017747,-0.9833746008354228,0.487204570978953,4.120313825060393,0.05908508452112241,0.05908508452112241,0.1462352539671722,0.12757874394549057,0.05578879863824956,0.013693552213014763,0.3860832314018845,0.10139423656544369,-0.07616481245585315,0.19685400783145532,-0.07616481245585315,0.19685400783145532,0.01349432730016734,0.2785335835902494,200,-0.17178685694351548,-0.08025532492117059,-4.138707788941258,0.1792704447928635,0.0462093865996346,4.696841246225656,0.0,0.23684210526315788,0.2778432284569581,5545.0,,,0.9983706274384403,,0.00023866057734307428,0.1857,transferred,0.9983706274384403,table,0.45,0.10262188382659954,True,0.04361337014057268,0.28346134757528496,0.1,0.04623525396717221,5.18561347973864,0.00023866057734307428,1.0,-0.4249909328722352,1.7082931147751252,1.104122372092932,8.969181449072215,0.05398556626982912,0.05908508452112241,-6.835132021080912,0.21586234040663158,1.6412177416859293,-0.21731776224273472,0.1807660264122373,0.08515548421656155,4.87775772616038,4.393983899423488,7.874427269299665,0.15309216421266425,38.0,0.07469437399434804,0.08678022189989262,0.027329598143445266,0.01710974998420704,0.3980054176051766,-0.3834922459828662,3.349076164392904,0.026602560845939194,38.0,0.21480363689257878,3.2976484321959196,-7.607671448410314,-10.591004639818243
pinned_sig&translation|miss<=5,operator,pinned_sig&translation,miss,miss<=5,True,112,112,False,112.0,1333.0,0.08402100525131283,99.0,0.0,1.8093959895195604,-1.1698810620833178,0.6152050220984366,4.842738509254522,0.009950248756218905,0.004975124378109453,5.753089250734885,-4.4654257516134965,2.4461090011815583,4.177456931564568,0.009950248756218905,0.004975124378109453,24.641288656542915,5.198239924095767,2.3210797250089463,8.376725936189981,0.009950248756218905,0.004975124378109453,3.19201968118816,-2.263717272840838,1.2330280601070829,4.424665691351089,0.07342943848186761,0.07342943848186761,0.15323096149170115,0.1328710090245039,0.0684063952873489,0.049398491726622785,0.30920340602366536,0.08100491384863753,-0.03108752380112955,0.16747193376894062,-0.03108752380112955,0.16747193376894062,0.047062348158956234,0.23617645350365055,200,-0.12814890547455338,-0.06813427765269366,-3.2637964249761313,0.1724746097594308,0.03831126206992632,4.741480760383404,0.017857142857142856,0.29464285714285715,0.23167763446348685,2384.0,,,0.99563377611939,,0.0006719746751878722,0.1651,transferred,0.99563377611939,table,0.4,0.07909929332854235,True,0.0741316681631588,0.23010411269512301,0.05,0.10323096149170115,5.376725936189981,0.0006719746751878722,1.0,-0.9371976037162522,2.533381884765675,1.9568902489294995,9.249810934423648,0.0681018346853211,0.07342943848186761,-6.878584436367696,0.2325699380405925,5.198239924095767,-0.6939825247879651,0.1881601777793367,0.10962466372229615,5.347616126168758,4.7075313134259655,8.390849651628212,0.15836263603027564,112.0,0.07076137907802084,0.07732897745729302,0.022409579380078024,0.0020197136371592874,0.5978810184151324,-0.41734355820687763,3.672333429095156,0.02191839731555109,112.0,0.2209300402285211,8.660845475216819,-23.8859607804821,-33.11564179332801
