B_null,B_sel,D_agg_med_sel,D_agg_null_mean,D_agg_null_sd,D_agg_p2,D_agg_z,D_mean_all,D_mean_sel,D_null_mean_all,D_null_mean_sel,D_pg_fracpos_sel,D_pg_power_sel,D_pg_rej_all,D_pg_rej_sel,G,K,N_agg_med_sel,N_agg_null_mean,N_agg_null_sd,N_agg_p2,N_agg_z,N_corr_agg_med_sel,N_corr_agg_null_mean,N_corr_agg_null_sd,N_corr_agg_p2,N_corr_agg_z,N_corr_mean_all,N_corr_mean_sel,N_corr_null_mean_all,N_corr_null_mean_sel,N_corr_pg_fracpos_sel,N_corr_pg_power_sel,N_corr_pg_rej_all,N_corr_pg_rej_sel,N_mean_all,N_mean_sel,N_null_mean_all,N_null_mean_sel,N_pg_fracpos_sel,N_pg_power_sel,N_pg_rej_all,N_pg_rej_sel,N_set_p2,N_set_z,Nc_all_z,Nc_set_p2,Nc_set_z,R2rna,S_cross_agg_med_sel,S_cross_agg_null_mean,S_cross_agg_null_sd,S_cross_agg_p2,S_cross_agg_z,S_cross_m_agg_med_sel,S_cross_m_agg_null_mean,S_cross_m_agg_null_sd,S_cross_m_agg_p2,S_cross_m_agg_z,S_cross_m_mean_all,S_cross_m_mean_sel,S_cross_m_null_mean_all,S_cross_m_null_mean_sel,S_cross_m_pg_fracpos_sel,S_cross_m_pg_power_sel,S_cross_m_pg_rej_all,S_cross_m_pg_rej_sel,S_cross_mean_all,S_cross_mean_sel,S_cross_null_mean_all,S_cross_null_mean_sel,S_cross_pg_fracpos_sel,S_cross_pg_power_sel,S_cross_pg_rej_all,S_cross_pg_rej_sel,S_dd_agg_med_sel,S_dd_agg_null_mean,S_dd_agg_null_sd,S_dd_agg_p2,S_dd_agg_z,S_dd_mean_all,S_dd_mean_sel,S_dd_null_mean_all,S_dd_null_mean_sel,S_dd_pg_fracpos_sel,S_dd_pg_power_sel,S_dd_pg_rej_all,S_dd_pg_rej_sel,S_drm_agg_med_sel,S_drm_agg_null_mean,S_drm_agg_null_sd,S_drm_agg_p2,S_drm_agg_z,S_drm_mean_all,S_drm_mean_sel,S_drm_null_mean_all,S_drm_null_mean_sel,S_drm_pg_fracpos_sel,S_drm_pg_power_sel,S_drm_pg_rej_all,S_drm_pg_rej_sel,S_pp_agg_med_sel,S_pp_agg_null_mean,S_pp_agg_null_sd,S_pp_agg_p2,S_pp_agg_z,S_pp_mean_all,S_pp_mean_sel,S_pp_null_mean_all,S_pp_null_mean_sel,S_pp_pg_fracpos_sel,S_pp_pg_power_sel,S_pp_pg_rej_all,S_pp_pg_rej_sel,delta_target,fX,fX_pop,feasible,hyp,incr_m_mean_all,incr_m_mean_sel,incr_m_pop,incr_p_mean_all,incr_p_mean_sel,incr_p_pop,lam,lamhat_noise_sel,n,n_sel,q2,ratio_m_over_p_sel,rho_mean,s2,seconds,sel_rate,sig_u2,t2,theta_pg_median_all,theta_pg_median_sel,theta_pop,theta_set_all,theta_set_sel,theta_set_sel_jkse
200,200,,,,,,0.03390125551921981,nan,-0.015251352466870583,nan,nan,nan,0.08,nan,200,20,,,,,,,,,,,0.056970705912602865,nan,3.139147323499177e-05,nan,nan,nan,0.26,nan,0.0455993757609697,nan,2.0311787384298664e-05,nan,nan,nan,0.27,nan,,,,,,0.1,,,,,,,,,,,0.1449627588127518,nan,0.007182702060598049,nan,nan,nan,0.13,nan,0.14516081519649535,nan,0.007080341452778345,nan,nan,nan,0.18,nan,,,,,,0.0882141851934565,nan,-0.27983749641987843,nan,nan,nan,0.28,nan,,,,,,-0.037013274837203604,nan,-0.004664278254355795,nan,nan,nan,0.055,nan,,,,,,-0.2902457345844171,nan,-0.3246270390837041,nan,nan,nan,0.035,nan,0.1,nan,1.0,False,noise,-0.01857164824722922,nan,0.3753086419753086,-0.515210058376139,nan,0.09047619047619046,0.5,nan,60,0,0.0,nan,0.32615900196378717,0.95,2.269028425216675,0.0,0.4,0.0,0.06912751683221113,nan,1.0,1.3450645134696504,nan,
200,200,,,,,,0.08929522717852004,nan,-0.01843045606602696,nan,nan,nan,0.13,nan,200,20,,,,,,,,,,,0.0003905427077451969,nan,-0.00012196691805610305,nan,nan,nan,0.05,nan,-7.666209595165841e-05,nan,-8.369594545162823e-05,nan,nan,nan,0.04,nan,,,,,,0.1,,,,,,,,,,,-0.04076881507027249,nan,0.008265577292995138,nan,nan,nan,0.085,nan,-0.04133747548425529,nan,0.00836109682392624,nan,nan,nan,0.05,nan,,,,,,-0.2977301076200962,nan,-0.26500795977723984,nan,nan,nan,0.05,nan,,,,,,-0.05017303890049646,nan,-0.004109186029441685,nan,nan,nan,0.055,nan,,,,,,-0.30788576275657276,nan,-0.3069112953347065,nan,nan,nan,0.035,nan,0.1,nan,0.0,True,post,-0.6691755890383929,nan,0.011111111111111112,-0.47059967177435946,nan,0.1,0.5,nan,60,0,0.0,nan,0.310138047860916,0.0,2.2431328296661377,0.0,0.4,0.25,0.003333840997435569,nan,0.0,-0.0008585240037342048,nan,
200,200,,,,,,0.03294862275904367,nan,-0.013825056576697208,nan,nan,nan,0.055,nan,200,20,,,,,,,,,,,-0.06219105053915576,nan,0.00024156911972186048,nan,nan,nan,0.345,nan,-0.04914856204686013,nan,0.00015031102084064264,nan,nan,nan,0.34,nan,,,,,,0.1,,,,,,,,,,,-0.17824956290383676,nan,0.005850049595695595,nan,nan,nan,0.215,nan,-0.20508958594419124,nan,0.006015233972726388,nan,nan,nan,0.34,nan,,,,,,-0.4224871441934915,nan,-0.2690603543953471,nan,nan,nan,0.035,nan,,,,,,-0.055427035345820184,nan,-0.005347405647702367,nan,nan,nan,0.1,nan,,,,,,-0.35827494725820797,nan,-0.31281871673489525,nan,nan,nan,0.04,nan,0.1,nan,0.0,False,err,0.15628526983022428,nan,0.4749999999999999,-0.5008806085992729,nan,0.09047619047619046,0.5,nan,60,0,0.95,nan,0.31415390493673845,0.0,2.1604366302490234,0.0,0.4,0.0,-0.19077415336921189,nan,-1.0,-1.4916727295792638,nan,
200,200,,,,,,0.0709375602137005,nan,-0.015427084022517397,nan,nan,nan,0.1,nan,200,20,,,,,,,,,,,0.016035327038735486,nan,0.00019163782896688896,nan,nan,nan,0.065,nan,0.011914990547239221,nan,0.00014773143846054024,nan,nan,nan,0.065,nan,,,,,,0.1,,,,,,,,,,,0.008275392380524558,nan,0.0066286164196526385,nan,nan,nan,0.055,nan,0.006638022665980773,nan,0.006796694437010571,nan,nan,nan,0.045,nan,,,,,,-0.20510744329958241,nan,-0.2648873941474626,nan,nan,nan,0.03,nan,,,,,,-0.03980353286763494,nan,-0.0044552860847937165,nan,nan,nan,0.045,nan,,,,,,-0.29279062734106426,nan,-0.30780748965360627,nan,nan,nan,0.03,nan,0.1,0.1,0.10000000000000003,True,mix,-0.5501185167079022,nan,0.07356321839080464,-0.47616368930097464,nan,0.10111111111111112,0.5,nan,60,0,0.0,nan,0.3090691735595007,0.20000000000000007,2.2505924701690674,0.0,0.4,0.225,0.006332348121582359,nan,0.10000000000000003,0.16796448188160304,nan,
200,200,,,,,,0.05469194531037604,nan,-0.014298900072953629,nan,nan,nan,0.11,nan,200,20,,,,,,,,,,,0.0420627950848449,nan,0.0005214946292409383,nan,nan,nan,0.18,nan,0.03287582019206067,nan,0.00042875257970202024,nan,nan,nan,0.165,nan,,,,,,0.1,,,,,,,,,,,0.0927245374692088,nan,0.008162278785690301,nan,nan,nan,0.105,nan,0.0960672381562039,nan,0.008200099719683053,nan,nan,nan,0.13,nan,,,,,,-0.01498758188564186,nan,-0.272314818512741,nan,nan,nan,0.155,nan,,,,,,-0.03376275561812366,nan,-0.004760332247041869,nan,nan,nan,0.025,nan,,,,,,-0.269286435826961,nan,-0.315397335756667,nan,nan,nan,0.025,nan,0.1,0.3,0.30000000000000004,True,mix,-0.320996780904714,nan,0.21975308641975316,-0.5098710144998574,nan,0.11285714285714284,0.5,nan,60,0,0.0,nan,0.31627659891857474,0.6,2.2681078910827637,0.0,0.4,0.17499999999999996,0.049527931778320114,nan,0.30000000000000004,0.6011089933899927,nan,
200,200,,,,,,0.08037872003130911,nan,-0.01694266483400337,nan,nan,nan,0.12,nan,200,20,,,,,,,,,,,0.05061720145398896,nan,-0.0008288361615040966,nan,nan,nan,0.255,nan,0.04068306583207094,nan,-0.0006449724075726578,nan,nan,nan,0.27,nan,,,,,,0.1,,,,,,,,,,,0.13787547825733287,nan,0.005084296424064731,nan,nan,nan,0.125,nan,0.1405334319329671,nan,0.004685790847044307,nan,nan,nan,0.17,nan,,,,,,0.10683456311670053,nan,-0.25248270744938006,nan,nan,nan,0.25,nan,,,,,,-0.04888531315921819,nan,-0.004464470479644899,nan,nan,nan,0.08,nan,,,,,,-0.24737767954787845,nan,-0.29203160245097454,nan,nan,nan,0.02,nan,0.1,0.5,0.4871794871794871,False,mix,-0.03609329446640953,nan,0.37532894736842104,-0.42356834252017217,nan,0.14047619047619048,0.5,nan,60,0,0.0,nan,0.29411486224818856,0.95,2.2645654678344727,0.0,0.4,0.125,0.165673106261493,nan,0.4871794871794871,0.506142245313487,nan,
200,200,,,,,,0.026902429712707388,nan,-0.015543119380266819,nan,nan,nan,0.05,nan,200,20,,,,,,,,,,,0.06173306217844002,nan,-3.500855772510184e-05,nan,nan,nan,0.32,nan,0.048436940994910936,nan,-3.314954730781973e-05,nan,nan,nan,0.35,nan,,,,,,0.1,,,,,,,,,,,0.1519451128997144,nan,0.007745221908186272,nan,nan,nan,0.195,nan,0.1680330918176574,nan,0.007305799437954574,nan,nan,nan,0.23,nan,,,,,,0.14356234076593913,nan,-0.2680594335726345,nan,nan,nan,0.375,nan,,,,,,-0.029344938987216712,nan,-0.004949327732250676,nan,nan,nan,0.04,nan,,,,,,-0.2547550336761921,nan,-0.31358082092957346,nan,nan,nan,0.045,nan,0.2,nan,1.0,False,noise,-0.02891905641570459,nan,0.3753086419753086,-0.5062104523396114,nan,0.09047619047619046,0.5,nan,60,0,0.0,nan,0.3124586287738961,0.95,2.3056273460388184,0.0,0.4,0.0,0.13106544925049618,nan,1.0,1.8004671515610986,nan,
200,200,,,,,,0.1555764681224161,nan,-0.014091382995870674,nan,nan,nan,0.24,nan,200,20,,,,,,,,,,,-0.00024239685992319542,nan,0.00019207803080993063,nan,nan,nan,0.085,nan,-0.0003894061110548022,nan,0.00013406114471542282,nan,nan,nan,0.09,nan,,,,,,0.1,,,,,,,,,,,-0.08147161611670388,nan,0.006162330324824461,nan,nan,nan,0.115,nan,-0.07760122921773956,nan,0.0065297659484813255,nan,nan,nan,0.09,nan,,,,,,-0.33850916569282946,nan,-0.2593743682604987,nan,nan,nan,0.06,nan,,,,,,-0.08260662014629812,nan,-0.004445228470760995,nan,nan,nan,0.09,nan,,,,,,-0.3208098002615323,nan,-0.30004874140886967,nan,nan,nan,0.03,nan,0.2,nan,0.0,True,post,-0.6184800550370063,nan,0.025000000000000005,-0.3561552349876266,nan,0.20000000000000004,0.5,nan,60,0,0.0,nan,0.3024914103730759,0.0,2.2830886840820312,0.0,0.4,0.5,-0.005976952276946636,nan,0.0,-0.002502988503045307,nan,
200,200,,,,,,0.014256703122862528,nan,-0.015000916053678646,nan,nan,nan,0.055,nan,200,20,,,,,,,,,,,-0.05147237030176691,nan,0.00034077425176683667,nan,nan,nan,0.28,nan,-0.040577178454538065,nan,0.00022566689316354575,nan,nan,nan,0.285,nan,,,,,,0.1,,,,,,,,,,,-0.15841903403322785,nan,0.007643389187991658,nan,nan,nan,0.235,nan,-0.16370388143222672,nan,0.007303177274490017,nan,nan,nan,0.28,nan,,,,,,-0.3727672825601603,nan,-0.26446445953670117,nan,nan,nan,0.035,nan,,,,,,-0.03916681089147107,nan,-0.004937951791286048,nan,nan,nan,0.095,nan,,,,,,-0.3229338794437814,nan,-0.3086019496507396,nan,nan,nan,0.065,nan,0.2,nan,0.0,False,err,0.11605205330400618,nan,0.4749999999999999,-0.5444294392322498,nan,0.09047619047619046,0.5,nan,60,0,0.95,nan,0.3110273900147529,0.0,2.253861427307129,0.0,0.4,0.0,-0.04278826932227152,nan,-1.0,-2.846182466230018,nan,
200,200,0.37268822091761583,-0.014232934525386688,0.03849853487111463,0.009950248756218905,10.050282607592383,0.1659842806975409,0.36160017951891615,-0.013857460247149673,-0.013271054213374215,1.0,0.9473684210526315,0.29,0.9473684210526315,200,20,0.024710219611014984,-0.0003424117250222243,0.007797903053315628,0.01990049751243781,3.212739522604377,0.028508638462601453,-0.0003796831977524434,0.00945524364963873,0.01990049751243781,3.05526993568298,0.022858146012704087,0.041682700420597095,-0.0002782934290743044,-0.0013889227437206015,0.8421052631578947,0.10526315789473684,0.055,0.10526315789473684,0.018216700649700802,0.03227052570290289,-0.00022009687801140937,-0.001103929719182164,0.8421052631578947,0.10526315789473684,0.06,0.10526315789473684,0.009950248756218905,4.508881138093753,8.129675367898686,0.009950248756218905,4.382172316084944,0.1,-0.042083898013036,0.0010808685543872017,0.03867785587760708,0.27860696517412936,-1.1160072239500187,-0.06805886186038504,0.0021729563130244854,0.039269312388554904,0.06965174129353234,-1.7884656975071003,-0.012215400708912631,-0.08160813580785274,0.0048035660789240466,0.0019274402280481265,0.21052631578947367,0.0,0.05,0.05263157894736842,-0.003742591653643953,-0.03893773405087731,0.0050310391355344476,0.001699616257740658,0.3684210526315789,0.0,0.02,0.0,-0.21354934250542204,-0.2967679449214554,0.0696808795113428,0.24875621890547264,1.1942817455582286,-0.16529564595272436,-0.22181585593530204,-0.26065270061857965,-0.27696233059360864,0.6842105263157895,0.0,0.05,0.0,-0.09080471440217844,-0.010413358829273469,0.03218260753114488,0.01990049751243781,-2.4979752026807605,-0.06741954348452218,-0.1346655097190025,-0.005393435838752538,-0.005613091944678537,0.0,0.0,0.1,0.2631578947368421,-0.3220819938061296,-0.3090506025415346,0.040931847387439484,0.7263681592039801,-0.31836802138267317,-0.2820102899290019,-0.34165112275323795,-0.3017736149041278,-0.3145938071933148,0.47368421052631576,0.0,0.04,0.05263157894736842,0.2,0.1,0.10000000000000003,True,mix,-0.4382944063607573,-0.413073792064617,0.14864864864864868,-0.3490102507802554,0.11111095286720084,0.20500000000000002,0.5,0.08193177424741163,60,19,0.0,-3.7176694232684726,0.3053561696064008,0.40000000000000013,2.2803893089294434,0.095,0.4,0.45,0.05019311326897175,0.06048954386359838,0.10000000000000003,0.10974955322965524,0.08924366615590892,0.024103242553451316
200,200,0.3168853574904713,-0.01387524702194588,0.029620697583568518,0.009950248756218905,11.166536627575354,0.1546283531913523,0.31444459062060476,-0.016990509118726488,-0.014874983861487076,1.0,0.9,0.275,0.9,200,20,0.05705545556142169,0.00042433440501326545,0.006781287109917663,0.009950248756218905,8.351087371781393,0.07384265107126001,0.0005647608478696457,0.008534723453335809,0.009950248756218905,8.58585408366849,0.0539621850445052,0.07058678243936461,0.00032294429126261226,0.0006149541754910822,0.9333333333333333,0.4,0.255,0.4,0.04258132510591892,0.05691969367129745,0.00025079232809149566,0.0005498190301648809,0.9333333333333333,0.4666666666666667,0.295,0.4666666666666667,0.009950248756218905,8.574906884684387,13.845274138577375,0.009950248756218905,8.285406245640404,0.1,0.07096973367790423,0.009467701099015877,0.03125157980100446,0.06965174129353234,1.967965554654733,0.04417839285601899,0.011214286714055449,0.03190496381212481,0.27860696517412936,1.0331967882816724,0.10074818771186628,0.07111895447169911,0.008523468258217128,0.010140621500592412,0.6666666666666666,0.13333333333333333,0.095,0.13333333333333333,0.1035602853328215,0.07319238554175382,0.008564382938958413,0.009806611309990316,0.6666666666666666,0.16666666666666666,0.115,0.16666666666666666,0.007084425498204674,-0.3000286061705064,0.057593916290011045,0.009950248756218905,5.332386672872317,0.06755772988550002,0.0200747876610869,-0.2592728105173025,-0.27861195894857493,0.9666666666666667,0.06666666666666667,0.185,0.06666666666666667,-0.16372585249366678,-0.006807067188087438,0.022191965790199518,0.009950248756218905,-7.070972746713918,-0.0772116809636591,-0.1574405738980822,-0.00342128857240952,-0.003092730707428165,0.06666666666666667,0.0,0.1,0.3,-0.285168669772632,-0.33284869559996566,0.03291195607459645,0.11940298507462686,1.4487144342869196,-0.23853218843315482,-0.2670458939936411,-0.3002302399177624,-0.3235658646039694,0.7666666666666667,0.0,0.015,0.0,0.2,0.3,0.2533333333333333,False,mix,0.01365198189760902,0.012603413649947841,0.3753731343283582,-0.2622849232873316,0.12690226414003997,0.23047619047619047,0.5,0.15327185752347972,60,30,0.0,0.09931590846984137,0.3017502396087248,0.95,2.269171953201294,0.15,0.4,0.3499999999999999,0.20202555162567348,0.1976106895549699,0.2533333333333333,0.2753785074152902,0.18101660950489776,0.023251703081704853
200,200,,,,,,0.1252541299955658,nan,-0.014541393858474505,nan,nan,nan,0.19,nan,200,20,,,,,,,,,,,0.06183609054851542,nan,-0.00047900847479897683,nan,nan,nan,0.315,nan,0.049696468614638986,nan,-0.00038871299480197397,nan,nan,nan,0.32,nan,,,,,,0.1,,,,,,,,,,,0.11963029658371921,nan,0.0050744703833734296,nan,nan,nan,0.125,nan,0.12776629589519492,nan,0.005355668057091379,nan,nan,nan,0.18,nan,,,,,,0.07779672001779096,nan,-0.27388523144089627,nan,nan,nan,0.22,nan,,,,,,-0.06152607369433673,nan,-0.005437747864672574,nan,nan,nan,0.075,nan,,,,,,-0.27563126593305237,nan,-0.31728760641188714,nan,nan,nan,0.025,nan,0.2,0.5,0.3220338983050847,False,mix,-0.06088577612598439,nan,0.37535211267605634,-0.314143418874455,nan,0.19047619047619047,0.5,nan,60,0,0.0,nan,0.3181904991532958,0.95,2.2689146995544434,0.0,0.4,0.25,0.2145151626730658,nan,0.3220338983050847,0.3967651095927801,nan,
200,200,,,,,,-0.007996599947607015,nan,-0.015713510746056772,nan,nan,nan,0.025,nan,200,20,,,,,,,,,,,0.04705177278494246,nan,0.00026030073582314415,nan,nan,nan,0.255,nan,0.037077822714421754,nan,0.00019289729441119684,nan,nan,nan,0.245,nan,,,,,,0.1,,,,,,,,,,,0.13755448530860245,nan,0.00790925456707757,nan,nan,nan,0.135,nan,0.1496140308752838,nan,0.0072900705817732486,nan,nan,nan,0.215,nan,,,,,,0.11102427641082505,nan,-0.2668481810138835,nan,nan,nan,0.255,nan,,,,,,-0.008339358041540925,nan,-0.005094561335494147,nan,nan,nan,0.03,nan,,,,,,-0.25282186992585154,nan,-0.30981272878036537,nan,nan,nan,0.03,nan,0.1,nan,1.0,False,noise,0.14076811783714732,nan,0.47029702970297016,-0.5723801429973076,nan,0.05891472868217054,0.6,nan,60,0,0.0,nan,0.3112051228113086,0.95,2.2590882778167725,0.0,0.4166666666666667,0.0,0.0461001066247739,nan,1.4999999999999998,-4.6366984665172986,nan,
200,200,,,,,,0.07061211031838377,nan,-0.014131007124731452,nan,nan,nan,0.09,nan,200,20,,,,,,,,,,,0.00035120457343408476,nan,0.00017379509415941908,nan,nan,nan,0.03,nan,6.751090096663512e-05,nan,0.00016173013376783696,nan,nan,nan,0.04,nan,,,,,,0.1,,,,,,,,,,,-0.02593183908047446,nan,0.007489323544776695,nan,nan,nan,0.07,nan,-0.03342174277146211,nan,0.007227653403573618,nan,nan,nan,0.045,nan,,,,,,-0.3009300545477406,nan,-0.27125772880281995,nan,nan,nan,0.035,nan,,,,,,-0.04288099412776886,nan,-0.005457249176118954,nan,nan,nan,0.09,nan,,,,,,-0.3158661194151993,nan,-0.31557313109752394,nan,nan,nan,0.06,nan,0.1,nan,0.0,True,post,-0.6239314497101079,nan,0.011111111111111112,-0.5052824215054863,nan,0.09999999999999996,0.6,nan,60,0,0.0,nan,0.31761117102075065,0.0,2.217506170272827,0.0,0.4166666666666667,0.24,0.000546521307585942,nan,0.0,0.0009560810555333133,nan,
200,200,,,,,,0.01305725820997752,nan,-0.014160007737946343,nan,nan,nan,0.045,nan,200,20,,,,,,,,,,,-0.03894233662581052,nan,-0.0005700821317861845,nan,nan,nan,0.165,nan,-0.029925079965376,nan,-0.0004485908940683662,nan,nan,nan,0.15,nan,,,,,,0.1,,,,,,,,,,,-0.12461231471638518,nan,0.00399404941201907,nan,nan,nan,0.095,nan,-0.12838208351419433,nan,0.0038967956461853264,nan,nan,nan,0.16,nan,,,,,,-0.3482296187593335,nan,-0.2610515961354908,nan,nan,nan,0.035,nan,,,,,,-0.026814428498639756,nan,-0.005441829783636484,nan,nan,nan,0.06,nan,,,,,,-0.31350597552088694,nan,-0.3031341841765996,nan,nan,nan,0.02,nan,0.1,nan,0.0,False,err,0.020386896894167367,nan,0.37999999999999995,-0.5610683646280803,nan,0.06129032258064514,0.6,nan,60,0,0.95,nan,0.3048011942484422,0.0,2.2199645042419434,0.0,0.4166666666666667,0.0,-0.03650530962913294,nan,-1.0,-2.291834892451554,nan,
200,200,,,,,,0.06330064102506891,nan,-0.014493652309128396,nan,nan,nan,0.085,nan,200,20,,,,,,,,,,,0.02459539472948907,nan,0.00038482993550016263,nan,nan,nan,0.07,nan,0.01941077408733388,nan,0.00028971316214699796,nan,nan,nan,0.08,nan,,,,,,0.1,,,,,,,,,,,0.03399552147025647,nan,0.007037934247990523,nan,nan,nan,0.04,nan,0.04452777173036221,nan,0.007548296586673689,nan,nan,nan,0.065,nan,,,,,,-0.13821451398220091,nan,-0.2703766765696908,nan,nan,nan,0.06,nan,,,,,,-0.025191724492481474,nan,-0.004878891252641438,nan,nan,nan,0.06,nan,,,,,,-0.2951850604841211,nan,-0.31499927733845595,nan,nan,nan,0.045,nan,0.1,0.1,0.09999999999999999,True,mix,-0.39556732458353294,nan,0.17109144542772856,-0.5269257998367128,nan,0.1029032258064516,0.6,nan,60,0,0.0,nan,0.31773286207868423,0.375,2.269265651702881,0.0,0.4166666666666667,0.21600000000000003,0.04325267462465604,nan,0.14999999999999997,0.3066441946400929,nan,
200,200,,,,,,0.07559553182986244,nan,-0.015698578924353557,nan,nan,nan,0.105,nan,200,20,,,,,,,,,,,0.0433797231696734,nan,0.00034548855318068596,nan,nan,nan,0.19,nan,0.03482350202420659,nan,0.0002857871268243392,nan,nan,nan,0.19,nan,,,,,,0.1,,,,,,,,,,,0.10694367441598289,nan,0.007560998552202403,nan,nan,nan,0.085,nan,0.10852704226413237,nan,0.007865608603282812,nan,nan,nan,0.105,nan,,,,,,0.08309630331971242,nan,-0.2523334603027502,nan,nan,nan,0.24,nan,,,,,,-0.04413695477622949,nan,-0.005404248690155525,nan,nan,nan,0.025,nan,,,,,,-0.25195946501053446,nan,-0.29449974066973317,nan,nan,nan,0.025,nan,0.1,0.3,0.26573426573426584,False,mix,0.13221441050951263,nan,0.47032397408207327,-0.44578267853917014,nan,0.12891472868217052,0.6,nan,60,0,0.0,nan,0.29758437486286055,0.95,2.2545061111450195,0.0,0.4166666666666667,0.16799999999999998,0.08775194434300565,nan,0.3986013986013987,0.4606555596775402,nan,
200,200,,,,,,0.05142775965738977,nan,-0.015484817329482757,nan,nan,nan,0.085,nan,200,20,,,,,,,,,,,0.04823791928340444,nan,4.282237836250062e-05,nan,nan,nan,0.23,nan,0.03716636594063655,nan,7.199808241572847e-05,nan,nan,nan,0.235,nan,,,,,,0.1,,,,,,,,,,,0.11693921791894725,nan,0.006935020231959757,nan,nan,nan,0.11,nan,0.12857466353643132,nan,0.007045124614678591,nan,nan,nan,0.185,nan,,,,,,0.08508642944226055,nan,-0.2606271997414199,nan,nan,nan,0.22,nan,,,,,,-0.027743368193585537,nan,-0.005192373031274709,nan,nan,nan,0.035,nan,,,,,,-0.23918020487936822,nan,-0.3032043224743525,nan,nan,nan,0.015,nan,0.1,0.5,0.336283185840708,False,mix,0.1813755616942236,nan,0.470315789473684,-0.43582412671025395,nan,0.10891472868217053,0.6,nan,60,0,0.0,nan,0.30697363900116836,0.95,2.332833766937256,0.0,0.4166666666666667,0.12,0.08021877388353436,nan,0.504424778761062,0.7226907450030448,nan,
200,200,,,,,,-0.00895291276362505,nan,-0.013456318068147016,nan,nan,nan,0.055,nan,200,20,,,,,,,,,,,0.049470846297803635,nan,6.64440383328464e-05,nan,nan,nan,0.235,nan,0.038218643715039864,nan,5.938518801086475e-05,nan,nan,nan,0.22,nan,,,,,,0.1,,,,,,,,,,,0.14219046952685502,nan,0.006799231022377072,nan,nan,nan,0.14,nan,0.14664542574625317,nan,0.007109449160207582,nan,nan,nan,0.205,nan,,,,,,0.11651632753544888,nan,-0.2719805481289233,nan,nan,nan,0.28,nan,,,,,,-0.02472053451003884,nan,-0.005791840717295107,nan,nan,nan,0.06,nan,,,,,,-0.25919483364475565,nan,-0.31548792186557045,nan,nan,nan,0.05,nan,0.2,nan,1.0,False,noise,0.17787854813749807,nan,0.47029702970297016,-0.5704231913687026,nan,0.05891472868217054,0.6,nan,60,0,0.0,nan,0.31854456938683995,0.95,2.254732131958008,0.0,0.4166666666666667,0.0,-0.09685212795810913,nan,1.4999999999999998,-4.26885023054386,nan,
200,200,,,,,,0.1692088899988195,nan,-0.01588905169649888,nan,nan,nan,0.285,nan,200,20,,,,,,,,,,,0.0004995256582883462,nan,0.00014426898791416619,nan,nan,nan,0.05,nan,0.0002594875653715999,nan,0.00012377093357839204,nan,nan,nan,0.06,nan,,,,,,0.1,,,,,,,,,,,-0.07390435852231056,nan,0.006789667280162349,nan,nan,nan,0.1,nan,-0.0720562297627948,nan,0.007585383691726981,nan,nan,nan,0.075,nan,,,,,,-0.33306725073651094,nan,-0.27277887205108425,nan,nan,nan,0.03,nan,,,,,,-0.08366686650415936,nan,-0.00439644344217688,nan,nan,nan,0.095,nan,,,,,,-0.32550678733469157,nan,-0.3151154196546078,nan,nan,nan,0.015,nan,0.2,nan,0.0,True,post,-0.5944989454452346,nan,0.025,-0.3114476137353507,nan,0.19999999999999998,0.6,nan,60,0,0.0,nan,0.31639506330096684,0.0,2.259085178375244,0.0,0.4166666666666667,0.48,-0.0020627438504981204,nan,0.0,0.0015335338785888272,nan,
200,200,,,,,,0.009000054894171279,nan,-0.014760239840027882,nan,nan,nan,0.05,nan,200,20,,,,,,,,,,,-0.04850168958005223,nan,0.0004796664285113744,nan,nan,nan,0.23,nan,-0.03691617217635556,nan,0.00038920182946375857,nan,nan,nan,0.235,nan,,,,,,0.1,,,,,,,,,,,-0.1389697417708907,nan,0.008094341553399543,nan,nan,nan,0.165,nan,-0.138383935144325,nan,0.007797920377759847,nan,nan,nan,0.22,nan,,,,,,-0.3681633835466303,nan,-0.2681552981702318,nan,nan,nan,0.03,nan,,,,,,-0.026711128627830136,nan,-0.004780966951520263,nan,nan,nan,0.05,nan,,,,,,-0.3246259829584697,nan,-0.3116432820914773,nan,nan,nan,0.04,nan,0.2,nan,0.0,False,err,0.04232949630764373,nan,0.37999999999999995,-0.5499775577862118,nan,0.06129032258064514,0.6,nan,60,0,0.95,nan,0.3140139958986938,0.0,2.263265371322632,0.0,0.4166666666666667,0.0,-0.05589736619038919,nan,-1.0,-4.101771890331873,nan,
200,200,0.3802842225126394,-0.012679410976218598,0.03415128715416504,0.009950248756218905,11.506554107417477,0.18169417161859258,0.3807372499367488,-0.011953019847896887,-0.012496483451537378,1.0,0.95,0.29,0.95,200,20,0.023628206635519317,0.0005366667939529163,0.007127269577015291,0.009950248756218905,3.239885848122589,0.02691174830456095,0.0007253630769740648,0.009110406810771715,0.01990049751243781,2.874337641404882,0.034513411423474825,0.03818894713258553,0.0004999381695717106,0.0012333478466577178,0.85,0.15,0.09,0.15,0.02783340834808349,0.03073654954998173,0.00040794455956887977,0.0009656959925451426,0.85,0.1,0.1,0.1,0.009950248756218905,4.278154300816209,9.846519176055128,0.009950248756218905,4.1897525513821225,0.1,-0.026676255831911695,0.006965879715292018,0.036766065113725196,0.3482587064676617,-0.9150322571160787,-0.029691843297594202,0.0067101063702357045,0.03585043047449238,0.26865671641791045,-1.015383893164534,0.026634888052507154,-0.010384624876318308,0.006549536299648321,0.007210769112597756,0.45,0.0,0.02,0.05,0.026510811301508085,-0.023785117741339727,0.0071419060097349316,0.007692045675104586,0.45,0.0,0.04,0.0,-0.12225217803442384,-0.2668212138218424,0.06270605510485804,0.029850746268656716,2.30550359998508,-0.06849146952137108,-0.0819368315861994,-0.2695163310996705,-0.24732865446363153,0.75,0.05,0.04,0.05,-0.19777399768789414,-0.006354124800541827,0.027689464250464365,0.009950248756218905,-6.9130941338898975,-0.07851444993193624,-0.18197138827679557,-0.005052022041084327,-0.005005627614823117,0.05,0.0,0.13,0.5,-0.3153183750056822,-0.30433656306522955,0.03694713112785444,0.7860696517412935,-0.2972304372470275,-0.29032319602083295,-0.2835463447552612,-0.31300780234047965,-0.2905897941402487,0.55,0.05,0.01,0.05,0.2,0.1,0.1,True,mix,0.014053288177813867,0.022568027906075906,0.35899280575539555,-0.2629531802018755,0.15827684665695269,0.21636363636363634,0.6,0.07469867969314761,60,20,0.0,0.14258578170305336,0.3164513321133827,0.75,2.257695436477661,0.1,0.4166666666666667,0.43200000000000005,0.10395945765058083,0.05931348628754936,0.15,0.15318822888006897,0.08072903178002136,0.017802586897247053
200,200,0.3419850762124892,-0.013022317833357458,0.036547526067108434,0.009950248756218905,9.713582073497117,0.12378476658491913,0.3513783138906485,-0.016436122651803477,-0.01339282861534117,1.0,1.0,0.24,1.0,200,20,0.027396706976941975,0.0003729864511794165,0.0061372152939457945,0.009950248756218905,4.403254444734489,0.03222448961568599,0.0004940473557036697,0.007874646829782582,0.009950248756218905,4.0294432171796775,0.04886455413719749,0.0490312415124029,4.138262771809259e-05,-0.00044321604292680395,0.8,0.15,0.195,0.2,0.038754322266925524,0.03939052065365824,1.1744333327284245e-05,-0.0003093177983347668,0.8,0.15,0.22,0.2,0.009950248756218905,5.718876246922733,14.856136163322878,0.009950248756218905,5.52729532000124,0.1,0.009606690346969537,0.00839578823466834,0.03764931307816328,0.9751243781094527,0.03216266150075822,0.01128624699847167,0.0059194879307638455,0.037993523765374015,0.9154228855721394,0.1412545754036547,0.09124461990528414,-0.0016740468103062303,0.0067146392640323885,0.004831988359444953,0.5,0.05,0.105,0.15,0.08724229643049389,-0.02169429064994539,0.006961291512372637,0.0071462256803434595,0.55,0.0,0.095,0.05,0.021161412963722124,-0.26685266593179,0.07499492967786743,0.009950248756218905,3.840447349291544,0.038117814949880105,-0.023960359460719692,-0.26393387765802045,-0.25543804253009955,0.9,0.05,0.195,0.05,-0.16300869600529164,-0.00799105764304347,0.025709240320331395,0.009950248756218905,-6.029646789431868,-0.06800156934304444,-0.16454308276089516,-0.004586865302404031,-0.0036772804724031893,0.0,0.0,0.055,0.3,-0.28370922243857843,-0.3087059594429463,0.044529755970543525,0.5373134328358209,0.5613490678085437,-0.2728940585853749,-0.26007593730672973,-0.30518605433708107,-0.29817100449416534,0.65,0.0,0.01,0.0,0.2,0.3,0.15322580645161293,False,mix,0.1402557084333905,0.15400588684312802,0.47035629453681693,-0.33748438226155536,0.12763888190807604,0.19891472868217053,0.6,0.10080261569373442,60,20,0.0,1.2065750227586698,0.30714816587883853,0.95,2.298982620239258,0.1,0.4166666666666667,0.33599999999999997,0.11079349753666637,0.07782856631418161,0.22983870967741937,0.31307828367022195,0.1121028791376034,0.029179113260693928
200,200,,,,,,0.08598944343080867,nan,-0.01565113114570083,nan,nan,nan,0.125,nan,200,20,,,,,,,,,,,0.03992011849599704,nan,-0.0001175324300226552,nan,nan,nan,0.145,nan,0.03220746457185365,nan,-9.634720651075895e-05,nan,nan,nan,0.165,nan,,,,,,0.1,,,,,,,,,,,0.09274468411302361,nan,0.006427837181162516,nan,nan,nan,0.085,nan,0.08291526998910326,nan,0.005913757374035177,nan,nan,nan,0.1,nan,,,,,,0.04081512289105116,nan,-0.2654519011557863,nan,nan,nan,0.17,nan,,,,,,-0.05508943209776323,nan,-0.005437481993059234,nan,nan,nan,0.045,nan,,,,,,-0.2748468922867552,nan,-0.3087672571491128,nan,nan,nan,0.03,nan,0.2,0.5,0.20212765957446815,False,mix,0.13546397256280845,nan,0.4703370786516852,-0.43544117290956935,nan,0.1589147286821705,0.6,nan,60,0,0.0,nan,0.31210498323114083,0.95,2.309328079223633,0.0,0.4166666666666667,0.24,0.12324513265052339,nan,0.3031914893617022,0.37455137848135234,nan,
200,200,,,,,,-0.01417071677627059,nan,-0.017295321627534468,nan,nan,nan,0.055,nan,200,20,,,,,,,,,,,0.035326557357295785,nan,0.00045190093908014343,nan,nan,nan,0.125,nan,0.027692729762709343,nan,0.0003695198603798244,nan,nan,nan,0.11,nan,,,,,,0.1,,,,,,,,,,,0.09669657455391967,nan,0.009285373388182638,nan,nan,nan,0.065,nan,0.10821199383379312,nan,0.009563023507148292,nan,nan,nan,0.12,nan,,,,,,0.06118843962866993,nan,-0.27118646221262444,nan,nan,nan,0.205,nan,,,,,,-0.01442543768624924,nan,-0.004578555460873879,nan,nan,nan,0.045,nan,,,,,,-0.26393592212821415,nan,-0.3156779885119816,nan,nan,nan,0.03,nan,0.1,nan,1.0,False,noise,0.35894301050459965,nan,0.5652892561983469,-0.6084804370204051,nan,0.03646055437100214,0.7,nan,60,0,0.0,nan,0.31976647560511706,0.95,2.249124765396118,0.0,0.42857142857142855,0.0,-0.057429872512015825,nan,2.333333333333333,-1.9542222316574618,nan,
200,200,,,,,,0.07127723315301142,nan,-0.015530423124122093,nan,nan,nan,0.1,nan,200,20,,,,,,,,,,,-0.002747330657574544,nan,-4.5679121459793025e-06,nan,nan,nan,0.045,nan,-0.0020612618870873302,nan,3.219977210669396e-05,nan,nan,nan,0.055,nan,,,,,,0.1,,,,,,,,,,,-0.03800727648855185,nan,0.0070507046602033595,nan,nan,nan,0.075,nan,-0.039218920295994046,nan,0.007117704115176051,nan,nan,nan,0.065,nan,,,,,,-0.28681430305148603,nan,-0.25796373280286755,nan,nan,nan,0.03,nan,,,,,,-0.037156991710231194,nan,-0.00459766795500788,nan,nan,nan,0.075,nan,,,,,,-0.29013967912844846,nan,-0.2997956388880016,nan,nan,nan,0.04,nan,0.1,nan,0.0,True,post,-0.6821867337375371,nan,0.011111111111111112,-0.536590136724468,nan,0.1,0.7,nan,60,0,0.0,nan,0.3023874798829442,0.0,2.2629692554473877,0.0,0.42857142857142855,0.23333333333333336,-0.01411476233655794,nan,0.0,-0.0289189380101554,nan,
200,200,,,,,,0.015661746519099753,nan,-0.015419812116310045,nan,nan,nan,0.055,nan,200,20,,,,,,,,,,,-0.03091065730971178,nan,0.0005915696956249222,nan,nan,nan,0.125,nan,-0.02471395815527234,nan,0.0004604692150020541,nan,nan,nan,0.13,nan,,,,,,0.1,,,,,,,,,,,-0.10057980617002295,nan,0.008078518813130842,nan,nan,nan,0.11,nan,-0.09825863418829617,nan,0.008529375603127495,nan,nan,nan,0.115,nan,,,,,,-0.3433933660582524,nan,-0.27016881020080646,nan,nan,nan,0.015,nan,,,,,,-0.02490517109947281,nan,-0.004625175002291228,nan,nan,nan,0.03,nan,,,,,,-0.3305681959042066,nan,-0.3149017250665216,nan,nan,nan,0.035,nan,0.1,nan,0.0,False,err,-0.1700467571219366,nan,0.285,-0.6159471825967651,nan,0.03986013986013987,0.7,nan,60,0,0.95,nan,0.3187708101183871,0.0,2.322539806365967,0.0,0.42857142857142855,0.0,-0.002232512990562102,nan,-1.0,-1.5779822592029098,nan,
200,200,,,,,,0.07619366561833624,nan,-0.015427282301849215,nan,nan,nan,0.1,nan,200,20,,,,,,,,,,,0.03206559949443955,nan,-9.667299626709684e-05,nan,nan,nan,0.085,nan,0.024679796897678984,nan,-0.00010583874226521662,nan,nan,nan,0.11,nan,,,,,,0.1,,,,,,,,,,,0.05157816542965877,nan,0.006525357689819691,nan,nan,nan,0.045,nan,0.06442134871039702,nan,0.0062034044708319,nan,nan,nan,0.07,nan,,,,,,0.00024131985726430605,nan,-0.2653675183580932,nan,nan,nan,0.105,nan,,,,,,-0.03314661413599323,nan,-0.005091081016044486,nan,nan,nan,0.05,nan,,,,,,-0.253946465503773,nan,-0.307016062358102,nan,nan,nan,0.005,nan,0.1,0.1,0.10000000000000003,True,mix,0.18964574867147085,nan,0.45062586926286485,-0.430282404776748,nan,0.11195121951219512,0.7,nan,60,0,0.0,nan,0.308604099484949,0.7777777777777777,2.266275644302368,0.0,0.42857142857142855,0.21000000000000005,0.0890128999195606,nan,0.23333333333333336,0.3239087750588511,nan,
200,200,,,,,,0.052299906230014195,nan,-0.014881433350382323,nan,nan,nan,0.09,nan,200,20,,,,,,,,,,,0.03397745973930939,nan,0.0001578597351256541,nan,nan,nan,0.085,nan,0.026905881574665457,nan,0.0001323821108081084,nan,nan,nan,0.1,nan,,,,,,0.1,,,,,,,,,,,0.07129539694554288,nan,0.007327516041230973,nan,nan,nan,0.05,nan,0.0790079295775094,nan,0.0070535820186302485,nan,nan,nan,0.08,nan,,,,,,0.039466274376277165,nan,-0.26907565914093295,nan,nan,nan,0.16,nan,,,,,,-0.0316039372254324,nan,-0.004980283636538936,nan,nan,nan,0.045,nan,,,,,,-0.2615359246363269,nan,-0.3127328284928474,nan,nan,nan,0.025,nan,0.1,0.3,0.14856646394439627,False,mix,0.3001453405103909,nan,0.5653147482014387,-0.49189969785113147,nan,0.10646055437100212,0.7,nan,60,0,0.0,nan,0.31475245032788995,0.95,2.3141884803771973,0.0,0.42857142857142855,0.16333333333333333,0.06551088114836358,nan,0.3466550825369245,0.5144537249518918,nan,
200,200,,,,,,0.03662308246577715,nan,-0.014984546257974404,nan,nan,nan,0.075,nan,200,20,,,,,,,,,,,0.03261571146710145,nan,0.00014471389827404096,nan,nan,nan,0.085,nan,0.025100681067726737,nan,0.00012671931340538806,nan,nan,nan,0.08,nan,,,,,,0.1,,,,,,,,,,,0.07910292737330472,nan,0.007385454367370775,nan,nan,nan,0.045,nan,0.08614796032695896,nan,0.007137259474460931,nan,nan,nan,0.065,nan,,,,,,0.04347617543401501,nan,-0.2747206831793078,nan,nan,nan,0.18,nan,,,,,,-0.030402330068096145,nan,-0.005353485586049146,nan,nan,nan,0.02,nan,,,,,,-0.26788692729317704,nan,-0.3196750985109654,nan,nan,nan,0.015,nan,0.1,0.5,0.19632606199770386,False,mix,0.3489536792437996,nan,0.5653070175438595,-0.4927205695208788,nan,0.08646055437100214,0.7,nan,60,0,0.0,nan,0.322328166139755,0.95,2.262657880783081,0.0,0.42857142857142855,0.11666666666666668,0.045020912602354884,nan,0.4580941446613089,0.6853787113955346,nan,
200,200,,,,,,-0.004225702141159442,nan,-0.015125325796212827,nan,nan,nan,0.04,nan,200,20,,,,,,,,,,,0.03224006521383964,nan,-0.00014391572042247845,nan,nan,nan,0.11,nan,0.025241319840690116,nan,-9.025742482299295e-05,nan,nan,nan,0.13,nan,,,,,,0.1,,,,,,,,,,,0.09755903142003977,nan,0.006353769578782205,nan,nan,nan,0.08,nan,0.09973783820821037,nan,0.006891719173912326,nan,nan,nan,0.13,nan,,,,,,0.06726880959070464,nan,-0.27453897419201356,nan,nan,nan,0.24,nan,,,,,,-0.016805950544861125,nan,-0.004702693549211625,nan,nan,nan,0.04,nan,,,,,,-0.2731260264066894,nan,-0.31946687781503463,nan,nan,nan,0.01,nan,0.2,nan,1.0,False,noise,0.35195910622349513,nan,0.5652892561983469,-0.5750339251198426,nan,0.03646055437100214,0.7,nan,60,0,0.0,nan,0.3233009010879794,0.95,2.311188220977783,0.0,0.42857142857142855,0.0,-0.04254306270500551,nan,2.333333333333333,-5.973284201655643,nan,
200,200,0.37991365038628133,-0.014412241497882752,0.036308252024084275,0.009950248756218905,10.860503326123665,0.1749011830849907,0.39200770453206113,-0.015219002689431528,-0.013707805259280913,1.0,1.0,0.325,1.0,200,20,0.0034352376902323225,-0.00013983239338752527,0.006857512932210404,0.6069651741293532,0.5213362509760733,0.004052205973255667,-0.00019780672853228547,0.0085453007850679,0.6069651741293532,0.49735086080493435,0.008338924681131952,0.013365102668093917,-0.000204886710628816,0.00027665177550971465,0.5,nan,0.045,0.125,0.006027309096098902,0.00979476829584521,-0.00013797821331513379,0.00015599625619813474,0.5,nan,0.06,0.125,0.15920398009950248,1.4088129554837383,3.0371867107919996,0.11940298507462686,1.4891461259291443,0.1,-0.10921371525370144,0.004427801469653745,0.036499956817125596,0.009950248756218905,-3.113469895036196,-0.10902135386717351,0.007658086580895078,0.03590567629155505,0.009950248756218905,-3.249609880548658,-0.053336239635799094,-0.1429205423175441,0.006119292250201442,0.007372440434539287,0.125,0.16666666666666666,0.08,0.16666666666666666,-0.05337293150528205,-0.13594818213719553,0.00614232275549674,0.005699053875861314,0.125,0.125,0.065,0.125,-0.4103688024551043,-0.2654567230825645,0.06615326431067907,0.04975124378109453,-2.1905506989011303,-0.3275379021437416,-0.36261547073278405,-0.2595323013532532,-0.2495159498758621,0.375,0.041666666666666664,0.04,0.041666666666666664,-0.12713125829539287,-0.01040974880310487,0.028339174072403082,0.009950248756218905,-4.118733636695278,-0.06859576989398006,-0.14086559369698956,-0.0049882575341202665,-0.005825659999745329,0.0,0.20833333333333334,0.07,0.20833333333333334,-0.3349321183599413,-0.3011806801773358,0.03758246938705505,0.3283582089552239,-0.8980633452822776,-0.3297225438256822,-0.33341504609448175,-0.3010061568423994,-0.2934872930180598,0.2916666666666667,0.0,0.015,0.0,0.2,nan,0.0,True,post,-0.6175640324078365,-0.5343425685525793,0.025,-0.28747984405915916,0.15114015745810658,0.19999999999999998,0.7,0.024377073209403438,60,24,0.0,-3.5354109558916518,0.30330231099113,0.0,2.2628002166748047,0.12,0.42857142857142855,0.46666666666666673,0.020307721241697822,0.009278863702162712,0.0,0.034461225417612054,0.02498616272743212,0.020275340788008238
200,200,,,,,,0.006486519581293285,nan,-0.015486205366629787,nan,nan,nan,0.055,nan,200,20,,,,,,,,,,,-0.036129698333310166,nan,-0.0008220267314705061,nan,nan,nan,0.14,nan,-0.026764979896920102,nan,-0.0005872521428592684,nan,nan,nan,0.125,nan,,,,,,0.1,,,,,,,,,,,-0.10185564952644455,nan,0.005187774033033881,nan,nan,nan,0.125,nan,-0.11010100427843451,nan,0.005047027482768227,nan,nan,nan,0.145,nan,,,,,,-0.34098378141388236,nan,-0.26246956281523287,nan,nan,nan,0.035,nan,,,,,,-0.030035974605385603,nan,-0.004608934935233024,nan,nan,nan,0.055,nan,,,,,,-0.3203044459825061,nan,-0.3037893054187477,nan,nan,nan,0.015,nan,0.2,nan,0.0,False,err,-0.149450205599021,nan,0.285,-0.5468083308373975,nan,0.03986013986013987,0.7,nan,60,0,0.95,nan,0.30360448535318296,0.0,2.3308870792388916,0.0,0.42857142857142855,0.0,-0.017512722914893822,nan,-1.0,-4.1262466815191035,nan,
200,200,0.34390999243329046,-0.012273758094128109,0.03610646417183921,0.009950248756218905,9.864819463417714,0.15927116755215986,0.3483705345804944,-0.013322400282907494,-0.010813105157049755,1.0,0.9444444444444444,0.24,0.9444444444444444,200,20,0.03099240974970389,-0.0012629068854495508,0.008177525372976282,0.009950248756218905,3.944386004328526,0.03690769214593755,-0.0015859114136794832,0.0105361566233287,0.009950248756218905,3.6534767783095297,0.03667015542683434,0.04395676585632281,-0.00041801386207086344,-0.0013254156155016565,1.0,0.05555555555555555,0.095,0.05555555555555555,0.028909512329977547,0.0351461052349616,-0.0003246267754508796,-0.0010652324262853574,1.0,0.05555555555555555,0.11,0.05555555555555555,0.009950248756218905,4.842477422733123,10.85268340770978,0.009950248756218905,4.628525522627876,0.1,-0.0006351707016181915,-0.002530901607100649,0.03879145870295279,0.9751243781094527,0.04886980198270517,-0.018083861285982616,-0.0017897542258015506,0.036140113440635585,0.6965174129353234,-0.45085932246713073,0.032700574512866544,-0.008183056119542292,0.005467746545552976,0.0007059806098668324,0.5,0.0,0.03,0.0,0.03696001656852907,-0.01642299263514994,0.005579562594219357,-0.00026891775889047675,0.5,0.0,0.03,0.0,0.0021289383443311057,-0.292361003889779,0.07377363285701756,0.009950248756218905,3.9918048064797924,-0.0038484764361852407,-0.013965847921899761,-0.278724685067008,-0.2764031309171678,1.0,0.05555555555555555,0.12,0.05555555555555555,-0.17783369719655281,-0.014062849037536391,0.025905943988812238,0.009950248756218905,-6.321747944156018,-0.07932938266023179,-0.16584614258779606,-0.00604319148558257,-0.008931486449432353,0.05555555555555555,0.0,0.135,0.3888888888888889,-0.2815018771124675,-0.32613117976766004,0.04144427400331591,0.3383084577114428,1.0768508733086977,-0.2937897771056115,-0.2696479813403665,-0.3242786118223242,-0.3218481297175442,0.8888888888888888,0.0,0.015,0.0,0.2,0.1,0.06354515050167227,False,mix,0.3360316410905416,0.3370008037816344,0.5653653444676408,-0.29720995967863006,0.147647180884887,0.21646055437100215,0.7,0.09164166971183707,60,18,0.0,2.282473676516565,0.3277204897887558,0.95,2.29024076461792,0.09,0.42857142857142855,0.4200000000000001,0.10064712970039846,0.07348023593866286,0.14827201783723526,0.18151127271990358,0.10088713523743999,0.019123081805817524
200,200,,,,,,0.1108391175266398,nan,-0.0146809661925981,nan,nan,nan,0.185,nan,200,20,,,,,,,,,,,0.04092259242317904,nan,0.00024291539235160188,nan,nan,nan,0.135,nan,0.03295696316190092,nan,0.00018779579797185292,nan,nan,nan,0.135,nan,,,,,,0.1,,,,,,,,,,,0.06382176284310423,nan,0.0064483696994661645,nan,nan,nan,0.035,nan,0.07064656793020539,nan,0.007021705293266892,nan,nan,nan,0.07,nan,,,,,,0.031111535421399283,nan,-0.2695521473982245,nan,nan,nan,0.155,nan,,,,,,-0.05519712107681499,nan,-0.004614603269414087,nan,nan,nan,0.105,nan,,,,,,-0.2688096576855091,nan,-0.31263378851698165,nan,nan,nan,0.02,nan,0.2,0.3,0.08024401689347732,False,mix,0.31742230748484057,nan,0.5653451676528598,-0.3728491447830695,nan,0.17646055437100205,0.7,nan,60,0,0.0,nan,0.3142936667356649,0.95,2.282776117324829,0.0,0.42857142857142855,0.32666666666666666,0.11555047192099352,nan,0.1872360394181137,0.2973405409329412,nan,
200,200,,,,,,0.08831498642359246,nan,-0.014713690647129931,nan,nan,nan,0.15,nan,200,20,,,,,,,,,,,0.035158781691294286,nan,-0.0008742037410924663,nan,nan,nan,0.12,nan,0.02812744321912797,nan,-0.0006642108152953825,nan,nan,nan,0.125,nan,,,,,,0.1,,,,,,,,,,,0.05024081038958169,nan,0.004728796222788519,nan,nan,nan,0.055,nan,0.06543827774216854,nan,0.004239967978354703,nan,nan,nan,0.07,nan,,,,,,0.013263136398025349,nan,-0.27135582501910005,nan,nan,nan,0.15,nan,,,,,,-0.03560055895531869,nan,-0.005688707083645603,nan,nan,nan,0.06,nan,,,,,,-0.27596524035216846,nan,-0.31504145972029535,nan,nan,nan,0.01,nan,0.2,0.5,0.10884786760025465,False,mix,0.3518331462024576,nan,0.5653271028037381,-0.4218359462472875,nan,0.13646055437100216,0.7,nan,60,0,0.0,nan,0.3184872663506021,0.95,2.2765228748321533,0.0,0.42857142857142855,0.23333333333333336,0.05857405785974243,nan,0.25397835773392746,0.3184900361555625,nan,
200,200,,,,,,-0.01378253700627897,nan,-0.013723852723451838,nan,nan,nan,0.025,nan,200,20,,,,,,,,,,,0.02865270738627339,nan,0.0002402775482287216,nan,nan,nan,0.085,nan,0.02123972494281698,nan,0.0002015380690472729,nan,nan,nan,0.065,nan,,,,,,0.1,,,,,,,,,,,0.08222137262889656,nan,0.006779823024624241,nan,nan,nan,0.025,nan,0.08994283479349342,nan,0.006853268345379616,nan,nan,nan,0.105,nan,,,,,,0.06563812669365707,nan,-0.26599898180701165,nan,nan,nan,0.2,nan,,,,,,0.0008106107038403787,nan,-0.005613315109017458,nan,nan,nan,0.03,nan,,,,,,-0.24338831599278435,nan,-0.308633684399823,nan,nan,nan,0.03,nan,0.1,nan,1.0,False,noise,0.505501668200271,nan,0.6602836879432623,-0.563725524031402,nan,0.01979166666666666,0.8,nan,60,0,0.0,nan,0.30999034398428804,0.95,2.2878224849700928,0.0,0.4375,0.0,-0.043041968421659936,nan,4.000000000000001,-1.541060614104697,nan,
200,200,,,,,,0.0645464655664827,nan,-0.015406510274164995,nan,nan,nan,0.105,nan,200,20,,,,,,,,,,,-0.0004055655490317428,nan,-0.0005894660998089044,nan,nan,nan,0.095,nan,-0.0005037624683596658,nan,-0.00046484684736557787,nan,nan,nan,0.09,nan,,,,,,0.1,,,,,,,,,,,-0.03486413267492,nan,0.005980860929740484,nan,nan,nan,0.1,nan,-0.03567030757406586,nan,0.006058115838759103,nan,nan,nan,0.12,nan,,,,,,-0.3162974863001893,nan,-0.2793859658483505,nan,nan,nan,0.07,nan,,,,,,-0.04253086501078623,nan,-0.0059308392450286756,nan,nan,nan,0.045,nan,,,,,,-0.33030503274984296,nan,-0.3238547244363651,nan,nan,nan,0.05,nan,0.1,nan,0.0,True,post,-0.6395350435452188,nan,0.011111111111111117,-0.5032080341566261,nan,0.10000000000000003,0.8,nan,60,0,0.0,nan,0.32474449109112347,0.0,2.248610019683838,0.0,0.4375,0.2285714285714286,-0.03402251973489499,nan,0.0,-0.007804648386839889,nan,
200,200,,,,,,0.0042446088858753665,nan,-0.015444249063775721,nan,nan,nan,0.06,nan,200,20,,,,,,,,,,,-0.022893293642754525,nan,0.00034197590111281973,nan,nan,nan,0.085,nan,-0.01882715119678231,nan,0.0002480988665033336,nan,nan,nan,0.11,nan,,,,,,0.1,,,,,,,,,,,-0.0677158385241553,nan,0.007426528600241059,nan,nan,nan,0.085,nan,-0.07685575639906346,nan,0.0073434217343561915,nan,nan,nan,0.105,nan,,,,,,-0.33191131513342303,nan,-0.2670730780788864,nan,nan,nan,0.055,nan,,,,,,-0.029459523666618078,nan,-0.005757642935778883,nan,nan,nan,0.07,nan,,,,,,-0.3266908703572415,nan,-0.31085461637071304,nan,nan,nan,0.085,nan,0.1,nan,0.0,False,err,-0.34030663265771355,nan,0.18999999999999995,-0.6718525280364659,nan,0.023456790123456788,0.8,nan,60,0,0.95,nan,0.3119197895373973,0.0,2.2693071365356445,0.0,0.4375,0.0,-0.015178002049113296,nan,-1.0,-4.43554440538273,nan,
200,200,,,,,,0.07606642551062778,nan,-0.01456081836708417,nan,nan,nan,0.095,nan,200,20,,,,,,,,,,,0.022668022967896367,nan,-0.0004822011164390767,nan,nan,nan,0.09,nan,0.018439960402652722,nan,-0.0003510797276551517,nan,nan,nan,0.085,nan,,,,,,0.1,,,,,,,,,,,0.034059882104631754,nan,0.005612259446142856,nan,nan,nan,0.005,nan,0.03611423535597366,nan,0.005516567974889731,nan,nan,nan,0.06,nan,,,,,,0.0021403526313822463,nan,-0.2758008366155641,nan,nan,nan,0.12,nan,,,,,,-0.04798288570672305,nan,-0.0056060828252879405,nan,nan,nan,0.06,nan,,,,,,-0.28153466237712804,nan,-0.3177837985945357,nan,nan,nan,0.02,nan,0.1,0.1,0.050131926121371996,False,mix,0.5013493088888733,nan,0.6603159557661926,-0.46711983606843965,nan,0.10979166666666669,0.8,nan,60,0,0.0,nan,0.31931159347877114,0.95,2.261326313018799,0.0,0.4375,0.20571428571428574,0.02771814089265014,nan,0.20052770448548804,0.24241917874892574,nan,
200,200,,,,,,0.03096393142450544,nan,-0.01363787634372618,nan,nan,nan,0.09,nan,200,20,,,,,,,,,,,0.026027959372785025,nan,6.50471659348868e-06,nan,nan,nan,0.07,nan,0.020231440409595628,nan,5.494247979529825e-05,nan,nan,nan,0.08,nan,,,,,,0.1,,,,,,,,,,,0.05541275650532331,nan,0.0077801620141841,nan,nan,nan,0.01,nan,0.06571135797726364,nan,0.007030499069805381,nan,nan,nan,0.075,nan,,,,,,0.0279885689749194,nan,-0.27410584830651763,nan,nan,nan,0.12,nan,,,,,,-0.022021307930126778,nan,-0.005602915846977855,nan,nan,nan,0.03,nan,,,,,,-0.2588922537805596,nan,-0.31688633634909236,nan,nan,nan,0.015,nan,0.1,0.3,0.06354515050167223,False,mix,0.505518963996284,nan,0.6603081664098612,-0.5004634790686913,nan,0.08979166666666664,0.8,nan,60,0,0.0,nan,0.3186347999568553,0.95,2.256279468536377,0.0,0.4375,0.15999999999999998,0.026194548361913497,nan,0.25418060200668896,0.6533873277339738,nan,
200,200,,,,,,0.019435650860294786,nan,-0.01621814539081108,nan,nan,nan,0.07,nan,200,20,,,,,,,,,,,0.025920243537622206,nan,0.0003121712930568425,nan,nan,nan,0.055,nan,0.019553117692742962,nan,0.00021922745461381527,nan,nan,nan,0.055,nan,,,,,,0.1,,,,,,,,,,,0.05430240552820528,nan,0.008160320607172734,nan,nan,nan,0.01,nan,0.06326147003006448,nan,0.008084082871467793,nan,nan,nan,0.045,nan,,,,,,0.025176813705695657,nan,-0.2773673593042102,nan,nan,nan,0.13,nan,,,,,,-0.018559896780130793,nan,-0.005248561800449163,nan,nan,nan,0.065,nan,,,,,,-0.27560739446634935,nan,-0.323389953768697,nan,nan,nan,0.01,nan,0.1,0.5,0.08675799086757986,False,mix,0.5114137313018563,nan,0.6603007518796992,-0.5282841324681615,nan,0.06979166666666667,0.8,nan,60,0,0.0,nan,0.32666898634659186,0.95,2.29459547996521,0.0,0.4375,0.1142857142857143,-0.008538666100195186,nan,0.3470319634703195,1.006043884678344,nan,
200,200,,,,,,-0.013328447722522228,nan,-0.01378404242834701,nan,nan,nan,0.06,nan,200,20,,,,,,,,,,,0.02488245169023556,nan,-0.00010295920673496353,nan,nan,nan,0.095,nan,0.01915456314958897,nan,-5.926940448681612e-05,nan,nan,nan,0.095,nan,,,,,,0.1,,,,,,,,,,,0.07430033300637633,nan,0.005850913976702598,nan,nan,nan,0.02,nan,0.08638298137445904,nan,0.0056237595682526445,nan,nan,nan,0.1,nan,,,,,,0.03738452714242925,nan,-0.2719394562292112,nan,nan,nan,0.18,nan,,,,,,0.0038887376693719656,nan,-0.005558256388075911,nan,nan,nan,0.035,nan,,,,,,-0.26537990125491445,nan,-0.31413760622300624,nan,nan,nan,0.025,nan,0.2,nan,1.0,False,noise,0.5183279985072643,nan,0.6602836879432623,-0.5944953463911685,nan,0.01979166666666666,0.8,nan,60,0,0.0,nan,0.3164005508386105,0.95,2.259866714477539,0.0,0.4375,0.0,-0.05492763941150352,nan,4.000000000000001,-1.4371188264648294,nan,
200,200,,,,,,0.16844941060405338,nan,-0.014702642111111282,nan,nan,nan,0.28,nan,200,20,,,,,,,,,,,0.002117657151219794,nan,0.0006012816494044358,nan,nan,nan,0.03,nan,0.00145874003086217,nan,0.00043943554024610665,nan,nan,nan,0.02,nan,,,,,,0.1,,,,,,,,,,,-0.07547662167383462,nan,0.007400015924749529,nan,nan,nan,0.09,nan,-0.07167614957188255,nan,0.00784077889885807,nan,nan,nan,0.06,nan,,,,,,-0.3703454145277455,nan,-0.27411901447443715,nan,nan,nan,0.03,nan,,,,,,-0.07402201353557163,nan,-0.004171311735654549,nan,nan,nan,0.055,nan,,,,,,-0.35368805084152605,nan,-0.3184174379210499,nan,nan,nan,0.005,nan,0.2,nan,0.0,True,post,-0.6079607266745771,nan,0.025000000000000012,-0.31097799202474596,nan,0.20000000000000004,0.8,nan,60,0,0.0,nan,0.32039296309626514,0.0,2.2388055324554443,0.0,0.4375,0.4571428571428572,0.000604936764978858,nan,0.0,0.008659810833597945,nan,
200,200,,,,,,-0.0028863773396243177,nan,-0.015228666636043695,nan,nan,nan,0.04,nan,200,20,,,,,,,,,,,-0.01459123005592532,nan,0.00020910752932022439,nan,nan,nan,0.095,nan,-0.010925852617955504,nan,0.00016800743340844332,nan,nan,nan,0.08,nan,,,,,,0.1,,,,,,,,,,,-0.04001586353319268,nan,0.007370372823145775,nan,nan,nan,0.07,nan,-0.046362411848447846,nan,0.007165705562779517,nan,nan,nan,0.09,nan,,,,,,-0.2956949361837325,nan,-0.2720543862691564,nan,nan,nan,0.04,nan,,,,,,-0.012419941096416942,nan,-0.005548929361377874,nan,nan,nan,0.04,nan,,,,,,-0.3084491294536953,nan,-0.31569757422160855,nan,nan,nan,0.03,nan,0.2,nan,0.0,False,err,-0.3480915744532285,nan,0.18999999999999995,-0.6156838938087684,nan,0.023456790123456788,0.8,nan,60,0,0.95,nan,0.3178971530904754,0.0,2.2712674140930176,0.0,0.4375,0.0,-0.008774486086343333,nan,-1.0,3.7853167941574757,nan,
200,200,0.3581600519013263,-0.012842701927012489,0.03099335913829742,0.009950248756218905,11.970395082407611,0.15825138024461416,0.34921136016187226,-0.014320788918180704,-0.011670225246257993,1.0,0.875,0.245,0.875,200,20,0.02192393876590913,-0.0010153345423057545,0.006723715535824687,0.009950248756218905,3.411695986033355,0.029434641410158384,-0.0012827390143900002,0.008351338356385952,0.009950248756218905,3.6781386539538095,0.020784475200928586,0.03252767076757045,0.0005940266704709963,-0.0007466511602056965,0.7916666666666666,0.041666666666666664,0.05,0.041666666666666664,0.016566891955672455,0.024800072079487298,0.000482268732808086,-0.0005473709991687786,0.7916666666666666,0.0,0.05,0.0,0.009950248756218905,3.634336885534137,6.475234146846321,0.009950248756218905,3.6486683384876857,0.1,-0.08309274591747795,0.002158971380276227,0.033060910027217234,0.009950248756218905,-2.5786258522524785,-0.08452350376326437,0.002296055628750981,0.0353837572549118,0.029850746268656716,-2.4536557484298767,0.005271141320372288,-0.07219532999256939,0.008502708777157413,0.004194662362689773,0.16666666666666666,0.0,0.005,0.0,-0.0018189215267764448,-0.06910758847888655,0.008029818853032583,0.0038535757199405756,0.20833333333333334,0.0,0.03,0.0,-0.10703950407047128,-0.2745420383587011,0.07500973582701047,0.029850746268656716,2.23307724576308,-0.04622040795646238,-0.10004359859127654,-0.2675812481917849,-0.26387887464319526,0.8333333333333334,0.0,0.04,0.0,-0.14713252593920328,-0.010634502818853657,0.023311802685495465,0.009950248756218905,-5.85531822467865,-0.08099167603055213,-0.14432989457897397,-0.00541053377146396,-0.006488991236139771,0.041666666666666664,0.0,0.08,0.16666666666666666,-0.2823145026935078,-0.3101386618753381,0.04185740601984564,0.48756218905472637,0.6647368250190535,-0.2792695204014459,-0.26452193263002394,-0.3111185533200503,-0.30862487610692246,0.7916666666666666,0.0,0.0,0.0,0.2,0.1,0.0257104194857916,False,mix,0.5191026725444626,0.5062965130495067,0.660356506238859,-0.2841380682729377,0.1517372134921122,0.19979166666666665,0.8,0.06630832627459138,60,24,0.0,3.336666737166791,0.31038477685365434,0.95,2.2828164100646973,0.12,0.4375,0.4114285714285715,0.06442939784106509,0.06607536359759646,0.10284167794316643,0.10468718775194559,0.07101736916001689,0.018117272358682362
200,200,,,,,,0.1098259766922724,nan,-0.014209591608894893,nan,nan,nan,0.175,nan,200,20,,,,,,,,,,,0.02182676291101227,nan,0.00033107483267984846,nan,nan,nan,0.075,nan,0.01844166144646006,nan,0.00026638320577112423,nan,nan,nan,0.1,nan,,,,,,0.1,,,,,,,,,,,0.023203375640198903,nan,0.0074024090571753074,nan,nan,nan,0.005,nan,0.021058175119383765,nan,0.007346105099814435,nan,nan,nan,0.05,nan,,,,,,-0.017268989875420453,nan,-0.2742555694410517,nan,nan,nan,0.095,nan,,,,,,-0.05801031854973375,nan,-0.005101788555952137,nan,nan,nan,0.095,nan,,,,,,-0.28494417074046124,nan,-0.3186238292281718,nan,nan,nan,0.02,nan,0.2,0.3,0.03281519861830741,False,mix,0.5085228256609882,nan,0.6603372681281617,-0.4064522704868503,nan,0.15979166666666667,0.8,nan,60,0,0.0,nan,0.3192836405185314,0.95,2.258723735809326,0.0,0.4375,0.31999999999999995,0.03979383737762137,nan,0.13126079447322966,0.16791711762448328,nan,
200,200,,,,,,0.06813083979396638,nan,-0.01396079992702374,nan,nan,nan,0.095,nan,200,20,,,,,,,,,,,0.02913491664487101,nan,0.00017733414391061484,nan,nan,nan,0.06,nan,0.022715173987696957,nan,9.95040702910074e-05,nan,nan,nan,0.07,nan,,,,,,0.1,,,,,,,,,,,0.04180389920224829,nan,0.006932565921822928,nan,nan,nan,0.01,nan,0.05106253902638981,nan,0.006857155794370754,nan,nan,nan,0.045,nan,,,,,,0.018744761935906854,nan,-0.28189064205362774,nan,nan,nan,0.12,nan,,,,,,-0.037275248429291474,nan,-0.0054983597512148034,nan,nan,nan,0.055,nan,,,,,,-0.2751981836754889,nan,-0.32595639733306253,nan,nan,nan,0.02,nan,0.2,0.5,0.04534606205250593,False,mix,0.5162278026959755,nan,0.6603199999999999,-0.44049349111333624,nan,0.1197916666666667,0.8,nan,60,0,0.0,nan,0.3288231422093251,0.95,2.2885448932647705,0.0,0.4375,0.2285714285714286,0.051451398978162644,nan,0.18138424821002377,0.33340516653529634,nan,
200,200,,,,,,-0.022506167147060777,nan,-0.012735126406407298,nan,nan,nan,0.03,nan,200,20,,,,,,,,,,,0.01623933655078767,nan,-0.0005617822583320734,nan,nan,nan,0.05,nan,0.012429014019954266,nan,-0.0004300165878812054,nan,nan,nan,0.05,nan,,,,,,0.1,,,,,,,,,,,0.04299579278373452,nan,0.004739467490203887,nan,nan,nan,0.005,nan,0.052038031699419424,nan,0.004664335413165675,nan,nan,nan,0.06,nan,,,,,,0.020988970909660978,nan,-0.2683648900678263,nan,nan,nan,0.105,nan,,,,,,0.005378955993411732,nan,-0.00536274931336023,nan,nan,nan,0.045,nan,,,,,,-0.25651522794535403,nan,-0.3099668596139967,nan,nan,nan,0.025,nan,0.1,nan,1.0,False,noise,0.6725123642734643,nan,0.75527950310559,-0.6259093096158702,nan,0.007279693486590036,0.9,nan,60,0,0.0,nan,0.3101740159980799,0.95,2.279085397720337,0.0,0.4444444444444444,0.0,-0.020125032492299612,nan,9.000000000000002,-0.5522492541151081,nan,
200,200,,,,,,0.08273253801080474,nan,-0.016181963083416764,nan,nan,nan,0.115,nan,200,20,,,,,,,,,,,0.004935306742982245,nan,0.00023098289269988633,nan,nan,nan,0.04,nan,0.003710311911968864,nan,0.00016904904331558135,nan,nan,nan,0.035,nan,,,,,,0.1,,,,,,,,,,,-0.028473436317177435,nan,0.006728085052096584,nan,nan,nan,0.06,nan,-0.029247697261263143,nan,0.007160809410094518,nan,nan,nan,0.045,nan,,,,,,-0.298376117187561,nan,-0.25999406054160523,nan,nan,nan,0.05,nan,,,,,,-0.038275794244594125,nan,-0.0037292538570011173,nan,nan,nan,0.04,nan,,,,,,-0.3116639422327324,nan,-0.30270503332887294,nan,nan,nan,0.02,nan,0.1,nan,0.0,True,post,-0.6713063576384346,nan,0.011111111111111113,-0.4683709227967776,nan,0.1,0.9,nan,60,0,0.0,nan,0.3046469901506578,0.0,2.2572669982910156,0.0,0.4444444444444444,0.22500000000000003,-0.005135794826917454,nan,0.0,0.04484706986124738,nan,
200,200,,,,,,-0.010342646993763778,nan,-0.01580723061754095,nan,nan,nan,0.07,nan,200,20,,,,,,,,,,,-0.00855561687951693,nan,-0.0004912645984363833,nan,nan,nan,0.09,nan,-0.006761638797979388,nan,-0.00039221377531659714,nan,nan,nan,0.09,nan,,,,,,0.1,,,,,,,,,,,-0.02120868835531304,nan,0.004943981420374914,nan,nan,nan,0.065,nan,-0.024856478134174888,nan,0.004491397910307016,nan,nan,nan,0.09,nan,,,,,,-0.2909305013909071,nan,-0.2555584986604681,nan,nan,nan,0.045,nan,,,,,,-0.0028754838856759044,nan,-0.004271588152753665,nan,nan,nan,0.045,nan,,,,,,-0.30632785257978795,nan,-0.2956118549648433,nan,nan,nan,0.03,nan,0.1,nan,0.0,False,err,-0.4967768006476297,nan,0.09499999999999995,-0.6553345385254713,nan,0.010497237569060769,0.9,nan,60,0,0.95,nan,0.2975184200718756,0.0,2.269554853439331,0.0,0.4444444444444444,0.0,-0.017749569599943067,nan,-1.0,0.6537628908785534,nan,
200,200,,,,,,0.07384935605201458,nan,-0.013869080026630544,nan,nan,nan,0.095,nan,200,20,,,,,,,,,,,0.013810709062038845,nan,0.0002363328068727724,nan,nan,nan,0.025,nan,0.010359951615251842,nan,0.0001497059320534034,nan,nan,nan,0.025,nan,,,,,,0.1,,,,,,,,,,,0.00297473979333185,nan,0.0075522548145535925,nan,nan,nan,0.005,nan,0.009156182176447283,nan,0.007457680078588055,nan,nan,nan,0.025,nan,,,,,,-0.027786088092408047,nan,-0.27721484095194926,nan,nan,nan,0.075,nan,,,,,,-0.04024997599170109,nan,-0.005334504144854035,nan,nan,nan,0.035,nan,,,,,,-0.27127105971565585,nan,-0.3205142410938216,nan,nan,nan,0.005,nan,0.1,0.1,0.01159243441122635,False,mix,0.7083094009952304,nan,0.7553107734806628,-0.40931440623088194,nan,0.09727969348659006,0.9,nan,60,0,0.0,nan,0.3220296357294605,0.95,2.2654800415039062,0.0,0.4444444444444444,0.20250000000000004,0.01544593176651939,nan,0.10433190970103719,0.14028492825252234,nan,
200,200,,,,,,0.024939721769585383,nan,-0.015204691394612332,nan,nan,nan,0.09,nan,200,20,,,,,,,,,,,0.008290165494162501,nan,-8.149280410378182e-05,nan,nan,nan,0.035,nan,0.006587633957226029,nan,-5.2921773761574375e-05,nan,nan,nan,0.035,nan,,,,,,0.1,,,,,,,,,,,0.020298042673721896,nan,0.006933990988876238,nan,nan,nan,0.0,nan,0.016726350013966572,nan,0.006672093954227786,nan,nan,nan,0.04,nan,,,,,,-0.025883669787276672,nan,-0.2652001988705081,nan,nan,nan,0.06,nan,,,,,,-0.025251963847839645,nan,-0.00480812811864363,nan,nan,nan,0.04,nan,,,,,,-0.2816477592294575,nan,-0.3084607849354406,nan,nan,nan,0.01,nan,0.1,0.3,0.01485535574667709,False,mix,0.6801490445738422,nan,0.7553032345013475,-0.5510772534389077,nan,0.07727969348659001,0.9,nan,60,0,0.0,nan,0.3114274385325584,0.95,2.2801132202148438,0.0,0.4444444444444444,0.1575,-0.0005849098953052875,nan,0.13369820172009383,0.26414223935969544,nan,
200,200,,,,,,0.015134330509942104,nan,-0.01583912977835622,nan,nan,nan,0.04,nan,200,20,,,,,,,,,,,0.014535758984685404,nan,-0.00019696149725341897,nan,nan,nan,0.035,nan,0.011513659856475924,nan,-0.00015506439649496978,nan,nan,nan,0.035,nan,,,,,,0.1,,,,,,,,,,,0.03278944778043963,nan,0.00650532286729022,nan,nan,nan,0.005,nan,0.03959676205161604,nan,0.00643531978788444,nan,nan,nan,0.025,nan,,,,,,0.0024555465790218737,nan,-0.2673308629580476,nan,nan,nan,0.1,nan,,,,,,-0.009558015804211652,nan,-0.00562648687446865,nan,nan,nan,0.015,nan,,,,,,-0.2728762563297948,nan,-0.31098056660234424,nan,nan,nan,0.015,nan,0.1,0.5,0.020674646354733404,False,mix,0.6793902755956254,nan,0.7552960526315787,-0.5665848181120768,nan,0.05727969348659003,0.9,nan,60,0,0.0,nan,0.31328368444114546,0.95,2.2655134201049805,0.0,0.4444444444444444,0.11250000000000002,0.005193185192191827,nan,0.18607181719260069,0.7607643991197579,nan,
200,200,,,,,,-0.03150909519873438,nan,-0.01441411724852751,nan,nan,nan,0.03,nan,200,20,,,,,,,,,,,0.0027798222970219968,nan,-0.000381155069067474,nan,nan,nan,0.015,nan,0.0023145324805168895,nan,-0.0002921387704947063,nan,nan,nan,0.015,nan,,,,,,0.1,,,,,,,,,,,0.03777120872235964,nan,0.005612310543629985,nan,nan,nan,0.0,nan,0.02294504398556689,nan,0.0051632981655180986,nan,nan,nan,0.04,nan,,,,,,-0.014421237401787823,nan,-0.2688717595162452,nan,nan,nan,0.1,nan,,,,,,-0.016986632341780647,nan,-0.005509808677720325,nan,nan,nan,0.045,nan,,,,,,-0.2915370602437983,nan,-0.3104062634981365,nan,nan,nan,0.005,nan,0.2,nan,1.0,False,noise,0.6806785776497296,nan,0.75527950310559,-0.6453142331234365,nan,0.007279693486590036,0.9,nan,60,0,0.0,nan,0.31352041325295305,0.95,2.2658543586730957,0.0,0.4444444444444444,0.0,0.013786315867302747,nan,9.000000000000002,-0.07345601217422,nan,
200,200,0.3767845960787061,-0.0156291344466577,0.039894461553764374,0.009950248756218905,9.836295947663945,0.17303758046786266,0.3804893251532009,-0.013409933328886263,-0.01595937794265238,1.0,1.0,0.3,1.0,200,20,-0.01397718064467863,0.0009710871518000228,0.007038073100533365,0.06965174129353234,-2.123914824530867,-0.01587324284090197,0.0011840389621565533,0.008881540367990557,0.06965174129353234,-1.9205319228872897,-0.0020577882537914935,-0.011584877510018892,0.0004997041962065195,0.0014606706603192212,0.3684210526315789,nan,0.07,0.0,-0.0013186446613160973,-0.008815511124612306,0.0003374851777580026,0.0010601448352687741,0.3684210526315789,nan,0.075,0.0,0.1890547263681592,-1.4097674964318005,-0.771512312906832,0.13930348258706468,-1.4510008847674658,0.1,-0.2018835644731975,0.01011747657422723,0.03646589099442369,0.009950248756218905,-5.813680545308215,-0.2493227876603106,0.010421775634418498,0.039399390510719653,0.009950248756218905,-6.592603589069889,-0.08900752694639064,-0.2155818890718509,0.007597008832419485,0.008174143586328857,0.10526315789473684,0.5263157894736842,0.16,0.5263157894736842,-0.07986458295100199,-0.18493963854151743,0.007551736757976613,0.009208097047916062,0.10526315789473684,0.3684210526315789,0.13,0.3684210526315789,-0.42360136865503134,-0.2919579367139859,0.07598453135604942,0.05970149253731343,-1.7325030448954961,-0.34268278861906365,-0.39529796944689166,-0.2767986882548954,-0.26552187089352686,0.21052631578947367,0.0,0.05,0.0,-0.16097287706648863,-0.010177154669640207,0.031884764718995644,0.009950248756218905,-4.729397369593293,-0.08954512809877846,-0.16901482908027882,-0.005288968573013414,-0.005382734419619736,0.0,0.3684210526315789,0.115,0.3684210526315789,-0.30243703042517006,-0.323558279094808,0.0500617984707247,0.6169154228855721,0.42190351354571065,-0.33752367290948526,-0.32770171054854363,-0.3218011471525824,-0.31054539153153204,0.42105263157894735,0.0,0.015,0.0,0.2,nan,0.0,True,post,-0.6260688039064478,-0.39143719325380366,0.024999999999999998,-0.34509586002949805,0.1328477254451257,0.19999999999999998,0.9,-0.023718407893901915,60,19,0.0,-2.9465103142883042,0.3249844394887906,0.0,2.2804934978485107,0.095,0.4444444444444444,0.45000000000000007,0.005966738155412836,-0.03636680909858276,0.0,-0.007620568074002873,-0.023168878971999582,0.019022162366176855
200,200,,,,,,-0.007894048488148515,nan,-0.016232576975828538,nan,nan,nan,0.045,nan,200,20,,,,,,,,,,,-0.011073384206677141,nan,-0.00018750082395363116,nan,nan,nan,0.075,nan,-0.008921010744791296,nan,-0.0001572799617892423,nan,nan,nan,0.065,nan,,,,,,0.1,,,,,,,,,,,-0.0426432360105286,nan,0.00649615281340201,nan,nan,nan,0.075,nan,-0.031100913857549203,nan,0.007135062880916505,nan,nan,nan,0.07,nan,,,,,,-0.30420966676226885,nan,-0.264406269006307,nan,nan,nan,0.055,nan,,,,,,-0.006953323623797972,nan,-0.004128154747233557,nan,nan,nan,0.055,nan,,,,,,-0.31424007909229673,nan,-0.3063613426670302,nan,nan,nan,0.02,nan,0.2,nan,0.0,False,err,-0.49541335974703427,nan,0.09499999999999995,-0.6373559810064197,nan,0.010497237569060769,0.9,nan,60,0,0.95,nan,0.3077238383644657,0.0,2.2682905197143555,0.0,0.4444444444444444,0.0,-0.028419369503949625,nan,-1.0,1.130093228865338,nan,
200,200,,,,,,0.13918225272560203,nan,-0.013893688749111026,nan,nan,nan,0.2,nan,200,20,,,,,,,,,,,0.01644401472907909,nan,-2.2985783896251677e-05,nan,nan,nan,0.04,nan,0.013528226622163197,nan,-2.074060932301469e-05,nan,nan,nan,0.04,nan,,,,,,0.1,,,,,,,,,,,-0.006114309027824065,nan,0.006571019322210581,nan,nan,nan,0.0,nan,-0.004709255556399602,nan,0.00637086706136663,nan,nan,nan,0.025,nan,,,,,,-0.04358730929013351,nan,-0.26997454974546164,nan,nan,nan,0.03,nan,,,,,,-0.05892284117535929,nan,-0.004706309687186955,nan,nan,nan,0.06,nan,,,,,,-0.28266362292922054,nan,-0.3135616275443582,nan,nan,nan,0.005,nan,0.2,0.1,0.0058300092052776895,False,mix,0.666324508886091,nan,0.7553499222395021,-0.35315849744882066,nan,0.1872796934865901,0.9,nan,60,0,0.0,nan,0.315747260309847,0.95,2.2762575149536133,0.0,0.4444444444444444,0.4050000000000001,0.05508874719894896,nan,0.05247008284749922,0.09719792830795829,nan,
200,200,,,,,,0.10352658820502725,nan,-0.015164179134044536,nan,nan,nan,0.145,nan,200,20,,,,,,,,,,,0.010080810134234987,nan,-8.890715375100564e-05,nan,nan,nan,0.035,nan,0.007952232328222963,nan,-9.69258176357282e-05,nan,nan,nan,0.035,nan,,,,,,0.1,,,,,,,,,,,-0.0071952620968589375,nan,0.007310465206921755,nan,nan,nan,0.0,nan,-0.014855754582269282,nan,0.0071827733432825456,nan,nan,nan,0.045,nan,,,,,,-0.05159679466989431,nan,-0.27841414947320153,nan,nan,nan,0.05,nan,,,,,,-0.0601451119880231,nan,-0.004674353552821649,nan,nan,nan,0.06,nan,,,,,,-0.294253893489102,nan,-0.3211357236355134,nan,nan,nan,0.015,nan,0.2,0.3,0.007483261126427726,False,mix,0.6864537348269569,nan,0.7553313696612663,-0.4023571238733007,nan,0.14727969348659004,0.9,nan,60,0,0.0,nan,0.3231454811565875,0.95,2.264491319656372,0.0,0.4444444444444444,0.315,0.050351937660607256,nan,0.06734935013784955,0.07681342992269885,nan,
200,200,,,,,,0.061838666912630916,nan,-0.01535796596019028,nan,nan,nan,0.105,nan,200,20,,,,,,,,,,,0.013409005880085298,nan,0.00023982749837760364,nan,nan,nan,0.025,nan,0.010017806734983363,nan,0.00016612176119624973,nan,nan,nan,0.025,nan,,,,,,0.1,,,,,,,,,,,0.008902490809419412,nan,0.006935314412047616,nan,nan,nan,0.01,nan,0.011013551598126827,nan,0.0073541945390299315,nan,nan,nan,0.02,nan,,,,,,-0.020841662655481458,nan,-0.2702420886858923,nan,nan,nan,0.065,nan,,,,,,-0.03927470467303124,nan,-0.005052504988901901,nan,nan,nan,0.05,nan,,,,,,-0.27176215283751154,nan,-0.314769427736374,nan,nan,nan,0.005,nan,0.2,0.5,0.010445299615173168,False,mix,0.6715367619530856,nan,0.755314685314685,-0.4481793680131397,nan,0.10727969348659004,0.9,nan,60,0,0.0,nan,0.3172352692319439,0.95,2.2801637649536133,0.0,0.4444444444444444,0.22500000000000003,0.01918996083030746,nan,0.09400769653655854,0.16199907331665275,nan,
200,200,,,,,,0.05613302667239977,nan,-0.012254053008729974,nan,nan,nan,0.085,nan,200,20,,,,,,,,,,,0.09545328121464904,nan,-0.00020930852990063228,nan,nan,nan,0.34,nan,0.06722129417363974,nan,-0.00011624251927377489,nan,nan,nan,0.32,nan,,,,,,0.3,,,,,,,,,,,0.10372180951920358,nan,0.011168787570955348,nan,nan,nan,0.115,nan,0.10116883828050077,nan,0.011267211480619255,nan,nan,nan,0.095,nan,,,,,,-0.15515619470871528,nan,-0.4632059599687035,nan,nan,nan,0.24,nan,,,,,,-0.08713061731946947,nan,-0.009002526032628279,nan,nan,nan,0.105,nan,,,,,,-0.4925118074339682,nan,-0.5309280726076809,nan,nan,nan,0.04,nan,0.1,nan,1.0,True,noise,-0.4367236781481498,nan,0.057142857142857176,-0.3664319275587545,nan,0.10000000000000005,0.5,nan,60,0,0.0,nan,0.536585435310487,0.5,2.2847812175750732,0.0,0.19999999999999996,0.0,0.35433912085911773,nan,1.0,1.197535535825507,nan,
200,200,,,,,,0.08620082439959403,nan,-0.012739582822251854,nan,nan,nan,0.16,nan,200,20,,,,,,,,,,,-0.010419456555039735,nan,-0.0006903616518717536,nan,nan,nan,0.025,nan,-0.008753617626834095,nan,-0.0004958525277991749,nan,nan,nan,0.04,nan,,,,,,0.3,,,,,,,,,,,-0.10108742251620044,nan,0.010815006632691342,nan,nan,nan,0.155,nan,-0.10064804438621978,nan,0.011204634515500632,nan,nan,nan,0.13,nan,,,,,,-0.5451650227974845,nan,-0.47335673686972257,nan,nan,nan,0.05,nan,,,,,,-0.11400446126281055,nan,-0.008601587181167686,nan,nan,nan,0.13,nan,,,,,,-0.5527220221093602,nan,-0.5421354653633843,nan,nan,nan,0.04,nan,0.1,nan,0.0,True,post,-0.4048737095628465,nan,0.03333333333333333,-0.3180778470456487,nan,0.09999999999999996,0.5,nan,60,0,0.0,nan,0.5451984924031678,0.0,2.294233560562134,0.0,0.19999999999999996,0.5000000000000001,-0.07391458236485757,nan,0.0,-0.1015491172828658,nan,
200,200,0.24429847794059295,-0.009975948865912132,0.02196069514777242,0.009950248756218905,11.578614660598245,0.09907192136530084,0.23910085494678987,-0.01095889369507388,-0.007727181470461499,1.0,0.65625,0.225,0.65625,200,20,-0.1151095873685426,-0.0006681119969975943,0.011881631424975692,0.009950248756218905,-9.631798131808093,-0.15693255380714183,-0.0010071982701212625,0.017006176490688793,0.009950248756218905,-9.168748519881817,-0.12441443306331039,-0.1575299166691041,-0.0015107890450499453,-0.0017028031586729883,0.0,0.625,0.43,0.625,-0.08886575174362797,-0.11023000243076797,-0.0010538424438362086,-0.001229285541111852,0.0,0.625,0.455,0.625,0.009950248756218905,-10.772867313953125,-17.995022312024485,0.009950248756218905,-10.634843737569588,0.3,-0.46671521003464533,0.00445184669696371,0.03540879708827058,0.009950248756218905,-13.306497126793953,-0.42954457373150084,0.005993070802804439,0.0356730671270704,0.009950248756218905,-12.209144870293189,-0.27230563088792986,-0.4229811911275323,0.009034573836044248,0.004261606061867873,0.0,0.9375,0.51,0.9375,-0.2816059128822814,-0.456450359994343,0.008714704115374469,0.004580356333630183,0.0,1.0,0.545,1.0,-0.7000296755982107,-0.48656932560109284,0.04823803944123052,0.009950248756218905,-4.425145641600054,-0.6085489522894358,-0.6983430721621419,-0.46511178727944535,-0.45813498843243294,0.0,0.09375,0.06,0.09375,-0.2913611844893275,-0.014760865609068504,0.026377270144039195,0.009950248756218905,-10.486313305331922,-0.1496346118934389,-0.27737765918642404,-0.00939644140913569,-0.012250534342348064,0.0,0.78125,0.28,0.78125,-0.5980815710960647,-0.540745555968354,0.02831682011596824,0.029850746268656716,-2.024804158477997,-0.5674172504353245,-0.5915865039849072,-0.5331907294453404,-0.5273414921637516,0.21875,0.0,0.025,0.0,0.1,nan,0.0,True,err,0.08728380830289527,0.19907687713384364,0.3333333333333333,-0.24210236746758546,0.11199816611829591,0.15000000000000002,0.5,-0.8553524732604962,60,32,0.6666666666666666,1.77750122197155,0.5371785723067218,0.0,2.2650113105773926,0.16,0.19999999999999996,0.0,-0.5173583301163998,-0.4429364873242778,-1.0,-0.8969822177563269,-0.46101885522449865,0.05504928892544231
200,200,,,,,,0.07566370384697073,nan,-0.010760767084692197,nan,nan,nan,0.15,nan,200,20,,,,,,,,,,,0.013817937235618732,nan,0.0002546278737097113,nan,nan,nan,0.08,nan,0.009841224060410513,nan,0.0002133552977715472,nan,nan,nan,0.05,nan,,,,,,0.3,,,,,,,,,,,-0.05828559918169869,nan,0.010573823180693737,nan,nan,nan,0.105,nan,-0.04989822532623808,nan,0.010988395975285283,nan,nan,nan,0.08,nan,,,,,,-0.4743566990181073,nan,-0.4725088562040712,nan,nan,nan,0.045,nan,,,,,,-0.08851451798268112,nan,-0.009066724454114881,nan,nan,nan,0.11,nan,,,,,,-0.5379736804739658,nan,-0.5414628673830844,nan,nan,nan,0.025,nan,0.1,0.1,0.09999999999999999,True,mix,-0.4464035634780491,nan,0.033716475095785445,-0.3579911189635718,nan,0.10034482758620689,0.5,nan,60,0,0.0,nan,0.5450086980580403,0.06666666666666667,2.2755401134490967,0.0,0.19999999999999996,0.4500000000000002,0.04667634229685716,nan,0.09999999999999999,0.13006532273802393,nan,
200,200,,,,,,0.09457024317036541,nan,-0.012273820981992756,nan,nan,nan,0.15,nan,200,20,,,,,,,,,,,0.04712053712582651,nan,0.0006663320217168523,nan,nan,nan,0.12,nan,0.03201669903030915,nan,0.0004673695961523219,nan,nan,nan,0.13,nan,,,,,,0.3,,,,,,,,,,,-0.0115078448685055,nan,0.012928636403420072,nan,nan,nan,0.065,nan,-0.01703858145688687,nan,0.012964722422621937,nan,nan,nan,0.055,nan,,,,,,-0.3800439278076783,nan,-0.47456925048795473,nan,nan,nan,0.08,nan,,,,,,-0.1131103123914233,nan,-0.00788673641702789,nan,nan,nan,0.1,nan,,,,,,-0.5262077314095085,nan,-0.543579305907194,nan,nan,nan,0.02,nan,0.1,0.3,0.3,True,mix,-0.4221270185901567,nan,0.03703703703703703,-0.28605523839598734,nan,0.1033333333333333,0.5,nan,60,0,0.0,nan,0.5480598462585102,0.19999999999999996,2.2680416107177734,0.0,0.19999999999999996,0.35000000000000003,0.15483308643548593,nan,0.3,0.3385493994409218,nan,
200,200,,,,,,0.07836307866253475,nan,-0.012278424287445674,nan,nan,nan,0.15,nan,200,20,,,,,,,,,,,0.05882912935723544,nan,-0.0001319050016833371,nan,nan,nan,0.105,nan,0.04171216411176932,nan,-8.147436098357754e-05,nan,nan,nan,0.125,nan,,,,,,0.3,,,,,,,,,,,0.021888986057792624,nan,0.011601310539656627,nan,nan,nan,0.03,nan,0.0214248864169114,nan,0.011716724272389385,nan,nan,nan,0.025,nan,,,,,,-0.33291506438663104,nan,-0.46831941210316264,nan,nan,nan,0.055,nan,,,,,,-0.09019128285018226,nan,-0.008752556573863894,nan,nan,nan,0.135,nan,,,,,,-0.5175677700484986,nan,-0.5374724715420635,nan,nan,nan,0.025,nan,0.1,0.5,0.5000000000000001,True,mix,-0.47854311134214866,nan,0.04444444444444444,-0.344610625634611,nan,0.10999999999999997,0.5,nan,60,0,0.0,nan,0.5412070855975405,0.3333333333333333,2.2573180198669434,0.0,0.19999999999999996,0.25000000000000006,0.24988472467768058,nan,0.5000000000000001,0.5322935854957908,nan,
200,200,0.20122174794192138,-0.012740322408468882,0.019184686199053093,0.009950248756218905,11.152753196963845,0.10142136400823648,0.20776750053224197,-0.011423042764779541,-0.012877128607652243,1.0,0.5952380952380952,0.215,0.5952380952380952,200,20,0.13522054193750405,0.0009230969693028776,0.009497549196232946,0.009950248756218905,14.14022103800504,0.18424748342630737,0.001491019695168132,0.013657874281176107,0.009950248756218905,13.381032798760003,0.15612812658669623,0.18442945909435848,0.0015748481061900164,0.0012288691965148114,1.0,0.7619047619047619,0.58,0.7619047619047619,0.10900606441530272,0.12988616618531323,0.0011354482032287273,0.0009338057109263929,1.0,0.7380952380952381,0.58,0.7380952380952381,0.009950248756218905,14.995562951166026,21.57014597860005,0.009950248756218905,14.634570653379274,0.3,0.13456624592558258,0.014211326692307633,0.02638330974802953,0.009950248756218905,4.561782444209905,0.1129990225545697,0.014160905888355993,0.02865479611280833,0.009950248756218905,3.449269583830159,0.14095770585637296,0.0887274978089456,0.014110776333050285,0.015099052645179484,0.8095238095238095,0.047619047619047616,0.145,0.047619047619047616,0.13983247917937244,0.10251266716978966,0.014202607950375324,0.014053655731970567,0.7142857142857143,0.047619047619047616,0.12,0.047619047619047616,0.03435308263309961,-0.5012789110947825,0.045851259943484234,0.009950248756218905,11.681947112825567,-0.004446823768817324,0.0033106915406360482,-0.4793912120727873,-0.4685741340632531,1.0,0.5714285714285714,0.54,0.5714285714285714,-0.2666376989266783,-0.012209703366201453,0.02498531441760618,0.009950248756218905,-10.183101613122316,-0.1641314523048527,-0.2563397865541803,-0.00898170953222572,-0.006678500677153754,0.0,0.0,0.255,0.6904761904761905,-0.47724031166311764,-0.5530469146409447,0.026014916277588895,0.009950248756218905,2.913966824495157,-0.5011096027925664,-0.47384885842358104,-0.5516211687400601,-0.5381032597634421,0.7619047619047619,0.023809523809523808,0.03,0.023809523809523808,0.2,nan,1.0,True,noise,-0.293846165801281,-0.29074332399465197,0.12307692307692308,-0.1798571367172395,0.09401048101819773,0.2,0.5,0.3846727549206864,60,42,0.0,-3.0926692518291916,0.5560222525959557,0.8,2.2507972717285156,0.21,0.19999999999999996,0.0,0.7377811959243068,0.7377811959243068,1.0,1.0747840504930526,0.6251515075869969,0.06465449116992411
200,200,0.2948526841037241,-0.014199798461420794,0.020168387987010507,0.009950248756218905,15.323608547637383,0.18216032011143857,0.3041817318736359,-0.011851526195658525,-0.013203509591316968,1.0,0.9523809523809523,0.475,0.9523809523809523,200,20,0.0024907888752705547,0.0008068616094458929,0.009095356313982233,0.7761194029850746,0.18514142904449268,0.003244674898409275,0.0011522648924349374,0.01311106180062106,0.8159203980099502,0.15959119388146203,0.008514652558026027,0.016277604830114718,0.00030985099883954674,0.001363518826202751,0.5238095238095238,nan,0.065,0.11904761904761904,0.0052924880827426145,0.010837821172481736,0.00022787246509367156,0.0008912193014160984,0.5238095238095238,nan,0.085,0.14285714285714285,0.13930348258706468,1.4337153836823544,1.5822243780696723,0.13930348258706468,1.4492463235923414,0.3,-0.24702585764505658,0.016633505974315163,0.028877681457379952,0.009950248756218905,-9.130212340605379,-0.2622959929578449,0.015496980068287092,0.026919137034484588,0.009950248756218905,-10.319534859529396,-0.1590023236123965,-0.25875731617647935,0.012298206035869811,0.01571639908520676,0.0,0.4523809523809524,0.215,0.4523809523809524,-0.14957498960793608,-0.254532849859557,0.012033462598528865,0.015244923980438694,0.0,0.4523809523809524,0.18,0.4523809523809524,-0.6321302555044118,-0.4940142142020557,0.041871591106736744,0.009950248756218905,-3.2985620476417954,-0.5688895561967571,-0.611175391870839,-0.4652807730155955,-0.46395491845133463,0.16666666666666666,0.07142857142857142,0.045,0.07142857142857142,-0.29009102084446314,-0.013173024311061609,0.024532157507696717,0.009950248756218905,-11.287959342150538,-0.16675064224940223,-0.2837700237816829,-0.008641549871580523,-0.009383276346060287,0.0,0.7619047619047619,0.29,0.7619047619047619,-0.5615421664680638,-0.5512916587919647,0.02172132415106987,0.6169154228855721,-0.47190988930213257,-0.5487794976101813,-0.568473403632444,-0.5348499620792388,-0.5354473313704328,0.30952380952380953,0.0,0.025,0.0,0.2,nan,0.0,False,post,-0.39489698311491994,-0.2948386696935196,0.07037037037037033,-0.16717314697671498,0.10754227000363176,0.18999999999999992,0.5,0.03440364595684358,60,42,0.0,-2.7416072738985586,0.5390834515159358,0.0,2.276602029800415,0.21,0.19999999999999996,0.95,0.00388552233695292,0.008141246425293042,0.0,0.029054011760107128,0.035629428189934885,0.029624855700883693
200,200,0.16738613254791207,-0.014022312094701096,0.014649374277224972,0.009950248756218905,12.383357896197731,0.11441813862979602,0.17339522312294345,-0.011715558265326035,-0.013566696734007169,1.0,0.4090909090909091,0.215,0.4090909090909091,200,20,-0.14900687303793098,-0.0006771945836243783,0.008487263461806473,0.009950248756218905,-17.476737832438936,-0.20241298855934337,-0.0010345172803518,0.01216539361330725,0.009950248756218905,-16.55338722802673,-0.1988191175607349,-0.21619747049494584,-0.0003240693100341409,-0.0003776551461670615,0.0,0.9431818181818182,0.85,0.9431818181818182,-0.13948791294189233,-0.1508129794258844,-0.0001420405554953779,-0.00021542443218293669,0.0,0.9545454545454546,0.865,0.9545454545454546,0.009950248756218905,-19.534004361899203,-22.358682370280768,0.009950248756218905,-19.51858550055374,0.3,-0.4868415127150326,0.012715160340887497,0.02687258449493496,0.009950248756218905,-18.58982611558961,-0.45340478256193995,0.012962399240656572,0.0280308842019431,0.009950248756218905,-16.63761936391683,-0.37851160869936096,-0.4495504190944111,0.011048446973994389,0.012326362296276537,0.0,1.0,0.87,1.0,-0.41376980131097146,-0.49084945755187853,0.011085504658067588,0.012785512944766148,0.0,1.0,0.925,1.0,-0.6857933618719394,-0.5014808245791349,0.030963119645203943,0.009950248756218905,-5.952647517395784,-0.6607918731170938,-0.6843960319240139,-0.46715923748124877,-0.47212494884950873,0.011363636363636364,0.022727272727272728,0.035,0.022727272727272728,-0.32440299896181585,-0.01145361427436248,0.020548637284929405,0.009950248756218905,-15.229690433133696,-0.2456166981684567,-0.31869185124684457,-0.00932976953666407,-0.00830765713240646,0.0,0.8977272727272727,0.545,0.8977272727272727,-0.6103887906767536,-0.553286422328093,0.01688728141258205,0.009950248756218905,-3.3813831220183523,-0.5907481140428987,-0.6024411072078878,-0.5350384091552447,-0.5393089116420906,0.22727272727272727,0.022727272727272728,0.015,0.022727272727272728,0.2,nan,0.0,False,err,0.33957281133243583,0.3963094076770189,0.4749999999999999,-0.0421898308252088,0.1274230590847756,0.2714285714285714,0.5,-6.678387739014842,60,88,0.95,3.1101859469042488,0.5396287703871272,0.0,2.2673826217651367,0.44,0.19999999999999996,0.0,-0.9358744903013458,-0.8380093207359065,-1.0,-1.219106643512271,-0.8697643263156827,0.05788399481228203
200,200,0.2967593187523329,-0.014984758498209471,0.017524157195396853,0.009950248756218905,17.789390597034828,0.19740318776365093,0.289881686716231,-0.013014460838140831,-0.014296232269744937,1.0,0.9830508474576272,0.56,0.9830508474576272,200,20,0.018633039128992574,-0.0012945755096789103,0.007203454599028431,0.01990049751243781,2.766396922747709,0.026064126592947417,-0.001998052403813707,0.010484810982925094,0.01990049751243781,2.676460170792298,0.022313786815550633,0.017348568109267732,-0.0016652765204717096,-0.0019665524723415147,0.6101694915254238,0.01694915254237288,0.06,0.06779661016949153,0.015588631135707565,0.012003300480912488,-0.001085520341081167,-0.0012483910482704152,0.5932203389830508,0.03389830508474576,0.075,0.0847457627118644,0.03980099502487562,2.125994081645149,4.709869372351903,0.03980099502487562,2.148548304951915,0.3,-0.24501217789015842,0.012741745134293056,0.024812589462571245,0.009950248756218905,-10.38802997175585,-0.2702435019662842,0.01214713451066737,0.02377541848358317,0.009950248756218905,-11.877420229640279,-0.14910930203138692,-0.2458475188335276,0.011141312438513308,0.01120596536260643,0.05084745762711865,0.4576271186440678,0.18,0.4576271186440678,-0.14451818111566905,-0.2413722404084224,0.01098876095363502,0.012428620054088508,0.01694915254237288,0.3898305084745763,0.155,0.3898305084745763,-0.5921920603484866,-0.5016409724399903,0.03450561131519828,0.03980099502487562,-2.624242389990294,-0.5219801864720144,-0.5692478904605033,-0.47382225016454194,-0.47368734481434066,0.23728813559322035,0.03389830508474576,0.03,0.03389830508474576,-0.26654503490195497,-0.011999516152709626,0.022334028523079377,0.009950248756218905,-11.397205769429718,-0.18978956995116283,-0.2671603597209939,-0.008926189331884172,-0.007393610646501545,0.0,0.6440677966101694,0.345,0.6440677966101694,-0.5702610236360715,-0.5593387418811366,0.01987252736732161,0.5671641791044776,-0.549617144940799,-0.5520149234304585,-0.5577216005688294,-0.5432391755539581,-0.5432609705493675,0.3728813559322034,0.0,0.02,0.0,0.2,0.1,0.1,True,mix,-0.37554421531740034,-0.27673076605503605,0.07117117117117118,-0.12389130949502429,0.10005960539284914,0.2014285714285714,0.5,0.03976117061122298,60,59,0.0,-2.765659178532128,0.5477897858658214,0.13333333333333333,2.282179594039917,0.295,0.19999999999999996,0.9000000000000004,0.07051798386007657,0.05763847003023151,0.1,0.07896848734971643,0.04140758464905262,0.02121967459176534
200,200,0.28593060189369224,-0.015375107932604139,0.018315116827684746,0.009950248756218905,16.45120326802381,0.18507391832666598,0.2863242782933164,-0.01374769961716994,-0.014490397015527113,1.0,0.9259259259259259,0.44,0.9259259259259259,200,20,0.047084733021723196,0.0009157115316513898,0.008520539459252454,0.009950248756218905,5.418556149577865,0.0642750062012086,0.0013144820542189159,0.012184316408497707,0.009950248756218905,5.167341525857929,0.08008199371459632,0.08574466770280186,-1.7784893157546743e-05,0.0007098194231427345,0.8888888888888888,0.18518518518518517,0.205,0.18518518518518517,0.05650434809768637,0.05817713464321065,-5.414772344855381e-05,0.0003827427454953019,0.8888888888888888,0.24074074074074073,0.23,0.24074074074074073,0.009950248756218905,7.983898288250976,13.243602978726411,0.009950248756218905,8.090625985312087,0.3,-0.1521071030269397,0.015043879894042454,0.026101417110668573,0.009950248756218905,-6.403904516213326,-0.14111147483073258,0.01294205804967143,0.02694370209761527,0.009950248756218905,-5.717608230545325,-0.04947304791016293,-0.14359381389932527,0.013290763620784381,0.012999236505513023,0.1111111111111111,0.2222222222222222,0.09,0.24074074074074073,-0.04514963906824786,-0.13164391302433667,0.01334520095839743,0.014382018829795156,0.14814814814814814,0.16666666666666666,0.06,0.16666666666666666,-0.42737974667712464,-0.5012461580856076,0.034058301663393846,0.04975124378109453,2.168822513123324,-0.34306361385158984,-0.35022030613369187,-0.47070453149646546,-0.46819162386364027,0.7222222222222222,0.0,0.09,0.12962962962962962,-0.2901269834767925,-0.00961793035311281,0.0204458290809997,0.009950248756218905,-13.719622324860234,-0.18460062413161654,-0.280753500776865,-0.008636495262840748,-0.008787229787220678,0.0,0.7037037037037037,0.27,0.7037037037037037,-0.5242591639819744,-0.5541165060875259,0.018435815979899385,0.13930348258706468,1.619529189078779,-0.5161755910635608,-0.5012911343610265,-0.541062841756429,-0.5389899825867654,0.5740740740740741,0.0,0.025,0.037037037037037035,0.2,0.3,0.3,True,mix,-0.3827316406610271,-0.305197433796329,0.07419354838709676,-0.12744509728367326,0.10664766365584936,0.21499999999999994,0.5,0.16887342826059626,60,54,0.0,-2.8617357693010246,0.5443482366622501,0.3999999999999999,2.2925047874450684,0.27,0.19999999999999996,0.7000000000000001,0.2839854968511626,0.16775516730332118,0.3,0.3053069206540112,0.20318617404708103,0.031959325631104485
200,200,0.26567693976808116,-0.013541479938170353,0.016958524663470725,0.009950248756218905,16.464782475520014,0.19256737397182438,0.2661696365441138,-0.012628134300289468,-0.014049610520476364,1.0,0.8555555555555555,0.525,0.8555555555555555,200,20,0.10015281565157225,-0.00041780617690543085,0.007081602051038752,0.009950248756218905,14.201676554180839,0.13153698690758225,-0.0006912251498190853,0.00993325721048057,0.009950248756218905,13.311666983170014,0.13214123372141928,0.13131246095101096,-0.00042637401535641463,0.0004538608076220294,0.9777777777777777,0.4888888888888889,0.46,0.4888888888888889,0.09586515697938815,0.0954099348895292,-0.00022864547836640644,0.00033064382933157253,0.9777777777777777,0.4888888888888889,0.49,0.4888888888888889,0.009950248756218905,16.10616894328892,18.789488050123772,0.009950248756218905,15.711466578873546,0.3,-0.015895478309781205,0.012985265098088365,0.018150216927680676,0.10945273631840796,-1.5912065140242317,-0.018834361404933865,0.015486950655091987,0.018957870783104704,0.08955223880597014,-1.8103990923285902,0.02915899760070735,-0.020274032674424108,0.011989235025607893,0.0133412736349856,0.4,0.011111111111111112,0.045,0.05555555555555555,0.03404321856661757,-0.0192917568474695,0.011730637587607775,0.013342045616952824,0.37777777777777777,0.011111111111111112,0.045,0.06666666666666667,-0.17984340684270528,-0.4922513449877306,0.030105912458336805,0.009950248756218905,10.376962949287314,-0.15230095440959082,-0.17305756986263277,-0.4750545969839837,-0.4617681890463749,0.9222222222222223,0.17777777777777778,0.25,0.17777777777777778,-0.28315789227575505,-0.012551537864930427,0.017790859439277294,0.009950248756218905,-15.210414950398086,-0.2185203374730915,-0.285765164433831,-0.00860838282967565,-0.00852697671974121,0.0,0.0,0.46,0.7888888888888889,-0.5165646175002019,-0.5439272769348682,0.017702043908950933,0.12935323383084577,1.5457344685087362,-0.5142035619296625,-0.4991509397463746,-0.5437848732902546,-0.5298181196503192,0.6666666666666666,0.022222222222222223,0.015,0.022222222222222223,0.2,0.5,0.5000000000000001,True,mix,-0.3132819028103273,-0.276548928350621,0.10000000000000002,-0.041952998544162554,0.12893336362778926,0.24999999999999997,0.5,0.2638698157399604,60,90,0.0,-2.1448981130204214,0.5474958503205724,0.6666666666666666,2.291529893875122,0.45,0.19999999999999996,0.5000000000000001,0.4772594535951956,0.3729366706266832,0.5000000000000001,0.49782657883372666,0.3584553675179114,0.023516440435220293
200,200,,,,,,0.034980231407744186,nan,-0.012887297248216235,nan,nan,nan,0.065,nan,200,20,,,,,,,,,,,0.11628946171439646,nan,0.00028398120330948827,nan,nan,nan,0.335,nan,0.08194072927312397,nan,0.00015260406790380262,nan,nan,nan,0.345,nan,,,,,,0.3,,,,,,,,,,,0.1479090911252562,nan,0.012855628180388627,nan,nan,nan,0.12,nan,0.15204011453896857,nan,0.01215083432367647,nan,nan,nan,0.15,nan,,,,,,-0.011408161271796278,nan,-0.46365705328519835,nan,nan,nan,0.5,nan,,,,,,-0.07061948297368029,nan,-0.008886987833704665,nan,nan,nan,0.065,nan,,,,,,-0.47939611472341226,nan,-0.5318289048181477,nan,nan,nan,0.045,nan,0.1,nan,1.0,True,noise,-0.22922580631214914,nan,0.16666666666666666,-0.36101939481128426,nan,0.10000000000000005,0.6,nan,60,0,0.0,nan,0.5356529864738542,0.7142857142857143,2.277287721633911,0.0,0.24999999999999994,0.0,0.4125226306595805,nan,1.4999999999999998,2.342486769683957,nan,
200,200,,,,,,0.07626137451067122,nan,-0.01141777044746363,nan,nan,nan,0.12,nan,200,20,,,,,,,,,,,0.007785426526779322,nan,-0.00044650546218268783,nan,nan,nan,0.08,nan,0.004698270106387667,nan,-0.00033434398055045937,nan,nan,nan,0.08,nan,,,,,,0.3,,,,,,,,,,,-0.06144061109440282,nan,0.0103848077110512,nan,nan,nan,0.075,nan,-0.05817430544004298,nan,0.010715258130597441,nan,nan,nan,0.065,nan,,,,,,-0.5110924223838753,nan,-0.4772238914456293,nan,nan,nan,0.035,nan,,,,,,-0.0858104602828859,nan,-0.008695122215843338,nan,nan,nan,0.08,nan,,,,,,-0.541724372203034,nan,-0.5455271310358214,nan,nan,nan,0.055,nan,0.1,nan,0.0,True,post,-0.49984298857067494,nan,0.03333333333333334,-0.3856663131806205,nan,0.1,0.6,nan,60,0,0.0,nan,0.5492239549324589,0.0,2.290419340133667,0.0,0.24999999999999994,0.40000000000000013,0.005976501557963471,nan,0.0,0.061607466906202175,nan,
200,200,,,,,,0.08387577632479927,nan,-0.0107539025930934,nan,nan,nan,0.145,nan,200,20,,,,,,,,,,,-0.12238621499869858,nan,-0.00014433471517617512,nan,nan,nan,0.41,nan,-0.0888928663760496,nan,-9.101976150891061e-05,nan,nan,nan,0.445,nan,,,,,,0.3,,,,,,,,,,,-0.25082324404322376,nan,0.0112289612773546,nan,nan,nan,0.485,nan,-0.2631784297425025,nan,0.011141846317313192,nan,nan,nan,0.51,nan,,,,,,-0.6263290325001554,nan,-0.4762871983801073,nan,nan,nan,0.09,nan,,,,,,-0.12927581924908144,nan,-0.009602769688537963,nan,nan,nan,0.21,nan,,,,,,-0.5774781158092924,nan,-0.5466849717149096,nan,nan,nan,0.03,nan,0.1,nan,0.0,True,err,0.022569401523412275,nan,0.3333333333333333,-0.2880742613803357,nan,0.14999999999999994,0.6,nan,60,0,0.8333333333333333,nan,0.5514887140038145,0.0,2.2971200942993164,0.0,0.24999999999999994,0.0,-0.5083029647207,nan,-1.0,-1.0598157211901351,nan,
200,200,,,,,,0.07213837989040278,nan,-0.011509427165602168,nan,nan,nan,0.17,nan,200,20,,,,,,,,,,,0.018962337680020303,nan,0.000516850456395008,nan,nan,nan,0.075,nan,0.013317126367555488,nan,0.0002758474976565741,nan,nan,nan,0.075,nan,,,,,,0.3,,,,,,,,,,,-0.0452017919826911,nan,0.011921108473863311,nan,nan,nan,0.08,nan,-0.04121098827974051,nan,0.011766102065984258,nan,nan,nan,0.075,nan,,,,,,-0.4595031641419996,nan,-0.4759651732022463,nan,nan,nan,0.025,nan,,,,,,-0.08349985766600433,nan,-0.009771431574813798,nan,nan,nan,0.09,nan,,,,,,-0.5447749766194254,nan,-0.546958489469865,nan,nan,nan,0.025,nan,0.1,0.1,0.10000000000000002,True,mix,-0.40504237101940094,nan,0.046017699115044254,-0.3636837884186588,nan,0.10081081081081082,0.6,nan,60,0,0.0,nan,0.550981334939111,0.12499999999999997,2.2768590450286865,0.0,0.24999999999999994,0.3600000000000001,0.07223142127605668,nan,0.15000000000000002,0.1846052876123322,nan,
200,200,,,,,,0.07911605022136489,nan,-0.011249071625304575,nan,nan,nan,0.165,nan,200,20,,,,,,,,,,,0.05756980174814009,nan,-0.000622396180020832,nan,nan,nan,0.13,nan,0.039334667993889114,nan,-0.00044895774543518633,nan,nan,nan,0.12,nan,,,,,,0.3,,,,,,,,,,,0.01737091298991118,nan,0.009013996826776914,nan,nan,nan,0.035,nan,0.02003048989995688,nan,0.009230674217107514,nan,nan,nan,0.045,nan,,,,,,-0.2718651453994578,nan,-0.46726320942696076,nan,nan,nan,0.115,nan,,,,,,-0.09931242545217461,nan,-0.0085523525098533,nan,nan,nan,0.115,nan,,,,,,-0.49663058820286765,nan,-0.534439099568518,nan,nan,nan,0.02,nan,0.1,0.3,0.3,True,mix,-0.38406009362565413,nan,0.08282828282828278,-0.3311565945342394,nan,0.1087096774193548,0.6,nan,60,0,0.0,nan,0.5372663048555595,0.37499999999999983,2.278235912322998,0.0,0.24999999999999994,0.28,0.2160975811361271,nan,0.44999999999999996,0.4971768419155357,nan,
200,200,,,,,,0.08284428349334089,nan,-0.011403457092651089,nan,nan,nan,0.16,nan,200,20,,,,,,,,,,,0.10693654874649086,nan,0.0005958058514983851,nan,nan,nan,0.3,nan,0.07589681042875632,nan,0.00045589852688484396,nan,nan,nan,0.31,nan,,,,,,0.3,,,,,,,,,,,0.09119615758961391,nan,0.012814082718491321,nan,nan,nan,0.115,nan,0.08419931493887574,nan,0.012766294158187842,nan,nan,nan,0.09,nan,,,,,,-0.12620391195016537,nan,-0.4820101737258304,nan,nan,nan,0.29,nan,,,,,,-0.11954429324165972,nan,-0.00826450373948259,nan,nan,nan,0.165,nan,,,,,,-0.5129988527193204,nan,-0.5519930463882213,nan,nan,nan,0.025,nan,0.1,0.5,0.49999999999999994,True,mix,-0.2747795528621223,nan,0.14117647058823524,-0.2799839281860848,nan,0.12999999999999998,0.6,nan,60,0,0.0,nan,0.5569616163243793,0.6249999999999998,2.2961044311523438,0.0,0.24999999999999994,0.20000000000000007,0.44334446304622477,nan,0.7499999999999998,0.9161381718613932,nan,
200,200,0.1847457066485848,-0.016432544283995622,0.03044895449956695,0.009950248756218905,6.607065964410521,0.05161822946703196,0.17894115246403974,-0.011676068230945734,-0.01456506388757533,1.0,0.4444444444444444,0.09,0.4444444444444444,200,20,0.11328213063063375,0.00024415610313856424,0.013671800157094937,0.009950248756218905,8.267965682673216,0.16133242630625286,0.0003800307492671532,0.019507421391109565,0.009950248756218905,8.25082886772971,0.15423999805095906,0.16547364702320888,0.00043899694406174456,0.0002523506286569722,1.0,0.8333333333333334,0.595,0.8333333333333334,0.11098952075607826,0.11969404276996926,0.0003554836787881534,5.515598226707077e-05,1.0,0.8333333333333334,0.625,0.8333333333333334,0.009950248756218905,10.078276496075809,21.655182211692896,0.009950248756218905,9.70728803567488,0.3,0.1393131950483004,0.014163207596921721,0.040823333989848644,0.009950248756218905,3.0656483735364075,0.1272432672710746,0.01179052389357071,0.03947974475551756,0.009950248756218905,2.9243538449788034,0.18629906597538187,0.11641426687208188,0.012640020161156696,0.012845094521873367,0.7222222222222222,0.1111111111111111,0.225,0.1111111111111111,0.1881603191868124,0.10952881325831373,0.012908535252047477,0.01309861478110068,0.8888888888888888,0.05555555555555555,0.245,0.05555555555555555,0.01756597251971463,-0.4894177858898392,0.06346733756720278,0.009950248756218905,7.988105029059124,0.12095321966743956,0.03520270590268089,-0.4836629140698795,-0.4613232241613236,1.0,0.4444444444444444,0.725,0.4444444444444444,-0.2602698516554841,-0.01249205603928873,0.033217451189750606,0.009950248756218905,-7.459265739365008,-0.1363296354813033,-0.2521410727292302,-0.008219420365343748,-0.008240854461660674,0.0,0.0,0.21,0.6111111111111112,-0.47714787282247906,-0.5355499773752981,0.03283050613426201,0.11940298507462686,1.7788974776143196,-0.4940983279329,-0.46593164322849456,-0.5526241537156619,-0.5277406573160456,0.7777777777777778,0.05555555555555555,0.04,0.05555555555555555,0.2,nan,1.0,False,noise,-0.037537507785354994,-0.0514396054932948,0.2714285714285714,-0.2240706265048327,0.12230118220570303,0.17674418604651163,0.6,0.4008035378287466,60,18,0.0,-0.4205977780883308,0.5570464766846792,0.95,2.291924476623535,0.09,0.24999999999999994,0.0,0.5975702622992075,0.5758644953196869,1.4999999999999998,2.150200072766272,0.6689017094266404,0.0958799993719813
200,200,0.286764432670778,-0.010783729043154236,0.021712253335571925,0.009950248756218905,13.704158527514267,0.17348988365709317,0.2931484010475898,-0.012042048951401662,-0.01090300696082531,1.0,0.972972972972973,0.455,0.972972972972973,200,20,0.009963888730014055,0.001123356493412004,0.009669928936211691,0.3383084577114428,0.9142292868960011,0.013799449236755116,0.0016683609486802336,0.014103710225783897,0.3582089552238806,0.8601345385724904,0.0020647964532419013,0.007048340669997007,0.00030874159644585556,0.0017222503198694044,0.5405405405405406,nan,0.07,0.05405405405405406,0.0002619629954328778,0.0036436462066599088,0.00019323459245201762,0.0011600991944417537,0.5405405405405406,nan,0.085,0.02702702702702703,0.7860696517412935,0.293755258940545,0.3454571710053854,0.7064676616915423,0.4226860860751008,0.3,-0.28520637179188957,0.014830544780349418,0.03580797085681592,0.009950248756218905,-8.379053863834034,-0.2737769453427877,0.016208543068662234,0.03428279202733435,0.009950248756218905,-8.458631028994958,-0.1602646373387765,-0.27518606269429136,0.01308198207774164,0.015256637767984886,0.0,0.5405405405405406,0.245,0.5405405405405406,-0.16375365360062177,-0.2842923026043356,0.013179359839841134,0.01431830845481032,0.0,0.5405405405405406,0.23,0.5405405405405406,-0.6567147624343758,-0.5170377243854108,0.04247480254481254,0.009950248756218905,-3.288468213555833,-0.5895832422573118,-0.6487048868099538,-0.4851561399901262,-0.4817008225481433,0.08108108108108109,0.02702702702702703,0.045,0.02702702702702703,-0.3028932240406089,-0.01207846907620738,0.028344819825779653,0.009950248756218905,-10.259890757521953,-0.18298870994025168,-0.29416751120356227,-0.008035176288597085,-0.008562623022793368,0.0,0.7297297297297297,0.315,0.7297297297297297,-0.5728382381586175,-0.5735027935727831,0.023885422333820024,0.9950248756218906,0.027822636118804252,-0.5696390355348732,-0.5737986616494456,-0.5555625943199395,-0.5517742232073416,0.40540540540540543,0.0,0.05,0.0,0.2,nan,0.0,True,post,-0.42075071279464255,-0.2703922937102285,0.07500000000000002,-0.18235190285028607,0.0915024565786407,0.20000000000000004,0.6,0.012276764961759721,60,37,0.0,-2.955027698932247,0.5594848667386164,0.0,2.2470645904541016,0.185,0.24999999999999994,0.8000000000000003,-0.020322225015713513,0.025628117108657505,0.0,0.0015099612145146966,0.012429357259459851,0.02876409145652678
200,200,0.19012331351635275,-0.014816001862885779,0.019332770121483957,0.009950248756218905,10.600618229091479,0.09062247801003022,0.19691142224776428,-0.01177555623226015,-0.012584387792424647,1.0,0.45,0.145,0.45,200,20,-0.12607941013833132,0.0015239140190380842,0.009454744520179349,0.009950248756218905,-13.496221275099314,-0.17986478978363613,0.002258719540088935,0.013291682335506937,0.009950248756218905,-13.702066052504474,-0.1576818335796918,-0.18344543321145088,7.694262264483892e-05,0.002355934035365756,0.0,0.9,0.645,0.9,-0.11037775337278585,-0.12592600781932334,1.6740794125731197e-05,0.0015625827958852846,0.0,0.875,0.65,0.875,0.009950248756218905,-15.38689356542935,-21.081361132244815,0.009950248756218905,-15.256723835767344,0.3,-0.469094402529626,0.016268310854658994,0.03140801206341394,0.009950248756218905,-15.453468127459523,-0.42645483941217865,0.018381420152433204,0.03232518251909136,0.009950248756218905,-13.761291503555434,-0.3019230602901841,-0.4318496206831058,0.01219722648553015,0.01624258294491508,0.0,1.0,0.625,1.0,-0.3251644044655525,-0.47205805622141295,0.012107929867611314,0.016503046269386725,0.0,1.0,0.665,1.0,-0.6854119345887081,-0.4855065111689176,0.043599377090929724,0.009950248756218905,-4.585052281785768,-0.6293107152082186,-0.6852637959613517,-0.47112004374389344,-0.4558145312301545,0.0,0.075,0.05,0.075,-0.2762219617681355,-0.01151709523968814,0.024956662711017222,0.009950248756218905,-10.606581079488075,-0.16642031051825457,-0.2831402203797334,-0.00782721828583335,-0.005018954224417269,0.0,0.75,0.295,0.75,-0.592167817535987,-0.5389335237108984,0.024294262193165626,0.03980099502487562,-2.191229081156169,-0.5693288547347275,-0.572824785804625,-0.539920905017882,-0.5236383201567849,0.275,0.0,0.025,0.0,0.2,nan,0.0,False,err,0.1650455916483882,0.280994325051274,0.37999999999999995,-0.19179514115866111,0.09200798596043784,0.1838709677419355,0.6,-1.773970171664871,60,40,0.95,3.0540210408702744,0.5453508356621211,0.0,2.2534244060516357,0.2,0.24999999999999994,0.0,-0.8459923413685433,-0.5904881074678693,-1.0,-1.2179953119420228,-0.639505856906953,0.056081601261999674
200,200,0.29397673605502933,-0.016366874640883333,0.023425915136491973,0.009950248756218905,13.247875648589869,0.18715686130565326,0.31077322201401364,-0.014063220350417922,-0.016445615410926366,1.0,0.9736842105263158,0.51,0.9736842105263158,200,20,0.02507083219629201,-0.0011180906550039623,0.00867125364170715,0.009950248756218905,3.0202002997942334,0.03597654058245194,-0.001623818054787638,0.012566465715519993,0.009950248756218905,2.992118825248518,0.03696206636277887,0.04223485251106002,-0.00048249742183834146,-0.0017676040638485426,0.6842105263157895,0.10526315789473684,0.07,0.10526315789473684,0.026992621026199107,0.03167696715011577,-0.0003699672190071631,-0.0012502616934773492,0.6842105263157895,0.15789473684210525,0.09,0.15789473684210525,0.009950248756218905,4.60181535872828,7.205683105010215,0.009950248756218905,4.316645430347811,0.3,-0.20589050929608688,0.012838721168940897,0.028409339475756145,0.009950248756218905,-7.699201547575117,-0.21778409357114425,0.015451580678475496,0.027057017616013944,0.009950248756218905,-8.620154576938921,-0.1098459935263422,-0.20571135513289332,0.012177194467435098,0.01331212172016768,0.05263157894736842,0.2894736842105263,0.12,0.2894736842105263,-0.10639547442224304,-0.20144951407829875,0.012078993291437894,0.011564656248583598,0.07894736842105263,0.3684210526315789,0.14,0.3684210526315789,-0.47792889095066393,-0.49065241037779045,0.04088752323388998,0.746268656716418,0.3111834227285583,-0.44694879463154913,-0.45355417523577807,-0.4632934273476939,-0.4603343520532571,0.3684210526315789,0.0,0.035,0.0,-0.25909738330811677,-0.013215457691507185,0.023779028381784084,0.009950248756218905,-10.340284794589298,-0.17790792598668198,-0.2759895923884174,-0.008069436239889708,-0.009289853557501794,0.0,0.6578947368421053,0.295,0.6578947368421053,-0.5235311139936054,-0.5401745056806948,0.022640407208292187,0.527363184079602,0.735118919603996,-0.5297159701625447,-0.5098851303095309,-0.531238694519079,-0.5272567656754529,0.5526315789473685,0.02631578947368421,0.045,0.05263157894736842,0.2,0.1,0.1,True,mix,-0.3727295919398925,-0.3133950440232128,0.09280575539568343,-0.17029130070688378,0.11033333765072516,0.20352941176470588,0.6,0.09250094802819232,60,38,0.0,-2.840438354319584,0.5344857167016764,0.24999999999999994,2.3139185905456543,0.19,0.24999999999999994,0.7200000000000002,0.11362315501389361,0.07912922591149038,0.15,0.14422458700093496,0.10192952579642581,0.03242521961238032
200,200,0.2773890170373225,-0.012139127310897719,0.01626999346434376,0.009950248756218905,17.795221919722078,0.19655104914845123,0.27323660874508715,-0.011021440773329614,-0.011980304584433733,1.0,0.8823529411764706,0.55,0.8823529411764706,200,20,0.09006938959331003,0.0003589056504072611,0.007078032019226881,0.009950248756218905,12.674495352173775,0.12220340803422901,0.0005780970076938699,0.01034047852058121,0.009950248756218905,11.762058281219353,0.11474497683766093,0.12519239121387699,0.000525035804677365,0.0003189136017594478,0.9647058823529412,0.35294117647058826,0.335,0.35294117647058826,0.0831817328877461,0.090299098304943,0.0003882914415572253,0.00021382574614520406,0.9647058823529412,0.4,0.37,0.4,0.009950248756218905,14.271353842431848,17.20736925396687,0.009950248756218905,13.613938820693319,0.3,-0.05453151508566956,0.011792391322052741,0.0195674071643903,0.009950248756218905,-3.3895091898037575,-0.05229465213490257,0.011152074899950319,0.020192281956208386,0.01990049751243781,-3.142127629225345,-0.002102924544493777,-0.05321373814704805,0.011132239127152346,0.011719627687142041,0.3176470588235294,0.0,0.055,0.047058823529411764,0.001119026290409742,-0.05464581618008928,0.01161761035990011,0.011987122575096418,0.3058823529411765,0.011764705882352941,0.055,0.058823529411764705,-0.166332276332892,-0.5064004643893271,0.02963067933705749,0.009950248756218905,11.476894747386142,-0.15200734525639803,-0.18830913641295727,-0.4768594216727466,-0.4770363030282572,0.9411764705882353,0.18823529411764706,0.23,0.18823529411764706,-0.29615635704970594,-0.013685416344860783,0.01874066072247785,0.009950248756218905,-15.072624432657936,-0.21389373522808452,-0.2956973220499815,-0.008753311453320095,-0.009298501847172517,0.011764705882352941,0.0,0.43,0.7764705882352941,-0.5034713537875555,-0.5588963277318946,0.01667941877934674,0.009950248756218905,3.322955953935638,-0.5120719134734132,-0.5106365951283942,-0.5451029937152471,-0.5443365234631186,0.6470588235294118,0.0,0.025,0.0,0.2,0.3,0.3,True,mix,-0.1778377360991557,-0.17154141603224396,0.1886597938144329,-0.05869686934952004,0.12972951933462332,0.24909090909090903,0.6,0.2483912764379867,60,85,0.0,-1.3223005597497925,0.5486619464781043,0.7499999999999997,2.2993574142456055,0.425,0.24999999999999994,0.56,0.37527596649921857,0.3410272126876957,0.44999999999999996,0.4232067610329596,0.3304795017024474,0.027529764246916173
200,200,0.21798929396685598,-0.012791056162540662,0.014724726043618479,0.009950248756218905,15.672980905049918,0.15381187871262234,0.22413507944884176,-0.01191360836411622,-0.012516934455139832,1.0,0.6210526315789474,0.355,0.6210526315789474,200,20,0.11919201119926623,0.001040902178951063,0.006616900138497256,0.009950248756218905,17.855960726240028,0.1690063005536348,0.0015226036218542556,0.009545707316765,0.009950248756218905,17.54544648777212,0.1596972930542893,0.1648122761955863,0.001002925400994774,0.0009595340667814818,1.0,0.6947368421052632,0.635,0.6947368421052632,0.11104579542497728,0.1154951608417266,0.0006960966670824503,0.0006996250954605119,1.0,0.6947368421052632,0.64,0.6947368421052632,0.009950248756218905,18.107853260564305,21.55746864919579,0.009950248756218905,17.71701578153739,0.3,0.08532278020959819,0.012138748860080728,0.01908424320265374,0.009950248756218905,3.8347882370051827,0.06497497559472763,0.01161870415080279,0.01961393620679818,0.009950248756218905,2.720324512053387,0.11900276478240174,0.07355927528417647,0.01296679815055609,0.013634678586567804,0.6947368421052632,0.05263157894736842,0.11,0.06315789473684211,0.1166325645864375,0.07395882772310448,0.013012485176220445,0.012993096332977386,0.7052631578947368,0.06315789473684211,0.08,0.07368421052631578,0.02409649501174696,-0.4898095108481554,0.03366352525517512,0.009950248756218905,15.265959282313526,0.06637273850119639,0.021695294038172566,-0.4704516777046195,-0.4601993202120126,1.0,0.5578947368421052,0.635,0.5578947368421052,-0.27874024511863543,-0.011714081682186296,0.017680182185678253,0.009950248756218905,-15.103134154219818,-0.2187344774029247,-0.2737294691983284,-0.00784183179547863,-0.007838345583527286,0.0,0.0,0.41,0.6736842105263158,-0.44698758444028586,-0.5451937128952177,0.01744060035779153,0.009950248756218905,5.630891508010943,-0.4505785710794416,-0.43436740759228576,-0.5382837837050601,-0.5274936769358342,0.8842105263157894,0.042105263157894736,0.04,0.042105263157894736,0.2,0.5,0.4318181818181818,False,mix,-0.03225279163986997,-0.04829339165405728,0.2717647058823529,-0.01357589435514555,0.13952461196697435,0.27674418604651163,0.6,0.340061476100937,60,95,0.0,-0.34612812014476974,0.540410835749388,0.95,2.2946581840515137,0.475,0.24999999999999994,0.40000000000000013,0.6623296152215697,0.5423324085786587,0.6477272727272727,0.7219585142214667,0.5152926580066556,0.03739484428352121
200,200,,,,,,0.020165352563007985,nan,-0.012100578562227907,nan,nan,nan,0.055,nan,200,20,,,,,,,,,,,0.11013252820312829,nan,-0.0011730868109594158,nan,nan,nan,0.3,nan,0.07751171068307439,nan,-0.0007539824165872837,nan,nan,nan,0.325,nan,,,,,,0.3,,,,,,,,,,,0.13556710065068706,nan,0.01114585748706191,nan,nan,nan,0.115,nan,0.1469125641538576,nan,0.010765076873158029,nan,nan,nan,0.155,nan,,,,,,0.058430365542867596,nan,-0.48178964160415017,nan,nan,nan,0.635,nan,,,,,,-0.0745030322222187,nan,-0.009277899230038529,nan,nan,nan,0.09,nan,,,,,,-0.49769108225411895,nan,-0.5508318602304763,nan,nan,nan,0.02,nan,0.1,nan,1.0,True,noise,0.07074412782548661,nan,0.3478260869565217,-0.3668246793926515,nan,0.10000000000000002,0.7,nan,60,0,0.0,nan,0.554611439866985,0.9210526315789473,2.3135175704956055,0.0,0.2857142857142857,0.0,0.37837237212913394,nan,2.333333333333333,3.8438063723847073,nan,
200,200,,,,,,0.07729839865800664,nan,-0.010993937047396053,nan,nan,nan,0.15,nan,200,20,,,,,,,,,,,-0.00653380014529804,nan,0.0005219011376682481,nan,nan,nan,0.07,nan,-0.004929603206642296,nan,0.0003279416043492244,nan,nan,nan,0.07,nan,,,,,,0.3,,,,,,,,,,,-0.07948489646087344,nan,0.011495570260587966,nan,nan,nan,0.105,nan,-0.08034946683006668,nan,0.011250715344113083,nan,nan,nan,0.1,nan,,,,,,-0.5370091034387096,nan,-0.46829534358710645,nan,nan,nan,0.055,nan,,,,,,-0.08881523919596716,nan,-0.0085540760635605,nan,nan,nan,0.085,nan,,,,,,-0.5395329888303635,nan,-0.537131149769767,nan,nan,nan,0.08,nan,0.1,nan,0.0,True,post,-0.4700604472795944,nan,0.03333333333333334,-0.36592778832278355,nan,0.1,0.7,nan,60,0,0.0,nan,0.540482650146107,0.0,2.300804853439331,0.0,0.2857142857142857,0.35000000000000003,-0.02936832314180182,nan,0.0,-0.06377367826793502,nan,
200,200,,,,,,0.06804455872011904,nan,-0.01186895792151192,nan,nan,nan,0.14,nan,200,20,,,,,,,,,,,-0.1094563456231175,nan,-0.00013344457435106425,nan,nan,nan,0.315,nan,-0.07392367787318205,nan,-2.1494892375880758e-05,nan,nan,nan,0.315,nan,,,,,,0.3,,,,,,,,,,,-0.2191014654540993,nan,0.011625539607294844,nan,nan,nan,0.335,nan,-0.22935065755737857,nan,0.0116174645304149,nan,nan,nan,0.38,nan,,,,,,-0.6165800634785024,nan,-0.47066009752320714,nan,nan,nan,0.065,nan,,,,,,-0.10101378155320692,nan,-0.007527059768334405,nan,nan,nan,0.15,nan,,,,,,-0.5779533584978676,nan,-0.538971846947687,nan,nan,nan,0.015,nan,0.1,nan,0.0,False,err,-0.033279126800965286,nan,0.285,-0.29203129218220364,nan,0.1195804195804196,0.7,nan,60,0,0.95,nan,0.5419769363927961,0.0,2.2943999767303467,0.0,0.2857142857142857,0.0,-0.4385352848719675,nan,-1.0,-1.0864010181511354,nan,
200,200,,,,,,0.07609271127447505,nan,-0.01226620296735868,nan,nan,nan,0.145,nan,200,20,,,,,,,,,,,0.028868853226861793,nan,-0.0002467074362981129,nan,nan,nan,0.08,nan,0.01912055339270835,nan,-0.00015891734151881175,nan,nan,nan,0.08,nan,,,,,,0.3,,,,,,,,,,,-0.03403188560020708,nan,0.012168701840591135,nan,nan,nan,0.08,nan,-0.03448990436815755,nan,0.012114071747561397,nan,nan,nan,0.08,nan,,,,,,-0.38851214786483906,nan,-0.4727878170885927,nan,nan,nan,0.055,nan,,,,,,-0.10120502137112122,nan,-0.009005577090869958,nan,nan,nan,0.115,nan,,,,,,-0.5348543027584095,nan,-0.5417443505104583,nan,nan,nan,0.02,nan,0.1,0.1,0.09999999999999999,True,mix,-0.32682274025228125,nan,0.08752897542883631,-0.3304089127165908,nan,0.10221719457013578,0.7,nan,60,0,0.0,nan,0.5458398981387927,0.2592592592592592,2.288818836212158,0.0,0.2857142857142857,0.31500000000000006,0.09973493021104876,nan,0.23333333333333328,0.2512796964710371,nan,
200,200,0.22708190731387035,-0.016436409282499273,0.03247171398393252,0.009950248756218905,7.499398298142398,0.07778594634936159,0.23212442978483755,-0.010885234360442335,-0.015909828558067867,1.0,0.6875,0.125,0.6875,200,20,0.0708962055438482,0.001699762936386795,0.015193301207968982,0.009950248756218905,4.554404711374579,0.09967921439734448,0.0025683997953185713,0.021900121668855663,0.009950248756218905,4.434259136363325,0.1084426723570859,0.10625527097149037,2.7189864035667744e-05,0.00414365179464079,1.0,0.3125,0.29,0.3125,0.07367438151366681,0.0746880917552379,6.445673479556811e-05,0.0029472358511330836,1.0,0.3125,0.315,0.3125,0.009950248756218905,5.150864002535985,17.867300776106593,0.009950248756218905,5.084739753185491,0.3,-0.06461779094369387,0.02267257078272295,0.05039154011137077,0.11940298507462686,-1.732242386951528,-0.06929502277687309,0.019198443255184387,0.04716040146862785,0.07960199004975124,-1.8764358078895675,0.08982370410155845,-0.044915962609353204,0.011251890455585513,0.020984539836314656,0.375,0.0,0.08,0.1875,0.09144541755256996,-0.05000322360165898,0.011435928454707579,0.021856636155063624,0.375,0.0,0.07,0.0625,-0.17729170890315424,-0.49697997817566686,0.06586097408798526,0.009950248756218905,4.853986350711717,-0.014530116128491916,-0.18030439036360724,-0.47980675143875534,-0.47230502030568694,0.875,0.1875,0.51,0.1875,-0.2730011420396351,-0.009387769507305495,0.04134219426985985,0.009950248756218905,-6.376375932182635,-0.126639140013802,-0.26698337607812744,-0.009059110407973282,-0.00537908464987213,0.0,0.0,0.16,0.625,-0.5183783484570413,-0.5526660549717115,0.03290161430513427,0.3582089552238806,1.0421283951492153,-0.47385985411957227,-0.49178084734774435,-0.548082539907241,-0.5413611469560005,0.8125,0.0,0.045,0.0,0.1,0.3,0.2999999999999999,True,mix,-0.032855146108632424,0.05970017997472502,0.2692737430167595,-0.23483438105020518,0.11773342257106978,0.13585365853658532,0.7,0.24343234552597046,60,16,0.0,0.5070792870111884,0.5511814598046421,0.7777777777777773,2.3061282634735107,0.08,0.2857142857142857,0.245,0.5050187034854325,0.2334392679413987,0.6999999999999996,0.9471425748652793,0.32175885935172066,0.0682994230286699
200,200,,,,,,0.05841085516658007,nan,-0.013465912673788466,nan,nan,nan,0.105,nan,200,20,,,,,,,,,,,0.1172201627591313,nan,-0.0012761686567304413,nan,nan,nan,0.385,nan,0.08181921440585511,nan,-0.0008348994712683382,nan,nan,nan,0.4,nan,,,,,,0.3,,,,,,,,,,,0.12224401631558363,nan,0.011839869838019877,nan,nan,nan,0.13,nan,0.12575960068815178,nan,0.01142421265128203,nan,nan,nan,0.145,nan,,,,,,0.051045627008010686,nan,-0.4769478859121109,nan,nan,nan,0.635,nan,,,,,,-0.12027030569388174,nan,-0.008527351148477635,nan,nan,nan,0.12,nan,,,,,,-0.47720996566050666,nan,-0.5461384625161785,nan,nan,nan,0.06,nan,0.1,0.5,0.42291838417147576,False,mix,0.1374090094499396,nan,0.3663815789473684,-0.2299110943043041,nan,0.15938166311300642,0.7,nan,60,0,0.0,nan,0.5496855587313344,0.95,2.295823812484741,0.0,0.2857142857142857,0.17500000000000002,0.5644166298818051,nan,0.9868095630667766,1.4007535786373526,nan,
200,200,,,,,,0.01598716122756341,nan,-0.012944565286801418,nan,nan,nan,0.06,nan,200,20,,,,,,,,,,,0.1091659326612919,nan,-4.8896580578503724e-05,nan,nan,nan,0.355,nan,0.07559638799310542,nan,-4.4141635128234615e-05,nan,nan,nan,0.335,nan,,,,,,0.3,,,,,,,,,,,0.16253225920455616,nan,0.012916000243755962,nan,nan,nan,0.165,nan,0.15913227501205274,nan,0.012302966478614383,nan,nan,nan,0.185,nan,,,,,,0.09184287654337167,nan,-0.4644775281108662,nan,nan,nan,0.685,nan,,,,,,-0.08057471894618405,nan,-0.008662275086150483,nan,nan,nan,0.11,nan,,,,,,-0.4630086555259965,nan,-0.5349883491565703,nan,nan,nan,0.045,nan,0.2,nan,1.0,False,noise,0.12281584845733118,nan,0.36626506024096384,-0.3251241268993201,nan,0.10938166311300641,0.7,nan,60,0,0.0,nan,0.537827055041726,0.95,2.3143022060394287,0.0,0.2857142857142857,0.0,0.061474479757944796,nan,2.333333333333333,4.728568563052329,nan,
200,200,0.32169593974044963,-0.01096265639358299,0.02181621118334266,0.009950248756218905,15.248229553845693,0.161986317688844,0.31712783948302864,-0.012378922207081183,-0.011327332148094268,1.0,0.9722222222222222,0.405,0.9722222222222222,200,20,0.008519415326677764,0.00022509723450560428,0.009303462552116679,0.3880597014925373,0.8915302281077646,0.010573040811883573,0.0003286879328167894,0.013484092471534072,0.43781094527363185,0.7597361780137329,-0.0034519844911967325,0.011818912555068688,0.00010083801605061362,-0.0009727725574617647,0.5833333333333334,nan,0.03,0.027777777777777776,-0.002625806214465164,0.00794127022684147,9.104969282177201e-05,-0.0005481830140112613,0.5833333333333334,nan,0.04,0.027777777777777776,0.29850746268656714,1.0997442111270754,-0.6241975187941257,0.25870646766169153,1.1628119464231845,0.3,-0.25828832926600975,0.010488881117846778,0.02902643283503767,0.009950248756218905,-9.25973962774224,-0.29151805941784537,0.007931664997515027,0.028723984551237116,0.009950248756218905,-10.425076084788463,-0.14285143560356378,-0.26423380530824386,0.011789077883517695,0.009547962915474583,0.027777777777777776,0.5555555555555556,0.225,0.5555555555555556,-0.14381505000926842,-0.25653223443071194,0.012113260599708058,0.010454707613688127,0.027777777777777776,0.5,0.18,0.5,-0.6213883015013273,-0.495764100837972,0.04276008501773579,0.009950248756218905,-2.9378847261017302,-0.571677440304744,-0.5655913817942735,-0.46481764400878417,-0.46737204076822564,0.2777777777777778,0.05555555555555555,0.055,0.05555555555555555,-0.3035983764012118,-0.012024699589860167,0.025596326888441205,0.009950248756218905,-11.3912311743303,-0.15734107292988664,-0.2948235211459086,-0.008513379446568723,-0.008759869975626491,0.0,0.8611111111111112,0.275,0.8611111111111112,-0.5614610125655679,-0.5436936726851607,0.024454701203566045,0.417910447761194,-0.7265408696586251,-0.5545225654373062,-0.548839529249338,-0.5336733997951977,-0.5369065117857219,0.4166666666666667,0.027777777777777776,0.06,0.08333333333333333,0.2,nan,0.0,True,post,-0.42070500456876914,-0.2566604983329407,0.07500000000000001,-0.21140265789285032,0.13284365499159811,0.20000000000000004,0.7,0.024429482807299636,60,36,0.0,-1.9320493579401556,0.5374098190014809,0.0,2.3041181564331055,0.18,0.2857142857142857,0.7000000000000001,-0.004162027704187354,0.023139732082642476,0.0,-0.016210049416081042,0.025041227032565377,0.022844341503235634
200,200,,,,,,0.07297847721897076,nan,-0.011621731468693556,nan,nan,nan,0.11,nan,200,20,,,,,,,,,,,-0.11624332075400658,nan,-7.105892316949305e-05,nan,nan,nan,0.405,nan,-0.08160511426805182,nan,-0.00011577071524774749,nan,nan,nan,0.385,nan,,,,,,0.3,,,,,,,,,,,-0.23367219914327536,nan,0.011745200720478102,nan,nan,nan,0.39,nan,-0.24155516664862925,nan,0.011613549783700713,nan,nan,nan,0.44,nan,,,,,,-0.6130394045082369,nan,-0.47407757071015294,nan,nan,nan,0.09,nan,,,,,,-0.11502774497692483,nan,-0.009087025175545646,nan,nan,nan,0.13,nan,,,,,,-0.5722968713614915,nan,-0.5443751614741266,nan,nan,nan,0.035,nan,0.2,nan,0.0,False,err,-0.016120497444555803,nan,0.285,-0.3020456943775283,nan,0.1195804195804196,0.7,nan,60,0,0.95,nan,0.5494780885601085,0.0,2.2913730144500732,0.0,0.2857142857142857,0.0,-0.5749314649202262,nan,-1.0,-1.1182079618241003,nan,
200,200,0.28774897486499396,-0.009566687711427263,0.01784450771911928,0.009950248756218905,16.66146621916639,0.18365095741030601,0.2880566947171974,-0.009266608383700733,-0.008902655157693645,1.0,0.9672131147540983,0.455,0.9672131147540983,200,20,0.03730877974839211,-0.0008017113379469511,0.007723139728377736,0.009950248756218905,4.934585210386926,0.05536486956204343,-0.0011767235690814653,0.01077525355341643,0.009950248756218905,5.247356161558752,0.061169901008784215,0.059680945636253806,0.00032698027419545366,-0.0011623335364923553,0.819672131147541,0.14754098360655737,0.13,0.14754098360655737,0.04193810040868053,0.04188958586971631,0.00019807527755438586,-0.0008598709354828261,0.819672131147541,0.13114754098360656,0.135,0.13114754098360656,0.009950248756218905,6.693602300757898,10.929472718282673,0.009950248756218905,6.602846306341278,0.3,-0.1813106173244095,0.006906106368519655,0.02413424012633773,0.009950248756218905,-7.798742479558296,-0.1796231066259043,0.006631503294076057,0.023212015196461454,0.009950248756218905,-8.024060312538044,-0.07861743482150724,-0.16422237671582512,0.010064797825715212,0.0058644273101654395,0.11475409836065574,0.21311475409836064,0.09,0.21311475409836064,-0.07666689187581116,-0.1581959090856313,0.009658651759150231,0.006373173181536394,0.11475409836065574,0.14754098360655737,0.075,0.14754098360655737,-0.38987492800191414,-0.48911986384680034,0.03631444016508821,0.01990049751243781,2.732933108454329,-0.30879916036848215,-0.34241112843120947,-0.4727619690223537,-0.4565670593463613,0.6557377049180327,0.0,0.105,0.03278688524590164,-0.2729031438645486,-0.013213329506638895,0.019674187837599343,0.009950248756218905,-13.199518907124439,-0.18818157098153485,-0.268197166422666,-0.009941165172105335,-0.009629632514892189,0.0,0.7049180327868853,0.33,0.7049180327868853,-0.5064636448110617,-0.5401252797522641,0.021050280152459452,0.09950248756218906,1.5991062682208728,-0.5242779935255503,-0.5045892994129845,-0.5422924084028681,-0.5226862600577581,0.5737704918032787,0.0,0.02,0.01639344262295082,0.2,0.1,0.09999999999999995,True,mix,-0.1668549953591766,-0.13237676239931964,0.17930607187112757,-0.12366006756319786,0.08800512411671248,0.2113953488372094,0.7,0.12695880612808377,60,61,0.0,-1.5041938038035314,0.5471187553818647,0.5185185185185184,2.2924182415008545,0.305,0.2857142857142857,0.6300000000000001,0.19732457835441167,0.1400414724814136,0.23333333333333317,0.22835764648361737,0.14542132378086833,0.02316491868380362
200,200,0.2170652475046809,-0.01400445338466575,0.016998206135269225,0.009950248756218905,13.593769779995265,0.1545919462236346,0.22715736710092044,-0.011630500917451641,-0.012753394019572768,1.0,0.6025641025641025,0.32,0.6025641025641025,200,20,0.08710151699010606,-0.0003980220238746812,0.0067346526964330005,0.009950248756218905,12.99243523683594,0.12036046796734903,-0.0005863228207073687,0.009631532380498532,0.009950248756218905,12.557377787607953,0.11683820726671457,0.12183211609666796,0.0007256946508013389,-7.301184881552138e-05,1.0,0.4230769230769231,0.36,0.4230769230769231,0.08244221064605513,0.08730382527649716,0.0004899085407416801,-0.0001028231363254766,1.0,0.44871794871794873,0.36,0.44871794871794873,0.009950248756218905,14.434182093168927,19.282653522579142,0.009950248756218905,13.987931275039458,0.3,0.0038080611111525886,0.01169039495613005,0.021467880605035277,0.8059701492537313,-0.3671687014488751,0.026986977450680585,0.011924305597056489,0.021834599044138436,0.48756218905472637,0.6898533754837995,0.054522087099183165,0.015571333746877256,0.012072951333078783,0.011730976816012387,0.6153846153846154,0.02564102564102564,0.06,0.05128205128205128,0.04802849807286018,6.806776719110539e-05,0.012532782449323843,0.011852990665567557,0.5,0.0,0.05,0.038461538461538464,-0.05891866466798491,-0.4930600942007591,0.03553205428098235,0.009950248756218905,12.218303678347112,-0.009752604399974753,-0.06450517037740996,-0.46557428420427766,-0.45975640707221815,0.9871794871794872,0.32051282051282054,0.44,0.32051282051282054,-0.26694536651523426,-0.011885512518034633,0.017346246043137368,0.009950248756218905,-14.704037596849608,-0.1981789095255244,-0.26261813804631573,-0.0084237161596233,-0.008556787935588894,0.0,0.0,0.33,0.6538461538461539,-0.4692787188463966,-0.5422782302923792,0.018828621087570253,0.009950248756218905,3.8770503215605263,-0.47435452576229786,-0.4697335871204078,-0.5332350410510905,-0.5264783317666974,0.8076923076923077,0.01282051282051282,0.04,0.01282051282051282,0.2,0.3,0.2074403558431056,False,mix,0.13113522394844312,0.14051491097310112,0.3666561514195584,-0.06621000101681462,0.10933767456798474,0.2493816631130064,0.7,0.2776298869073636,60,78,0.0,1.2851463279085087,0.5385657221295225,0.95,2.314399480819702,0.39,0.2857142857142857,0.49,0.5223601308404813,0.40547330530319303,0.4840274969672463,0.5332891697138816,0.3843319122364639,0.032996883524880456
200,200,0.2233258223449955,-0.01458011317456413,0.020691107241311988,0.009950248756218905,11.49797991636993,0.10350937597745076,0.2290548889774755,-0.011390545458240373,-0.013023440454901659,1.0,0.6666666666666666,0.185,0.6666666666666666,200,20,0.07693481061046435,0.0002535659862930486,0.00944197613162956,0.009950248756218905,8.121313117830963,0.10366825028922336,0.00028187585870266915,0.013229661458110218,0.009950248756218905,7.8147407437494705,0.1120275238615941,0.11385896759771842,-0.0007117637178697058,-0.00012316706633419645,0.9777777777777777,0.4222222222222222,0.355,0.4222222222222222,0.07977335875700577,0.08112212228894163,-0.0005325312621890517,-0.00015323921123576328,0.9777777777777777,0.4222222222222222,0.37,0.4222222222222222,0.009950248756218905,10.01838280294189,17.580005412487417,0.009950248756218905,9.646308645273805,0.3,-0.00017409330679628125,0.012057435894167724,0.028396536689636077,0.7263681592039801,-0.4307401756143531,0.014171351499121371,0.010925805878570971,0.02712824838371801,0.8656716417910447,0.11963712417122713,0.08408279159659163,-0.0052459798860892935,0.0097419855930669,0.009948971395281149,0.5111111111111111,0.022222222222222223,0.07,0.022222222222222223,0.08478175809837184,-0.01979114654225102,0.009799606464402765,0.010665076847018487,0.4222222222222222,0.022222222222222223,0.1,0.022222222222222223,-0.032434304746459544,-0.4914146252595317,0.04428753537020985,0.009950248756218905,10.363645587093183,0.024187675100303653,-0.06497141877388518,-0.469596807135557,-0.46207764450877314,1.0,0.4222222222222222,0.565,0.4222222222222222,-0.2836630440220299,-0.0130570184922855,0.0248586303243558,0.009950248756218905,-10.885797889424596,-0.15095245783295344,-0.2789077694599723,-0.009468924283857436,-0.009767309996583737,0.0,0.0,0.265,0.7777777777777778,-0.48379850626949683,-0.5468400560499799,0.02278563447295574,0.009950248756218905,2.7667234745005813,-0.47593307406191215,-0.47064859085444777,-0.5368401905291766,-0.529767168508635,0.7777777777777778,0.0,0.015,0.0,0.2,0.5,0.26816518557239943,False,mix,0.13862176767570664,0.1369362986610499,0.3665217391304348,-0.1719409936006912,0.11940119906210415,0.20938166311300643,0.7,0.2615349279359206,60,45,0.0,1.146858655831632,0.5408249229981966,0.95,2.320890188217163,0.225,0.2857142857142857,0.35000000000000003,0.4436830287962925,0.3099886090393315,0.6257187663355985,0.7706872735314739,0.35416018689266615,0.04315040000308824
200,200,,,,,,0.007418913471619357,nan,-0.011981098245780152,nan,nan,nan,0.05,nan,200,20,,,,,,,,,,,0.0755225936775628,nan,-1.327237511346846e-06,nan,nan,nan,0.15,nan,0.05129371707935053,nan,7.544998796229574e-06,nan,nan,nan,0.155,nan,,,,,,0.3,,,,,,,,,,,0.10196846576670925,nan,0.012292742207465315,nan,nan,nan,0.08,nan,0.1112602404451832,nan,0.012423617157501527,nan,nan,nan,0.11,nan,,,,,,0.04546016122433004,nan,-0.4797201934637178,nan,nan,nan,0.565,nan,,,,,,-0.04775309705893969,nan,-0.008733822987091116,nan,nan,nan,0.045,nan,,,,,,-0.47863876335003314,nan,-0.5499559490193622,nan,nan,nan,0.055,nan,0.1,nan,1.0,False,noise,0.3177920652406108,nan,0.46116504854368917,-0.37211611222754615,nan,0.05937499999999996,0.8,nan,60,0,0.0,nan,0.5545368395855044,0.95,2.314668655395508,0.0,0.3125,0.0,0.09838842874373896,nan,4.000000000000001,6.913912296668751,nan,
200,200,,,,,,0.07001535736452164,nan,-0.012114318400716298,nan,nan,nan,0.085,nan,200,20,,,,,,,,,,,0.000788030224243515,nan,-0.0005009387917467387,nan,nan,nan,0.055,nan,2.7072282468980912e-05,nan,-0.0003808118405665099,nan,nan,nan,0.07,nan,,,,,,0.3,,,,,,,,,,,-0.07044615721277359,nan,0.01130085689145707,nan,nan,nan,0.07,nan,-0.06381995920445567,nan,0.011066454248426972,nan,nan,nan,0.06,nan,,,,,,-0.5193800400619504,nan,-0.47178545862991084,nan,nan,nan,0.05,nan,,,,,,-0.08491314903533176,nan,-0.008401115826277334,nan,nan,nan,0.07,nan,,,,,,-0.5540445048601922,nan,-0.5412098057719164,nan,nan,nan,0.05,nan,0.1,nan,0.0,True,post,-0.4828635444487746,nan,0.03333333333333334,-0.37909574034362903,nan,0.1,0.8,nan,60,0,0.0,nan,0.5449818596872906,0.0,2.2749345302581787,0.0,0.3125,0.32,-0.02873820798909662,nan,0.0,0.00038666206226777115,nan,
200,200,,,,,,0.037073061607032436,nan,-0.010179963774340198,nan,nan,nan,0.07,nan,200,20,,,,,,,,,,,-0.06973646038592418,nan,0.000954730743151384,nan,nan,nan,0.2,nan,-0.049268618430712424,nan,0.0007086185542841606,nan,nan,nan,0.19,nan,,,,,,0.3,,,,,,,,,,,-0.12778706436551399,nan,0.012109705860295368,nan,nan,nan,0.165,nan,-0.14088185731863784,nan,0.012004393779039587,nan,nan,nan,0.185,nan,,,,,,-0.5694161900925898,nan,-0.4711205204811233,nan,nan,nan,0.07,nan,,,,,,-0.065378292585662,nan,-0.009501416350360972,nan,nan,nan,0.08,nan,,,,,,-0.5574231116468092,nan,-0.5424747535797605,nan,nan,nan,0.05,nan,0.1,nan,0.0,False,err,-0.24539948150080618,nan,0.18999999999999995,-0.437269408374614,nan,0.07037037037037035,0.8,nan,60,0,0.95,nan,0.5480986995948957,0.0,2.2871615886688232,0.0,0.3125,0.0,-0.29528281262317935,nan,-1.0,-1.3289600668256274,nan,
200,200,,,,,,0.0741231136923803,nan,-0.011972265587462979,nan,nan,nan,0.125,nan,200,20,,,,,,,,,,,0.05625711618443576,nan,-0.0003458301296504375,nan,nan,nan,0.125,nan,0.0399675549605782,nan,-0.00024897432339545566,nan,nan,nan,0.13,nan,,,,,,0.3,,,,,,,,,,,0.03543171101759226,nan,0.010818129441214495,nan,nan,nan,0.045,nan,0.029512941234320012,nan,0.011129911685997501,nan,nan,nan,0.045,nan,,,,,,-0.15639723079396284,nan,-0.45725793436760376,nan,nan,nan,0.21,nan,,,,,,-0.09669820420942454,nan,-0.009315654571231107,nan,nan,nan,0.085,nan,,,,,,-0.490066235111736,nan,-0.5249709940788894,nan,nan,nan,0.015,nan,0.1,0.1,0.1,True,mix,-0.03594585775981315,nan,0.28383838383838417,-0.30495833369465547,nan,0.11142857142857149,0.8,nan,60,0,0.0,nan,0.5296188682383527,0.6666666666666672,2.2835705280303955,0.0,0.3125,0.28800000000000003,0.24659335909379354,nan,0.4000000000000002,0.5392050194551767,nan,
200,200,,,,,,0.06053246801813849,nan,-0.01190579788808198,nan,nan,nan,0.105,nan,200,20,,,,,,,,,,,0.07719616280752949,nan,-0.0005268871238552254,nan,nan,nan,0.17,nan,0.05381325127875877,nan,-0.0004157646871513572,nan,nan,nan,0.16,nan,,,,,,0.3,,,,,,,,,,,0.063657432526171,nan,0.010421298916850083,nan,nan,nan,0.03,nan,0.06982390475420858,nan,0.010506218999966984,nan,nan,nan,0.065,nan,,,,,,-0.0004932057787458968,nan,-0.4593383610455877,nan,nan,nan,0.445,nan,,,,,,-0.0926897794899106,nan,-0.008279139016966431,nan,nan,nan,0.105,nan,,,,,,-0.46177880685375144,nan,-0.527608068654677,nan,nan,nan,0.035,nan,0.1,0.3,0.1691394658753709,False,mix,0.31419653094255595,nan,0.46130718954248356,-0.2807101033140688,nan,0.12937499999999993,0.8,nan,60,0,0.0,nan,0.5312411592262528,0.95,2.2777507305145264,0.0,0.3125,0.22399999999999998,0.30511397879460617,nan,0.6765578635014838,0.8889981367129074,nan,
200,200,,,,,,0.04355639929452363,nan,-0.010505037850382277,nan,nan,nan,0.085,nan,200,20,,,,,,,,,,,0.07729364268643646,nan,-0.0002993499890991648,nan,nan,nan,0.19,nan,0.05347955231006539,nan,-0.0001609597153536361,nan,nan,nan,0.185,nan,,,,,,0.3,,,,,,,,,,,0.07542081483483631,nan,0.010960910427235782,nan,nan,nan,0.05,nan,0.07991280690399019,nan,0.010212720526367956,nan,nan,nan,0.09,nan,,,,,,0.015654898966094573,nan,-0.4677759381148788,nan,nan,nan,0.52,nan,,,,,,-0.0876652285866529,nan,-0.00953275938484633,nan,nan,nan,0.075,nan,,,,,,-0.4699281978126606,nan,-0.5355911216492605,nan,nan,nan,0.06,nan,0.1,0.5,0.22178988326848237,False,mix,0.31687624940329656,nan,0.4612631578947367,-0.3208085426257968,nan,0.10937499999999997,0.8,nan,60,0,0.0,nan,0.5401421330231289,0.95,2.273421049118042,0.0,0.3125,0.16,0.22348017626203182,nan,0.8871595330739298,1.2278230794157818,nan,
200,200,,,,,,-0.0005737087191449397,nan,-0.012504558706769715,nan,nan,nan,0.05,nan,200,20,,,,,,,,,,,0.0792561837036923,nan,-0.0004427940404429844,nan,nan,nan,0.18,nan,0.05429779303289335,nan,-0.0002866430356417595,nan,nan,nan,0.18,nan,,,,,,0.3,,,,,,,,,,,0.11319182065048308,nan,0.012128331647711117,nan,nan,nan,0.115,nan,0.12238585474497576,nan,0.011900966096278475,nan,nan,nan,0.155,nan,,,,,,0.03493009521349731,nan,-0.4803218548857235,nan,nan,nan,0.585,nan,,,,,,-0.04558063820235266,nan,-0.008444305308705245,nan,nan,nan,0.055,nan,,,,,,-0.47515629716128754,nan,-0.547090688260634,nan,nan,nan,0.04,nan,0.2,nan,1.0,False,noise,0.3039638911044148,nan,0.46116504854368917,-0.38150175029197436,nan,0.05937499999999996,0.8,nan,60,0,0.0,nan,0.5503294238233888,0.95,2.2858381271362305,0.0,0.3125,0.0,0.18734485622148295,nan,4.000000000000001,-94.64348583340207,nan,
200,200,0.31850243955767166,-0.010431998841911172,0.01873570545028035,0.009950248756218905,17.55655474275746,0.17747533573544685,0.30867485834807146,-0.01025316556117105,-0.010672028395395834,1.0,0.9791666666666666,0.44,0.9791666666666666,200,20,-0.001428754492010674,0.0004961914299870422,0.008069732483786831,0.845771144278607,-0.23853900059594912,-0.002241534601443125,0.0006840345170318198,0.01173375668023246,0.835820895522388,-0.2493292811461006,-0.0019822608192487557,0.009061191215057959,-0.00019735024546032486,0.0011898983114246372,0.4791666666666667,nan,0.045,0.125,-0.0025359576734665257,0.004281988923550841,-0.00017515875576094633,0.0007795471604464183,0.4791666666666667,nan,0.05,0.10416666666666667,0.5870646766169154,0.5075993211047578,-0.36049207445491116,0.4577114427860697,0.7758216734396853,0.3,-0.26273473257086805,0.013023854144231786,0.02649156958531093,0.009950248756218905,-10.40929590134944,-0.2944364434611426,0.010943958203475384,0.028159178306632462,0.009950248756218905,-10.844790935602179,-0.17375673481113516,-0.2781793677398545,0.008923545211033135,0.010842133741108437,0.020833333333333332,0.5416666666666666,0.245,0.5416666666666666,-0.1637614287817066,-0.26202142333793227,0.009319467541118402,0.011868739829398893,0.0,0.4375,0.2,0.4375,-0.6380054397294219,-0.4926847614942625,0.03755081480700122,0.009950248756218905,-3.8699740332717076,-0.5852625034729619,-0.6111000132765018,-0.4651522647909968,-0.46194557437749106,0.10416666666666667,0.14583333333333334,0.07,0.14583333333333334,-0.296457480154144,-0.015188198880967145,0.023980247342066118,0.009950248756218905,-11.72920684467026,-0.17601510626208103,-0.2826819718493458,-0.010449100227465775,-0.010683997521854869,0.0,0.6875,0.295,0.6875,-0.5462774446952595,-0.5437250788191242,0.022689944893961252,0.9651741293532339,-0.1124888530118061,-0.5607661598754695,-0.5579926127920801,-0.5329328802467395,-0.5316182192867793,0.3958333333333333,0.020833333333333332,0.03,0.020833333333333332,0.2,nan,0.0,True,post,-0.409026110678835,-0.2964755705502589,0.07500000000000002,-0.16672187654176873,0.11870207993157537,0.20000000000000004,0.8,0.013682362155937771,60,48,0.0,-2.4976442765043316,0.5375293689758085,0.0,2.279191493988037,0.24,0.3125,0.64,-0.029116822344962122,-0.008508629435281032,0.0,-0.014289071002219397,0.013872166157187756,0.028224138517524578
200,200,,,,,,0.03544048528539262,nan,-0.012348429700666859,nan,nan,nan,0.065,nan,200,20,,,,,,,,,,,-0.07029386390017618,nan,-0.0011370242856117243,nan,nan,nan,0.16,nan,-0.04736076818939445,nan,-0.0007850924175922168,nan,nan,nan,0.145,nan,,,,,,0.3,,,,,,,,,,,-0.14044837792825757,nan,0.010844670383652099,nan,nan,nan,0.165,nan,-0.14372440822918203,nan,0.010762476035735494,nan,nan,nan,0.185,nan,,,,,,-0.56269081772339,nan,-0.46912401828278105,nan,nan,nan,0.06,nan,,,,,,-0.065293323058344,nan,-0.008342734517397742,nan,nan,nan,0.07,nan,,,,,,-0.5641920250326306,nan,-0.5378493741022474,nan,nan,nan,0.01,nan,0.2,nan,0.0,False,err,-0.15916496740976105,nan,0.18999999999999995,-0.3791125897718787,nan,0.07037037037037035,0.8,nan,60,0,0.95,nan,0.542250547781884,0.0,2.2863824367523193,0.0,0.3125,0.0,-0.16498723334408766,nan,-1.0,-1.3363464920982606,nan,
200,200,0.2435345760091142,-0.01441840599743485,0.01918855737940111,0.009950248756218905,13.443062805232985,0.14878209850692226,0.2382576806794173,-0.011471783471620645,-0.013802617368925822,1.0,0.6724137931034483,0.315,0.6724137931034483,200,20,0.0717818960370106,0.00026590015289765175,0.007939022151760906,0.009950248756218905,9.008161774588606,0.09343699379980544,0.00031311381302601864,0.011650329959793069,0.009950248756218905,7.993239702237602,0.08463560005877029,0.0961165414899327,-0.0001516340509542308,8.871299025329383e-05,0.9655172413793104,0.20689655172413793,0.165,0.20689655172413793,0.06149550158073906,0.06918258091861616,-0.00014140176634872467,6.375683595862427e-05,0.9655172413793104,0.22413793103448276,0.18,0.22413793103448276,0.009950248756218905,10.499628272695993,15.042571996321897,0.009950248756218905,10.15439723730589,0.3,-0.07508858168853849,0.013985534484994793,0.024288719040412472,0.009950248756218905,-3.667303986746323,-0.07828853657203058,0.013598956474750014,0.02377762523114687,0.009950248756218905,-3.864452069946437,-0.006258249464436656,-0.08100927923796675,0.01123153778728084,0.01429627621619694,0.22413793103448276,0.06896551724137931,0.02,0.06896551724137931,-0.005901386036111986,-0.06488900240128755,0.011319569645115414,0.013786616029665268,0.27586206896551724,0.034482758620689655,0.03,0.034482758620689655,-0.151369925291268,-0.5018276286513565,0.036002556534117026,0.009950248756218905,9.734244928363651,-0.09228069546034508,-0.13412473822125043,-0.4789104145099651,-0.4717259792885181,1.0,0.0,0.3,0.1896551724137931,-0.2532943471863172,-0.013584333299530857,0.021268147271766954,0.009950248756218905,-11.270846059718885,-0.18215756720970902,-0.263180803717769,-0.009902541744502173,-0.008608324040531039,0.0,0.6896551724137931,0.34,0.6896551724137931,-0.49157751093355084,-0.5523064352082079,0.020905516837731928,0.009950248756218905,2.904923362724224,-0.512123557512249,-0.47992974450776993,-0.5483858662088406,-0.5403853738570397,0.8275862068965517,0.0,0.005,0.0,0.2,0.1,0.07335907335907331,False,mix,0.2955178031350949,0.3273037167921719,0.46161725067385434,-0.11315406615786575,0.10825831420733457,0.239375,0.8,0.22502771939828034,60,58,0.0,3.0233587063375578,0.5526129000546761,0.95,2.3554046154022217,0.29,0.3125,0.5760000000000001,0.3310390883024906,0.2685505457293597,0.29343629343629335,0.4133259457815613,0.2903687332191543,0.031995476632569325
200,200,0.22154435788642787,-0.014220329820208426,0.01883217160986739,0.009950248756218905,12.519251235507259,0.12983111867853628,0.22546864553137366,-0.012361307589311789,-0.012793694219073472,1.0,0.6739130434782609,0.225,0.6739130434782609,200,20,0.06530788508119997,-0.0007361253157847681,0.008917198816882504,0.009950248756218905,7.406362888818899,0.09345988507846473,-0.001088221886269426,0.012918678343525994,0.009950248756218905,7.318713605466988,0.07932143248310979,0.09470988652607984,-0.0001838959896803701,-0.0008789612995386368,0.9565217391304348,0.15217391304347827,0.145,0.15217391304347827,0.0555629137306122,0.06531801041840118,-0.00015341981557313557,-0.0007802664783274035,0.9565217391304348,0.15217391304347827,0.16,0.15217391304347827,0.009950248756218905,9.624921371754285,14.129429210572884,0.009950248756218905,9.376311856793581,0.3,-0.060292530370903416,0.011934254899694446,0.026142978078424455,0.01990049751243781,-2.7627604265729455,-0.05673503855919966,0.011724820951403836,0.026626919463997617,0.009950248756218905,-2.5710769734590335,0.00026905336157838355,-0.06615695784177798,0.01180357908532894,0.01122333045304895,0.1956521739130435,0.0,0.005,0.021739130434782608,0.005886783614055846,-0.06602257951696226,0.012150022331566684,0.011717872698114527,0.1956521739130435,0.0,0.025,0.021739130434782608,-0.11676240571321655,-0.5078725094724755,0.03926992391879773,0.009950248756218905,9.95953301457971,-0.058660594578138076,-0.14134279872260497,-0.47227346348691424,-0.48079724037350613,0.9782608695652174,0.15217391304347827,0.365,0.15217391304347827,-0.27900198904434703,-0.014762191456962462,0.02255812985855523,0.009950248756218905,-11.713728009924424,-0.15645440981681205,-0.26652806454759087,-0.0075815924247982025,-0.008831363992756252,0.0,0.0,0.23,0.6956521739130435,-0.5033317485870253,-0.5609791327735641,0.02167410129908246,0.01990049751243781,2.659735847332202,-0.4766701461791992,-0.4903176649238631,-0.5407508557718078,-0.5498757372929803,0.8695652173913043,0.0,0.025,0.0,0.2,0.3,0.09238249594813609,False,mix,0.30696077027800095,0.31512097058589933,0.46148883374689814,-0.14812633518466514,0.10964451484714824,0.19937499999999997,0.8,0.22462519885947937,60,46,0.0,2.8740240314364924,0.5437190318834582,0.95,2.3972103595733643,0.23,0.3125,0.44799999999999995,0.3506041769902665,0.2866298538519365,0.3695299837925445,0.4279629898914048,0.28969886373541137,0.03070763533267865
200,200,0.2477412220856397,-0.0146722495766234,0.02904993818258893,0.009950248756218905,9.033185200046564,0.10186265809689746,0.2540061023396723,-0.01227745841349975,-0.014914715736320174,1.0,0.8888888888888888,0.21,0.8888888888888888,200,20,0.08096137882728699,0.0012797983432237604,0.014422906768009246,0.009950248756218905,5.524654756506951,0.11489824394047624,0.00207421696618256,0.021034680517389413,0.009950248756218905,5.363714788805949,0.07748384695871302,0.09970979462205815,-6.702143110724657e-06,0.0010458698278246546,1.0,0.16666666666666666,0.15,0.16666666666666666,0.05606337869127434,0.07595567606502296,-5.028519679912589e-05,0.000555592053328851,1.0,0.2222222222222222,0.185,0.2222222222222222,0.009950248756218905,6.262349748212621,13.412471978350123,0.009950248756218905,5.642215688067703,0.3,-0.09493695846452004,0.017860966621975984,0.042922651964065764,0.01990049751243781,-2.6279346667186574,-0.10482947721864032,0.01618735035177814,0.04473155735240244,0.01990049751243781,-2.705401616454418,0.025443790433438175,-0.09860100078221369,0.011569555711430117,0.01619400551325589,0.16666666666666666,0.0,0.01,0.0,0.03254915315319597,-0.06983198883691644,0.011508345679958695,0.016979449193221453,0.2777777777777778,0.0,0.05,0.0,-0.19701965626034582,-0.5098454689340522,0.06084972808272256,0.009950248756218905,5.140956624215189,-0.059693465672627566,-0.18982258707477245,-0.4653642033487927,-0.4836088550844132,1.0,0.1111111111111111,0.33,0.1111111111111111,-0.23060841984640051,-0.010693967771861608,0.03751786177595116,0.009950248756218905,-5.861593429336686,-0.11814839894671408,-0.2512198211728557,-0.0090875327911976,-0.006392918335825153,0.0,0.0,0.17,0.5555555555555556,-0.541750981991945,-0.5640595499365233,0.03214127312737205,0.48756218905472637,0.694078540556809,-0.4963124848144404,-0.5093309336149067,-0.5338391194394944,-0.5517250732638724,0.8333333333333334,0.0,0.035,0.0,0.2,0.5,0.12472647702406996,False,mix,0.30330857724848287,0.3537533315498019,0.46137931034482754,-0.23916365583048002,0.11672301315548905,0.15937499999999996,0.8,0.2301953772714365,60,18,0.0,3.0307076726897035,0.5379479117104924,0.95,2.3782331943511963,0.09,0.3125,0.32,0.2904105874718814,0.3581703993529878,0.49890590809628,0.5503820510745333,0.29903091053871783,0.0366913393077946
200,200,,,,,,-0.03089114111454042,nan,-0.010989700578410942,nan,nan,nan,0.055,nan,200,20,,,,,,,,,,,0.04060800025101629,nan,-0.0007008662307458176,nan,nan,nan,0.07,nan,0.028622583992885663,nan,-0.00046329281858393314,nan,nan,nan,0.06,nan,,,,,,0.3,,,,,,,,,,,0.0856235615723676,nan,0.010232922721339882,nan,nan,nan,0.03,nan,0.09220797057848115,nan,0.009946190029303196,nan,nan,nan,0.065,nan,,,,,,0.025017610264495914,nan,-0.47311320470475476,nan,nan,nan,0.55,nan,,,,,,-0.00030183300107185576,nan,-0.008232149799026547,nan,nan,nan,0.02,nan,,,,,,-0.48341191188957944,nan,-0.5384994670979338,nan,nan,nan,0.035,nan,0.1,nan,1.0,False,noise,0.4845308688015983,nan,0.5560975609756097,-0.49879580699166426,nan,0.021839080459770097,0.9,nan,60,0,0.0,nan,0.5410294509460274,0.95,2.35432767868042,0.0,0.33333333333333337,0.0,-0.11272790368527771,nan,9.000000000000002,-0.9265628578354153,nan,
200,200,,,,,,0.08783191121032949,nan,-0.012564612064465954,nan,nan,nan,0.19,nan,200,20,,,,,,,,,,,-8.60153152345175e-05,nan,-0.00015113977484850318,nan,nan,nan,0.055,nan,-0.0005959128810842457,nan,-7.08173019496936e-05,nan,nan,nan,0.07,nan,,,,,,0.3,,,,,,,,,,,-0.07584731569123776,nan,0.01266768720256637,nan,nan,nan,0.1,nan,-0.08147001510439787,nan,0.012775272407779967,nan,nan,nan,0.06,nan,,,,,,-0.5297149779652349,nan,-0.47813526334059786,nan,nan,nan,0.04,nan,,,,,,-0.10416035129830728,nan,-0.007675276411952825,nan,nan,nan,0.14,nan,,,,,,-0.5566862810340876,nan,-0.5458355973840673,nan,nan,nan,0.035,nan,0.1,nan,0.0,True,post,-0.4641914804614038,nan,0.03333333333333334,-0.328914222555902,nan,0.1,0.9,nan,60,0,0.0,nan,0.5490831286532317,0.0,2.366525173187256,0.0,0.33333333333333337,0.3,0.026578503137746456,nan,0.0,-0.006784696733482479,nan,
200,200,,,,,,0.013730702491805835,nan,-0.011837379842284224,nan,nan,nan,0.075,nan,200,20,,,,,,,,,,,-0.035736604684503535,nan,-0.00036283163821232395,nan,nan,nan,0.065,nan,-0.02465801050746576,nan,-0.00021126198289464506,nan,nan,nan,0.075,nan,,,,,,0.3,,,,,,,,,,,-0.06362774437984141,nan,0.01185915207996113,nan,nan,nan,0.06,nan,-0.0658779454054801,nan,0.01077859249681676,nan,nan,nan,0.08,nan,,,,,,-0.5157280342153364,nan,-0.4721854227960581,nan,nan,nan,0.05,nan,,,,,,-0.03360076945130903,nan,-0.01060434755587959,nan,nan,nan,0.095,nan,,,,,,-0.5412455119171358,nan,-0.5405761077198791,nan,nan,nan,0.05,nan,0.1,nan,0.0,False,err,-0.35697801187008,nan,0.09499999999999995,-0.48333222420523286,nan,0.0314917127071823,0.9,nan,60,0,0.95,nan,0.5445909382655407,0.0,2.3940558433532715,0.0,0.33333333333333337,0.0,-0.11114333300574736,nan,-1.0,-1.7958302222469018,nan,
200,200,,,,,,0.06138250092006167,nan,-0.011277135423788557,nan,nan,nan,0.115,nan,200,20,,,,,,,,,,,0.03361725872779993,nan,0.00019990830225692852,nan,nan,nan,0.03,nan,0.023871320493997962,nan,5.868168518580433e-05,nan,nan,nan,0.045,nan,,,,,,0.3,,,,,,,,,,,0.0016896863601370403,nan,0.01104045237808788,nan,nan,nan,0.025,nan,-0.005536222089644351,nan,0.010926664715260466,nan,nan,nan,0.045,nan,,,,,,-0.06563881723746157,nan,-0.4764365585753427,nan,nan,nan,0.33,nan,,,,,,-0.09486591013520192,nan,-0.00928042192174581,nan,nan,nan,0.105,nan,,,,,,-0.5111356310294362,nan,-0.5449094221856964,nan,nan,nan,0.025,nan,0.1,0.1,0.033989266547406034,False,mix,0.46875932221322897,nan,0.5562640449438202,-0.3659582799110832,nan,0.11183908045977016,0.9,nan,60,0,0.0,nan,0.5493810316661073,0.95,2.3906729221343994,0.0,0.33333333333333337,0.27,0.09784680435461535,nan,0.3059033989266544,0.3888945568556345,nan,
200,200,,,,,,0.05000605156297183,nan,-0.011172931481559291,nan,nan,nan,0.125,nan,200,20,,,,,,,,,,,0.04288871783399365,nan,0.0004078937239553632,nan,nan,nan,0.015,nan,0.029544941357642962,nan,0.0002004963151610026,nan,nan,nan,0.02,nan,,,,,,0.3,,,,,,,,,,,0.016795953666307102,nan,0.011295367407880095,nan,nan,nan,0.015,nan,0.022859407223905254,nan,0.01186175760601287,nan,nan,nan,0.045,nan,,,,,,-0.051443671884312925,nan,-0.4804772200808307,nan,nan,nan,0.405,nan,,,,,,-0.06605245382452284,nan,-0.008636094397051274,nan,nan,nan,0.085,nan,,,,,,-0.49959335551596906,nan,-0.5506186516338013,nan,nan,nan,0.01,nan,0.1,0.3,0.043280182232346205,False,mix,0.4858367927413877,nan,0.5562228260869565,-0.3361425459801273,nan,0.0918390804597701,0.9,nan,60,0,0.0,nan,0.5550451032151029,0.95,2.3549392223358154,0.0,0.33333333333333337,0.20999999999999996,0.11109259771200149,nan,0.38952164009111595,0.5908273185783821,nan,
200,200,,,,,,0.020143319458632788,nan,-0.011613726702228485,nan,nan,nan,0.055,nan,200,20,,,,,,,,,,,0.04181072238396695,nan,0.00017326706963788162,nan,nan,nan,0.06,nan,0.029392709071446692,nan,4.87894489856819e-05,nan,nan,nan,0.065,nan,,,,,,0.3,,,,,,,,,,,0.036727464667066646,nan,0.012251926359866891,nan,nan,nan,0.005,nan,0.05358763948868013,nan,0.012369996727105863,nan,nan,nan,0.03,nan,,,,,,-0.01903329208742261,nan,-0.4689143888781604,nan,nan,nan,0.43,nan,,,,,,-0.027522961377937395,nan,-0.008616040732585529,nan,nan,nan,0.035,nan,,,,,,-0.47464772189142457,nan,-0.5376052277253619,nan,nan,nan,0.025,nan,0.1,0.5,0.059561128526645704,False,mix,0.47991500012072713,nan,0.5561842105263158,-0.3938221834270406,nan,0.07183908045977012,0.9,nan,60,0,0.0,nan,0.5415386305799295,0.95,2.365983009338379,0.0,0.33333333333333337,0.15,0.04687649522014503,nan,0.5360501567398115,1.459179016239546,nan,
200,200,,,,,,-0.04065154679909446,nan,-0.012415055539002103,nan,nan,nan,0.05,nan,200,20,,,,,,,,,,,0.03593210054646392,nan,-0.00037741979247615207,nan,nan,nan,0.09,nan,0.02618216247078066,nan,-0.000198759305415984,nan,nan,nan,0.1,nan,,,,,,0.3,,,,,,,,,,,0.08585090232103004,nan,0.011027402690749808,nan,nan,nan,0.04,nan,0.09196545099582693,nan,0.011034902856895661,nan,nan,nan,0.125,nan,,,,,,0.016062128869426907,nan,-0.45944193921032345,nan,nan,nan,0.485,nan,,,,,,0.006315933130650993,nan,-0.008492248257363909,nan,nan,nan,0.075,nan,,,,,,-0.4918215835298757,nan,-0.527687395689213,nan,nan,nan,0.035,nan,0.2,nan,1.0,False,noise,0.4963480786455737,nan,0.5560975609756097,-0.5648656197369646,nan,0.021839080459770097,0.9,nan,60,0,0.0,nan,0.5313724908878007,0.95,2.360952377319336,0.0,0.33333333333333337,0.0,-0.07353024105086724,nan,9.000000000000002,-0.6440631300003543,nan,
200,200,0.2905347562912677,-0.011699254055420365,0.024983850254960034,0.009950248756218905,12.097175065103846,0.16785392434292887,0.2955821590472044,-0.01024859004088111,-0.010793353205611768,1.0,1.0,0.43,1.0,200,20,-0.005165475981480221,-0.0007656574225979465,0.011146208305366903,0.7064676616915423,-0.3947367964017883,-0.0069910181884961925,-0.0012666096835791199,0.01609604670368181,0.7562189054726368,-0.3556406495299266,0.002256128339209099,-0.006162613098585266,0.00011879417867239657,-0.0013467675112268443,0.4117647058823529,nan,0.05,0.08823529411764706,0.00039619249205128147,-0.005269181710960951,9.574276501333787e-05,-0.0009397873414670045,0.4411764705882353,nan,0.065,0.058823529411764705,0.5771144278606966,-0.49040173149016625,0.3853389639441953,0.6368159203980099,-0.3808475875747319,0.3,-0.3025481303503937,0.009053870641382874,0.03591309450140499,0.009950248756218905,-8.676556707495912,-0.31864737748477157,0.010244381343345675,0.03478193374727221,0.009950248756218905,-9.45582155404039,-0.16753200396705775,-0.2907266273771407,0.010031848326723826,0.009011827975906049,0.029411764705882353,0.5294117647058824,0.245,0.5294117647058824,-0.15917944519372423,-0.2769388412364692,0.010496106847340496,0.0078031008774678435,0.029411764705882353,0.5294117647058824,0.21,0.5294117647058824,-0.6488872143835007,-0.4985817019984208,0.04811692299793811,0.009950248756218905,-3.123755697935985,-0.5872278183221765,-0.6213114868058727,-0.4798145629634637,-0.46670417004097886,0.058823529411764705,0.0,0.04,0.0,-0.2728531595464364,-0.014737563885346144,0.03173310791529078,0.009950248756218905,-8.133952600608081,-0.17537107319032316,-0.27768033157608746,-0.009956285491366557,-0.01117748154015276,0.0,0.7058823529411765,0.28,0.7058823529411765,-0.5857620634458155,-0.549659315594562,0.026889544869261588,0.1890547263681592,-1.342631421448162,-0.5657323546054717,-0.5632798197962944,-0.5499185150450009,-0.5355251678856122,0.35294117647058826,0.029411764705882353,0.055,0.029411764705882353,0.2,nan,0.0,True,post,-0.3793522306293684,-0.23746987029408786,0.07500000000000002,-0.17913497940029421,0.09823325801567959,0.2000000000000001,0.9,-0.018150004038083804,60,34,0.0,-2.4174080661784005,0.554161863070673,0.0,2.4351601600646973,0.17,0.33333333333333337,0.6,-0.002977633938267333,-0.01721280371192932,0.0,0.002360340954804562,-0.01782645382910091,0.026944028735567435
200,200,,,,,,0.025730557710741255,nan,-0.012638829207284746,nan,nan,nan,0.11,nan,200,20,,,,,,,,,,,-0.047315600339704195,nan,-0.00028584892170665794,nan,nan,nan,0.095,nan,-0.03353931728088137,nan,-0.0002088984085220639,nan,nan,nan,0.11,nan,,,,,,0.3,,,,,,,,,,,-0.09575405890323563,nan,0.011807366421961441,nan,nan,nan,0.135,nan,-0.09928038718463883,nan,0.011907964329937522,nan,nan,nan,0.135,nan,,,,,,-0.5565101529038214,nan,-0.46390098274671926,nan,nan,nan,0.055,nan,,,,,,-0.04661986133599988,nan,-0.007318609458198464,nan,nan,nan,0.055,nan,,,,,,-0.5509050488352643,nan,-0.532766327812455,nan,nan,nan,0.045,nan,0.2,nan,0.0,False,err,-0.3537820379049219,nan,0.09499999999999995,-0.4466662457437549,nan,0.0314917127071823,0.9,nan,60,0,0.95,nan,0.5376278727577496,0.0,2.4559426307678223,0.0,0.33333333333333337,0.0,0.04003493088692764,nan,-1.0,-1.3034819399534563,nan,
200,200,0.2674705201219634,-0.012901125335835626,0.019295436755602982,0.009950248756218905,14.530463808333058,0.155367783125878,0.2720164298746999,-0.011730086130761602,-0.01234958021965089,1.0,0.851063829787234,0.35,0.851063829787234,200,20,0.02935729529710854,-0.0007143524122184137,0.00837446785845226,0.009950248756218905,3.5908726636743955,0.042162621612449165,-0.0011374370470479949,0.01172737576570436,0.009950248756218905,3.692220623000076,0.037109539394555385,0.04495646691610914,-2.368842283015218e-05,-0.0012582686464398928,0.8297872340425532,0.02127659574468085,0.005,0.02127659574468085,0.026209387030591714,0.031220936513262545,-2.0274288864339907e-06,-0.0008211770990650631,0.8297872340425532,0.0425531914893617,0.015,0.0425531914893617,0.009950248756218905,4.359744138613427,7.22264659419143,0.009950248756218905,4.365944342602584,0.3,-0.1514020445505348,0.011527603741438136,0.025744748149848395,0.009950248756218905,-6.328655745137042,-0.17453185351287348,0.012213233281930554,0.023680425486967593,0.009950248756218905,-7.886052845194536,-0.07698930040235791,-0.16727270715707881,0.011763489338121455,0.011340251506471773,0.06382978723404255,0.0851063829787234,0.03,0.0851063829787234,-0.08130211047589331,-0.1631568519133989,0.011294497038268623,0.00994295130482651,0.1276595744680851,0.1276595744680851,0.035,0.1276595744680851,-0.19618592458694692,-0.4898821010107528,0.03808714772848556,0.009950248756218905,7.7111622668567,-0.1507035228645816,-0.21115232540150747,-0.47049197512711954,-0.460310122636191,0.9787234042553191,0.0,0.175,0.0851063829787234,-0.2443010084805727,-0.011210539779463123,0.02152603812526068,0.009950248756218905,-10.828303254594303,-0.16363848683480356,-0.25074782823350045,-0.008132660247739735,-0.007897225506574903,0.0,0.574468085106383,0.25,0.574468085106383,-0.4633567975765848,-0.5419256035423281,0.02491877614808811,0.009950248756218905,3.1529961782901794,-0.5001009292214489,-0.47175523087275073,-0.5394744545827942,-0.5290695789627896,0.8297872340425532,0.0,0.005,0.0,0.2,0.1,0.01728844404003638,False,mix,0.4831292643530918,0.49808465932574547,0.5564900662251656,-0.14936891942804784,0.09193733860324926,0.20183908045977014,0.9,0.10295873785329747,60,47,0.0,5.417653663819915,0.5446527312274295,0.95,2.4089853763580322,0.235,0.33333333333333337,0.54,0.14127969510472865,0.09666506953229755,0.15559599636032745,0.16869254682843118,0.11477592190899637,0.02147909558983988
200,200,,,,,,0.11530000226243473,nan,-0.010889475148054878,nan,nan,nan,0.255,nan,200,20,,,,,,,,,,,0.03657443292448996,nan,-0.0007278744423252093,nan,nan,nan,0.04,nan,0.02604414066735607,nan,-0.000511859228167851,nan,nan,nan,0.045,nan,,,,,,0.3,,,,,,,,,,,-0.040622135026202474,nan,0.010813747230671559,nan,nan,nan,0.03,nan,-0.047802052382383865,nan,0.010168352779239253,nan,nan,nan,0.055,nan,,,,,,-0.10841412053286469,nan,-0.4730272178833568,nan,nan,nan,0.215,nan,,,,,,-0.13417164430930983,nan,-0.008818505178861917,nan,nan,nan,0.195,nan,,,,,,-0.49580693609597143,nan,-0.5402503208290256,nan,nan,nan,0.005,nan,0.2,0.3,0.02211874272409777,False,mix,0.4794587301987784,nan,0.5563803680981595,-0.23124213410262912,nan,0.1618390804597701,0.9,nan,60,0,0.0,nan,0.543766670814264,0.95,2.384774684906006,0.0,0.33333333333333337,0.41999999999999993,0.12395703973424538,nan,0.19906868451687998,0.22588152780844628,nan,
200,200,,,,,,0.0835105031183295,nan,-0.01134203384996137,nan,nan,nan,0.155,nan,200,20,,,,,,,,,,,0.04028294181114358,nan,0.00032683397286082934,nan,nan,nan,0.035,nan,0.02703501439211321,nan,0.0002310516868100393,nan,nan,nan,0.025,nan,,,,,,0.3,,,,,,,,,,,-0.014620001892854893,nan,0.01069516778581218,nan,nan,nan,0.01,nan,-0.011804011675687405,nan,0.011046431049476372,nan,nan,nan,0.035,nan,,,,,,-0.07386806067186835,nan,-0.46825716505457987,nan,nan,nan,0.315,nan,,,,,,-0.09811526949782236,nan,-0.008216756613294131,nan,nan,nan,0.135,nan,,,,,,-0.47522370060539393,nan,-0.5357810683173224,nan,nan,nan,0.03,nan,0.2,0.5,0.030694668820678492,False,mix,0.4912148598802475,nan,0.5562857142857143,-0.2592955582820941,nan,0.1218390804597701,0.9,nan,60,0,0.0,nan,0.5392432315563073,0.95,2.4056451320648193,0.0,0.33333333333333337,0.3,0.11137401396571117,nan,0.2762520193861065,0.3237319065579832,nan,
