B_null,B_sel,D_agg_med_sel,D_agg_null_mean,D_agg_null_sd,D_agg_p2,D_agg_z,D_mean_all,D_mean_sel,D_null_mean_all,D_null_mean_sel,D_pg_fracpos_sel,D_pg_power_sel,D_pg_rej_all,D_pg_rej_sel,G,K,N_agg_med_sel,N_agg_null_mean,N_agg_null_sd,N_agg_p2,N_agg_z,N_mean_all,N_mean_sel,N_null_mean_all,N_null_mean_sel,N_pg_fracpos_sel,N_pg_power_sel,N_pg_rej_all,N_pg_rej_sel,N_set_p2,N_set_z,R2rna,S_cross_agg_med_sel,S_cross_agg_null_mean,S_cross_agg_null_sd,S_cross_agg_p2,S_cross_agg_z,S_cross_m_agg_med_sel,S_cross_m_agg_null_mean,S_cross_m_agg_null_sd,S_cross_m_agg_p2,S_cross_m_agg_z,S_cross_m_mean_all,S_cross_m_mean_sel,S_cross_m_null_mean_all,S_cross_m_null_mean_sel,S_cross_m_pg_fracpos_sel,S_cross_m_pg_power_sel,S_cross_m_pg_rej_all,S_cross_m_pg_rej_sel,S_cross_mean_all,S_cross_mean_sel,S_cross_null_mean_all,S_cross_null_mean_sel,S_cross_pg_fracpos_sel,S_cross_pg_power_sel,S_cross_pg_rej_all,S_cross_pg_rej_sel,S_dd_agg_med_sel,S_dd_agg_null_mean,S_dd_agg_null_sd,S_dd_agg_p2,S_dd_agg_z,S_dd_mean_all,S_dd_mean_sel,S_dd_null_mean_all,S_dd_null_mean_sel,S_dd_pg_fracpos_sel,S_dd_pg_power_sel,S_dd_pg_rej_all,S_dd_pg_rej_sel,S_drm_agg_med_sel,S_drm_agg_null_mean,S_drm_agg_null_sd,S_drm_agg_p2,S_drm_agg_z,S_drm_mean_all,S_drm_mean_sel,S_drm_null_mean_all,S_drm_null_mean_sel,S_drm_pg_fracpos_sel,S_drm_pg_power_sel,S_drm_pg_rej_all,S_drm_pg_rej_sel,S_pp_agg_med_sel,S_pp_agg_null_mean,S_pp_agg_null_sd,S_pp_agg_p2,S_pp_agg_z,S_pp_mean_all,S_pp_mean_sel,S_pp_null_mean_all,S_pp_null_mean_sel,S_pp_pg_fracpos_sel,S_pp_pg_power_sel,S_pp_pg_rej_all,S_pp_pg_rej_sel,delta_target,fX,fX_pop,feasible,hyp,incr_m_mean_all,incr_m_mean_sel,incr_m_pop,incr_p_mean_all,incr_p_mean_sel,incr_p_pop,lam,lamhat_noise_sel,n,n_sel,q2,ratio_m_over_p_sel,rho_mean,s2,seconds,sel_rate,sig_u2,t2,theta_pg_median_all,theta_pg_median_sel,theta_pop,theta_set_all,theta_set_sel,theta_set_sel_jkse
200,200,,,,,,0.030435531939463255,nan,-0.015629399703343427,nan,nan,nan,0.065,nan,200,20,,,,,,0.04487917035125502,nan,0.00019968906952517052,nan,nan,nan,0.275,nan,,,0.1,,,,,,,,,,,0.16837340339069573,nan,0.007766983743529968,nan,nan,nan,0.19,nan,0.1635370775231885,nan,0.00820034661187035,nan,nan,nan,0.19,nan,,,,,,0.14045230144225293,nan,-0.2720832845930594,nan,nan,nan,0.36,nan,,,,,,-0.03810080968359143,nan,-0.0049161509009531725,nan,nan,nan,0.055,nan,,,,,,-0.25411072733359363,nan,-0.3174652029437002,nan,nan,nan,0.035,nan,0.1,nan,1.0,False,noise,-0.01280895759390988,nan,0.3753086419753086,-0.48968374268649817,nan,0.09047619047619046,0.5,nan,60,0,0.0,nan,0.32073837731061233,0.95,2.407325267791748,0.0,0.4,0.0,0.06231431707788987,nan,1.0,1.4745650064707392,nan,
200,200,,,,,,0.07364763596222706,nan,-0.014116015442564753,nan,nan,nan,0.12,nan,200,20,,,,,,0.003430004280169656,nan,-3.3415908543370756e-05,nan,nan,nan,0.05,nan,,,0.1,,,,,,,,,,,-0.028517494723755085,nan,0.006773220629085593,nan,nan,nan,0.075,nan,-0.024228414862040207,nan,0.005982173358133594,nan,nan,nan,0.065,nan,,,,,,-0.2886294052091251,nan,-0.26148232308752595,nan,nan,nan,0.055,nan,,,,,,-0.03713457673280847,nan,-0.005580144424767809,nan,nan,nan,0.03,nan,,,,,,-0.31059393556411097,nan,-0.3028432387577647,nan,nan,nan,0.05,nan,0.1,nan,0.0,True,post,-0.6630587890922811,nan,0.011111111111111112,-0.5159294577319112,nan,0.1,0.5,nan,60,0,0.0,nan,0.3054033889347822,0.0,2.288848400115967,0.0,0.4,0.25,0.0260885841174721,nan,0.0,0.046573175572517514,nan,
200,200,,,,,,0.025307342445599294,nan,-0.01553003268531811,nan,nan,nan,0.06,nan,200,20,,,,,,-0.0430254367287628,nan,0.00019308279054713166,nan,nan,nan,0.25,nan,,,0.1,,,,,,,,,,,-0.15720556602877503,nan,0.007169340992051932,nan,nan,nan,0.19,nan,-0.16822853278753921,nan,0.007372058395471205,nan,nan,nan,0.29,nan,,,,,,-0.3808754514111694,nan,-0.27062175993369536,nan,nan,nan,0.04,nan,,,,,,-0.03673220153741088,nan,-0.0048758078003032345,nan,nan,nan,0.06,nan,,,,,,-0.3300944617112382,nan,-0.31269046077740464,nan,nan,nan,0.005,nan,0.1,nan,0.0,False,err,0.13297125747357033,nan,0.4749999999999999,-0.515305332198507,nan,0.09047619047619046,0.5,nan,60,0,0.95,nan,0.31475023007294217,0.0,2.3079140186309814,0.0,0.4,0.0,-0.06757958602185116,nan,-1.0,-1.7001167475901648,nan,
200,200,,,,,,0.0919315453142414,nan,-0.015085292866049033,nan,nan,nan,0.13,nan,200,20,,,,,,0.00921211342824193,nan,-0.0001522673822557417,nan,nan,nan,0.055,nan,,,0.1,,,,,,,,,,,-0.00508885566866347,nan,0.006448041872029465,nan,nan,nan,0.025,nan,-0.003470960647610791,nan,0.006735150405548589,nan,nan,nan,0.05,nan,,,,,,-0.21381056005975455,nan,-0.26371868383114705,nan,nan,nan,0.035,nan,,,,,,-0.05243079829687176,nan,-0.00518432374773803,nan,nan,nan,0.055,nan,,,,,,-0.29854284710577017,nan,-0.3054884503244014,nan,nan,nan,0.045,nan,0.1,0.1,0.10000000000000003,True,mix,-0.5635189492311886,nan,0.07356321839080464,-0.47743079556747015,nan,0.10111111111111112,0.5,nan,60,0,0.0,nan,0.30794648524603807,0.20000000000000007,2.312910556793213,0.0,0.4,0.225,0.05155620565334411,nan,0.10000000000000003,0.10020622841433792,nan,
200,200,,,,,,0.08650960304718433,nan,-0.012269744811817133,nan,nan,nan,0.13,nan,200,20,,,,,,0.029208562387726164,nan,0.0002817880362925708,nan,nan,nan,0.2,nan,,,0.1,,,,,,,,,,,0.0688153810022071,nan,0.006389031776590929,nan,nan,nan,0.095,nan,0.06869559547525941,nan,0.006720717881656305,nan,nan,nan,0.08,nan,,,,,,-0.051050650117473645,nan,-0.26841190013653277,nan,nan,nan,0.12,nan,,,,,,-0.04496173225301553,nan,-0.005633795512976612,nan,nan,nan,0.07,nan,,,,,,-0.27901925716063763,nan,-0.3120071597455135,nan,nan,nan,0.035,nan,0.1,0.3,0.30000000000000004,True,mix,-0.2819857881163484,nan,0.21975308641975316,-0.45673686691983434,nan,0.11285714285714284,0.5,nan,60,0,0.0,nan,0.3159377610407531,0.6,2.4328622817993164,0.0,0.4,0.17499999999999996,0.10069556989371065,nan,0.30000000000000004,0.33763375809036067,nan,
200,200,,,,,,0.06177917172241573,nan,-0.01479143379777908,nan,nan,nan,0.075,nan,200,20,,,,,,0.045559286348507595,nan,0.00035364751925204296,nan,nan,nan,0.27,nan,,,0.1,,,,,,,,,,,0.13621344875111363,nan,0.007985889334161403,nan,nan,nan,0.145,nan,0.1413736134234454,nan,0.008145021589158504,nan,nan,nan,0.155,nan,,,,,,0.10881256856568079,nan,-0.2796712593555656,nan,nan,nan,0.3,nan,,,,,,-0.051188777891905034,nan,-0.004414167568231238,nan,nan,nan,0.065,nan,,,,,,-0.2565097542537121,nan,-0.3231999781339036,nan,nan,nan,0.025,nan,0.1,0.5,0.4871794871794871,False,mix,0.019026943196636087,nan,0.37532894736842104,-0.41475295227420506,nan,0.14047619047619048,0.5,nan,60,0,0.0,nan,0.32413428296146335,0.95,2.3336904048919678,0.0,0.4,0.125,0.20170594231759004,nan,0.4871794871794871,0.7374538226768914,nan,
200,200,,,,,,0.03257031828593378,nan,-0.015664740631620565,nan,nan,nan,0.05,nan,200,20,,,,,,0.04769462532123241,nan,0.00046255193528591844,nan,nan,nan,0.3,nan,,,0.1,,,,,,,,,,,0.15584986802509562,nan,0.008698715801495114,nan,nan,nan,0.175,nan,0.16447998478473508,nan,0.008638949459363042,nan,nan,nan,0.21,nan,,,,,,0.10446769106753041,nan,-0.2785107030957972,nan,nan,nan,0.3,nan,,,,,,-0.028937151670568238,nan,-0.005020702357568583,nan,nan,nan,0.05,nan,,,,,,-0.267505286426116,nan,-0.32261344720052443,nan,nan,nan,0.055,nan,0.2,nan,1.0,False,noise,-0.010153077004020176,nan,0.3753086419753086,-0.48865460240167863,nan,0.09047619047619046,0.5,nan,60,0,0.0,nan,0.32367327906547744,0.95,2.281778573989868,0.0,0.4,0.0,0.17402104053140638,nan,1.0,1.4643585887777588,nan,
200,200,0.35858749211165514,-0.012925107415707125,0.040847482538405436,0.009950248756218905,9.095116184185041,0.16652687360067936,0.38815139885793615,-0.012668838205712555,-0.012342665456683423,1.0,1.0,0.33,1.0,200,20,0.02283158537138189,0.0009882298090208008,0.009034189297927023,0.03980099502487562,2.41785453454638,0.0033142817235513166,0.010167447156389835,-5.594792441406082e-06,0.0010136968406701233,0.5882352941176471,nan,0.02,0.058823529411764705,0.24875621890547264,1.1894019690838558,0.1,-0.09940282991662641,0.007034979508674184,0.04228797216255718,0.009950248756218905,-2.5169759621868626,-0.16021619070987214,0.009108523776616516,0.04107079215184589,0.009950248756218905,-4.1227525842779675,-0.0771708136221409,-0.16245710104004518,0.005658584127425922,0.008416036786793262,0.17647058823529413,0.29411764705882354,0.08,0.29411764705882354,-0.06745147288310677,-0.14175328264421974,0.005643388335232002,0.009103955820645547,0.058823529411764705,0.17647058823529413,0.06,0.17647058823529413,-0.34885845425441603,-0.29188373419830166,0.06795585963563651,0.3880597014925373,-0.8384077599895158,-0.3299770708776316,-0.35751182784069746,-0.27053193656538926,-0.2751366004288721,0.35294117647058826,0.0,0.04,0.0,-0.16656856639986714,-0.007690589688633687,0.03384492280156967,0.009950248756218905,-4.694292778802577,-0.07982286523713887,-0.17335113666491853,-0.0055827859209912,-0.004236095800932243,0.0,0.29411764705882354,0.09,0.29411764705882354,-0.390214560077161,-0.32896936902429824,0.04298950698661557,0.11940298507462686,-1.424654417891005,-0.3311215843263393,-0.3577422005792992,-0.31421263462883325,-0.32414571887479415,0.4117647058823529,0.0,0.03,0.0,0.2,nan,0.0,True,post,-0.5901224461924657,-0.5516766806043454,0.025000000000000005,-0.3057956242021802,0.17464074240217373,0.20000000000000004,0.5,0.0255259003135999,60,17,0.0,-3.158923129941291,0.3160461847293971,0.0,2.347320556640625,0.085,0.4,0.5,0.030674693626748316,0.06235422918046564,0.0,0.019902383632678707,0.026194539518099563,0.023913777535804273
200,200,,,,,,0.03242718657621809,nan,-0.014969297031907814,nan,nan,nan,0.075,nan,200,20,,,,,,-0.04625977966125582,nan,-0.0005969529352174081,nan,nan,nan,0.29,nan,,,0.1,,,,,,,,,,,-0.1756886300390466,nan,0.004286201607869617,nan,nan,nan,0.24,nan,-0.18868278486495227,nan,0.00440581706125288,nan,nan,nan,0.32,nan,,,,,,-0.39652743111483396,nan,-0.26803072566802,nan,nan,nan,0.03,nan,,,,,,-0.04894356543357719,nan,-0.004425973175331975,nan,nan,nan,0.085,nan,,,,,,-0.34228291394143506,nan,-0.3099052561971198,nan,nan,nan,0.025,nan,0.2,nan,0.0,False,err,0.16324728232490793,nan,0.4749999999999999,-0.5317754828129512,nan,0.09047619047619046,0.5,nan,60,0,0.95,nan,0.3121115089864267,0.0,2.365985631942749,0.0,0.4,0.0,-0.18793941191957123,nan,-1.0,-1.4265739506116288,nan,
200,200,0.4058664310004252,-0.021007804751963094,0.04293193552394363,0.009950248756218905,9.943046604651043,0.15337732795011824,0.3870450465120612,-0.016857873713169217,-0.018762323787435427,1.0,0.8421052631578947,0.28,0.8421052631578947,200,20,0.027015444493650856,-0.0003423192133863599,0.007888723872774976,0.009950248756218905,3.4679580810255635,0.02249061854377026,0.03035538846790961,-0.00038059365522947325,-0.0002525354697709708,0.7368421052631579,0.10526315789473684,0.115,0.10526315789473684,0.009950248756218905,4.583182494844501,0.1,-0.054139356449283395,0.005063115069802231,0.040108375831536196,0.19900497512437812,-1.47606255028308,-0.061672579047293105,0.0038088438145165875,0.042266183498389516,0.13930348258706468,-1.5492627306356035,0.024526208087672426,-0.05434828716168308,0.0061807054807258175,0.006651156492663277,0.3157894736842105,0.0,0.06,0.0,0.01853783594356962,-0.03633902735026346,0.006435664788658241,0.007056674761140518,0.3684210526315789,0.0,0.055,0.0,-0.17066848464831458,-0.2580374803512932,0.08057467339906878,0.27860696517412936,1.084323299322291,-0.1503206632091254,-0.12273991299839433,-0.2682149411778963,-0.24463014074599432,0.7368421052631579,0.0,0.06,0.0,-0.16342773082544398,-0.0060013626943467594,0.02806736072339091,0.009950248756218905,-5.608876790267338,-0.06817311502033067,-0.1495309349126606,-0.0051351259081622875,-0.0006617734420291423,0.0,0.0,0.065,0.15789473684210525,-0.228291219473669,-0.28555832238920575,0.042079237742433384,0.1791044776119403,1.3609348929918172,-0.30271071110059866,-0.2546313032555673,-0.31040916856097395,-0.2814155192876677,0.6842105263157895,0.0,0.045,0.0,0.2,0.1,0.10000000000000003,True,mix,-0.4301514009837525,-0.41466476712955286,0.14864864864864868,-0.3456804158217768,0.14312918624843657,0.20500000000000002,0.5,0.07272486064698575,60,19,0.0,-2.8971363423376015,0.31503834228306654,0.40000000000000013,2.3058154582977295,0.095,0.4,0.45,0.08050197763291007,0.0735242168184104,0.10000000000000003,0.14663587405228962,0.07842856727263055,0.02371438285624727
200,200,0.34862496874831994,-0.00789383050928781,0.03688221833403259,0.009950248756218905,9.666414205865927,0.16226828609533933,0.35049161602575546,-0.01542137574825097,-0.008890162299611759,1.0,0.9545454545454546,0.29,0.9545454545454546,200,20,0.06036381011266795,-0.00033985909089365564,0.008793656905459003,0.009950248756218905,6.90312003860127,0.049342802943152166,0.05512184377253957,0.0004675262697833123,-0.0003471840510525143,0.9545454545454546,0.36363636363636365,0.345,0.36363636363636365,0.009950248756218905,7.183271368068505,0.1,0.06840063782457295,0.001722911961883526,0.03750191252109366,0.08955223880597014,1.777982011541606,0.10532620851850923,0.004983405208005853,0.037442471992110364,0.01990049751243781,2.679919299371234,0.10737466570331274,0.03862536636526229,0.007960846661251401,0.0035288401716994378,0.5909090909090909,0.0,0.095,0.0,0.11040234705704073,0.03790562303761557,0.007863404368998548,0.0022214980699086398,0.6818181818181818,0.045454545454545456,0.135,0.09090909090909091,0.0040627085663529445,-0.30880057475026823,0.0603153169380252,0.009950248756218905,5.187128232002913,0.06326574389888057,-0.042895609530200544,-0.26996303897251966,-0.2898566642321087,0.9090909090909091,0.045454545454545456,0.215,0.045454545454545456,-0.15872878458162837,-0.009627078536092975,0.02652222015613605,0.009950248756218905,-5.621765642625442,-0.07267834896018557,-0.16611931927588577,-0.004899549559724545,-0.005741223176940435,0.045454545454545456,0.0,0.115,0.3181818181818182,-0.3298519227870389,-0.3351665518500608,0.037257961194847825,0.8955223880597015,0.14264411933560564,-0.27033559708712707,-0.31108687967606524,-0.31423451331345703,-0.33107644926732227,0.45454545454545453,0.045454545454545456,0.05,0.045454545454545456,0.2,0.3,0.2533333333333333,False,mix,-0.03212240083051197,-0.01853941212034235,0.3753731343283582,-0.26578201448980737,0.1589816140138137,0.23047619047619047,0.5,0.13589747194274757,60,22,0.0,-0.11661356085321592,0.31828184079820765,0.95,2.3758418560028076,0.11,0.4,0.3499999999999999,0.21019915597507471,0.19019000235430594,0.2533333333333333,0.3040816177362053,0.15727007794813844,0.025067083944191423
200,200,,,,,,0.10959103013191623,nan,-0.015591837766614743,nan,nan,nan,0.145,nan,200,20,,,,,,0.051332379871135994,nan,0.00018632316450767762,nan,nan,nan,0.315,nan,,,0.1,,,,,,,,,,,0.12567736350994513,nan,0.006742875796272466,nan,nan,nan,0.13,nan,0.13920175273405547,nan,0.007241132320261197,nan,nan,nan,0.15,nan,,,,,,0.08893979533688032,nan,-0.2682933170915812,nan,nan,nan,0.24,nan,,,,,,-0.05152723773991582,nan,-0.005065504659490324,nan,nan,nan,0.075,nan,,,,,,-0.269511001191979,nan,-0.3125322411591731,nan,nan,nan,0.025,nan,0.2,0.5,0.3220338983050847,False,mix,-0.04289531540007207,nan,0.37535211267605634,-0.3660829856225487,nan,0.19047619047619047,0.5,nan,60,0,0.0,nan,0.31440041265419133,0.95,2.3095815181732178,0.0,0.4,0.25,0.26137869183069296,nan,0.3220338983050847,0.4683994648954983,nan,
200,200,,,,,,0.010411052079964525,nan,-0.015322175380933544,nan,nan,nan,0.065,nan,200,20,,,,,,0.03456598489351117,nan,-0.00038700813775236853,nan,nan,nan,0.24,nan,,,0.1,,,,,,,,,,,0.11932858945769276,nan,0.0060012310685961506,nan,nan,nan,0.12,nan,0.12810017997979917,nan,0.006179255477188496,nan,nan,nan,0.185,nan,,,,,,0.0709153683900665,nan,-0.27365209597205714,nan,nan,nan,0.265,nan,,,,,,-0.015574176304763696,nan,-0.004763138930217588,nan,nan,nan,0.055,nan,,,,,,-0.2655581780917176,nan,-0.31803913385497656,nan,nan,nan,0.055,nan,0.1,nan,1.0,False,noise,0.15349571190173006,nan,0.47029702970297016,-0.553322570823076,nan,0.05891472868217054,0.6,nan,60,0,0.0,nan,0.3209148505409582,0.95,2.3785808086395264,0.0,0.4166666666666667,0.0,0.053375572175248076,nan,1.4999999999999998,3.320124097739501,nan,
200,200,,,,,,0.09237343155258827,nan,-0.013946947542749047,nan,nan,nan,0.11,nan,200,20,,,,,,-0.0010971558211736907,nan,0.0001194506374753064,nan,nan,nan,0.06,nan,,,0.1,,,,,,,,,,,-0.04436143172978702,nan,0.00669001838575895,nan,nan,nan,0.08,nan,-0.03964008714102743,nan,0.0073262468035346995,nan,nan,nan,0.075,nan,,,,,,-0.31021885794707066,nan,-0.2697076957868699,nan,nan,nan,0.045,nan,,,,,,-0.046715247157891805,nan,-0.0051979294509099435,nan,nan,nan,0.055,nan,,,,,,-0.31891260511805564,nan,-0.3132685950132991,nan,nan,nan,0.04,nan,0.1,nan,0.0,True,post,-0.601037924111737,nan,0.011111111111111112,-0.4494094840475657,nan,0.09999999999999996,0.6,nan,60,0,0.0,nan,0.3147992460310667,0.0,2.320366859436035,0.0,0.4166666666666667,0.24,-0.006697307388776649,nan,0.0,-0.011877395943108155,nan,
200,200,,,,,,-0.014740664870636385,nan,-0.014995581718237463,nan,nan,nan,0.07,nan,200,20,,,,,,-0.030272298346326575,nan,-0.00019691474985533884,nan,nan,nan,0.18,nan,,,0.1,,,,,,,,,,,-0.11816337545325811,nan,0.005809509343638527,nan,nan,nan,0.135,nan,-0.11471581620675782,nan,0.005870088828127793,nan,nan,nan,0.17,nan,,,,,,-0.34602371802136345,nan,-0.2612549533599583,nan,nan,nan,0.04,nan,,,,,,-0.017723705861285563,nan,-0.006126319638911708,nan,nan,nan,0.07,nan,,,,,,-0.3140591223077008,nan,-0.30286295579967537,nan,nan,nan,0.025,nan,0.1,nan,0.0,False,err,0.002935708581120964,nan,0.37999999999999995,-0.6191654838522617,nan,0.06129032258064514,0.6,nan,60,0,0.95,nan,0.3047162003528825,0.0,2.4044981002807617,0.0,0.4166666666666667,0.0,-0.00628590673803019,nan,-1.0,2.053658950393033,nan,
200,200,,,,,,0.08500937862627078,nan,-0.014566400382494448,nan,nan,nan,0.12,nan,200,20,,,,,,0.016281005337991608,nan,-1.2008966003172316e-05,nan,nan,nan,0.07,nan,,,0.1,,,,,,,,,,,0.022020155541417542,nan,0.00600854529657719,nan,nan,nan,0.03,nan,0.025724070295460023,nan,0.006069840917721579,nan,nan,nan,0.045,nan,,,,,,-0.1242562012026264,nan,-0.26617844344640545,nan,nan,nan,0.07,nan,,,,,,-0.046109476811744744,nan,-0.005321582013442673,nan,nan,nan,0.045,nan,,,,,,-0.2846410790927675,nan,-0.30770396248979215,nan,nan,nan,0.03,nan,0.1,0.1,0.09999999999999999,True,mix,-0.3634745080144725,nan,0.17109144542772856,-0.4771461077286044,nan,0.1029032258064516,0.6,nan,60,0,0.0,nan,0.3106202572566316,0.375,2.402531385421753,0.0,0.4166666666666667,0.21600000000000003,0.03784261137948501,nan,0.14999999999999997,0.1915201075585821,nan,
200,200,,,,,,0.07276313001682976,nan,-0.015227447903302169,nan,nan,nan,0.13,nan,200,20,,,,,,0.038155599562539944,nan,-0.0002650680162088099,nan,nan,nan,0.245,nan,,,0.1,,,,,,,,,,,0.11059126749868181,nan,0.006013311022115023,nan,nan,nan,0.12,nan,0.1200014487143212,nan,0.005765830255403714,nan,nan,nan,0.175,nan,,,,,,0.08707455237237514,nan,-0.25626089124839463,nan,nan,nan,0.265,nan,,,,,,-0.03716133159383737,nan,-0.004610236106183084,nan,nan,nan,0.05,nan,,,,,,-0.2491673921139661,nan,-0.2982303721927141,nan,nan,nan,0.02,nan,0.1,0.3,0.26573426573426584,False,mix,0.1496464100607455,nan,0.47032397408207327,-0.4432944380419588,nan,0.12891472868217052,0.6,nan,60,0,0.0,nan,0.30078284529216204,0.95,2.3167691230773926,0.0,0.4166666666666667,0.16799999999999998,0.08395883788809992,nan,0.3986013986013987,0.5243809543887783,nan,
200,200,,,,,,0.061718085339753426,nan,-0.014499684192643412,nan,nan,nan,0.085,nan,200,20,,,,,,0.040800584719155084,nan,-0.00012058497379222906,nan,nan,nan,0.215,nan,,,0.1,,,,,,,,,,,0.11239219909885172,nan,0.006113261986327307,nan,nan,nan,0.095,nan,0.12666088555694954,nan,0.006288668706972119,nan,nan,nan,0.165,nan,,,,,,0.08727205301011332,nan,-0.28365028821487953,nan,nan,nan,0.26,nan,,,,,,-0.0367184536740968,nan,-0.005041847336914469,nan,nan,nan,0.04,nan,,,,,,-0.26077151845223256,nan,-0.3281926073046865,nan,nan,nan,0.04,nan,0.1,0.5,0.336283185840708,False,mix,0.18006294795733724,nan,0.470315789473684,-0.4086723479011339,nan,0.10891472868217053,0.6,nan,60,0,0.0,nan,0.3303995711034613,0.95,2.379162549972534,0.0,0.4166666666666667,0.12,0.10894270936670836,nan,0.504424778761062,0.6610798843572501,nan,
200,200,,,,,,-0.00485902988515766,nan,-0.013855967725219296,nan,nan,nan,0.035,nan,200,20,,,,,,0.03743518720500839,nan,0.00038550971803002213,nan,nan,nan,0.19,nan,,,0.1,,,,,,,,,,,0.13419480614539755,nan,0.006522772027764026,nan,nan,nan,0.11,nan,0.14997906602005273,nan,0.0071171725382000684,nan,nan,nan,0.205,nan,,,,,,0.13215139314602672,nan,-0.2664523269037471,nan,nan,nan,0.285,nan,,,,,,-0.007295621228245741,nan,-0.0051499184092459495,nan,nan,nan,0.035,nan,,,,,,-0.23279605360020633,nan,-0.30964498484790376,nan,nan,nan,0.035,nan,0.2,nan,1.0,False,noise,0.17010793062731178,nan,0.47029702970297016,-0.570830747677988,nan,0.05891472868217054,0.6,nan,60,0,0.0,nan,0.3134208944699664,0.95,2.3807859420776367,0.0,0.4166666666666667,0.0,-0.03440857717018295,nan,1.4999999999999998,-7.704251278502628,nan,
200,200,,,,,,0.18279420695603021,nan,-0.01467617304208539,nan,nan,nan,0.34,nan,200,20,,,,,,0.00263229277307902,nan,-6.325326642497054e-05,nan,nan,nan,0.04,nan,,,0.1,,,,,,,,,,,-0.060997396894085176,nan,0.006489942673644917,nan,nan,nan,0.095,nan,-0.06643322185904482,nan,0.00617395450803626,nan,nan,nan,0.075,nan,,,,,,-0.3243027940365981,nan,-0.2559403114373771,nan,nan,nan,0.06,nan,,,,,,-0.07711258131272766,nan,-0.004977800954957131,nan,nan,nan,0.115,nan,,,,,,-0.31525776306987935,nan,-0.29790254825622026,nan,nan,nan,0.04,nan,0.2,nan,0.0,True,post,-0.6785207667006603,nan,0.025,-0.3261323109510687,nan,0.19999999999999998,0.6,nan,60,0,0.0,nan,0.30144942923955176,0.0,2.3612496852874756,0.0,0.4166666666666667,0.48,-0.0018556267623738069,nan,0.0,0.014400307410793376,nan,
200,200,,,,,,0.004547038970839937,nan,-0.014367831270328915,nan,nan,nan,0.045,nan,200,20,,,,,,-0.034011253426817455,nan,-0.00032288440615416586,nan,nan,nan,0.235,nan,,,0.1,,,,,,,,,,,-0.12490781407016285,nan,0.005289956732395878,nan,nan,nan,0.165,nan,-0.1339041750221913,nan,0.005490707540360702,nan,nan,nan,0.21,nan,,,,,,-0.35587823724713047,nan,-0.26328606609207744,nan,nan,nan,0.03,nan,,,,,,-0.025803309704997758,nan,-0.005080327172688502,nan,nan,nan,0.035,nan,,,,,,-0.31869906021415545,nan,-0.3053297367680296,nan,nan,nan,0.035,nan,0.2,nan,0.0,False,err,0.0016411194886402213,nan,0.37999999999999995,-0.5816886156845819,nan,0.06129032258064514,0.6,nan,60,0,0.95,nan,0.30671603432892725,0.0,2.3023808002471924,0.0,0.4166666666666667,0.0,0.004590326268204929,nan,-1.0,-7.479868469333756,nan,
200,200,0.3344715733646296,-0.019466843033551028,0.03158903086431998,0.009950248756218905,11.204472144371861,0.16598467035576894,0.3566916819903357,-0.01410416506746779,-0.018294287349461386,1.0,0.9090909090909091,0.295,0.9090909090909091,200,20,0.027033396418460573,-0.0010213668896996947,0.006356057163242887,0.009950248756218905,4.413862648370636,0.024818329509301084,0.035619079063743224,-0.00040004194076497494,-0.0011772163701492544,0.8636363636363636,0.18181818181818182,0.105,0.18181818181818182,0.009950248756218905,4.965272001472679,0.1,-0.05683770344383015,0.004013791075705906,0.03219324324586975,0.01990049751243781,-1.8901945993109235,-0.046856538968073166,0.0035646809788031984,0.035406751360984,0.13930348258706468,-1.424056656070777,0.019469721648984122,-0.009910618825085364,0.005312150210766876,0.0051636567791793694,0.4090909090909091,0.045454545454545456,0.055,0.09090909090909091,0.015661670037769727,-0.017306615013445544,0.0047655176949214974,0.00532432040582097,0.4090909090909091,0.045454545454545456,0.065,0.13636363636363635,-0.10650016409206697,-0.2928477976906296,0.07350334896911452,0.01990049751243781,2.535226438108678,-0.07851713660675942,-0.06378380693084783,-0.2837946789124618,-0.2703956510485252,0.8636363636363636,0.045454545454545456,0.105,0.045454545454545456,-0.14898042564485536,-0.00836029067244803,0.025849711345039838,0.009950248756218905,-5.439911227246654,-0.08543475490771563,-0.1659128530787117,-0.006207996203948136,-0.005931240154825473,0.045454545454545456,0.0,0.115,0.3181818181818182,-0.27074938414698513,-0.33044377467887043,0.040069038731937,0.1691542288557214,1.4897884356485982,-0.29899988118049114,-0.25612832799516955,-0.32710300593531355,-0.31373903723891433,0.7272727272727273,0.0,0.02,0.0,0.2,0.1,0.1,True,mix,-0.02136189400089468,0.02328770558533934,0.35899280575539555,-0.3180437466215047,0.15893729853179753,0.21636363636363634,0.6,0.09079302073703054,60,22,0.0,0.14652133766247652,0.32927514525365986,0.75,2.3957724571228027,0.11,0.4166666666666667,0.43200000000000005,0.09575882643895739,0.07323495733198679,0.15,0.14952181702145062,0.09985957302112891,0.024270932736337295
200,200,,,,,,0.1371184801320112,nan,-0.01588413503385279,nan,nan,nan,0.24,nan,200,20,,,,,,0.03667853645768516,nan,-0.000506518309616664,nan,nan,nan,0.205,nan,,,0.1,,,,,,,,,,,0.07941224798979046,nan,0.005086093975699712,nan,nan,nan,0.045,nan,0.09282128783236175,nan,0.004867788621975632,nan,nan,nan,0.1,nan,,,,,,0.05164476061419632,nan,-0.2618255656762701,nan,nan,nan,0.165,nan,,,,,,-0.05624213946103992,nan,-0.00482783775079622,nan,nan,nan,0.06,nan,,,,,,-0.2538458158091774,nan,-0.3038283099512817,nan,nan,nan,0.015,nan,0.2,0.3,0.15322580645161293,False,mix,0.167147370206327,nan,0.47035629453681693,-0.3269907366908491,nan,0.19891472868217053,0.6,nan,60,0,0.0,nan,0.3077423860917366,0.95,2.3567447662353516,0.0,0.4166666666666667,0.33599999999999997,0.12061326989761864,nan,0.22983870967741937,0.267495208686479,nan,
200,200,,,,,,0.10354056533245554,nan,-0.014805316188602652,nan,nan,nan,0.17,nan,200,20,,,,,,0.033961025706275454,nan,-1.2799193126079623e-05,nan,nan,nan,0.18,nan,,,0.1,,,,,,,,,,,0.09124465205540887,nan,0.006287356286256893,nan,nan,nan,0.07,nan,0.09848192458576284,nan,0.00658569472969694,nan,nan,nan,0.09,nan,,,,,,0.0635997644132484,nan,-0.25421967548104674,nan,nan,nan,0.18,nan,,,,,,-0.058927679156122445,nan,-0.005018252163762148,nan,nan,nan,0.055,nan,,,,,,-0.24710047393310433,nan,-0.29702437710248286,nan,nan,nan,0.015,nan,0.2,0.5,0.20212765957446815,False,mix,0.1460641805509763,nan,0.4703370786516852,-0.3730097893568835,nan,0.1589147286821705,0.6,nan,60,0,0.0,nan,0.30035634958359875,0.95,2.401592969894409,0.0,0.4166666666666667,0.24,0.1467738634930717,nan,0.3031914893617022,0.3279972984233854,nan,
200,200,,,,,,-0.012854892435714945,nan,-0.014309063571497973,nan,nan,nan,0.045,nan,200,20,,,,,,0.02205834977093122,nan,0.0003732268918989626,nan,nan,nan,0.09,nan,,,0.1,,,,,,,,,,,0.09142066075723573,nan,0.007078833818691598,nan,nan,nan,0.035,nan,0.08901978177034951,nan,0.007092164142031197,nan,nan,nan,0.07,nan,,,,,,0.05330852502708558,nan,-0.26839887851675504,nan,nan,nan,0.19,nan,,,,,,-0.024257174395855244,nan,-0.0057196074042550945,nan,nan,nan,0.04,nan,,,,,,-0.2739438893964551,nan,-0.31387107238204487,nan,nan,nan,0.015,nan,0.1,nan,1.0,False,noise,0.34161645563145165,nan,0.5652892561983469,-0.5814529479466756,nan,0.03646055437100214,0.7,nan,60,0,0.0,nan,0.3168773806593006,0.95,2.3052573204040527,0.0,0.42857142857142855,0.0,0.004919474225635658,nan,2.333333333333333,-1.7159497740833807,nan,
200,200,,,,,,0.06736431525959974,nan,-0.015137271103780185,nan,nan,nan,0.08,nan,200,20,,,,,,0.0002466905188398952,nan,0.00024327756009800928,nan,nan,nan,0.04,nan,,,0.1,,,,,,,,,,,-0.032240874147844635,nan,0.0071146836257944285,nan,nan,nan,0.08,nan,-0.03532624893102077,nan,0.007019744575393796,nan,nan,nan,0.04,nan,,,,,,-0.310920255156545,nan,-0.2585015268390553,nan,nan,nan,0.08,nan,,,,,,-0.04497387831185457,nan,-0.005136570972711566,nan,nan,nan,0.025,nan,,,,,,-0.3196567634686894,nan,-0.29951359779837633,nan,nan,nan,0.045,nan,0.1,nan,0.0,True,post,-0.6337061789982227,nan,0.011111111111111112,-0.48378041664090543,nan,0.1,0.7,nan,60,0,0.0,nan,0.30123890667642617,0.0,2.3149306774139404,0.0,0.42857142857142855,0.23333333333333336,0.002892141629985778,nan,0.0,0.0036620355731255,nan,
200,200,,,,,,0.014353139154176577,nan,-0.01623258067150527,nan,nan,nan,0.065,nan,200,20,,,,,,-0.031599256993524255,nan,-6.0438424637893675e-05,nan,nan,nan,0.17,nan,,,0.1,,,,,,,,,,,-0.10803913120810124,nan,0.006930124640058227,nan,nan,nan,0.1,nan,-0.12205531737619658,nan,0.0074607966423035025,nan,nan,nan,0.165,nan,,,,,,-0.3746635820326377,nan,-0.2672705581521556,nan,nan,nan,0.05,nan,,,,,,-0.032025675117025865,nan,-0.004594791182111847,nan,nan,nan,0.06,nan,,,,,,-0.339400311223024,nan,-0.3104034821473453,nan,nan,nan,0.05,nan,0.1,nan,0.0,False,err,-0.16146202901423978,nan,0.285,-0.6052822596100613,nan,0.03986013986013987,0.7,nan,60,0,0.95,nan,0.3134845743196631,0.0,2.353910446166992,0.0,0.42857142857142855,0.0,-0.03616551022124208,nan,-1.0,-2.201557210175119,nan,
200,200,,,,,,0.06775962516134575,nan,-0.015229906492322885,nan,nan,nan,0.1,nan,200,20,,,,,,0.025490780129671552,nan,0.0002010546099210762,nan,nan,nan,0.14,nan,,,0.1,,,,,,,,,,,0.05711708471474136,nan,0.007643605162425933,nan,nan,nan,0.04,nan,0.06648712370245927,nan,0.008085564574651254,nan,nan,nan,0.065,nan,,,,,,-0.030247021751203255,nan,-0.27583921173915943,nan,nan,nan,0.11,nan,,,,,,-0.028210256456680002,nan,-0.00475738780927658,nan,nan,nan,0.025,nan,,,,,,-0.29625576801697484,nan,-0.31956401466863593,nan,nan,nan,0.025,nan,0.1,0.1,0.10000000000000003,True,mix,0.13996812865452418,nan,0.45062586926286485,-0.4884639711775087,nan,0.11195121951219512,0.7,nan,60,0,0.0,nan,0.3220759352386635,0.7777777777777777,2.3895273208618164,0.0,0.42857142857142855,0.21000000000000005,0.07984407243999997,nan,0.23333333333333336,0.3761942317268464,nan,
200,200,,,,,,0.05089936468550727,nan,-0.015766449693982727,nan,nan,nan,0.105,nan,200,20,,,,,,0.02239900686322173,nan,-1.2747737912535234e-05,nan,nan,nan,0.125,nan,,,0.1,,,,,,,,,,,0.06395554916191372,nan,0.007535343574219044,nan,nan,nan,0.035,nan,0.0601685138577699,nan,0.006578687967368143,nan,nan,nan,0.07,nan,,,,,,0.005657233619985733,nan,-0.2695288919228919,nan,nan,nan,0.16,nan,,,,,,-0.03256709826823733,nan,-0.005683340467240708,nan,nan,nan,0.07,nan,,,,,,-0.2901597696317378,nan,-0.31318205080691186,nan,nan,nan,0.03,nan,0.1,0.3,0.14856646394439627,False,mix,0.3506676006734816,nan,0.5653147482014387,-0.5043813713970591,nan,0.10646055437100212,0.7,nan,60,0,0.0,nan,0.31661933076651017,0.95,2.3450355529785156,0.0,0.42857142857142855,0.16333333333333333,0.06084215317143726,nan,0.3466550825369245,0.44006456665262594,nan,
200,200,,,,,,0.02559443033857954,nan,-0.014494860372217437,nan,nan,nan,0.055,nan,200,20,,,,,,0.027088078007814494,nan,-0.0004012867029001693,nan,nan,nan,0.085,nan,,,0.1,,,,,,,,,,,0.08585270772717044,nan,0.0052156903104605586,nan,nan,nan,0.04,nan,0.10068207128433702,nan,0.005154985620486087,nan,nan,nan,0.09,nan,,,,,,0.06898799015492277,nan,-0.25903410691703654,nan,nan,nan,0.19,nan,,,,,,-0.007543749061502481,nan,-0.004615426802200187,nan,nan,nan,0.035,nan,,,,,,-0.24283211025516438,nan,-0.3004244611794391,nan,nan,nan,0.015,nan,0.1,0.5,0.19632606199770386,False,mix,0.37388728985647574,nan,0.5653070175438595,-0.515952828164098,nan,0.08646055437100214,0.7,nan,60,0,0.0,nan,0.30221036850072336,0.95,2.377810001373291,0.0,0.42857142857142855,0.11666666666666668,0.030420765624875806,nan,0.4580941446613089,1.0583583087990638,nan,
200,200,,,,,,-0.004675483080818801,nan,-0.01492074739951543,nan,nan,nan,0.075,nan,200,20,,,,,,0.032198056823906765,nan,0.00013507819227644898,nan,nan,nan,0.17,nan,,,0.1,,,,,,,,,,,0.10923578209879768,nan,0.008329436133250295,nan,nan,nan,0.09,nan,0.12416419609266512,nan,0.007798199073900565,nan,nan,nan,0.15,nan,,,,,,0.07589792779215893,nan,-0.2732419338349005,nan,nan,nan,0.22,nan,,,,,,-0.009713850212027069,nan,-0.005330984578394289,nan,nan,nan,0.06,nan,,,,,,-0.26091304575182217,nan,-0.31679215129407334,nan,nan,nan,0.02,nan,0.2,nan,1.0,False,noise,0.31248872257518856,nan,0.5652892561983469,-0.555629175530185,nan,0.03646055437100214,0.7,nan,60,0,0.0,nan,0.3198085072892187,0.95,2.327730655670166,0.0,0.42857142857142855,0.0,-0.009807713104553452,nan,2.333333333333333,-6.886573273251591,nan,
200,200,0.38914973855757634,-0.01890744516717973,0.04119450733985683,0.009950248756218905,9.905621163238038,0.16983283786487477,0.37204669655246997,-0.014524664537812686,-0.016400006173260633,1.0,0.9285714285714286,0.29,0.9285714285714286,200,20,-0.0019646809469804935,-0.0007048132137455762,0.007654446894303043,0.7960199004975125,-0.16459291578703134,0.0019010328064024337,0.007333181183326596,-0.00035766678768258726,-0.0006651543213640049,0.42857142857142855,nan,0.06,0.14285714285714285,0.3383084577114428,0.9542314531150784,0.1,-0.15788446935021688,0.0025438631636137948,0.04169537950120897,0.009950248756218905,-3.847628548514144,-0.17327746421602758,0.0023190692237991493,0.04421455568872814,0.009950248756218905,-3.9714643899638022,-0.07169351597504897,-0.14716385312138988,0.005302764345182425,0.0023283572791137352,0.14285714285714285,0.14285714285714285,0.09,0.14285714285714285,-0.07065073541242409,-0.12107637878471174,0.005671588318268874,0.0034058831869230814,0.14285714285714285,0.14285714285714285,0.065,0.14285714285714285,-0.395340364934374,-0.25500654229373,0.08827262609252634,0.05970149253731343,-1.5897773619191748,-0.3242462665729866,-0.36216489056450873,-0.2704685995284149,-0.23887166338335614,0.14285714285714285,0.0,0.04,0.0,-0.12310251249954068,-0.005642899651758141,0.03377556390094988,0.009950248756218905,-3.477650682273333,-0.07446331023821183,-0.12212295881768986,-0.004583228655010208,-0.0023795785596980455,0.07142857142857142,0.35714285714285715,0.1,0.35714285714285715,-0.3287797943085483,-0.2828413127794121,0.04946312299320424,0.3681592039800995,-0.9287420354456587,-0.3144673086103517,-0.3138556256991727,-0.3101696572864191,-0.2732281914089519,0.5,0.0,0.05,0.0,0.2,nan,0.0,True,post,-0.6421253173396341,-0.539835806719925,0.025,-0.33902917054113296,0.12084782751653722,0.19999999999999998,0.7,0.01932938886240426,60,14,0.0,-4.467070842842021,0.3118094169862378,0.0,2.2789194583892822,0.07,0.42857142857142855,0.46666666666666673,-0.0002896925772649546,-0.005117944337520426,0.0,0.011193552615042358,0.01971037843173644,0.029238588428481403
200,200,,,,,,0.005390512488697592,nan,-0.01505138125974139,nan,nan,nan,0.07,nan,200,20,,,,,,-0.030069366594751217,nan,4.6637308902330865e-06,nan,nan,nan,0.22,nan,,,0.1,,,,,,,,,,,-0.10710946171009836,nan,0.006156920804384454,nan,nan,nan,0.15,nan,-0.11368532318080575,nan,0.0069928527212820175,nan,nan,nan,0.175,nan,,,,,,-0.3581179811386015,nan,-0.26346920295943016,nan,nan,nan,0.055,nan,,,,,,-0.027485765881670145,nan,-0.004722111062043004,nan,nan,nan,0.055,nan,,,,,,-0.3362681541351105,nan,-0.3049396689233606,nan,nan,nan,0.03,nan,0.2,nan,0.0,False,err,-0.14651233082875384,nan,0.285,-0.6361396107665388,nan,0.03986013986013987,0.7,nan,60,0,0.95,nan,0.30734965343714993,0.0,2.395582914352417,0.0,0.42857142857142855,0.0,-0.04982833795108312,nan,-1.0,-5.578201823629633,nan,
200,200,0.3598584820380959,-0.0198443714326683,0.03634286505858659,0.009950248756218905,10.447796365207193,0.144538611606073,0.35253049316293034,-0.014766629975797354,-0.02014796271792833,1.0,0.95,0.275,0.95,200,20,0.025819344621664644,-0.001890812852869444,0.0071127329680269885,0.009950248756218905,3.8958523531250737,0.025229819215889567,0.030474990151297933,-0.00044893110794912963,-0.0016098967777920825,1.0,0.15,0.15,0.15,0.009950248756218905,5.239783235650804,0.1,-0.039245044998952185,-0.0024727691558589053,0.03716360217132138,0.3482587064676617,-0.9894701722558115,0.029969524702704864,-0.00020580512002374042,0.03917314767353482,0.46766169154228854,0.7703064883485123,0.03244172751141397,0.02849565204441114,0.004287836900006831,0.000660754101827338,0.5,0.05,0.035,0.05,0.029139370755985182,-0.00976812815025968,0.004547086855663733,0.0003425527648630804,0.4,0.0,0.085,0.0,0.034500537399003876,-0.2651336434397583,0.06770027457581872,0.009950248756218905,4.425893140193557,-0.008202136227439245,0.013627699889137979,-0.27587616681716537,-0.250794347536326,0.95,0.05,0.135,0.05,-0.1757181630027151,-0.008995002235221707,0.028729318098534986,0.009950248756218905,-5.80324114167513,-0.0733745331846675,-0.16231907342998256,-0.005219825364286278,-0.004498472038102141,0.05,0.0,0.145,0.3,-0.23750474296739016,-0.2921009521630624,0.03899269359053751,0.15920398009950248,1.400165112151194,-0.2778960978359578,-0.2140343585848689,-0.3183318122856871,-0.28774547878052836,0.75,0.0,0.035,0.0,0.2,0.1,0.06354515050167227,False,mix,0.32526980493818913,0.2777321906332516,0.5653653444676408,-0.3311864923076635,0.1556734185485328,0.21646055437100215,0.7,0.07956802573057527,60,20,0.0,1.7840694527220504,0.32046074685852505,0.95,2.374767541885376,0.1,0.42857142857142855,0.4200000000000001,0.07955976806466387,0.0846544583881782,0.14827201783723526,0.1745541826889217,0.08644639468737586,0.019351811492742264
200,200,,,,,,0.1276955123935912,nan,-0.01398909179243364,nan,nan,nan,0.155,nan,200,20,,,,,,0.029960437461038013,nan,0.00044464696441937567,nan,nan,nan,0.11,nan,,,0.1,,,,,,,,,,,0.04924915698743293,nan,0.008484748101414166,nan,nan,nan,0.025,nan,0.053686215903803396,nan,0.00837760122212911,nan,nan,nan,0.045,nan,,,,,,0.028619619210295492,nan,-0.2723585977898061,nan,nan,nan,0.155,nan,,,,,,-0.07049702917915995,nan,-0.005887730888646314,nan,nan,nan,0.09,nan,,,,,,-0.2584226968035954,nan,-0.3191449791698481,nan,nan,nan,0.005,nan,0.2,0.3,0.08024401689347732,False,mix,0.3459714005500405,nan,0.5653451676528598,-0.31304901900970566,nan,0.17646055437100205,0.7,nan,60,0,0.0,nan,0.3206130280702191,0.95,2.361196994781494,0.0,0.42857142857142855,0.32666666666666666,0.13515815018506283,nan,0.1872360394181137,0.23462404355050515,nan,
200,200,,,,,,0.08734344591874851,nan,-0.01285367296553857,nan,nan,nan,0.115,nan,200,20,,,,,,0.025809403799462026,nan,0.00031726027023936873,nan,nan,nan,0.125,nan,,,0.1,,,,,,,,,,,0.078019177149829,nan,0.006504083470796175,nan,nan,nan,0.045,nan,0.07225318863233075,nan,0.006690293835578121,nan,nan,nan,0.09,nan,,,,,,0.034112009797560176,nan,-0.26251160673306784,nan,nan,nan,0.13,nan,,,,,,-0.05744258314771577,nan,-0.004903117332048961,nan,nan,nan,0.07,nan,,,,,,-0.2598451040597859,nan,-0.3045471189618046,nan,nan,nan,0.005,nan,0.2,0.5,0.10884786760025465,False,mix,0.3475367909507226,nan,0.5653271028037381,-0.3854348086879935,nan,0.13646055437100216,0.7,nan,60,0,0.0,nan,0.3073872719899127,0.95,2.410708427429199,0.0,0.42857142857142855,0.23333333333333336,0.06785564549725258,nan,0.25397835773392746,0.29549330837566556,nan,
200,200,,,,,,-0.016584348696269516,nan,-0.014317742910791903,nan,nan,nan,0.065,nan,200,20,,,,,,0.01440506723940365,nan,-0.0002171291024555628,nan,nan,nan,0.08,nan,,,0.1,,,,,,,,,,,0.0700351714717938,nan,0.005286252284668149,nan,nan,nan,0.02,nan,0.06854836314388174,nan,0.005581297888728636,nan,nan,nan,0.075,nan,,,,,,0.03078038631969502,nan,-0.2666963528167152,nan,nan,nan,0.135,nan,,,,,,-0.01259299836922775,nan,-0.005294219625187475,nan,nan,nan,0.08,nan,,,,,,-0.2692109005743833,nan,-0.30928948876803214,nan,nan,nan,0.06,nan,0.1,nan,1.0,False,noise,0.4970257057462541,nan,0.6602836879432623,-0.6219338880661215,nan,0.01979166666666666,0.8,nan,60,0,0.0,nan,0.3099701556863091,0.95,2.3799030780792236,0.0,0.4375,0.0,-0.02842028522182534,nan,4.000000000000001,-0.868594088512136,nan,
200,200,,,,,,0.07674963977575937,nan,-0.015517195259320448,nan,nan,nan,0.115,nan,200,20,,,,,,0.001994897384344327,nan,-0.000113706971005062,nan,nan,nan,0.06,nan,,,0.1,,,,,,,,,,,-0.045085361770304824,nan,0.006202907094017328,nan,nan,nan,0.045,nan,-0.034450983335739524,nan,0.006000285491660096,nan,nan,nan,0.075,nan,,,,,,-0.3205085264376073,nan,-0.2761245517617026,nan,nan,nan,0.03,nan,,,,,,-0.03566122279985426,nan,-0.00543276813146012,nan,nan,nan,0.07,nan,,,,,,-0.32580436224741327,nan,-0.3180335054511604,nan,nan,nan,0.04,nan,0.1,nan,0.0,True,post,-0.6849045960980257,nan,0.011111111111111117,-0.5171236723467685,nan,0.10000000000000003,0.8,nan,60,0,0.0,nan,0.320291489964483,0.0,2.3714187145233154,0.0,0.4375,0.2285714285714286,-0.005167858389384317,nan,0.0,0.02599227032430185,nan,
200,200,,,,,,-0.008036258520803197,nan,-0.014998842232681853,nan,nan,nan,0.04,nan,200,20,,,,,,-0.01767286702379017,nan,-0.00044376669735316144,nan,nan,nan,0.105,nan,,,0.1,,,,,,,,,,,-0.06294426457751397,nan,0.005191914495964456,nan,nan,nan,0.08,nan,-0.06534747704680216,nan,0.0048869644513261845,nan,nan,nan,0.125,nan,,,,,,-0.3301464842612903,nan,-0.2662645224987525,nan,nan,nan,0.06,nan,,,,,,-0.013271063879007068,nan,-0.005354390909261352,nan,nan,nan,0.065,nan,,,,,,-0.32347518381395945,nan,-0.3078477589702687,nan,nan,nan,0.045,nan,0.1,nan,0.0,False,err,-0.3487223108792449,nan,0.18999999999999995,-0.6442966238126161,nan,0.023456790123456788,0.8,nan,60,0,0.95,nan,0.3105533558894332,0.0,2.3585147857666016,0.0,0.4375,0.0,0.017388023296844177,nan,-1.0,2.199141177208399,nan,
200,200,,,,,,0.07942258877962806,nan,-0.012994741323141754,nan,nan,nan,0.125,nan,200,20,,,,,,0.017758073219199685,nan,-0.0001772494942589486,nan,nan,nan,0.075,nan,,,0.1,,,,,,,,,,,0.034636079885891416,nan,0.005768970131716335,nan,nan,nan,0.005,nan,0.034374676029685504,nan,0.005473068743291412,nan,nan,nan,0.05,nan,,,,,,0.006871233008887067,nan,-0.2724543520312117,nan,nan,nan,0.1,nan,,,,,,-0.05103307943327096,nan,-0.0050003631400028494,nan,nan,nan,0.065,nan,,,,,,-0.2719401708053685,nan,-0.31516957378216404,nan,nan,nan,0.005,nan,0.1,0.1,0.050131926121371996,False,mix,0.5320607932204122,nan,0.6603159557661926,-0.43316048286239456,nan,0.10979166666666669,0.8,nan,60,0,0.0,nan,0.31574790891304316,0.95,2.369405508041382,0.0,0.4375,0.20571428571428574,0.07878405712333264,nan,0.20052770448548804,0.2235897052974763,nan,
200,200,,,,,,0.04833997018878817,nan,-0.015118043815157727,nan,nan,nan,0.11,nan,200,20,,,,,,0.01679512278618906,nan,-0.0002721859700034274,nan,nan,nan,0.06,nan,,,0.1,,,,,,,,,,,0.043669632762355824,nan,0.00545432509500661,nan,nan,nan,0.02,nan,0.043396881147736724,nan,0.0055509519939551015,nan,nan,nan,0.05,nan,,,,,,-0.00477546110041385,nan,-0.2644100751185087,nan,nan,nan,0.09,nan,,,,,,-0.02720836903095436,nan,-0.004350424691414813,nan,nan,nan,0.06,nan,,,,,,-0.2743162748770312,nan,-0.30325986296855156,nan,nan,nan,0.005,nan,0.1,0.3,0.06354515050167223,False,mix,0.5051252907205479,nan,0.6603081664098612,-0.5100087715045721,nan,0.08979166666666664,0.8,nan,60,0,0.0,nan,0.30252974813896516,0.95,2.364447832107544,0.0,0.4375,0.15999999999999998,0.039050357458990034,nan,0.25418060200668896,0.34743759089211174,nan,
200,200,,,,,,0.02320991863810743,nan,-0.015177477689112293,nan,nan,nan,0.02,nan,200,20,,,,,,0.015711372075604434,nan,9.673455979770301e-06,nan,nan,nan,0.045,nan,,,0.1,,,,,,,,,,,0.0493872515088411,nan,0.00811182378857549,nan,nan,nan,0.01,nan,0.052338750319114696,nan,0.007507807263253511,nan,nan,nan,0.065,nan,,,,,,0.016134594402722212,nan,-0.2745397791932274,nan,nan,nan,0.12,nan,,,,,,-0.027220911794198256,nan,-0.005309942176421707,nan,nan,nan,0.035,nan,,,,,,-0.27309503427870907,nan,-0.31912549934108647,nan,nan,nan,0.015,nan,0.1,0.5,0.08675799086757986,False,mix,0.5436514172335151,nan,0.6603007518796992,-0.5241400442369019,nan,0.06979166666666667,0.8,nan,60,0,0.0,nan,0.32279109453812155,0.95,2.3707315921783447,0.0,0.4375,0.1142857142857143,0.029739085169327776,nan,0.3470319634703195,0.6769249095862216,nan,
200,200,,,,,,-0.007889667474882345,nan,-0.01632414372841978,nan,nan,nan,0.035,nan,200,20,,,,,,0.01644677671060169,nan,0.0003543470255675674,nan,nan,nan,0.065,nan,,,0.1,,,,,,,,,,,0.07058410400181263,nan,0.007641453473357054,nan,nan,nan,0.03,nan,0.07519147753009231,nan,0.007813071297986939,nan,nan,nan,0.065,nan,,,,,,0.04685791325974754,nan,-0.26182003566948936,nan,nan,nan,0.125,nan,,,,,,-0.015284496466880838,nan,-0.004456390303933712,nan,nan,nan,0.06,nan,,,,,,-0.24825790605782402,nan,-0.3033396538422764,nan,nan,nan,0.005,nan,0.2,nan,1.0,False,noise,0.5078362806353202,nan,0.6602836879432623,-0.5756523568377713,nan,0.01979166666666666,0.8,nan,60,0,0.0,nan,0.3050326990054242,0.95,2.3715157508850098,0.0,0.4375,0.0,0.018599726907380786,nan,4.000000000000001,-2.084596944416463,nan,
200,200,,,,,,0.15364974393183403,nan,-0.01349624986904596,nan,nan,nan,0.245,nan,200,20,,,,,,0.0021155442506722525,nan,5.297680104704526e-05,nan,nan,nan,0.065,nan,,,0.1,,,,,,,,,,,-0.08407088076406553,nan,0.007393083784728426,nan,nan,nan,0.13,nan,-0.06768943682938419,nan,0.006994499859388182,nan,nan,nan,0.105,nan,,,,,,-0.3522304733660912,nan,-0.2819538730803774,nan,nan,nan,0.065,nan,,,,,,-0.0709769348674094,nan,-0.005674251544658006,nan,nan,nan,0.105,nan,,,,,,-0.3445738692384147,nan,-0.325980892834124,nan,nan,nan,0.045,nan,0.2,nan,0.0,True,post,-0.58173211721068,nan,0.025000000000000012,-0.33468853449572583,nan,0.20000000000000004,0.8,nan,60,0,0.0,nan,0.32812172557372676,0.0,2.365999460220337,0.0,0.4375,0.4571428571428572,-0.018638656494217778,nan,0.0,0.013768615531248809,nan,
200,200,,,,,,0.006548617980159372,nan,-0.01613920295286219,nan,nan,nan,0.035,nan,200,20,,,,,,-0.016131710588008743,nan,2.184283357715936e-05,nan,nan,nan,0.07,nan,,,0.1,,,,,,,,,,,-0.07049094626963762,nan,0.006633565556831747,nan,nan,nan,0.05,nan,-0.06749017979896182,nan,0.0064710826392657995,nan,nan,nan,0.085,nan,,,,,,-0.3465167571164854,nan,-0.2574857060985526,nan,nan,nan,0.04,nan,,,,,,-0.012441556172872681,nan,-0.004842669995371531,nan,nan,nan,0.03,nan,,,,,,-0.32107300615852635,nan,-0.2982885887891677,nan,nan,nan,0.045,nan,0.2,nan,0.0,False,err,-0.3685125896348054,nan,0.18999999999999995,-0.6210983316755783,nan,0.023456790123456788,0.8,nan,60,0,0.95,nan,0.30086435532795947,0.0,2.3850409984588623,0.0,0.4375,0.0,0.002878231540191397,nan,-1.0,-2.4633763393869788,nan,
200,200,0.3601182933440227,-0.014658713066070863,0.03980471472747206,0.009950248756218905,9.415392346525673,0.15004659085041666,0.35934304282879664,-0.01455582669941332,-0.015357601278454697,1.0,0.9444444444444444,0.255,0.9444444444444444,200,20,0.02009724254329827,0.00049665444866803,0.008905705987877315,0.03980099502487562,2.2009022214645513,0.01886826744786998,0.02552340418001341,0.00034434762220253776,0.0008468155856037802,0.9444444444444444,0.05555555555555555,0.04,0.05555555555555555,0.009950248756218905,3.189195246133961,0.1,-0.02388843702547775,0.006304602680717957,0.040575825811080574,0.42786069651741293,-0.7441139915680135,-0.04729603724931926,0.005489276904960084,0.03925723094577033,0.1791044776119403,-1.344601055175084,0.0054792074544729565,-0.05496155816277453,0.007763016370787547,0.008101085681440441,0.2222222222222222,0.0,0.005,0.0,0.00477375973490967,-0.04886981973941698,0.008011256941001852,0.0086167749399924,0.2222222222222222,0.0,0.02,0.05555555555555555,-0.08048106884175249,-0.2751624548606979,0.0688868653950007,0.009950248756218905,2.8261031315593557,-0.01762271810677346,-0.08695974943747503,-0.2663166968540932,-0.2577838791382678,1.0,0.0,0.075,0.0,-0.14465197347058795,-0.014686160506227224,0.027904432153748538,0.009950248756218905,-4.657532976969906,-0.0777572516558633,-0.14696341999581042,-0.004374879327602314,-0.010029816658533674,0.0,0.0,0.09,0.2222222222222222,-0.25910414232524503,-0.3100210086789339,0.04027573529507632,0.19900497512437812,1.2642069965796308,-0.2652335586232619,-0.2564086381801003,-0.3104496786608552,-0.3043093526539684,0.6666666666666666,0.05555555555555555,0.02,0.05555555555555555,0.2,0.1,0.0257104194857916,False,mix,0.510083055230444,0.5000790820029122,0.660356506238859,-0.31301537617251907,0.1518943287190576,0.19979166666666665,0.8,0.066317561269323,60,18,0.0,3.2922827746113814,0.31106379036715526,0.95,2.3727169036865234,0.09,0.4375,0.4114285714285715,0.061256875275066465,0.079531265618367,0.10284167794316643,0.12574939117863726,0.07102796252597449,0.017169879829183703
200,200,,,,,,0.1173697171869865,nan,-0.014097295784555175,nan,nan,nan,0.155,nan,200,20,,,,,,0.017616997301097496,nan,-6.387631785077918e-05,nan,nan,nan,0.045,nan,,,0.1,,,,,,,,,,,0.01332040414738841,nan,0.0069740925380457515,nan,nan,nan,0.0,nan,0.019161305093625756,nan,0.007028272387506069,nan,nan,nan,0.02,nan,,,,,,-0.023678287106773298,nan,-0.27021529205332545,nan,nan,nan,0.075,nan,,,,,,-0.05465071576501487,nan,-0.004568097432920998,nan,nan,nan,0.07,nan,,,,,,-0.27305731231411323,nan,-0.31317935832628974,nan,nan,nan,0.005,nan,0.2,0.3,0.03281519861830741,False,mix,0.5211779956171456,nan,0.6603372681281617,-0.35555587703746794,nan,0.15979166666666667,0.8,nan,60,0,0.0,nan,0.3159198071788342,0.95,2.3720312118530273,0.0,0.4375,0.31999999999999995,0.0494399235936847,nan,0.13126079447322966,0.1500983194245168,nan,
200,200,,,,,,0.0522249228124306,nan,-0.014572482340204107,nan,nan,nan,0.135,nan,200,20,,,,,,0.01672137369224072,nan,0.0002174788670090524,nan,nan,nan,0.05,nan,,,0.1,,,,,,,,,,,0.04466274390351293,nan,0.00676444422781009,nan,nan,nan,0.015,nan,0.044509961547271215,nan,0.007337281017007513,nan,nan,nan,0.035,nan,,,,,,0.009877518829872377,nan,-0.2724553804521573,nan,nan,nan,0.095,nan,,,,,,-0.03748672898557888,nan,-0.005345758960585695,nan,nan,nan,0.07,nan,,,,,,-0.27916399522315305,nan,-0.31610580651519476,nan,nan,nan,0.015,nan,0.2,0.5,0.04534606205250593,False,mix,0.51175499401156,nan,0.6603199999999999,-0.5107586830848061,nan,0.1197916666666667,0.8,nan,60,0,0.0,nan,0.3193968573401773,0.95,2.367732048034668,0.0,0.4375,0.2285714285714286,0.03625063221079303,nan,0.18138424821002377,0.32017995990720144,nan,
200,200,,,,,,-0.012351567909024872,nan,-0.015095443030551712,nan,nan,nan,0.065,nan,200,20,,,,,,0.009755401933034995,nan,0.00016587980465437768,nan,nan,nan,0.055,nan,,,0.1,,,,,,,,,,,0.03484218571135953,nan,0.007486445118335189,nan,nan,nan,0.015,nan,0.04541353509963878,nan,0.007920337549023987,nan,nan,nan,0.055,nan,,,,,,0.006172945558996489,nan,-0.27573028691038637,nan,nan,nan,0.115,nan,,,,,,-0.0004879908756116733,nan,-0.004536332057004904,nan,nan,nan,0.035,nan,,,,,,-0.2820515214377537,nan,-0.3198922308452293,nan,nan,nan,0.005,nan,0.1,nan,1.0,False,noise,0.681170588175859,nan,0.75527950310559,-0.6167990391978907,nan,0.007279693486590036,0.9,nan,60,0,0.0,nan,0.32218076100380527,0.95,2.3655455112457275,0.0,0.4444444444444444,0.0,0.0072729859561905235,nan,9.000000000000002,-0.7898108163180687,nan,
200,200,,,,,,0.07350854623003215,nan,-0.015398866387964807,nan,nan,nan,0.12,nan,200,20,,,,,,0.0010849601668308452,nan,0.0001478183658878112,nan,nan,nan,0.095,nan,,,0.1,,,,,,,,,,,-0.03330675380411305,nan,0.007222908617817745,nan,nan,nan,0.07,nan,-0.032338335690740065,nan,0.007358048703085338,nan,nan,nan,0.065,nan,,,,,,-0.26262543638815783,nan,-0.2655190629826383,nan,nan,nan,0.06,nan,,,,,,-0.04955625624211523,nan,-0.004160166106389449,nan,nan,nan,0.06,nan,,,,,,-0.3021127643291451,nan,-0.3087542568794149,nan,nan,nan,0.045,nan,0.1,nan,0.0,True,post,-0.6420034386828681,nan,0.011111111111111113,-0.5156738608793185,nan,0.1,0.9,nan,60,0,0.0,nan,0.30929501536745724,0.0,2.3671927452087402,0.0,0.4444444444444444,0.22500000000000003,-0.004805445937387627,nan,0.0,0.014759646632592242,nan,
200,200,,,,,,-0.006809147038657752,nan,-0.013098032238513682,nan,nan,nan,0.05,nan,200,20,,,,,,-0.008737297796912173,nan,-3.714107674330461e-05,nan,nan,nan,0.06,nan,,,0.1,,,,,,,,,,,-0.0314652586378725,nan,0.00562642808071631,nan,nan,nan,0.05,nan,-0.02670519828153159,nan,0.005602377664938518,nan,nan,nan,0.045,nan,,,,,,-0.26626557866880757,nan,-0.27278713400726917,nan,nan,nan,0.04,nan,,,,,,-0.016173386046117545,nan,-0.005408735182357079,nan,nan,nan,0.04,nan,,,,,,-0.3019716306907925,nan,-0.3146954172286716,nan,nan,nan,0.025,nan,0.1,nan,0.0,False,err,-0.4871967178810454,nan,0.09499999999999995,-0.6672069694847902,nan,0.010497237569060769,0.9,nan,60,0,0.95,nan,0.31746616994759796,0.0,2.3233845233917236,0.0,0.4444444444444444,0.0,-0.013763231406995136,nan,-1.0,1.2831706742867615,nan,
200,200,,,,,,0.06465772645824513,nan,-0.015156430874127267,nan,nan,nan,0.095,nan,200,20,,,,,,0.012004877491886444,nan,-0.0002970265899853736,nan,nan,nan,0.045,nan,,,0.1,,,,,,,,,,,0.009496826912221845,nan,0.006373088748525026,nan,nan,nan,0.005,nan,0.012303309247460748,nan,0.005286178326051807,nan,nan,nan,0.03,nan,,,,,,-0.013820515659902619,nan,-0.26365465336372806,nan,nan,nan,0.075,nan,,,,,,-0.03358669029325905,nan,-0.005645187052330803,nan,nan,nan,0.05,nan,,,,,,-0.26435035454426753,nan,-0.30662328575318126,nan,nan,nan,0.015,nan,0.1,0.1,0.01159243441122635,False,mix,0.6803154449728391,nan,0.7553107734806628,-0.49122335185367044,nan,0.09727969348659006,0.9,nan,60,0,0.0,nan,0.3091932455369983,0.95,2.320230007171631,0.0,0.4444444444444444,0.20250000000000004,0.05491702757141562,nan,0.10433190970103719,0.18566810417683013,nan,
200,200,,,,,,0.057122624932064985,nan,-0.014907202727909795,nan,nan,nan,0.07,nan,200,20,,,,,,0.01015820214986022,nan,-4.2537293289895973e-05,nan,nan,nan,0.045,nan,,,0.1,,,,,,,,,,,0.011809306153694122,nan,0.005338069112754514,nan,nan,nan,0.005,nan,0.012465671035510786,nan,0.005861547423395506,nan,nan,nan,0.025,nan,,,,,,-0.014985792297165764,nan,-0.26686737113585723,nan,nan,nan,0.085,nan,,,,,,-0.03781137076556826,nan,-0.005092171566455167,nan,nan,nan,0.095,nan,,,,,,-0.2757594197206353,nan,-0.31068969284706593,nan,nan,nan,0.02,nan,0.1,0.3,0.01485535574667709,False,mix,0.691290342438584,nan,0.7553032345013475,-0.4974250869960045,nan,0.07727969348659001,0.9,nan,60,0,0.0,nan,0.314359199948133,0.95,2.318774938583374,0.0,0.4444444444444444,0.1575,0.01525987983789338,nan,0.13369820172009383,0.1778315012999001,nan,
200,200,,,,,,0.013092887463851923,nan,-0.016634779230115436,nan,nan,nan,0.065,nan,200,20,,,,,,0.01084659456576459,nan,0.00012851926070189953,nan,nan,nan,0.05,nan,,,0.1,,,,,,,,,,,0.03164377948597428,nan,0.007480750360994214,nan,nan,nan,0.005,nan,0.04367227172146808,nan,0.00773020902638831,nan,nan,nan,0.05,nan,,,,,,0.012330491207811848,nan,-0.25855270550819437,nan,nan,nan,0.1,nan,,,,,,-0.008008231651678587,nan,-0.003853964532722891,nan,nan,nan,0.055,nan,,,,,,-0.25089999628363036,nan,-0.2995774933835901,nan,nan,nan,0.025,nan,0.1,0.5,0.020674646354733404,False,mix,0.6869173882073543,nan,0.7552960526315787,-0.5598723977087079,nan,0.05727969348659003,0.9,nan,60,0,0.0,nan,0.30206828010755016,0.95,2.3389954566955566,0.0,0.4444444444444444,0.11250000000000002,-0.01097588853375051,nan,0.18607181719260069,0.8284341094132895,nan,
200,200,,,,,,-0.04089816408919133,nan,-0.01340563967575155,nan,nan,nan,0.08,nan,200,20,,,,,,0.009406171201218764,nan,1.8491346061857426e-05,nan,nan,nan,0.045,nan,,,0.1,,,,,,,,,,,0.04693551804134637,nan,0.0061764454698420455,nan,nan,nan,0.015,nan,0.049841823744609944,nan,0.006648940916647912,nan,nan,nan,0.05,nan,,,,,,0.015807503671046653,nan,-0.2811608912899162,nan,nan,nan,0.1,nan,,,,,,0.003943397319340951,nan,-0.004958668969974591,nan,nan,nan,0.085,nan,,,,,,-0.2901854168755483,nan,-0.324862799553017,nan,nan,nan,0.005,nan,0.2,nan,1.0,False,noise,0.6885740307030769,nan,0.75527950310559,-0.6890110858737518,nan,0.007279693486590036,0.9,nan,60,0,0.0,nan,0.32598955483984154,0.95,2.3498547077178955,0.0,0.4444444444444444,0.0,-0.022859267594842407,nan,9.000000000000002,-0.22999005971773315,nan,
200,200,,,,,,0.1658184567074195,nan,-0.014108955088239915,nan,nan,nan,0.26,nan,200,20,,,,,,0.00018881087204359256,nan,0.00028182697310247837,nan,nan,nan,0.08,nan,,,0.1,,,,,,,,,,,-0.07671840918330682,nan,0.008340918317921454,nan,nan,nan,0.12,nan,-0.07273748099540202,nan,0.008013642710370939,nan,nan,nan,0.1,nan,,,,,,-0.34430670288303467,nan,-0.2756236230207205,nan,nan,nan,0.06,nan,,,,,,-0.07957744247321878,nan,-0.004923473391057253,nan,nan,nan,0.1,nan,,,,,,-0.3301999062736104,nan,-0.31945254110497595,nan,nan,nan,0.03,nan,0.2,nan,0.0,True,post,-0.6902065523261917,nan,0.024999999999999998,-0.35754242080473925,nan,0.19999999999999998,0.9,nan,60,0,0.0,nan,0.3218786300150866,0.0,2.344104528427124,0.0,0.4444444444444444,0.45000000000000007,-0.0002844286779727598,nan,0.0,0.0011386601696380659,nan,
200,200,,,,,,-0.0094830823652268,nan,-0.014022999947976069,nan,nan,nan,0.055,nan,200,20,,,,,,-0.009235050038535617,nan,-4.08410695471654e-05,nan,nan,nan,0.04,nan,,,0.1,,,,,,,,,,,-0.030759221801321273,nan,0.006177772095241891,nan,nan,nan,0.045,nan,-0.03329177803093181,nan,0.006010390155374134,nan,nan,nan,0.05,nan,,,,,,-0.2827404264458671,nan,-0.26639774327369453,nan,nan,nan,0.05,nan,,,,,,-0.011480017890437842,nan,-0.0046989949215986895,nan,nan,nan,0.055,nan,,,,,,-0.30174186980595863,nan,-0.30896891618392774,nan,nan,nan,0.05,nan,0.2,nan,0.0,False,err,-0.5086626417571355,nan,0.09499999999999995,-0.6730872887564658,nan,0.010497237569060769,0.9,nan,60,0,0.95,nan,0.31259284707374013,0.0,2.3773820400238037,0.0,0.4444444444444444,0.0,-0.01938699431560619,nan,-1.0,0.9738447566794648,nan,
200,200,,,,,,0.1371919303659269,nan,-0.014973583721885555,nan,nan,nan,0.255,nan,200,20,,,,,,0.01159553460420224,nan,6.739872846684965e-05,nan,nan,nan,0.035,nan,,,0.1,,,,,,,,,,,-0.02174977129358261,nan,0.007201278618944093,nan,nan,nan,0.01,nan,-0.019358458872554985,nan,0.006794047977679094,nan,nan,nan,0.04,nan,,,,,,-0.05914446243525033,nan,-0.27591989133672334,nan,nan,nan,0.03,nan,,,,,,-0.06314712636173392,nan,-0.005878739003349727,nan,nan,nan,0.095,nan,,,,,,-0.2819718161972492,nan,-0.3212354427359979,nan,nan,nan,0.015,nan,0.2,0.1,0.0058300092052776895,False,mix,0.6883829924429363,nan,0.7553499222395021,-0.3203685679654636,nan,0.1872796934865901,0.9,nan,60,0,0.0,nan,0.3246826139493386,0.95,2.3605587482452393,0.0,0.4444444444444444,0.4050000000000001,0.020267600358311787,nan,0.05247008284749922,0.08452052954772125,nan,
200,200,,,,,,0.11561734751801747,nan,-0.016332186917703932,nan,nan,nan,0.16,nan,200,20,,,,,,0.007895599050912748,nan,-0.0001763184868354431,nan,nan,nan,0.035,nan,,,0.1,,,,,,,,,,,-0.00840845726627743,nan,0.006507212535055961,nan,nan,nan,0.0,nan,-0.011318959815192303,nan,0.005977954011584777,nan,nan,nan,0.025,nan,,,,,,-0.033592415639571924,nan,-0.2603095239055826,nan,nan,nan,0.06,nan,,,,,,-0.05424976992301602,nan,-0.005530420555442444,nan,nan,nan,0.065,nan,,,,,,-0.2698917398998285,nan,-0.30208163040105784,nan,nan,nan,0.005,nan,0.2,0.3,0.007483261126427726,False,mix,0.6944493512571424,nan,0.7553313696612663,-0.39801387736907606,nan,0.14727969348659004,0.9,nan,60,0,0.0,nan,0.30520423648075357,0.95,2.357396125793457,0.0,0.4444444444444444,0.315,0.0008778679270213697,nan,0.06734935013784955,0.0682907817936432,nan,
200,200,,,,,,0.07401879025317035,nan,-0.014777595959697328,nan,nan,nan,0.13,nan,200,20,,,,,,0.009915331856351234,nan,-5.120006498855745e-05,nan,nan,nan,0.065,nan,,,0.1,,,,,,,,,,,0.006376475894656299,nan,0.005700407961466785,nan,nan,nan,0.005,nan,0.011500317415287412,nan,0.005677617467324052,nan,nan,nan,0.045,nan,,,,,,-0.021914017249112395,nan,-0.26248358103285363,nan,nan,nan,0.065,nan,,,,,,-0.03393191556707448,nan,-0.005432968780205496,nan,nan,nan,0.12,nan,,,,,,-0.2656674081753814,nan,-0.3040577719911309,nan,nan,nan,0.03,nan,0.2,0.5,0.010445299615173168,False,mix,0.6765879234785933,nan,0.755314685314685,-0.4702452804850463,nan,0.10727969348659004,0.9,nan,60,0,0.0,nan,0.3051936426361316,0.95,2.3505499362945557,0.0,0.4444444444444444,0.22500000000000003,0.013672235652471935,nan,0.09400769653655854,0.13395695636793448,nan,
200,200,,,,,,0.049064674729630775,nan,-0.011170382444100766,nan,nan,nan,0.075,nan,200,20,,,,,,0.06772024143149526,nan,-0.0003115019728923973,nan,nan,nan,0.26,nan,,,0.3,,,,,,,,,,,0.10980859608896826,nan,0.010786200936917989,nan,nan,nan,0.115,nan,0.10640403466410174,nan,0.010704020845065233,nan,nan,nan,0.125,nan,,,,,,-0.1715405928517905,nan,-0.47177638232463975,nan,nan,nan,0.23,nan,,,,,,-0.08408787013317319,nan,-0.009431197512582888,nan,nan,nan,0.08,nan,,,,,,-0.49650259825018567,nan,-0.5400184742670339,nan,nan,nan,0.03,nan,0.1,nan,1.0,True,noise,-0.3985589879843663,nan,0.057142857142857176,-0.34298428731648206,nan,0.10000000000000005,0.5,nan,60,0,0.0,nan,0.5440421544126923,0.5,2.3538146018981934,0.0,0.19999999999999996,0.0,0.34806612742277104,nan,1.0,1.3802239962797134,nan,
200,200,,,,,,0.08849695235905315,nan,-0.010801336356814156,nan,nan,nan,0.175,nan,200,20,,,,,,-0.0031769227343663655,nan,-0.00029586321370412574,nan,nan,nan,0.075,nan,,,0.3,,,,,,,,,,,-0.08301246198167414,nan,0.009555158562830951,nan,nan,nan,0.12,nan,-0.08123846399854326,nan,0.009473778705696071,nan,nan,nan,0.11,nan,,,,,,-0.52264622426796,nan,-0.4625943368302831,nan,nan,nan,0.04,nan,,,,,,-0.10121176216969438,nan,-0.009083237055751255,nan,nan,nan,0.12,nan,,,,,,-0.5467673980124209,nan,-0.5288708038973925,nan,nan,nan,0.06,nan,0.1,nan,0.0,True,post,-0.4433155558233952,nan,0.03333333333333333,-0.33564271670316354,nan,0.09999999999999996,0.5,nan,60,0,0.0,nan,0.5338001570432395,0.0,2.3589529991149902,0.0,0.19999999999999996,0.5000000000000001,-0.01741880901822173,nan,0.0,-0.035898668255566986,nan,
200,200,,,,,,0.080228402416465,nan,-0.010839373035712264,nan,nan,nan,0.12,nan,200,20,,,,,,-0.0959621116260333,nan,-0.0002276789451862959,nan,nan,nan,0.54,nan,,,0.3,,,,,,,,,,,-0.26456989288196936,nan,0.00955129045139778,nan,nan,nan,0.5,nan,-0.2803955202605,nan,0.009752181430787083,nan,nan,nan,0.55,nan,,,,,,-0.6204321995463287,nan,-0.45846218805024963,nan,nan,nan,0.08,nan,,,,,,-0.1324369484115456,nan,-0.007842400810678126,nan,nan,nan,0.205,nan,,,,,,-0.556997691268061,nan,-0.5251177730292385,nan,nan,nan,0.02,nan,0.1,nan,0.0,True,err,0.07143927203255274,nan,0.3333333333333333,-0.27417687242323685,nan,0.15000000000000002,0.5,nan,60,0,0.6666666666666666,nan,0.5290517624038482,0.0,2.346590757369995,0.0,0.19999999999999996,0.0,-0.5966685635329312,nan,-1.0,-1.1961114609748145,nan,
200,200,,,,,,0.07364924965467283,nan,-0.0125268995006006,nan,nan,nan,0.12,nan,200,20,,,,,,0.002701861046708147,nan,-9.429586790908186e-05,nan,nan,nan,0.065,nan,,,0.3,,,,,,,,,,,-0.06279081705898636,nan,0.012964906762745948,nan,nan,nan,0.07,nan,-0.06256675689895605,nan,0.012950625771808626,nan,nan,nan,0.045,nan,,,,,,-0.5074968064151955,nan,-0.47755214146933794,nan,nan,nan,0.04,nan,,,,,,-0.08745650560264111,nan,-0.008355634359187514,nan,nan,nan,0.09,nan,,,,,,-0.5514672548929501,nan,-0.5467814726621995,nan,nan,nan,0.025,nan,0.1,0.1,0.09999999999999999,True,mix,-0.447929680584732,nan,0.033716475095785445,-0.35807872356952514,nan,0.10034482758620689,0.5,nan,60,0,0.0,nan,0.5501979287109576,0.06666666666666667,2.3541970252990723,0.0,0.19999999999999996,0.4500000000000002,0.049022936222622056,nan,0.09999999999999999,0.03668552034646183,nan,
200,200,,,,,,0.06817895060803744,nan,-0.011502898209830864,nan,nan,nan,0.11,nan,200,20,,,,,,0.03520427639693768,nan,-0.0002343319919453618,nan,nan,nan,0.07,nan,,,0.3,,,,,,,,,,,0.00982012985473829,nan,0.01068265033245914,nan,nan,nan,0.045,nan,0.018982832421322347,nan,0.010838616603305415,nan,nan,nan,0.045,nan,,,,,,-0.4010068997771745,nan,-0.47528429895214486,nan,nan,nan,0.07,nan,,,,,,-0.06707462153798703,nan,-0.009175884793831305,nan,nan,nan,0.095,nan,,,,,,-0.53718414384892,nan,-0.5442999847662897,nan,nan,nan,0.015,nan,0.1,0.3,0.3,True,mix,-0.479904614827221,nan,0.03703703703703703,-0.35217633733867915,nan,0.1033333333333333,0.5,nan,60,0,0.0,nan,0.5481851262244166,0.19999999999999996,2.3565316200256348,0.0,0.19999999999999996,0.35000000000000003,0.16746713366039043,nan,0.3,0.5163511037200906,nan,
200,200,,,,,,0.07751623301722384,nan,-0.011393883521889837,nan,nan,nan,0.12,nan,200,20,,,,,,0.04078477846346901,nan,-0.00030864053002069243,nan,nan,nan,0.15,nan,,,0.3,,,,,,,,,,,0.022101991588737116,nan,0.00959351582700675,nan,nan,nan,0.04,nan,0.022531822436463313,nan,0.01045069358528982,nan,nan,nan,0.035,nan,,,,,,-0.3342957894743421,nan,-0.4655159268796897,nan,nan,nan,0.065,nan,,,,,,-0.09094318443457247,nan,-0.008243149964838315,nan,nan,nan,0.12,nan,,,,,,-0.5244238547611503,nan,-0.5325379855778385,nan,nan,nan,0.04,nan,0.1,0.5,0.5000000000000001,True,mix,-0.46186483450255933,nan,0.04444444444444444,-0.35371318674224594,nan,0.10999999999999997,0.5,nan,60,0,0.0,nan,0.536789872181449,0.3333333333333333,2.3742153644561768,0.0,0.19999999999999996,0.25000000000000006,0.186826818796611,nan,0.5000000000000001,0.5261450005498431,nan,
200,200,0.22510331877080242,-0.01432065307709606,0.021423670725531307,0.009950248756218905,11.1756745566199,0.1006707918715113,0.21402096341297727,-0.01128382529354382,-0.014134675372373447,1.0,0.6666666666666666,0.215,0.6666666666666666,200,20,0.11357618101217401,-0.001954802197933052,0.010378045545068503,0.009950248756218905,11.132248620153094,0.10862937531943484,0.12429441969620998,-0.000737084641397173,-0.0017797153613710866,1.0,0.75,0.58,0.75,0.009950248756218905,13.914950483109854,0.3,0.08268094114025469,0.007450147252466713,0.030489141361402315,0.009950248756218905,2.4674618741660868,0.07808187733446179,0.008094328663083374,0.030558349640889434,0.01990049751243781,2.290292162095016,0.14821453412652125,0.0891055371790895,0.009849127557185118,0.009464186662265494,0.6666666666666666,0.16666666666666666,0.19,0.16666666666666666,0.14175590622250797,0.08847557770303961,0.009681024410518333,0.008862226929612459,0.6388888888888888,0.1111111111111111,0.16,0.1111111111111111,-0.022304046438345736,-0.48559814459246214,0.049596714290501054,0.009950248756218905,9.341225618921836,0.0028303790629202806,-0.011827179748253357,-0.4722058541473777,-0.45649039911256833,1.0,0.5,0.535,0.5,-0.25735065443679883,-0.012536013256195435,0.026049911657939337,0.009950248756218905,-9.397906771656645,-0.15235697847154198,-0.25681475383760605,-0.007856290771935509,-0.007268559720186551,0.0,0.0,0.235,0.6388888888888888,-0.4943255483328671,-0.5381275630245073,0.026619861137001193,0.12935323383084577,1.6454636808420668,-0.4994722870104604,-0.47515866869281875,-0.5414443483903341,-0.5264686365172705,0.6944444444444444,0.027777777777777776,0.065,0.027777777777777776,0.2,nan,1.0,True,noise,-0.3049461977268405,-0.31686044060914337,0.12307692307692308,-0.20389802471914706,0.0909733913162646,0.2,0.5,0.36739216098871696,60,36,0.0,-3.4830013042780097,0.5458037815154396,0.8,2.371575117111206,0.18,0.19999999999999996,0.0,0.7047174538986456,0.562553943783938,1.0,1.0790555363673038,0.5807581543139307,0.055708755487551415
200,200,0.31506103745305797,-0.011714071860530518,0.023618419121769853,0.009950248756218905,13.835604644620513,0.1679997338415331,0.3020263542885337,-0.01073505885605394,-0.012235074959897368,1.0,1.0,0.415,1.0,200,20,0.007469562058932395,-0.00048327033122919137,0.010386512336717058,0.4577114427860697,0.7656884362696101,-0.004017423208885635,-0.0014576868090000659,-4.745156553234162e-05,0.00014598342834308697,0.5142857142857142,nan,0.08,0.02857142857142857,0.8059701492537313,-0.19007081780076107,0.3,-0.2720236346377522,0.012733366665808581,0.03457972782401723,0.009950248756218905,-8.234795911191327,-0.2842393457045926,0.01269397072401462,0.03424197279812505,0.009950248756218905,-8.671618255481894,-0.15558989947378205,-0.2649108931406242,0.009935596575761445,0.011727893149656592,0.05714285714285714,0.5714285714285714,0.245,0.5714285714285714,-0.1576081397924825,-0.27204939925084626,0.01030780583192003,0.0123465392226547,0.0,0.4857142857142857,0.205,0.4857142857142857,-0.6062939069326768,-0.48662323332577984,0.044240328460417755,0.009950248756218905,-2.705013225913602,-0.5722307392921523,-0.581816629020736,-0.46136809429379927,-0.4588453152557261,0.14285714285714285,0.02857142857142857,0.055,0.02857142857142857,-0.312647303826279,-0.01125653236566906,0.02724646475469998,0.009950248756218905,-11.061646865491376,-0.17757271453736032,-0.3025219449133585,-0.008544718401647609,-0.008272716396944116,0.0,0.8285714285714286,0.295,0.8285714285714286,-0.5416362274948534,-0.5422704299638638,0.023411479902586206,0.9253731343283582,0.02708937972405626,-0.5521863550656613,-0.5489037842002018,-0.5308414952441275,-0.5298642590317427,0.4,0.0,0.02,0.0,0.2,nan,0.0,False,post,-0.39762737286815364,-0.27018394350199293,0.07037037037037033,-0.19101655810490883,0.10843326869684987,0.18999999999999992,0.5,-0.004849763021620752,60,35,0.0,-2.4917070816831526,0.5362193828108438,0.0,2.3762402534484863,0.175,0.19999999999999996,0.95,-0.01255195860536619,0.018606522549521467,0.0,-0.023913271271459854,-0.004826356337127784,0.028424710238188138
200,200,0.1991821008747276,-0.015666554207641684,0.013819844249785355,0.009950248756218905,15.546387584661804,0.1295805599725861,0.19124014886701668,-0.012165380885427539,-0.01502915110456049,1.0,0.5568181818181818,0.3,0.5568181818181818,200,20,-0.14266044162338742,-0.000132121977490339,0.007799487871642708,0.009950248756218905,-18.274061319567647,-0.1326863912941821,-0.1413643761548572,-0.00036034469842617114,-0.0003830323771089899,0.0,0.8522727272727273,0.795,0.8522727272727273,0.009950248756218905,-21.0325345410724,0.3,-0.48608522371909135,0.01370007273485703,0.02435590060286467,0.009950248756218905,-20.520090986684558,-0.46893486809405316,0.013943855408026068,0.023556083091112113,0.009950248756218905,-20.49910936439912,-0.3844353639587926,-0.4625692685435624,0.01164619396851511,0.013622671059857008,0.0,1.0,0.865,1.0,-0.40798770222374314,-0.48593660535351885,0.011424022320780537,0.013108227483129056,0.0,0.9886363636363636,0.88,0.9886363636363636,-0.6718375138915655,-0.48986533871177046,0.034148047637192376,0.009950248756218905,-5.328918862590288,-0.6467256156776865,-0.6735370203072361,-0.46430465077126465,-0.46066124568937966,0.0,0.045454545454545456,0.045,0.045454545454545456,-0.3056330049950944,-0.010755827617285689,0.019601747224366074,0.009950248756218905,-15.043412915569915,-0.24217064385416498,-0.30263499175503306,-0.008607110194472509,-0.0074040256401956064,0.0,0.7954545454545454,0.545,0.7954545454545454,-0.5831494211452742,-0.5429506065992181,0.01772307859296328,0.01990049751243781,-2.2681620652378296,-0.5694025883743583,-0.575598389497955,-0.5326332778388922,-0.5293387164974559,0.23863636363636365,0.011363636363636364,0.02,0.011363636363636364,0.2,nan,0.0,False,err,0.33560101135759185,0.38586075111071305,0.4749999999999999,-0.035804566136371556,0.13518729499105195,0.2714285714285714,0.5,-2.8343295445404335,60,88,0.95,2.854267859537046,0.5368383297117275,0.0,2.3408687114715576,0.44,0.19999999999999996,0.0,-0.779325318298278,-0.6692539260518706,-1.0,-1.0239683431083573,-0.7391982122601161,0.04365903710187888
200,200,0.29211734639913295,-0.011689459920411887,0.023866568702944523,0.009950248756218905,12.729387709148718,0.16931177165084754,0.2992971386050541,-0.011208141510938324,-0.011238869058637121,1.0,0.926829268292683,0.445,0.926829268292683,200,20,0.024214411598369904,0.0003544607172049502,0.00935376556886909,0.009950248756218905,2.5508390928701545,0.02474716546312014,0.027800238653633645,-0.0003314213017555618,0.00012466197818444304,0.7804878048780488,0.024390243902439025,0.05,0.024390243902439025,0.009950248756218905,3.608945242937089,0.3,-0.18431521733073042,0.012438049736296341,0.030684774330933834,0.009950248756218905,-6.412081279746106,-0.23211544544460755,0.014289492363739123,0.03045301796172969,0.009950248756218905,-8.09131423722642,-0.11374068794905179,-0.22034678756575563,0.011307808079257317,0.011990557382146725,0.0,0.34146341463414637,0.135,0.34146341463414637,-0.10564912200938593,-0.1947051962714129,0.011051486796672807,0.011467277311107705,0.0,0.1951219512195122,0.1,0.1951219512195122,-0.5470175936981844,-0.4836072663705117,0.0448331106538589,0.1691542288557214,-1.414363768238785,-0.4840348383817165,-0.5134135741454705,-0.47672033107153455,-0.45337529062591986,0.2926829268292683,0.0,0.04,0.0,-0.2803916863191093,-0.012972454799231169,0.028936473294911173,0.009950248756218905,-9.24159723215702,-0.17418037256551955,-0.2650096533675811,-0.00985662822584909,-0.009285787970268288,0.0,0.6829268292682927,0.28,0.6829268292682927,-0.551268274257886,-0.5375790929663846,0.025673300644619826,0.5970149253731343,-0.5332069094059774,-0.5464712413788451,-0.5378418871840697,-0.5474146923274591,-0.5219247204827357,0.34146341463414637,0.0,0.015,0.0,0.2,0.1,0.1,True,mix,-0.36251478435183815,-0.29991830856727764,0.07117117117117118,-0.14131235536523906,0.10333888274248565,0.2014285714285714,0.5,0.0849907109822149,60,41,0.0,-2.9022793803050515,0.5526783472758717,0.13333333333333333,2.338566541671753,0.205,0.19999999999999996,0.9000000000000004,0.1453833166232743,0.0649671257253478,0.1,0.14616328930839736,0.09288507996836624,0.020780746922723546
200,200,0.2480993226080798,-0.012514575278504863,0.017676892899516194,0.009950248756218905,14.743196066938571,0.17463598042290632,0.2590129128240613,-0.010899869126747156,-0.013084114329203138,1.0,0.8983050847457628,0.485,0.8983050847457628,200,20,0.07593177571285269,-0.00027350090823549515,0.007877420097424552,0.009950248756218905,9.673887601389811,0.06600157999137,0.07747988901776688,7.778654193256319e-05,-0.00015293865028602268,0.9322033898305084,0.3389830508474576,0.27,0.3389830508474576,0.009950248756218905,11.990919740887321,0.3,-0.07960858939346321,0.015087188958088315,0.022621095869101354,0.009950248756218905,-4.186171125189049,-0.10370057810334639,0.012013275654364008,0.02566876181688889,0.009950248756218905,-4.507963982784239,-0.03543938510981077,-0.09147858995966554,0.011886485848346203,0.014102760075810163,0.2711864406779661,0.0847457627118644,0.04,0.0847457627118644,-0.031253154203224956,-0.08872325770760021,0.012213519198773679,0.014411941414004233,0.2542372881355932,0.0847457627118644,0.05,0.0847457627118644,-0.3325715469292285,-0.5179472008995748,0.032864227295179446,0.009950248756218905,5.640651529692186,-0.32610371278694766,-0.3033105586105102,-0.4905052766437464,-0.48345633794171006,0.7627118644067796,0.0,0.095,0.1694915254237288,-0.26979179994529295,-0.012472035530849928,0.021620331073209757,0.009950248756218905,-11.901749493623253,-0.19624663740775566,-0.28447399165498083,-0.009294898747177364,-0.0075824718472308,0.0,0.6949152542372882,0.35,0.6949152542372882,-0.5479943026338674,-0.5719189921510932,0.019772844639496898,0.1791044776119403,1.2099771151908765,-0.536798205833486,-0.5121601580061353,-0.5611095466834595,-0.5544851889907865,0.6949152542372882,0.0,0.015,0.03389830508474576,0.2,0.3,0.3,True,mix,-0.3454896693585747,-0.3117894189215684,0.07419354838709676,-0.10652332117928932,0.10505155294155434,0.21499999999999994,0.5,0.23025719597469152,60,59,0.0,-2.9679658243132603,0.5656001809349904,0.3999999999999999,2.398963689804077,0.295,0.19999999999999996,0.7000000000000001,0.30577529100834644,0.30251821041233,0.3,0.3779380390658192,0.29913523682271526,0.03576365213718195
200,200,0.23643400328948655,-0.01292041058143572,0.017321669339944105,0.009950248756218905,14.395518639852492,0.17063982281142345,0.25157245958215485,-0.011752783107249783,-0.013108590095836401,1.0,0.8311688311688312,0.44,0.8311688311688312,200,20,0.10732869586248031,-0.00020832953422708758,0.006986977244906589,0.009950248756218905,15.391065637104994,0.10002951095202786,0.10452553536112089,0.0002006067454771407,4.97496121011645e-05,0.961038961038961,0.6103896103896104,0.545,0.6103896103896104,0.009950248756218905,17.240208616545413,0.3,0.01136247012698714,0.011842720664722884,0.020629173829850075,1.0,-0.02328016340710398,-0.008973848385589726,0.014127653290635976,0.020853690886632,0.2885572139303483,-1.1077895898958992,0.07306941223009986,0.011342514908419518,0.012321556176351152,0.014164661707404515,0.45454545454545453,0.07792207792207792,0.15,0.15584415584415584,0.06557856258251687,0.009002109133300318,0.012161432003318476,0.013466646839301457,0.5194805194805194,0.03896103896103896,0.095,0.07792207792207792,-0.1280667007492058,-0.49868576902340683,0.03201809512638861,0.009950248756218905,11.575300366859416,-0.09732427836846867,-0.1264578929857686,-0.4736105178116893,-0.4677960276707082,0.948051948051948,0.2987012987012987,0.34,0.2987012987012987,-0.27245129531602913,-0.012329827940700193,0.018135981114346097,0.009950248756218905,-14.342839558606638,-0.20823389289668373,-0.279809811026575,-0.008235055904348884,-0.008059526515554,0.0,0.0,0.435,0.7792207792207793,-0.4763294268380745,-0.5460479646005585,0.019763258493544145,0.009950248756218905,3.5276843533534983,-0.4860415609525039,-0.4713686735474857,-0.5407791269577678,-0.534093693764813,0.7662337662337663,0.03896103896103896,0.03,0.03896103896103896,0.2,0.5,0.5000000000000001,True,mix,-0.32615937459018796,-0.30861157822968144,0.10000000000000002,-0.06891924999202954,0.12588996829073235,0.24999999999999997,0.5,0.29353025528203597,60,77,0.0,-2.4514390020098253,0.5444051515363011,0.6666666666666666,2.3837735652923584,0.385,0.19999999999999996,0.5000000000000001,0.4947002208024038,0.44134363163057583,0.5000000000000001,0.5862026184976289,0.4154887841647327,0.034712941761256284
200,200,,,,,,0.037257435239781256,nan,-0.012116495749914163,nan,nan,nan,0.11,nan,200,20,,,,,,0.0822236759317076,nan,-0.0003005853242664267,nan,nan,nan,0.39,nan,,,0.3,,,,,,,,,,,0.16013946251800046,nan,0.011093787172011298,nan,nan,nan,0.185,nan,0.15744407751877096,nan,0.011137442143240542,nan,nan,nan,0.195,nan,,,,,,0.0030538253706922217,nan,-0.46674156690937946,nan,nan,nan,0.485,nan,,,,,,-0.08850847219708652,nan,-0.00924869555477039,nan,nan,nan,0.115,nan,,,,,,-0.47071423293121145,nan,-0.5339906230372179,nan,nan,nan,0.06,nan,0.1,nan,1.0,True,noise,-0.21208120661959393,nan,0.16666666666666666,-0.32682772734460774,nan,0.10000000000000005,0.6,nan,60,0,0.0,nan,0.5383936546219094,0.7142857142857143,2.373659372329712,0.0,0.24999999999999994,0.0,0.37607041656650825,nan,1.4999999999999998,2.2069064980595896,nan,
200,200,,,,,,0.07350428505026524,nan,-0.012539538664579464,nan,nan,nan,0.12,nan,200,20,,,,,,0.0018274703387460873,nan,-2.9456753305465523e-05,nan,nan,nan,0.035,nan,,,0.3,,,,,,,,,,,-0.07193846582423476,nan,0.01205632987651284,nan,nan,nan,0.085,nan,-0.06750888443827624,nan,0.01229855027290621,nan,nan,nan,0.065,nan,,,,,,-0.5277208038254563,nan,-0.47704058360171403,nan,nan,nan,0.055,nan,,,,,,-0.08570861935333013,nan,-0.00818255402692117,nan,nan,nan,0.085,nan,,,,,,-0.5548800457105247,nan,-0.5470703453482586,nan,nan,nan,0.015,nan,0.1,nan,0.0,True,post,-0.4438111146078048,nan,0.03333333333333334,-0.3340969000765908,nan,0.1,0.6,nan,60,0,0.0,nan,0.5505588426502601,0.0,2.4150550365448,0.0,0.24999999999999994,0.40000000000000013,-0.05007771925173417,nan,0.0,0.024862092563670106,nan,
200,200,,,,,,0.0694646103267574,nan,-0.011615426151104674,nan,nan,nan,0.105,nan,200,20,,,,,,-0.09768969449191832,nan,-0.0005419338074418661,nan,nan,nan,0.495,nan,,,0.3,,,,,,,,,,,-0.26022432898250186,nan,0.009827891697665769,nan,nan,nan,0.495,nan,-0.27152086952601306,nan,0.010039206049240943,nan,nan,nan,0.485,nan,,,,,,-0.6209703866419278,nan,-0.4679132016901608,nan,nan,nan,0.04,nan,,,,,,-0.1329957758365829,nan,-0.009096966029184049,nan,nan,nan,0.19,nan,,,,,,-0.5622972577902204,nan,-0.5371297227468779,nan,nan,nan,0.025,nan,0.1,nan,0.0,True,err,0.07232078676119327,nan,0.3333333333333333,-0.2957056397358794,nan,0.14999999999999994,0.6,nan,60,0,0.8333333333333333,nan,0.5411179214191736,0.0,2.377656936645508,0.0,0.24999999999999994,0.0,-0.6717944873256319,nan,-1.0,-1.4063232203044371,nan,
200,200,,,,,,0.07958080455719188,nan,-0.011110902246723987,nan,nan,nan,0.125,nan,200,20,,,,,,0.01729166406386468,nan,0.0003846062138732219,nan,nan,nan,0.075,nan,,,0.3,,,,,,,,,,,-0.030428535862023365,nan,0.012307984449161613,nan,nan,nan,0.055,nan,-0.032761144601165186,nan,0.011965831264978351,nan,nan,nan,0.055,nan,,,,,,-0.43790127744864604,nan,-0.46987159120304534,nan,nan,nan,0.055,nan,,,,,,-0.09046784750144587,nan,-0.007973723755706548,nan,nan,nan,0.09,nan,,,,,,-0.5287186106743846,nan,-0.5383393578940264,nan,nan,nan,0.035,nan,0.1,0.1,0.10000000000000002,True,mix,-0.44361965594243175,nan,0.046017699115044254,-0.33812529245008066,nan,0.10081081081081082,0.6,nan,60,0,0.0,nan,0.5424312953257676,0.12499999999999997,2.3711793422698975,0.0,0.24999999999999994,0.3600000000000001,0.08845147607577958,nan,0.15000000000000002,0.2172843584590525,nan,
200,200,,,,,,0.08869264120386175,nan,-0.010575246588557722,nan,nan,nan,0.18,nan,200,20,,,,,,0.042896137524212986,nan,7.216490080715921e-06,nan,nan,nan,0.12,nan,,,0.3,,,,,,,,,,,0.014027310368103472,nan,0.010633689097997608,nan,nan,nan,0.06,nan,0.01694417174569285,nan,0.010794310569869904,nan,nan,nan,0.04,nan,,,,,,-0.2902495055509121,nan,-0.46850620864577996,nan,nan,nan,0.1,nan,,,,,,-0.10761978270673016,nan,-0.009116276605603981,nan,nan,nan,0.15,nan,,,,,,-0.5169950836127417,nan,-0.5368223351370033,nan,nan,nan,0.015,nan,0.1,0.3,0.3,True,mix,-0.37202130496554503,nan,0.08282828282828278,-0.315875522359577,nan,0.1087096774193548,0.6,nan,60,0,0.0,nan,0.5421585646400303,0.37499999999999983,2.349346876144409,0.0,0.24999999999999994,0.28,0.19165403846219164,nan,0.44999999999999996,0.48364934161353235,nan,
200,200,0.2283284809151676,-0.01299829789570548,0.02897205379730222,0.009950248756218905,8.329640021067993,0.09668277659133612,0.23462230680396148,-0.011326424587263134,-0.012627051889718523,1.0,0.6470588235294118,0.17,0.6470588235294118,200,20,0.07146565858218298,-0.00024945593955224844,0.014697785896829584,0.009950248756218905,4.879314137534509,0.07192155057676693,0.07846155640811583,-0.0003042504551889491,0.0009989086153580266,1.0,0.23529411764705882,0.275,0.23529411764705882,0.009950248756218905,6.049847830896615,0.3,-0.04327766341239166,0.01283959041028297,0.0446035305164291,0.21890547263681592,-1.2581347972162535,-0.08441059636505874,0.012045375544813407,0.048432034469954255,0.05970149253731343,-1.9915738201689401,0.07599304709152437,-0.022302287158430176,0.010224997533468515,0.014051801507400347,0.4117647058823529,0.0,0.085,0.058823529411764705,0.07408863534082276,-0.02000916008150923,0.01034611207759343,0.013954347171202018,0.35294117647058826,0.0,0.085,0.058823529411764705,-0.20632355179849363,-0.48699279680974095,0.06908718050357845,0.009950248756218905,4.062537260333662,-0.11175882390743659,-0.15568824019142763,-0.46459314174458743,-0.455594684676307,0.9411764705882353,0.29411764705882354,0.3,0.29411764705882354,-0.29534825210955556,-0.009226589103176147,0.03727266021674997,0.009950248756218905,-7.676448671354096,-0.1265611471012672,-0.27125825048411667,-0.008208505337933688,-0.005688530977390547,0.0,0.0,0.165,0.6470588235294118,-0.47669588279145664,-0.5385291545614939,0.037935330133560596,0.11940298507462686,1.6299653001755388,-0.48314162782798165,-0.44931863268998407,-0.531291066979341,-0.5224598460602756,0.8235294117647058,0.058823529411764705,0.045,0.058823529411764705,0.1,0.5,0.49999999999999994,True,mix,-0.2754183503753944,-0.20499566944687328,0.14117647058823524,-0.25842803800006925,0.10420056298905814,0.12999999999999998,0.6,0.25060875256597753,60,17,0.0,-1.9673182520942751,0.534893556731728,0.6249999999999998,2.354585647583008,0.085,0.24999999999999994,0.20000000000000007,0.4255557323276761,0.3089576927906596,0.7499999999999998,0.7438920675682367,0.3344164392419615,0.07439536232702272
200,200,0.16890534724900613,-0.01438059115254146,0.027295635036241234,0.009950248756218905,6.714844265446783,0.05086303962025667,0.15299597581688515,-0.011506170775365544,-0.012009101405211093,0.96,0.32,0.085,0.32,200,20,0.12822412772593972,-0.003747882915833978,0.011284345897354239,0.009950248756218905,11.69514049201745,0.1075330661354378,0.1260044233269194,-0.0007624628220001548,-0.0037021365233051357,1.0,0.8,0.61,0.8,0.009950248756218905,12.703856819496854,0.3,0.17202015859355815,0.008117323943969907,0.037259679779388294,0.009950248756218905,4.398932991792883,0.16230627543402576,0.009634334654339782,0.03528400372869639,0.009950248756218905,4.3269449223867795,0.1896351632723443,0.14204753142102608,0.009843968298143246,0.00546539111903637,0.84,0.12,0.24,0.12,0.19269903058913487,0.15993872701626882,0.009859087736699326,0.003834510794778238,0.84,0.08,0.27,0.08,0.1375052494252438,-0.48900274451408365,0.050348209426010954,0.009950248756218905,12.443500991779395,0.14126010510651218,0.11200332757818984,-0.4718683578076606,-0.4604442913186698,1.0,0.84,0.79,0.84,-0.22134582100021133,-0.012438595327340202,0.03187658523652239,0.009950248756218905,-6.553626246859197,-0.13830098689541934,-0.23597640391241093,-0.008977400800691388,-0.008526853932463626,0.0,0.0,0.185,0.44,-0.4722996714131507,-0.536484960513484,0.030719158752438733,0.05970149253731343,2.089422096988524,-0.45694460407037923,-0.4334589273732623,-0.5399706244716632,-0.5246330275379265,0.96,0.08,0.055,0.08,0.2,nan,1.0,False,noise,-0.03766081859651333,0.02943558588228862,0.2714285714285714,-0.20743136409064797,0.09469615254518585,0.17674418604651163,0.6,0.4516281113346122,60,25,0.0,0.3108424692148178,0.5438781959337452,0.95,2.390388011932373,0.125,0.24999999999999994,0.0,0.7487684955289289,0.7600609788168636,1.4999999999999998,2.1141690889549545,0.8235799840757193,0.13694026600400694
200,200,0.30325838913987424,-0.015176141484638101,0.021280145408145816,0.009950248756218905,14.963926444208179,0.1736982157675425,0.3060700716723352,-0.01179798580958122,-0.014364634141796262,1.0,1.0,0.465,1.0,200,20,0.005061400282394423,0.000353162532402738,0.009854685457796246,0.6069651741293532,0.47776641574989426,-0.003155815163882664,0.0032678383702617,-0.00013481040569690168,-0.0002856524165622619,0.5555555555555556,nan,0.045,0.08333333333333333,0.6666666666666666,0.4283066878156881,0.3,-0.275176579402311,0.014744868411519703,0.033620502400219875,0.009950248756218905,-8.62335263030785,-0.2847000996132805,0.012887370472420789,0.031751901364657054,0.009950248756218905,-9.3722724399608,-0.1799630980455628,-0.28503381875991113,0.01183641517719508,0.013998755245571705,0.0,0.5555555555555556,0.275,0.5555555555555556,-0.16885304699371967,-0.2671216446001846,0.011710034974765944,0.013398839333506076,0.0,0.4444444444444444,0.22,0.4444444444444444,-0.6119445377689495,-0.4923698847089019,0.045428816572746895,0.029850746268656716,-2.632132247291453,-0.6064416929545979,-0.6060736500565314,-0.48026383533971473,-0.4604493796692676,0.1388888888888889,0.05555555555555555,0.06,0.05555555555555555,-0.2839662838687856,-0.01315363019391734,0.024544385772340627,0.009950248756218905,-11.033588543454886,-0.17060373977164972,-0.27658475543491273,-0.009706629328146851,-0.008995691213040363,0.0,0.7777777777777778,0.275,0.7777777777777778,-0.5449147081127331,-0.5428453028805414,0.02402815156273194,0.9751243781094527,-0.0861241958917571,-0.5690193710755046,-0.5529205187522279,-0.5508248764776966,-0.5293632171854491,0.3888888888888889,0.027777777777777776,0.01,0.027777777777777776,0.2,nan,0.0,True,post,-0.38571805022222266,-0.2886164860497795,0.07500000000000002,-0.18028970057404098,0.10231270839253195,0.20000000000000004,0.6,0.010563976364266854,60,36,0.0,-2.8209250892125373,0.5549899028693792,0.0,2.357686758041382,0.18,0.24999999999999994,0.8000000000000003,-0.018854629974530843,0.019555415664428165,0.0,-0.0181683798531704,0.010676765462256958,0.022421096053276846
200,200,0.20604257754312866,-0.012915960818755758,0.02219556145716853,0.009950248756218905,9.864969569458768,0.09301583554813138,0.2165754434739234,-0.010782179318160423,-0.010524705365489852,1.0,0.6944444444444444,0.16,0.6944444444444444,200,20,-0.13848930863926087,-0.0004290111016255721,0.009257526403164304,0.009950248756218905,-14.913303134143021,-0.10646058210719829,-0.12681953783154964,-7.554498861531394e-05,-0.0006838247610929583,0.0,0.7777777777777778,0.585,0.7777777777777778,0.009950248756218905,-15.577596053506305,0.3,-0.48551079148496457,0.008995499316215254,0.03077061046412665,0.009950248756218905,-16.070733837458967,-0.440927489467165,0.00984683527533909,0.03260978014159099,0.009950248756218905,-13.823286227979093,-0.3028411598245849,-0.4444861014365354,0.011049158703958225,0.008386303419954173,0.0,0.9722222222222222,0.625,0.9722222222222222,-0.3178045769762856,-0.4806805916697323,0.011003093941285822,0.00835153947852816,0.0,1.0,0.655,1.0,-0.7223567086871496,-0.5031277068808853,0.044828372232017515,0.009950248756218905,-4.890407366716636,-0.6460441475932774,-0.7047709958306134,-0.4836656552270876,-0.47754190742205055,0.0,0.08333333333333333,0.03,0.08333333333333333,-0.2756808048836643,-0.012603543723510064,0.025468745985439713,0.009950248756218905,-10.329415562910874,-0.16847810449382006,-0.2933948298621463,-0.009508370933041273,-0.009775819307610165,0.0,0.8333333333333334,0.27,0.8333333333333334,-0.6143324430473482,-0.5587103973307096,0.025376603418102966,0.01990049751243781,-2.1918633001439254,-0.579447302905942,-0.5978270001751103,-0.5539216527268984,-0.5459142334453192,0.2222222222222222,0.027777777777777776,0.015,0.027777777777777776,0.2,nan,0.0,False,err,0.14021621496098985,0.23956733238834543,0.37999999999999995,-0.17753537677853737,0.09839893985346551,0.1838709677419355,0.6,-1.412938089409441,60,36,0.95,2.434653592255223,0.5577093445079975,0.0,2.351046323776245,0.18,0.24999999999999994,0.0,-0.7654222199603792,-0.649676755741164,-1.0,-1.1445425553599406,-0.585567485386769,0.0564341924187687
200,200,0.2690381238145516,-0.014700773143517507,0.02216768339724678,0.009950248756218905,12.799663900852616,0.17265590952650686,0.2912731781346283,-0.011947838872718717,-0.014870353793633304,1.0,0.9736842105263158,0.455,0.9736842105263158,200,20,0.017869453403984402,-0.0013442193775989042,0.009446706859049579,0.06965174129353234,2.0339016618413908,0.026842078990003935,0.027734959553810806,0.00013684150465123835,-4.512154420055869e-05,0.7368421052631579,0.07894736842105263,0.07,0.07894736842105263,0.009950248756218905,3.3169444547277096,0.3,-0.21251517670589487,0.015711646601538162,0.02892169101556695,0.009950248756218905,-7.891199141042616,-0.21865176049508256,0.015862776115884287,0.030153287853678084,0.009950248756218905,-7.777411794733472,-0.10055644756290807,-0.21306733719829754,0.01236312995737529,0.01422148180577716,0.02631578947368421,0.2894736842105263,0.12,0.2894736842105263,-0.09833829211245552,-0.20626914349167613,0.012362645432503431,0.015010302949322752,0.02631578947368421,0.3157894736842105,0.115,0.3157894736842105,-0.5513761644078714,-0.502922798304926,0.04276160626037282,0.25870646766169153,-1.1331044443649443,-0.4477915471778193,-0.49107129427516566,-0.4736384831274534,-0.4707922076994444,0.34210526315789475,0.0,0.025,0.0,-0.27723284838611717,-0.01218201406906558,0.02550435989099864,0.009950248756218905,-10.392373517290457,-0.17371493313335373,-0.2842684032029119,-0.009011572588776549,-0.00785626302051444,0.0,0.7368421052631579,0.33,0.7368421052631579,-0.5436994955522524,-0.559679189992094,0.021636427753990987,0.47761194029850745,0.7385551173601418,-0.5357230848334834,-0.5336111263146771,-0.5434187344669832,-0.5409809195476625,0.5,0.0,0.02,0.0,0.2,0.1,0.1,True,mix,-0.388660779259302,-0.256911824641017,0.09280575539568343,-0.18222323033212226,0.10451576107168338,0.20352941176470588,0.6,0.08694122900682331,60,38,0.0,-2.4581156182253787,0.5478828947959724,0.24999999999999994,2.3258211612701416,0.19,0.24999999999999994,0.7200000000000002,0.12286029193549239,0.07620814364356518,0.15,0.15546574144850236,0.09521975120205382,0.028495585778509063
200,200,0.24196604553283582,-0.011975239944612448,0.014466900717872273,0.009950248756218905,17.553261089721747,0.16885377143365246,0.2447601566462276,-0.01163782222097772,-0.01180620777136217,1.0,0.8227848101265823,0.425,0.8227848101265823,200,20,0.09411350960416219,-0.0015550641352385652,0.007738459521951927,0.009950248756218905,12.362741377098635,0.08902605967139518,0.09676977829748508,-0.0007134954753041889,-0.00116011222006953,0.9746835443037974,0.46835443037974683,0.425,0.46835443037974683,0.009950248756218905,14.053187665499616,0.3,-0.020307325593180048,0.01004736274820266,0.019936252717829023,0.12935323383084577,-1.522587457607511,-0.021163955390400314,0.009811665467737696,0.020343219112042555,0.12935323383084577,-1.522650898366363,0.03397352093651509,-0.01247740859302539,0.01012727567190297,0.00896915535794812,0.4177215189873418,0.02531645569620253,0.045,0.0379746835443038,0.030965360654727103,-0.020508358582508178,0.0099461339039092,0.008704219319214761,0.3924050632911392,0.02531645569620253,0.055,0.06329113924050633,-0.13397205937990375,-0.5153752321222015,0.0316011513317626,0.009950248756218905,12.069280917207493,-0.10377794470328564,-0.13660726834449222,-0.48652439096779215,-0.481961910150063,0.9620253164556962,0.3037974683544304,0.34,0.3037974683544304,-0.2859810880431534,-0.013737493282402473,0.017995474327954872,0.009950248756218905,-15.128447841061277,-0.20416030119673645,-0.2775262673696948,-0.009290131750568207,-0.008973036899487414,0.0,0.0,0.415,0.7215189873417721,-0.5141403136406395,-0.5612060841808547,0.018022975009898835,0.009950248756218905,2.6114318258641345,-0.5048055390688692,-0.4990450326516444,-0.5537442855761706,-0.5471492767354569,0.6962025316455697,0.0,0.01,0.0,0.2,0.3,0.3,True,mix,-0.18942377619387096,-0.19837011395213666,0.1886597938144329,-0.07745387546435105,0.10577918989971587,0.24909090909090903,0.6,0.2833420101621067,60,79,0.0,-1.8753226805783043,0.5569125520652023,0.7499999999999997,2.321092367172241,0.395,0.24999999999999994,0.56,0.4322573959503168,0.35967704563592623,0.44999999999999996,0.5272376146266659,0.3953657311853847,0.029588970723624916
200,200,0.20028018595853986,-0.012709089424785385,0.014128924555701639,0.009950248756218905,15.07469832743215,0.15390624875282552,0.20912286247992778,-0.011284175278679065,-0.011985069508210412,1.0,0.58,0.325,0.58,200,20,0.10913951125657995,8.026306698947949e-05,0.007872528904352782,0.009950248756218905,13.853140395005424,0.11361498440581447,0.11666552529348133,-0.0005168415548770482,1.3129984157376784e-05,1.0,0.66,0.64,0.66,0.009950248756218905,17.111718936400816,0.3,0.06402550812416685,0.013359276691667064,0.019124081898283473,0.01990049751243781,2.649341897787947,0.05316625333292849,0.013440572923212128,0.018339326609637153,0.029850746268656716,2.166147168493892,0.08922174415557066,0.048781880922127714,0.010963831613332399,0.01306385048381749,0.59,0.05,0.095,0.06,0.09229889015327014,0.05059808311818844,0.010982757260580896,0.012714432312899876,0.62,0.04,0.095,0.05,-0.003423120222499062,-0.5141562540097971,0.02971064353587008,0.009950248756218905,17.190241374391388,0.0315704402546926,-0.009858289537606273,-0.48738642588440106,-0.4847433783487923,0.99,0.55,0.595,0.55,-0.28888480919072873,-0.012037266966755097,0.017429925384448458,0.009950248756218905,-15.88346112227781,-0.2322769645943676,-0.28999026203467027,-0.009803132735715696,-0.008913451533330697,0.0,0.0,0.515,0.79,-0.48583033581431534,-0.567857767550376,0.01585340020005187,0.009950248756218905,5.174122314190878,-0.48214758435198746,-0.47194196001112787,-0.5572206238835217,-0.554609681383099,0.82,0.05,0.04,0.05,0.2,0.5,0.4318181818181818,False,mix,-0.042224204706463216,-0.025689611490648172,0.2717647058823529,-0.011914303644075766,0.13285066695753434,0.27674418604651163,0.6,0.3581021597817784,60,100,0.0,-0.19337209273371467,0.5614328486833763,0.95,2.3188016414642334,0.5,0.24999999999999994,0.40000000000000013,0.620208860817541,0.537558148096199,0.6477272727272727,0.7382090417152646,0.5578803001736801,0.04022386419293757
200,200,,,,,,0.02167846916231659,nan,-0.012661386733446219,nan,nan,nan,0.04,nan,200,20,,,,,,0.08052255858706456,nan,0.0003347830472436366,nan,nan,nan,0.38,nan,,,0.3,,,,,,,,,,,0.16714997437765838,nan,0.013131817630241073,nan,nan,nan,0.18,nan,0.16836495154466577,nan,0.01336700674469074,nan,nan,nan,0.185,nan,,,,,,0.09714700390977768,nan,-0.46208023590299196,nan,nan,nan,0.65,nan,,,,,,-0.08285822322293787,nan,-0.007593879956708213,nan,nan,nan,0.115,nan,,,,,,-0.4536086938956736,nan,-0.5305702743055418,nan,nan,nan,0.06,nan,0.1,nan,1.0,True,noise,0.10568635273366762,nan,0.3478260869565217,-0.3151152961908155,nan,0.10000000000000002,0.7,nan,60,0,0.0,nan,0.5359807210065726,0.9210526315789473,2.3188414573669434,0.0,0.2857142857142857,0.0,0.3602121885210287,nan,2.333333333333333,3.714402432392962,nan,
200,200,,,,,,0.07942810530313257,nan,-0.011458594180351361,nan,nan,nan,0.18,nan,200,20,,,,,,-0.0035382393877655695,nan,0.00041319337722658825,nan,nan,nan,0.04,nan,,,0.3,,,,,,,,,,,-0.08592833828414832,nan,0.011295696074912098,nan,nan,nan,0.125,nan,-0.07736924215321982,nan,0.011812944705465787,nan,nan,nan,0.1,nan,,,,,,-0.5215313520119458,nan,-0.46466052786390927,nan,nan,nan,0.03,nan,,,,,,-0.09406077665681507,nan,-0.008516907033228983,nan,nan,nan,0.14,nan,,,,,,-0.5402211689761478,nan,-0.5331842161066473,nan,nan,nan,0.04,nan,0.1,nan,0.0,True,post,-0.47041359875222044,nan,0.03333333333333334,-0.3671524217681275,nan,0.1,0.7,nan,60,0,0.0,nan,0.5387342578998284,0.0,2.3259260654449463,0.0,0.2857142857142857,0.35000000000000003,-0.011633409850259357,nan,0.0,-0.0445464407625247,nan,
200,200,,,,,,0.07075640849484514,nan,-0.012797301848500493,nan,nan,nan,0.135,nan,200,20,,,,,,-0.07394522203783921,nan,0.00011256375400138337,nan,nan,nan,0.31,nan,,,0.3,,,,,,,,,,,-0.21643211672790946,nan,0.011840619309681328,nan,nan,nan,0.365,nan,-0.2240446772938143,nan,0.012057353061892368,nan,nan,nan,0.4,nan,,,,,,-0.6069027585413708,nan,-0.4672320762262454,nan,nan,nan,0.06,nan,,,,,,-0.10549243959647175,nan,-0.0086597926902876,nan,nan,nan,0.13,nan,,,,,,-0.5675570850197874,nan,-0.5360194579993673,nan,nan,nan,0.04,nan,0.1,nan,0.0,False,err,-0.045867197810479904,nan,0.285,-0.3082842019893357,nan,0.1195804195804196,0.7,nan,60,0,0.95,nan,0.5402709007388066,0.0,2.3156728744506836,0.0,0.2857142857142857,0.0,-0.40153344019091997,nan,-1.0,-1.0450674873248602,nan,
200,200,,,,,,0.08374572313153335,nan,-0.011147492148545253,nan,nan,nan,0.18,nan,200,20,,,,,,0.019751940372141074,nan,0.0003902690002256282,nan,nan,nan,0.06,nan,,,0.3,,,,,,,,,,,-0.029242289930119365,nan,0.011883518702995713,nan,nan,nan,0.04,nan,-0.028287498644856354,nan,0.011879334171232384,nan,nan,nan,0.035,nan,,,,,,-0.387860966261911,nan,-0.4654658848750229,nan,nan,nan,0.06,nan,,,,,,-0.09139702891256972,nan,-0.009195942523450688,nan,nan,nan,0.09,nan,,,,,,-0.522784406665008,nan,-0.5333950004426034,nan,nan,nan,0.01,nan,0.1,0.1,0.09999999999999999,True,mix,-0.35928795668372443,nan,0.08752897542883631,-0.3398216315211166,nan,0.10221719457013578,0.7,nan,60,0,0.0,nan,0.5371208307100283,0.2592592592592592,2.327570676803589,0.0,0.2857142857142857,0.31500000000000006,0.15016372397968206,nan,0.23333333333333328,0.2358561086291909,nan,
200,200,0.2570597989933742,-0.0088683552267032,0.0303241552493892,0.009950248756218905,8.76951565589496,0.0870489940257524,0.26422403117881216,-0.011598248043937626,-0.011155408631773207,1.0,0.7777777777777778,0.12,0.7777777777777778,200,20,0.0822594433394569,-0.0013105431074655186,0.013852740647928123,0.009950248756218905,6.032740276083113,0.06921916692835614,0.0841922536078634,-0.0001086471700017599,-0.0010098473175292975,1.0,0.3888888888888889,0.27,0.3888888888888889,0.009950248756218905,6.9658292008551514,0.3,-0.07562360188269082,0.0055495774283036954,0.042184891410610124,0.029850746268656716,-1.9242239720132133,-0.08601754321498989,0.0055768766137421,0.04117100406965252,0.029850746268656716,-2.2247312616313444,0.07182165083016423,-0.03454577005904216,0.01131081068191927,0.00721995095901739,0.2777777777777778,0.05555555555555555,0.065,0.05555555555555555,0.07686026214716124,-0.02050047678839881,0.010705481746057694,0.006056865117019653,0.3888888888888889,0.05555555555555555,0.085,0.05555555555555555,-0.15178242562743954,-0.46846242240227026,0.062129520015779365,0.009950248756218905,5.097093888530037,-0.04513245477854154,-0.0900749329769108,-0.47518489606850856,-0.4395210293675939,1.0,0.3333333333333333,0.43,0.3333333333333333,-0.26542645744252835,-0.012161698178911613,0.034417020416517057,0.009950248756218905,-7.358706715201699,-0.11975055641135839,-0.2596738806689667,-0.008930634397355062,-0.008178357708289306,0.0,0.0,0.11,0.7777777777777778,-0.4607301843467367,-0.5168459300252127,0.03471054536212693,0.12935323383084577,1.6166771536262838,-0.48654576228633345,-0.43562602618991436,-0.5434980751135597,-0.5018443751405753,0.8888888888888888,0.0,0.05,0.0,0.1,0.3,0.2999999999999999,True,mix,-0.058804538490136074,-0.08500598426373686,0.2692737430167595,-0.25617471376227546,0.1299602534590077,0.13585365853658532,0.7,0.24164270524671858,60,18,0.0,-0.6540921705000338,0.5474080044506074,0.7777777777777773,2.3630616664886475,0.09,0.2857142857142857,0.245,0.4428388752061071,0.2687700209002716,0.6999999999999996,0.7951748059015878,0.3186396529954036,0.0705752000866554
200,200,0.18351383153502587,-0.014542121158955866,0.02072821844714537,0.009950248756218905,9.554895090933517,0.07678984696418585,0.18270309836515355,-0.012332506551410004,-0.012530944210266048,1.0,0.5,0.145,0.5,200,20,0.09848585468741576,0.0010204824348815586,0.009727712004032926,0.009950248756218905,10.019352156201533,0.08474341852817087,0.09986957460808121,0.0007601536931511376,0.0006151113755449702,1.0,0.5833333333333334,0.385,0.5833333333333334,0.009950248756218905,10.877221532661915,0.3,0.1001734588450806,0.014305007985063819,0.028143181609533732,0.009950248756218905,3.051128051132535,0.055353812517372196,0.0159090290183225,0.02839264604195294,0.14925373134328357,1.3892605655484476,0.11985222345955406,0.068763620412233,0.013527930944175265,0.01384986841580041,0.6666666666666666,0.05555555555555555,0.09,0.05555555555555555,0.12352822728676491,0.07522529537511678,0.013951953152813446,0.013975255014331263,0.6666666666666666,0.027777777777777776,0.095,0.027777777777777776,0.0459491391141722,-0.4870066346117285,0.047022071018871556,0.009950248756218905,11.334162068290725,0.05733628927250809,0.009161135649808586,-0.4663985436665155,-0.45683462374710465,1.0,0.5,0.625,0.5,-0.25242436023495374,-0.011806670009432701,0.025017529500324605,0.009950248756218905,-9.61796368473478,-0.135288789698183,-0.2533965518297105,-0.00820027260024269,-0.007994099055609879,0.0,0.0,0.165,0.5833333333333334,-0.42519418018670807,-0.5395036825194762,0.026014575282838275,0.009950248756218905,4.394056066092445,-0.46334137483521315,-0.447546723047221,-0.5365058754607147,-0.5243468357543026,0.8055555555555556,0.05555555555555555,0.05,0.05555555555555555,0.1,0.5,0.42291838417147576,False,mix,0.11081680622410019,0.09413321538587344,0.3663815789473684,-0.20518695362665682,0.08649629957496058,0.15938166311300642,0.7,0.35342969848163924,60,36,0.0,1.0882918211350123,0.5406043347856808,0.95,2.373931407928467,0.18,0.2857142857142857,0.17500000000000002,0.5042947867807204,0.6177675308566277,0.9868095630667766,1.1035758225653776,0.5466222275469033,0.0821007040529163
200,200,,,,,,0.02460352214866327,nan,-0.011373936855383487,nan,nan,nan,0.06,nan,200,20,,,,,,0.08511108543411457,nan,0.0003439092649457018,nan,nan,nan,0.375,nan,,,0.3,,,,,,,,,,,0.15940955101276272,nan,0.012099623796634386,nan,nan,nan,0.16,nan,0.17251609463448797,nan,0.012160900453465346,nan,nan,nan,0.205,nan,,,,,,0.10396693781798014,nan,-0.4796250830121805,nan,nan,nan,0.715,nan,,,,,,-0.08494601422529202,nan,-0.008664511897757432,nan,nan,nan,0.085,nan,,,,,,-0.45927931501293784,nan,-0.5475112385078799,nan,nan,nan,0.065,nan,0.2,nan,1.0,False,noise,0.1547678373934667,nan,0.36626506024096384,-0.27435986952461544,nan,0.10938166311300641,0.7,nan,60,0,0.0,nan,0.5516342477197785,0.95,2.3603312969207764,0.0,0.2857142857142857,0.0,0.281321422551602,nan,2.333333333333333,3.459304928775766,nan,
200,200,0.29798778144337484,-0.013311342971253167,0.021851179979624418,0.009950248756218905,14.246330161147315,0.18472839845273548,0.30939596844354195,-0.01233563189051971,-0.012036593066231853,1.0,0.9821428571428571,0.475,0.9821428571428571,200,20,0.006296353145198062,-0.00013504970743989043,0.00818344198918441,0.42786069651741293,0.7859043737772038,0.00331196093327352,0.009488083211208647,-0.00020487125237004565,-0.0001346431917453059,0.5714285714285714,nan,0.04,0.03571428571428571,0.12935323383084577,1.5666543128356523,0.3,-0.23672858614922332,0.01181048829243041,0.026722380679651804,0.009950248756218905,-9.300783392462002,-0.2537223392251665,0.0114208475158143,0.026799793200176,0.009950248756218905,-9.89347883211823,-0.1729688660422046,-0.2617120089687771,0.011716771115422448,0.011286014435460559,0.017857142857142856,0.4107142857142857,0.26,0.4107142857142857,-0.16225606230106898,-0.24686217104974126,0.012015732138762303,0.011011825518813051,0.017857142857142856,0.3392857142857143,0.215,0.3392857142857143,-0.6114303900636262,-0.49623404476021293,0.03402617350942509,0.009950248756218905,-3.385521597605411,-0.5943564111273776,-0.5742863355053396,-0.48509941053698785,-0.4660295788629883,0.19642857142857142,0.017857142857142856,0.05,0.03571428571428571,-0.27525310941925146,-0.013182458940893649,0.02344748357160871,0.009950248756218905,-11.176920101759153,-0.1868703436127862,-0.28283610219348126,-0.00857847039019926,-0.009444826515716723,0.0,0.6964285714285714,0.325,0.6964285714285714,-0.5859389030305978,-0.5475379056246541,0.020400729165475494,0.08955223880597014,-1.8823345524849207,-0.5774430302425294,-0.5491170316183865,-0.5545560511268749,-0.5327910431378272,0.32142857142857145,0.0,0.005,0.0,0.2,nan,0.0,True,post,-0.35608144122650087,-0.26882761140157746,0.07500000000000001,-0.1376207499425028,0.10872692446973153,0.20000000000000004,0.7,0.029754022385168413,60,56,0.0,-2.4725026732124324,0.5594920718592548,0.0,2.360236167907715,0.28,0.2857142857142857,0.7000000000000001,0.012014561186094477,0.030742324441612776,0.0,0.01792881311706341,0.03066647331876924,0.021325049874518588
200,200,,,,,,0.058385579478293065,nan,-0.011667821934240916,nan,nan,nan,0.14,nan,200,20,,,,,,-0.07997964791177647,nan,0.0002645053230448952,nan,nan,nan,0.36,nan,,,0.3,,,,,,,,,,,-0.21316176899723183,nan,0.01233770181311441,nan,nan,nan,0.315,nan,-0.21828115157378875,nan,0.011830917682180492,nan,nan,nan,0.365,nan,,,,,,-0.6004313882613441,nan,-0.4725664911659778,nan,nan,nan,0.025,nan,,,,,,-0.10950819941936231,nan,-0.009866322977799278,nan,nan,nan,0.155,nan,,,,,,-0.5633188149118479,nan,-0.5412859586088762,nan,nan,nan,0.05,nan,0.2,nan,0.0,False,err,-0.022741033905906757,nan,0.285,-0.37451693394239877,nan,0.1195804195804196,0.7,nan,60,0,0.95,nan,0.5455888328569661,0.0,2.370711088180542,0.0,0.2857142857142857,0.0,-0.411289044951085,nan,-1.0,-1.3698527723187501,nan,
200,200,0.2886115850102394,-0.013020236219451142,0.02044173786851352,0.009950248756218905,14.755683844255701,0.1667756853995293,0.27635717510471114,-0.012627515321833791,-0.01297353539279299,1.0,0.9111111111111111,0.425,0.9111111111111111,200,20,0.06559007468636478,0.0016930827613644078,0.008965537751018498,0.009950248756218905,7.12695587173392,0.051874935962925035,0.0613416327060058,0.0005146675550195756,0.0012351125133748962,0.8666666666666667,0.2222222222222222,0.185,0.2222222222222222,0.009950248756218905,8.385679655991128,0.3,-0.09835727194967382,0.015041163402398727,0.027792916670328564,0.009950248756218905,-4.080120006586262,-0.11469052694441842,0.01486527873212562,0.025477825561736372,0.009950248756218905,-5.085041710389569,-0.037283640540500936,-0.09560550249466494,0.013562631350691143,0.014941685833083935,0.24444444444444444,0.08888888888888889,0.045,0.08888888888888889,-0.03246961096246523,-0.10297234701278711,0.01363713845891563,0.014714564976899214,0.24444444444444444,0.15555555555555556,0.05,0.15555555555555556,-0.3010529403640583,-0.48785695704335535,0.03998703081733599,0.009950248756218905,4.671615092602434,-0.27462595564929315,-0.29990034372681496,-0.4667191303266607,-0.4596212624550545,0.7777777777777778,0.0,0.105,0.044444444444444446,-0.25597431116627867,-0.011949800901271988,0.024975245182761664,0.009950248756218905,-9.770655241601627,-0.1616930136623725,-0.25848640839837966,-0.007768837221291963,-0.007804540961237043,0.0,0.6222222222222222,0.29,0.6222222222222222,-0.49896860515323127,-0.5391247102334806,0.020201521758036998,0.03980099502487562,1.9877762457318757,-0.5096802796107291,-0.49807341576759456,-0.5339708314364426,-0.5276838922260688,0.6222222222222222,0.0,0.035,0.0,0.2,0.1,0.09999999999999995,True,mix,-0.2467867912813124,-0.22826031165960958,0.17930607187112757,-0.17337195203631586,0.10164824554321934,0.2113953488372094,0.7,0.18164598537874704,60,45,0.0,-2.245590274969937,0.5366327560517442,0.5185185185185184,2.377558708190918,0.225,0.2857142857142857,0.6300000000000001,0.25470686584919,0.22726071333566794,0.23333333333333317,0.31104615663040436,0.22196504463024558,0.030654284575090052
200,200,0.21230337528593293,-0.013514328571852821,0.017126541845229513,0.009950248756218905,13.185248130374935,0.15429194271092528,0.2287745013658249,-0.011655662333293402,-0.01250670683979688,1.0,0.6756756756756757,0.36,0.6756756756756757,200,20,0.0956961719782985,-0.0007274040407989877,0.0070340664958451985,0.009950248756218905,13.708084230131142,0.08579294162217767,0.09217794508823525,-0.0007313006546241154,-0.000852212731467222,0.9864864864864865,0.527027027027027,0.44,0.527027027027027,0.009950248756218905,13.943774812056482,0.3,-0.02959065187902661,0.009646621714778692,0.020652428621893527,0.08955223880597014,-1.8998866578969893,-0.014162736913916181,0.010573745992747519,0.02050883364983078,0.26865671641791045,-1.2061379660984117,0.03982882787958368,-0.006980191976294091,0.01058210896090523,0.009561904930636817,0.44594594594594594,0.013513513513513514,0.04,0.013513513513513514,0.04464644534702452,-0.004859269946116525,0.010358573068691672,0.010033504902169397,0.4189189189189189,0.013513513513513514,0.055,0.013513513513513514,-0.06415688568027154,-0.4983766071918322,0.034778045057178394,0.009950248756218905,12.485455142322603,-0.02099458682608839,-0.06194695216278416,-0.4718117071763112,-0.4666302251505487,1.0,0.36486486486486486,0.465,0.36486486486486486,-0.28062071317978043,-0.011629298422037611,0.018931213601050264,0.009950248756218905,-14.208883826053858,-0.20099723136819228,-0.27836090876164815,-0.008669082976087678,-0.007724209950008124,0.0,0.0,0.4,0.7297297297297297,-0.48355466385846624,-0.5542961414805376,0.017370023500123496,0.009950248756218905,4.072618417441739,-0.48928870557337795,-0.4835323489466615,-0.5406434052202334,-0.5349449068708318,0.7297297297297297,0.013513513513513514,0.025,0.013513513513513514,0.2,0.3,0.2074403558431056,False,mix,0.12823108512653975,0.1299487355034511,0.3666561514195584,-0.0752062957876758,0.12071132896986268,0.2493816631130064,0.7,0.2872012539758884,60,74,0.0,1.0765247687389363,0.545772732297926,0.95,2.3787755966186523,0.37,0.2857142857142857,0.49,0.4611889072596003,0.4059393515682521,0.4840274969672463,0.556042915234502,0.4029205376382261,0.03769686038939804
200,200,0.2324957990888894,-0.012947592821070265,0.02082915862101664,0.009950248756218905,11.78364409067025,0.11872190121591648,0.21911826052120847,-0.012859174272867199,-0.012175994683743713,1.0,0.6304347826086957,0.225,0.6304347826086957,200,20,0.10257527190088808,-0.0009764249745778935,0.008336280768567976,0.009950248756218905,12.421810125864138,0.07909004912956409,0.09664239276682123,1.651316405092915e-05,-0.0010914720225230848,0.9782608695652174,0.6304347826086957,0.375,0.6304347826086957,0.009950248756218905,14.181093601419915,0.3,0.03071383400958481,0.01022134652330519,0.02499287479198436,0.417910447761194,0.8199331871990965,0.029583860057389593,0.008869995800959686,0.02578992885172234,0.42786069651741293,0.8031764792652147,0.08278482532422492,0.03593292054608917,0.01184282365132658,0.007712124258818763,0.5217391304347826,0.043478260869565216,0.055,0.043478260869565216,0.08493286300867264,0.04604764933113055,0.011761523367820539,0.0073462956436711494,0.5652173913043478,0.021739130434782608,0.065,0.021739130434782608,-0.015171903310874408,-0.4822638412955066,0.045533731503536026,0.009950248756218905,10.258151979881134,0.021492250685798294,-0.010124833305178951,-0.45394799717663137,-0.45103583435752564,1.0,0.34782608695652173,0.465,0.34782608695652173,-0.2478033817260474,-0.01231294847128701,0.023272592466545526,0.009950248756218905,-10.118788166086798,-0.15663665755434694,-0.24685054280752705,-0.008849928039196165,-0.010290722495752476,0.0,0.0,0.25,0.5,-0.46094274649774847,-0.5320577779821067,0.023730476781957284,0.009950248756218905,2.9967805592271772,-0.4624504894709914,-0.4559164779567717,-0.5202894669704734,-0.5169612140519947,0.7391304347826086,0.021739130434782608,0.025,0.021739130434782608,0.2,0.5,0.26816518557239943,False,mix,0.13785909075629102,0.12635526274464,0.3665217391304348,-0.16065125359547103,0.10042819998825363,0.20938166311300643,0.7,0.3060621764000033,60,46,0.0,1.2581651643603977,0.5238434337500902,0.95,2.3814280033111572,0.23,0.2857142857142857,0.35000000000000003,0.4732904316074184,0.4949912524652753,0.6257187663355985,0.6661790985449688,0.4410512959391954,0.04736070985492784
200,200,,,,,,-0.010766040504141967,nan,-0.010630859293978057,nan,nan,nan,0.03,nan,200,20,,,,,,0.05760603564214407,nan,-0.00044277977076796857,nan,nan,nan,0.225,nan,,,0.3,,,,,,,,,,,0.1269828749472166,nan,0.009518343776890367,nan,nan,nan,0.09,nan,0.13923671109254201,nan,0.009894472789918785,nan,nan,nan,0.14,nan,,,,,,0.07003922712721748,nan,-0.47282333325898335,nan,nan,nan,0.62,nan,,,,,,-0.03627408104594245,nan,-0.00913594220432445,nan,nan,nan,0.035,nan,,,,,,-0.4666113929169128,nan,-0.5410732285471619,nan,nan,nan,0.03,nan,0.1,nan,1.0,False,noise,0.29306305430459145,nan,0.46116504854368917,-0.4044766690117012,nan,0.05937499999999996,0.8,nan,60,0,0.0,nan,0.5450450944052144,0.95,2.3607277870178223,0.0,0.3125,0.0,-0.16774620521347677,nan,4.000000000000001,-5.350716971572006,nan,
200,200,,,,,,0.08941511967788454,nan,-0.01231490550650081,nan,nan,nan,0.165,nan,200,20,,,,,,0.0022753714811446922,nan,0.0006741424547888891,nan,nan,nan,0.05,nan,,,0.3,,,,,,,,,,,-0.08460311178357025,nan,0.013467360367131712,nan,nan,nan,0.095,nan,-0.07872896206673109,nan,0.013603390627967756,nan,nan,nan,0.085,nan,,,,,,-0.5301935751293424,nan,-0.480386462415811,nan,nan,nan,0.04,nan,,,,,,-0.10094013451930038,nan,-0.008047811029057033,nan,nan,nan,0.155,nan,,,,,,-0.556089823309786,nan,-0.5493616800348949,nan,nan,nan,0.025,nan,0.1,nan,0.0,True,post,-0.43945432966096915,nan,0.03333333333333334,-0.31988963821824173,nan,0.1,0.8,nan,60,0,0.0,nan,0.553540790976094,0.0,2.360959053039551,0.0,0.3125,0.32,0.004971659788666651,nan,0.0,0.02544727881975279,nan,
200,200,,,,,,0.04467845020799795,nan,-0.011973697032464913,nan,nan,nan,0.065,nan,200,20,,,,,,-0.05560594729816016,nan,0.00016067475810222526,nan,nan,nan,0.215,nan,,,0.3,,,,,,,,,,,-0.15634276494259802,nan,0.012207243249032466,nan,nan,nan,0.165,nan,-0.16666464229270905,nan,0.01147697508081398,nan,nan,nan,0.225,nan,,,,,,-0.5695419692396665,nan,-0.46290552276358066,nan,nan,nan,0.05,nan,,,,,,-0.07175170987268718,nan,-0.007654242153813911,nan,nan,nan,0.055,nan,,,,,,-0.5515974945385564,nan,-0.531034295749272,nan,nan,nan,0.02,nan,0.1,nan,0.0,False,err,-0.15165977355205715,nan,0.18999999999999995,-0.3862769183629943,nan,0.07037037037037035,0.8,nan,60,0,0.95,nan,0.5349797558453656,0.0,2.3516433238983154,0.0,0.3125,0.0,-0.22348792289872052,nan,-1.0,-1.24458093419288,nan,
200,200,,,,,,0.08578281215214494,nan,-0.012071429583317013,nan,nan,nan,0.145,nan,200,20,,,,,,0.04575435000293237,nan,-0.0003040042924986246,nan,nan,nan,0.14,nan,,,0.3,,,,,,,,,,,0.01984001831773358,nan,0.010836635328553026,nan,nan,nan,0.055,nan,0.03130535559480441,nan,0.010643708409711924,nan,nan,nan,0.09,nan,,,,,,-0.1360641305659027,nan,-0.45686001594354164,nan,nan,nan,0.28,nan,,,,,,-0.0939644892984586,nan,-0.009804265920996091,nan,nan,nan,0.11,nan,,,,,,-0.476966607393318,nan,-0.5241474090049193,nan,nan,nan,0.01,nan,0.1,0.1,0.1,True,mix,0.004330607269897095,nan,0.28383838383838417,-0.2901417302505077,nan,0.11142857142857149,0.8,nan,60,0,0.0,nan,0.5295818309952373,0.6666666666666672,2.358025550842285,0.0,0.3125,0.28800000000000003,0.1997808030842752,nan,0.4000000000000002,0.5333743305335126,nan,
200,200,,,,,,0.055071830384180426,nan,-0.010753340955923296,nan,nan,nan,0.085,nan,200,20,,,,,,0.059304692198920136,nan,-0.00031402466892319005,nan,nan,nan,0.225,nan,,,0.3,,,,,,,,,,,0.0779538024569641,nan,0.009126149800745281,nan,nan,nan,0.06,nan,0.08751587491243391,nan,0.008548811401806519,nan,nan,nan,0.115,nan,,,,,,0.01168533902796996,nan,-0.45541500089853654,nan,nan,nan,0.465,nan,,,,,,-0.08913505997077492,nan,-0.00975398913533027,nan,nan,nan,0.115,nan,,,,,,-0.4793779745400626,nan,-0.521617677544073,nan,nan,nan,0.04,nan,0.1,0.3,0.1691394658753709,False,mix,0.30479327054640454,nan,0.46130718954248356,-0.32302565089812957,nan,0.12937499999999993,0.8,nan,60,0,0.0,nan,0.5261215336335258,0.95,2.3539490699768066,0.0,0.3125,0.22399999999999998,0.23541691959479122,nan,0.6765578635014838,1.0768607432368111,nan,
200,200,,,,,,0.026866046146955293,nan,-0.011840498400272462,nan,nan,nan,0.06,nan,200,20,,,,,,0.05330036055681821,nan,-0.00033878933638272374,nan,nan,nan,0.145,nan,,,0.3,,,,,,,,,,,0.097065159588135,nan,0.010260746010897357,nan,nan,nan,0.07,nan,0.09900720488526307,nan,0.01029547786254915,nan,nan,nan,0.085,nan,,,,,,0.019988374856974668,nan,-0.46318519352022197,nan,nan,nan,0.535,nan,,,,,,-0.0657198208700639,nan,-0.00929524978648394,nan,nan,nan,0.085,nan,,,,,,-0.47271919117139377,nan,-0.5308856873144201,nan,nan,nan,0.025,nan,0.1,0.5,0.22178988326848237,False,mix,0.31404050206627177,nan,0.4612631578947367,-0.3573873823673069,nan,0.10937499999999997,0.8,nan,60,0,0.0,nan,0.5340220724733594,0.95,2.398165225982666,0.0,0.3125,0.16,0.1879815105661876,nan,0.8871595330739298,1.9839302093530684,nan,
200,200,,,,,,-0.005387284031574551,nan,-0.010366266713274123,nan,nan,nan,0.065,nan,200,20,,,,,,0.0617380907526999,nan,-0.0005295393925228776,nan,nan,nan,0.235,nan,,,0.3,,,,,,,,,,,0.1312483985464079,nan,0.009970207470197605,nan,nan,nan,0.105,nan,0.1461875674958565,nan,0.009666286343579519,nan,nan,nan,0.16,nan,,,,,,0.062409407114240256,nan,-0.47275719480300266,nan,nan,nan,0.6,nan,,,,,,-0.02861469172243653,nan,-0.00903661207449731,nan,nan,nan,0.09,nan,,,,,,-0.4806620200811071,nan,-0.5433074732486098,nan,nan,nan,0.065,nan,0.2,nan,1.0,False,noise,0.2992210888750476,nan,0.46116504854368917,-0.40647693782865013,nan,0.05937499999999996,0.8,nan,60,0,0.0,nan,0.5479287387176456,0.95,2.3617823123931885,0.0,0.3125,0.0,0.006700589978129722,nan,4.000000000000001,-11.459965799251835,nan,
200,200,0.28903063342662305,-0.017919443724480053,0.02228549104943377,0.009950248756218905,13.773538866900067,0.17412514624298217,0.30150971454512737,-0.012311052755154627,-0.01748725456211283,1.0,1.0,0.435,1.0,200,20,0.00035717633973822584,0.0007015682764634668,0.009425624005058997,1.0,-0.036537839458041003,0.003962160377242173,0.0007398027805024102,-0.000251233289149498,0.0005447403067868912,0.5,nan,0.065,0.02631578947368421,1.0,0.024000627703299814,0.3,-0.2651519829246666,0.01738990106680885,0.029401762990847655,0.009950248756218905,-9.609691910985642,-0.2718745112002013,0.019847178052743494,0.032413068614260125,0.009950248756218905,-9.000125619565738,-0.15691635289993042,-0.2667099212605072,0.011818369495509521,0.016790689112099008,0.02631578947368421,0.4473684210526316,0.17,0.4473684210526316,-0.15338009223674887,-0.2641373597526406,0.011880715186845844,0.017134675580075014,0.0,0.47368421052631576,0.2,0.47368421052631576,-0.6258389629361754,-0.49301931219486234,0.03778238682796486,0.009950248756218905,-3.515385392208477,-0.5707693422542035,-0.5892935887547823,-0.4789836826565648,-0.4636144090249188,0.21052631578947367,0.05263157894736842,0.05,0.05263157894736842,-0.29750930287721633,-0.010872840392723508,0.026550604632715073,0.009950248756218905,-10.795854423613005,-0.17341412596142797,-0.2852267249775265,-0.009546586599596842,-0.008817254010626732,0.0,0.8157894736842105,0.27,0.8157894736842105,-0.5583362036789664,-0.5436143010369189,0.021938666923172385,0.5970149253731343,-0.6710481859691622,-0.5530797283615173,-0.5426039120562057,-0.5482114001612344,-0.5324513943845927,0.42105263157894735,0.0,0.045,0.0,0.2,nan,0.0,True,post,-0.39620555416874764,-0.2802610647367973,0.07500000000000002,-0.1760720418252994,0.11395630905099487,0.20000000000000004,0.8,0.0024476557880004175,60,38,0.0,-2.4593729568003284,0.5521517085059177,0.0,2.3609793186187744,0.19,0.3125,0.64,-0.010459439529067218,0.001434235278910913,0.0,0.022754670779791875,0.0024536615067893043,0.026000221626699162
200,200,,,,,,0.04035145641376811,nan,-0.010933321397798604,nan,nan,nan,0.04,nan,200,20,,,,,,-0.05358068383041374,nan,-7.403620452351628e-05,nan,nan,nan,0.2,nan,,,0.3,,,,,,,,,,,-0.1455641518877966,nan,0.010262990914101624,nan,nan,nan,0.18,nan,-0.15433605479379175,nan,0.010414681837468234,nan,nan,nan,0.2,nan,,,,,,-0.5498301218037498,nan,-0.47211156283402833,nan,nan,nan,0.065,nan,,,,,,-0.0840013976840996,nan,-0.00941571665561962,nan,nan,nan,0.09,nan,,,,,,-0.5479045712438011,nan,-0.5397921224882026,nan,nan,nan,0.055,nan,0.2,nan,0.0,False,err,-0.178180719296178,nan,0.18999999999999995,-0.419949699875159,nan,0.07037037037037035,0.8,nan,60,0,0.95,nan,0.5440643849875427,0.0,2.3659112453460693,0.0,0.3125,0.0,-0.33376383194362513,nan,-1.0,-1.3278500602553653,nan,
200,200,0.24772713882690542,-0.012226061506629398,0.017820259544463764,0.009950248756218905,14.58750921502191,0.16790757978168672,0.25306533120268226,-0.01109385447269244,-0.012189949444408868,1.0,0.7605633802816901,0.415,0.7605633802816901,200,20,0.05931268897872065,-0.0003695968525707784,0.007425449156707079,0.009950248756218905,8.03753208239875,0.05699496109270891,0.061059616822972625,-0.0002767392226826179,-0.0005234167562767388,0.971830985915493,0.22535211267605634,0.185,0.22535211267605634,0.009950248756218905,10.371653013575335,0.3,-0.08978438785717638,0.00994150291673254,0.01974175397209172,0.009950248756218905,-5.0515213040258065,-0.08542398600120583,0.01079758476330018,0.021209517481657333,0.009950248756218905,-4.536716634085844,-0.022158937487905588,-0.07608391845455154,0.010436466119698881,0.010083652504747105,0.19718309859154928,0.014084507042253521,0.01,0.014084507042253521,-0.024196697899029694,-0.08182312951156909,0.010229064450501254,0.010303057564124755,0.22535211267605634,0.04225352112676056,0.035,0.04225352112676056,-0.16108149391338997,-0.4919862857642795,0.03209197699517159,0.009950248756218905,10.311137636997707,-0.09408017445987019,-0.156008302251339,-0.4747995335694788,-0.4615914365585578,1.0,0.0,0.28,0.14084507042253522,-0.27870197151045784,-0.013324166050337165,0.01751285134028843,0.009950248756218905,-15.15331799993437,-0.19285478247207916,-0.2674952281352701,-0.00863741422796486,-0.008588910677187226,0.0,0.7183098591549296,0.345,0.7183098591549296,-0.49543254194422964,-0.5397676138666618,0.02009854257944703,0.01990049751243781,2.2058849165294103,-0.4970774352796043,-0.4783144247512379,-0.5415346366740917,-0.5255028213047687,0.7323943661971831,0.0,0.01,0.0,0.2,0.1,0.07335907335907331,False,mix,0.29442295349148717,0.3033942316100603,0.46161725067385434,-0.08783292447532391,0.10379488701488855,0.239375,0.8,0.1943800300063586,60,71,0.0,2.9230171190083842,0.5463335685577475,0.95,2.360347032546997,0.355,0.3125,0.5760000000000001,0.28499402508500415,0.24981904000908106,0.29343629343629335,0.33944245499109515,0.24128005417727266,0.02442667079093603
200,200,0.22816898894358378,-0.014392282809036303,0.018138613781392057,0.009950248756218905,13.372646590451412,0.13008135701573964,0.23779361670098823,-0.012220887608447695,-0.014212530392729355,1.0,0.75,0.29,0.75,200,20,0.05977024038980616,0.0010558054391514144,0.008048735940072094,0.009950248756218905,7.294864110405138,0.05050086963047015,0.05962363347505959,-0.00014215478092206824,0.0011414770404663773,0.9285714285714286,0.16071428571428573,0.15,0.16071428571428573,0.009950248756218905,8.509600691700525,0.3,-0.07151924029164097,0.01706582368171003,0.02430782017980783,0.01990049751243781,-3.6443030808370507,-0.06575154897933698,0.01657498558992295,0.0243178400750133,0.01990049751243781,-3.385437781970834,-0.00139556006661552,-0.07860199467846332,0.01182680034287696,0.015510225238474104,0.17857142857142858,0.0,0.025,0.05357142857142857,-0.009334511586761877,-0.08599757414864591,0.011910744067651274,0.016036245069357163,0.19642857142857142,0.0,0.04,0.05357142857142857,-0.17084004210902048,-0.4888605984019071,0.03927006184216898,0.009950248756218905,8.098295275493848,-0.09825333784690532,-0.17690680757414962,-0.4733793382906836,-0.46013530790145635,1.0,0.10714285714285714,0.25,0.10714285714285714,-0.25962132824392814,-0.011881708933147422,0.02034686109960524,0.009950248756218905,-12.175815133638055,-0.16648145867316036,-0.2615372363727579,-0.008737491629630981,-0.008334112454677366,0.0,0.0,0.24,0.5357142857142857,-0.4982577766097218,-0.5441168732425088,0.022094468855375762,0.06965174129353234,2.075591720755645,-0.5007729307371658,-0.4762770256897734,-0.5435473301344329,-0.5317771046779468,0.8035714285714286,0.0,0.01,0.0,0.2,0.3,0.09238249594813609,False,mix,0.29479170426302226,0.296719886768548,0.46148883374689814,-0.1441965863056977,0.10288844804420948,0.19937499999999997,0.8,0.20047133594223956,60,56,0.0,2.883898945011323,0.5490100593029463,0.95,2.3654229640960693,0.28,0.3125,0.44799999999999995,0.2828769162673609,0.2807245762241042,0.3695299837925445,0.3882252675482131,0.2507368965670465,0.028652204034262132
200,200,,,,,,0.08026171900857637,nan,-0.011057906830816637,nan,nan,nan,0.125,nan,200,20,,,,,,0.05158357941189058,nan,-0.0003828888264680337,nan,nan,nan,0.155,nan,,,0.3,,,,,,,,,,,0.04925886450965514,nan,0.010114383318596537,nan,nan,nan,0.05,nan,0.041352732700904865,nan,0.010239696332820568,nan,nan,nan,0.065,nan,,,,,,-0.03499313509093103,nan,-0.47371984191580013,nan,nan,nan,0.395,nan,,,,,,-0.12096503069640979,nan,-0.009089426769090008,nan,nan,nan,0.135,nan,,,,,,-0.4950842486210435,nan,-0.5423713948643757,nan,nan,nan,0.02,nan,0.2,0.5,0.12472647702406996,False,mix,0.2889212238821465,nan,0.46137931034482754,-0.24847426777422676,nan,0.15937499999999996,0.8,nan,60,0,0.0,nan,0.5465324983401427,0.95,2.374335289001465,0.0,0.3125,0.32,0.2949576306005696,nan,0.49890590809628,0.6426921831362546,nan,
200,200,,,,,,-0.022677861728630875,nan,-0.010607773685129936,nan,nan,nan,0.04,nan,200,20,,,,,,0.028907797550564003,nan,-0.0003319397727605823,nan,nan,nan,0.06,nan,,,0.3,,,,,,,,,,,0.07812283313242493,nan,0.010257876099895402,nan,nan,nan,0.025,nan,0.08556145074023824,nan,0.009941032406591853,nan,nan,nan,0.075,nan,,,,,,0.016892165255213625,nan,-0.46566448087085227,nan,nan,nan,0.56,nan,,,,,,-0.0076881147238201135,nan,-0.008210145210602579,nan,nan,nan,0.055,nan,,,,,,-0.4769769916731634,nan,-0.5337096377550864,nan,nan,nan,0.015,nan,0.1,nan,1.0,False,noise,0.48474099533753623,nan,0.5560975609756097,-0.48254918996882606,nan,0.021839080459770097,0.9,nan,60,0,0.0,nan,0.5371765861438712,0.95,2.3914883136749268,0.0,0.33333333333333337,0.0,-0.0034184663445461405,nan,9.000000000000002,-1.2747144283919773,nan,
200,200,,,,,,0.08159935515427741,nan,-0.01338823132517412,nan,nan,nan,0.215,nan,200,20,,,,,,-0.002605699667168869,nan,-0.0003442838810568551,nan,nan,nan,0.045,nan,,,0.3,,,,,,,,,,,-0.08068012701183937,nan,0.011764928487312091,nan,nan,nan,0.14,nan,-0.07620974154639239,nan,0.011547512687689769,nan,nan,nan,0.12,nan,,,,,,-0.5179570051034436,nan,-0.4632856470314052,nan,nan,nan,0.055,nan,,,,,,-0.09180708750773096,nan,-0.008601494656570662,nan,nan,nan,0.13,nan,,,,,,-0.5311615991103704,nan,-0.5310696429555878,nan,nan,nan,0.06,nan,0.1,nan,0.0,True,post,-0.4693210426766076,nan,0.03333333333333334,-0.3573201562909681,nan,0.1,0.9,nan,60,0,0.0,nan,0.5348649124490127,0.0,2.380899667739868,0.0,0.33333333333333337,0.3,-0.09334313658377989,nan,0.0,-0.031932846310394884,nan,
200,200,,,,,,0.015708052447740813,nan,-0.011939216976696693,nan,nan,nan,0.095,nan,200,20,,,,,,-0.028103391464420632,nan,0.0003929075568254781,nan,nan,nan,0.09,nan,,,0.3,,,,,,,,,,,-0.08063508865160161,nan,0.012986897530641733,nan,nan,nan,0.085,nan,-0.0704790706488607,nan,0.013063227382994166,nan,nan,nan,0.09,nan,,,,,,-0.5422992985003688,nan,-0.4721582779474224,nan,nan,nan,0.06,nan,,,,,,-0.03438705575345746,nan,-0.0075726768974445705,nan,nan,nan,0.08,nan,,,,,,-0.5626487725097725,nan,-0.5410026018535717,nan,nan,nan,0.045,nan,0.1,nan,0.0,False,err,-0.32753048489206593,nan,0.09499999999999995,-0.4631707931304898,nan,0.0314917127071823,0.9,nan,60,0,0.95,nan,0.545184392936851,0.0,2.3898274898529053,0.0,0.33333333333333337,0.0,-0.0074954914503628815,nan,-1.0,-1.7891073102740092,nan,
200,200,,,,,,0.0720713106264733,nan,-0.010852784994682759,nan,nan,nan,0.095,nan,200,20,,,,,,0.02723554191597497,nan,0.000491578014476249,nan,nan,nan,0.045,nan,,,0.3,,,,,,,,,,,-0.0009103172434949572,nan,0.011027002367030471,nan,nan,nan,0.0,nan,-0.0013930787930565302,nan,0.011445115329943613,nan,nan,nan,0.015,nan,,,,,,-0.07624997955730672,nan,-0.4601332322280983,nan,nan,nan,0.295,nan,,,,,,-0.08973920838027294,nan,-0.009395730483038427,nan,nan,nan,0.075,nan,,,,,,-0.4754218311094621,nan,-0.528460414019371,nan,nan,nan,0.01,nan,0.1,0.1,0.033989266547406034,False,mix,0.49935007365909795,nan,0.5562640449438202,-0.29092875141239716,nan,0.11183908045977016,0.9,nan,60,0,0.0,nan,0.5313341078524789,0.95,2.398653984069824,0.0,0.33333333333333337,0.27,0.14064199422544266,nan,0.3059033989266544,0.377897136589199,nan,
200,200,,,,,,0.04448650898690037,nan,-0.01423907955427157,nan,nan,nan,0.105,nan,200,20,,,,,,0.02736436440896896,nan,-4.0144927138337715e-05,nan,nan,nan,0.06,nan,,,0.3,,,,,,,,,,,0.02757385236010491,nan,0.012546413281083716,nan,nan,nan,0.03,nan,0.026716673764334665,nan,0.012853614416881381,nan,nan,nan,0.055,nan,,,,,,-0.049252100269595485,nan,-0.4607898816359671,nan,nan,nan,0.36,nan,,,,,,-0.06653984184308993,nan,-0.007419179912345391,nan,nan,nan,0.08,nan,,,,,,-0.4804460892861568,nan,-0.5301337631370293,nan,nan,nan,0.015,nan,0.1,0.3,0.043280182232346205,False,mix,0.48729059137306974,nan,0.5562228260869565,-0.3365303161927587,nan,0.0918390804597701,0.9,nan,60,0,0.0,nan,0.5348447156555953,0.95,2.395493268966675,0.0,0.33333333333333337,0.20999999999999996,0.12555856573262056,nan,0.38952164009111595,0.6151160212869649,nan,
200,200,,,,,,0.036047275017813914,nan,-0.011146418326328166,nan,nan,nan,0.07,nan,200,20,,,,,,0.03395886166357816,nan,-0.0010465913078420905,nan,nan,nan,0.065,nan,,,0.3,,,,,,,,,,,0.020087921335959068,nan,0.009756876722226738,nan,nan,nan,0.01,nan,0.03496802972539376,nan,0.009276285553462958,nan,nan,nan,0.03,nan,,,,,,-0.026896925654862902,nan,-0.48448450636482704,nan,nan,nan,0.485,nan,,,,,,-0.053366433899789234,nan,-0.009321524843255017,nan,nan,nan,0.045,nan,,,,,,-0.4908772839165417,nan,-0.5535591933019945,nan,nan,nan,0.02,nan,0.1,0.5,0.059561128526645704,False,mix,0.47163397928172984,nan,0.5561842105263158,-0.3594926852555054,nan,0.07183908045977012,0.9,nan,60,0,0.0,nan,0.5582628579409588,0.95,2.399991512298584,0.0,0.33333333333333337,0.15,0.11553264084873022,nan,0.5360501567398115,0.9420645984140632,nan,
200,200,,,,,,-0.01472082409996059,nan,-0.012585422207032229,nan,nan,nan,0.035,nan,200,20,,,,,,0.02691413503767291,nan,-0.0002533802766319957,nan,nan,nan,0.065,nan,,,0.3,,,,,,,,,,,0.07900764011976483,nan,0.010399355888275867,nan,nan,nan,0.02,nan,0.08307239145865858,nan,0.010425114334903972,nan,nan,nan,0.065,nan,,,,,,0.016037749325459646,nan,-0.44924401531714103,nan,nan,nan,0.45,nan,,,,,,-0.011702368185243511,nan,-0.009034339200389365,nan,nan,nan,0.04,nan,,,,,,-0.45761336204906444,nan,-0.515012094812045,nan,nan,nan,0.035,nan,0.2,nan,1.0,False,noise,0.48050094186707126,nan,0.5560975609756097,-0.49028156074434465,nan,0.021839080459770097,0.9,nan,60,0,0.0,nan,0.5196804159162952,0.95,2.376207113265991,0.0,0.33333333333333337,0.0,-0.04152497993526756,nan,9.000000000000002,-1.8283035552163796,nan,
200,200,0.2946000568012622,-0.013657867667591063,0.022721183509500965,0.009950248756218905,13.566983618013865,0.1961155819718904,0.2959677949440416,-0.013047118547805507,-0.0133910076830253,1.0,0.9629629629629629,0.525,0.9629629629629629,200,20,0.004649870223847926,-5.37044323953156e-05,0.008197533809331706,0.48756218905472637,0.5737792322753367,0.0008492232445898398,0.004916050747656381,0.00032304569941378567,0.0005192354213594064,0.5185185185185185,nan,0.055,0.07407407407407407,0.4975124378109453,0.6429561345902033,0.3,-0.27691713740627183,0.013896392457955981,0.027392291466022598,0.009950248756218905,-10.616619285551058,-0.28452330709918516,0.01587509202990023,0.028404997511953224,0.009950248756218905,-10.5755474540034,-0.18206518368525096,-0.27941502359046105,0.013464518545703378,0.014175140186574642,0.018518518518518517,0.5555555555555556,0.295,0.5555555555555556,-0.17644898713139995,-0.26062776276798044,0.01377387719394888,0.013699444196360851,0.037037037037037035,0.5370370370370371,0.265,0.5370370370370371,-0.6438165418817619,-0.5117013514751276,0.036857882652059124,0.009950248756218905,-3.584448722956389,-0.6023548026326543,-0.6277359608233866,-0.4807198918641604,-0.4806718421806974,0.14814814814814814,0.05555555555555555,0.055,0.05555555555555555,-0.3024716919045928,-0.013114486054819574,0.02369666397132419,0.009950248756218905,-12.210883615842269,-0.19631031434691718,-0.2869607686883239,-0.008848675770501057,-0.010197825794568731,0.0,0.7407407407407407,0.36,0.7407407407407407,-0.5906596807645064,-0.5650112510329228,0.02047290098082267,0.208955223880597,-1.2527989928909482,-0.5756400981343108,-0.5724601625918107,-0.5514602322288088,-0.5509466704152327,0.4444444444444444,0.037037037037037035,0.035,0.037037037037037035,0.2,nan,0.0,True,post,-0.3705573530088558,-0.27946251266802186,0.07500000000000002,-0.1203719286580313,0.10037899960317372,0.2000000000000001,0.9,0.016338699528234683,60,54,0.0,-2.784073499166314,0.5557287963901523,0.0,2.3917236328125,0.27,0.33333333333333337,0.6,-0.006741023497146526,0.015500565820971767,0.0,0.0043302181093981635,0.016610086744694153,0.02247126395028341
200,200,,,,,,0.009640588056490172,nan,-0.013227031895205073,nan,nan,nan,0.055,nan,200,20,,,,,,-0.023964308380988994,nan,0.00035624612208315083,nan,nan,nan,0.085,nan,,,0.3,,,,,,,,,,,-0.06125933064359224,nan,0.01356152516025948,nan,nan,nan,0.07,nan,-0.062623252144064,nan,0.013580068057775719,nan,nan,nan,0.08,nan,,,,,,-0.5310501422145034,nan,-0.4817321589846761,nan,nan,nan,0.055,nan,,,,,,-0.03335629209433335,nan,-0.008874551693147532,nan,nan,nan,0.045,nan,,,,,,-0.5598308018630145,nan,-0.5518011562245841,nan,nan,nan,0.05,nan,0.2,nan,0.0,False,err,-0.3440116706056204,nan,0.09499999999999995,-0.45622032226790976,nan,0.0314917127071823,0.9,nan,60,0,0.95,nan,0.555744845600436,0.0,2.4085705280303955,0.0,0.33333333333333337,0.0,-0.016092494248409438,nan,-1.0,-2.48577246953892,nan,
200,200,0.2996125834415154,-0.015337936621965564,0.021600392662121562,0.009950248756218905,14.580777533789806,0.15913725141431814,0.30206911909904066,-0.012404821789381,-0.01492506653218963,1.0,0.9318181818181818,0.365,0.9318181818181818,200,20,0.022109792124087,-0.0004583826124830474,0.008549823617324568,0.01990049751243781,2.639607054372489,0.02749451476378116,0.020680767703149527,0.0004704605360761288,-0.0005755844195536786,0.7272727272727273,0.045454545454545456,0.04,0.045454545454545456,0.009950248756218905,3.031443948649323,0.3,-0.20606106250977524,0.014350268284632133,0.02815695333299639,0.009950248756218905,-7.827953833637435,-0.19076447385278134,0.013926059662246857,0.028115499262109458,0.009950248756218905,-7.280344965582883,-0.07686310486333864,-0.17875495344660589,0.01374513821573166,0.013281351570638608,0.045454545454545456,0.25,0.065,0.25,-0.07923675763765906,-0.20136840067415773,0.013165529857430226,0.011865241038814993,0.022727272727272728,0.2727272727272727,0.08,0.2727272727272727,-0.2758273707902199,-0.48023635283284705,0.044557664111933036,0.009950248756218905,4.587515663400691,-0.15190530458846488,-0.2642212346925656,-0.4680846982526033,-0.44756430722806884,0.9772727272727273,0.0,0.165,0.022727272727272728,-0.28111932003657225,-0.01278067065873172,0.026255900429637127,0.009950248756218905,-10.22012747522173,-0.16388317846426642,-0.2848861037841482,-0.00886768953566566,-0.008320624614977857,0.0,0.8409090909090909,0.31,0.8409090909090909,-0.5074621799316927,-0.5286170555388388,0.02257889493833243,0.3283582089552239,0.9369313982808888,-0.50141014314559,-0.4812165962495467,-0.5365750889652797,-0.5115580501387658,0.6818181818181818,0.0,0.005,0.0,0.2,0.1,0.01728844404003638,False,mix,0.47164357228402465,0.5209414113417474,0.5564900662251656,-0.15800953826037356,0.13904930605561344,0.20183908045977014,0.9,0.06407676206506166,60,44,0.0,3.7464509972699496,0.5409898779850338,0.95,2.397197723388672,0.22,0.33333333333333337,0.54,0.12329608784126525,0.07246324642917219,0.15559599636032745,0.17277233658006602,0.06846369388844689,0.015350714642011019
200,200,0.22481759398738618,-0.00932087890566465,0.029126106034847027,0.009950248756218905,8.038783921368834,0.11405256030574756,0.24678372118432076,-0.011434124107225017,-0.008761308226263132,1.0,0.875,0.26,0.875,200,20,0.0332657921707197,-0.00020822635790761375,0.01536875938831715,0.04975124378109453,2.178055995326152,0.03044100623129327,0.03464544272824872,0.0002969421918749129,-0.0015883369989142262,0.875,0.0625,0.03,0.0625,0.009950248756218905,2.7913427000863877,0.3,-0.17782051732697865,0.008165121557110517,0.04580703212151904,0.009950248756218905,-4.060198407673249,-0.14755115198407903,0.005909090680795465,0.0450038903687578,0.009950248756218905,-3.409932817008157,-0.03402803669366075,-0.1434163531349215,0.01183820115355712,0.007799607131270092,0.0625,0.0,0.02,0.0,-0.03577976361405494,-0.17057875557532576,0.012079069839614097,0.007133022084921829,0.0625,0.1875,0.025,0.1875,-0.19900071842322808,-0.5194194430129102,0.06486707511358655,0.009950248756218905,4.939620354758836,-0.09272657220612214,-0.20204672377411295,-0.47129090413026736,-0.4930205587449302,1.0,0.0,0.28,0.0625,-0.30020415242735643,-0.016049687262577095,0.04025107189393719,0.009950248756218905,-7.059550262573765,-0.12619243387643395,-0.29083620522816045,-0.008571676585239375,-0.01169637531316988,0.0,0.875,0.2,0.875,-0.5084651441220492,-0.5787487051906526,0.037999359286207464,0.10945273631840796,1.8495985823704244,-0.4917450887409099,-0.5035977409471208,-0.5411321539672732,-0.5608885330833021,0.875,0.0,0.01,0.0,0.2,0.3,0.02211874272409777,False,mix,0.4763147757554736,0.4490059501254009,0.5563803680981595,-0.23621411893567412,0.0990196559151463,0.1618390804597701,0.9,0.12310537488933408,60,16,0.0,4.534513334505738,0.5453961004143131,0.95,2.3960816860198975,0.08,0.33333333333333337,0.41999999999999993,0.13619412518512058,0.15465434286078478,0.19906868451687998,0.266903313259152,0.14038787713380946,0.04524360582180847
200,200,,,,,,0.08613512111810463,nan,-0.010592737005911386,nan,nan,nan,0.165,nan,200,20,,,,,,0.024935008283087274,nan,-0.0003109795143146142,nan,nan,nan,0.025,nan,,,0.3,,,,,,,,,,,-0.017262064700663694,nan,0.010386114700605544,nan,nan,nan,0.02,nan,-0.020496622159649237,nan,0.00974480073932144,nan,nan,nan,0.03,nan,,,,,,-0.0904708707048131,nan,-0.4760140109396101,nan,nan,nan,0.32,nan,,,,,,-0.10511584506114188,nan,-0.00867160940217272,nan,nan,nan,0.12,nan,,,,,,-0.5022178793765432,nan,-0.5419565891009853,nan,nan,nan,0.025,nan,0.2,0.5,0.030694668820678492,False,mix,0.4847832024589461,nan,0.5562857142857143,-0.2823086169462811,nan,0.1218390804597701,0.9,nan,60,0,0.0,nan,0.5465977222364716,0.95,2.408928632736206,0.0,0.33333333333333337,0.3,0.1075563114312856,nan,0.2762520193861065,0.2894871216225203,nan,
