B_null,B_sel,D_agg_med_sel,D_agg_null_mean,D_agg_null_sd,D_agg_p2,D_agg_z,D_mean_all,D_mean_sel,D_null_mean_all,D_null_mean_sel,D_pg_fracpos_sel,D_pg_power_sel,D_pg_rej_all,D_pg_rej_sel,G,K,N_agg_med_sel,N_agg_null_mean,N_agg_null_sd,N_agg_p2,N_agg_z,N_mean_all,N_mean_sel,N_null_mean_all,N_null_mean_sel,N_pg_fracpos_sel,N_pg_power_sel,N_pg_rej_all,N_pg_rej_sel,N_set_p2,N_set_z,R2rna,S_cross_agg_med_sel,S_cross_agg_null_mean,S_cross_agg_null_sd,S_cross_agg_p2,S_cross_agg_z,S_cross_m_agg_med_sel,S_cross_m_agg_null_mean,S_cross_m_agg_null_sd,S_cross_m_agg_p2,S_cross_m_agg_z,S_cross_m_mean_all,S_cross_m_mean_sel,S_cross_m_null_mean_all,S_cross_m_null_mean_sel,S_cross_m_pg_fracpos_sel,S_cross_m_pg_power_sel,S_cross_m_pg_rej_all,S_cross_m_pg_rej_sel,S_cross_mean_all,S_cross_mean_sel,S_cross_null_mean_all,S_cross_null_mean_sel,S_cross_pg_fracpos_sel,S_cross_pg_power_sel,S_cross_pg_rej_all,S_cross_pg_rej_sel,S_dd_agg_med_sel,S_dd_agg_null_mean,S_dd_agg_null_sd,S_dd_agg_p2,S_dd_agg_z,S_dd_mean_all,S_dd_mean_sel,S_dd_null_mean_all,S_dd_null_mean_sel,S_dd_pg_fracpos_sel,S_dd_pg_power_sel,S_dd_pg_rej_all,S_dd_pg_rej_sel,S_drm_agg_med_sel,S_drm_agg_null_mean,S_drm_agg_null_sd,S_drm_agg_p2,S_drm_agg_z,S_drm_mean_all,S_drm_mean_sel,S_drm_null_mean_all,S_drm_null_mean_sel,S_drm_pg_fracpos_sel,S_drm_pg_power_sel,S_drm_pg_rej_all,S_drm_pg_rej_sel,S_pp_agg_med_sel,S_pp_agg_null_mean,S_pp_agg_null_sd,S_pp_agg_p2,S_pp_agg_z,S_pp_mean_all,S_pp_mean_sel,S_pp_null_mean_all,S_pp_null_mean_sel,S_pp_pg_fracpos_sel,S_pp_pg_power_sel,S_pp_pg_rej_all,S_pp_pg_rej_sel,delta_target,fX,fX_pop,feasible,hyp,incr_m_mean_all,incr_m_mean_sel,incr_m_pop,incr_p_mean_all,incr_p_mean_sel,incr_p_pop,lam,lamhat_noise_sel,n,n_sel,q2,ratio_m_over_p_sel,rho_mean,s2,seconds,sel_rate,sig_u2,t2,theta_pg_median_all,theta_pg_median_sel,theta_pop,theta_set_all,theta_set_sel,theta_set_sel_jkse
200,200,,,,,,0.02858520894835199,nan,-0.007720023427778618,nan,nan,nan,0.1,nan,40,20,,,,,,0.04423323411398901,nan,-0.0003381761666598062,nan,nan,nan,0.625,nan,,,0.1,,,,,,,,,,,0.1665347914748963,nan,0.005606735673372573,nan,nan,nan,0.275,nan,0.2088661766950616,nan,0.005312265126421045,nan,nan,nan,0.475,nan,,,,,,0.2330703336824916,nan,-0.2995890143362327,nan,nan,nan,0.775,nan,,,,,,-0.04358963958380868,nan,-0.0010179334119359655,nan,nan,nan,0.125,nan,,,,,,-0.058246002059075895,nan,-0.3222558802208221,nan,nan,nan,0.35,nan,0.1,nan,1.0,False,noise,0.21030501564716514,nan,0.3753086419753086,-0.20633068320198875,nan,0.09047619047619046,0.5,nan,100,0,0.0,nan,0.3253015084426766,0.95,0.744225025177002,0.0,0.4,0.0,0.23950095818665038,nan,1.0,1.5474168544267073,nan,
200,200,,,,,,0.07123053047421304,nan,-0.009881454545045057,nan,nan,nan,0.15,nan,40,20,,,,,,0.001664865218172621,nan,-0.0002824571785297169,nan,nan,nan,0.05,nan,,,0.1,,,,,,,,,,,-0.03224979112706809,nan,0.005789262529072627,nan,nan,nan,0.05,nan,-0.036117181814540975,nan,0.0058137498315317905,nan,nan,nan,0.05,nan,,,,,,-0.3252401850574767,nan,-0.2798053687961504,nan,nan,nan,0.05,nan,,,,,,-0.05067629847023265,nan,0.0007839213536461345,nan,nan,nan,0.05,nan,,,,,,-0.33102845375019163,nan,-0.3004957020003133,nan,nan,nan,0.075,nan,0.1,nan,0.0,True,post,-0.31479745651486296,nan,0.011111111111111112,-0.2127689449918872,nan,0.1,0.5,nan,100,0,0.0,nan,0.3037240322040473,0.0,0.7341890335083008,0.0,0.4,0.25,0.03889953026649693,nan,0.0,0.023372916179184394,nan,
200,200,,,,,,0.028080709981065932,nan,-0.00958766928076617,nan,nan,nan,0.1,nan,40,20,,,,,,-0.0430357412924238,nan,5.919590717289319e-05,nan,nan,nan,0.75,nan,,,0.1,,,,,,,,,,,-0.1936026526507548,nan,0.008105666639114167,nan,nan,nan,0.55,nan,-0.25027551550992566,nan,0.008646211785039522,nan,nan,nan,0.8,nan,,,,,,-0.4524829189568205,nan,-0.280531761689519,nan,nan,nan,0.0,nan,,,,,,-0.03594068298405552,nan,0.0003316606536216613,nan,nan,nan,0.025,nan,,,,,,-0.40439294340324805,nan,-0.3038860013370308,nan,nan,nan,0.025,nan,0.1,nan,0.0,False,err,0.3334042640890325,nan,0.4749999999999999,-0.20373376664251142,nan,0.09047619047619046,0.5,nan,100,0,0.95,nan,0.3090910789049812,0.0,0.7297580242156982,0.0,0.4,0.0,-0.5022170113199923,nan,-1.0,-1.532573119463206,nan,
200,200,,,,,,0.08279125306061702,nan,-0.007721741964749828,nan,nan,nan,0.2,nan,40,20,,,,,,0.01337505456395136,nan,0.0001045807348634284,nan,nan,nan,0.125,nan,,,0.1,,,,,,,,,,,0.019827581556424098,nan,0.006918252529951864,nan,nan,nan,0.05,nan,0.01672476672411826,nan,0.007543950546283124,nan,nan,nan,0.05,nan,,,,,,-0.2109740582077099,nan,-0.3080783846661662,nan,nan,nan,0.05,nan,,,,,,-0.0475171466451084,nan,0.00016497369385529137,nan,nan,nan,0.075,nan,,,,,,-0.2774760749741302,nan,-0.3341294565168304,nan,nan,nan,0.025,nan,0.1,0.1,0.10000000000000003,True,mix,-0.23810756620766876,nan,0.07356321839080464,-0.15581265963071683,nan,0.10111111111111112,0.5,nan,100,0,0.0,nan,0.3397952959708156,0.20000000000000007,0.7327446937561035,0.0,0.4,0.225,0.136440688753386,nan,0.10000000000000003,0.16155154161223514,nan,
200,200,,,,,,0.06361938964049194,nan,-0.0088611441372509,nan,nan,nan,0.175,nan,40,20,,,,,,0.02744007737661359,nan,-0.0006505618330141543,nan,nan,nan,0.375,nan,,,0.1,,,,,,,,,,,0.08897956322745935,nan,0.005811523114106016,nan,nan,nan,0.1,nan,0.09860446142089542,nan,0.005134866267301987,nan,nan,nan,0.125,nan,,,,,,0.042071465923816345,nan,-0.30946140702859276,nan,nan,nan,0.4,nan,,,,,,-0.04845732491997045,nan,-0.0009613744352727368,nan,nan,nan,0.1,nan,,,,,,-0.16126180531155213,nan,-0.33302360778270157,nan,nan,nan,0.2,nan,0.1,0.3,0.30000000000000004,True,mix,0.009702836365469595,nan,0.21975308641975316,-0.1935387405563735,nan,0.11285714285714284,0.5,nan,100,0,0.0,nan,0.3360142895546362,0.6,0.7319936752319336,0.0,0.4,0.17499999999999996,0.15947836582883218,nan,0.30000000000000004,0.4313162627254877,nan,
200,200,0.1515138294138228,-0.009587428585695057,0.0349574562737752,0.009950248756218905,4.608494872545009,0.07273764990736067,0.1554013747474968,-0.008282923374034223,-0.008136633948446846,1.0,0.6,0.2,0.6,40,20,0.09209807550948171,0.0011192986778165764,0.010465046096074054,0.009950248756218905,8.693585865532127,0.049735916961626575,0.07997903971465822,-3.6491364181053146e-05,0.0013157892292971955,1.0,0.8,0.825,0.8,0.009950248756218905,8.63239155295824,0.1,0.23303283846485015,0.012479315072023685,0.056193230462838153,0.009950248756218905,3.924912690946974,0.2266456811973537,0.010582683970876295,0.05772973361590904,0.009950248756218905,3.74266402579056,0.1905951945058494,0.21110067478362843,0.006596247935013544,0.01248284923262968,0.8,0.4,0.4,0.4,0.2233845788519515,0.22810382412092708,0.006308859659556291,0.013271279907750556,0.8,0.6,0.575,0.6,0.30483702599398604,-0.32221162562996114,0.11342587841944608,0.009950248756218905,5.528267978667166,0.2396097274782761,0.23597771096072453,-0.2738518097403695,-0.3211658878008901,1.0,0.8,0.675,0.8,-0.11707748104965535,0.0004429186694372101,0.0424839812684556,0.009950248756218905,-2.7662284985419987,-0.05641392932069206,-0.12341815637613962,-0.0015945479814587563,0.001659415395947991,0.0,0.0,0.05,0.2,-0.09525091334032125,-0.3534183534618682,0.07168815927540598,0.009950248756218905,3.601256368239811,-0.04309435508873986,-0.08717170747286343,-0.296819092251017,-0.3517234335588701,1.0,0.6,0.4,0.6,0.1,0.5,0.4871794871794871,False,mix,0.1776278231995283,0.11934631521699826,0.37532894736842104,-0.13512301605280158,0.0939419503904723,0.14047619047619048,0.5,0.3397862982670439,100,5,0.0,1.2704262017227874,0.30108103689758425,0.95,0.7377173900604248,0.125,0.4,0.125,0.4279253384126208,0.47853774242169417,0.4871794871794871,0.683771293476909,0.5146610822755705,0.14603654001103017
200,200,,,,,,0.04432635384838239,nan,-0.008851628917843052,nan,nan,nan,0.025,nan,40,20,,,,,,0.04380293217175395,nan,-8.54355698202451e-05,nan,nan,nan,0.75,nan,,,0.1,,,,,,,,,,,0.17448208514893765,nan,0.005867010478827831,nan,nan,nan,0.425,nan,0.21408587305215815,nan,0.006051578917383545,nan,nan,nan,0.575,nan,,,,,,0.24891064735210527,nan,-0.2885790174451554,nan,nan,nan,0.8,nan,,,,,,-0.04611435213700242,nan,-0.001895606206505784,nan,nan,nan,0.05,nan,,,,,,-0.04183502050988131,nan,-0.31142778338195365,nan,nan,nan,0.475,nan,0.2,nan,1.0,False,noise,0.21852710462178848,nan,0.3753086419753086,-0.16805755027929586,nan,0.09047619047619046,0.5,nan,100,0,0.0,nan,0.31543774194102436,0.95,0.7356834411621094,0.0,0.4,0.0,0.5438487951335566,nan,1.0,0.9881916370017981,nan,
200,200,0.26355714452328244,-0.00903504934572027,0.021244646842298615,0.009950248756218905,12.83110027103081,0.20040297957056136,0.26907506662678005,-0.006852310142584068,-0.00826871891597608,1.0,1.0,0.675,1.0,40,20,0.002328825811926209,0.00022908196011244553,0.004367046535833606,0.6268656716417911,0.48081554297706536,0.003484099153743046,0.0034470450186432746,-6.697294515001588e-05,8.096758588754349e-05,0.6,nan,0.075,0.15,0.3681592039800995,0.8884796756929132,0.1,-0.11880340134646088,0.00985490790846057,0.028778656576170625,0.009950248756218905,-4.470615537939419,-0.160421249274376,0.00813357011483226,0.02874490361770122,0.009950248756218905,-5.863815778444558,-0.10067891123341426,-0.13824912385278715,0.006186602245836274,0.006946360390091526,0.1,0.3,0.15,0.3,-0.07985402989096414,-0.11312329910703414,0.006386259694150077,0.007901581311699228,0.15,0.2,0.1,0.2,-0.4003094028934846,-0.29446723892501026,0.05720108538974416,0.05970149253731343,-1.8503523708590486,-0.39016155223008553,-0.3796286474189011,-0.2739728185695002,-0.2826788716869007,0.3,0.0,0.025,0.05,-0.12683781582081546,-0.002996639986424091,0.020285305469169502,0.009950248756218905,-6.104969728777595,-0.08900240575305769,-0.12738200596036123,0.000626642123769062,0.0005525523286304659,0.0,0.4,0.225,0.4,-0.3417834395301193,-0.31106525693388015,0.03861674323371996,0.44776119402985076,-0.7954627973034432,-0.3711759658948462,-0.3624610668224723,-0.2961868543186208,-0.3045372705062646,0.2,0.0,0.025,0.05,0.2,nan,0.0,True,post,-0.2920306371297364,-0.2883961590377596,0.025000000000000005,-0.03652330940425062,0.08622497437053625,0.20000000000000004,0.5,0.012648680130323522,100,20,0.0,-3.3446940534702767,0.29903407258715575,0.0,0.7308859825134277,0.5,0.4,0.5,0.01015718388240944,0.00855916158136877,0.0,0.017385465830942422,0.012810718814852103,0.018046602820545245
200,200,,,,,,0.028114615146845066,nan,-0.009721428189786994,nan,nan,nan,0.025,nan,40,20,,,,,,-0.04506344073938851,nan,-0.0001923191103903174,nan,nan,nan,0.7,nan,,,0.1,,,,,,,,,,,-0.19634012384085608,nan,0.006639289625774827,nan,nan,nan,0.575,nan,-0.25544867081174794,nan,0.006648279179577774,nan,nan,nan,0.675,nan,,,,,,-0.4724307176895929,nan,-0.28507353973467436,nan,nan,nan,0.025,nan,,,,,,-0.04346047373136331,nan,-0.0008547140932038316,nan,nan,nan,0.075,nan,,,,,,-0.412764572863459,nan,-0.30735644816938257,nan,nan,nan,0.05,nan,0.2,nan,0.0,False,err,0.3331822361420686,nan,0.4749999999999999,-0.1972308632454013,nan,0.09047619047619046,0.5,nan,100,0,0.95,nan,0.3104607363694457,0.0,0.7485065460205078,0.0,0.4,0.0,-0.6075243684712442,nan,-1.0,-1.6028475049015702,nan,
200,200,0.25379082464635205,-0.012016901322751398,0.027044018112071435,0.009950248756218905,9.828706845919031,0.15328890931575523,0.26546161569938626,-0.009403578900610794,-0.006919765875451554,1.0,0.9,0.45,0.9,40,20,0.007436474353593223,0.0004108897825730541,0.004793576345964667,0.14925373134328357,1.4656248409329762,0.016024751680186338,0.008517495409309694,-0.00014670534824460423,0.0002757112696067685,0.7,0.2,0.275,0.3,0.029850746268656716,1.842107953129545,0.1,-0.046061181654171654,0.008157417741105854,0.03500900815082949,0.12935323383084577,-1.5487042409238942,-0.06776838824404527,0.009130600830997124,0.03504850286283243,0.029850746268656716,-2.1940734351422666,0.0023557757208456293,-0.10369278078311361,0.0072878967067798745,0.007707098592227892,0.2,0.0,0.125,0.2,0.0018799288185485721,-0.07403864150608389,0.0068698640558800626,0.008298898792060772,0.4,0.0,0.175,0.2,-0.22568004072689263,-0.27775616055554386,0.07714306833654892,0.4975124378109453,0.6750589644786464,-0.11029407940833078,-0.23849313714178,-0.2659244786119986,-0.2706417600001877,0.6,0.0,0.1,0.0,-0.1387178125898887,-0.0027997253300959977,0.02527105442752669,0.009950248756218905,-5.3784098184033216,-0.08279565793184948,-0.13051921767487257,-0.0003404968882936692,0.0009609768701485821,0.0,0.0,0.175,0.6,-0.2866527970702183,-0.29789926439519954,0.04934844375196085,0.7562189054726368,0.22789912851722852,-0.20464951259961234,-0.28571545102620066,-0.28818148025125445,-0.29257559794013727,0.6,0.0,0.1,0.0,0.2,0.1,0.10000000000000003,True,mix,-0.11780480334026144,-0.15366179747293737,0.14864864864864868,-0.08432157034622048,0.10836454566564482,0.20500000000000002,0.5,0.031088119728699102,100,10,0.0,-1.4180080443197327,0.2911289799679732,0.40000000000000013,0.735553503036499,0.25,0.4,0.45,0.07541032734898304,0.028004928698984445,0.10000000000000003,0.10453953747676183,0.03208560072562455,0.029277088194710137
200,200,0.22351093989477916,-0.012371500972746552,0.019158780299579813,0.009950248756218905,12.311975875645231,0.1716783977844464,0.22504083827566232,-0.008670323565474673,-0.00906581994436929,1.0,0.9545454545454546,0.625,0.9545454545454546,40,20,0.04432013897435694,-0.0003499666458470875,0.004196497462237985,0.009950248756218905,10.64461637628083,0.041615357127195315,0.04583340442201682,4.1130164120374023e-05,-0.0002786119599921187,1.0,0.6818181818181818,0.6,0.6818181818181818,0.009950248756218905,12.457879149959703,0.1,0.11621142206306957,0.006756262649919995,0.025829866205600228,0.009950248756218905,4.237542639116762,0.11119143185388972,0.007795608124125323,0.02601054246454724,0.009950248756218905,3.9751506092854205,0.1028831286030274,0.09770529596564904,0.007380543799950194,0.006922158700728693,0.8181818181818182,0.045454545454545456,0.05,0.045454545454545456,0.11120940263357645,0.10735894288036724,0.008002870817261018,0.007349167572169055,0.8181818181818182,0.13636363636363635,0.125,0.13636363636363635,0.12818753205995767,-0.2942384671074265,0.05143097170821748,0.009950248756218905,8.213455533286703,0.0836642708538029,0.10249649731244886,-0.28251114647558684,-0.28012709411902215,1.0,0.45454545454545453,0.35,0.45454545454545453,-0.10796543622872065,-0.0028354394962101515,0.019526380184796455,0.009950248756218905,-5.38399824914719,-0.0901885648840297,-0.11585192871390251,0.0005950106634824,0.000255775615099046,0.045454545454545456,0.0,0.15,0.22727272727272727,-0.09070598796701088,-0.3090937363968759,0.03213711432429555,0.009950248756218905,6.795499627605616,-0.1304187235758443,-0.10380348281708374,-0.30611483643928095,-0.3031936929543234,0.9545454545454546,0.2727272727272727,0.2,0.2727272727272727,0.2,0.3,0.2533333333333333,False,mix,0.21357438710463383,0.23281615834376357,0.3753731343283582,-0.005256424112380614,0.0971360566913258,0.23047619047619047,0.5,0.1692054732319867,100,22,0.0,2.396804711597418,0.3096583768603088,0.95,0.7380576133728027,0.55,0.4,0.3499999999999999,0.2385118106049203,0.21626027228681774,0.2533333333333333,0.2424029910824666,0.20366705338110003,0.03281830557770217
200,200,0.24434412847678005,-0.012946714902829145,0.02379523334389925,0.009950248756218905,10.81270520235357,0.1364011106853054,0.23088520063520995,-0.010410521326179737,-0.010695966146008493,1.0,0.8666666666666667,0.475,0.8666666666666667,40,20,0.041292206395429985,1.365345612367494e-05,0.004487141807025778,0.009950248756218905,9.199297616463733,0.0405194762523029,0.039674641322985975,-0.00016385177095799936,-0.00029589330588202184,1.0,0.7333333333333333,0.7,0.7333333333333333,0.009950248756218905,10.136569087907716,0.1,0.10696423502224825,0.006313401179930435,0.03279891560275079,0.009950248756218905,3.0687244376703626,0.13229399516489437,0.006117874905582205,0.03411257280479142,0.009950248756218905,3.6988157116630838,0.12854012649388377,0.09996215798235607,0.006991830640626168,0.006835502541113436,0.8666666666666667,0.06666666666666667,0.1,0.06666666666666667,0.1471405821787076,0.09990742669421061,0.00653696100074199,0.005999774260145261,0.7333333333333333,0.2,0.3,0.2,0.1302611543392881,-0.2788309480763156,0.06794545901130727,0.009950248756218905,6.020889524662758,0.1569556875030073,0.12372679387157295,-0.27030356894126595,-0.26314261670368366,1.0,0.4666666666666667,0.5,0.4666666666666667,-0.10417298740636007,-0.003896800906765,0.02252049195683325,0.009950248756218905,-4.452664119742563,-0.07570728085151457,-0.11895606766615296,-0.001009667913933092,-0.0006733403198436852,0.0,0.0,0.2,0.3333333333333333,-0.07416172658802353,-0.293062886617659,0.04393598568748782,0.009950248756218905,4.982274930205841,-0.0857993485450441,-0.09247790976612565,-0.2922342437504859,-0.28487239766270683,1.0,0.0,0.175,0.0,0.2,0.5,0.3220338983050847,False,mix,0.24020613783401523,0.27143725253039197,0.37535211267605634,-0.0499157485850255,0.09954101892544896,0.19047619047619047,0.5,0.146639061568923,100,15,0.0,2.72688842710847,0.2949789077551046,0.95,0.7305300235748291,0.375,0.4,0.25,0.2805483114994497,0.15759284523198328,0.3220338983050847,0.29706118996190917,0.17183709139361616,0.029380089534432993
200,200,,,,,,0.006270468724489983,nan,-0.009872585427978479,nan,nan,nan,0.025,nan,40,20,,,,,,0.04071506245266925,nan,-3.3277331439176994e-05,nan,nan,nan,0.725,nan,,,0.1,,,,,,,,,,,0.1653297856958937,nan,0.008347966158899467,nan,nan,nan,0.175,nan,0.21699766973493445,nan,0.008600594688924186,nan,nan,nan,0.425,nan,,,,,,0.2245843703438312,nan,-0.2932957561416397,nan,nan,nan,0.7,nan,,,,,,-0.0337673405620817,nan,-3.4014429628132613e-05,nan,nan,nan,0.05,nan,,,,,,-0.07229991604105093,nan,-0.31711093680101704,nan,nan,nan,0.35,nan,0.1,nan,1.0,False,noise,0.3390126794602478,nan,0.47029702970297016,-0.23393310526883443,nan,0.05891472868217054,0.6,nan,100,0,0.0,nan,0.3195915444522564,0.95,0.7375657558441162,0.0,0.4166666666666667,0.0,0.046779521085286685,nan,1.4999999999999998,6.4931449691555345,nan,
200,200,0.25131585344026885,-0.0070256569419812585,0.031576896720581844,0.009950248756218905,8.181345768714555,0.10184373632006952,0.2646515669950427,-0.008909159234502823,-0.003873454266951919,1.0,1.0,0.3,1.0,40,20,-0.014729197166617096,-6.0153840245189824e-05,0.006899772903807551,0.029850746268656716,-2.1260182804206447,-0.0041642548928730065,-0.01119975637220211,5.741791055294613e-05,-0.0001402309043473024,0.3333333333333333,nan,0.1,0.0,0.04975124378109453,-1.6996300477920296,0.1,-0.1864270277883011,0.0029341135062114633,0.04288810200564848,0.009950248756218905,-4.4152371505075685,-0.20771592938034517,0.002650878279779475,0.04348571770705507,0.009950248756218905,-4.837606891357743,-0.0912187155040041,-0.21330589965755983,0.006604272760874825,0.0028138187806647356,0.0,0.6666666666666666,0.2,0.6666666666666666,-0.07948945905445574,-0.1729599489894341,0.0069318736217862656,0.004019237727622893,0.0,0.5,0.125,0.5,-0.48891010246071426,-0.2862127956941801,0.09732815707066392,0.04975124378109453,-2.082617331563009,-0.36708928181214784,-0.505409577450353,-0.26619389722964965,-0.27471785086547196,0.0,0.16666666666666666,0.075,0.16666666666666666,-0.10711640874009151,-0.0006284934430707554,0.03361262498488285,0.009950248756218905,-3.168092802681885,-0.06054878573467298,-0.11857929852295189,0.0002777715674818089,-0.00030569109281245485,0.0,0.3333333333333333,0.15,0.3333333333333333,-0.42427292144131823,-0.29959557521974867,0.06271455425968459,0.07960199004975124,-1.9880129531547848,-0.338853547881096,-0.4246200681082783,-0.2877915292840364,-0.29602970195825434,0.0,0.16666666666666666,0.05,0.16666666666666666,0.1,nan,0.0,True,post,-0.29635240163050597,-0.34257428376598204,0.011111111111111112,-0.16348263575043173,0.07596497855092815,0.09999999999999996,0.6,-0.04418889864972544,100,6,0.0,-4.509634443407559,0.2904309147436162,0.0,0.7364451885223389,0.15,0.4166666666666667,0.24,-0.04775464508120647,-0.053440884357601595,0.0,-0.04088866967513633,-0.042318874206446304,0.017023191925176335
200,200,,,,,,0.03328885893132332,nan,-0.00979060379860219,nan,nan,nan,0.05,nan,40,20,,,,,,-0.038911404375979265,nan,0.0001994943974086581,nan,nan,nan,0.6,nan,,,0.1,,,,,,,,,,,-0.17146503277244923,nan,0.009553907676017001,nan,nan,nan,0.375,nan,-0.21709984722072306,nan,0.009057733032353585,nan,nan,nan,0.525,nan,,,,,,-0.44080032371035227,nan,-0.28468887729950026,nan,nan,nan,0.1,nan,,,,,,-0.0516265849740398,nan,-0.00041022918579511456,nan,nan,nan,0.1,nan,,,,,,-0.38414075516268475,nan,-0.308625458797737,nan,nan,nan,0.15,nan,0.1,nan,0.0,False,err,0.1968907357753632,nan,0.37999999999999995,-0.2071272030453541,nan,0.06129032258064514,0.6,nan,100,0,0.95,nan,0.31283581257059334,0.0,0.7352418899536133,0.0,0.4166666666666667,0.0,-0.3685718007206116,nan,-1.0,-1.1689017174261078,nan,
200,200,,,,,,0.09045559408743464,nan,-0.008417952755181672,nan,nan,nan,0.25,nan,40,20,,,,,,0.01056617515568659,nan,-0.0003034771325455791,nan,nan,nan,0.125,nan,,,0.1,,,,,,,,,,,-0.0112474918249455,nan,0.006245636183670238,nan,nan,nan,0.05,nan,-0.0031934671921017405,nan,0.006636335441273193,nan,nan,nan,0.05,nan,,,,,,-0.1552474390189728,nan,-0.3088866713958166,nan,nan,nan,0.075,nan,,,,,,-0.05942257036346873,nan,0.0014364598985716656,nan,nan,nan,0.1,nan,,,,,,-0.25445225019194695,nan,-0.3333037281953494,nan,nan,nan,0.025,nan,0.1,0.1,0.09999999999999999,True,mix,-0.05617969305837611,nan,0.17109144542772856,-0.16283726384138925,nan,0.1029032258064516,0.6,nan,100,0,0.0,nan,0.33783212316431294,0.375,0.7477173805236816,0.0,0.4166666666666667,0.21600000000000003,0.0762912835470784,nan,0.14999999999999997,0.1168106324687149,nan,
200,200,0.2297915237378513,-0.004770156899825449,0.038079631478638305,0.009950248756218905,6.159767611277963,0.08776452240138846,0.22646877207956453,-0.010163340287511619,-0.00517940462738874,1.0,0.8,0.225,0.8,40,20,0.028265592534004153,-0.0002640976380733858,0.008362248498801699,0.01990049751243781,3.411724749958589,0.03719426926629801,0.0436743723398572,-0.0002937568169072349,-0.00018674916556557348,1.0,0.6,0.475,0.6,0.009950248756218905,6.176726161044214,0.1,0.08977088307365418,0.006187457497805029,0.05573557973208964,0.12935323383084577,1.4996421671061677,0.059622819456087134,0.0066499355396946415,0.0542178466507875,0.3482587064676617,0.9770377687002079,0.09360374327982501,0.0821277190746661,0.007768484186191333,0.005970773260643137,0.6,0.0,0.05,0.0,0.12119918926303996,0.10340600142790032,0.0073864001666726735,0.005587360492361659,0.8,0.2,0.175,0.2,0.1659962237719002,-0.29037435879623597,0.10832209369625252,0.009950248756218905,4.213088641396077,0.1206787630441043,0.12717029882978692,-0.3152658644445839,-0.279701182371297,1.0,0.6,0.55,0.6,-0.11672703686096532,0.00033592478064138094,0.04135939024867535,0.009950248756218905,-2.8303841264324636,-0.06765850016719625,-0.10923222628867113,-0.0007713322039562882,0.0031593802307637504,0.0,0.0,0.125,0.4,-0.07871531092269393,-0.3019076281235604,0.06654153298494378,0.009950248756218905,3.354180572425549,-0.1257062853503248,-0.07249800392963568,-0.33957936763079555,-0.29948856967708515,1.0,0.4,0.325,0.4,0.1,0.3,0.26573426573426584,False,mix,0.3718799589099095,0.34706423218390947,0.47032397408207327,-0.11434424651899752,0.10991992801477471,0.12891472868217052,0.6,0.16167122224670924,100,5,0.0,3.15742776084478,0.3412778125870425,0.95,0.7334353923797607,0.125,0.4166666666666667,0.16799999999999998,0.36216093869260685,0.11387956137342901,0.3986013986013987,0.42379617923733603,0.1928494243988448,0.07331465363054793
200,200,0.1947656651565323,-0.00891433600968008,0.028448887670981752,0.009950248756218905,7.1595066743790206,0.07563627148754572,0.209578442929447,-0.008604478146467124,-0.008738681439603685,1.0,0.8888888888888888,0.25,0.8888888888888888,40,20,0.05258620576245734,-0.0005487406580305861,0.007236203128953115,0.009950248756218905,7.34293184785599,0.04007933498678738,0.045654323743313824,0.0003744056971770497,-0.0002525652342805479,0.8888888888888888,0.7777777777777778,0.525,0.7777777777777778,0.009950248756218905,7.017712450953552,0.1,0.08665975170437581,0.00668591649974025,0.043024089770315105,0.04975124378109453,1.8588152737156916,0.055797307725639164,0.005975103813802762,0.04344467299204281,0.22885572139303484,1.1467966146232675,0.10653390967158038,0.05189085063244389,0.009176744220458052,0.004967900319361916,0.7777777777777778,0.0,0.05,0.0,0.13673902355344844,0.06705627265128261,0.010033904699022397,0.00556292485561559,0.8888888888888888,0.0,0.175,0.1111111111111111,0.04290515642387141,-0.3380645424011341,0.08325843502102973,0.009950248756218905,4.5757489763554045,0.11260591032414664,0.045231549392540434,-0.3262968002415032,-0.32530238679628687,0.8888888888888888,0.2222222222222222,0.5,0.2222222222222222,-0.13110791167173855,0.0004594103124028276,0.02990532933396108,0.009950248756218905,-4.399460728570927,-0.06330141579899609,-0.13575522654357622,0.001564707205912626,0.0015668110355312474,0.0,0.0,0.15,0.3333333333333333,-0.133701345853312,-0.3519673472815341,0.05390033262561919,0.009950248756218905,4.0494370032965135,-0.14075544885546137,-0.14359676201421842,-0.3506513888453725,-0.34712315624828993,0.8888888888888888,0.1111111111111111,0.25,0.1111111111111111,0.1,0.5,0.336283185840708,False,mix,0.3543701772746305,0.36874352198114235,0.470315789473684,-0.13204727190882837,0.10134101483506247,0.10891472868217053,0.6,0.17887328628870042,100,9,0.0,3.638640510767439,0.3505294641888687,0.95,0.740135908126831,0.225,0.4166666666666667,0.12,0.20801595065673423,0.21790143520818192,0.504424778761062,0.5298956994910419,0.21783883449636568,0.05942133198022612
200,200,,,,,,-0.0026805691342592173,nan,-0.010748289691037263,nan,nan,nan,0.025,nan,40,20,,,,,,0.04059955538024747,nan,-0.00016355954901488759,nan,nan,nan,0.65,nan,,,0.1,,,,,,,,,,,0.16248573555283852,nan,0.006176974912968303,nan,nan,nan,0.25,nan,0.22937117828174652,nan,0.006605792005452358,nan,nan,nan,0.475,nan,,,,,,0.23756035466174047,nan,-0.2850345634055575,nan,nan,nan,0.675,nan,,,,,,0.0017002056974454315,nan,0.00025924114350565653,nan,nan,nan,0.025,nan,,,,,,-0.048233088101549394,nan,-0.3063177988741727,nan,nan,nan,0.425,nan,0.2,nan,1.0,False,noise,0.3256517840418902,nan,0.47029702970297016,-0.25770096099186823,nan,0.05891472868217054,0.6,nan,100,0,0.0,nan,0.3063919169495132,0.95,0.7344224452972412,0.0,0.4166666666666667,0.0,-0.44231130540482677,nan,1.4999999999999998,-15.145871397742281,nan,
200,200,0.2467740374228523,-0.01221372050310367,0.021290935171353578,0.009950248756218905,12.164226504350703,0.19152629976707544,0.24232057342262253,-0.009061820486774763,-0.010649122021264619,1.0,1.0,0.725,1.0,40,20,-0.004487737393550981,-0.00031966195735537954,0.005495534841375026,0.47761194029850745,-0.7584476408112933,0.0032337330628533717,0.0024477431505144733,3.9090016131903186e-05,-0.0002460366181489095,0.35714285714285715,nan,0.175,0.35714285714285715,0.5771144278606966,0.5474525522804298,0.1,-0.11634998077205244,0.007094831815107049,0.03432493704549214,0.009950248756218905,-3.5963594753271377,-0.0976260099647939,0.006283346305624766,0.03469897278550927,0.009950248756218905,-2.994594592460614,-0.09421952286949858,-0.1560091787618292,0.008314223818799003,0.008412981584925188,0.0,0.35714285714285715,0.225,0.35714285714285715,-0.08900560700457638,-0.13346779587835939,0.008195393361763462,0.008530084760718622,0.07142857142857142,0.35714285714285715,0.15,0.35714285714285715,-0.37658455026673354,-0.3080874418329798,0.07247069654319954,0.3383084577114428,-0.94516972652495,-0.37225728945537206,-0.40311960097450017,-0.2869900861497641,-0.2950623554515229,0.2857142857142857,0.14285714285714285,0.1,0.14285714285714285,-0.1473805222968893,-0.004178791609414556,0.024548007233467877,0.009950248756218905,-5.833537904714525,-0.10616369972519916,-0.142972052082365,0.0005372919874944926,-0.00030626173036470307,0.0,0.5714285714285714,0.3,0.5714285714285714,-0.3935457338474288,-0.31831170014145305,0.04650218508080566,0.11940298507462686,-1.6178601838521272,-0.35766681572343845,-0.3827565204784232,-0.30973661411332887,-0.3189293306020303,0.2857142857142857,0.14285714285714285,0.075,0.14285714285714285,0.2,nan,0.0,True,post,-0.24719061027820777,-0.19408404968797072,0.025,-0.04835937572396393,0.08467919199155875,0.19999999999999998,0.6,0.01000024506759675,100,14,0.0,-2.2919922252838454,0.3123233640355887,0.0,0.7370898723602295,0.35,0.4166666666666667,0.48,-0.0064561952365338685,-0.019392095213959588,0.0,0.01688401575546582,0.010101260144533634,0.03664589776179863
200,200,,,,,,0.00227052056752323,nan,-0.010825932586279867,nan,nan,nan,0.025,nan,40,20,,,,,,-0.038734561828189094,nan,-0.00018444583932929548,nan,nan,nan,0.625,nan,,,0.1,,,,,,,,,,,-0.160242415046574,nan,0.00731763392306765,nan,nan,nan,0.325,nan,-0.21182215686612932,nan,0.00775397579805278,nan,nan,nan,0.575,nan,,,,,,-0.4488355182297341,nan,-0.28136322278430326,nan,nan,nan,0.1,nan,,,,,,-0.031760580151659584,nan,-2.0039379105063483e-06,nan,nan,nan,0.075,nan,,,,,,-0.406944349248333,nan,-0.3039464999202035,nan,nan,nan,0.075,nan,0.2,nan,0.0,False,err,0.221558467858679,nan,0.37999999999999995,-0.2637530522073869,nan,0.06129032258064514,0.6,nan,100,0,0.95,nan,0.3063246481718297,0.0,0.7355163097381592,0.0,0.4166666666666667,0.0,-0.2553907473042381,nan,-1.0,-17.05977139438214,nan,
200,200,0.2685864591798328,-0.01231067719981176,0.01919843316322411,0.009950248756218905,14.631253184926088,0.1996628614930045,0.270743798820123,-0.010403612590632024,-0.010372949311655827,1.0,1.0,0.675,1.0,40,20,0.03357715991737241,-9.510138864683059e-05,0.004456524125243684,0.009950248756218905,7.555722880019706,0.03449783054460618,0.03855286804135177,0.00015273416084017271,0.00030481574924627993,1.0,0.55,0.475,0.55,0.009950248756218905,9.035376377177828,0.1,0.02048347105500193,0.007368246264783602,0.029411298512712878,0.6666666666666666,0.4459247110121104,-0.0046360352410503725,0.007673679204461607,0.029142527788167255,0.7263681592039801,-0.4223969360025007,0.0314808941240945,0.007344994187625413,0.009389162899263347,0.009463835264846562,0.4,0.0,0.0,0.0,0.04692970368225433,0.019639128099934677,0.00891284217803767,0.00921136745946191,0.55,0.0,0.075,0.0,-0.028095518736782316,-0.31804085489029515,0.06115834920551857,0.009950248756218905,4.740895395564552,-0.02016184968172541,-0.05956891205050374,-0.2920640880583548,-0.30572024320772084,1.0,0.1,0.2,0.1,-0.14187313332990892,-0.006233590670298582,0.02050822388608899,0.009950248756218905,-6.613909785966527,-0.10719074370061246,-0.14162293397240974,-0.001125802680432143,-0.0006418702038268297,0.0,0.0,0.275,0.5,-0.21053548920147694,-0.3349290170087677,0.039211275010762006,0.009950248756218905,3.1723918125584305,-0.2041600848190231,-0.2335621916292296,-0.3156683789516195,-0.33195910172482385,0.95,0.0,0.075,0.0,0.2,0.1,0.1,True,mix,0.18039410686349014,0.16340018034164513,0.35899280575539555,0.006436240761359635,0.1267453271870641,0.21636363636363634,0.6,0.12464689138929039,100,20,0.0,1.289200824741112,0.31888919836326207,0.75,0.7310929298400879,0.5,0.4166666666666667,0.43200000000000005,0.17345499827744534,0.12433569476146698,0.15,0.172780407365918,0.1423961258184368,0.023981938147228907
200,200,0.21575893676076022,-0.010837942992519372,0.020879543868276482,0.009950248756218905,10.852578062622765,0.1568817062351862,0.21068960041814255,-0.006670929935570792,-0.007404873797540999,1.0,0.8947368421052632,0.575,0.8947368421052632,40,20,0.035259349267351955,-0.00043365726237481236,0.0037331240127868336,0.009950248756218905,9.561162821783741,0.03512556955649867,0.03545972731873142,-9.452544142783045e-05,-0.00033578593396014247,1.0,0.7368421052631579,0.65,0.7368421052631579,0.009950248756218905,9.767023764595672,0.1,0.09136626252617247,0.0036499413931437475,0.029007130148136665,0.009950248756218905,3.0239572367912935,0.06918247304004303,0.00468677960992576,0.02942720216374458,0.009950248756218905,2.191703209467419,0.07848648380429195,0.07973815724057372,0.005931382824128564,0.005076730008791841,0.8421052631578947,0.05263157894736842,0.1,0.05263157894736842,0.09515101740572784,0.0845585215602052,0.0053381783037278205,0.00515632634758722,0.7368421052631579,0.10526315789473684,0.15,0.10526315789473684,0.12749684204804057,-0.2917982746405913,0.0566126737094677,0.009950248756218905,7.406382514859108,0.09016100191082069,0.08294766656782286,-0.2879009378068213,-0.2739971294968072,1.0,0.2631578947368421,0.4,0.2631578947368421,-0.12599242833354124,-0.0030577431645552222,0.024111759184408495,0.009950248756218905,-5.098536536619914,-0.08652881216799121,-0.12306801450082949,-0.00010287214778381759,-0.0009545241078357369,0.0,0.0,0.225,0.42105263157894735,-0.07826099920571394,-0.3071746141957846,0.042192604864095394,0.009950248756218905,5.425444001904791,-0.12429317298972845,-0.12237415981981407,-0.3104062092320765,-0.295196018253736,1.0,0.15789473684210525,0.225,0.15789473684210525,0.2,0.3,0.15322580645161293,False,mix,0.3077678898072606,0.340010444064783,0.47035629453681693,-0.03864130582224718,0.07524516591228958,0.19891472868217053,0.6,0.14405778656700932,100,19,0.0,4.518701499856086,0.31233443347966794,0.95,0.7366108894348145,0.475,0.4166666666666667,0.33599999999999997,0.24300954334629182,0.15257866836467812,0.22983870967741937,0.22389844169492165,0.16830316849221177,0.022804604594225147
200,200,0.2071346997026734,-0.01150859573553606,0.030637119375204542,0.009950248756218905,7.136548732059546,0.10165790442622122,0.20076778029986292,-0.010982464014673494,-0.009167961284429538,1.0,0.8571428571428571,0.275,0.8571428571428571,40,20,0.05452924838441209,1.6360242982923593e-05,0.008453525590226493,0.009950248756218905,6.448538843722845,0.04151920768616597,0.05211030557749625,0.000424355297220633,0.00014496431748641908,1.0,0.7142857142857143,0.675,0.7142857142857143,0.009950248756218905,7.35194722268086,0.1,0.048567019052713656,0.0076454637446735155,0.04598344671050566,0.39800995024875624,0.8899192695314211,0.07783579742248259,0.009012340139760523,0.04860607747341937,0.1691542288557214,1.415943455197404,0.11320875400089395,0.09742709057263844,0.011371668976506669,0.008531395466802559,0.8571428571428571,0.0,0.1,0.0,0.13743063825735674,0.09762675773764631,0.011663278210017468,0.009017825205623529,0.8571428571428571,0.0,0.125,0.0,0.1271597504888668,-0.34728451344770067,0.0975803350782886,0.009950248756218905,4.862088898865322,0.1305860230867542,0.103617542433302,-0.30333083421349794,-0.33390582625360526,1.0,0.5714285714285714,0.55,0.5714285714285714,-0.13671833902815358,0.0030875215147119555,0.036124485907216244,0.009950248756218905,-3.870113498585948,-0.07409916569962197,-0.13633350314171397,0.0011645087838788864,0.0037719434149159604,0.0,0.0,0.05,0.2857142857142857,-0.14324329405412786,-0.36335932146655364,0.0648698545606827,0.009950248756218905,3.39319440285047,-0.10707308549989714,-0.1104166370995536,-0.3291652656763171,-0.35407019243497934,1.0,0.42857142857142855,0.3,0.42857142857142855,0.2,0.5,0.20212765957446815,False,mix,0.34650341463086687,0.3793442650296174,0.4703370786516852,-0.0857204361452718,0.09919786027195246,0.1589147286821705,0.6,0.20606888650196722,100,7,0.0,3.8241174153317345,0.33220458237726114,0.95,0.7352731227874756,0.175,0.4166666666666667,0.24,0.32699996137390097,0.23641096011541812,0.3031914893617022,0.4084208495198596,0.2595551213430028,0.07020855616147172
200,200,,,,,,-0.0016667654346859116,nan,-0.0069205801333261895,nan,nan,nan,0.025,nan,40,20,,,,,,0.028155120901376757,nan,0.00012511226985852735,nan,nan,nan,0.275,nan,,,0.1,,,,,,,,,,,0.1046655265759111,nan,0.00764081115534603,nan,nan,nan,0.075,nan,0.15961712486973037,nan,0.007571028160700129,nan,nan,nan,0.325,nan,,,,,,0.12398712903638087,nan,-0.2923989428378637,nan,nan,nan,0.525,nan,,,,,,-0.0014296098306324765,nan,-0.0003694596652120061,nan,nan,nan,0.05,nan,,,,,,-0.1114694554760312,nan,-0.3156892937692861,nan,nan,nan,0.35,nan,0.1,nan,1.0,False,noise,0.496966289961399,nan,0.5652892561983469,-0.24325911306993858,nan,0.03646055437100214,0.7,nan,100,0,0.0,nan,0.3196824300047564,0.95,0.7377872467041016,0.0,0.42857142857142855,0.0,-0.005223946964227154,nan,2.333333333333333,-16.892071502960082,nan,
200,200,,,,,,0.09003624787612645,nan,-0.007538665585187775,nan,nan,nan,0.325,nan,40,20,,,,,,0.0001711622980134832,nan,-0.0001319001424203044,nan,nan,nan,0.05,nan,,,0.1,,,,,,,,,,,-0.04738253602570244,nan,0.005721474256347547,nan,nan,nan,0.025,nan,-0.046610128514147364,nan,0.005601834766269785,nan,nan,nan,0.05,nan,,,,,,-0.37247678886272306,nan,-0.267543929764306,nan,nan,nan,0.05,nan,,,,,,-0.037607188144019296,nan,-0.0007593771643792662,nan,nan,nan,0.1,nan,,,,,,-0.3496975193806547,nan,-0.2893810995755177,nan,nan,nan,0.075,nan,0.1,nan,0.0,True,post,-0.3264270958695499,nan,0.011111111111111112,-0.19357766804595228,nan,0.1,0.7,nan,100,0,0.0,nan,0.29301244457215214,0.0,0.7352340221405029,0.0,0.42857142857142855,0.23333333333333336,-0.010913226948879032,nan,0.0,0.0019010376603984152,nan,
200,200,,,,,,0.016599621963938778,nan,-0.008385658699082497,nan,nan,nan,0.125,nan,40,20,,,,,,-0.0232161896907108,nan,-0.00017842602973870897,nan,nan,nan,0.3,nan,,,0.1,,,,,,,,,,,-0.10607276239759966,nan,0.005842167852625631,nan,nan,nan,0.225,nan,-0.1375013483763013,nan,0.005795323892807399,nan,nan,nan,0.325,nan,,,,,,-0.3824876336735585,nan,-0.2892113706448645,nan,nan,nan,0.025,nan,,,,,,-0.019232187004987897,nan,-0.0002675598331380374,nan,nan,nan,0.05,nan,,,,,,-0.3640676072837047,nan,-0.3120973776946756,nan,nan,nan,0.05,nan,0.1,nan,0.0,False,err,0.06724933707638259,nan,0.285,-0.24419571033214188,nan,0.03986013986013987,0.7,nan,100,0,0.95,nan,0.3149088032881714,0.0,0.732917308807373,0.0,0.42857142857142855,0.0,-0.19367375487627625,nan,-1.0,-1.3985974946384885,nan,
200,200,0.18059980291740202,-0.008443016908135818,0.02893082472208834,0.009950248756218905,6.534304556989404,0.08169062097280315,0.18882721011975656,-0.009151275316344572,-0.006057274731323889,1.0,1.0,0.25,1.0,40,20,0.03180701611720307,-0.0007259083767512817,0.008360588120670963,0.009950248756218905,3.8912243995883213,0.02616499979359785,0.03302394572448109,-0.0010211732400974588,-0.0012712239311474939,1.0,0.3333333333333333,0.425,0.3333333333333333,0.009950248756218905,4.407129747128777,0.1,0.00823970634085848,0.005381597855475007,0.0488337081684098,1.0,0.058527369567520096,0.027059346193103368,0.005563912730688909,0.04786323522939748,0.736318407960199,0.4491011390881266,0.06867016827105112,0.025891266140366003,0.002565869414911794,0.0026649390445902827,0.6666666666666666,0.0,0.05,0.0,0.09349326395595371,0.018713981551801807,0.002347436714499691,0.0029033580109915666,0.5,0.0,0.2,0.0,-0.014995907293768769,-0.34730067882710514,0.09046192699332686,0.009950248756218905,3.6734213229193777,0.0774724956316998,-0.03327220699664347,-0.2887506040376885,-0.3409333058404463,1.0,0.16666666666666666,0.35,0.16666666666666666,-0.15000266688348415,-0.005237214081135106,0.03273945999361015,0.009950248756218905,-4.421742228680056,-0.06023414922009087,-0.1598806065421723,-0.0014429510173341305,-0.003468973088061048,0.0,0.0,0.175,0.8333333333333334,-0.1990504765371013,-0.3610368547670194,0.05989150374400828,0.01990049751243781,2.7046637352701137,-0.12544590599061783,-0.20244187979661452,-0.3121237761565191,-0.36690525445505945,1.0,0.16666666666666666,0.2,0.16666666666666666,0.1,0.1,0.10000000000000003,True,mix,0.31396077158703745,0.2604331379288782,0.45062586926286485,-0.1253859615994349,0.07289984828896605,0.11195121951219512,0.7,0.14885631584298484,100,6,0.0,3.572478462459252,0.3183484904872186,0.7777777777777777,0.7390189170837402,0.15,0.42857142857142855,0.21000000000000005,0.17051548616401857,0.18894960149183637,0.23333333333333336,0.3202938046254885,0.17488976140428542,0.04508150823640396
200,200,,,,,,0.06153957076885056,nan,-0.008624610093795062,nan,nan,nan,0.2,nan,40,20,,,,,,0.035499425367052286,nan,-5.196910772415368e-05,nan,nan,nan,0.425,nan,,,0.1,,,,,,,,,,,0.09554112273175146,nan,0.00880653956746728,nan,nan,nan,0.1,nan,0.13166377407499677,nan,0.008542257806607528,nan,nan,nan,0.225,nan,,,,,,0.12720149487058616,nan,-0.3171939871521139,nan,nan,nan,0.475,nan,,,,,,-0.05271370874852087,nan,0.0010251106342125044,nan,nan,nan,0.1,nan,,,,,,-0.12639105041613158,nan,-0.34132886626267195,nan,nan,nan,0.35,nan,0.1,0.3,0.14856646394439627,False,mix,0.4482301733947809,nan,0.5653147482014387,-0.17127456203904412,nan,0.10646055437100212,0.7,nan,100,0,0.0,nan,0.34372253708809225,0.95,0.7376265525817871,0.0,0.42857142857142855,0.16333333333333333,0.23482860288957502,nan,0.3466550825369245,0.5768552644020228,nan,
200,200,,,,,,0.04787422939576412,nan,-0.009937641193299823,nan,nan,nan,0.1,nan,40,20,,,,,,0.02734253781208945,nan,0.000425632442364323,nan,nan,nan,0.35,nan,,,0.1,,,,,,,,,,,0.08305136322532373,nan,0.010888155494935197,nan,nan,nan,0.075,nan,0.11553047157586875,nan,0.010785554649675922,nan,nan,nan,0.225,nan,,,,,,0.10468610650166357,nan,-0.30362541384744024,nan,nan,nan,0.425,nan,,,,,,-0.05640838079345796,nan,0.0006111596419678556,nan,nan,nan,0.1,nan,,,,,,-0.12931338785582552,nan,-0.328727621114641,nan,nan,nan,0.225,nan,0.1,0.5,0.19632606199770386,False,mix,0.4728727444556281,nan,0.5653070175438595,-0.16556997833959292,nan,0.08646055437100214,0.7,nan,100,0,0.0,nan,0.33304379470968526,0.95,0.7358591556549072,0.0,0.42857142857142855,0.11666666666666668,0.059533029345357175,nan,0.4580941446613089,0.5711326982635192,nan,
200,200,,,,,,-0.019737289459835782,nan,-0.01013958191104368,nan,nan,nan,0.025,nan,40,20,,,,,,0.029348631526567092,nan,-9.612641328374194e-05,nan,nan,nan,0.35,nan,,,0.1,,,,,,,,,,,0.1277789441992975,nan,0.0072209644695406345,nan,nan,nan,0.175,nan,0.17433228523582606,nan,0.007380745486380502,nan,nan,nan,0.325,nan,,,,,,0.17240166141919372,nan,-0.2850881564641474,nan,nan,nan,0.5,nan,,,,,,-0.01402317146701874,nan,-0.0005173023300310706,nan,nan,nan,0.0,nan,,,,,,-0.10320973779761404,nan,-0.30973292598860325,nan,nan,nan,0.225,nan,0.2,nan,1.0,False,noise,0.43807206671877247,nan,0.5652892561983469,-0.29980972039816434,nan,0.03646055437100214,0.7,nan,100,0,0.0,nan,0.3153605456562592,0.95,0.7579526901245117,0.0,0.42857142857142855,0.0,-0.11944757090941197,nan,2.333333333333333,-1.4869636272138493,nan,
200,200,0.3138092547620246,-0.0064678348876138735,0.02694282914837767,0.009950248756218905,11.887285031350775,0.17075675219416953,0.29236142965695283,-0.007223573945956923,-0.005635928006255523,1.0,0.9090909090909091,0.525,0.9090909090909091,40,20,-0.0026540122180144883,-0.00047771225682607054,0.005755011165841505,0.6766169154228856,-0.37815738286096595,0.0017234049766907996,0.0008684052102334823,0.0001463520455789661,-0.00024177302875055438,0.36363636363636365,nan,0.05,0.09090909090909091,0.8756218905472637,0.23564231326928956,0.1,-0.14081709648788301,0.0012064847628624263,0.038212770291997836,0.009950248756218905,-3.71665231705983,-0.16001222340610938,0.0016313046138669988,0.037740509778409176,0.009950248756218905,-4.283024499795373,-0.07876391613112728,-0.12105484084932745,0.006552117848040794,0.0012114050573776435,0.2727272727272727,0.2727272727272727,0.15,0.2727272727272727,-0.07456219923831708,-0.11188843684592245,0.007116935631455289,0.003006676249383727,0.2727272727272727,0.18181818181818182,0.125,0.18181818181818182,-0.38877910726951165,-0.2735876369846046,0.07643924837194407,0.14925373134328357,-1.5069675950094696,-0.3690655799929363,-0.36286246908713193,-0.27548291419009036,-0.26183641074229563,0.18181818181818182,0.0,0.0,0.0,-0.10214129245222041,-0.003715698096894882,0.028402556134128048,0.009950248756218905,-3.465378041576813,-0.08693625803193926,-0.1181510196945386,-0.0004648814490675108,-7.169986667224611e-05,0.0,0.36363636363636365,0.2,0.36363636363636365,-0.3044823148947049,-0.28500094145877014,0.047651553001577494,0.7064676616915423,-0.4088297696169735,-0.3491344871979093,-0.3401113634855069,-0.2988960127891776,-0.2814590711372236,0.18181818181818182,0.0,0.0,0.0,0.2,nan,0.0,True,post,-0.2988725564633731,-0.22536480378733242,0.025,-0.08768026821301285,0.10401098535638509,0.19999999999999998,0.7,0.0029615172365622766,100,11,0.0,-2.1667403978064286,0.3017983589756182,0.0,0.7340517044067383,0.275,0.42857142857142855,0.46666666666666673,-0.006789099624167054,-0.00845740582133928,0.0,0.010092748629530593,0.0029703138722930724,0.019405322599802283
200,200,,,,,,0.007513653255643693,nan,-0.008573624609930875,nan,nan,nan,0.025,nan,40,20,,,,,,-0.026211255061092436,nan,0.00033811348065278734,nan,nan,nan,0.375,nan,,,0.1,,,,,,,,,,,-0.10721560447061887,nan,0.010141009512488463,nan,nan,nan,0.15,nan,-0.13084029871497785,nan,0.00954494361014455,nan,nan,nan,0.35,nan,,,,,,-0.4110437564569048,nan,-0.31611347074152973,nan,nan,nan,0.05,nan,,,,,,-0.021624562748938553,nan,0.0009750725880224982,nan,nan,nan,0.075,nan,,,,,,-0.4001860984212313,nan,-0.3419681506987328,nan,nan,nan,0.1,nan,0.2,nan,0.0,False,err,0.05146686993204304,nan,0.285,-0.26876068608206116,nan,0.03986013986013987,0.7,nan,100,0,0.95,nan,0.3443880427467284,0.0,0.7371296882629395,0.0,0.42857142857142855,0.0,-0.052033059404709384,nan,-1.0,-3.4884834539582337,nan,
200,200,0.24056245119461123,-0.008967988861501299,0.02072761000123295,0.009950248756218905,12.03855340915962,0.15494872762089726,0.23042551279412243,-0.009155352791619904,-0.009030960422733169,1.0,1.0,0.625,1.0,40,20,0.02642800408661007,-9.924963463291879e-05,0.005193041691397732,0.009950248756218905,5.10823045385465,0.02937755356017649,0.027315774711519993,8.979595276246968e-05,-0.00018063263766682742,0.9375,0.4375,0.425,0.4375,0.009950248756218905,5.664284941499799,0.1,-0.015374948809126376,0.008911544486761163,0.03084556930010276,0.3781094527363184,-0.7873575961205966,-0.0004353526780664905,0.008745874311880193,0.030743266451621794,0.8059701492537313,-0.29864188322655305,0.03273125701610334,-0.020760708506171392,0.008141971668367486,0.0078261833870296,0.5,0.0,0.025,0.0625,0.04758585922408813,-0.02629648101337869,0.007773955902654437,0.007117014055150011,0.5,0.0625,0.1,0.125,-0.03676415778732142,-0.3423183989383742,0.06121218986149338,0.009950248756218905,4.991722103676533,0.009203397360202236,-0.07362074055523668,-0.29623602374055025,-0.32795295534986807,1.0,0.0,0.175,0.0,-0.16661012093015637,-0.0048957565939217705,0.02291296448501798,0.009950248756218905,-7.05776698754613,-0.09213552793183219,-0.15968802529668566,-0.002024944209017242,-0.0023912381766294575,0.0,0.0,0.25,0.625,-0.22092940176256137,-0.36673192639938507,0.03738011141973896,0.009950248756218905,3.90053745414816,-0.17731450411385855,-0.23132184862996463,-0.3203438798907608,-0.35434705695751295,0.875,0.0,0.075,0.0,0.2,0.1,0.06354515050167227,False,mix,0.4783095719437642,0.47310700757540064,0.5653653444676408,-0.03874483446576032,0.09814537005114254,0.21646055437100215,0.7,0.1059813698297057,100,16,0.0,4.820471993012706,0.31995362187379145,0.95,0.7345378398895264,0.4,0.42857142857142855,0.4200000000000001,0.15081831071541818,0.14755113980207152,0.14827201783723526,0.1895953197631451,0.11854492317404859,0.027393781132445442
200,200,0.20027749115709287,-0.006253445745762536,0.024565892681263114,0.009950248756218905,8.40722295640302,0.13026449587097147,0.2012082649905588,-0.0078086312222303035,-0.002114729133240112,1.0,1.0,0.475,1.0,40,20,0.015823600273522094,0.0002769603956307071,0.005452182789589395,0.01990049751243781,2.85145243199206,0.023013813752639518,0.023225241111895507,0.00024030107851762526,0.00013137851657409296,0.8461538461538461,0.3076923076923077,0.325,0.3076923076923077,0.009950248756218905,5.010051056548137,0.1,-0.02531917352571948,0.00543074750516659,0.03395098791605226,0.3482587064676617,-0.9057150591910047,0.033081841204366816,0.0058907894903588755,0.03408179375532451,0.42786069651741293,0.797817506567187,0.03400959391906292,0.007946611399685825,0.008946278093963525,0.005270863623697549,0.5384615384615384,0.0,0.0,0.0,0.04159784287261444,0.001859566491853528,0.008240430234861144,0.004089330961789544,0.38461538461538464,0.15384615384615385,0.175,0.3076923076923077,-0.012006494026757339,-0.30175398554785327,0.06558545820206364,0.009950248756218905,4.417861816623874,0.02454928784600418,0.002434625803970316,-0.30432247074310004,-0.2944069362698749,1.0,0.23076923076923078,0.225,0.23076923076923078,-0.13607293718518465,-0.007212461020642642,0.025400193498641664,0.009950248756218905,-5.073208444902592,-0.10118563902442242,-0.1397036303938866,-0.0015088172187427322,-0.0043776953181437,0.0,0.0,0.325,0.46153846153846156,-0.1651091011324594,-0.32177237470594183,0.043156904316099254,0.009950248756218905,3.6300859862974617,-0.16067054566484926,-0.14774655911545673,-0.3285854582765882,-0.31923550635949416,1.0,0.23076923076923078,0.2,0.23076923076923078,0.2,0.3,0.08024401689347732,False,mix,0.48652930679090056,0.5053797086635121,0.5653451676528598,-0.07093088542149954,0.05572053505915025,0.17646055437100205,0.7,0.10348384033751691,100,13,0.0,9.069900497671554,0.333063320092644,0.95,0.731734037399292,0.325,0.42857142857142855,0.32666666666666666,0.1492126770918203,0.07987840187715983,0.1872360394181137,0.17666988690022625,0.11542886229343162,0.049358348716147464
200,200,0.20799737070735194,-0.014313034640764997,0.029214793861715483,0.009950248756218905,7.609514768195371,0.10674072236347995,0.207482625475772,-0.009501978521981464,-0.01230368131471768,1.0,0.8888888888888888,0.3,0.8888888888888888,40,20,0.044585257825388455,0.0008557606638462112,0.006820280761928589,0.009950248756218905,6.411685776813248,0.028325773520370617,0.04171592144520464,0.00021485186914691384,0.000976885036608,1.0,0.7777777777777778,0.35,0.7777777777777778,0.009950248756218905,6.577523640701463,0.1,0.08984537057870022,0.014103924465516475,0.043357995271810716,0.10945273631840796,1.7468853353715896,0.07291523114023739,0.015384057713197117,0.04354793117855217,0.14925373134328357,1.3211000354950018,0.06534908237678089,0.07405570375925585,0.008917614718137366,0.01255083319510127,0.8888888888888888,0.0,0.025,0.0,0.089353736023156,0.10701970078256193,0.009141124076790436,0.013085700565643591,0.8888888888888888,0.0,0.075,0.0,0.04592415296248948,-0.2818098414938169,0.08397256796641286,0.009950248756218905,3.902869739359283,0.07766136805264459,0.0873832521612582,-0.28985544505207955,-0.2750982206461667,1.0,0.3333333333333333,0.325,0.3333333333333333,-0.11995960456404482,-0.003194718033589333,0.03153543481829467,0.009950248756218905,-3.7026566210215677,-0.060989024875217665,-0.10381351434247506,0.00031662176777565474,0.0003619844656567887,0.0,0.0,0.1,0.1111111111111111,-0.10550439757281006,-0.3010136948427087,0.05116239164320134,0.009950248756218905,3.821347888299067,-0.13228248785697252,-0.0923382163522427,-0.3129886468913679,-0.29670310561502994,1.0,0.2222222222222222,0.175,0.2222222222222222,0.2,0.5,0.10884786760025465,False,mix,0.47877528073652603,0.48060147028511935,0.5653271028037381,-0.08642578964822953,0.09859207613738905,0.13646055437100216,0.7,0.16740033985203442,100,9,0.0,4.874646007204437,0.31655578412767815,0.95,0.7361946105957031,0.225,0.42857142857142855,0.23333333333333336,0.23059266324539607,0.21921605463138488,0.25397835773392746,0.265369887828883,0.20105742034807564,0.032220702098922645
200,200,,,,,,-0.005331505740489374,nan,-0.008986054797928422,nan,nan,nan,0.05,nan,40,20,,,,,,0.019022941174912385,nan,-3.644944630913674e-05,nan,nan,nan,0.175,nan,,,0.1,,,,,,,,,,,0.08103029227737932,nan,0.008280532117413478,nan,nan,nan,0.025,nan,0.1128396284511453,nan,0.008101218120865061,nan,nan,nan,0.125,nan,,,,,,0.09628978899918719,nan,-0.3001142637703091,nan,nan,nan,0.425,nan,,,,,,-0.015625413036795432,nan,-0.0004133284218674634,nan,nan,nan,0.1,nan,,,,,,-0.1472353631306515,nan,-0.3249232536259201,nan,nan,nan,0.2,nan,0.1,nan,1.0,False,noise,0.604321938342984,nan,0.6602836879432623,-0.2761929617868025,nan,0.01979166666666666,0.8,nan,100,0,0.0,nan,0.32869907489328637,0.95,0.7316164970397949,0.0,0.4375,0.0,-0.27837456126831434,nan,4.000000000000001,-3.568024138180199,nan,
200,200,,,,,,0.09391669892799719,nan,-0.009624194542699475,nan,nan,nan,0.15,nan,40,20,,,,,,0.0014468472198559494,nan,-0.00040083849376015417,nan,nan,nan,0.1,nan,,,0.1,,,,,,,,,,,-0.04999121170486043,nan,0.005105008686148611,nan,nan,nan,0.1,nan,-0.04971602191296774,nan,0.0052921313006701175,nan,nan,nan,0.1,nan,,,,,,-0.36956521383914687,nan,-0.29463434472589467,nan,nan,nan,0.075,nan,,,,,,-0.04869159264266282,nan,0.00045449476814669556,nan,nan,nan,0.025,nan,,,,,,-0.36614116449970896,nan,-0.3178858402163498,nan,nan,nan,0.075,nan,0.1,nan,0.0,True,post,-0.33069290426433007,nan,0.011111111111111117,-0.1774252232091185,nan,0.10000000000000003,0.8,nan,100,0,0.0,nan,0.3210523621815081,0.0,0.7335517406463623,0.0,0.4375,0.2285714285714286,-0.03061591618542312,nan,0.0,0.015405643899017354,nan,
200,200,,,,,,0.022143424121730388,nan,-0.006474434200372667,nan,nan,nan,0.125,nan,40,20,,,,,,-0.01883523078963546,nan,-0.00014584934276445,nan,nan,nan,0.225,nan,,,0.1,,,,,,,,,,,-0.09674223667007167,nan,0.0048117071212410625,nan,nan,nan,0.075,nan,-0.11538966518802644,nan,0.00530879837813358,nan,nan,nan,0.175,nan,,,,,,-0.4048215979823052,nan,-0.2883981264620718,nan,nan,nan,0.075,nan,,,,,,-0.019330950803435016,nan,-0.0013889447543370967,nan,nan,nan,0.05,nan,,,,,,-0.37322802172434705,nan,-0.3094465424564268,nan,nan,nan,0.025,nan,0.1,nan,0.0,False,err,-0.07822478044987552,nan,0.18999999999999995,-0.277692767996142,nan,0.023456790123456788,0.8,nan,100,0,0.95,nan,0.310388572206105,0.0,0.7380943298339844,0.0,0.4375,0.0,0.06911361610652661,nan,-1.0,-0.8506015459077785,nan,
200,200,,,,,,0.05024498206233058,nan,-0.008450899897256708,nan,nan,nan,0.1,nan,40,20,,,,,,0.017835899339962696,nan,-0.00013086700536354252,nan,nan,nan,0.225,nan,,,0.1,,,,,,,,,,,0.04666728544751001,nan,0.0066450501284430015,nan,nan,nan,0.0,nan,0.06530203472104443,nan,0.006823228784049386,nan,nan,nan,0.075,nan,,,,,,0.04106264961084947,nan,-0.28606035202808494,nan,nan,nan,0.225,nan,,,,,,-0.03290063158590678,nan,-0.0001993126036379955,nan,nan,nan,0.025,nan,,,,,,-0.15905928405362807,nan,-0.30935683891734506,nan,nan,nan,0.075,nan,0.1,0.1,0.050131926121371996,False,mix,0.5978794744358196,nan,0.6603159557661926,-0.20632334143666875,nan,0.10979166666666669,0.8,nan,100,0,0.0,nan,0.3122208302961826,0.95,0.7362704277038574,0.0,0.4375,0.20571428571428574,0.16331937144341094,nan,0.20052770448548804,0.354978718428771,nan,
200,200,,,,,,0.05684422295192489,nan,-0.010475817917516053,nan,nan,nan,0.15,nan,40,20,,,,,,0.018443421157050863,nan,7.337529596088779e-05,nan,nan,nan,0.125,nan,,,0.1,,,,,,,,,,,0.02973326376620728,nan,0.008633810357838553,nan,nan,nan,0.0,nan,0.05313187370831719,nan,0.00873789897448788,nan,nan,nan,0.025,nan,,,,,,0.033565931555758356,nan,-0.279890319672987,nan,nan,nan,0.15,nan,,,,,,-0.035418423080480155,nan,-6.58512733764064e-05,nan,nan,nan,0.1,nan,,,,,,-0.16356080458630692,nan,-0.30292705487245014,nan,nan,nan,0.05,nan,0.1,0.3,0.06354515050167223,False,mix,0.5986269027786528,nan,0.6603081664098612,-0.21123159735839753,nan,0.08979166666666664,0.8,nan,100,0,0.0,nan,0.30706025486939514,0.95,0.7356863021850586,0.0,0.4375,0.15999999999999998,0.15655079982176295,nan,0.25418060200668896,0.3244555066334374,nan,
200,200,,,,,,0.03211512112533427,nan,-0.007964039591286127,nan,nan,nan,0.05,nan,40,20,,,,,,0.016069342299532503,nan,3.070708127126761e-05,nan,nan,nan,0.15,nan,,,0.1,,,,,,,,,,,0.048918379271405646,nan,0.006562607835911397,nan,nan,nan,0.025,nan,0.06293187569759084,nan,0.007107500616668599,nan,nan,nan,0.05,nan,,,,,,0.05995170696941068,nan,-0.29743073637050027,nan,nan,nan,0.3,nan,,,,,,-0.03646377440385638,nan,-0.00022081075736185408,nan,nan,nan,0.05,nan,,,,,,-0.160300684361056,nan,-0.31969896864228736,nan,nan,nan,0.175,nan,0.1,0.5,0.08675799086757986,False,mix,0.604669447301147,nan,0.6603007518796992,-0.2281688955302918,nan,0.06979166666666667,0.8,nan,100,0,0.0,nan,0.32145589765827065,0.95,0.7353384494781494,0.0,0.4375,0.1142857142857143,0.11025348483006198,nan,0.3470319634703195,0.5003668594871366,nan,
200,200,,,,,,0.007547610347162706,nan,-0.00817248304541021,nan,nan,nan,0.05,nan,40,20,,,,,,0.01650530208380269,nan,0.0003219339649251694,nan,nan,nan,0.15,nan,,,0.1,,,,,,,,,,,0.0636894844498597,nan,0.008629001775408231,nan,nan,nan,0.0,nan,0.08369355008289932,nan,0.008831197156244218,nan,nan,nan,0.1,nan,,,,,,0.07335033646402839,nan,-0.28007280443932414,nan,nan,nan,0.225,nan,,,,,,-0.017258431070376296,nan,-0.0008246832982567127,nan,nan,nan,0.05,nan,,,,,,-0.13938799413813466,nan,-0.30491838418308326,nan,nan,nan,0.15,nan,0.2,nan,1.0,False,noise,0.587180169208674,nan,0.6602836879432623,-0.2632446885577235,nan,0.01979166666666666,0.8,nan,100,0,0.0,nan,0.3091792925854292,0.95,0.7375607490539551,0.0,0.4375,0.0,0.16027149391640355,nan,4.000000000000001,2.186824878950906,nan,
200,200,0.24807551005325612,-0.011172501672377022,0.02138021877580067,0.009950248756218905,12.125601446461298,0.18584164153146632,0.2537705140424955,-0.008072638228398035,-0.009594131396863237,1.0,1.0,0.675,1.0,40,20,-0.0031214906980030557,9.597757879074163e-06,0.005059609818210561,0.5671641791044776,-0.6188399042143267,0.005520254075213797,-0.002369274771607116,-1.647924651410527e-05,0.00034651651660305135,0.4444444444444444,nan,0.175,0.16666666666666666,0.4975124378109453,-0.6660096925539666,0.1,-0.13516024856346393,0.009061352203095278,0.02820728977893715,0.009950248756218905,-5.112919457761552,-0.16309812966400566,0.007376827228493684,0.02868134767219487,0.009950248756218905,-5.943756856719203,-0.09396492699328858,-0.16458848285383276,0.006858088934370958,0.009993787247364414,0.1111111111111111,0.4444444444444444,0.275,0.4444444444444444,-0.07302319708111119,-0.13871668254134342,0.006560827588223111,0.00978755785316336,0.1111111111111111,0.3333333333333333,0.2,0.3333333333333333,-0.4289607465226922,-0.30779685712478577,0.06372599191840854,0.04975124378109453,-1.9013260641142642,-0.3663482436540121,-0.39998061923921224,-0.2891652997529399,-0.29705685667921394,0.2222222222222222,0.05555555555555555,0.05,0.05555555555555555,-0.13478881258104736,-0.0028759784759101233,0.02225974919407961,0.009950248756218905,-5.926070098502989,-0.09105880052152224,-0.1344515476463314,-0.0008165513828507744,0.00039224944561270706,0.0,0.5555555555555556,0.3,0.5555555555555556,-0.38254669054569046,-0.3200260970408837,0.03978429036798913,0.12935323383084577,-1.5714894729790134,-0.36281988289071376,-0.3688352082161104,-0.3105187115153716,-0.3184084374689188,0.2777777777777778,0.05555555555555555,0.05,0.05555555555555555,0.2,nan,0.0,True,post,-0.2909086560501914,-0.24728180889495752,0.025000000000000012,-0.045715029215809236,0.07268205010432244,0.20000000000000004,0.8,-0.009424276421542175,100,18,0.0,-3.402240423048435,0.3106545204487767,0.0,0.7403366565704346,0.45,0.4375,0.4571428571428572,0.021112969535787854,-0.011502549948073395,0.0,0.029704075091691002,-0.009336288656492085,0.019301090282333313
200,200,,,,,,0.014074470313788537,nan,-0.008509000827991003,nan,nan,nan,0.025,nan,40,20,,,,,,-0.018599464497962383,nan,3.784124462804786e-05,nan,nan,nan,0.225,nan,,,0.1,,,,,,,,,,,-0.10008969139099681,nan,0.0074984818036454605,nan,nan,nan,0.125,nan,-0.10509173046117533,nan,0.007748681913154901,nan,nan,nan,0.25,nan,,,,,,-0.38303918050827557,nan,-0.2846481523416859,nan,nan,nan,0.1,nan,,,,,,-0.005255959963087327,nan,0.00040640827981342566,nan,nan,nan,0.1,nan,,,,,,-0.35749780973569906,nan,-0.3082765329772824,nan,nan,nan,0.05,nan,0.2,nan,0.0,False,err,-0.0712611190167107,nan,0.18999999999999995,-0.270028141958962,nan,0.023456790123456788,0.8,nan,100,0,0.95,nan,0.3108054516799297,0.0,0.7399680614471436,0.0,0.4375,0.0,-0.06840580060552094,nan,-1.0,-1.3215036930903736,nan,
200,200,0.212855579421931,-0.007516386557217458,0.020483444726246913,0.009950248756218905,10.758540319442044,0.1643243810766232,0.23082106630358834,-0.007910267857830082,-0.006457093447658916,1.0,1.0,0.575,1.0,40,20,0.016021952735630715,-0.0001049812186810538,0.005183752005944646,0.009950248756218905,3.111054296715313,0.01878242140993074,0.0208354796521404,-0.00028547949449110133,0.0002079893664459896,0.875,0.125,0.15,0.125,0.009950248756218905,4.605415444337456,0.1,-0.009296666273685973,0.0056024735790328435,0.03420387165179505,0.6368159203980099,-0.4355980517048075,-0.009219943407360662,0.00671793938983424,0.03150709853587156,0.6169154228855721,-0.5058505396345335,-0.0012290353212049624,-0.019127527245939045,0.005957215770856758,0.007892350048293069,0.375,0.0,0.0,0.0,0.003208408944772185,-0.034351912095759336,0.004969344949296338,0.007274289074467821,0.3125,0.0,0.05,0.0,-0.018041497733951112,-0.31343583132427466,0.06809235058439195,0.009950248756218905,4.338142699595618,-0.01556927867604237,-0.040863195685039384,-0.2963924426469257,-0.29802899775218455,1.0,0.125,0.15,0.125,-0.14335905285945572,-0.002106891125883384,0.023883261236195982,0.009950248756218905,-5.914274450659406,-0.09160891510847928,-0.13953831815926454,-0.0006628260561352249,0.0001981153220971532,0.0,0.0,0.275,0.5625,-0.16957445524559012,-0.326006742894533,0.04337118291021619,0.01990049751243781,3.606825480623174,-0.1754706886226758,-0.18786283537574916,-0.31759483499977137,-0.3204141863070551,0.875,0.0,0.075,0.0,0.2,0.1,0.0257104194857916,False,mix,0.6068155016774954,0.5848573514839575,0.660356506238859,-0.03105219244655728,0.06919144132508438,0.19979166666666665,0.8,0.08279331488482626,100,16,0.0,8.45274126804359,0.31913835733901386,0.95,0.7403621673583984,0.4,0.4375,0.4114285714285715,0.10568412047407558,0.07397060879375963,0.10284167794316643,0.11430088028855949,0.09026680270481227,0.021833231395310754
200,200,0.22005333846499486,-0.011784842176765066,0.027153457359807252,0.009950248756218905,8.538072244766534,0.12303881217543615,0.225918069115568,-0.007831319954087819,-0.009685290093516562,1.0,1.0,0.425,1.0,40,20,0.016932908489140287,-0.00024087234837061975,0.005704266368250776,0.009950248756218905,3.0106905473572034,0.015091532665673374,0.017510289092831234,5.2817591748906094e-05,-9.332248145779087e-05,0.9,0.1,0.225,0.1,0.009950248756218905,3.1647401571029072,0.1,-0.03773878519601191,0.005301920430639838,0.04023249506321433,0.29850746268656714,-1.0697995627155434,-0.04547614515792925,0.006890377447404377,0.04071726728316323,0.1890547263681592,-1.286101108894931,0.016047537903315263,-0.022354039393838933,0.007929872248112202,0.00758858266899103,0.4,0.0,0.0,0.0,0.01343254965860605,-0.038727452163852476,0.00799097621445336,0.008355242511945405,0.1,0.0,0.1,0.0,-0.06658407103592982,-0.28588634612623304,0.08086994436150466,0.029850746268656716,2.7117896125570065,-0.009423129940981984,-0.06036554341409216,-0.2880555366299011,-0.27688189542797126,1.0,0.0,0.15,0.0,-0.10513226399319311,-0.00346784925736636,0.02888896669824342,0.009950248756218905,-3.5191433391935503,-0.07424178143798077,-0.11158885958944467,0.00018649861998373685,-0.0015983830068909016,0.0,0.0,0.1,0.2,-0.15288702243020375,-0.3007334004074204,0.05250074498447003,0.01990049751243781,2.816081524521876,-0.18353299407650855,-0.1903219309736341,-0.3103848753607964,-0.29888940531304536,0.9,0.0,0.125,0.0,0.2,0.3,0.03281519861830741,False,mix,0.5849929808484807,0.5964014297258795,0.6603372681281617,-0.10142386775268375,0.0849839902892684,0.15979166666666667,0.8,0.07193200176719206,100,10,0.0,7.017809209662303,0.3147081916697877,0.95,0.7353312969207764,0.25,0.4375,0.31999999999999995,0.08908591273587302,0.08184746882944849,0.13126079447322966,0.12265668368250303,0.07750725367555207,0.022470152056892456
200,200,0.18947475312632261,-0.007308781220126173,0.03085265174264909,0.009950248756218905,6.378172481947391,0.08634138156017487,0.19429644230959411,-0.006854128493761474,-0.005976927226508593,1.0,0.8333333333333334,0.25,0.8333333333333334,40,20,0.028285800104367917,-0.000768833585297215,0.008164928468316967,0.009950248756218905,3.5584676337153116,0.020549367221813247,0.03043220556311697,4.338487184526349e-05,-0.0008594392297235814,1.0,0.3333333333333333,0.15,0.3333333333333333,0.01990049751243781,4.035925346451761,0.1,-0.015917611995244586,0.0025223319454757403,0.04836489356419332,0.6865671641791045,-0.38126712541741165,-0.010147786191152388,0.0004314029121483741,0.04522819739989344,0.7761194029850746,-0.23390693662913437,0.03331524384645937,0.010179893027184481,0.006630665938227839,0.001960604744799801,0.5,0.0,0.0,0.0,0.058643068015387434,0.02371055042213936,0.007643977227151454,0.0030867219318630426,0.5,0.0,0.025,0.0,-0.041906631576601704,-0.3178681427435193,0.10160796989775638,0.01990049751243781,2.7159435568084827,0.04332962111304425,0.012003752822323152,-0.2909277096306976,-0.30757670516295976,1.0,0.3333333333333333,0.25,0.3333333333333333,-0.14213474378995475,-0.0027867488410564505,0.03565624435911834,0.009950248756218905,-3.9080951303093383,-0.05653369541050056,-0.1287237938708414,-0.0008169393748186503,-0.001271489175989708,0.0,0.0,0.125,0.5,-0.17915555393030236,-0.3417120268216738,0.06423517898088994,0.009950248756218905,2.5306455974412643,-0.14315965257994812,-0.13358617009000437,-0.31686307429248395,-0.33651381725089574,1.0,0.3333333333333333,0.15,0.3333333333333333,0.2,0.5,0.04534606205250593,False,mix,0.6062793727799534,0.6341919521701461,0.6603199999999999,-0.13988390667082948,0.0703865318463411,0.1197916666666667,0.8,0.13541756180704706,100,6,0.0,9.010132130883123,0.3238379033771889,0.95,0.7359874248504639,0.15,0.4375,0.2285714285714286,0.12888787795814938,0.12888787795814938,0.18138424821002377,0.23800137142224836,0.1566277035305976,0.05837096785696671
200,200,,,,,,-0.025134424963949263,nan,-0.009373536799816534,nan,nan,nan,0.05,nan,40,20,,,,,,0.011474388416640028,nan,-0.0002535070252684869,nan,nan,nan,0.15,nan,,,0.1,,,,,,,,,,,0.05534939831826646,nan,0.006487841571348694,nan,nan,nan,0.0,nan,0.08966903823257433,nan,0.006124228193930579,nan,nan,nan,0.175,nan,,,,,,0.05898699515127672,nan,-0.29003715131910746,nan,nan,nan,0.225,nan,,,,,,0.011371524671056671,nan,-0.0006396906300535672,nan,nan,nan,0.0,nan,,,,,,-0.15804589518585827,nan,-0.31214484216623034,nan,nan,nan,0.075,nan,0.1,nan,1.0,False,noise,0.7340775243509648,nan,0.75527950310559,-0.3102892536129055,nan,0.007279693486590036,0.9,nan,100,0,0.0,nan,0.3153671735340441,0.95,0.731860876083374,0.0,0.4444444444444444,0.0,-0.06167633466800683,nan,9.000000000000002,-0.4565208248487061,nan,
200,200,,,,,,0.07380022992349136,0.19866177926454573,-0.009176879101328353,-0.008854614684936568,1.0,0.75,0.225,0.75,40,20,,,,,,0.008140130165007583,0.013141837371392288,-9.681348894323108e-06,-0.0006248393194127364,0.5,nan,0.05,0.5,,,0.1,,,,,,,,,,,0.005954097690088688,-0.0639160393796451,0.0075793894058184975,0.0017363812423898354,0.25,0.5,0.125,0.75,-0.0008485999018947414,-0.06184852501639141,0.007682603174644798,0.0032801170655360717,0.5,0.0,0.0,0.0,,,,,,-0.28264686492302843,-0.25021411014451206,-0.29250083176167574,-0.3069181174870931,0.5,0.0,0.075,0.25,,,,,,-0.04713938500468448,-0.13269885535317816,0.00042507232148847557,-0.003399803205172044,0.0,0.25,0.075,0.25,,,,,,-0.3126934482160104,-0.2933687892880541,-0.3160478789526774,-0.3349903655055333,0.5,0.0,0.075,0.25,0.1,nan,0.0,True,post,-0.35624596109107587,-0.23004752386623012,0.011111111111111113,-0.2105025022147075,0.0497648982418864,0.1,0.9,0.06204727558538976,100,4,0.0,-4.622686511847469,0.3187448774762588,0.0,0.7376260757446289,0.1,0.4444444444444444,0.22500000000000003,0.008441355908407331,0.07238704160753791,0.0,0.11029952309696663,0.06615181551299865,
200,200,,,,,,-0.007459302933937681,nan,-0.00870582657579234,nan,nan,nan,0.025,nan,40,20,,,,,,-0.009362787238155427,nan,-0.00028398554622951583,nan,nan,nan,0.075,nan,,,0.1,,,,,,,,,,,-0.028742728160794095,nan,0.00575948924260499,nan,nan,nan,0.075,nan,-0.03781859654776175,nan,0.005989262905296202,nan,nan,nan,0.05,nan,,,,,,-0.33368193415871306,nan,-0.3051815244444559,nan,nan,nan,0.025,nan,,,,,,-0.008470925382796552,nan,0.0003032228024015072,nan,nan,nan,0.0,nan,,,,,,-0.34292613291094626,nan,-0.32777020362896725,nan,nan,nan,0.025,nan,0.1,nan,0.0,False,err,-0.1777127896396031,nan,0.09499999999999995,-0.3049694420641297,nan,0.010497237569060769,0.9,nan,100,0,0.95,nan,0.32863169310602186,0.0,0.7356159687042236,0.0,0.4444444444444444,0.0,-0.0435334375547574,nan,-1.0,1.2551825983038496,nan,
200,200,,,,,,0.0693966153326907,nan,-0.006984606821306811,nan,nan,nan,0.175,nan,40,20,,,,,,0.008068054926359421,nan,6.381704813406178e-05,nan,nan,nan,0.075,nan,,,0.1,,,,,,,,,,,-0.005249900096122336,nan,0.008357247543188956,nan,nan,nan,0.0,nan,-0.008142712174993261,nan,0.0076280265826640095,nan,nan,nan,0.05,nan,,,,,,-0.031658931597049494,nan,-0.31591743537524986,nan,nan,nan,0.125,nan,,,,,,-0.05152737403385292,nan,-0.0014913518393051275,nan,nan,nan,0.15,nan,,,,,,-0.22330615556324082,nan,-0.3409088160972515,nan,nan,nan,0.05,nan,0.1,0.1,0.01159243441122635,False,mix,0.6967425081682138,nan,0.7553107734806628,-0.200320823113678,nan,0.09727969348659006,0.9,nan,100,0,0.0,nan,0.34482935800478054,0.95,0.7325010299682617,0.0,0.4444444444444444,0.20250000000000004,0.12390696715130861,nan,0.10433190970103719,0.11626006380398782,nan,
200,200,,,,,,0.04525277608110439,nan,-0.010633062466076938,nan,nan,nan,0.125,nan,40,20,,,,,,0.009574782172157261,nan,-0.0003588137511465309,nan,nan,nan,0.1,nan,,,0.1,,,,,,,,,,,0.016004091499480597,nan,0.0062005989820208465,nan,nan,nan,0.0,nan,0.028509404248212532,nan,0.006118318652391025,nan,nan,nan,0.05,nan,,,,,,0.011806482009250635,nan,-0.2736617473172736,nan,nan,nan,0.125,nan,,,,,,-0.023936632453502728,nan,-0.0018149797013695187,nan,nan,nan,0.0,nan,,,,,,-0.16272161141267846,nan,-0.2955919314149455,nan,nan,nan,0.05,nan,0.1,0.3,0.01485535574667709,False,mix,0.7569355983630273,nan,0.7553032345013475,-0.21004740987116385,nan,0.07727969348659001,0.9,nan,100,0,0.0,nan,0.2990237819067517,0.95,0.7373895645141602,0.0,0.4444444444444444,0.1575,0.07189470053406992,nan,0.13369820172009383,0.21158441539579442,nan,
200,200,,,,,,0.043691776301227524,nan,-0.008402657192994056,nan,nan,nan,0.125,nan,40,20,,,,,,0.0061912947167800355,nan,-0.00025696774735712885,nan,nan,nan,0.05,nan,,,0.1,,,,,,,,,,,0.01107724809411217,nan,0.005303550620273733,nan,nan,nan,0.0,nan,0.008728630753391914,nan,0.005697825570879341,nan,nan,nan,0.05,nan,,,,,,-0.007820536026354585,nan,-0.2983124239350938,nan,nan,nan,0.2,nan,,,,,,-0.04299819056718499,nan,0.0002613234597939777,nan,nan,nan,0.05,nan,,,,,,-0.1983068907115863,nan,-0.31985533979522474,nan,nan,nan,0.05,nan,0.1,0.5,0.020674646354733404,False,mix,0.7336656669249921,nan,0.7552960526315787,-0.20930877144371668,nan,0.05727969348659003,0.9,nan,100,0,0.0,nan,0.32123600861627627,0.95,0.7373998165130615,0.0,0.4444444444444444,0.11250000000000002,-0.03189137000437112,nan,0.18607181719260069,0.14170389123332783,nan,
200,200,,,,,,-0.011416327147235287,nan,-0.009338658031540001,nan,nan,nan,0.025,nan,40,20,,,,,,0.012507338359001955,nan,0.0001467512182363678,nan,nan,nan,0.075,nan,,,0.1,,,,,,,,,,,0.04678877757717258,nan,0.00797574192666166,nan,nan,nan,0.0,nan,0.08759738321453933,nan,0.008451835260712824,nan,nan,nan,0.125,nan,,,,,,0.08938995641246936,nan,-0.2744341775115125,nan,nan,nan,0.275,nan,,,,,,0.007495264426546905,nan,0.0012797667846481948,nan,nan,nan,0.05,nan,,,,,,-0.11988510064030489,nan,-0.29835008695994375,nan,nan,nan,0.225,nan,0.2,nan,1.0,False,noise,0.7195011739194888,nan,0.75527950310559,-0.29228244089333283,nan,0.007279693486590036,0.9,nan,100,0,0.0,nan,0.30162264158949903,0.95,0.7480499744415283,0.0,0.4444444444444444,0.0,-0.1093188947266539,nan,9.000000000000002,-1.0955658678746676,nan,
200,200,0.2663703946694409,-0.011980172643166974,0.02163032686731545,0.009950248756218905,12.868532639714362,0.18240520258001378,0.2518401557133203,-0.007794919778919348,-0.00941080411794679,1.0,1.0,0.625,1.0,40,20,0.0009579983896106856,8.762547416449867e-05,0.003959681887755353,0.8855721393034826,0.21980879775162218,0.0013532571676673146,0.001511182063317836,-0.0002554179590707545,-0.00010618583854768031,0.5294117647058824,nan,0.075,0.11764705882352941,0.6865671641791045,0.42460436138637353,0.1,-0.1162130460753001,0.008621890446737281,0.0307536017063394,0.009950248756218905,-4.059197283947568,-0.15308297483902392,0.0076192229565336745,0.02984273733154689,0.009950248756218905,-5.384968409727402,-0.11522811892108394,-0.17220225097762715,0.0057471005163599,0.007234127187378,0.0,0.29411764705882354,0.175,0.29411764705882354,-0.09457408965506406,-0.12351841391160599,0.005927968411800903,0.007180813770069783,0.0,0.11764705882352941,0.075,0.11764705882352941,-0.4104259187600558,-0.2824359555791343,0.06323430830553778,0.029850746268656716,-2.024058878931212,-0.36141093679547476,-0.41167035738104696,-0.28030694009274715,-0.26898420717911337,0.058823529411764705,0.058823529411764705,0.025,0.058823529411764705,-0.11847852146465353,-0.0033580708422868842,0.023143493563717307,0.009950248756218905,-4.974203669832715,-0.0938816340634071,-0.11370180817172552,0.00030135787646718695,-0.0006720700582771859,0.11764705882352941,0.35294117647058826,0.25,0.35294117647058826,-0.39074733542993156,-0.3029603083955443,0.04068986270167288,0.029850746268656716,-2.1574667792776956,-0.33403657754495775,-0.3605166747641919,-0.30095793689025513,-0.290079766059069,0.23529411764705882,0.058823529411764705,0.025,0.058823529411764705,0.2,nan,0.0,True,post,-0.28435532741082437,-0.29177651692952816,0.024999999999999998,-0.03910679615196681,0.072514649747368,0.19999999999999998,0.9,0.005964768438089472,100,17,0.0,-4.023690632803732,0.30165747841202756,0.0,0.7663900852203369,0.425,0.4444444444444444,0.45000000000000007,0.005762485640399249,0.003326506900173911,0.0,0.007418961457931527,0.0060005603913224825,0.018818728298513793
200,200,,,,,,0.0055426435954406645,nan,-0.009166719933336728,nan,nan,nan,0.075,nan,40,20,,,,,,-0.007291142174580106,nan,-0.00012268616534840155,nan,nan,nan,0.1,nan,,,0.1,,,,,,,,,,,-0.04716335929682276,nan,0.005690689725614392,nan,nan,nan,0.025,nan,-0.0471518950424894,nan,0.0055358652833553965,nan,nan,nan,0.075,nan,,,,,,-0.34602505503568876,nan,-0.28666526128033776,nan,nan,nan,0.025,nan,,,,,,-0.0037350192866579023,nan,-0.0015465478737956314,nan,nan,nan,0.05,nan,,,,,,-0.3452325624026896,nan,-0.30885236869562516,nan,nan,nan,0.025,nan,0.2,nan,0.0,False,err,-0.15931338291934494,nan,0.09499999999999995,-0.273126045736946,nan,0.010497237569060769,0.9,nan,100,0,0.95,nan,0.3135483558127511,0.0,0.7360427379608154,0.0,0.4444444444444444,0.0,0.07929329779577879,nan,-1.0,-1.3154629282997274,nan,
200,200,0.2386966859464671,-0.013445697341878185,0.020075097891709495,0.009950248756218905,12.559957846079232,0.18790470525199887,0.24861128738070043,-0.010403364856265146,-0.011758486004130436,1.0,1.0,0.7,1.0,40,20,0.01218303780993092,7.537900455953039e-05,0.003945995811159178,0.009950248756218905,3.0683405106672668,0.009767358483585894,0.008927495355272291,0.0001879637015002123,0.0003434223592760531,0.7222222222222222,0.0,0.075,0.0,0.029850746268656716,2.3833370798077067,0.1,-0.06342497939147662,0.009174212309969051,0.02764663471910434,0.01990049751243781,-2.625968492601102,-0.04783624241314782,0.010020229974517689,0.028235534406721195,0.04975124378109453,-2.0490659589515072,-0.028332342491821448,-0.04851032604568619,0.009050561003754436,0.010980769784411074,0.05555555555555555,0.0,0.0,0.0,-0.03082627521179495,-0.06785081425666176,0.008901526162413742,0.01086458501119508,0.05555555555555555,0.1111111111111111,0.05,0.1111111111111111,-0.05897312516407417,-0.27729101913570686,0.065809897568622,0.009950248756218905,3.317402123908011,-0.04799337337325097,-0.08547276065225436,-0.2622338663735688,-0.2637023078327738,1.0,0.0,0.0,0.0,-0.10547983502316924,-0.0013927574981976551,0.020298993900775577,0.009950248756218905,-5.127696378876539,-0.07920840290982264,-0.10981622258090033,0.0006654965315437651,0.001609028417097451,0.05555555555555555,0.3333333333333333,0.225,0.3333333333333333,-0.21262669052756644,-0.2927731087201834,0.03845351268290327,0.06965174129353234,2.0842417921982572,-0.18610877504419915,-0.19966874868494822,-0.28523817352489245,-0.2878783872062596,1.0,0.0,0.0,0.0,0.2,0.1,0.0058300092052776895,False,mix,0.7537807587629406,0.749144332073146,0.7553499222395021,-0.040886740174974984,0.06646259513867724,0.1872796934865901,0.9,0.03466466394082753,100,18,0.0,11.271668379936447,0.28856701771484083,0.95,0.7358443737030029,0.45,0.4444444444444444,0.4050000000000001,0.051569070605172976,0.0445355198934585,0.05247008284749922,0.0519803826651754,0.03590945306357529,0.014230633264316273
200,200,0.22373279715096284,-0.011333099544300023,0.027100534880039398,0.009950248756218905,8.673847129848506,0.11592804306384111,0.2319387840760247,-0.00952174414008651,-0.009496837831286953,1.0,1.0,0.45,1.0,40,20,0.009444030798419732,0.0007508830773553877,0.005584439826387703,0.11940298507462686,1.5566731829449825,0.005584791859975787,0.009240283264984375,0.0006734228187841879,0.001085959999198666,0.6,0.0,0.025,0.0,0.12935323383084577,1.5141860321047955,0.1,-0.07895979414150806,0.013671470305707877,0.04133340633962972,0.029850746268656716,-2.241075020138412,-0.04262835333820237,0.011144506086985424,0.03938847436330203,0.1691542288557214,-1.3651927446553354,-0.01204284551231322,-0.038865388142806254,0.010982618139147223,0.012525629481095682,0.2,0.0,0.0,0.0,-0.022327927173791184,-0.05796792402405175,0.011034101994309079,0.013731106021117242,0.2,0.0,0.0,0.0,-0.07425837506665005,-0.2820318278759583,0.07885706901724594,0.01990049751243781,2.634810745517737,-0.05230077357963051,-0.06450701758123242,-0.2671770264363786,-0.26399032810131123,0.9,0.0,0.05,0.0,-0.12628672588034887,0.0019843462742762954,0.027271199263816298,0.009950248756218905,-4.703536170487118,-0.06974839015069847,-0.11536259879928401,0.0011158161915007174,0.0027998043934434453,0.1,0.5,0.2,0.5,-0.18571123301131898,-0.29950833355016665,0.05081406993071081,0.01990049751243781,2.2394801418540173,-0.2032493780855696,-0.18562608031279876,-0.2914604602565304,-0.28872711815900465,0.9,0.0,0.0,0.0,0.2,0.3,0.007483261126427726,False,mix,0.7299399819814383,0.7383672315625476,0.7553313696612663,-0.1328761447910861,0.08206779576102571,0.14727969348659004,0.9,0.0383129571187839,100,10,0.0,8.997039882886689,0.2949623094480748,0.95,0.7361512184143066,0.25,0.4444444444444444,0.315,0.04986781212928483,0.042654708301065554,0.06734935013784955,0.04817464103055949,0.039839319248804905,0.019980940350798972
200,200,0.19817111058867865,-0.017666075616839153,0.0400118467646316,0.009950248756218905,5.39433202045831,0.0950494885298587,0.1976293635054532,-0.007058759624372082,-0.013523560025107288,1.0,1.0,0.325,1.0,40,20,0.00947755808188875,0.0014564175062223093,0.007435637334184715,0.3582089552238806,1.078742845312154,0.008195301976721489,0.00976454808087887,0.00013596125720168297,0.0014840646124087823,0.8,0.0,0.025,0.0,0.24875621890547264,1.1860844347122652,0.1,-0.057922276189346894,0.021689496762004046,0.05749755864806505,0.12935323383084577,-1.384611361279867,-0.0431673050620579,0.022152339465667838,0.055761373768638565,0.24875621890547264,-1.1714138320475085,0.0002691461575210732,-0.007810964901870092,0.007233074287227534,0.021009259242898273,0.4,0.0,0.0,0.0,-0.007463441422222434,-0.014842612059542511,0.00712218215553907,0.019925507780277015,0.2,0.0,0.025,0.0,-0.07697191849210613,-0.2541904807162576,0.12410292441220987,0.1890547263681592,1.4279966653653475,-0.021815732971030708,-0.03611626704472074,-0.2890180876151364,-0.23505089658904366,1.0,0.0,0.05,0.0,-0.13068554530958434,5.314011391445064e-05,0.038827783198254064,0.009950248756218905,-3.3671426656675694,-0.06573847206342942,-0.10339550168269211,-0.0015137343351985712,0.002115888543973458,0.0,0.6,0.175,0.6,-0.19555252381238136,-0.2681594354715543,0.08074794293791339,0.4079601990049751,0.899179706832913,-0.1869859509862184,-0.15063211750753172,-0.3120293003699966,-0.259617541793409,0.8,0.0,0.075,0.2,0.2,0.5,0.010445299615173168,False,mix,0.725880555370194,0.7457210590093553,0.755314685314685,-0.13406354216736538,0.034771528678072185,0.10727969348659004,0.9,0.04708213469812575,100,5,0.0,21.44631218010343,0.3141322439438231,0.95,0.7333307266235352,0.125,0.4444444444444444,0.22500000000000003,0.04294797744469328,0.04295568777169013,0.09400769653655854,0.08622142110893137,0.049408387031562924,0.024593909465212383
200,200,,,,,,0.05685175075327716,nan,-0.005860041260618942,nan,nan,nan,0.2,nan,40,20,,,,,,0.06824129529913334,nan,0.00022175034048899046,nan,nan,nan,0.7,nan,,,0.3,,,,,,,,,,,0.1345622283406321,nan,0.011930696544855547,nan,nan,nan,0.225,nan,0.1348078803348364,nan,0.012303957071825397,nan,nan,nan,0.175,nan,,,,,,-0.04186873525273795,nan,-0.4968800350598242,nan,nan,nan,0.625,nan,,,,,,-0.09512282273472687,nan,0.0005529349775213848,nan,nan,nan,0.175,nan,,,,,,-0.33501860305199366,nan,-0.5323175336180789,nan,nan,nan,0.375,nan,0.1,nan,1.0,True,noise,-0.14127371458888666,nan,0.057142857142857176,-0.13646231199254477,nan,0.10000000000000005,0.5,nan,100,0,0.0,nan,0.5364012382104109,0.5,0.7320549488067627,0.0,0.19999999999999996,0.0,0.9950319299655681,nan,1.0,1.200337621884048,nan,
200,200,,,,,,0.09179407951904017,0.19079335744013506,-0.00650437166716002,-0.0028193456175632098,1.0,1.0,0.35,1.0,40,20,,,,,,-0.0018817837154942757,-0.008767746091794391,0.0005359246705196403,-0.0006661406256930306,0.3333333333333333,nan,0.025,0.0,,,0.3,,,,,,,,,,,-0.12452601489814503,-0.2587903492937182,0.01329574443887287,0.005966607163642434,0.0,0.6666666666666666,0.275,0.6666666666666666,-0.11057295220094651,-0.23374839084809454,0.01399088013974192,0.005632796526113095,0.0,0.6666666666666666,0.15,0.6666666666666666,,,,,,-0.6143440523530026,-0.7186824381230797,-0.5012518069476465,-0.4917852736466762,0.0,0.6666666666666666,0.1,0.6666666666666666,,,,,,-0.1135814883484054,-0.2033058487913051,1.3934156928855357e-06,-0.0036724108059551226,0.0,1.0,0.175,1.0,,,,,,-0.6027603867161913,-0.673382508729885,-0.5384387170998164,-0.5280940344067336,0.0,0.6666666666666666,0.1,0.6666666666666666,0.1,nan,0.0,True,post,-0.18989241717396982,-0.11889033309353751,0.03333333333333333,-0.1056310376771544,0.05849373745363773,0.09999999999999996,0.5,-0.04816765084236217,100,3,0.0,-2.0325309728715877,0.5448558125776429,0.0,0.7362716197967529,0.075,0.19999999999999996,0.5000000000000001,-0.047351097857942975,-0.04710647044662264,0.0,-0.02050005539958545,-0.045954147510326365,
200,200,0.12914783847217537,-0.008564901311497203,0.01585987533440933,0.009950248756218905,8.683090936800125,0.08832311019763615,0.13372975688552083,-0.00602219193970904,-0.007130661068948442,1.0,0.7647058823529411,0.45,0.7647058823529411,40,20,-0.10369301208364735,-0.001211956084502503,0.008078311103277957,0.009950248756218905,-12.685950649372106,-0.10163555147369614,-0.10428649587527475,-0.00018999948796329268,-0.0010652965758150687,0.0,1.0,1.0,1.0,0.009950248756218905,-15.075669241951806,0.3,-0.4434786163275872,0.007979785906835839,0.03463244276880044,0.009950248756218905,-13.035707738990208,-0.36625332829965934,0.006868933559636807,0.037671159085256506,0.009950248756218905,-9.904719443459376,-0.3293419308503497,-0.3770096306920535,0.011333934809901388,0.009624851510378337,0.0,1.0,0.925,1.0,-0.39898297031430335,-0.4510514380129289,0.011376784470922384,0.009696622053030724,0.0,1.0,0.975,1.0,-0.7036105090980087,-0.5209812158457353,0.049891008934408995,0.009950248756218905,-3.6605652431024795,-0.7116625583898676,-0.7115757188883649,-0.5094002500798739,-0.5040306442585847,0.0,0.11764705882352941,0.125,0.11764705882352941,-0.21573368632012552,-0.005998118547148407,0.027278599615666668,0.009950248756218905,-7.6886486374041345,-0.16992428942823717,-0.2134725507647502,-0.0011319152593543707,-0.0014418775491455518,0.0,0.8823529411764706,0.55,0.8823529411764706,-0.6816765103570716,-0.5457445089328057,0.03165734750965311,0.009950248756218905,-4.29385315300099,-0.6786268046944841,-0.6747078649829339,-0.5432117836073725,-0.5365206164801666,0.0,0.11764705882352941,0.2,0.11764705882352941,0.1,nan,0.0,True,err,0.22963732646751683,0.26295712436924307,0.3333333333333333,-0.022400039642233718,0.06362341441844939,0.15000000000000002,0.5,-3.5419478786328624,100,17,0.6666666666666666,4.133024402616646,0.5459735404277014,0.0,0.7393724918365479,0.425,0.19999999999999996,0.0,-1.2434619160558775,-0.6958812884455183,-1.0,-1.1507243262411322,-0.7798301462893488,0.07760369883790849
200,200,,,,,,0.0873309357423882,nan,-0.0078068357337244005,nan,nan,nan,0.425,nan,40,20,,,,,,0.017063642126478713,nan,-0.0009784049218207322,nan,nan,nan,0.1,nan,,,0.3,,,,,,,,,,,-0.07428056310467519,nan,0.011835290550984262,nan,nan,nan,0.15,nan,-0.058226251577548814,nan,0.011495432452974175,nan,nan,nan,0.075,nan,,,,,,-0.5212969090065708,nan,-0.5233512812867585,nan,nan,nan,0.1,nan,,,,,,-0.10768522091078236,nan,-0.0008814193004543314,nan,nan,nan,0.2,nan,,,,,,-0.5615514504897647,nan,-0.5588176240234038,nan,nan,nan,0.05,nan,0.1,0.1,0.09999999999999999,True,mix,-0.19771702328253005,nan,0.033716475095785445,-0.10945249767445824,nan,0.10034482758620689,0.5,nan,100,0,0.0,nan,0.5613320006969909,0.06666666666666667,0.7347097396850586,0.0,0.19999999999999996,0.4500000000000002,0.1947663616264556,nan,0.09999999999999999,0.19539057931102025,nan,
200,200,0.166323718828363,-0.007022023289434683,0.020094018227328262,0.009950248756218905,8.626733595444705,0.0948904583305235,0.16318263093051008,-0.006641101644575316,-0.005740663839790155,1.0,1.0,0.375,1.0,40,20,0.03960018511304091,0.001158865783930193,0.010065241558971448,0.009950248756218905,3.8192147799004004,0.031787496558581936,0.040547091662447216,0.0001471057222249569,0.0006141417621022805,0.8,0.3,0.25,0.3,0.009950248756218905,4.700770810648161,0.3,-0.09484140202322688,0.013944297716437818,0.041612442285177784,0.01990049751243781,-2.614258951481912,-0.10348895767276065,0.01448297292378198,0.04262101680574179,0.01990049751243781,-2.767928581607228,-0.02617281468706345,-0.11589171915729066,0.012985609180367744,0.01454536577935129,0.1,0.1,0.025,0.1,-0.025268639153344437,-0.10687521654563166,0.012459374170839211,0.013423863114417265,0.2,0.1,0.025,0.1,-0.40910788949979116,-0.5604567998074235,0.055655402809887546,0.009950248756218905,2.719392954928444,-0.38552509664970636,-0.4503759239729913,-0.5141871660060933,-0.5438026987978812,0.7,0.0,0.1,0.1,-0.21600697938585767,-0.0049382987800908554,0.037604980671521744,0.009950248756218905,-5.612785243631207,-0.12901111132254597,-0.22604509143099555,-0.0014543404191032097,-0.0026461473257501115,0.0,0.8,0.3,0.8,-0.5403539414780536,-0.5869043095780174,0.0354969320537136,0.22885572139303484,1.3113913063870672,-0.4904968457396204,-0.5319492258902303,-0.5497028239533599,-0.578591740021179,0.8,0.0,0.075,0.1,0.1,0.3,0.3,True,mix,-0.19293539198709309,-0.17112385324117188,0.03703703703703703,-0.090321852758743,0.0419942304925189,0.1033333333333333,0.5,0.199023937923179,100,10,0.0,-4.074937229095242,0.5525466663092958,0.19999999999999996,0.7384531497955322,0.25,0.19999999999999996,0.35000000000000003,0.267816421292581,0.2874958830304275,0.3,0.33499149564500336,0.24847676147416597,0.0732965164779594
200,200,0.16853827431051413,-0.014291615280035275,0.028298235350008222,0.009950248756218905,6.4608229920610745,0.09623582934474507,0.17567888981321086,-0.0076848826505284545,-0.01170734754288729,1.0,0.8333333333333334,0.325,0.8333333333333334,40,20,0.05900944916151357,0.0005005596542844032,0.011409166119087596,0.009950248756218905,5.128235393489034,0.047036451110121544,0.05571813423286718,0.0011813803887753287,0.00031711590573721307,1.0,0.6666666666666666,0.45,0.6666666666666666,0.009950248756218905,5.36199527151514,0.3,-0.026995190828031673,0.021047126767539746,0.05254589380705744,0.3482587064676617,-0.9142925186706895,-0.024946245845838596,0.020940697849905102,0.05388481268388494,0.417910447761194,-0.8515747092615449,0.03742118180914057,-0.021217758073755172,0.01824040396901409,0.01983045497620291,0.3333333333333333,0.0,0.075,0.0,0.024827995608040738,-0.020021786051437413,0.01770531720008856,0.019395394013928122,0.0,0.0,0.025,0.0,-0.34442067551393574,-0.48809283867163744,0.08196971533989851,0.10945273631840796,1.7527468841412086,-0.2729368646298228,-0.3081295530632466,-0.50192003100161,-0.4693291804683033,0.8333333333333334,0.16666666666666666,0.225,0.16666666666666666,-0.16916216367496917,-0.0005273407761984557,0.04005599477084468,0.009950248756218905,-4.209977154713031,-0.13509496216445202,-0.17794555992388997,0.0005231981070270239,0.0025030372867217367,0.0,0.0,0.275,0.5,-0.4534232675699542,-0.5156233908193434,0.052144368692637326,0.21890547263681592,1.1928444970698984,-0.4308853514208934,-0.42943148480227267,-0.5386422163831995,-0.5078705597847581,0.8333333333333334,0.0,0.15,0.0,0.1,0.5,0.5000000000000001,True,mix,-0.16463089841242368,-0.2181763050749136,0.04444444444444444,-0.07574608023346652,0.05087752846344575,0.10999999999999997,0.5,0.24079019366200682,100,6,0.0,-4.28826461630635,0.5421365455245262,0.3333333333333333,0.7457818984985352,0.15,0.19999999999999996,0.25000000000000006,0.5549136919872711,0.3216987917912618,0.5000000000000001,0.48876236044709637,0.3171589613988854,0.03370745757080474
200,200,0.13414810110150693,-0.010235465478212396,0.012821362725037843,0.009950248756218905,11.26117166052113,0.13019292143609523,0.15225576804698923,-0.007189412954311413,-0.007719884942741827,1.0,0.6875,0.55,0.6875,40,20,0.11954024852274862,0.0006684678699496798,0.005681555280095194,0.009950248756218905,20.922401485440595,0.12023956563740716,0.12362257560918777,0.0005887328062031123,0.0003486146290647224,1.0,1.0,1.0,1.0,0.009950248756218905,23.770722293891687,0.3,0.19003422704381512,0.014748338917150652,0.02344871114119075,0.009950248756218905,7.475288814969298,0.22320938795342365,0.013896840827254966,0.02340934356213268,0.009950248756218905,8.941410362989185,0.230079559747484,0.21635024768412486,0.014235442760042424,0.014154955200936183,0.96875,0.4375,0.475,0.4375,0.20977684952586673,0.19242263570305876,0.014083228618082394,0.013853342575271483,1.0,0.28125,0.35,0.28125,0.21760751758074354,-0.514192456996797,0.04329095541347135,0.009950248756218905,16.904223239501746,0.2015149329725749,0.20043253579087417,-0.4939133903413792,-0.49310106503309825,1.0,1.0,0.975,1.0,-0.2434198717533244,-0.0038156292107718714,0.021192698321391253,0.009950248756218905,-11.305980904253117,-0.22335774508425174,-0.24889947133007023,-0.0010546562189042343,-0.0008092760701782944,0.0,0.0,0.75,0.90625,-0.2196990857648441,-0.5359409793224564,0.027427678564713006,0.009950248756218905,11.530027698113042,-0.2233844063961139,-0.21909971237399983,-0.5277196746949131,-0.5262206574548003,1.0,0.75,0.75,0.75,0.2,nan,1.0,True,noise,-0.11475125445954712,-0.11147892935835416,0.12307692307692308,0.07466560779523965,0.11940707356588344,0.2,0.5,0.448105400267506,100,32,0.0,-0.9336040657327148,0.5287194480712463,0.8,0.7382607460021973,0.8,0.19999999999999996,0.0,0.9050086897054781,0.8812319358796674,1.0,0.923549178489142,0.8119401793108773,0.0879168849609663
200,200,0.20758993895350025,-0.010129825262098123,0.015376382119221002,0.009950248756218905,14.159362229251697,0.15295962326324788,0.2134619903666241,-0.006794998157819277,-0.009018325959808596,1.0,1.0,0.775,1.0,40,20,-0.00640435434270975,0.0015716526647853435,0.007328742555146919,0.23880597014925373,-1.0883186230638278,0.0006259401344439489,-0.005985797534694622,0.00046859448114984704,0.0011165999212429847,0.3888888888888889,nan,0.15,0.16666666666666666,0.25870646766169153,-1.1305806530286575,0.3,-0.2497311122966847,0.017866226182588367,0.033972981121981244,0.009950248756218905,-7.8767694100961645,-0.29449017605923794,0.017918473699450554,0.034550734541240496,0.009950248756218905,-9.042026280996973,-0.1783764374158921,-0.26652501058939043,0.0154570561901626,0.0201114406018059,0.05555555555555555,0.6666666666666666,0.45,0.6666666666666666,-0.1790392217068432,-0.2527569087584643,0.01517661509103929,0.019368343516321163,0.0,0.7777777777777778,0.475,0.7777777777777778,-0.7054249428610744,-0.5354983006829968,0.04398852194864775,0.009950248756218905,-3.8629768550211163,-0.6291815190192107,-0.6639220212306166,-0.5331197761804765,-0.5168903145683557,0.16666666666666666,0.2222222222222222,0.15,0.2222222222222222,-0.260829205460822,-0.004605259728701838,0.02918501379219147,0.009950248756218905,-8.779298428561793,-0.2038419006289441,-0.2572235184660399,-0.0016620591273712982,-0.00018360966547096297,0.0,0.8888888888888888,0.625,0.8888888888888888,-0.6360827431901772,-0.5630235463591956,0.028382281643390607,0.009950248756218905,-2.5741128830430315,-0.6176249391691038,-0.6311992277960502,-0.5690665410055815,-0.5546013776904543,0.2777777777777778,0.2222222222222222,0.15,0.2222222222222222,0.2,nan,0.0,False,post,-0.15596664714265757,-0.10416932339404376,0.07037037037037033,-0.01173467959665051,0.0862061264643576,0.18999999999999992,0.5,-0.028850527152016643,100,18,0.0,-1.2083749458005533,0.5709621499602766,0.0,0.7388100624084473,0.45,0.19999999999999996,0.95,0.004879804618995272,-0.035710809002714144,0.0,0.004092191920260473,-0.028041514671599974,0.03751605515933583
200,200,0.14849085154379915,-0.009198826137340658,0.011089194625997287,0.009950248756218905,14.220119944259535,0.1410916274895633,0.14489695627973664,-0.007144768810446467,-0.007400154005579878,1.0,0.6842105263157895,0.65,0.6842105263157895,40,20,-0.1390689265736031,0.0017561429739045553,0.006078322516690336,0.009950248756218905,-23.16841022134819,-0.1364986719338511,-0.1366086443450846,0.0014072128049352481,0.0013718581600147028,0.0,1.0,1.0,1.0,0.009950248756218905,-26.250846097665352,0.3,-0.5275364142934023,0.01847733814092037,0.028986379108645748,0.009950248756218905,-18.83690785830599,-0.41305195018669283,0.017841410688486152,0.029712229055792676,0.009950248756218905,-14.502222638751167,-0.413608515644804,-0.4164321163372646,0.018103840853238386,0.018355803823576995,0.0,1.0,1.0,1.0,-0.528805114175014,-0.5337995920055325,0.01812026715902106,0.018380621569595204,0.0,1.0,1.0,1.0,-0.6998516491666186,-0.5150194710876808,0.03799527354571158,0.009950248756218905,-4.864609748149443,-0.6956654073914429,-0.6946590939334497,-0.4949025739282799,-0.49403645285870795,0.0,0.02631578947368421,0.025,0.02631578947368421,-0.2988753089170162,-0.003741470502531494,0.020272979562708373,0.009950248756218905,-14.557990229656122,-0.28650854482887733,-0.28960753041729764,-0.0004072312558205342,-0.0001808083161093139,0.0,0.9736842105263158,0.975,0.9736842105263158,-0.7061628076659641,-0.5405623927744817,0.024700276150197594,0.009950248756218905,-6.704395281971502,-0.7054607658819446,-0.7047227513291807,-0.5325387381976627,-0.5313801457790092,0.02631578947368421,0.5,0.475,0.5,0.2,nan,0.0,False,err,0.4332922477773476,0.43768113468262204,0.4749999999999999,0.1440087820967521,0.15245954952541482,0.2714285714285714,0.5,-16.48208289240984,100,38,0.95,2.8708017047476657,0.5358594525373752,0.0,0.7463865280151367,0.95,0.19999999999999996,0.0,-0.8975139271241003,-0.8780491630569283,-1.0,-0.967447001374678,-0.9427985780553547,0.08769814602430528
200,200,0.21551716848962935,-0.009488519357023235,0.01349753176106548,0.009950248756218905,16.67013583024314,0.17142502387819797,0.21391517935686424,-0.00788751893930733,-0.007492587905436792,1.0,1.0,0.8,1.0,40,20,0.020782780423771716,-0.0013790313745802496,0.006726376015920313,0.009950248756218905,3.2947625500869338,0.023131850913988356,0.027079633651060652,-0.00020267016823023135,-0.000741149376470299,0.8333333333333334,0.2916666666666667,0.225,0.2916666666666667,0.009950248756218905,4.84947092484252,0.3,-0.16615183671527278,0.014425421519235305,0.030372362736200528,0.009950248756218905,-5.945446516524523,-0.19476710231864974,0.014129871980176916,0.028910318622347286,0.009950248756218905,-7.225689105000955,-0.15297837575952075,-0.2030544166540836,0.013975484694091348,0.01238969141186528,0.041666666666666664,0.4166666666666667,0.325,0.4166666666666667,-0.13432087340007728,-0.1802394224289461,0.014130647588673434,0.012806362584977488,0.041666666666666664,0.375,0.225,0.375,-0.6180035231999613,-0.546435237768965,0.0409046653673352,0.09950248756218906,-1.7496362526509812,-0.5617124552799224,-0.5908036992534563,-0.5130677719617288,-0.5276780378038762,0.25,0.0,0.025,0.0,-0.25234750403098194,-0.00047160647059628775,0.023959936513106173,0.009950248756218905,-10.51237750200616,-0.18862700482245676,-0.2471075977643494,0.000918755746141349,0.0019138177675602575,0.0,0.9166666666666666,0.625,0.9166666666666666,-0.5976070620305164,-0.5754947701562664,0.025211564756154704,0.42786069651741293,-0.8770693960189377,-0.5729075513757499,-0.596877216573252,-0.5491162828180236,-0.564138979951987,0.25,0.0,0.05,0.0,0.2,0.1,0.1,True,mix,-0.15293970967953494,-0.13379712738588065,0.07117117117117118,0.011054219310369085,0.08156115505513009,0.2014285714285714,0.5,0.11236604353874688,100,24,0.0,-1.6404516009544299,0.5524050612398372,0.13333333333333333,0.735100507736206,0.6,0.19999999999999996,0.9000000000000004,0.1068178218333567,0.10252367671683181,0.1,0.13493858942335132,0.12659051934732046,0.03234450274936612
200,200,0.19213159865596557,-0.00968769308899038,0.011282582808828854,0.009950248756218905,17.887685394973612,0.19785972219800319,0.20586914435489845,-0.0075755636079266435,-0.007906171898062976,1.0,0.9705882352941176,0.975,0.9705882352941176,40,20,0.05303394097617462,0.0011683284159761582,0.005620158132043439,0.009950248756218905,9.228497015992696,0.05620898641137713,0.05854951231131444,0.000764393841875244,0.0009291823604334103,0.9705882352941176,0.5,0.5,0.5,0.009950248756218905,11.806760408671341,0.3,-0.07440250660916886,0.016491600159002494,0.0247732638060365,0.009950248756218905,-3.6690404411853943,-0.08144531687400722,0.01880970665681146,0.023767350371261448,0.009950248756218905,-4.218182589163366,-0.07122945931383032,-0.0800305592359131,0.015932879102718362,0.016960724332775394,0.14705882352941177,0.20588235294117646,0.175,0.20588235294117646,-0.06274753433601316,-0.06901239132092903,0.015319868010300492,0.01654099508029106,0.17647058823529413,0.029411764705882353,0.025,0.029411764705882353,-0.3625701066670507,-0.5136430229334811,0.03534552501918657,0.009950248756218905,4.274173779570384,-0.31945158995039347,-0.3285578476048055,-0.49057693763487425,-0.49431923264509325,0.9117647058823529,0.0,0.075,0.08823529411764706,-0.25295852271120894,-0.0026373749778541263,0.019146362235164725,0.009950248756218905,-13.07408397719198,-0.23155907866394446,-0.24231599779359564,0.001498804089337649,0.0014942852739588776,0.0,0.9117647058823529,0.85,0.9117647058823529,-0.45834121496293023,-0.5402186486188215,0.021280063288886902,0.009950248756218905,3.847612318653327,-0.4506148943095882,-0.4537675942875767,-0.5276551341470763,-0.532102635333372,0.8823529411764706,0.0,0.025,0.029411764705882353,0.2,0.3,0.3,True,mix,-0.10446618343140082,-0.11255658950836296,0.07419354838709676,0.0723952018898657,0.08893565041162074,0.21499999999999994,0.5,0.2214273117090373,100,34,0.0,-1.2655958435949752,0.5331723077250556,0.3999999999999999,0.7372317314147949,0.85,0.19999999999999996,0.7000000000000001,0.27706322765888275,0.281883057796331,0.3,0.28408503654486783,0.28440159157790423,0.035455730266997325
200,200,0.2308200604004178,-0.010071065554625664,0.011624721785865839,0.009950248756218905,20.722313219333444,0.19026489359185836,0.21167775089417518,-0.007916458150938709,-0.007628303775037677,1.0,0.9117647058823529,0.775,0.9117647058823529,40,20,0.09427215861091454,6.0893455285494934e-05,0.004786122626633666,0.009950248756218905,19.684256440000276,0.09142998611548478,0.09058049500751453,0.0002936442910676528,9.367133148896569e-05,1.0,0.8823529411764706,0.875,0.8823529411764706,0.009950248756218905,19.968470689486626,0.3,0.03985602891239136,0.01466261504753694,0.023131805747965854,0.25870646766169153,1.0891243916822504,0.04407912029860295,0.014171261033840175,0.02241944671654934,0.1691542288557214,1.3340141548342361,0.07157652204490329,0.05181507656522995,0.015091593660192497,0.013492658673611728,0.5294117647058824,0.029411764705882353,0.05,0.029411764705882353,0.06263730366979282,0.04570070093366591,0.014992245641015253,0.01337495485968355,0.5882352941176471,0.029411764705882353,0.05,0.029411764705882353,-0.05355082411131944,-0.49890765084585953,0.0382217466928584,0.009950248756218905,11.651922406939649,-0.033996283499073424,-0.05605468933578303,-0.4888078852186579,-0.4773338861350267,1.0,0.5882352941176471,0.625,0.5882352941176471,-0.2543037174404985,-0.003311336569643441,0.019038944125592174,0.009950248756218905,-13.183104020999131,-0.23804765544579842,-0.25106471755648296,0.0007726586387180558,0.00022161328274385367,0.0,0.0,0.8,0.8823529411764706,-0.3487188214333251,-0.524211686923953,0.022699935731198682,0.009950248756218905,7.73098512528828,-0.332636620313737,-0.33295799430084294,-0.5251459756402321,-0.5126842637076059,0.9117647058823529,0.2647058823529412,0.35,0.2647058823529412,0.2,0.5,0.5000000000000001,True,mix,-0.10400348889391134,-0.0959069524822913,0.10000000000000002,0.11127732778435692,0.1419583252168786,0.24999999999999997,0.5,0.29967915263087996,100,34,0.0,-0.675599351681335,0.5288582012096186,0.6666666666666666,0.7379405498504639,0.85,0.19999999999999996,0.5000000000000001,0.56448693233177,0.46216666614878243,0.5000000000000001,0.4805404948303988,0.4279169380101679,0.046248437696347774
200,200,,,,,,0.049460557611802,nan,-0.007269488681565168,nan,nan,nan,0.15,nan,40,20,,,,,,0.07399083326725367,nan,-5.218033286525625e-05,nan,nan,nan,0.725,nan,,,0.3,,,,,,,,,,,0.15738432518340012,nan,0.012582284383153957,nan,nan,nan,0.175,nan,0.16787938289908375,nan,0.012395593915570522,nan,nan,nan,0.25,nan,,,,,,0.07656836336437438,nan,-0.4907132531738364,nan,nan,nan,0.85,nan,,,,,,-0.09929908677972918,nan,0.00014047403978569627,nan,nan,nan,0.15,nan,,,,,,-0.29447192272425954,nan,-0.5246579676883789,nan,nan,nan,0.5,nan,0.1,nan,1.0,True,noise,-0.0027766142266677702,nan,0.16666666666666666,-0.1196500744295236,nan,0.10000000000000005,0.6,nan,100,0,0.0,nan,0.5277016078402639,0.7142857142857143,0.7383580207824707,0.0,0.24999999999999994,0.0,0.9125128510663161,nan,1.4999999999999998,1.4959563102377638,nan,
200,200,,,,,,0.0804419199494998,0.20888768693212878,-0.007316584532041021,-0.013271381724813746,1.0,1.0,0.375,1.0,40,20,,,,,,0.0009070785848374268,0.0157909704872022,-0.0003642666353531986,0.0006445073025138539,1.0,nan,0.05,0.0,,,0.3,,,,,,,,,,,-0.10582645329194604,-0.21712652502358798,0.012762814236935333,0.0207006894265547,0.0,0.6666666666666666,0.2,0.6666666666666666,-0.09019010676502771,-0.15767987486232116,0.01252091802681624,0.021563254088802046,0.0,0.0,0.125,0.0,,,,,,-0.6013674202445201,-0.618786015186561,-0.5052546617715444,-0.45252793582835804,0.0,0.0,0.025,0.0,,,,,,-0.09786919966300267,-0.21124653817725858,-0.0003160617610513108,-0.0017862429832795302,0.0,0.6666666666666666,0.2,0.6666666666666666,,,,,,-0.5816726047374979,-0.6083345935764864,-0.5415529059216699,-0.4964586253150995,0.0,0.0,0.05,0.0,0.1,nan,0.0,True,post,-0.21127252233711089,-0.1807113060648139,0.03333333333333334,-0.12445374513432243,0.06346523970327449,0.1,0.6,0.07028246771891014,100,3,0.0,-2.8474060274523803,0.5472123150990772,0.0,0.7383687496185303,0.075,0.24999999999999994,0.40000000000000013,0.04996052352534974,0.053370768949544796,0.0,0.011276192629500598,0.07559550646148407,
200,200,0.16233177035441881,-0.006981122698668811,0.019321731711694545,0.009950248756218905,8.762821861450835,0.07451954036112293,0.15987200814679062,-0.005418902637817852,-0.0063100381521867584,1.0,0.875,0.2,0.875,40,20,-0.10736114959183418,0.0014193934355591702,0.010966512334811438,0.009950248756218905,-9.919338044436206,-0.09668841273798287,-0.1013175590412628,0.0002768339389479664,0.0006750797649276465,0.0,1.0,0.975,1.0,0.009950248756218905,-10.187737552417826,0.3,-0.46975275313533904,0.015691061720611806,0.04627831754749875,0.009950248756218905,-10.48965996543015,-0.39778472688759714,0.015703360897122744,0.04670367495869714,0.009950248756218905,-8.853437939124465,-0.29742955976612107,-0.3984731412156689,0.012294059150783042,0.015227599826715439,0.0,1.0,0.875,1.0,-0.3589796283580004,-0.4669091341131888,0.012661865028931121,0.01537116010713862,0.0,1.0,0.95,1.0,-0.7558865238816461,-0.5528457116179895,0.0629050755371591,0.009950248756218905,-3.2277333828251944,-0.70429572680454,-0.7474479762152546,-0.5348474948626102,-0.5382742844384435,0.0,0.125,0.05,0.125,-0.23926839668951877,0.0013342352796989934,0.04115148127251326,0.009950248756218905,-5.846755074745737,-0.16622311598226863,-0.2431785506052317,4.173124655838967e-05,0.003975060269507642,0.0,1.0,0.525,1.0,-0.7260401894592639,-0.5775028983456348,0.04011867444894277,0.009950248756218905,-3.7024476294440705,-0.6784016081085266,-0.7157220012858887,-0.5731486350148628,-0.5767244274485809,0.0,0.375,0.1,0.375,0.1,nan,0.0,True,err,0.19251688599434796,0.22156926570305316,0.3333333333333333,-0.05930446306711172,0.09593133736572391,0.14999999999999994,0.6,-1.7303135899830018,100,8,0.8333333333333333,2.309665139539892,0.5789673959938808,0.0,0.7375223636627197,0.2,0.24999999999999994,0.0,-1.5022374112858157,-0.62748185802463,-1.0,-1.2974907288669417,-0.6337417051034692,0.08590762008337412
200,200,,,,,,0.07619149442763178,0.1585445546063767,-0.007374463010873431,-0.009706049442970339,1.0,1.0,0.325,1.0,40,20,,,,,,0.021773305858716036,-0.007472653067217554,-0.00018472483436110697,-0.0005547012098470265,0.0,0.0,0.175,0.0,,,0.3,,,,,,,,,,,-0.02267193804092541,-0.2238740750620002,0.012131957047700382,0.010985336744687041,0.0,0.3333333333333333,0.05,0.3333333333333333,-0.026994582783405874,-0.20473111331741248,0.012096673185999303,0.014350830231564794,0.0,0.3333333333333333,0.05,0.3333333333333333,,,,,,-0.4430210013432422,-0.5436396234150802,-0.5033575721898449,-0.5101198758793879,0.6666666666666666,0.0,0.025,0.0,,,,,,-0.09712792402613382,-0.22533873563218845,-0.0006472324216273523,0.0016697440846825248,0.0,1.0,0.175,1.0,,,,,,-0.5047610360138426,-0.5345600889266388,-0.5385247062496865,-0.5466006711023129,0.6666666666666666,0.0,0.025,0.0,0.1,0.1,0.10000000000000002,True,mix,-0.21030690180758235,-0.04622794109582699,0.046017699115044254,-0.13036412823478286,0.016237358071281755,0.10081081081081082,0.6,-0.04946421532451934,100,3,0.0,-2.8470112497911932,0.540207092892565,0.12499999999999997,0.734241247177124,0.075,0.24999999999999994,0.3600000000000001,0.3032714719078264,-0.062376399735262114,0.15000000000000002,0.28577082025076644,-0.047132827019951154,
200,200,0.14388560373308712,-0.00857515453711469,0.021796273703618592,0.009950248756218905,6.994808394147467,0.08479273935922615,0.14868684977692875,-0.007382255966645809,-0.006678401304483987,1.0,0.75,0.275,0.75,40,20,0.04314621394093471,-0.0008942126528444019,0.011389360235165088,0.009950248756218905,3.8668042524404305,0.03749228395320918,0.03615550048622852,-0.00040229748226111757,-0.0010789257413606084,0.875,0.375,0.35,0.375,0.009950248756218905,3.8654681433995286,0.3,-0.05635490558275559,0.013580882211934044,0.04838190302139463,0.13930348258706468,-1.4454947702722298,-0.0456766026809692,0.013064366371441469,0.047371218114336484,0.24875621890547264,-1.2400139027329173,0.02375408211564644,-0.050462947076661664,0.012015403821658907,0.008898765727615793,0.25,0.0,0.075,0.125,0.01128270925062177,-0.07155094675318349,0.012515508528299631,0.009618275319116546,0.125,0.0,0.05,0.125,-0.2921657598527493,-0.5169626316822609,0.06511120788501325,0.009950248756218905,3.452506551914251,-0.2575237267938538,-0.2951429310562163,-0.5047130779862662,-0.5039418794007444,0.875,0.375,0.325,0.375,-0.20936910494269056,-0.002086116336563486,0.03805372780179457,0.009950248756218905,-5.447113872268376,-0.11746022901324193,-0.19955598745939193,0.0011427941921292306,0.0016369043083271067,0.0,0.0,0.275,0.75,-0.4282162074837307,-0.5437053245065048,0.040825537498980415,0.029850746268656716,2.8288449851475805,-0.4225560242774078,-0.4267750208310348,-0.5411423377719404,-0.5375762966565687,0.875,0.25,0.15,0.25,0.1,0.3,0.3,True,mix,-0.14420514316860755,-0.08044274198426012,0.08282828282828278,-0.09416361578046914,0.023996757122269854,0.1087096774193548,0.6,0.19560182195668083,100,8,0.0,-3.3522338695342446,0.545332881084674,0.37499999999999983,0.7321460247039795,0.2,0.24999999999999994,0.28,0.4257683974433236,0.32110758323906996,0.44999999999999996,0.44216384842070455,0.2431654214240986,0.0978898309415086
200,200,0.1389217505863289,-0.009320868953514678,0.01865435105339565,0.009950248756218905,7.946811931842153,0.0844888855472741,0.15307994775459166,-0.007208627683463217,-0.00696311545906052,1.0,0.8666666666666667,0.375,0.8666666666666667,40,20,0.08058616388111299,0.000443146812941586,0.008124166384925939,0.009950248756218905,9.864768058789238,0.07242352243272299,0.08353669836310386,0.00021291189704975222,-0.00027130527334076046,1.0,0.8666666666666667,0.725,0.8666666666666667,0.009950248756218905,13.36226667401031,0.3,0.04131841109477792,0.009823052789887739,0.03180595187655072,0.39800995024875624,0.9902347342454555,0.06867848420365423,0.010591471978291822,0.034227852866066666,0.09950248756218906,1.6970685380400399,0.11651161139525504,0.0790480656065356,0.014309707470774728,0.012736429917199941,0.7333333333333333,0.13333333333333333,0.225,0.13333333333333333,0.11429899827618004,0.07426175726199097,0.013595460960919856,0.011556647657052225,0.6666666666666666,0.13333333333333333,0.15,0.13333333333333333,-0.01079483731184558,-0.5171647020396049,0.0510042244201883,0.009950248756218905,9.927998523145895,-0.004764779132676103,-0.011398970451949327,-0.5066419867376349,-0.49404332309044524,1.0,0.6666666666666666,0.7,0.6666666666666666,-0.21592075432035623,-0.00045851156347500156,0.029682057269036263,0.009950248756218905,-7.259006368618127,-0.13963034110999528,-0.20309028455772404,-0.00036196382526283277,0.0011218781599820209,0.0,0.0,0.35,0.6666666666666666,-0.30534524824381515,-0.5414480248688054,0.033048608837487906,0.009950248756218905,7.1441063609923745,-0.32492109183898626,-0.2994735219407649,-0.5429135070284964,-0.5305913415546408,1.0,0.5333333333333333,0.475,0.5333333333333333,0.1,0.5,0.49999999999999994,True,mix,-0.07635843112232607,-0.045128007506799586,0.14117647058823524,-0.057079279005885254,0.06648185565829526,0.12999999999999998,0.6,0.3530465828746126,100,15,0.0,-0.6788018634550366,0.5457933903839797,0.6249999999999998,0.7372798919677734,0.375,0.24999999999999994,0.20000000000000007,0.75930265730771,0.574956054825699,0.7499999999999998,0.8571958543848922,0.5457063422638787,0.0854071612991303
200,200,0.11141894195232506,-0.006801455754098136,0.014177251941207896,0.009950248756218905,8.338738578416779,0.06314326854192864,0.11154976075352555,-0.004624266255622571,-0.004538325213978753,1.0,0.42857142857142855,0.225,0.42857142857142855,40,20,0.12439185553472261,-0.0011279344225677964,0.007457619896637543,0.009950248756218905,16.83107904132431,0.12213620664041587,0.12969775972403302,-0.0008280735941576836,-0.0011179774560427344,1.0,1.0,1.0,1.0,0.009950248756218905,21.091763882376217,0.3,0.20783535334513065,0.006228271299187689,0.03275510468651919,0.009950248756218905,6.154982069795128,0.20136430668114794,0.00626700617216877,0.03256005278160846,0.009950248756218905,5.991922120383906,0.25073870399727355,0.2267212402589388,0.007068242008985549,0.005584060833231869,0.9523809523809523,0.47619047619047616,0.6,0.47619047619047616,0.2803160610927967,0.2415906830368548,0.007327196865332103,0.005784760782053516,0.9523809523809523,0.47619047619047616,0.65,0.47619047619047616,0.24766479916552525,-0.5301090005992579,0.04745347571351947,0.009950248756218905,16.390238819256933,0.2778052040582829,0.24613975273390196,-0.5182937795548805,-0.5069990430487038,1.0,1.0,1.0,1.0,-0.22462255430118722,-0.005193334451110792,0.025676363215755973,0.009950248756218905,-8.545961824799258,-0.1712971706502583,-0.22129964936738084,-0.0002316615777396312,-0.0016890425675486864,0.0,0.0,0.475,0.7619047619047619,-0.22335936507878043,-0.5525976428176853,0.02981180889889728,0.009950248756218905,11.04388797219344,-0.1944800874164248,-0.184927377332264,-0.5519461713905063,-0.5398718908548598,1.0,0.8571428571428571,0.85,0.8571428571428571,0.2,nan,1.0,False,noise,0.11337911592307723,0.12485717591484038,0.2714285714285714,0.006834774007981487,0.09838534356281761,0.17674418604651163,0.6,0.537612819677033,100,21,0.0,1.2690627627388513,0.5535910273119535,0.95,0.7395524978637695,0.525,0.24999999999999994,0.0,1.1245418149614204,1.1378813510835282,1.4999999999999998,1.9342712130797364,1.1626897166602297,0.14833610696259214
200,200,0.22697261260464063,-0.009483291585746173,0.016214031098137204,0.009950248756218905,14.58341252367336,0.1654312855964295,0.2231531882048854,-0.0061809191596882505,-0.007795784408035236,1.0,1.0,0.775,1.0,40,20,-0.006376507237253918,0.0013806873834179972,0.006790732176951004,0.2885572139303483,-1.1423208009673744,0.0005897657497075732,-0.006122300595505345,0.0005836524807880725,0.000563878224538407,0.4090909090909091,nan,0.075,0.09090909090909091,0.22885572139303484,-1.2271614672442173,0.3,-0.27150572370941184,0.016770716278016365,0.03063503660461747,0.009950248756218905,-9.410024335814493,-0.29978126144572004,0.018075058061827125,0.029604463957927547,0.009950248756218905,-10.736769966466296,-0.21017750498619617,-0.2937051949464418,0.01366864286984592,0.01530839392156218,0.0,0.7272727272727273,0.45,0.7272727272727273,-0.18206423881857844,-0.24966991539363867,0.013355897761819403,0.015134962322220492,0.0,0.7272727272727273,0.45,0.7272727272727273,-0.6830692922602626,-0.5104760459801005,0.04552458694974595,0.009950248756218905,-3.791209494484694,-0.6418494851773925,-0.6641403865461789,-0.5045454675917843,-0.4893052324704595,0.09090909090909091,0.22727272727272727,0.175,0.22727272727272727,-0.24523877266137206,-0.003955244130883089,0.02368057330353021,0.009950248756218905,-10.189091515125195,-0.19563219925289316,-0.248450979420012,-0.0014540532859720753,0.00021290631939288625,0.0,0.9090909090909091,0.575,0.9090909090909091,-0.6310400865448776,-0.5361244174650812,0.028286837393773082,0.009950248756218905,-3.3554712304930634,-0.6226309982031045,-0.6368303848471775,-0.5406628713834225,-0.5267536831017082,0.09090909090909091,0.22727272727272727,0.175,0.22727272727272727,0.2,nan,0.0,True,post,-0.13382282719559052,-0.09766042892918803,0.07500000000000002,0.007512630553847538,0.10323884837135934,0.20000000000000004,0.6,-0.028209351502651,100,22,0.0,-0.9459658885180001,0.5448152554805386,0.0,0.7369160652160645,0.55,0.24999999999999994,0.8000000000000003,0.0436821684777065,-0.021068133748198676,0.0,0.003565019443458294,-0.027435416203349196,0.033672006862556676
200,200,0.13545221924604628,-0.00658673790816797,0.014983667806932801,0.009950248756218905,9.479585304141258,0.09464864988191109,0.1531322990678,-0.0060942628184128145,-0.004651083111732843,1.0,0.8333333333333334,0.45,0.8333333333333334,40,20,-0.13089413348119944,0.00025519536259509327,0.0068265203657564815,0.009950248756218905,-19.211739187428538,-0.11152277049194463,-0.12668738839257554,0.00028929458769530025,1.8380705627526658e-05,0.0,0.9444444444444444,0.925,0.9444444444444444,0.009950248756218905,-22.432600241050068,0.3,-0.5227552294480204,0.009849163210699632,0.031508666530301474,0.009950248756218905,-16.90342535218423,-0.4205104175036288,0.011115563774579437,0.03376600946861357,0.009950248756218905,-12.782854357327405,-0.33827717432848575,-0.41830791896107156,0.012088536013996017,0.009925912999599664,0.0,1.0,0.85,1.0,-0.4283875226659492,-0.5192909427370852,0.0122115877321623,0.009860796694856204,0.0,1.0,0.95,1.0,-0.7126543156270474,-0.5255270328683236,0.04987179025097938,0.009950248756218905,-3.752166942739675,-0.7016914877407923,-0.7298479621096315,-0.4979127915123081,-0.5038599470884344,0.0,0.16666666666666666,0.125,0.16666666666666666,-0.28275974601211107,-0.004863540646022849,0.027254946513555985,0.009950248756218905,-10.196175039920657,-0.1999216931375445,-0.27547055099395285,-0.001093034846479411,-0.0015086096788087238,0.0,0.9444444444444444,0.6,0.9444444444444444,-0.6941642373508794,-0.5554447560420852,0.02984388909400818,0.009950248756218905,-4.648170379777916,-0.6742798495592275,-0.7050870442891617,-0.534372623959484,-0.5404877644017309,0.05555555555555555,0.4444444444444444,0.275,0.4444444444444444,0.2,nan,0.0,False,err,0.2694007943268336,0.3110365583245941,0.37999999999999995,-0.0076073881502288915,0.11074181470368043,0.1838709677419355,0.6,-4.790615099761545,100,18,0.95,2.8086640909475453,0.5396705146563441,0.0,0.736053466796875,0.45,0.24999999999999994,0.0,-1.0045656167911976,-0.9489157621219324,-1.0,-1.178281683162799,-0.8273067743630241,0.08576981662014553
200,200,0.21575173277749377,-0.008884175310265694,0.013671796574636737,0.009950248756218905,16.43060638336754,0.1991521411656463,0.2189680217380019,-0.00646957092040166,-0.006456425400930194,1.0,1.0,0.975,1.0,40,20,0.021749761505805123,-0.00019865127770596458,0.006061561991040071,0.009950248756218905,3.620916986798671,0.02360911695079563,0.027180409764564144,-0.00017398327829653212,-0.0002363927275071918,0.8333333333333334,0.16666666666666666,0.175,0.2,0.009950248756218905,5.6093339009044625,0.3,-0.182843909634761,0.012213377927484923,0.027219442366773212,0.009950248756218905,-7.166101528706788,-0.1917835506794648,0.012352185815679189,0.025266015541594522,0.009950248756218905,-8.079458993089087,-0.18235795575502411,-0.19811649845727908,0.01230446992683634,0.01136550531118237,0.0,0.36666666666666664,0.35,0.36666666666666664,-0.16497916271830748,-0.17840529724220597,0.013033189841056548,0.012537001202313262,0.03333333333333333,0.3333333333333333,0.325,0.3333333333333333,-0.528440621217048,-0.541618008833003,0.03518612239940777,0.7064676616915423,0.3745052514170269,-0.5103507415997022,-0.5078450128653124,-0.5193922350602945,-0.5215602385794589,0.4666666666666667,0.03333333333333333,0.05,0.06666666666666667,-0.2589814552084573,-0.0019419366401434868,0.021076284949756278,0.009950248756218905,-12.195674862475729,-0.22923874855085585,-0.24779656136843867,-9.453939547746249e-05,0.00028610275620052396,0.0,0.9,0.8,0.9,-0.5567197459558524,-0.5673967498016831,0.02211850181390794,0.6368159203980099,0.48271822093458283,-0.555719122837164,-0.5532795260823636,-0.5556138581711224,-0.5572834775577018,0.5,0.06666666666666667,0.05,0.06666666666666667,0.2,0.1,0.1,True,mix,-0.07741317002143415,-0.06427785221663222,0.09280575539568343,0.047707036725627774,0.08772085046689708,0.20352941176470588,0.6,0.11042284364213305,100,30,0.0,-0.7327545489414576,0.5574800861947817,0.24999999999999994,0.7346847057342529,0.75,0.24999999999999994,0.7200000000000002,0.10103319669516789,0.10118923327827684,0.15,0.11854814521506234,0.12412958544734838,0.03319313570705258
200,200,0.18819057824165294,-0.008905772934623002,0.011917400801025928,0.009950248756218905,16.538535075766692,0.19107267326152513,0.20143388432151382,-0.007588201183139031,-0.007137364789907468,1.0,0.8857142857142857,0.85,0.8857142857142857,40,20,0.08969315790442421,0.0008544713727576238,0.0059429283545336855,0.009950248756218905,14.948638317159842,0.09035786274192943,0.09401873157340562,0.0004468118000352706,0.0006152240108232908,1.0,0.8571428571428571,0.825,0.8571428571428571,0.009950248756218905,18.551970006687288,0.3,0.008845102012497117,0.01529205962817172,0.024381579624992284,0.8159203980099502,-0.26441919328318436,0.0177392345551971,0.014920520344855586,0.025677701001404936,0.9751243781094527,0.10977284181623256,0.017696202667972637,0.016390371248823494,0.015355585412291525,0.014740788484258048,0.5428571428571428,0.02857142857142857,0.025,0.02857142857142857,0.020709618787051208,0.02080099246536771,0.015797392038732212,0.015310041516894806,0.45714285714285713,0.05714285714285714,0.05,0.05714285714285714,-0.040921929093386114,-0.536377642522859,0.0369738727699191,0.009950248756218905,13.400157362448697,-0.07668587143665394,-0.05941709165361375,-0.5161554081679344,-0.5124177624572916,1.0,0.6285714285714286,0.625,0.6285714285714286,-0.2572518540290567,-0.0024322236478820365,0.021046253470362077,0.009950248756218905,-12.107600563107882,-0.25038360836976403,-0.26154557254572974,0.0010525292861205467,0.0008081851458869616,0.0,0.0,0.875,0.9428571428571428,-0.3656740701186976,-0.5631591569297845,0.02248981085413662,0.009950248756218905,8.78109149441698,-0.3665155928141012,-0.35293527959113924,-0.5532318376320193,-0.5489295463157614,1.0,0.45714285714285713,0.425,0.45714285714285713,0.2,0.3,0.3,True,mix,0.009864908334779775,0.007543798720014688,0.1886597938144329,0.11080969687842927,0.13364768484776374,0.24909090909090903,0.6,0.3182193235576032,100,35,0.0,0.05644541264300782,0.5566742256052587,0.7499999999999997,0.7383763790130615,0.875,0.24999999999999994,0.56,0.47892506477163044,0.455451482535935,0.44999999999999996,0.47289788330042754,0.46674734933542705,0.04434405263678363
200,200,0.15651766718866972,-0.008049439794551206,0.010488606681088189,0.009950248756218905,15.690082769931559,0.16139061671931293,0.1700700955243277,-0.005973224911166546,-0.006047659335064638,1.0,0.8108108108108109,0.75,0.8108108108108109,40,20,0.11183111632423791,0.0001660734725437222,0.00548521903815819,0.009950248756218905,20.357444626100342,0.11150484465181103,0.11172258450860895,9.393043305137044e-05,0.00010206957097212653,1.0,1.0,1.0,1.0,0.009950248756218905,23.66054200321004,0.3,0.11275997338307384,0.011559964417106524,0.020678212547297445,0.009950248756218905,4.894040465518849,0.09768447457048868,0.01114449040021267,0.02158291807859362,0.009950248756218905,4.009651700068235,0.14383976146394012,0.13627955777681883,0.012218260830628583,0.012437497605147318,0.8918918918918919,0.2702702702702703,0.275,0.2702702702702703,0.1383492332762303,0.1297725945342331,0.01167922010223765,0.01187269137364889,0.8378378378378378,0.2972972972972973,0.3,0.2972972972972973,0.08812410850186611,-0.5143447908252267,0.041797910422169224,0.009950248756218905,14.413852109533568,0.12466662902465461,0.11349670494226209,-0.49429014602554944,-0.4921953276152083,1.0,0.918918918918919,0.925,0.918918918918919,-0.24970314137430522,-0.005055640188415586,0.017814492747433318,0.009950248756218905,-13.73306019097316,-0.24418091292313893,-0.2506114518635174,-0.00106576601946806,-0.0008867764525398712,0.0,0.0,0.875,0.9459459459459459,-0.2627275248185533,-0.5426841972799581,0.026837321773944493,0.009950248756218905,10.431617387498564,-0.25244537988376614,-0.25859169313491603,-0.5303849204574279,-0.527920478721207,1.0,0.6216216216216216,0.625,0.6216216216216216,0.2,0.5,0.4318181818181818,False,mix,0.1162620173996359,0.1175167241754709,0.2717647058823529,0.12761612921010398,0.13997975040808763,0.27674418604651163,0.6,0.39647085401774995,100,37,0.0,0.8395266017611153,0.5335881532772297,0.95,0.7371866703033447,0.925,0.24999999999999994,0.40000000000000013,0.7701091230860186,0.7552812260030896,0.6477272727272727,0.6909004186144095,0.6569208076479711,0.07000272192692475
200,200,0.10151990757461793,-0.0073475323457066885,0.023935413623009584,0.009950248756218905,4.548383480247019,0.01955237069494429,0.08166094276171144,-0.00675551950012681,-0.0065956875267654015,1.0,0.42857142857142855,0.15,0.42857142857142855,40,20,0.11327411666094739,0.0004101794935619774,0.011519915057034267,0.009950248756218905,9.79728900767123,0.08103792351179506,0.10656049831528858,0.00022202417685241116,0.0006138299986533808,1.0,0.8571428571428571,0.85,0.8571428571428571,0.009950248756218905,10.83009177566895,0.3,0.20194396473636458,0.014140848972316142,0.05149689594690476,0.009950248756218905,3.6468822500298597,0.15761214438642743,0.014546329717376223,0.05211095366769907,0.009950248756218905,2.7454077232707608,0.1793007544223667,0.17031244529341835,0.013454950932920361,0.013209727349351318,0.8571428571428571,0.2857142857142857,0.325,0.2857142857142857,0.21433858745880618,0.20112802429005386,0.013912838469925661,0.014339649992344067,0.8571428571428571,0.42857142857142855,0.45,0.42857142857142855,0.21133339673714008,-0.5373635207969383,0.0750869569769904,0.009950248756218905,9.9710648515632,0.16886101622723299,0.21000654068480967,-0.5062153390733304,-0.5167795100491196,1.0,1.0,0.925,1.0,-0.20898670952222975,0.0008499708052007393,0.04130806220564895,0.009950248756218905,-5.079799659390829,-0.0906073580097385,-0.21031193763834707,0.0011448032114297357,0.005746654016636703,0.0,0.0,0.175,1.0,-0.2098996980362229,-0.5614995713049479,0.045915036051613525,0.009950248756218905,7.657619453153226,-0.27882583592814425,-0.1964513734414882,-0.5428824564577158,-0.5548479210460774,1.0,0.8571428571428571,0.7,0.8571428571428571,0.1,nan,1.0,True,noise,0.23445343547576378,0.23824788031889405,0.3478260869565217,-0.1326293734348794,0.04998952189364073,0.10000000000000002,0.7,0.5661443122821244,100,7,0.0,4.76595637033292,0.5475796501799035,0.9210526315789473,0.7429964542388916,0.175,0.2857142857142857,0.0,0.8410351804852878,1.3138290351905018,2.333333333333333,4.144659733397407,1.3049138879798954,0.41045822937148746
200,200,0.18582475638617046,-0.010135355695798718,0.020051290792554785,0.009950248756218905,9.772942505275417,0.10403161822736506,0.19296784552887283,-0.007881983999530634,-0.008166345112244684,1.0,1.0,0.5,1.0,40,20,-0.006937311335057417,-0.000729744395794713,0.008882964893737917,0.44776119402985076,-0.6988170068014045,-0.003808625885925238,-0.00876955195026387,-0.00035134344302337385,-0.00021575528996967326,0.4166666666666667,nan,0.075,0.08333333333333333,0.3582089552238806,-1.0909838030756065,0.3,-0.21638357165131702,0.013601460017126477,0.03848749022520395,0.009950248756218905,-5.975578826178167,-0.25923669278119815,0.013536049448702524,0.03747402471589894,0.009950248756218905,-7.27898175577852,-0.13486185384083332,-0.26620342776941713,0.012096044295288932,0.013842280630176335,0.0,0.6666666666666666,0.35,0.6666666666666666,-0.12545908220477717,-0.23764921201068626,0.012436338583305088,0.013002035501307675,0.0,0.6666666666666666,0.375,0.6666666666666666,-0.6665338125455328,-0.5100240917862523,0.06734543886004495,0.009950248756218905,-2.323983975844449,-0.5868018121739839,-0.6607302881207698,-0.48925520265316047,-0.49246930380992393,0.08333333333333333,0.08333333333333333,0.05,0.08333333333333333,-0.23162690433864916,-0.003850120049797695,0.03114696502144241,0.009950248756218905,-7.312968827772813,-0.13282611397918292,-0.23619284816435449,0.0007905101682878043,-0.0014844170099470532,0.0,1.0,0.475,1.0,-0.6594792952377861,-0.5367747257022445,0.04265874334137251,0.009950248756218905,-2.876422508528525,-0.5813247232337492,-0.638631539819437,-0.524764685472319,-0.5298626710143821,0.08333333333333333,0.08333333333333333,0.075,0.08333333333333333,0.1,nan,0.0,True,post,-0.17359003978030133,-0.07629432437479895,0.03333333333333334,-0.08897980707816386,0.05674381511817905,0.1,0.7,-0.04760930071548873,100,12,0.0,-1.3445399153353101,0.5295650256607969,0.0,0.7339518070220947,0.3,0.2857142857142857,0.35000000000000003,-0.017257645674272695,-0.03151028344599266,0.0,-0.03661027244237748,-0.04544566441226979,0.043175772481780214
200,200,,,,,,0.06022645082350888,0.19457576967537651,-0.0067904412976402964,-0.011601981119216735,1.0,1.0,0.125,1.0,40,20,,,,,,-0.0792651565840521,-0.09853098621967064,-0.0004186190233427866,-0.0017676878393628915,0.0,1.0,0.825,1.0,,,0.3,,,,,,,,,,,-0.2598704667017732,-0.4267567701868999,0.011835380505491735,0.01523578679307724,0.0,1.0,0.7,1.0,-0.3056405519925785,-0.4858088437552744,0.011761512907930783,0.014548759749074158,0.0,1.0,0.825,1.0,,,,,,-0.6758507817755359,-0.7481630201246313,-0.49647057958413854,-0.5091055061772615,0.0,0.3333333333333333,0.1,0.3333333333333333,,,,,,-0.11703160669801704,-0.291269240748065,-0.0007301151004627749,0.0028140846943198318,0.0,1.0,0.225,1.0,,,,,,-0.6473221434786995,-0.7007499444251867,-0.530784993113428,-0.5409518798446183,0.0,0.6666666666666666,0.25,0.6666666666666666,0.1,nan,0.0,False,err,0.12922309114606484,0.21619628406801336,0.285,-0.11792718717534549,0.13593112529862805,0.1195804195804196,0.7,-1.0258858698464488,100,3,0.95,1.5904840307402017,0.5329655128365216,0.0,0.727121114730835,0.075,0.2857142857142857,0.0,-1.1012356199907045,-0.5040232543665509,-1.0,-1.3161186737756696,-0.506388777924694,
200,200,0.16978250080460935,-0.006450089759258693,0.023635564721751646,0.009950248756218905,7.456246238712723,0.09912093335231838,0.18701364830279585,-0.00810868845217309,-0.005667735187452251,1.0,1.0,0.4,1.0,40,20,0.02866896180366965,-0.0009426341000366576,0.010099169101509379,0.009950248756218905,2.9320823924364827,0.021505406734343813,0.02691723193949418,-0.00016471655865837404,-0.0009459085865038494,0.7777777777777778,0.2222222222222222,0.15,0.2222222222222222,0.009950248756218905,3.4062850002286216,0.3,-0.15173305641196463,0.0074510553840615576,0.04969861908200418,0.009950248756218905,-3.2029886289227623,-0.11838604554574324,0.005325428432404699,0.048791522455427686,0.029850746268656716,-2.535511657555389,-0.05599330772265352,-0.13096315416620574,0.015142210765699967,0.007652579290596461,0.1111111111111111,0.2222222222222222,0.075,0.2222222222222222,-0.05775618132957359,-0.14486165928737466,0.015097996646328075,0.008955685201199963,0.1111111111111111,0.2222222222222222,0.075,0.2222222222222222,-0.4055807756095901,-0.5262300350727921,0.06991862352200678,0.09950248756218906,1.725566857355283,-0.39716070187317903,-0.37708706572583617,-0.5138430806520958,-0.5128061655153766,0.7777777777777778,0.0,0.05,0.1111111111111111,-0.2423511228503333,-0.003635581912069461,0.04078484992079104,0.009950248756218905,-5.853044485783921,-0.13249907005180267,-0.24755997326952967,0.0013421372612654012,-0.0004554787915610412,0.0,1.0,0.325,1.0,-0.5000301580388626,-0.5571700159169878,0.04338570817695117,0.208955223880597,1.3170202879657937,-0.5059633199515196,-0.4742771675847764,-0.5512538217283022,-0.549218347600646,0.7777777777777778,0.0,0.025,0.0,0.1,0.1,0.09999999999999999,True,mix,-0.09743086798666681,-0.017783063501336207,0.08752897542883631,-0.07825571122944033,0.07456583521731956,0.10221719457013578,0.7,0.12582209688011728,100,9,0.0,-0.23848808840547525,0.5560594583065921,0.2592592592592592,0.7418875694274902,0.225,0.2857142857142857,0.31500000000000006,0.22276062360266807,0.18183586330186732,0.23333333333333328,0.21696130178581308,0.14393191183518433,0.06925058929714185
200,200,0.14604389264332676,-0.012313479055897462,0.01950668931602213,0.009950248756218905,8.11810600587342,0.0771565129578097,0.1596567790533104,-0.007796952987207069,-0.012538640719639822,1.0,1.0,0.35,1.0,40,20,0.07883768635387627,0.00043828874602480297,0.009436165774501286,0.009950248756218905,8.30839553618234,0.05967162394386827,0.0750961236749554,-9.540819991684002e-05,7.739658171726621e-05,0.9090909090909091,0.8181818181818182,0.675,0.8181818181818182,0.009950248756218905,9.664427317547197,0.3,0.0936422063676031,0.01732489690466417,0.04002730851691029,0.06965174129353234,1.9066310548657206,0.05596216733052311,0.01589618827588356,0.03766133796363681,0.31840796019900497,1.0638490616626695,0.08506768952978519,0.025527976520272458,0.012026223202466383,0.0186873025371962,0.6363636363636364,0.0,0.05,0.09090909090909091,0.0988743009998265,0.04013995437118898,0.012270611489007412,0.018273255947446908,0.7272727272727273,0.0,0.075,0.09090909090909091,-0.020504587371376518,-0.5213960828638163,0.06236554069649098,0.009950248756218905,8.031542577688116,0.019195992379764288,-0.033295921248139466,-0.48404823252313395,-0.49737649305797493,1.0,0.8181818181818182,0.8,0.8181818181818182,-0.2352431759898503,-0.0027849046686912364,0.033075308178613726,0.009950248756218905,-7.028151334488151,-0.12637513621311092,-0.22301050488196458,-0.0012916831818457087,0.0014035629226359647,0.0,0.0,0.325,0.8181818181818182,-0.3365113739635821,-0.5508396351754128,0.040591679491678426,0.009950248756218905,5.280103309115095,-0.30602404178366893,-0.3105117764368592,-0.5188065037233798,-0.531476952499317,1.0,0.5454545454545454,0.475,0.5454545454545454,0.1,0.3,0.2999999999999999,True,mix,0.12322043526249733,0.11806275381296315,0.2692737430167595,-0.08208716541029899,0.08668697266133647,0.13585365853658532,0.7,0.3198943348610331,100,11,0.0,1.3619434407313278,0.5207394894452757,0.7777777777777773,0.738896369934082,0.275,0.2857142857142857,0.245,0.5990004552139669,0.5142670035763263,0.6999999999999996,0.7733841467990858,0.4703597562235696,0.08404403202311807
200,200,0.1175156464387441,-0.009574060704532322,0.017075141182774537,0.009950248756218905,7.442966695001152,0.0880861093389448,0.12148670306690068,-0.0068008056824906,-0.007687072008498357,1.0,0.6428571428571429,0.275,0.6428571428571429,40,20,0.07281210666202233,0.00048315510204247015,0.007700005265949139,0.009950248756218905,9.393363907222067,0.0744463237471905,0.07754037425958424,-6.118300694658437e-05,-0.00024449749155019924,1.0,0.7857142857142857,0.8,0.7857142857142857,0.009950248756218905,12.15786386904222,0.3,0.030060039053987627,0.015405580390463303,0.035110958774149076,0.6666666666666666,0.4173756335556549,0.05043525237127178,0.015453920167801918,0.03394452244270598,0.24875621890547264,1.030544243522157,0.10666468943555737,0.08426055472293727,0.011890130831835868,0.013430614668946851,0.7142857142857143,0.14285714285714285,0.175,0.14285714285714285,0.12908304021617295,0.09359219759721273,0.011712625912277341,0.013433677153939616,0.6428571428571429,0.14285714285714285,0.225,0.14285714285714285,0.07076871059592502,-0.5164667747695543,0.05537877819700098,0.009950248756218905,10.603980522392185,0.12092062093063664,0.10392487852834051,-0.4823963297498676,-0.49547834498977505,1.0,0.8571428571428571,0.875,0.8571428571428571,-0.21866845484233188,-0.003622135222113636,0.028743635753112236,0.009950248756218905,-7.481528135822291,-0.15903401833169833,-0.21726066046346454,-0.001440305286753442,0.0010034713888987517,0.0,0.0,0.325,0.7857142857142857,-0.24002455002086553,-0.5454938413788879,0.03488379745230791,0.009950248756218905,8.75676714288042,-0.24822417467004518,-0.22268504587828428,-0.5188812193441418,-0.5320973057442436,1.0,0.5714285714285714,0.6,0.5714285714285714,0.1,0.5,0.42291838417147576,False,mix,0.2744866874250159,0.2900378491881406,0.3663815789473684,-0.023004934244595394,0.0682611339837331,0.15938166311300642,0.7,0.38959711061016417,100,14,0.0,4.248945662948667,0.5241876526508089,0.95,0.7366123199462891,0.35,0.2857142857142857,0.17500000000000002,0.7495521048888041,0.5516153773266201,0.9868095630667766,0.8451539556677429,0.6382622320146761,0.10297676387194364
200,200,,,,,,7.698781000850565e-05,nan,-0.007116485634020017,nan,nan,nan,0.05,nan,40,20,,,,,,0.0819431005559031,nan,8.412146283987509e-06,nan,nan,nan,0.75,nan,,,0.3,,,,,,,,,,,0.2044401244594022,nan,0.01449561842151422,nan,nan,nan,0.375,nan,0.24038855638478646,nan,0.015006216813963918,nan,nan,nan,0.5,nan,,,,,,0.23960132480001559,nan,-0.5388807908049993,nan,nan,nan,1.0,nan,,,,,,-0.1013602997508772,nan,0.0003878701406760067,nan,nan,nan,0.2,nan,,,,,,-0.2691397388590843,nan,-0.5757859981179985,nan,nan,nan,0.8,nan,0.2,nan,1.0,False,noise,0.26468378353246114,nan,0.36626506024096384,-0.13470581378678753,nan,0.10938166311300641,0.7,nan,100,0,0.0,nan,0.5791222724553494,0.95,0.7314553260803223,0.0,0.2857142857142857,0.0,-0.14498542463787645,nan,2.333333333333333,1064.3646123568133,nan,
200,200,0.23948349019536688,-0.009147928449851734,0.01349608277487517,0.009950248756218905,18.422487678399392,0.202673044877924,0.23975679334845706,-0.007644522066568462,-0.007478848995244655,1.0,1.0,0.925,1.0,40,20,0.009328216598400555,-0.00010863228698734708,0.005517609696845447,0.11940298507462686,1.71031468374301,0.003156207137761889,0.005202135536655894,7.54667164428042e-05,-9.507592976567986e-05,0.5714285714285714,nan,0.075,0.07142857142857142,0.26865671641791045,1.210285501231954,0.3,-0.2293490920451654,0.013893393005060232,0.024033770098816288,0.009950248756218905,-10.120862604576757,-0.2942941622677917,0.013492394426238308,0.024246942629488934,0.009950248756218905,-12.693829543152738,-0.23345600055785934,-0.2696765665346328,0.013277345002206743,0.012486058835210595,0.0,0.6785714285714286,0.575,0.6785714285714286,-0.20422873303866335,-0.23048693564546194,0.014103098078555684,0.01306663504959881,0.0,0.6071428571428571,0.5,0.6071428571428571,-0.6727228980749014,-0.5249554888572994,0.042771002663728123,0.009950248756218905,-3.4548502492662174,-0.6457871882276592,-0.6467769486165003,-0.5062645090695755,-0.5031557568813254,0.07142857142857142,0.07142857142857142,0.075,0.07142857142857142,-0.24909583283706702,-0.001630119974533671,0.021258521113155005,0.009950248756218905,-11.640777433843134,-0.21634781776831408,-0.24542432937931527,0.0009084154521844207,0.00020573887973602918,0.0,0.9285714285714286,0.725,0.9285714285714286,-0.6480053743395273,-0.5531343085505722,0.026274525705771407,0.009950248756218905,-3.6107622587647765,-0.616867074832401,-0.621426164082077,-0.541825135444077,-0.5387625624363425,0.14285714285714285,0.03571428571428571,0.025,0.03571428571428571,0.2,nan,0.0,True,post,-0.1421347664086586,-0.10722576730532399,0.07500000000000001,0.05809906142926165,0.1171658148231004,0.20000000000000004,0.7,0.021236766344188755,100,28,0.0,-0.9151625622816337,0.5456008304871457,0.0,0.7322287559509277,0.7,0.2857142857142857,0.7000000000000001,0.019759706580001216,0.04072145170415502,0.0,0.015572900380822553,0.02169755219029489,0.023563919793489374
200,200,,,,,,0.049887661554958475,nan,-0.00599435993840023,nan,nan,nan,0.2,nan,40,20,,,,,,-0.08540312813670925,nan,5.3438087217375336e-05,nan,nan,nan,0.85,nan,,,0.3,,,,,,,,,,,-0.26103295372792784,nan,0.013023935977730647,nan,nan,nan,0.725,nan,-0.30214313704262497,nan,0.01241410642238319,nan,nan,nan,0.725,nan,,,,,,-0.6714539725952073,nan,-0.5102455086462698,nan,nan,nan,0.125,nan,,,,,,-0.10629733625988406,nan,-0.0009177073441116843,nan,nan,nan,0.275,nan,,,,,,-0.638452699144484,nan,-0.5455897666049302,nan,nan,nan,0.2,nan,0.2,nan,0.0,False,err,0.15515601068799464,nan,0.285,-0.12161240588554137,nan,0.1195804195804196,0.7,nan,100,0,0.95,nan,0.5483566804935549,0.0,0.7333242893218994,0.0,0.2857142857142857,0.0,-0.8094055440640535,nan,-1.0,-1.711908826246052,nan,
200,200,0.21677528809509447,-0.01204997800745498,0.013483487581499134,0.009950248756218905,16.970777382518804,0.1836780232689172,0.21177550210067084,-0.007502782253013036,-0.008616006287257755,1.0,1.0,0.9,1.0,40,20,0.056032033234864304,0.00021764225090008073,0.006485408685522261,0.009950248756218905,8.606148614805978,0.04977632107820241,0.05211221515313801,-0.0002695419509148683,-0.0001672329627024004,1.0,0.5555555555555556,0.5,0.5555555555555556,0.009950248756218905,10.109548478603417,0.3,-0.08986787112786232,0.01711888101193709,0.028840013735498823,0.009950248756218905,-3.7096637025661696,-0.09796566601190576,0.016589338549654144,0.02600232111004324,0.009950248756218905,-4.405568413387071,-0.07269210783613358,-0.09736720346311084,0.012785190211100054,0.015097863301487182,0.14814814814814814,0.18518518518518517,0.125,0.18518518518518517,-0.06682749173143858,-0.08883228761852117,0.012654013390738853,0.01464392280250047,0.18518518518518517,0.037037037037037035,0.025,0.037037037037037035,-0.32875375756758207,-0.5308611695092592,0.0429890649033563,0.009950248756218905,4.701367949996897,-0.2792245265536998,-0.28413967635158116,-0.5080937827707458,-0.5061963922545965,0.9259259259259259,0.0,0.125,0.14814814814814814,-0.24384233437425443,-0.002224914844549849,0.02291518756457202,0.009950248756218905,-10.54398611568481,-0.21498213861593313,-0.2419946952075995,-0.0012370958199014383,-0.0010572702752708646,0.0,0.9259259259259259,0.725,0.9259259259259259,-0.447999404313032,-0.5529598276885787,0.02545973270964667,0.009950248756218905,4.122605078711398,-0.43956445779106945,-0.4323240049836611,-0.5436937157243391,-0.5412535918169683,0.9259259259259259,0.0,0.075,0.1111111111111111,0.2,0.1,0.09999999999999995,True,mix,-0.007964505441613146,-0.007852651498834526,0.17930607187112757,0.05327841167075777,0.11586230208137503,0.2113953488372094,0.7,0.19747874473072258,100,27,0.0,-0.06777572478509251,0.5449270419846545,0.5185185185185184,0.7296178340911865,0.675,0.2857142857142857,0.6300000000000001,0.29315971677187436,0.2744283271574272,0.23333333333333317,0.2709976958175691,0.24607291512105894,0.022407355472796275
200,200,0.16786815732643404,-0.008816814250922643,0.011493999405048206,0.009950248756218905,15.371931504049327,0.16414920011208145,0.17843465215976917,-0.006690149281150626,-0.007347723822552898,1.0,0.8823529411764706,0.775,0.8823529411764706,40,20,0.08745455014735698,-0.00046063809893884006,0.005499432277050081,0.009950248756218905,15.98622981451963,0.0768550349483466,0.08110913868750406,-0.00047889892215328197,-0.0007373230490106946,1.0,0.7941176470588235,0.75,0.7941176470588235,0.009950248756218905,19.241034901367545,0.3,0.031416477060193584,0.011011224112351685,0.02397447432121238,0.417910447761194,0.8511241028103131,0.029912000204196855,0.010493220329558248,0.023303460638810634,0.3681592039800995,0.8333002627714614,0.02739264693177154,0.019910826720627953,0.010726479683361483,0.011005935677377544,0.5882352941176471,0.0,0.0,0.0,0.020489905902138617,0.01707780003342149,0.01116687670776727,0.011436120825085069,0.6470588235294118,0.0,0.0,0.0,0.0037932545099031794,-0.5316095833177354,0.03739084024255501,0.009950248756218905,14.319090834550718,-0.004322836765117651,-0.007995054649705983,-0.5106263485303069,-0.5081943153211544,1.0,0.7647058823529411,0.775,0.7647058823529411,-0.2727796609484242,-0.00547509213431752,0.021530972689269925,0.009950248756218905,-12.414885879025078,-0.2520508445815933,-0.26579018827115264,-0.0017875989430016987,-0.0014245513978487206,0.0,0.0,0.925,0.9705882352941176,-0.3209618526492718,-0.5544794258209598,0.022665400648017517,0.009950248756218905,10.302821326117186,-0.3328558864066814,-0.3231007321483307,-0.5464733970995964,-0.5434625324725575,1.0,0.5588235294117647,0.525,0.5588235294117647,0.2,0.3,0.2074403558431056,False,mix,0.27316817962785284,0.27242869419274146,0.3666561514195584,0.10223971702264296,0.13503979811462,0.2493816631130064,0.7,0.31250656554998146,100,34,0.0,2.0173955974186777,0.5500869886369694,0.95,0.7327427864074707,0.85,0.2857142857142857,0.49,0.5205631817911207,0.5205631817911207,0.4840274969672463,0.46820231165226395,0.4545593454284849,0.04062189249087101
200,200,0.12913429815600808,-0.011049518382665125,0.012817507628155892,0.009950248756218905,10.936901353567217,0.1270697491410267,0.15100696040413272,-0.0081784283973056,-0.008392668544661079,1.0,0.7333333333333333,0.575,0.7333333333333333,40,20,0.08352228007254883,-1.2958436070976097e-05,0.0055021465609828004,0.009950248756218905,15.182299774747609,0.08438547033156864,0.08871327114784372,0.00013445282605306337,0.00018936997074575523,1.0,0.9333333333333333,0.875,0.9333333333333333,0.009950248756218905,17.521473451803836,0.3,0.10627721697255905,0.013735212696707655,0.02492096921092152,0.009950248756218905,3.7134191487055728,0.08959280032536958,0.013793989221255985,0.02404020331414895,0.009950248756218905,3.1530020819894204,0.09941583564487358,0.09366546921298215,0.013907783518647566,0.014145809845329598,0.7666666666666667,0.1,0.125,0.13333333333333333,0.11196561086489405,0.10523410937130527,0.013764358383354961,0.01403448061749281,0.7333333333333333,0.16666666666666666,0.15,0.16666666666666666,0.11792533124112903,-0.49713962263097516,0.04519316416056993,0.009950248756218905,13.609689989246771,0.11269047161964393,0.10902327122887474,-0.4784278219678528,-0.47209169683742935,1.0,0.8333333333333334,0.875,0.8333333333333334,-0.2277177562198774,-0.001689497029289943,0.020210887496482532,0.009950248756218905,-11.183490048061548,-0.1993098035934891,-0.22118059365735915,0.001315791344195172,0.0011053309972518016,0.0,0.0,0.625,0.7666666666666667,-0.23963645600023734,-0.5221099344085333,0.029697610748079292,0.009950248756218905,9.511656705146,-0.25218756466910186,-0.23574362389379946,-0.5153220451732209,-0.5084362205230294,1.0,0.7,0.575,0.7,0.2,0.5,0.26816518557239943,False,mix,0.2531062130682053,0.24582266483951873,0.3665217391304348,0.039073177830991214,0.09007405970249695,0.20938166311300643,0.7,0.37007002109710874,100,30,0.0,2.7291171914693244,0.5207439868604208,0.95,0.731508731842041,0.75,0.2857142857142857,0.35000000000000003,0.6501685021584154,0.6266374107349013,0.6257187663355985,0.6640878014004303,0.5874780269096512,0.06803554325794121
200,200,,,,,,0.001957390723556593,nan,-0.009042319459977808,nan,nan,nan,0.05,nan,40,20,,,,,,0.056228124786407686,nan,-0.00019550857296950723,nan,nan,nan,0.6,nan,,,0.3,,,,,,,,,,,0.13821590520382623,nan,0.015172367342062119,nan,nan,nan,0.125,nan,0.1729003246402121,nan,0.015427202031785573,nan,nan,nan,0.25,nan,,,,,,0.15059513035064015,nan,-0.5113026671961783,nan,nan,nan,0.95,nan,,,,,,-0.06030984398920576,nan,0.0006918339816338834,nan,nan,nan,0.1,nan,,,,,,-0.288865228415866,nan,-0.5488019928908107,nan,nan,nan,0.7,nan,0.1,nan,1.0,False,noise,0.39353003193045727,nan,0.46116504854368917,-0.15719823901205277,nan,0.05937499999999996,0.8,nan,100,0,0.0,nan,0.5548179132070099,0.95,0.7351298332214355,0.0,0.3125,0.0,0.7150262492180255,nan,4.000000000000001,28.726060724473435,nan,
200,200,0.1818482510157995,-0.006851733669345283,0.02106925334882437,0.009950248756218905,8.956178064407668,0.09544661171990856,0.18717801171522108,-0.005925976059862521,-0.006805504361482871,1.0,1.0,0.4,1.0,40,20,-0.003883866030001365,7.515261953364369e-06,0.010396202010450266,0.7661691542288557,-0.37430797205256333,0.005776782363845707,0.0029425716132975436,0.0008288168351670021,0.0007781471748661679,0.4444444444444444,nan,0.1,0.2222222222222222,0.746268656716418,0.25582752313709256,0.3,-0.24344626380010198,0.014162425070322842,0.048913500293565594,0.009950248756218905,-5.266617341205609,-0.2274511266620947,0.014300535008549532,0.049592685427087536,0.009950248756218905,-4.874744321341483,-0.11352639615604017,-0.25531714928330335,0.014279758944525036,0.01570699455886093,0.0,0.6666666666666666,0.175,0.6666666666666666,-0.10383877927936278,-0.22445620900872892,0.014638104215419095,0.015702884057968537,0.0,0.5555555555555556,0.175,0.5555555555555556,-0.6466375321286015,-0.5448086013644735,0.06576062908478164,0.06965174129353234,-1.5484786593403324,-0.5885663384644164,-0.6658342224585854,-0.5199019609030522,-0.5231851078477544,0.1111111111111111,0.2222222222222222,0.1,0.2222222222222222,-0.24278134718809904,-0.0014823684926604823,0.04050856055687721,0.009950248756218905,-5.956740387027059,-0.12314475221116924,-0.22876269086155127,0.0006046531055102905,0.0028598829243156286,0.0,1.0,0.3,1.0,-0.6150983872472833,-0.575328033164168,0.04225643751244332,0.4079601990049751,-0.9411667528873641,-0.5932459469559245,-0.6414087945357694,-0.5568546570191365,-0.5610416192391037,0.2222222222222222,0.2222222222222222,0.1,0.2222222222222222,0.1,nan,0.0,True,post,-0.20495724973699075,-0.14741869653709339,0.03333333333333334,-0.08352149684883448,0.05360499124454175,0.1,0.8,0.015477396301761447,100,9,0.0,-2.7500927267123485,0.5606356716960994,0.0,0.7350826263427734,0.225,0.3125,0.32,0.03998235123568995,-0.021839225032467803,0.0,0.06052370282978592,0.01572071199139817,0.06249770437109446
200,200,,,,,,0.0547704117729169,nan,-0.007046773302355505,nan,nan,nan,0.175,nan,40,20,,,,,,-0.047073815382435755,nan,3.307367692861872e-05,nan,nan,nan,0.425,nan,,,0.3,,,,,,,,,,,-0.17884428984582135,nan,0.013086512488263596,nan,nan,nan,0.35,nan,-0.206443614000792,nan,0.013865608102741237,nan,nan,nan,0.45,nan,,,,,,-0.6325541651124603,nan,-0.5150993246295127,nan,nan,nan,0.15,nan,,,,,,-0.08612967208282109,nan,0.001793071460079879,nan,nan,nan,0.225,nan,,,,,,-0.6255793477212764,nan,-0.5514107446480192,nan,nan,nan,0.15,nan,0.1,nan,0.0,False,err,0.01861848273673277,nan,0.18999999999999995,-0.12599089698307378,nan,0.07037037037037035,0.8,nan,100,0,0.95,nan,0.555145404982956,0.0,0.7472209930419922,0.0,0.3125,0.0,-0.37368577489881993,nan,-1.0,-0.8594752870876352,nan,
200,200,0.20482540836155685,-0.00967201908796303,0.02544380720606622,0.009950248756218905,8.43024102894279,0.09177012367671034,0.2065118714920606,-0.008894989716106557,-0.008193905835007103,1.0,1.0,0.325,1.0,40,20,0.04020408466831329,0.001437651571910211,0.012180335051577108,0.01990049751243781,3.182706627450359,0.02921764287876926,0.042923002626555684,-0.00032982303359060884,0.0016470511549584032,1.0,0.3333333333333333,0.25,0.3333333333333333,0.009950248756218905,3.82417395277225,0.3,-0.12656084324210531,0.01749337086244729,0.04785059571735334,0.009950248756218905,-3.0104999100209713,-0.15704306526011935,0.019130121738147755,0.04976150339580406,0.009950248756218905,-3.540350973591804,-0.020838078858183486,-0.13788631523554282,0.014210500020872267,0.019987849987977688,0.0,0.0,0.025,0.16666666666666666,-0.02330024028161378,-0.11137191393282152,0.014202784983915145,0.020138423870849027,0.0,0.0,0.0,0.0,-0.19997548395575393,-0.5160285682016285,0.0821271286355679,0.009950248756218905,3.848339635061207,-0.15597830319092573,-0.1980027973863242,-0.49135602541205514,-0.49913193947158885,1.0,0.3333333333333333,0.4,0.3333333333333333,-0.25040787335842385,-0.001615259506079602,0.04510837787758877,0.009950248756218905,-5.515441378140016,-0.12527344199336013,-0.23741671701232372,-0.0001768160521019374,0.002044867734239762,0.0,0.0,0.25,1.0,-0.4067115731395273,-0.5458801573589568,0.05009882584596756,0.009950248756218905,2.7778811552297733,-0.38744001875397294,-0.39718453980948204,-0.5280036607382746,-0.5401206751503654,1.0,0.16666666666666666,0.1,0.16666666666666666,0.1,0.1,0.1,True,mix,0.17331760662778256,0.19737150914635848,0.28383838383838417,-0.09749576828962685,0.07527947772344735,0.11142857142857149,0.8,0.17208100021388378,100,6,0.0,2.6218501391765505,0.5333866045563668,0.6666666666666672,0.7362360954284668,0.15,0.3125,0.28800000000000003,0.33479717436410283,0.1709013818757012,0.4000000000000002,0.31837859325217616,0.20784762791811642,0.05279146072669185
200,200,0.13293730716721913,-0.010197138472017496,0.01716262659158657,0.009950248756218905,8.339891616651721,0.07084489017901253,0.13855824458689056,-0.007557447729292564,-0.007343631381364537,1.0,0.5882352941176471,0.25,0.5882352941176471,40,20,0.06808317213526323,0.0005526588568908798,0.007765439324892749,0.009950248756218905,8.696290118860563,0.06149371817131616,0.06885737765651176,-1.8115901986908932e-05,0.0002677945752084606,1.0,0.9411764705882353,0.75,0.9411764705882353,0.009950248756218905,11.209155206912612,0.3,0.0537924092927157,0.015951969823302613,0.03592369029807471,0.26865671641791045,1.0533561322453484,0.04870574000975406,0.015721689214025076,0.03689453995364747,0.417910447761194,0.8940090006888433,0.08202119954117974,0.05280468852656024,0.014024939266083156,0.01526772106606266,0.7058823529411765,0.0,0.0,0.0,0.10887188580459568,0.05869682100543028,0.013693045420045107,0.01445094635092406,0.7058823529411765,0.0,0.075,0.0,0.05640120695081676,-0.4980585665355667,0.056954167863144445,0.009950248756218905,9.735192248071526,0.07997422838140653,0.044321036711028994,-0.4856101392809537,-0.47846708579086333,1.0,0.8235294117647058,0.925,0.8235294117647058,-0.18408522366160063,-0.0037931954374964636,0.026634898700879248,0.009950248756218905,-6.769014977007723,-0.12427223214757847,-0.1968309496985157,-0.0018127321656337873,-0.0018039132192467187,0.0,0.0,0.275,0.5882352941176471,-0.2489900386069322,-0.5236102223044321,0.034800771398355655,0.009950248756218905,7.891209667340436,-0.2716189808616135,-0.2558271089270582,-0.5224185927661208,-0.5143849127270963,1.0,0.6470588235294118,0.575,0.6470588235294118,0.1,0.3,0.1691394658753709,False,mix,0.39500735591771124,0.3858409921798654,0.46130718954248356,-0.059243519342744896,0.07053737941658345,0.12937499999999993,0.8,0.3319777792615235,100,17,0.0,5.470021644852227,0.5273293187422017,0.95,0.7297289371490479,0.425,0.3125,0.22399999999999998,0.5867534869495912,0.47346343597533713,0.6765578635014838,0.8680049897167232,0.49695619240709243,0.056182569065813426
200,200,0.0815990179960172,-0.007076107282762634,0.02263676105650793,0.009950248756218905,3.917306237120393,0.05510721354901575,0.09219163286690119,-0.007164416308859613,-0.006078923297608825,1.0,0.5,0.175,0.5,40,20,0.08465561399072766,-0.0010679694334075362,0.011320916273167067,0.009950248756218905,7.572141807968832,0.057649282630928965,0.0789695397296856,-0.001029483953862838,-0.000756811921691715,1.0,0.875,0.65,0.875,0.009950248756218905,7.807422850090081,0.3,0.09258780996896397,0.008772105987180869,0.04722966548065888,0.07960199004975124,1.7746410677910056,0.0843864348815282,0.010207433781103612,0.04879365311501706,0.1791044776119403,1.5202592215026118,0.09984270702933193,0.09057740897237124,0.009193946461093784,0.01102550015417004,0.5,0.0,0.125,0.0,0.11159921463590987,0.10040913652475464,0.009562534319970112,0.011131627075879802,0.75,0.125,0.15,0.125,0.012359693449590925,-0.5335398830219172,0.07461600621087527,0.009950248756218905,7.3161189426488935,0.07641955653883976,0.04682484562048264,-0.4909665820541041,-0.5211532474694812,1.0,0.875,0.875,0.875,-0.19938144622124748,-0.0055262082133572,0.041454409475521856,0.009950248756218905,-4.676347835027833,-0.1255772125014835,-0.21254329975789038,0.00021702367031474888,-0.000645768605651274,0.0,0.0,0.325,0.75,-0.3105075049034536,-0.5617174960420205,0.04399122829321224,0.009950248756218905,5.710456399591317,-0.29270301219526473,-0.31781264364135164,-0.5253850553490568,-0.5600285013128827,1.0,0.625,0.5,0.625,0.1,0.5,0.22178988326848237,False,mix,0.38566760274775896,0.33475014717364526,0.4612631578947367,-0.0747827182208606,0.044080082698307085,0.10937499999999997,0.8,0.46137531387337766,100,8,0.0,7.5941360969021385,0.5299695743372638,0.95,0.740201473236084,0.2,0.3125,0.16,0.6202967689704009,1.0980249348694255,0.8871595330739298,1.0461295158691364,0.8565803346133962,0.22364665442566087
200,200,,,,,,0.0044385384565797225,nan,-0.007065631278031006,nan,nan,nan,0.025,nan,40,20,,,,,,0.05301453942723997,nan,0.0005880342561218086,nan,nan,nan,0.575,nan,,,0.3,,,,,,,,,,,0.11983678232879,nan,0.015563608823421789,nan,nan,nan,0.1,nan,0.16200682694128807,nan,0.01493403180257828,nan,nan,nan,0.225,nan,,,,,,0.1333150724207819,nan,-0.5072902138948604,nan,nan,nan,0.975,nan,,,,,,-0.04418598229667534,nan,0.00041222999234108014,nan,nan,nan,0.05,nan,,,,,,-0.291584629322902,nan,-0.5428994165562008,nan,nan,nan,0.65,nan,0.2,nan,1.0,False,noise,0.38741477179748507,nan,0.46116504854368917,-0.18408626356947191,nan,0.05937499999999996,0.8,nan,100,0,0.0,nan,0.5462711426242955,0.95,0.7380814552307129,0.0,0.3125,0.0,0.39617073308901585,nan,4.000000000000001,11.944143313358213,nan,
200,200,0.2167282556667338,-0.009031639759766784,0.01377940150103954,0.009950248756218905,16.38386800711809,0.16476955467295826,0.20918694358995713,-0.007008669980982218,-0.007057060503626288,1.0,1.0,0.8,1.0,40,20,0.0005427690212043675,0.0010935451162071223,0.007207693113936337,0.945273631840796,-0.07641503130334366,0.001148632084498892,0.0063931493928319075,0.000991014545055256,0.0013456511250867639,0.5454545454545454,nan,0.05,0.09090909090909091,0.42786069651741293,0.8035178154701924,0.3,-0.21171390118341188,0.01590617747531689,0.03042019173959385,0.009950248756218905,-7.482532674341561,-0.23882805096551016,0.015142903532132839,0.031020530479458477,0.009950248756218905,-8.18718927639336,-0.19466609676987148,-0.24116102761698244,0.01555097154515517,0.016255074794894374,0.0,0.6363636363636364,0.45,0.6363636363636364,-0.18419209921340346,-0.22524230472353268,0.015137475976789598,0.016442423159973105,0.0,0.5909090909090909,0.425,0.5909090909090909,-0.6438690845956798,-0.5293341149270065,0.04459309386393418,0.009950248756218905,-2.568446361124496,-0.6424352485276208,-0.6601671885015423,-0.49645858439655216,-0.5059016763842417,0.045454545454545456,0.18181818181818182,0.2,0.18181818181818182,-0.2500877848096184,-0.004884235626754739,0.023928290651156217,0.009950248756218905,-10.247432745922785,-0.19204586917049143,-0.2378827428604624,-0.0011385283918310832,-0.0017869885535329376,0.0,0.8636363636363636,0.625,0.8636363636363636,-0.615247115654866,-0.5575112812033263,0.028041599100914978,0.029850746268656716,-2.058935164207412,-0.6124510684466605,-0.62471870974407,-0.5340254125079719,-0.5430030112958327,0.13636363636363635,0.13636363636363635,0.125,0.13636363636363635,0.2,nan,0.0,True,post,-0.1683389231867379,-0.14932112712571252,0.07500000000000002,0.0009349459261599024,0.0900994150549271,0.20000000000000004,0.8,0.029655564687701984,100,22,0.0,-1.657292969490226,0.5402108476386849,0.0,0.7252936363220215,0.55,0.3125,0.64,-0.011936378995929493,0.003445758189505253,0.0,0.006971142737981824,0.030561894940076162,0.03148462361985423
200,200,,,,,,0.03972949036394572,nan,-0.008741019454976335,nan,nan,nan,0.175,nan,40,20,,,,,,-0.05279078525310826,nan,7.391063550236959e-05,nan,nan,nan,0.525,nan,,,0.3,,,,,,,,,,,-0.18272011277553482,nan,0.014644613742375256,nan,nan,nan,0.4,nan,-0.21590468345486996,nan,0.015357733014528044,nan,nan,nan,0.575,nan,,,,,,-0.6240558597510116,nan,-0.49416875053744036,nan,nan,nan,0.1,nan,,,,,,-0.08307257768935153,nan,0.0005297825930819386,nan,nan,nan,0.15,nan,,,,,,-0.5988141824789641,nan,-0.5300217532617514,nan,nan,nan,0.1,nan,0.2,nan,0.0,False,err,0.020635861640746843,nan,0.18999999999999995,-0.1491628299647455,nan,0.07037037037037035,0.8,nan,100,0,0.95,nan,0.5344835989779076,0.0,0.7324779033660889,0.0,0.3125,0.0,-0.646260639126552,nan,-1.0,-1.328755661588239,nan,
200,200,0.2015321432687767,-0.011161232008440632,0.012609227121994507,0.009950248756218905,16.868073927334077,0.17320289897355315,0.20557826063246362,-0.009052057698631223,-0.008759688997248608,1.0,1.0,0.85,1.0,40,20,0.05739198350159604,-0.0006048734304174532,0.005706280806545102,0.009950248756218905,10.163687853448682,0.05425721125217544,0.05550702115771821,-0.00040993801542988474,-0.00024116529353561655,1.0,0.5517241379310345,0.525,0.5517241379310345,0.009950248756218905,11.732503202828235,0.3,-0.09790720784651778,0.014266800657558192,0.026786006460030345,0.009950248756218905,-4.187783970980238,-0.06979924558479612,0.012854650853000915,0.027060211879389447,0.009950248756218905,-3.0544438012215407,-0.034017914854902166,-0.05908172328510702,0.014815617669765295,0.014801223743471209,0.1724137931034483,0.0,0.0,0.0,-0.04208792299623733,-0.07457818951230397,0.013975835807033859,0.014048774275814063,0.20689655172413793,0.034482758620689655,0.025,0.034482758620689655,-0.10965497261174825,-0.5254393037117521,0.041724861934612,0.009950248756218905,9.964906097032129,-0.07806410062828739,-0.10813169534478137,-0.49989732974055157,-0.5037140471992626,1.0,0.0,0.575,0.4827586206896552,-0.2563542028049165,-0.004154340284519778,0.02010045357302471,0.009950248756218905,-12.546973708409647,-0.22719478236677398,-0.26022819522319623,-0.00010828629357320053,-0.00041215289541576225,0.0,0.9655172413793104,0.8,0.9655172413793104,-0.35840825509081775,-0.5462672755124001,0.02657968024257461,0.009950248756218905,7.06776826132043,-0.3597337463200449,-0.3627316706836217,-0.5359552354229609,-0.5385785748095063,1.0,0.0,0.275,0.3103448275862069,0.2,0.1,0.07335907335907331,False,mix,0.3912503996251348,0.38570138876617066,0.46161725067385434,0.07331894126253509,0.13292643891911385,0.239375,0.8,0.2126011117023662,100,29,0.0,2.9016152986756167,0.5403387073372055,0.95,0.7334995269775391,0.725,0.3125,0.5760000000000001,0.3389220082407023,0.2578152013611481,0.29343629343629335,0.31325810118490066,0.2700043330795303,0.028160894928863704
200,200,0.1432621647704328,-0.008604710408354782,0.014076554091968686,0.009950248756218905,10.788640044699994,0.13076958245641532,0.1558385414159982,-0.007125756194192179,-0.007570179897831549,1.0,0.875,0.625,0.875,40,20,0.05057338204622557,6.692795470569328e-05,0.006289285928845197,0.009950248756218905,8.030554605864936,0.05572129550082787,0.05721147281281488,0.00032325612590731713,0.0001292665499291744,1.0,0.5,0.525,0.5,0.009950248756218905,10.810654778695179,0.3,-0.0031182119851286025,0.012445740763461317,0.028627951504642212,0.5472636815920398,-0.5436628165840808,-0.019910129894365167,0.01248814333067989,0.029234115887623945,0.2885572139303483,-1.108235095888513,0.012063215230118093,-0.0020223937831507915,0.013227888647365762,0.012485405254841361,0.4166666666666667,0.0,0.0,0.0,0.015464460801577656,-0.0045577156502864275,0.01345965258256492,0.013066590103013673,0.4166666666666667,0.0,0.0,0.0,-0.009268057126055442,-0.5037570727363283,0.042813979540799484,0.009950248756218905,11.549709251565858,0.010730061024164916,-0.013473904779611657,-0.49116917753974876,-0.4827342205754062,1.0,0.6666666666666666,0.725,0.6666666666666666,-0.20488034777078548,-0.0010395069483896326,0.024272750467779318,0.009950248756218905,-8.39792923692702,-0.18515215579639693,-0.2046732788500175,0.0015255582688741983,0.0021618715296550096,0.0,0.0,0.55,0.75,-0.3183765914895568,-0.5323365325719902,0.029036022880067406,0.009950248756218905,7.368775743111272,-0.3097367341873419,-0.3096583434818653,-0.5267651291260836,-0.5185449586853128,1.0,0.4166666666666667,0.525,0.4166666666666667,0.2,0.3,0.09238249594813609,False,mix,0.4093894890912425,0.4134877047301229,0.46148883374689814,0.014643701594761424,0.06071041292130567,0.19937499999999997,0.8,0.26853540949014193,100,24,0.0,6.810820167968481,0.5305390003047756,0.95,0.7353801727294922,0.6,0.3125,0.44799999999999995,0.359612165304497,0.3320834772588461,0.3695299837925445,0.42610287846869455,0.36712017638880196,0.0543532564408104
200,200,0.12352662118651525,-0.009531417392273714,0.01633463563496562,0.009950248756218905,8.14576104078022,0.093431572056705,0.13045236661929147,-0.007627913767390137,-0.007488394163838349,1.0,0.7,0.475,0.7,40,20,0.06875205755994024,-0.0010756124950835316,0.006743712832050207,0.009950248756218905,10.35448450782274,0.05700454066199643,0.06345893503639326,0.0003311743949278326,-0.00031603271653175624,1.0,0.65,0.525,0.65,0.009950248756218905,10.593850757949074,0.3,0.035941732711228365,0.013956084587451354,0.03226293792825925,0.48756218905472637,0.6814521409049432,0.0267697277883392,0.013812458631182079,0.030765199935337797,0.6666666666666666,0.4211664212801966,0.04331633629090812,0.01750265429809996,0.01555147109558694,0.01359031946959551,0.6,0.0,0.025,0.0,0.049141812932229655,0.020872910009576133,0.015586170893396001,0.012769005322930812,0.65,0.0,0.075,0.05,0.01155010163295728,-0.5317339803083142,0.05091431786370091,0.009950248756218905,10.670556038578148,0.011538544746541665,-0.004451814759726263,-0.5153523448810506,-0.5109067470403219,1.0,0.85,0.8,0.85,-0.2179446975612537,-0.003826673922051037,0.027472834828862938,0.009950248756218905,-7.793808864837517,-0.1719246296403589,-0.22204123249248475,-0.0008760286078342014,-0.0010637094885636007,0.0,0.0,0.45,0.8,-0.2938746873102438,-0.5572583298328663,0.03110698622982391,0.009950248756218905,8.467025399639509,-0.33103156631646635,-0.30865758626067313,-0.5524131623023731,-0.5468606132251075,1.0,0.65,0.575,0.65,0.2,0.5,0.12472647702406996,False,mix,0.4022107880081121,0.41421723809874234,0.46137931034482754,-0.015856270060326978,0.06657024142458039,0.15937499999999996,0.8,0.3272575373098832,100,20,0.0,6.222258312943369,0.5563319708615907,0.95,0.733295202255249,0.5,0.3125,0.32,0.5226877575691987,0.5731219943708039,0.49890590809628,0.6101207483418938,0.4864529228633317,0.07195873743399583
200,200,,,,,,-0.012112760640156449,nan,-0.005861115374081415,nan,nan,nan,0.0,nan,40,20,,,,,,0.02510527581951732,nan,0.0002513186890660014,nan,nan,nan,0.125,nan,,,0.3,,,,,,,,,,,0.06584232220618005,nan,0.011680952817082165,nan,nan,nan,0.0,nan,0.09951062107854554,nan,0.011828204386736423,nan,nan,nan,0.15,nan,,,,,,0.07274623385874085,nan,-0.5057751071841584,nan,nan,nan,0.95,nan,,,,,,-0.012582693991949973,nan,-0.000541624600724949,nan,nan,nan,0.0,nan,,,,,,-0.31375895106046037,nan,-0.5410181906285231,nan,nan,nan,0.525,nan,0.1,nan,1.0,False,noise,0.5197841925850561,nan,0.5560975609756097,-0.2273385717655997,nan,0.021839080459770097,0.9,nan,100,0,0.0,nan,0.5448886003324585,0.95,0.7352426052093506,0.0,0.33333333333333337,0.0,0.0037036640742005543,nan,9.000000000000002,-2.0726303908200614,nan,
200,200,0.20344138647128118,-0.008679209985199986,0.024017552724239683,0.009950248756218905,8.831898856770984,0.09984814138251702,0.2162846536527304,-0.006869954512018165,-0.008207789144672125,1.0,1.0,0.4,1.0,40,20,-0.009533926646640187,0.00200523736418797,0.010736770054897588,0.27860696517412936,-1.074733271808296,-0.0024215645596189963,-0.01356518230238311,0.0008952908886373028,0.0025627779824724376,0.3333333333333333,nan,0.075,0.1111111111111111,0.06965174129353234,-1.9217313208218583,0.3,-0.2531123408407318,0.01967405184145515,0.046360579802628976,0.009950248756218905,-5.884015985944033,-0.2764750332682227,0.022404986338115513,0.04539743285092714,0.009950248756218905,-6.583632615993849,-0.11744588399119382,-0.26733868883898654,0.01482699545919907,0.02181737056460346,0.0,0.7777777777777778,0.225,0.7777777777777778,-0.1186823892578058,-0.25259227176497917,0.014972223874053522,0.02139983203731618,0.0,0.6666666666666666,0.175,0.6666666666666666,-0.6638260699182785,-0.4989442301153417,0.06259586267637313,0.01990049751243781,-2.6340692938886128,-0.6136513834599968,-0.6458202681377142,-0.49063079623965644,-0.4768592334021011,0.1111111111111111,0.2222222222222222,0.1,0.2222222222222222,-0.2613096049069319,-0.002620027367784975,0.0345869227859439,0.009950248756218905,-7.4794042572876345,-0.1127648383601931,-0.24507180654783697,-0.000610303336714918,-0.000735518455061774,0.0,0.8888888888888888,0.275,0.8888888888888888,-0.6312905260374725,-0.5210296356763824,0.04231546984818054,0.009950248756218905,-2.6056874886200836,-0.5917097744439599,-0.6041043444102063,-0.5257633911008662,-0.5129969572267633,0.1111111111111111,0.0,0.05,0.0,0.1,nan,0.0,True,post,-0.2004516389959766,-0.11968709180090152,0.03333333333333334,-0.10113852189585446,0.08979688895299559,0.1,0.9,-0.06691603037450339,100,9,0.0,-1.3328645702141422,0.5290530577848569,0.0,0.7325878143310547,0.225,0.33333333333333337,0.3,-0.02684705749170537,-0.03547703039172933,0.0,-0.024252475069535966,-0.0627191160967137,0.04581699992256624
200,200,,,,,,0.03475633013889603,nan,-0.005828264385660939,nan,nan,nan,0.1,nan,40,20,,,,,,-0.034166480128262,nan,2.4632853834108472e-05,nan,nan,nan,0.3,nan,,,0.3,,,,,,,,,,,-0.13592724863903433,nan,0.011934014818816821,nan,nan,nan,0.25,nan,-0.14546093740884564,nan,0.012206412795984332,nan,nan,nan,0.2,nan,,,,,,-0.6309749061941099,nan,-0.5158510819453936,nan,nan,nan,0.075,nan,,,,,,-0.05949325378308673,nan,-0.0014556219745483466,nan,nan,nan,0.15,nan,,,,,,-0.6069849864377785,nan,-0.5511968968394162,nan,nan,nan,0.05,nan,0.1,nan,0.0,False,err,-0.07564012540102764,nan,0.09499999999999995,-0.17608762035511138,nan,0.0314917127071823,0.9,nan,100,0,0.95,nan,0.5535835700322435,0.0,0.7367427349090576,0.0,0.33333333333333337,0.0,-0.11149163798830636,nan,-1.0,-0.9830289904521903,nan,
200,200,0.1821905603539602,-0.0137850934161566,0.026253382584464958,0.009950248756218905,7.464777277066677,0.07932097010733073,0.18829109512913877,-0.008135460859953427,-0.012426367704345982,1.0,1.0,0.275,1.0,40,20,0.019898296243550266,1.1814565560335491e-05,0.011020468822448806,0.06965174129353234,1.80450414556561,0.021991374854241488,0.022974074714921373,8.390382280729569e-05,0.00038826139250094894,1.0,0.0,0.05,0.0,0.01990049751243781,2.40718140041497,0.3,-0.1322016262479568,0.017558674786301565,0.0442761470618433,0.009950248756218905,-3.382414933749684,-0.12094658367909418,0.021117364308914796,0.045684050475226126,0.029850746268656716,-3.1097056085676713,-0.007641142809915802,-0.1016958115744241,0.013850904499926988,0.020122558402963082,0.0,0.0,0.0,0.0,-0.01775187523903038,-0.13155751085740677,0.01390880549772187,0.020054438649663102,0.0,0.0,0.025,0.14285714285714285,-0.14387645406174185,-0.4985318333593811,0.08380496480783302,0.009950248756218905,4.231913707101261,-0.04515222699584882,-0.1387246336070291,-0.4830815461880006,-0.4798115075194877,1.0,0.42857142857142855,0.6,0.42857142857142855,-0.23907059008213657,0.0011123634771928377,0.04312269342959748,0.009950248756218905,-5.56975769488714,-0.12454865920586158,-0.22552042064579989,-0.0004588057378629412,0.003676293577031411,0.0,0.0,0.3,0.8571428571428571,-0.3540874430414476,-0.5245209714696228,0.0540474697602652,0.009950248756218905,3.153404390270305,-0.34381748258553174,-0.36059440434066126,-0.5180428752891445,-0.5145568933096074,1.0,0.0,0.25,0.0,0.1,0.1,0.033989266547406034,False,mix,0.5487560878843981,0.5577522975821594,0.5562640449438202,-0.08823784727865659,0.07789106720695158,0.11183908045977016,0.9,0.10874520741814224,100,7,0.0,7.160670890543164,0.5222703783521304,0.95,0.7279455661773682,0.175,0.33333333333333337,0.27,0.22950168748617866,0.11842439918807474,0.3059033989266544,0.2772454096878106,0.12201360186027217,0.03294573053625179
200,200,0.1738550517579846,-0.009988880517478716,0.02325911288405913,0.009950248756218905,7.904167849563964,0.07310265695016178,0.16780687692892046,-0.005644160854564781,-0.007790158204761246,1.0,1.0,0.3,1.0,40,20,0.0038060260929425687,-0.0017381515476514381,0.010717777909369857,0.6368159203980099,0.5172879758247093,0.02538207901949291,0.008701643505760512,-0.00016523420431340845,-0.0017392837174670375,1.0,0.0,0.05,0.0,0.2885572139303483,1.1158215450697684,0.3,-0.1665659488739175,0.007437794523480559,0.043943059956019805,0.009950248756218905,-3.959754818339668,-0.10824153026391067,0.007295585977208806,0.04396992352654816,0.01990049751243781,-2.6276396903154233,0.0018438071571703699,-0.09489380744774065,0.01103536713022623,0.007550531627272241,0.0,0.0,0.0,0.0,-0.005433804770360576,-0.15926501618706665,0.010604674770941987,0.008205405004861801,0.0,0.0,0.05,0.25,-0.20314036642315875,-0.5113832900443586,0.07082019335868428,0.009950248756218905,4.352472211642857,-0.038568830115583354,-0.18668884655334222,-0.5163819591541658,-0.4957063805147406,1.0,0.25,0.75,0.25,-0.22218812399238436,-0.005290505201096755,0.03761899826660924,0.009950248756218905,-5.765640468370501,-0.1226337366359976,-0.2302412201734671,-0.002138600214460983,-0.0022179919418433237,0.0,0.0,0.325,0.875,-0.41824785047774177,-0.5357571396712922,0.04291146572976314,0.029850746268656716,2.7384123844855828,-0.3623321213434333,-0.4114085349072259,-0.5516140006486475,-0.5294566210075421,1.0,0.0,0.3,0.0,0.1,0.3,0.043280182232346205,False,mix,0.5206885284764293,0.530929668168867,0.5562228260869565,-0.0821273977835018,0.042009672529599376,0.0918390804597701,0.9,0.049298716483098366,100,8,0.0,12.638272002591357,0.5565517861508059,0.95,0.7289462089538574,0.2,0.33333333333333337,0.20999999999999996,0.22197719979811026,0.020943924113136253,0.38952164009111595,0.34721144317363606,0.051855106685802566,0.028073507846804648
200,200,,,,,,0.04118817837842227,0.14960149817809557,-0.009186219890742326,-0.010496847308702675,1.0,1.0,0.175,1.0,40,20,,,,,,0.02017008408159407,0.023805009123604642,0.0003017219741230769,0.0011822623341865269,0.75,0.25,0.05,0.25,,,0.3,,,,,,,,,,,0.012460128491267429,-0.09571213701396954,0.0176950114715207,0.021074447857018997,0.25,0.0,0.025,0.25,0.011166636862642538,-0.11140167395719253,0.016945659708053586,0.02122324200882586,0.25,0.0,0.075,0.25,,,,,,-0.020985891130075734,-0.13499008227518086,-0.5102358637162515,-0.515088824640522,1.0,0.5,0.675,0.5,,,,,,-0.0880106318444511,-0.22425038460750207,0.0013779887493946888,0.0036896720360492462,0.0,0.0,0.175,0.75,,,,,,-0.3597873639410526,-0.38389098141614497,-0.5459690197024936,-0.551221103068091,1.0,0.25,0.3,0.25,0.1,0.5,0.059561128526645704,False,mix,0.529738907911918,0.5357866770051043,0.5561842105263158,-0.14031840444051782,0.03414529102858613,0.07183908045977012,0.9,0.13727863788979755,100,4,0.0,15.691378250563117,0.5484146837963315,0.95,0.7296741008758545,0.1,0.33333333333333337,0.15,0.16983793512086032,0.19017349643095555,0.5360501567398115,0.48970566011146555,0.15912279899273185,
200,200,,,,,,-0.015046330897979906,nan,-0.009063458742002574,nan,nan,nan,0.0,nan,40,20,,,,,,0.02885999470873989,nan,0.0003697508889951833,nan,nan,nan,0.15,nan,,,0.3,,,,,,,,,,,0.07429054837290808,nan,0.0173801659754158,nan,nan,nan,0.0,nan,0.12077207909529138,nan,0.017590572746988633,nan,nan,nan,0.175,nan,,,,,,0.08352431568171623,nan,-0.5155470060524997,nan,nan,nan,0.975,nan,,,,,,0.006934493496224661,nan,0.001784627560995798,nan,nan,nan,0.05,nan,,,,,,-0.32226292482050123,nan,-0.5533090019396647,nan,nan,nan,0.65,nan,0.2,nan,1.0,False,noise,0.49834210879695506,nan,0.5560975609756097,-0.21774982566122106,nan,0.021839080459770097,0.9,nan,100,0,0.0,nan,0.5589822039054686,0.95,0.7304041385650635,0.0,0.33333333333333337,0.0,-0.26812988719404823,nan,9.000000000000002,-1.9180752373732908,nan,
200,200,0.218988815774436,-0.009486331089719779,0.013199816432982214,0.009950248756218905,17.308963954677342,0.1998248744568064,0.2182030397742818,-0.006863941885364862,-0.006865533716329389,1.0,1.0,0.975,1.0,40,20,-0.006859058776178232,-0.0002579962020302795,0.005439627963693402,0.24875621890547264,-1.2135136110397604,-0.0007618724434443516,-1.0036538191820443e-05,5.736722406562927e-05,0.00018082404039725762,0.4838709677419355,nan,0.15,0.1935483870967742,0.9850746268656716,-0.04408832298577368,0.3,-0.24009829144629058,0.012899630268335651,0.026948400960000188,0.009950248756218905,-9.388235022952406,-0.29175718775369136,0.013162604572049376,0.025499024397672876,0.009950248756218905,-11.958096418057886,-0.2515935827563567,-0.281035302817597,0.012434462855605049,0.01319530996798553,0.0,0.7096774193548387,0.6,0.7096774193548387,-0.22249742470663744,-0.24073219884637304,0.012856214622291418,0.013565893859455112,0.0,0.6451612903225806,0.55,0.6451612903225806,-0.6919210251363911,-0.5336317913418402,0.036851020062208875,0.009950248756218905,-4.295382692881894,-0.661639759854372,-0.6676992017988036,-0.5080802158722012,-0.509533249954001,0.03225806451612903,0.06451612903225806,0.075,0.06451612903225806,-0.23522305879235428,-0.00430556577558081,0.022629304368334897,0.009950248756218905,-10.20435667168325,-0.22513274240816306,-0.24412402916561257,-0.000929178589796584,-0.0002596508932136283,0.0,0.967741935483871,0.8,0.967741935483871,-0.6401393932406846,-0.5585201130109092,0.02562301537869161,0.009950248756218905,-3.1853893470502896,-0.6304539095830749,-0.6366180532726005,-0.5429995681813033,-0.5449890948994959,0.06451612903225806,0.0967741935483871,0.1,0.0967741935483871,0.2,nan,0.0,True,post,-0.12465309097904795,-0.09973142412727369,0.07500000000000002,0.049177281223590684,0.08259997857295961,0.2000000000000001,0.9,-4.5998441943441575e-05,100,31,0.0,-1.2074025423527448,0.5456791432575441,0.0,0.7366540431976318,0.775,0.33333333333333337,0.6,-0.020438611638487716,-0.030625676027883787,0.0,-0.0038127007236480755,-4.5996326184101984e-05,0.029690630883301344
200,200,,,,,,0.026370459118785904,nan,-0.00737819847803603,nan,nan,nan,0.025,nan,40,20,,,,,,-0.024150139686540072,nan,1.2358362374223067e-05,nan,nan,nan,0.2,nan,,,0.3,,,,,,,,,,,-0.1024435746322869,nan,0.013397273320381913,nan,nan,nan,0.2,nan,-0.10703521342826965,nan,0.013417561172933636,nan,nan,nan,0.2,nan,,,,,,-0.5393012294083414,nan,-0.494320909655418,nan,nan,nan,0.075,nan,,,,,,-0.0503813888723446,nan,-0.0009685912745614713,nan,nan,nan,0.05,nan,,,,,,-0.5419988311446419,nan,-0.5295586685361802,nan,nan,nan,0.1,nan,0.2,nan,0.0,False,err,-0.09519481588738181,nan,0.09499999999999995,-0.19366414462330758,nan,0.0314917127071823,0.9,nan,100,0,0.95,nan,0.5330053288778561,0.0,0.7385363578796387,0.0,0.33333333333333337,0.0,-0.4425438117462951,nan,-1.0,-0.9158027768024671,nan,
200,200,0.20071878472874982,-0.008610064501078686,0.014037185923876216,0.009950248756218905,14.912451138718847,0.1677081880655948,0.2021187109271095,-0.006720202881475777,-0.00765320296950114,1.0,0.9615384615384616,0.775,0.9615384615384616,40,20,0.029986415127085074,0.0008791375046280367,0.00629057368981105,0.009950248756218905,4.627126086286131,0.02474650344261213,0.025270170773851373,0.0004894940784475413,0.0005560413243680672,0.8461538461538461,0.07692307692307693,0.075,0.07692307692307693,0.009950248756218905,4.677896844127235,0.3,-0.14422154759923272,0.014993666427882992,0.028163696472077157,0.009950248756218905,-5.653207283330728,-0.12873025951902767,0.014676435961586016,0.026877908647912365,0.009950248756218905,-5.335485634460506,-0.10413828150475823,-0.1320095907559581,0.013458612028920236,0.014695453961209911,0.0,0.15384615384615385,0.1,0.15384615384615385,-0.1266849686314459,-0.16031527324271772,0.014197844369659915,0.01539856881551407,0.038461538461538464,0.23076923076923078,0.15,0.23076923076923078,-0.20148336572610082,-0.5352328208040918,0.041690823639692016,0.009950248756218905,8.005345683605958,-0.16959097193659498,-0.1984556514055127,-0.5197149315763491,-0.5139715090780425,1.0,0.0,0.425,0.2692307692307692,-0.24451102829841237,-0.0016462745356952762,0.023319238896534516,0.009950248756218905,-10.414780466458302,-0.21495875058397482,-0.24587115270942078,-0.0006119899195211474,0.0009380388218942783,0.0,0.9615384615384616,0.7,0.9615384615384616,-0.41980054982229575,-0.5621889899916211,0.024857200749861853,0.009950248756218905,5.7282572400831775,-0.42683809506748593,-0.4209792367469497,-0.5572201146756202,-0.5517102517486023,1.0,0.0,0.075,0.07692307692307693,0.2,0.1,0.01728844404003638,False,mix,0.5254186300483699,0.5319210932213433,0.5564900662251656,0.030496730791334782,0.0900213581439009,0.20183908045977014,0.9,0.11113195414314134,100,26,0.0,5.908832128160708,0.560840260994742,0.95,0.729482889175415,0.65,0.33333333333333337,0.54,0.16253833826435124,0.1558358094468871,0.15559599636032745,0.14755691852644168,0.12502638008098424,0.023215560874063314
200,200,0.2000818596665446,-0.007390880238373266,0.01624296381281102,0.009950248756218905,12.77308392009767,0.13770869248603826,0.20263751527175913,-0.006481393757934319,-0.005866011927645096,1.0,1.0,0.625,1.0,40,20,0.022899703770365935,-0.00014116226062995787,0.00742046769522741,0.009950248756218905,3.1050422930497956,0.021683614661369283,0.023689520404154743,-5.82785716294486e-05,-0.0004968661350905802,1.0,0.10526315789473684,0.05,0.10526315789473684,0.009950248756218905,3.995673954832396,0.3,-0.11562735692970412,0.007795448925747012,0.03329877153222783,0.009950248756218905,-3.706527303335839,-0.13088121300078262,0.008908947165720216,0.03367653407696594,0.009950248756218905,-4.150966362597435,-0.06168127017472221,-0.11183194002772255,0.011012897208042627,0.009143247608857473,0.0,0.05263157894736842,0.025,0.05263157894736842,-0.07859662802456295,-0.13447545819539028,0.011143319542095529,0.008933006069817347,0.0,0.15789473684210525,0.125,0.15789473684210525,-0.16723736444887446,-0.5016549349573761,0.05308816694737388,0.009950248756218905,6.299286446143626,-0.10369064722224705,-0.1506142541408532,-0.48999727963321205,-0.4817868437059837,1.0,0.0,0.45,0.3157894736842105,-0.2131994732233967,-0.005030799762566139,0.025927152292534523,0.009950248756218905,-8.028983326207474,-0.16207501517813547,-0.21787412632723488,-0.000949114145001895,-0.002065116056186516,0.0,0.7894736842105263,0.5,0.7894736842105263,-0.4023777602422197,-0.5275491261983647,0.03289990133939509,0.009950248756218905,3.804612198105814,-0.37575496989028834,-0.37087406871704776,-0.5246270155516758,-0.5154228900276825,1.0,0.0,0.125,0.10526315789473684,0.2,0.3,0.02211874272409777,False,mix,0.5489948211112248,0.5609723423661594,0.5563803680981595,-0.03591729259756131,0.06691620931368039,0.1618390804597701,0.9,0.10466942375402578,100,19,0.0,8.383205625658086,0.5279452187084865,0.95,0.7304275035858154,0.475,0.33333333333333337,0.41999999999999993,0.09476987514250493,0.09330630706430931,0.19906868451687998,0.15746002862940334,0.11690589658279464,0.022538896422947756
200,200,0.18591617137226463,-0.010026654748462743,0.022665460981059198,0.009950248756218905,8.644996290868539,0.08573552453197313,0.18254957374996353,-0.007525823810955315,-0.007368904426209341,1.0,1.0,0.275,1.0,40,20,0.03167401142733663,-0.000552138011610902,0.01290320578909684,0.03980099502487562,2.4975304558562477,0.030052701684540807,0.03068062487268962,-0.0005902344628887514,-0.0009893038553392276,0.8333333333333334,0.0,0.05,0.0,0.029850746268656716,2.8626700805244933,0.3,-0.12613349607207364,0.009921548773396117,0.05253613425380362,0.009950248756218905,-2.5897422179103256,-0.1150717727188203,0.011620117721949907,0.053629654536465135,0.009950248756218905,-2.3623476886703516,-0.00885088612429294,-0.10692830420981529,0.0123839040056164,0.012840048416082,0.0,0.0,0.0,0.0,-0.01996869712035399,-0.1403262882267289,0.01202580630922846,0.012501940193342215,0.0,0.16666666666666666,0.025,0.16666666666666666,-0.13827094114917865,-0.5405965612457109,0.07194237905909641,0.009950248756218905,5.592331326163862,-0.04666490917212372,-0.15961385491831062,-0.5020695005096986,-0.5241411296753029,1.0,0.0,0.775,0.6666666666666666,-0.26835885542809956,-0.005162662052238904,0.04320357369100248,0.009950248756218905,-6.0920005194982645,-0.1344392067795116,-0.25601822507274485,0.0002549031406854968,-4.381976272234948e-05,0.0,0.8333333333333334,0.225,0.8333333333333334,-0.39375946937907513,-0.5711921264383224,0.04323084064532381,0.009950248756218905,4.10430735110712,-0.36179459412012804,-0.39848986660057256,-0.5390672243117204,-0.5629262317097543,1.0,0.0,0.225,0.3333333333333333,0.2,0.5,0.030694668820678492,False,mix,0.5136387702267642,0.4966528989447629,0.5562857142857143,-0.06711671864515066,0.11330473634635507,0.1218390804597701,0.9,0.14388498941927153,100,6,0.0,4.383337492852653,0.5448234435259239,0.95,0.7291958332061768,0.15,0.33333333333333337,0.3,0.3602643963965281,0.20715254353955379,0.2762520193861065,0.35052799698371623,0.16806735968999076,0.07301466350124604
