B_null,B_sel,D_agg_med_sel,D_agg_null_mean,D_agg_null_sd,D_agg_p2,D_agg_z,D_mean_all,D_mean_sel,D_null_mean_all,D_null_mean_sel,D_pg_fracpos_sel,D_pg_power_sel,D_pg_rej_all,D_pg_rej_sel,G,K,N_agg_med_sel,N_agg_null_mean,N_agg_null_sd,N_agg_p2,N_agg_z,N_corr_agg_med_sel,N_corr_agg_null_mean,N_corr_agg_null_sd,N_corr_agg_p2,N_corr_agg_z,N_corr_mean_all,N_corr_mean_sel,N_corr_null_mean_all,N_corr_null_mean_sel,N_corr_pg_fracpos_sel,N_corr_pg_power_sel,N_corr_pg_rej_all,N_corr_pg_rej_sel,N_mean_all,N_mean_sel,N_null_mean_all,N_null_mean_sel,N_pg_fracpos_sel,N_pg_power_sel,N_pg_rej_all,N_pg_rej_sel,N_set_p2,N_set_z,Nc_all_z,Nc_set_p2,Nc_set_z,R2rna,S_cross_agg_med_sel,S_cross_agg_null_mean,S_cross_agg_null_sd,S_cross_agg_p2,S_cross_agg_z,S_cross_m_agg_med_sel,S_cross_m_agg_null_mean,S_cross_m_agg_null_sd,S_cross_m_agg_p2,S_cross_m_agg_z,S_cross_m_mean_all,S_cross_m_mean_sel,S_cross_m_null_mean_all,S_cross_m_null_mean_sel,S_cross_m_pg_fracpos_sel,S_cross_m_pg_power_sel,S_cross_m_pg_rej_all,S_cross_m_pg_rej_sel,S_cross_mean_all,S_cross_mean_sel,S_cross_null_mean_all,S_cross_null_mean_sel,S_cross_pg_fracpos_sel,S_cross_pg_power_sel,S_cross_pg_rej_all,S_cross_pg_rej_sel,S_dd_agg_med_sel,S_dd_agg_null_mean,S_dd_agg_null_sd,S_dd_agg_p2,S_dd_agg_z,S_dd_mean_all,S_dd_mean_sel,S_dd_null_mean_all,S_dd_null_mean_sel,S_dd_pg_fracpos_sel,S_dd_pg_power_sel,S_dd_pg_rej_all,S_dd_pg_rej_sel,S_drm_agg_med_sel,S_drm_agg_null_mean,S_drm_agg_null_sd,S_drm_agg_p2,S_drm_agg_z,S_drm_mean_all,S_drm_mean_sel,S_drm_null_mean_all,S_drm_null_mean_sel,S_drm_pg_fracpos_sel,S_drm_pg_power_sel,S_drm_pg_rej_all,S_drm_pg_rej_sel,S_pp_agg_med_sel,S_pp_agg_null_mean,S_pp_agg_null_sd,S_pp_agg_p2,S_pp_agg_z,S_pp_mean_all,S_pp_mean_sel,S_pp_null_mean_all,S_pp_null_mean_sel,S_pp_pg_fracpos_sel,S_pp_pg_power_sel,S_pp_pg_rej_all,S_pp_pg_rej_sel,delta_target,fX,fX_pop,feasible,hyp,incr_m_mean_all,incr_m_mean_sel,incr_m_pop,incr_p_mean_all,incr_p_mean_sel,incr_p_pop,lam,lamhat_noise_sel,n,n_sel,q2,ratio_m_over_p_sel,rho_mean,s2,seconds,sel_rate,sig_u2,t2,theta_pg_median_all,theta_pg_median_sel,theta_pop,theta_set_all,theta_set_sel,theta_set_sel_jkse
200,200,,,,,,0.02859197848522882,nan,-0.0087834412133948,nan,nan,nan,0.1,nan,40,20,,,,,,,,,,,0.07516176808740598,nan,-0.00044832006337082973,nan,nan,nan,0.7,nan,0.0410933054002392,nan,-0.0002360313001783244,nan,nan,nan,0.675,nan,,,,,,0.1,,,,,,,,,,,0.15963087169649567,nan,0.006274537322283949,nan,nan,nan,0.2,nan,0.19068176626274455,nan,0.006701070070769095,nan,nan,nan,0.475,nan,,,,,,0.1888183930213505,nan,-0.30813099307744607,nan,nan,nan,0.7,nan,,,,,,-0.04918939217721372,nan,0.0006385775669620799,nan,nan,nan,0.075,nan,,,,,,-0.09390322386026546,nan,-0.3323842690970889,nan,nan,nan,0.3,nan,0.1,nan,1.0,False,noise,0.22064340362560433,nan,0.3753086419753086,-0.18825761954664116,nan,0.09047619047619046,0.5,nan,100,0,0.0,nan,0.33416412683849633,0.95,0.7604341506958008,0.0,0.4,0.0,0.5817110329349461,nan,1.0,1.4372319642541984,nan,
200,200,,,,,,0.09563894697780213,nan,-0.0068796730359964135,nan,nan,nan,0.225,nan,40,20,,,,,,,,,,,-0.008416382912739512,nan,8.954872037489212e-05,nan,nan,nan,0.1,nan,-0.004981057003891719,nan,5.365177724315842e-05,nan,nan,nan,0.125,nan,,,,,,0.1,,,,,,,,,,,-0.07024978299755859,nan,0.005848671080787989,nan,nan,nan,0.225,nan,-0.06091290526430768,nan,0.0066724172521958084,nan,nan,nan,0.15,nan,,,,,,-0.37192855231150246,nan,-0.2641182897419386,nan,nan,nan,0.15,nan,,,,,,-0.054288045960488994,nan,-0.0006193939955979229,nan,nan,nan,0.1,nan,,,,,,-0.3430811443226768,nan,-0.28670183311987685,nan,nan,nan,0.125,nan,0.1,nan,0.0,True,post,-0.25635741718252686,nan,0.011111111111111112,-0.16607681660142076,nan,0.1,0.5,nan,100,0,0.0,nan,0.2909039224031228,0.0,0.7477896213531494,0.0,0.4,0.25,-0.019475559636141247,nan,0.0,-0.0520818888255621,nan,
200,200,,,,,,0.014930281716731292,nan,-0.01104525210885796,nan,nan,nan,0.1,nan,40,20,,,,,,,,,,,-0.0911887841404963,nan,-0.0007282808295157036,nan,nan,nan,0.8,nan,-0.0517303157961142,nan,-0.0004092997291302508,nan,nan,nan,0.85,nan,,,,,,0.1,,,,,,,,,,,-0.19767371956657334,nan,0.006604833276839426,nan,nan,nan,0.45,nan,-0.2700434392872639,nan,0.006091561763917515,nan,nan,nan,0.725,nan,,,,,,-0.4709246773176837,nan,-0.3045290543215376,nan,nan,nan,0.05,nan,,,,,,-0.05140480154765642,nan,0.0009443057967338302,nan,nan,nan,0.1,nan,,,,,,-0.4369723863906166,nan,-0.3273539139996109,nan,nan,nan,0.125,nan,0.1,nan,0.0,False,err,0.3577507723967745,nan,0.4749999999999999,-0.21920783002122093,nan,0.09047619047619046,0.5,nan,100,0,0.95,nan,0.3295964055957971,0.0,0.7569522857666016,0.0,0.4,0.0,-0.3619088271185958,nan,-1.0,-3.4647916749048187,nan,
200,200,0.2157742838837511,-0.016502004720752174,0.036805203080399834,0.009950248756218905,6.3109633735967146,0.09178858035694441,0.22602624246891798,-0.009382659334519636,-0.014408568415945766,1.0,1.0,0.35,1.0,40,20,0.004187037218247585,-0.0011530717364158672,0.008076881204928194,0.5174129353233831,0.6611597742385971,0.007183566322352075,-0.0020341017515750235,0.014399577262378433,0.527363184079602,0.6401346307137663,0.017659857486743112,0.015167975862980475,-0.00015650448866401484,-0.002374804977389071,0.8,0.0,0.025,0.0,0.010097439711238502,0.009142455237530163,-7.890169717409258e-05,-0.0013246951999888311,0.8,0.0,0.025,0.0,0.09950248756218906,1.436853702627793,3.6439305942514735,0.12935323383084577,1.3283511747327426,0.1,-0.06160451878628576,0.0032027527760962325,0.050024617854775646,0.1890547263681592,-1.295507578872981,-0.016063476941039427,0.0031844005146982246,0.05878736727877882,0.7064676616915423,-0.3274151972843726,-0.007105634890282058,-0.03373653138009501,0.006992071867838133,0.0034179355503276615,0.4,0.0,0.075,0.2,0.0001972416233074231,-0.05922089210054278,0.00703275797403068,0.0032963575796107975,0.2,0.0,0.05,0.0,-0.15741231901840455,-0.2861750510842554,0.11149970209901877,0.27860696517412936,1.1548257945150973,-0.2383339520434678,-0.20097762757184007,-0.28203887654317,-0.2779402675775568,0.6,0.0,0.05,0.0,-0.09756805504889351,-0.0008144670083423128,0.03895335751972601,0.01990049751243781,-2.4838317977871682,-0.030652446596325832,-0.10531164258311469,-0.0003702972294624971,0.0005989591102777679,0.0,0.0,0.125,0.2,-0.23667506555746895,-0.29687968508919926,0.07073175477488691,0.46766169154228854,0.8511681877890381,-0.28323083053671444,-0.23354332432240574,-0.3059953313090471,-0.29496929621297735,0.8,0.0,0.025,0.0,0.1,0.1,0.10000000000000003,True,mix,-0.19481543889200686,-0.1449607611433978,0.07356321839080464,-0.16024247019519863,0.07833652716661181,0.10111111111111112,0.5,0.03887615710209158,100,5,0.0,-1.8504874595102323,0.3110937789189439,0.20000000000000007,0.7590577602386475,0.125,0.4,0.225,0.03985227308926124,0.021068684187808516,0.10000000000000003,0.11000758124781874,0.04044864497885633,0.03726072336343296
200,200,,,,,,0.08772026453828222,nan,-0.006406119752849006,nan,nan,nan,0.225,nan,40,20,,,,,,,,,,,0.05497642505503393,nan,-0.0004626906106219004,nan,nan,nan,0.375,nan,0.03129871835767349,nan,-0.0002477068113332342,nan,nan,nan,0.45,nan,,,,,,0.1,,,,,,,,,,,0.0975430194875309,nan,0.004109461659021823,nan,nan,nan,0.15,nan,0.12017637082011454,nan,0.0040371718870490635,nan,nan,nan,0.25,nan,,,,,,0.07902274585103314,nan,-0.27764588265616064,nan,nan,nan,0.35,nan,,,,,,-0.04410084664126175,nan,-0.001240158182814874,nan,nan,nan,0.05,nan,,,,,,-0.11304212940002198,nan,-0.2993116893394567,nan,nan,nan,0.35,nan,0.1,0.3,0.30000000000000004,True,mix,0.028618697479473553,nan,0.21975308641975316,-0.1507253369251865,nan,0.11285714285714284,0.5,nan,100,0,0.0,nan,0.30078994733535486,0.6,0.7466280460357666,0.0,0.4,0.17499999999999996,0.2578504246718394,nan,0.30000000000000004,0.3568014588466539,nan,
200,200,0.15578335658088222,-0.010200899898386889,0.030289679987111906,0.009950248756218905,5.47989468836959,0.07924583276638598,0.1665355980420795,-0.008649518752409789,-0.007101994253669468,1.0,0.5,0.2,0.5,40,20,0.05324214608514943,-0.0009708310262650135,0.006932540496741388,0.009950248756218905,7.820073626555367,0.08506237345891977,-0.0017339152854114546,0.012823399145182376,0.009950248756218905,6.76858668710871,0.07570987213723686,0.08632750507934396,-0.00035395730385277336,-0.0012484423969654768,1.0,0.625,0.625,0.625,0.04428881992360014,0.0519460730948717,-0.0001991123171191576,-0.0006443408628491422,1.0,0.875,0.75,0.875,0.009950248756218905,7.886893052321481,15.44821425610636,0.009950248756218905,7.0988259169402115,0.1,0.16262503692655156,-0.0018878952146426414,0.04697785852847978,0.009950248756218905,3.5019248916584442,0.13401247194342514,-0.0009018838087301192,0.04738383455486951,0.009950248756218905,2.847265465463331,0.17682707328513284,0.15633177149886102,0.004344477126467426,0.001434721791579538,1.0,0.375,0.35,0.375,0.2074343947568514,0.16978333059336212,0.004725848647295304,0.001792323885639593,1.0,0.25,0.5,0.25,0.1616890269604226,-0.29223330804376196,0.08833853065497893,0.009950248756218905,5.138441081524397,0.2151748053934323,0.16286429564191274,-0.26662213168961707,-0.2780231798228772,1.0,0.375,0.525,0.375,-0.1174282403552474,-0.00447014230151508,0.030895050988917924,0.009950248756218905,-3.6561874615644525,-0.05455042862446624,-0.1147061147953931,-0.00018164383389824513,-0.0020590173816483785,0.0,0.0,0.125,0.375,-0.037203573908877664,-0.3060239735621024,0.058878149922212394,0.009950248756218905,4.565707312539788,-0.04837856309876566,-0.07701353352338919,-0.2849322182369032,-0.29920765362307167,1.0,0.375,0.35,0.375,0.1,0.5,0.4871794871794871,False,mix,0.22481096303598988,0.2639491467064264,0.37532894736842104,-0.11426647737313622,0.06985247818497925,0.14047619047619048,0.5,0.2377594094028614,100,8,0.0,3.778665461337702,0.28530810817374735,0.95,0.7515037059783936,0.2,0.4,0.125,0.23719577130648822,0.28894445336393626,0.4871794871794871,0.5588788505026135,0.3119217374878985,0.07568504457636757
200,200,,,,,,0.022896620981621978,nan,-0.009710564327639061,nan,nan,nan,0.05,nan,40,20,,,,,,,,,,,0.08060272686794905,nan,0.000375741577503149,nan,nan,nan,0.725,nan,0.04370497658511636,nan,0.00020819977638033803,nan,nan,nan,0.675,nan,,,,,,0.1,,,,,,,,,,,0.17514818720082648,nan,0.008336021995507726,nan,nan,nan,0.275,nan,0.2242287803871273,nan,0.008743966779796972,nan,nan,nan,0.6,nan,,,,,,0.24147998584501157,nan,-0.2942857895839613,nan,nan,nan,0.75,nan,,,,,,-0.03970327215450833,nan,0.0008812039439820711,nan,nan,nan,0.025,nan,,,,,,-0.04653749828540017,nan,-0.31883560002602457,nan,nan,nan,0.5,nan,0.2,nan,1.0,False,noise,0.27356691109497555,nan,0.3753086419753086,-0.1879870794921641,nan,0.09047619047619046,0.5,nan,100,0,0.0,nan,0.3214681484818701,0.95,0.7532334327697754,0.0,0.4,0.0,0.3009287862776926,nan,1.0,1.9087959144799684,nan,
200,200,0.24106251355064592,-0.013820241759531395,0.023318950298294193,0.009950248756218905,10.93028425545776,0.1778701663921479,0.26530761260125674,-0.01002721311685179,-0.011491591423358365,1.0,1.0,0.625,1.0,40,20,-6.8921269804686e-05,0.00032523094022494784,0.0037068032298799977,0.9154228855721394,-0.10633211030628723,-0.00011140767535827066,0.0005198246815486978,0.006672118350424324,0.9154228855721394,-0.09460748800599687,0.012882599240585504,0.006913507124410725,0.00017951907892708855,0.0005811256840886304,0.5333333333333333,nan,0.1,0.06666666666666667,0.007339511443682031,0.003845888929977649,0.00010427430825502446,0.00031845606572459027,0.5333333333333333,nan,0.15,0.06666666666666667,0.3781094527363184,0.8568576235498403,2.9921899627643196,0.39800995024875624,0.8465350864291996,0.1,-0.11542703120747483,0.009766680386803785,0.034322316878874985,0.009950248756218905,-3.647589177398639,-0.13004524336263046,0.008406732845708052,0.033767666980938235,0.009950248756218905,-4.100134495000622,-0.052903730652219164,-0.10769442707436884,0.008101114203697659,0.010851680922308095,0.26666666666666666,0.2,0.075,0.2,-0.05708703078126236,-0.09887454745653754,0.008186586213386316,0.010493783380163197,0.06666666666666667,0.06666666666666667,0.05,0.06666666666666667,-0.3842434205420785,-0.26068567632966444,0.06993908519757477,0.07960199004975124,-1.7666479889120985,-0.326149616096724,-0.34674075683361705,-0.2636171700184623,-0.24875085181127307,0.26666666666666666,0.06666666666666667,0.05,0.06666666666666667,-0.1086558013937298,-0.004754055408764276,0.023511032799074575,0.009950248756218905,-4.4192761274458325,-0.07826869774120596,-0.11012424094170878,-0.0010632770677606231,-0.002829190629079373,0.0,0.26666666666666666,0.125,0.26666666666666666,-0.3283149198824066,-0.2772545510570067,0.04494487446926432,0.27860696517412936,-1.1360665576935052,-0.3181124297276582,-0.3201890744932344,-0.2846751348526576,-0.2695887871176943,0.4666666666666667,0.06666666666666667,0.075,0.06666666666666667,0.2,nan,0.0,True,post,-0.33596635803405306,-0.3008467369506121,0.025000000000000005,-0.05432285682621511,0.08026880875887252,0.20000000000000004,0.5,0.014288831124611419,100,15,0.0,-3.747990553271516,0.28627212061445473,0.0,0.7528355121612549,0.375,0.4,0.5,0.00032346361266801047,-0.00035246433411450915,0.0,0.0412633079090999,0.014495961470045777,0.0209061967072002
200,200,,,,,,0.0201163188377626,nan,-0.01049139981578782,nan,nan,nan,0.025,nan,40,20,,,,,,,,,,,-0.07460908157857929,nan,-4.308987210236925e-05,nan,nan,nan,0.6,nan,-0.04352764794649766,nan,-1.2203290255030031e-05,nan,nan,nan,0.65,nan,,,,,,0.1,,,,,,,,,,,-0.19235448827671062,nan,0.007727195609581267,nan,nan,nan,0.45,nan,-0.23573667025507353,nan,0.008090653056930542,nan,nan,nan,0.6,nan,,,,,,-0.43760128959596434,nan,-0.2841144977675618,nan,nan,nan,0.075,nan,,,,,,-0.0412139328205728,nan,-0.0008978148281062182,nan,nan,nan,0.025,nan,,,,,,-0.388343925988444,nan,-0.30790308604277805,nan,nan,nan,0.05,nan,0.2,nan,0.0,False,err,0.34409120034351465,nan,0.4749999999999999,-0.22265909102164577,nan,0.09047619047619046,0.5,nan,100,0,0.95,nan,0.31106113484699033,0.0,0.74698805809021,0.0,0.4,0.0,-0.4712766385787898,nan,-1.0,-2.163797874628385,nan,
200,200,0.2833593062840534,-0.014065784396139354,0.02151219387097602,0.009950248756218905,13.825883703458489,0.17649764473607943,0.2869965652169605,-0.012196699389591349,-0.012939865769320075,1.0,1.0,0.6,1.0,40,20,0.020079041895866998,0.00045875160110610144,0.005451494660374591,0.009950248756218905,3.5990662219255753,0.03077206578799025,0.0007832677712561203,0.010086362897753963,0.009950248756218905,2.9732023641979857,0.029731102006836995,0.030069645549562492,-0.00048124198655506023,-0.00018345477677867754,0.8571428571428571,0.07142857142857142,0.125,0.07142857142857142,0.018562415188428532,0.020184555630305412,-0.0002504022169836054,-8.246108433033004e-05,0.8571428571428571,0.07142857142857142,0.15,0.07142857142857142,0.009950248756218905,4.2924758175554265,6.115482073073835,0.009950248756218905,3.5197691915166076,0.1,-0.05554319065605104,0.01316991423026558,0.032383056617575436,0.009950248756218905,-2.1218844686483886,-0.055330701911413864,0.013041549365286079,0.03235498729196818,0.03980099502487562,-2.11319048459523,-0.006031746514587948,-0.06306694572926613,0.008324163449560384,0.01022613582181483,0.07142857142857142,0.07142857142857142,0.1,0.21428571428571427,-0.013071582602577566,-0.06789413660763517,0.00818722191652979,0.009714957622752313,0.14285714285714285,0.0,0.05,0.14285714285714285,-0.21365441068597657,-0.3138393274470941,0.06458002591303999,0.10945273631840796,1.551329770205881,-0.1539073852743645,-0.20840512916310258,-0.3001333370152215,-0.3031035510654864,0.7857142857142857,0.07142857142857142,0.05,0.07142857142857142,-0.13696860002477126,-0.0018736862999523122,0.02415904041706927,0.009950248756218905,-5.591898990482148,-0.10015734959154803,-0.1482691426948973,0.002196730459878186,0.0024268781094019904,0.0,0.0,0.375,0.6428571428571429,-0.27572823861628587,-0.3344178474115139,0.04090580773575739,0.1890547263681592,1.434750027989067,-0.24999826097355368,-0.26832212696953933,-0.32322406957463196,-0.32686097084531796,0.7142857142857143,0.07142857142857142,0.05,0.07142857142857142,0.2,0.1,0.10000000000000003,True,mix,-0.10275987879073778,-0.09709208691058865,0.14864864864864868,-0.03661200729852552,0.136537122663418,0.20500000000000002,0.5,0.06570897187506981,100,14,0.0,-0.7111039475317892,0.3253643148898182,0.40000000000000013,0.753648042678833,0.35,0.4,0.45,0.09454626053408394,0.07218116964365484,0.10000000000000003,0.10517089458154127,0.07033030383149888,0.024358336642208052
200,200,0.22642647213187303,-0.012969985517127807,0.017667409507723945,0.009950248756218905,13.550173132670633,0.19274176575224058,0.2306024769123956,-0.009377646835104631,-0.010153569080681695,1.0,0.8888888888888888,0.7,0.8888888888888888,40,20,0.047259067315171634,0.0002730506854945315,0.0037567771191202317,0.009950248756218905,12.507001381059668,0.06955169319929703,0.0005967224685952585,0.006955434625313752,0.009950248756218905,9.913826300635737,0.07439245013472114,0.07593035635344093,0.0006136732393097917,0.0006944948080916956,1.0,0.5185185185185185,0.525,0.5185185185185185,0.047837807994893414,0.04953854827179356,0.00034279829072423706,0.000381057447564994,1.0,0.7407407407407407,0.7,0.7407407407407407,0.009950248756218905,14.452709930995258,13.922191000417405,0.009950248756218905,12.175653127900416,0.1,0.09765732093127487,0.010034593719390021,0.025430029678869686,0.009950248756218905,3.4456399900015326,0.09165802017673415,0.007671205651342165,0.02463222589695491,0.009950248756218905,3.409631548254232,0.11713385640102221,0.10173441956779668,0.009587754429090118,0.00927970657236736,0.8888888888888888,0.14814814814814814,0.175,0.14814814814814814,0.1330897300016541,0.11657533291120105,0.009700366212431028,0.009741875832294229,0.8888888888888888,0.1111111111111111,0.2,0.1111111111111111,0.10876809515537582,-0.2843552356329043,0.05239780227418598,0.009950248756218905,7.50266831275959,0.13007812492513807,0.12465402875700608,-0.2721059578737958,-0.27005230175933187,1.0,0.37037037037037035,0.4,0.37037037037037035,-0.12127685957868309,-0.0009931784031455067,0.018681906092612242,0.009950248756218905,-6.4385122467062,-0.10404097072121372,-0.12581788987940498,0.0008681648686065494,0.001254621207013866,0.0,0.0,0.325,0.48148148148148145,-0.10381309966790182,-0.30049588074374545,0.03487471705326905,0.009950248756218905,5.639695392217312,-0.09467670737522782,-0.08929008309408076,-0.2977178915824995,-0.2964080190878191,1.0,0.2222222222222222,0.25,0.2222222222222222,0.2,0.3,0.2533333333333333,False,mix,0.20487629581024813,0.20538447327127404,0.3753731343283582,0.03234889058961614,0.09480724739013403,0.23047619047619047,0.5,0.1768343220676893,100,27,0.0,2.166337267720812,0.30499547942774746,0.95,0.7566001415252686,0.675,0.4,0.3499999999999999,0.20551843394593644,0.16826865659392454,0.2533333333333333,0.24819637720029192,0.21482227309558752,0.02837841500580075
200,200,0.21901479273444596,-0.008533548314654762,0.026157231674370066,0.009950248756218905,8.69925165908756,0.11228078810139515,0.24638696298035084,-0.007380464858254077,-0.007837353726163523,1.0,1.0,0.325,1.0,40,20,0.03096138437881181,-0.0002016155837734045,0.005312873817830052,0.009950248756218905,5.865563727889855,0.04739964555634801,-0.00037993264523929063,0.009601597603858605,0.009950248756218905,4.9762112689881794,0.07135233541378123,0.053282148343036864,0.0007983692882253113,-0.00020462393250893828,1.0,0.2,0.525,0.2,0.0423628508222376,0.034817620810208956,0.00040501402733579404,-0.00016816898018494176,1.0,0.6,0.725,0.6,0.009950248756218905,6.820772999142067,13.519026784451729,0.009950248756218905,5.7980418755140395,0.1,0.0654560119597893,0.004973503294270258,0.037854855645881855,0.08955223880597014,1.5977477032197072,0.07304927249260902,0.00550805110701009,0.03836793954045949,0.05970149253731343,1.7603557082499954,0.13081549014594257,0.06812974441887419,0.008694339966781432,0.004596878064087635,0.9,0.1,0.2,0.1,0.1530593409500339,0.06813582757863243,0.008717376060881847,0.005051093993797474,0.8,0.1,0.325,0.1,0.07774505267909676,-0.28079724305452347,0.0794426298063051,0.009950248756218905,4.513222895607751,0.15931285429404093,0.07837282218715755,-0.2917977296004701,-0.2663382059369901,1.0,0.4,0.625,0.4,-0.12676407418666522,-0.003856310872470119,0.027731895797324192,0.009950248756218905,-4.432000040964465,-0.0746879883699729,-0.12170527237940856,-0.000919460840195276,-0.0010867702275703243,0.0,0.0,0.175,0.4,-0.09813031820745156,-0.28985722605262554,0.05151698926876474,0.009950248756218905,3.721624857407929,-0.08763666569227034,-0.11664561517816525,-0.3141873946790526,-0.2833171980534299,1.0,0.1,0.275,0.1,0.2,0.5,0.3220338983050847,False,mix,0.22986112089818894,0.23737451587020977,0.37535211267605634,-0.08950566488130166,0.09394144306531564,0.19047619047619047,0.5,0.12381597888938041,100,10,0.0,2.5268348891039274,0.3163798928114217,0.95,0.7467193603515625,0.25,0.4,0.25,0.36192639876574006,0.14351233275895506,0.3220338983050847,0.3772938499859997,0.1413127561176426,0.04280914401633859
200,200,,,,,,0.012809084337245036,nan,-0.007439359893727272,nan,nan,nan,0.025,nan,40,20,,,,,,,,,,,0.0571260039000811,nan,0.0009004223411135109,nan,nan,nan,0.45,nan,0.03142061428286117,nan,0.0004703564033033876,nan,nan,nan,0.475,nan,,,,,,0.1,,,,,,,,,,,0.13916054769561673,nan,0.007818908683912012,nan,nan,nan,0.3,nan,0.16920996545068043,nan,0.007853049346252009,nan,nan,nan,0.325,nan,,,,,,0.17522533816337493,nan,-0.2895396346339608,nan,nan,nan,0.6,nan,,,,,,-0.053837899751682475,nan,-0.0011294199098631395,nan,nan,nan,0.075,nan,,,,,,-0.08736841075081953,nan,-0.31284854446306376,nan,nan,nan,0.325,nan,0.1,nan,1.0,False,noise,0.3337887041430846,nan,0.47029702970297016,-0.22206375538818995,nan,0.05891472868217054,0.6,nan,100,0,0.0,nan,0.315177101223944,0.95,0.7492187023162842,0.0,0.4166666666666667,0.0,0.21956119533025917,nan,1.4999999999999998,2.452994566637312,nan,
200,200,0.2216060732602244,-0.011917369107722982,0.03031690916172952,0.009950248756218905,7.702745722345351,0.10551282329684226,0.22528452759993997,-0.008610697839637225,-0.010431603802926475,1.0,1.0,0.35,1.0,40,20,0.0010138918675529891,-0.0003790498117219695,0.0062393125296683356,0.746268656716418,0.2232524292425132,0.0012456331043665845,-0.0008104352276057233,0.01148933170244774,0.8656716417910447,0.17895456281023886,0.007626950464596877,0.0010363752492087322,0.00073843878829697,-0.00032455456760293737,0.5,nan,0.075,0.0,0.004824343287515178,0.00026789582520327245,0.00039951397781137386,-0.00015377119747185712,0.5,nan,0.1,0.0,0.9154228855721394,0.07047621768068048,1.4187604666202212,0.8656716417910447,0.12318630506609231,0.1,-0.11949451434940292,0.00459106235210116,0.038285607355425175,0.01990049751243781,-3.241050234525789,-0.17091595165248247,0.003710922923550369,0.04083297061291169,0.009950248756218905,-4.276614509073653,-0.04693663896526499,-0.16794841712575614,0.009256408817991215,0.005003329523459085,0.125,0.5,0.15,0.5,-0.039678167970013965,-0.1315227550854749,0.009128594305623097,0.005643774473959443,0.0,0.125,0.075,0.125,-0.4329210863153881,-0.30296142450207325,0.08529080784088881,0.13930348258706468,-1.523724128093999,-0.35359839400036525,-0.41309027283673944,-0.2888422165685063,-0.28982679980765824,0.25,0.125,0.05,0.125,-0.14709398987610195,-0.0011667746567155957,0.029884115518603684,0.009950248756218905,-4.883103035914164,-0.05361614148037934,-0.14658815100542621,0.00016014645308698845,0.00019516086566637224,0.0,0.5,0.175,0.5,-0.3716475823999038,-0.31676720838289646,0.055437965512842975,0.3681592039800995,-0.9899420642213792,-0.35261157165744317,-0.3783591913949113,-0.31126670449094673,-0.3091227408574779,0.25,0.125,0.05,0.125,0.1,nan,0.0,True,post,-0.27940192845106815,-0.2058498487427262,0.011111111111111112,-0.14987955981631865,0.051572907496605216,0.09999999999999996,0.6,0.001187731974390345,100,8,0.0,-3.991433850346255,0.3116248981399784,0.0,0.7604811191558838,0.2,0.4166666666666667,0.24,0.039258165465387435,0.0021657672830565386,0.0,0.04572281488424127,0.0011891443591678945,0.03605528173557426
200,200,,,,,,0.02452529542043313,nan,-0.009355550877610226,nan,nan,nan,0.05,nan,40,20,,,,,,,,,,,-0.06534121950371422,nan,-0.0003643419471569096,nan,nan,nan,0.575,nan,-0.03634125658287819,nan,-0.00022075516756484183,nan,nan,nan,0.525,nan,,,,,,0.1,,,,,,,,,,,-0.1608301864488908,nan,0.006769631735521048,nan,nan,nan,0.3,nan,-0.2163069001539518,nan,0.0072122619415820625,nan,nan,nan,0.625,nan,,,,,,-0.43322151676592624,nan,-0.28604601770589266,nan,nan,nan,0.0,nan,,,,,,-0.04619006848145618,nan,0.0003266616595526607,nan,nan,nan,0.05,nan,,,,,,-0.3926821463210744,nan,-0.31046429217199956,nan,nan,nan,0.05,nan,0.1,nan,0.0,False,err,0.22227031588173912,nan,0.37999999999999995,-0.22530336488028477,nan,0.06129032258064514,0.6,nan,100,0,0.95,nan,0.31427889443213564,0.0,0.7487409114837646,0.0,0.4166666666666667,0.0,-0.27812948648223773,nan,-1.0,-1.481786700624232,nan,
200,200,,,,,,0.06278485982479079,nan,-0.006947965843436158,nan,nan,nan,0.225,nan,40,20,,,,,,,,,,,0.031135875554448345,nan,0.0013182449807214404,nan,nan,nan,0.175,nan,0.018732607277130303,nan,0.0006863542932155283,nan,nan,nan,0.225,nan,,,,,,0.1,,,,,,,,,,,0.06321397075234307,nan,0.010356198525213594,nan,nan,nan,0.075,nan,0.053328024772417326,nan,0.009509703112181562,nan,nan,nan,0.125,nan,,,,,,-0.08882615908837765,nan,-0.3016057205838328,nan,nan,nan,0.175,nan,,,,,,-0.040664820984971185,nan,-0.0011355637628650385,nan,nan,nan,0.125,nan,,,,,,-0.22556550799970757,nan,-0.325461199550801,nan,nan,nan,0.025,nan,0.1,0.1,0.09999999999999999,True,mix,-0.11671871685403497,nan,0.17109144542772856,-0.21231795812645032,nan,0.1029032258064516,0.6,nan,100,0,0.0,nan,0.3272134759982317,0.375,0.7490580081939697,0.0,0.4166666666666667,0.21600000000000003,0.1492383824417144,nan,0.14999999999999997,0.2983618555397917,nan,
200,200,0.21099993001207235,-0.005959009107345724,0.03646005695863462,0.009950248756218905,5.950592434883357,0.07505319926737745,0.22248097796547284,-0.009026875177735857,-0.005925405916292542,1.0,0.8333333333333334,0.225,0.8333333333333334,40,20,0.040849320055493805,0.0012808793206224452,0.007555605708190263,0.009950248756218905,5.236964746154272,0.06369266156682138,0.0023810870927741734,0.013727294361338087,0.009950248756218905,4.466399048180997,0.06574680023561219,0.06536263230863625,8.39232105990692e-05,0.002361947043227908,1.0,0.6666666666666666,0.5,0.6666666666666666,0.03815734235506476,0.03978247573923232,7.005783207653057e-05,0.0013060337799172728,1.0,0.6666666666666666,0.625,0.6666666666666666,0.009950248756218905,5.918523318202189,12.304173349235299,0.009950248756218905,5.354717197087852,0.1,0.08256730090805565,0.011182096807750149,0.045475441860773756,0.12935323383084577,1.569752841924803,0.05303819918090692,0.014423212258377102,0.04518611380806641,0.3781094527363184,0.854576410038207,0.1188808390481367,0.07664074212406319,0.00984553034463206,0.014303659261940927,1.0,0.0,0.125,0.0,0.14543115959814312,0.09186788458010298,0.008905678420821666,0.012845287683051654,0.8333333333333334,0.0,0.2,0.0,0.10054382595402604,-0.2771723801338126,0.09641290227572667,0.009950248756218905,3.9176935572762694,0.13824174788841592,0.10224179346521599,-0.3034919503037019,-0.26722939404897467,1.0,0.16666666666666666,0.575,0.16666666666666666,-0.14071267478693728,-0.004993267673339409,0.03728092092942305,0.009950248756218905,-3.6404521059683432,-0.056521056894648466,-0.14655547742634437,-0.0006129655575859634,0.0006317393651239151,0.0,0.0,0.125,0.6666666666666666,-0.08797849089602659,-0.29625552879618156,0.06002329767971244,0.009950248756218905,3.4699366070831785,-0.1157565939131886,-0.11084088358839643,-0.32626600840303105,-0.29489630469514033,1.0,0.0,0.325,0.0,0.1,0.3,0.26573426573426584,False,mix,0.3269763505610248,0.29695905512754295,0.47032397408207327,-0.13772814368548195,0.14147629697263184,0.12891472868217052,0.6,0.15168897983027896,100,6,0.0,2.0990021755021533,0.32803563744002534,0.95,0.7499804496765137,0.15,0.4166666666666667,0.16799999999999998,0.3142721216910873,0.20600280040829752,0.3986013986013987,0.5084039418376958,0.17881293089877653,0.043100145566518026
200,200,0.16482763466796452,-0.011339116843962603,0.032159406834055,0.009950248756218905,5.4779229111868615,0.0660167271390409,0.16836174342523216,-0.009853261872542521,-0.009901925514926333,1.0,0.8333333333333334,0.175,0.8333333333333334,40,20,0.0458168997816721,-6.718713430181973e-05,0.0076433438079287165,0.009950248756218905,6.003143135125436,0.07660797544899661,-5.882649704305718e-05,0.013872835760384247,0.009950248756218905,5.526397289258312,0.06101040039210065,0.08280197158686856,0.0001111625488218833,-0.00021684650345712848,1.0,0.6666666666666666,0.425,0.6666666666666666,0.035613619170768974,0.05196100236534562,5.708944206116401e-05,-0.00018929961552903972,1.0,0.6666666666666666,0.45,0.6666666666666666,0.009950248756218905,7.105860689338727,10.768084697014551,0.009950248756218905,6.271052241298349,0.1,0.1680813679379694,0.007976271074332736,0.04855608074794485,0.009950248756218905,3.297323309338879,0.13566818199514466,0.007628394740937216,0.048775221695989045,0.01990049751243781,2.6250990318330323,0.1266081161303399,0.14167086397260892,0.007556214694639552,0.005970573096608592,0.8333333333333334,0.3333333333333333,0.175,0.3333333333333333,0.1495271737647696,0.1548732167945345,0.007456650980577958,0.006757214978852715,0.6666666666666666,0.5,0.25,0.5,0.1439737144736804,-0.30755162837882877,0.09617804808691353,0.009950248756218905,4.694681913691813,0.15262438187748423,0.1310430022444464,-0.2867823183494415,-0.2949704725202247,1.0,0.5,0.525,0.5,-0.09964766654280546,0.0002252462169246948,0.03822183488865793,0.009950248756218905,-2.6129805920634595,-0.06460737290530454,-0.09228368901450133,0.0010071295618999763,0.004125026281829327,0.0,0.0,0.1,0.3333333333333333,-0.07790084541763548,-0.3254923409253651,0.05972629495788052,0.009950248756218905,4.14543536775867,-0.0961150216165994,-0.08538725273349314,-0.30959521935200235,-0.3179873132629023,1.0,0.3333333333333333,0.3,0.3333333333333333,0.1,0.5,0.336283185840708,False,mix,0.29659729014901604,0.2859384713595403,0.470315789473684,-0.14977751893339813,0.06714031778888054,0.10891472868217053,0.6,0.23584039032781406,100,6,0.0,4.2588191533239375,0.3099140628157562,0.95,0.754558801651001,0.15,0.4166666666666667,0.12,0.22752992691187063,0.2976299072257621,0.504424778761062,0.5394635680099905,0.308627134099624,0.0887095129636049
200,200,,,,,,-0.004264870495987125,nan,-0.008246754779431363,nan,nan,nan,0.025,nan,40,20,,,,,,,,,,,0.05905875075591048,nan,-0.0007912667985291464,nan,nan,nan,0.525,nan,0.03246697522176626,nan,-0.00042119087521533277,nan,nan,nan,0.525,nan,,,,,,0.1,,,,,,,,,,,0.1421447919909741,nan,0.0037552165005019233,nan,nan,nan,0.225,nan,0.1871317339771049,nan,0.004276481683058543,nan,nan,nan,0.475,nan,,,,,,0.2187066106755783,nan,-0.2819497985301067,nan,nan,nan,0.675,nan,,,,,,-0.027727861381524888,nan,-0.0008293505415172968,nan,nan,nan,0.025,nan,,,,,,-0.05724826692038384,nan,-0.3035849192801219,nan,nan,nan,0.4,nan,0.2,nan,1.0,False,noise,0.31170241823890027,nan,0.47029702970297016,-0.2742680329223389,nan,0.05891472868217054,0.6,nan,100,0,0.0,nan,0.30481715006127397,0.95,0.7596554756164551,0.0,0.4166666666666667,0.0,-0.013816859590390126,nan,1.4999999999999998,-7.612652072862443,nan,
200,200,0.248938992336302,-0.013207654919117538,0.02021749966703441,0.009950248756218905,12.966323806592946,0.17149424041256064,0.2594335523884976,-0.011278480164025282,-0.011524468034792958,1.0,1.0,0.6,1.0,40,20,-0.0059474099770747664,-0.00106077639141042,0.00423764119120258,0.2885572139303483,-1.153149444237029,-0.009186946406349093,-0.0019274142756046408,0.007684576822017172,0.3781094527363184,-0.9446886013294047,-0.00200881178186171,-0.007796083374369752,-0.0003683034328074063,-0.002345064378768174,0.42857142857142855,nan,0.075,0.0,-0.0016065773487443917,-0.005387036942978923,-0.00023304310847256158,-0.0012977959223550624,0.42857142857142855,nan,0.1,0.0,0.3582089552238806,-0.9891351134912519,-0.3076837466121221,0.48756218905472637,-0.7274519221062864,0.1,-0.13956324726608568,0.00263365303459826,0.030526223853055194,0.009950248756218905,-4.658188349155871,-0.18804906572697425,0.003350510579852605,0.03276435321835293,0.009950248756218905,-5.841701651347503,-0.09823901515558053,-0.15636573500891243,0.008882063498869613,0.0033268245292641992,0.07142857142857142,0.42857142857142855,0.325,0.42857142857142855,-0.09391205171350472,-0.14143118677923072,0.008200299522921025,0.0027313724919866577,0.0,0.35714285714285715,0.225,0.35714285714285715,-0.44274662404782217,-0.28293689092216867,0.0665093598660602,0.01990049751243781,-2.4028156855679157,-0.3541777907636566,-0.4021805483233967,-0.27995386627036,-0.26691737960264406,0.2857142857142857,0.0,0.0,0.0,-0.13983885375968053,-0.0036965580999232493,0.023406488489310127,0.009950248756218905,-5.816434007865716,-0.09847924246400397,-0.1288312578738894,-0.00044327820782053386,-0.0010629511756619185,0.0,0.5714285714285714,0.375,0.5714285714285714,-0.372838313661339,-0.29628541148189663,0.04398478513413255,0.07960199004975124,-1.740440516970862,-0.33761948599960634,-0.37356119225395057,-0.3027693164012343,-0.28751304282179163,0.21428571428571427,0.0,0.0,0.0,0.2,nan,0.0,True,post,-0.28472748441568674,-0.25334893407170606,0.025,-0.04611198746930513,0.10779745965500719,0.19999999999999998,0.6,-0.021204923568944586,100,14,0.0,-2.3502310247617975,0.30637113034628716,0.0,0.7502429485321045,0.35,0.4166666666666667,0.48,-0.0021366084830285923,-0.0211234461187062,0.0,-0.00936811256680969,-0.02076461156771242,0.0188615613854499
200,200,,,,,,0.012216792763928168,nan,-0.007742728349785425,nan,nan,nan,0.05,nan,40,20,,,,,,,,,,,-0.06072764132199067,nan,0.0004371056624079114,nan,nan,nan,0.475,nan,-0.03373064461133498,nan,0.00024457641646978003,nan,nan,nan,0.5,nan,,,,,,0.1,,,,,,,,,,,-0.14434488466731982,nan,0.00818238094885956,nan,nan,nan,0.275,nan,-0.19705479415940447,nan,0.008674153612537722,nan,nan,nan,0.45,nan,,,,,,-0.40809179990194655,nan,-0.2780601359385487,nan,nan,nan,0.075,nan,,,,,,-0.03518598698940928,nan,-7.695842860308278e-06,nan,nan,nan,0.075,nan,,,,,,-0.37356594786804176,nan,-0.2998626490285002,nan,nan,nan,0.1,nan,0.2,nan,0.0,False,err,0.20311174257200681,nan,0.37999999999999995,-0.2482802634990838,nan,0.06129032258064514,0.6,nan,100,0,0.95,nan,0.30165327765884475,0.0,0.7582800388336182,0.0,0.4166666666666667,0.0,-0.44313242403529307,nan,-1.0,-2.761006531184645,nan,
200,200,0.2143436757818059,-0.011085378459436517,0.018784178330256716,0.009950248756218905,12.001006925393717,0.18334586022223606,0.23244719748482598,-0.00842610259396214,-0.009271000990508227,1.0,1.0,0.8,1.0,40,20,0.026042575979105857,-0.00022228595365974608,0.004179638901181023,0.009950248756218905,6.284002648903485,0.041418958506823915,-0.00038722006448343603,0.007638239211155592,0.009950248756218905,5.473274325419981,0.043247285095401856,0.0461581925750622,-0.00019743867053773068,-0.0005844777005190176,0.95,0.3,0.25,0.3,0.027572429487946793,0.03059912057183144,-0.0001053916748135197,-0.0003210680975431763,0.95,0.4,0.325,0.4,0.009950248756218905,7.967552074607298,8.507571728627692,0.009950248756218905,6.529093928864083,0.1,0.025367100266623387,0.005116595341568644,0.029549205060243337,0.44776119402985076,0.6853147109400671,0.041707462959036455,0.0047493186863387035,0.028987711508554236,0.21890547263681592,1.274959020497927,0.03287845599355117,0.03648768880315969,0.0074388003315816725,0.005658844168387008,0.6,0.05,0.05,0.05,0.0342965229815088,0.03522039633098546,0.006706831931476289,0.005028857169414291,0.65,0.05,0.075,0.05,0.057172458400426576,-0.2786370755648535,0.05667477363544139,0.009950248756218905,5.925202915135376,0.012183840425296699,0.03273765848509785,-0.2856931669030254,-0.26443864801446054,0.95,0.1,0.15,0.1,-0.11091018500704564,-0.0016256191502909871,0.020746201201711924,0.009950248756218905,-5.267690445538968,-0.10110914804982825,-0.12279443868667475,-0.0011917756368901744,-0.0006774612338584287,0.0,0.0,0.225,0.25,-0.12930929694670046,-0.29215555053625747,0.03770219843694154,0.009950248756218905,4.31927739857411,-0.15523075479478696,-0.13003687387723933,-0.30801466425775254,-0.28620794382947506,0.95,0.15,0.175,0.15,0.2,0.1,0.1,True,mix,0.18873504794960044,0.17466033081638743,0.35899280575539555,-0.015975065424441923,0.07564124333010638,0.21636363636363634,0.6,0.11632597938603616,100,20,0.0,2.3090621349804006,0.3122852831600464,0.75,0.7443456649780273,0.5,0.4166666666666667,0.43200000000000005,0.13282548025983815,0.12279201414568314,0.15,0.15038479436910038,0.13163901695923408,0.030633400896175205
200,200,0.18749152270042646,-0.010395154496026326,0.021015658220054922,0.009950248756218905,9.416154141591264,0.13614518088323974,0.1927247477748581,-0.008197946535501275,-0.00849573571213335,1.0,0.8125,0.45,0.8125,40,20,0.038582782750235835,-5.005929911248585e-05,0.005285558458125034,0.009950248756218905,7.309131541748865,0.061114696693062256,-9.640130841374516e-05,0.0098804215830393,0.009950248756218905,6.195190911727449,0.06508291564146247,0.06646949774616592,-0.0006806980677250247,-0.0001533183231449598,1.0,0.5625,0.575,0.5625,0.03882113170232853,0.04085402285267789,-0.0003327261955534078,-2.752846942179943e-05,1.0,0.625,0.7,0.625,0.009950248756218905,8.590958994829858,12.337399274631476,0.009950248756218905,7.526114045244385,0.1,0.11579418460416338,0.009178984718472318,0.03287639274576081,0.009950248756218905,3.242910519621879,0.07952534495850769,0.009138095551988868,0.03383122056248562,0.04975124378109453,2.0805412348169456,0.09524612889923603,0.06892521371963548,0.005635877214673041,0.00822608023525725,0.6875,0.125,0.05,0.125,0.1258204178447282,0.08647687200160915,0.006014252856429233,0.007263596441563269,0.6875,0.1875,0.225,0.1875,0.09889939146677676,-0.3208357112504713,0.06179054513350599,0.009950248756218905,6.79286939132138,0.136490937302906,0.07935698326780079,-0.2809907134409812,-0.3030221343038738,1.0,0.25,0.4,0.25,-0.13324106909526207,-0.0049654770559827595,0.022995541783280348,0.009950248756218905,-5.578280922564214,-0.09127352218627438,-0.13008158631532268,0.0005549932104851594,-0.0011248111883199522,0.0,0.0,0.25,0.4375,-0.12689634367313218,-0.33984287160569226,0.03866980985659469,0.009950248756218905,5.506790147579113,-0.08995267263345666,-0.12001459013766205,-0.3052218789371594,-0.3289918823342356,1.0,0.125,0.175,0.125,0.2,0.3,0.15322580645161293,False,mix,0.3473057512900704,0.3742247625570976,0.47035629453681693,-0.033254437903746714,0.07939362236729672,0.19891472868217053,0.6,0.17490469165035374,100,16,0.0,4.71353682322027,0.31027735579072546,0.95,0.7483081817626953,0.4,0.4166666666666667,0.33599999999999997,0.22884970019094525,0.1905985600713705,0.22983870967741937,0.28514510356133826,0.21198119766333143,0.042087296670224254
200,200,0.18734522009959584,-0.01283182283662283,0.027133970740273856,0.009950248756218905,7.3773589882931,0.09007849750381913,0.18668591067685542,-0.010670921268547066,-0.012132301073249932,1.0,0.8,0.25,0.8,40,20,0.050506356248602065,0.0002677842703395043,0.0061998324155082725,0.009950248756218905,8.103214506974815,0.07202890212489613,0.0004703045239942874,0.011401128952953733,0.009950248756218905,6.276448401724852,0.06743547424657428,0.0749078108699352,0.0006414362832588165,-0.0006410800772625403,1.0,0.6,0.575,0.6,0.03996420487585499,0.04691428230362442,0.00034048536209717046,-0.0003088187154176486,1.0,0.7,0.625,0.7,0.009950248756218905,8.04467435318859,13.292221857971871,0.009950248756218905,7.085401163179731,0.1,0.09559392833189581,0.007734065056528561,0.03907655117319765,0.029850746268656716,2.2484037264112846,0.09311066855975897,0.007348619035000388,0.04285180677207014,0.03980099502487562,2.001363675957183,0.11549816762695793,0.08236885763495534,0.010316527954559774,0.007598597779689062,0.8,0.0,0.1,0.0,0.14476937111016122,0.10388169446818149,0.009967461981361333,0.008571414268445442,0.9,0.1,0.25,0.1,0.047491780509700064,-0.32461137603796464,0.08080077690506829,0.009950248756218905,4.605192806255295,0.12602851252956043,0.07221666510631267,-0.2883975866086878,-0.3124687419758183,1.0,0.4,0.475,0.4,-0.1218287314606359,0.0009400768001515339,0.030347212437374586,0.009950248756218905,-4.04547233160513,-0.05950725345549736,-0.111581885653864,0.0012983798564647128,0.002606556112816518,0.0,0.0,0.175,0.4,-0.16964338717666605,-0.33797365139666125,0.049379489439672485,0.009950248756218905,3.408910584671747,-0.11484404172286333,-0.15210739180249574,-0.3113560016446596,-0.33363758308007063,1.0,0.3,0.225,0.3,0.2,0.5,0.20212765957446815,False,mix,0.3239754474557725,0.2855898551294952,0.4703370786516852,-0.113265580838533,0.061896525802766736,0.1589147286821705,0.6,0.20083152203365126,100,10,0.0,4.613988449683383,0.3133943155608805,0.95,0.7544753551483154,0.25,0.4166666666666667,0.24,0.37756592665195765,0.19170081319066007,0.3031914893617022,0.4436597632432822,0.25130060502975426,0.05078051158563959
200,200,,,,,,-0.0032321530163852835,nan,-0.006331742154318713,nan,nan,nan,0.075,nan,40,20,,,,,,,,,,,0.06459346789299616,nan,-0.0005772848946664761,nan,nan,nan,0.45,nan,0.034888089717516134,nan,-0.00029427532385504503,nan,nan,nan,0.45,nan,,,,,,0.1,,,,,,,,,,,0.12518277211889375,nan,0.0059032674094866506,nan,nan,nan,0.125,nan,0.17637836779584845,nan,0.005380557844076763,nan,nan,nan,0.35,nan,,,,,,0.1499637507976355,nan,-0.3146051204798982,nan,nan,nan,0.575,nan,,,,,,-0.0072683508350939495,nan,9.394430011737231e-05,nan,nan,nan,0.025,nan,,,,,,-0.12949439691703044,nan,-0.3386917535103542,nan,nan,nan,0.35,nan,0.1,nan,1.0,False,noise,0.44769031439200646,nan,0.5652892561983469,-0.2475227822623826,nan,0.03646055437100214,0.7,nan,100,0,0.0,nan,0.3423982642405492,0.95,0.7521815299987793,0.0,0.42857142857142855,0.0,-0.19932869322497054,nan,2.333333333333333,-10.794071178144172,nan,
200,200,,,,,,0.08432698823793322,0.20088206077732065,-0.008529613702036837,-0.009095406115095328,1.0,1.0,0.325,1.0,40,20,,,,,,,,,,,0.007016248684038046,-0.005231705785594907,0.0012991036152163221,0.0015730441952374315,0.3333333333333333,nan,0.05,0.0,0.004007375993340943,-0.0033674249187782405,0.0007178419201566648,0.000903090197707163,0.3333333333333333,nan,0.05,0.0,,,,,,0.1,,,,,,,,,,,-0.04931747291981282,-0.20220755601755847,0.009885879897339874,0.013528360212371223,0.0,0.6666666666666666,0.125,0.6666666666666666,-0.03460400298416483,-0.15386054153009165,0.010244409878754059,0.01363164738945081,0.0,0.3333333333333333,0.075,0.3333333333333333,,,,,,-0.30033084947644506,-0.5139922238175426,-0.26031919662328185,-0.3191167672026151,0.0,0.0,0.025,0.0,,,,,,-0.05241679128934762,-0.13787361960384442,-0.000640198981772981,0.0042591979609150335,0.0,0.3333333333333333,0.125,0.3333333333333333,,,,,,-0.3066255712842626,-0.4576928534254446,-0.28261146161316025,-0.34378274788760865,0.0,0.0,0.05,0.0,0.1,nan,0.0,True,post,-0.300085855467839,-0.18269979733595013,0.011111111111111112,-0.17325970078083325,0.04836960391902523,0.1,0.7,-0.01704898932750457,100,3,0.0,-3.7771613272212217,0.2856915276290223,0.0,0.7467825412750244,0.075,0.42857142857142855,0.23333333333333336,0.020137297920104713,-0.053678159816420615,0.0,0.04752186787501425,-0.016763193815056775,
200,200,,,,,,0.005968892304914178,nan,-0.01005309304994343,nan,nan,nan,0.025,nan,40,20,,,,,,,,,,,-0.05068207865613085,nan,-0.00016722775242796237,nan,nan,nan,0.4,nan,-0.02851132509764246,nan,-7.174335607834562e-05,nan,nan,nan,0.425,nan,,,,,,0.1,,,,,,,,,,,-0.1244832725225796,nan,0.007583616004296072,nan,nan,nan,0.225,nan,-0.15378379018969449,nan,0.007737863719015046,nan,nan,nan,0.35,nan,,,,,,-0.42306397867896034,nan,-0.2860435826477609,nan,nan,nan,0.025,nan,,,,,,-0.02396578829084402,nan,0.0008548343335297321,nan,nan,nan,0.1,nan,,,,,,-0.3894121709437094,nan,-0.30841566139489224,nan,nan,nan,0.05,nan,0.1,nan,0.0,False,err,0.08457600989455472,nan,0.285,-0.2753223281586557,nan,0.03986013986013987,0.7,nan,100,0,0.95,nan,0.31109923504048514,0.0,0.753211498260498,0.0,0.42857142857142855,0.0,-0.1189117685575165,nan,-1.0,-4.776652625172871,nan,
200,200,0.2112565557043582,-0.012928443688710165,0.03256657606685603,0.009950248756218905,6.883898354127077,0.10032602310784564,0.21433245889156138,-0.009444834995088703,-0.010383912590238556,1.0,0.8333333333333334,0.35,0.8333333333333334,40,20,0.021437318816869926,-0.0009236120280326435,0.008229108746841612,0.01990049751243781,2.717296797270731,0.03531295983119672,-0.0016320779135736096,0.015212012228826215,0.029850746268656716,2.428675259169996,0.03797985819280321,0.036177061555861416,4.0588793745456764e-05,-0.0013082456379346625,0.8333333333333334,0.16666666666666666,0.275,0.16666666666666666,0.02240770538068219,0.021591855135981095,6.6847323410405416e-06,-0.000712554143567859,0.8333333333333334,0.16666666666666666,0.35,0.3333333333333333,0.009950248756218905,2.883004605039532,6.944308533744239,0.01990049751243781,2.5959632481707775,0.1,-0.038467658669708284,0.004520556545580693,0.04614963896760497,0.31840796019900497,-0.9314962408380558,-0.029060774254861088,0.006371072358550287,0.04943573098695874,0.43781094527363185,-0.7167254515168725,0.04535895522165673,-0.020807529685390225,0.007543261224705198,0.005884346936925077,0.3333333333333333,0.0,0.025,0.0,0.06020381022712917,-0.04798597029937963,0.007533791505680374,0.007060448897738609,0.3333333333333333,0.0,0.1,0.16666666666666666,-0.10659727805428464,-0.3475333383623223,0.09687106779328548,0.009950248756218905,2.4871828688797697,0.008995073763697833,-0.12649161313582916,-0.28580366712242083,-0.3298866458535141,0.8333333333333334,0.16666666666666666,0.175,0.16666666666666666,-0.13650042003173793,-0.0034670191988379674,0.033802502473240015,0.009950248756218905,-3.9356080495602708,-0.06488701008073834,-0.13917925531861136,-9.098319352881523e-06,-0.0021211289968867714,0.0,0.0,0.175,0.5,-0.23551161409099383,-0.3661497598166582,0.058689812492315335,0.01990049751243781,2.225908384705503,-0.16222179484513766,-0.24773716137525403,-0.30660383518754347,-0.3544769378259722,0.8333333333333334,0.0,0.15,0.0,0.1,0.1,0.10000000000000003,True,mix,0.3083107315133834,0.36333879399068736,0.45062586926286485,-0.11871309249157291,0.08873426610529363,0.11195121951219512,0.7,0.09152026244086227,100,6,0.0,4.094684161353667,0.30720184870591166,0.7777777777777777,0.7533860206604004,0.15,0.42857142857142855,0.21000000000000005,0.20126681389405493,0.10305918973018185,0.23333333333333336,0.2233488848311568,0.100740015057193,0.06009053536738332
200,200,0.1874097275915453,-0.012317414697015043,0.02843210651704739,0.009950248756218905,7.024704348296627,0.06964426617753519,0.1777542504909952,-0.008413515915502181,-0.008489805648465442,1.0,0.7777777777777778,0.275,0.7777777777777778,40,20,0.03674206574505431,-0.00020175663505674838,0.005262850149160825,0.009950248756218905,7.019736706541437,0.057114892305514454,-0.00044751566732099095,0.00965833930774518,0.009950248756218905,5.9598659907004246,0.04937188092725422,0.0634303851887398,-0.0009577441436098555,-0.0001506054416919333,1.0,0.4444444444444444,0.325,0.4444444444444444,0.028630412124836923,0.0373512480959392,-0.0005361437540942321,-0.00011655751616501259,1.0,0.6666666666666666,0.35,0.6666666666666666,0.009950248756218905,6.833664716947893,9.84249369513087,0.009950248756218905,6.321530479490361,0.1,0.0332153499986068,0.005437677146754054,0.04327999519502045,0.527363184079602,0.6418132147668739,0.023473913059341607,0.008152438207922642,0.04425782150118519,0.7263681592039801,0.34618682825729413,0.08360498484882373,0.07566425151110069,0.003938241972620858,0.006651231570059277,0.7777777777777778,0.2222222222222222,0.15,0.2222222222222222,0.11054336230766246,0.08428912166901086,0.004105025820859376,0.006264226171778206,0.7777777777777778,0.1111111111111111,0.225,0.1111111111111111,0.09698399237826338,-0.29375509810617684,0.09343724869250558,0.009950248756218905,4.18183428930093,0.10352787918834191,0.09061114005922873,-0.2930575408740317,-0.27932798564100214,1.0,0.3333333333333333,0.45,0.3333333333333333,-0.12482057774738994,-0.0008406722935701256,0.029788316624250064,0.009950248756218905,-4.162031276004642,-0.04456375199547199,-0.12129373919526608,0.0006331181926290057,0.0012082761247786274,0.0,0.0,0.075,0.2222222222222222,-0.10313176714355193,-0.31108370844610067,0.05983259498352901,0.009950248756218905,3.475562799111741,-0.11961198630829992,-0.09785903092960857,-0.31411533144476994,-0.30078149247798125,1.0,0.2222222222222222,0.2,0.2222222222222222,0.1,0.3,0.14856646394439627,False,mix,0.4709560243249241,0.44336008693475387,0.5653147482014387,-0.1435192676399201,0.06641744982597036,0.10646055437100212,0.7,0.17364153097575874,100,9,0.0,6.675355469029051,0.3146898528855041,0.95,0.7517776489257812,0.225,0.42857142857142855,0.16333333333333333,0.1702998895487592,0.1427752836688862,0.3466550825369245,0.4110950361922558,0.21012857916346347,0.07091659576441187
200,200,0.1696555722440663,-0.013876274195490632,0.035270576597144034,0.009950248756218905,5.203539724644438,0.06105957898308463,0.2145956385245173,-0.009312278221520842,-0.011672018350742224,1.0,0.8,0.225,0.8,40,20,0.03484467642916899,-0.0008708812538872835,0.008853690482583736,0.009950248756218905,4.033974052885523,0.06260609900668151,-0.001554831663836267,0.016562113240823618,0.009950248756218905,3.8739579746680426,0.051088815329959195,0.05803586131695625,0.0007298894072400757,-0.0010104728257088202,1.0,0.2,0.275,0.2,0.028834712476883056,0.0350907029160167,0.0003581901216718989,-0.000521742650454637,1.0,0.4,0.3,0.4,0.009950248756218905,4.226644169890016,9.919371864010927,0.009950248756218905,3.7509067332537582,0.1,0.029920539466312256,0.002703072091002884,0.05530784533446753,0.6169154228855721,0.49210861877230816,0.04615757072764087,0.0035458374056308224,0.06149116635622674,0.48756218905472637,0.6929732487827841,0.08395899736608553,0.05572299663002818,0.008816091370098375,0.0037856502216601297,0.8,0.0,0.075,0.0,0.11160465834563063,0.043444385078279815,0.009694899008845799,0.005493695111901717,0.8,0.0,0.225,0.0,0.031179917388785477,-0.3246308859182483,0.11671550608487416,0.009950248756218905,3.0485306986138045,0.1065772228881946,0.07494822568205269,-0.29818471368360666,-0.3113798771451516,1.0,0.2,0.325,0.2,-0.15639427828964975,-0.004927497893942002,0.03931951508846398,0.009950248756218905,-3.8522036716646753,-0.053782637695833115,-0.16164358951876517,0.00041132347134178234,-0.0006094793529034681,0.0,0.0,0.2,0.8,-0.17255909955092702,-0.3417993631796436,0.07806857262580263,0.07960199004975124,2.1678411418862384,-0.1354490698304598,-0.1459130397664735,-0.32381957753048723,-0.3350564544497278,1.0,0.0,0.05,0.0,0.1,0.5,0.19632606199770386,False,mix,0.47404202865180434,0.50708986217756,0.5653070175438595,-0.15050086550042485,0.1436182237754425,0.08646055437100214,0.7,0.14053913687695252,100,5,0.0,3.53081836585329,0.3290017293268061,0.95,0.746145486831665,0.125,0.42857142857142855,0.11666666666666668,0.23021486638403696,0.23843909767943974,0.4580941446613089,0.4722389665489039,0.16352011232515162,0.08945769489606109
200,200,,,,,,0.004418656750191707,nan,-0.00947908152077899,nan,nan,nan,0.075,nan,40,20,,,,,,,,,,,0.04662513618651946,nan,-0.00039316159934399387,nan,nan,nan,0.375,nan,0.025426706564829305,nan,-0.00022311901402412594,nan,nan,nan,0.3,nan,,,,,,0.1,,,,,,,,,,,0.10651476194773564,nan,0.005672382970460571,nan,nan,nan,0.1,nan,0.13665376039990224,nan,0.00670260567382061,nan,nan,nan,0.25,nan,,,,,,0.14024134184194076,nan,-0.2938548262723965,nan,nan,nan,0.575,nan,,,,,,-0.02104348251394072,nan,0.0015142862248484908,nan,nan,nan,0.0,nan,,,,,,-0.10705071514036132,nan,-0.31548004907812627,nan,nan,nan,0.25,nan,0.2,nan,1.0,False,noise,0.4573340940110306,nan,0.5652892561983469,-0.2606227404789636,nan,0.03646055437100214,0.7,nan,100,0,0.0,nan,0.3176991473088059,0.95,0.7752032279968262,0.0,0.42857142857142855,0.0,0.028471458958131197,nan,2.333333333333333,5.7543973207980335,nan,
200,200,0.22246866502652143,-0.008888353744714956,0.02293275575702042,0.009950248756218905,10.088496176056923,0.17555148325185022,0.2380292532969115,-0.007846189832504532,-0.006986084204119652,1.0,1.0,0.7,1.0,40,20,-0.0012528204152803958,-0.000588449754361285,0.006128340146996369,0.9054726368159204,-0.10840956031729462,-0.001772723153853049,-0.001069398835079318,0.011334365051174747,0.9154228855721394,-0.06205237924984449,-0.004503766296423106,-0.002174802040472142,-0.00018614961400987206,-0.0008712264484204798,0.4666666666666667,nan,0.05,0.0,-0.002727756812973078,-0.0012014316522528238,-0.00013747638523342327,-0.0005560501353243809,0.4666666666666667,nan,0.1,0.0,0.9054726368159204,-0.12120719055450793,-0.7877793070555367,0.8059701492537313,-0.13253493199365957,0.1,-0.1290401424720474,0.0061632447732848416,0.038079931452411946,0.009950248756218905,-3.55051551000673,-0.20356204437332434,0.0059409633417887965,0.03538162048311061,0.009950248756218905,-5.921238339244467,-0.11971142754983073,-0.14090091924262943,0.0063320160051073765,0.0037238032538021836,0.13333333333333333,0.4,0.275,0.4,-0.10992530710295637,-0.1383821196512755,0.006263633921120503,0.004283430510313418,0.06666666666666667,0.26666666666666666,0.2,0.26666666666666666,-0.4453934094653743,-0.33603355786727135,0.06892899633254745,0.13930348258706468,-1.5865580149885046,-0.39080802084454735,-0.3984258740148986,-0.3010981189631399,-0.3168101646147287,0.26666666666666666,0.0,0.075,0.0,-0.14217779458009877,-0.0059237024896346266,0.02489558334813978,0.009950248756218905,-5.473022671516238,-0.10248218092602226,-0.1326817198507622,-0.0006385749421790423,-0.001460097752400514,0.0,0.5333333333333333,0.325,0.5333333333333333,-0.37751745749299714,-0.3499124115132207,0.043948647166519854,0.5373134328358209,-0.6281204942339583,-0.35983109725925805,-0.3765596523845567,-0.32265613994763803,-0.340754754646234,0.26666666666666666,0.0,0.05,0.0,0.2,nan,0.0,True,post,-0.2544854756553329,-0.1758821393493741,0.025,-0.04541073415282422,0.080442037908756,0.19999999999999998,0.7,-0.00507301736725627,100,15,0.0,-2.186445593893011,0.3226778121658772,0.0,0.7599623203277588,0.375,0.42857142857142855,0.46666666666666673,-0.014400172667317909,-0.003964926921479581,0.0,-0.015538215698580998,-0.005047411759739418,0.026636896546533895
200,200,,,,,,0.012777977434710753,nan,-0.007554243015972207,nan,nan,nan,0.025,nan,40,20,,,,,,,,,,,-0.04937115413150205,nan,0.00033992339458854826,nan,nan,nan,0.4,nan,-0.027765307293933218,nan,0.000211897823748304,nan,nan,nan,0.4,nan,,,,,,0.1,,,,,,,,,,,-0.11962808439953318,nan,0.008433869529721357,nan,nan,nan,0.1,nan,-0.14965138059984698,nan,0.00801856529569741,nan,nan,nan,0.45,nan,,,,,,-0.40057661196758315,nan,-0.29818684074280805,nan,nan,nan,0.1,nan,,,,,,-0.01979338918578326,nan,-0.0011071829324501127,nan,nan,nan,0.025,nan,,,,,,-0.3767280431134327,nan,-0.32430113058807375,nan,nan,nan,0.075,nan,0.2,nan,0.0,False,err,0.08073653137384577,nan,0.285,-0.25182175136330764,nan,0.03986013986013987,0.7,nan,100,0,0.95,nan,0.33060671871533726,0.0,0.7520020008087158,0.0,0.42857142857142855,0.0,-0.2147229145594502,nan,-1.0,-2.1729031402505155,nan,
200,200,0.23227258929699363,-0.011835477140396003,0.021009807351782532,0.009950248756218905,11.61876748027678,0.15539710479516225,0.23333035779864758,-0.009043424710722513,-0.01022373005394472,1.0,1.0,0.525,1.0,40,20,0.02204818385069588,-0.00022280163168608743,0.004893608537473836,0.009950248756218905,4.551035357096135,0.03336784896595342,-0.0004203534558278371,0.00900543940567758,0.009950248756218905,3.7519770991659915,0.04534154352495109,0.04011311300173826,-0.0004439503461323833,0.0002267161176547827,0.8888888888888888,0.2222222222222222,0.25,0.2222222222222222,0.02789450547889848,0.026242414170806014,-0.00021699401910461736,0.00016935101323185505,0.8888888888888888,0.3333333333333333,0.35,0.3333333333333333,0.009950248756218905,6.128666010453369,8.710006436961493,0.009950248756218905,5.089591666349363,0.1,0.0001833984894375187,0.005595646995531533,0.0309896954766112,0.8955223880597015,-0.17464671474439447,0.00476998841145685,0.0068751446551151086,0.031388025612163514,0.9850746268656716,-0.06706876914154798,0.042668072715854176,0.008652286825185826,0.006393239720931266,0.00905520118758787,0.4444444444444444,0.0,0.025,0.0,0.0561053858924197,0.011666620744557092,0.005998016198309744,0.00850404220218287,0.4444444444444444,0.1111111111111111,0.15,0.1111111111111111,-0.03953463705025957,-0.3029652506557462,0.05944429000818172,0.009950248756218905,4.43155454568971,0.03405881886374283,-0.01627706466274437,-0.28722138609554143,-0.2868224216598505,1.0,0.1111111111111111,0.2,0.1111111111111111,-0.13893132156865784,-0.006811544935780247,0.021342585084334474,0.009950248756218905,-6.190429889566823,-0.08602047471996545,-0.1370469826713553,-0.0009868554734240316,-0.00166708505247582,0.0,0.0,0.25,0.4444444444444444,-0.16062685647591038,-0.31820864029629514,0.037916549494732804,0.009950248756218905,4.156015932782051,-0.15065060650027204,-0.16375904206296288,-0.3092441352862387,-0.3091924840098575,1.0,0.05555555555555555,0.1,0.05555555555555555,0.2,0.1,0.06354515050167227,False,mix,0.4702354306615456,0.49303854406579845,0.5653653444676408,-0.024815294136734577,0.10874518414320827,0.21646055437100215,0.7,0.1010984856835994,100,18,0.0,4.533888539068618,0.31336392499158194,0.95,0.7526061534881592,0.45,0.42857142857142855,0.4200000000000001,0.13467169367193463,0.08440517562418665,0.14827201783723526,0.17950466654876107,0.11246892353995319,0.025109816832197755
200,200,0.22191306198629668,-0.011311354072133422,0.022752915238282104,0.009950248756218905,10.250309184810586,0.13886165479553206,0.23358448437686433,-0.00834120038771896,-0.00998975862634008,1.0,1.0,0.475,1.0,40,20,0.018749780504701656,-9.653314445556369e-05,0.004597119211126352,0.009950248756218905,4.099592109650784,0.030155036451884623,-0.0002070296637750739,0.008353072280211302,0.009950248756218905,3.634838188094406,0.03448877446249803,0.03676793279051129,0.00028852667442867013,0.0004739906387397097,0.8571428571428571,0.21428571428571427,0.225,0.21428571428571427,0.02174052661838844,0.024125952155962138,0.00010647421412185242,0.0001889999331854978,0.8571428571428571,0.35714285714285715,0.325,0.35714285714285715,0.009950248756218905,5.39527771981231,7.177575135641394,0.009950248756218905,4.345114482277589,0.1,-0.004208100116964613,0.005302107982900577,0.03303156381697948,0.7562189054726368,-0.2879127416513253,0.01985034281675422,0.0050340635332264275,0.032143034417372145,0.5970149253731343,0.46094836880301454,0.042289794823049835,0.014303226729830195,0.007160437840070122,0.006165135228485296,0.5714285714285714,0.0,0.0,0.0,0.043804555319107555,0.009609966365687209,0.006577626977021856,0.006059538698976474,0.5,0.0,0.075,0.07142857142857142,0.031202526722228945,-0.2833029104307127,0.06916403743370221,0.009950248756218905,4.547239415424039,0.02167593432782195,0.017106370536199907,-0.26499024890990985,-0.2698732678063666,1.0,0.14285714285714285,0.175,0.14285714285714285,-0.1387538147070771,-0.004716872131105303,0.02414133904848029,0.009950248756218905,-5.552175142449578,-0.09262940217845997,-0.14374878227266397,-0.0012558499836226947,-0.0019023042559968644,0.0,0.0,0.325,0.5714285714285714,-0.1184952813299712,-0.2941376208246391,0.045707068220626944,0.009950248756218905,3.842782885198493,-0.15311962950216967,-0.13936640297070155,-0.28637838385422665,-0.2906754527600374,0.9285714285714286,0.0,0.05,0.0,0.2,0.3,0.08024401689347732,False,mix,0.4782723517270219,0.4690517486040021,0.5653451676528598,-0.06199010383004368,0.08739005057502539,0.17646055437100205,0.7,0.0936165119292289,100,14,0.0,5.36733581818122,0.2879021285920821,0.95,0.7479288578033447,0.35,0.42857142857142855,0.32666666666666666,0.1260769305207094,0.08438363407760327,0.1872360394181137,0.15656249128242386,0.10328576497845388,0.02699533514059389
200,200,0.19649890451198304,-0.014850694836319268,0.031733114144288185,0.009950248756218905,6.660222453448807,0.09954634781843899,0.21757852351683063,-0.009426113712880472,-0.01301374123653728,1.0,0.8571428571428571,0.3,0.8571428571428571,40,20,0.027350113821257762,-0.0005937844353862439,0.006707826925187059,0.009950248756218905,4.165864528727219,0.035457259846638764,-0.0011684931475134824,0.0124910336264139,0.009950248756218905,2.932163509172708,0.05065835760062696,0.04389666571872324,-0.0009730197140353545,-0.0022441821871719753,1.0,0.14285714285714285,0.3,0.14285714285714285,0.030354252699701136,0.027261118581003135,-0.0005198299962018444,-0.0011389803679400872,1.0,0.2857142857142857,0.425,0.2857142857142857,0.009950248756218905,4.4662837188071896,9.955008890258021,0.009950248756218905,3.853410729288339,0.1,0.004177819808000953,0.0031268845346548585,0.04678403842234899,0.945273631840796,0.022463543310138726,0.01644752560663603,0.00033691161984639466,0.04788093465209769,0.736318407960199,0.33647242067250144,0.0781676862117662,0.03379942191835726,0.004048479708083973,0.0029902431258620713,0.7142857142857143,0.0,0.075,0.0,0.10001504170955186,0.0285172147051224,0.004221127451175627,0.0038428585078932238,0.5714285714285714,0.0,0.1,0.0,0.08307536535826315,-0.28593951148605856,0.10074931583844396,0.009950248756218905,3.662703550586794,0.0774722907206204,0.04461877587928281,-0.28912213027065026,-0.27488455614408885,1.0,0.14285714285714285,0.3,0.14285714285714285,-0.15000501554066906,-0.002379509060762032,0.03333616180028187,0.009950248756218905,-4.4283894276704165,-0.05243673983166357,-0.13417884418239925,-0.0005803091208762611,-0.00017779444968002116,0.14285714285714285,0.0,0.2,0.7142857142857143,-0.12143945731642863,-0.2929418504431534,0.06752979362837558,0.009950248756218905,2.53965522341121,-0.14415248013071108,-0.14160199884238264,-0.310375591878424,-0.2967462245732913,1.0,0.0,0.1,0.0,0.2,0.5,0.10884786760025465,False,mix,0.4349243994447317,0.4508778520795597,0.5653271028037381,-0.12565811093932056,0.07544348557148838,0.13646055437100216,0.7,0.11134274804286004,100,7,0.0,5.976365602200591,0.3133512277511076,0.95,0.7499580383300781,0.175,0.42857142857142855,0.23333333333333336,0.2355387449367836,0.07739313686963316,0.25397835773392746,0.30492582967547716,0.1252932419081076,0.04091439720388287
200,200,,,,,,0.0019752062016249227,nan,-0.008826830865923136,nan,nan,nan,0.075,nan,40,20,,,,,,,,,,,0.023192671023041737,nan,-0.0002870279136986247,nan,nan,nan,0.125,nan,0.01302779692283602,nan,-0.0001359134917033436,nan,nan,nan,0.15,nan,,,,,,0.1,,,,,,,,,,,0.05880129818168493,nan,0.006535767365046863,nan,nan,nan,0.0,nan,0.0690079022118163,nan,0.006424298058053773,nan,nan,nan,0.1,nan,,,,,,0.04925551904716084,nan,-0.2968456543795862,nan,nan,nan,0.275,nan,,,,,,-0.03488757104155317,nan,0.0009895286767404585,nan,nan,nan,0.075,nan,,,,,,-0.17237363472458064,nan,-0.31969493626930257,nan,nan,nan,0.075,nan,0.1,nan,1.0,False,noise,0.5836718407839642,nan,0.6602836879432623,-0.27116242231148224,nan,0.01979166666666666,0.8,nan,100,0,0.0,nan,0.3225494392378481,0.95,0.7537925243377686,0.0,0.4375,0.0,0.06295742127406398,nan,4.000000000000001,6.595664246152416,nan,
200,200,,,,,,0.06586751948200573,nan,-0.010340836678455008,nan,nan,nan,0.2,nan,40,20,,,,,,,,,,,0.0037169969998899566,nan,0.0006829146901459218,nan,nan,nan,0.075,nan,0.0020699008321388803,nan,0.0004139927000730179,nan,nan,nan,0.15,nan,,,,,,0.1,,,,,,,,,,,-0.032449136390582806,nan,0.010962291096750157,nan,nan,nan,0.125,nan,-0.03146157336252671,nan,0.01072200982516697,nan,nan,nan,0.1,nan,,,,,,-0.313762458224466,nan,-0.2883765290518157,nan,nan,nan,0.1,nan,,,,,,-0.04185457302854682,nan,0.0013369802254318485,nan,nan,nan,0.05,nan,,,,,,-0.3224778043438723,nan,-0.312308369869773,nan,nan,nan,0.075,nan,0.1,nan,0.0,True,post,-0.2703436759655023,nan,0.011111111111111117,-0.19446499636653186,nan,0.10000000000000003,0.8,nan,100,0,0.0,nan,0.3155443579505892,0.0,0.7481331825256348,0.0,0.4375,0.2285714285714286,0.0335396645661458,nan,0.0,0.03142521304000759,nan,
200,200,,,,,,-0.010537426652601767,nan,-0.007733348620519613,nan,nan,nan,0.025,nan,40,20,,,,,,,,,,,-0.015742315472963488,nan,-0.0009505702461603631,nan,nan,nan,0.05,nan,-0.008913279920668437,nan,-0.0005264585029699344,nan,nan,nan,0.075,nan,,,,,,0.1,,,,,,,,,,,-0.038812218539761,nan,0.0031822935483103434,nan,nan,nan,0.05,nan,-0.0477083873298534,nan,0.0025630069336617786,nan,nan,nan,0.15,nan,,,,,,-0.34514737227162817,nan,-0.2751524313688871,nan,nan,nan,0.025,nan,,,,,,0.018338465782828405,nan,-0.0007736363238396994,nan,nan,nan,0.025,nan,,,,,,-0.3385175358003251,nan,-0.29554481427302953,nan,nan,nan,0.0,nan,0.1,nan,0.0,False,err,-0.14808432274876604,nan,0.18999999999999995,-0.329068069496565,nan,0.023456790123456788,0.8,nan,100,0,0.95,nan,0.29798339030027937,0.0,0.7564756870269775,0.0,0.4375,0.0,-0.038632594066615386,nan,-1.0,0.8458687509314888,nan,
200,200,0.20199975212282428,-0.008143851028022939,0.03557600406926356,0.009950248756218905,5.906891699691961,0.0770234412915181,0.1958197255217383,-0.009940541315757386,-0.006666135030597441,1.0,0.8,0.275,0.8,40,20,0.015087728237932465,-0.0010591550112140475,0.010695189069682686,0.15920398009950248,1.509733314898363,0.025098388199904714,-0.0020567812077857367,0.01957684349199918,0.208955223880597,1.3871066302083548,0.02660109031223567,0.017769618076295162,4.585095454689577e-05,-0.001468587783416618,0.8,0.0,0.05,0.0,0.015536711820979899,0.011112673157910185,1.128343503516083e-05,-0.000848971368558485,0.8,0.0,0.075,0.0,0.208955223880597,1.4248897100189606,4.3352697246962935,0.2885572139303483,1.2186763639754314,0.1,-0.060304335161457986,0.0006362798606423346,0.061942121622610646,0.3482587064676617,-0.9838315741330923,0.0008955404170979948,0.0030134603570451906,0.06143121357004898,0.9552238805970149,-0.03447628358338862,0.025756450263200593,-0.031043817315314998,0.008412618172287573,0.003979127186644534,0.4,0.0,0.0,0.0,0.033518155569734795,-0.06709769092675381,0.007877350058679072,0.002300643797747954,0.2,0.0,0.05,0.0,-0.0653699406687354,-0.3024482825903907,0.11009405725017535,0.06965174129353234,2.15341634090903,0.013807511921620469,-0.06923875587368668,-0.2965107624874475,-0.29149249652734627,0.8,0.0,0.2,0.0,-0.15206544179607273,-0.00856718687027129,0.039898395623239394,0.009950248756218905,-3.5965921105514886,-0.05688374059208181,-0.15397334727523107,0.00013420707089472288,-0.004068908824156652,0.0,0.0,0.075,0.4,-0.2678082296137725,-0.3189435457715967,0.074199195900733,0.4577114427860697,0.6891626726729786,-0.18413904869854752,-0.24344738786607004,-0.32078651699173727,-0.32015396287668263,0.8,0.0,0.1,0.0,0.1,0.1,0.050131926121371996,False,mix,0.6098682472144855,0.6325003437491384,0.6603159557661926,-0.1581096810731891,0.04101576498699908,0.10979166666666669,0.8,0.05370194918154739,100,5,0.0,15.420908130072045,0.3256967974961106,0.95,0.7571523189544678,0.125,0.4375,0.20571428571428574,0.13109336811030983,0.0771538243289847,0.20052770448548804,0.20171406990472673,0.056749508397592706,0.04502047503982365
200,200,0.25745069167594226,-0.02238075061947857,0.035801373105849695,0.009950248756218905,7.816220943824138,0.06446068753094039,0.28074116468235644,-0.010183720562131803,-0.01714686799305527,1.0,1.0,0.175,1.0,40,20,0.012369314498203556,-3.317776617633276e-05,0.006505180808721564,0.07960199004975124,1.906556116909953,0.01924045034756811,2.754908238548473e-05,0.011902729977712941,0.10945273631840796,1.6141592138562604,0.03290674166840207,0.009841916385671496,-4.9639941832166075e-06,4.6132364818861906e-05,0.6,0.0,0.15,0.0,0.01854535768160589,0.006791966709602896,1.392510245117578e-05,7.810685561866227e-05,0.6,0.0,0.2,0.0,0.3383084577114428,1.0627021448126532,6.431341726877203,0.39800995024875624,0.8540122059004739,0.1,-0.050581789213013845,0.007736049243242297,0.057362889643816355,0.3283582089552239,-1.0166475018492394,-0.032153708125248814,0.009209522157646952,0.05820636301972957,0.4577114427860697,-0.7106307306671041,0.050446339213312985,-0.02695877482492485,0.007535764495662166,0.010725728732881879,0.2,0.0,0.0,0.0,0.06988287229311965,-0.06462266657282845,0.007825664919138173,0.009539946166284405,0.2,0.0,0.125,0.2,-0.10385834547553471,-0.2393977792296678,0.1325188953711265,0.3383084577114428,1.0227932656209109,0.04423697331889498,-0.07815766358570339,-0.28407212758100236,-0.22729060224995562,1.0,0.0,0.3,0.0,-0.13117296343600446,-0.0010693915767802412,0.03452587552831574,0.009950248756218905,-3.7682917482788802,-0.025997656737527113,-0.1090497295560922,7.49999383185419e-05,-0.00010444684718502889,0.0,0.0,0.075,0.4,-0.1369045100715117,-0.24807708158903435,0.081848740691738,0.21890547263681592,1.3582685643859442,-0.1578803002104673,-0.17063067843029456,-0.30679246247913444,-0.24195604716407632,0.8,0.0,0.225,0.0,0.1,0.3,0.06354515050167223,False,mix,0.6079132243644833,0.6311581061906175,0.6603081664098612,-0.17425149922791414,0.14138170823322388,0.08979166666666664,0.8,0.023621509899477373,100,5,0.0,4.464213327720276,0.3106162499315455,0.95,0.746504545211792,0.125,0.4375,0.15999999999999998,0.12017532882503569,0.04804537295154379,0.25418060200668896,0.2877002773621416,0.024192984727721144,0.018466762184652045
200,200,,,,,,0.03637105932859587,nan,-0.008832890344090705,nan,nan,nan,0.1,nan,40,20,,,,,,,,,,,0.02636984064024452,nan,-0.0004673602648837303,nan,nan,nan,0.125,nan,0.015819628050719115,nan,-0.00027564088707963236,nan,nan,nan,0.2,nan,,,,,,0.1,,,,,,,,,,,0.03823112562743302,nan,0.00575315076046159,nan,nan,nan,0.0,nan,0.0668041763522752,nan,0.005530826074184682,nan,nan,nan,0.1,nan,,,,,,0.04573269475617299,nan,-0.27165466006562244,nan,nan,nan,0.25,nan,,,,,,-0.022716514180030383,nan,-0.0009430239482574808,nan,nan,nan,0.0,nan,,,,,,-0.1426522971903022,nan,-0.29362554915941996,nan,nan,nan,0.05,nan,0.1,0.5,0.08675799086757986,False,mix,0.620742758001992,nan,0.6603007518796992,-0.23589767921793192,nan,0.06979166666666667,0.8,nan,100,0,0.0,nan,0.2961671345838558,0.95,0.7447974681854248,0.0,0.4375,0.1142857142857143,0.2862423200281123,nan,0.3470319634703195,0.43495098418212175,nan,
200,200,,,,,,-0.013738096113537912,nan,-0.009331673746588538,nan,nan,nan,0.025,nan,40,20,,,,,,,,,,,0.03347581496737248,nan,-0.0007077392116506542,nan,nan,nan,0.225,nan,0.017879693303690592,nan,-0.0003691874487669972,nan,nan,nan,0.225,nan,,,,,,0.1,,,,,,,,,,,0.07139643331341597,nan,0.004662703618713062,nan,nan,nan,0.0,nan,0.10959105026588908,nan,0.005075157501863039,nan,nan,nan,0.15,nan,,,,,,0.10324261136265149,nan,-0.2688503794710833,nan,nan,nan,0.4,nan,,,,,,-0.010033966757931985,nan,0.0002665107284219933,nan,nan,nan,0.0,nan,,,,,,-0.1112025846133073,nan,-0.2905891856826146,nan,nan,nan,0.225,nan,0.2,nan,1.0,False,noise,0.6096341100015946,nan,0.6602836879432623,-0.2817279647735367,nan,0.01979166666666666,0.8,nan,100,0,0.0,nan,0.2944999418874281,0.95,0.752730131149292,0.0,0.4375,0.0,0.023461848590495216,nan,4.000000000000001,-1.3014680604884858,nan,
200,200,0.24627560589062208,-0.013931852201524588,0.019509614681086297,0.009950248756218905,13.337396065083174,0.175049586913971,0.24756011724634355,-0.011149790091032135,-0.011250592186680388,1.0,1.0,0.65,1.0,40,20,0.0027289073336321384,0.0001299413616744498,0.003734066882576518,0.527363184079602,0.6960148419913623,0.00435203930735026,0.00019889694215864242,0.006773352456895814,0.5572139303482587,0.6131590510029088,0.004703227623801714,0.002795783237413705,5.932499569095112e-05,0.0003942478967875062,0.5555555555555556,nan,0.0,0.0,0.0026600717056956542,0.0015135691365029706,2.910308916805168e-05,0.0002564926012088801,0.5555555555555556,nan,0.0,0.0,0.7860696517412935,0.3138901925605451,0.8116093530383539,0.7860696517412935,0.32891779550878886,0.1,-0.12298132893819477,0.007659967925236235,0.028577814480532683,0.009950248756218905,-4.57142364570436,-0.11927618802129863,0.00841360783342548,0.029874044766359145,0.009950248756218905,-4.274272093019022,-0.09662144005997694,-0.14009888276462776,0.00868050388618306,0.008370148870602619,0.05555555555555555,0.3333333333333333,0.175,0.3333333333333333,-0.08240282387328998,-0.11157854824111967,0.008041893858835457,0.007897412651878745,0.05555555555555555,0.16666666666666666,0.075,0.16666666666666666,-0.3808823688962175,-0.27752827544754904,0.06282578597771099,0.09950248756218906,-1.6450903373288606,-0.37017052271332573,-0.3812905238036943,-0.2846241674165193,-0.2630591638089609,0.2222222222222222,0.05555555555555555,0.025,0.05555555555555555,-0.09803376031292615,-0.0016155840871638065,0.022335551387061857,0.009950248756218905,-4.3168030441951375,-0.08315438103008144,-0.10734697028310959,-3.183281234090396e-06,0.00037089866577653306,0.05555555555555555,0.2222222222222222,0.15,0.2222222222222222,-0.36115292915092767,-0.2977723995146607,0.04219293993371126,0.12935323383084577,-1.5021595967083843,-0.3521888751510535,-0.3580894258752412,-0.3071336841706788,-0.2847975309209282,0.2777777777777778,0.05555555555555555,0.075,0.05555555555555555,0.2,nan,0.0,True,post,-0.28729162344324405,-0.26139409850967676,0.025000000000000012,-0.03056339382591957,0.09980154655641572,0.20000000000000004,0.8,0.006076792608981149,100,18,0.0,-2.619138756150599,0.30843512932989603,0.0,0.7517399787902832,0.45,0.4375,0.4571428571428572,0.015109592232917215,0.012437452576238777,0.0,0.015196103873144014,0.0061139457895669005,0.01514230607003222
200,200,,,,,,0.018482726645930113,nan,-0.00766047206809499,nan,nan,nan,0.15,nan,40,20,,,,,,,,,,,-0.03202915273259238,nan,-0.00013015591128353883,nan,nan,nan,0.15,nan,-0.017528178313688934,nan,-7.497355007844035e-05,nan,nan,nan,0.2,nan,,,,,,0.1,,,,,,,,,,,-0.0975642618830759,nan,0.005730223398367055,nan,nan,nan,0.15,nan,-0.11204567980002675,nan,0.006398888622298239,nan,nan,nan,0.25,nan,,,,,,-0.39081893698630144,nan,-0.2849833000748081,nan,nan,nan,0.0,nan,,,,,,-0.028206317702528533,nan,4.931565791848169e-05,nan,nan,nan,0.075,nan,,,,,,-0.3618860391178025,nan,-0.30731859914079407,nan,nan,nan,0.025,nan,0.2,nan,0.0,False,err,-0.059310390690482204,nan,0.18999999999999995,-0.27018791672163633,nan,0.023456790123456788,0.8,nan,100,0,0.95,nan,0.30934235760498796,0.0,0.7502303123474121,0.0,0.4375,0.0,-0.07810024641009736,nan,-1.0,-0.9483545717833051,nan,
200,200,0.22557085741144015,-0.012069428800357605,0.02195843107954957,0.009950248756218905,10.822279849597077,0.1573202950263159,0.23429520634281698,-0.009277334777985374,-0.011519584008986372,1.0,0.9230769230769231,0.475,0.9230769230769231,40,20,0.016563720082690567,0.00034510637872669294,0.005293585094180856,0.009950248756218905,3.063824121525671,0.024569488975865757,0.0005394182354129323,0.009606954184187147,0.01990049751243781,2.5013204265618874,0.02841476490232734,0.027091345193728654,-9.2334346494962e-05,-8.065044822150236e-05,0.8461538461538461,0.07692307692307693,0.05,0.07692307692307693,0.017521058490340045,0.01777460423151183,-3.656196947424619e-05,-1.6957627630848156e-05,0.8461538461538461,0.07692307692307693,0.075,0.07692307692307693,0.009950248756218905,3.776724977840422,5.176155060824057,0.009950248756218905,3.1144183702626984,0.1,0.009973514006672263,0.010221026991942068,0.03919400544788891,0.9651741293532339,-0.006315072482004303,-0.008967431035298205,0.010325249666853808,0.036553764551158066,0.6268656716417911,-0.5277891603920453,0.0013725032994275313,-0.016076312709067096,0.007164270048444866,0.009386446472981896,0.3076923076923077,0.0,0.0,0.0,0.010874029903145937,-0.011970687037355411,0.006907249493523368,0.009067484302322798,0.6153846153846154,0.0,0.025,0.07692307692307693,-0.01002760038764687,-0.2802551565565842,0.07749757999504048,0.009950248756218905,3.4869160583174827,-0.00505775252428795,-0.03455253686143096,-0.27704187007331377,-0.2669070980243633,1.0,0.0,0.15,0.0,-0.10118526310275328,-0.0034238231322817735,0.02445199556914045,0.009950248756218905,-3.9980965843889185,-0.0814691020447485,-0.11317964024108665,-0.0007824737378348982,0.00018580652641043266,0.0,0.0,0.15,0.23076923076923078,-0.12825585672955983,-0.29017151797308643,0.05280487086452551,0.009950248756218905,3.0663016231185556,-0.1651603585915481,-0.16087836554905216,-0.29974534710975737,-0.2884147219755217,1.0,0.0,0.1,0.0,0.2,0.1,0.0257104194857916,False,mix,0.5891668875465463,0.5881277566169975,0.660356506238859,-0.05431222995148581,0.08061067453980296,0.19979166666666665,0.8,0.07051460938941183,100,13,0.0,7.295904171185156,0.3043325093364558,0.95,0.747901439666748,0.325,0.4375,0.4114285714285715,0.10547072788974213,0.07833160446862154,0.10284167794316643,0.11137188935101601,0.07586413955693277,0.01774857840950099
200,200,0.2415415109184099,-0.010429292023507328,0.023479371144535327,0.009950248756218905,10.731582263430008,0.15319071092007955,0.2309481367751212,-0.00813664024067663,-0.009210372079600645,1.0,1.0,0.575,1.0,40,20,0.01754241215950119,-1.7993762035865523e-05,0.004930376436868563,0.009950248756218905,3.561676505400578,0.02652494287713122,-9.525425786699064e-05,0.009189205435856215,0.01990049751243781,2.8968986837784136,0.03471802813530328,0.036352562751701546,-0.00027463738830164447,-0.0006160729729138158,0.8571428571428571,0.14285714285714285,0.1,0.14285714285714285,0.021166844488580767,0.022371743460074013,-0.00014667620872627177,-0.00029278762088613084,0.9285714285714286,0.14285714285714285,0.175,0.14285714285714285,0.009950248756218905,5.0050015850464895,6.542160254831715,0.009950248756218905,4.424462312212007,0.1,-0.03635282585216254,0.008877430725573517,0.030447132744479757,0.14925373134328357,-1.4855341866124006,-0.03307989433550252,0.007573226394481607,0.031025569323912334,0.1691542288557214,-1.3103102252290095,0.010092889525406667,-0.01855450760664526,0.006936260996314775,0.006076000338169814,0.21428571428571427,0.07142857142857142,0.025,0.07142857142857142,0.01970993184749185,-0.023661976441714454,0.006826193928142058,0.006705590824655761,0.21428571428571427,0.07142857142857142,0.025,0.07142857142857142,-0.07557592234468855,-0.30040118552006667,0.06778680673094759,0.01990049751243781,3.3166522220823107,0.00017321475428942051,-0.05239716253931408,-0.2842743029370474,-0.28831071840318656,1.0,0.07142857142857142,0.15,0.07142857142857142,-0.1373590838901334,-0.0029710886080454137,0.02420162726535541,0.009950248756218905,-5.552849558546476,-0.08456114516481394,-0.12832446783090587,0.00029214429085808804,-0.00034387943828000095,0.0,0.0,0.2,0.5,-0.21731516489585212,-0.31878477452006465,0.04274873987894394,0.01990049751243781,2.373628086095192,-0.15965881108308394,-0.18485577399800987,-0.306532892158422,-0.3133761598637339,0.9285714285714286,0.07142857142857142,0.075,0.07142857142857142,0.2,0.3,0.03281519861830741,False,mix,0.5981585974677083,0.6124723008434101,0.6603372681281617,-0.045126835820143006,0.09829199285846475,0.15979166666666667,0.8,0.08831420352521459,100,14,0.0,6.231151521419834,0.30914035591409983,0.95,0.7503106594085693,0.35,0.4375,0.31999999999999995,0.11809690310303037,0.06860252091858275,0.13126079447322966,0.13817315920430467,0.0968691229661568,0.03372460038085193
200,200,0.2097086443797006,-0.01532402511877149,0.035251693606549166,0.009950248756218905,6.383598813824969,0.11414802843190619,0.19663017968913077,-0.009727441327051356,-0.013809251571169953,1.0,1.0,0.35,1.0,40,20,0.019554081379148897,5.884450889777435e-06,0.007020827080451294,0.009950248756218905,2.784315394963161,0.030111182996197007,-9.326089495589486e-05,0.012747374755308275,0.009950248756218905,2.3694638675469766,0.02575105428969516,0.04031438809924835,-0.0006189782054413932,-3.774895088518526e-05,0.8571428571428571,0.14285714285714285,0.125,0.14285714285714285,0.015129609738201136,0.02374173146463551,-0.0003715319175484366,-6.256804712961885e-05,0.8571428571428571,0.14285714285714285,0.125,0.14285714285714285,0.009950248756218905,3.9682858992350143,4.998633144908729,0.009950248756218905,3.584067505618695,0.1,0.030525136506395587,0.00709853206607763,0.051058717349388105,0.5970149253731343,0.4588169397118607,-0.00856663102639516,0.008007088433525267,0.05199618357773326,0.7164179104477612,-0.3187487680672621,0.017199213584631435,0.0022786031589374207,0.004973569564736186,0.008570207457829942,0.42857142857142855,0.0,0.0,0.0,0.024001761760206165,0.020466963002814666,0.0045179838411674,0.009067818408405919,0.7142857142857143,0.0,0.075,0.0,0.007325551660335023,-0.27231053871509026,0.10017213261054136,0.01990049751243781,2.79155572598049,0.01343407220738498,0.004947554374122214,-0.27723616056901185,-0.2638154899655059,0.8571428571428571,0.14285714285714285,0.225,0.14285714285714285,-0.08536067665093158,-0.003559509321793701,0.03549940851213732,0.01990049751243781,-2.304296627896366,-0.07228724515361182,-0.08368716527373889,-0.00047411941810597427,0.0015582447649370994,0.0,0.0,0.1,0.0,-0.07521051436621672,-0.28448839252667996,0.06428303058316054,0.009950248756218905,3.2555695688066963,-0.15206985384288726,-0.10309531064676335,-0.2980993624927096,-0.2837937904275169,0.8571428571428571,0.14285714285714285,0.125,0.14285714285714285,0.2,0.5,0.04534606205250593,False,mix,0.6090041292666448,0.6051451852540971,0.6603199999999999,-0.10373356312777222,0.06369646683071327,0.1197916666666667,0.8,0.10773483489948736,100,7,0.0,9.500451365103146,0.30066189261817877,0.95,0.7457802295684814,0.175,0.4375,0.2285714285714286,0.1327611424361977,0.09324404073560305,0.18138424821002377,0.13254376747493757,0.12074306956424906,0.048922860634219856
200,200,,,,,,-0.015542389547472455,nan,-0.009266919644621318,nan,nan,nan,0.05,nan,40,20,,,,,,,,,,,0.018215996330364182,nan,0.00010295306413801471,nan,nan,nan,0.1,nan,0.009982998518844238,nan,5.250119763517379e-05,nan,nan,nan,0.125,nan,,,,,,0.1,,,,,,,,,,,0.03528401506238967,nan,0.00584909834243616,nan,nan,nan,0.0,nan,0.07093373451343454,nan,0.006128606463240479,nan,nan,nan,0.1,nan,,,,,,0.06184418747428729,nan,-0.2580041460879965,nan,nan,nan,0.225,nan,,,,,,0.01088237218953916,nan,-0.0014919971348125686,nan,nan,nan,0.1,nan,,,,,,-0.12493797074034527,nan,-0.27871405535939553,nan,nan,nan,0.075,nan,0.1,nan,1.0,False,noise,0.7592628965853209,nan,0.75527950310559,-0.3148466190086342,nan,0.007279693486590036,0.9,nan,100,0,0.0,nan,0.28188180545706576,0.95,0.7510421276092529,0.0,0.4444444444444444,0.0,-0.08520887857216972,nan,9.000000000000002,-0.6423078310032256,nan,
200,200,0.24231767302278356,-0.009246421425461051,0.03500425231283175,0.009950248756218905,7.186672413192507,0.08199646296843788,0.24308280551402825,-0.00968585742210439,-0.007949110431235203,1.0,1.0,0.25,1.0,40,20,-0.003487399580230281,-0.0006606313035503461,0.007615864845100378,0.6766169154228856,-0.37116838780658656,-0.005602346360918774,-0.0012389958265138948,0.013657145213010018,0.6965174129353234,-0.31949213880575783,-0.00724387912056617,0.006298153210060849,0.0001325895032246381,-0.0015288236814880447,0.4,nan,0.05,0.0,-0.004062405053725639,0.004347718613585029,8.993724286195021e-05,-0.0007016305437488735,0.4,nan,0.125,0.2,0.48756218905472637,0.7237187994505786,-1.3801447648354959,0.5671641791044776,0.6173417686845746,0.1,-0.11727622023654524,0.0035220272478533286,0.052088729169882796,0.029850746268656716,-2.319086094193365,-0.1605694304262646,-5.846716653413741e-06,0.05525312594858804,0.01990049751243781,-2.9059637975253474,-0.08286559719299441,-0.15927284543579018,0.006712078971268188,0.000783632047094075,0.0,0.4,0.2,0.4,-0.07028209902722574,-0.11393212784195646,0.007526028548268395,0.0009511263099129889,0.0,0.0,0.05,0.0,-0.31226609910678454,-0.28429518022065936,0.10423715174074348,0.845771144278607,-0.2683392477513732,-0.33172106673488466,-0.33896791536818693,-0.2810161836332628,-0.27458371016364064,0.2,0.0,0.025,0.0,-0.1532062103080427,0.0005958594772759795,0.03827522186884192,0.009950248756218905,-4.01831948377296,-0.0696135071638202,-0.14838963169382696,0.0006693881691927926,0.002436294456501856,0.0,0.6,0.15,0.6,-0.33047133612690166,-0.29140197790183453,0.07100077016593064,0.5771144278606966,-0.5502666820826134,-0.33144542973323016,-0.30525292861807685,-0.30472658011535175,-0.29010197056559023,0.4,0.0,0.025,0.0,0.1,nan,0.0,True,post,-0.23543305736462247,-0.2684690339286172,0.011111111111111113,-0.1833062247003729,0.09486595984815575,0.1,0.9,0.01757147235133639,100,5,0.0,-2.8299827921241065,0.30750198478512647,0.0,0.7481050491333008,0.125,0.4444444444444444,0.22500000000000003,-0.009719798723850457,-0.014391849908126112,0.0,-0.04954366208807497,0.0178857513364273,0.040896126252427445
200,200,,,,,,0.014833092895183298,nan,-0.008614475073735446,nan,nan,nan,0.0,nan,40,20,,,,,,,,,,,-0.019776537123268777,nan,4.193249404763293e-05,nan,nan,nan,0.175,nan,-0.011390257524883329,nan,1.203012884465491e-05,nan,nan,nan,0.225,nan,,,,,,0.1,,,,,,,,,,,-0.06511726138043542,nan,0.007663497472794534,nan,nan,nan,0.1,nan,-0.06879420398204578,nan,0.0074578153261395585,nan,nan,nan,0.175,nan,,,,,,-0.3604454673725418,nan,-0.30738439427361236,nan,nan,nan,0.05,nan,,,,,,-0.0169518677040716,nan,-0.00071595960347805,nan,nan,nan,0.025,nan,,,,,,-0.35422057134219004,nan,-0.33243292358617194,nan,nan,nan,0.025,nan,0.1,nan,0.0,False,err,-0.15863458880950568,nan,0.09499999999999995,-0.27618758440896507,nan,0.010497237569060769,0.9,nan,100,0,0.95,nan,0.33715777574627526,0.0,0.7546689510345459,0.0,0.4444444444444444,0.0,-0.09106328244506318,nan,-1.0,-0.7678949768178187,nan,
200,200,,,,,,0.08845811872358285,0.21577715350088003,-0.008642942482988417,-0.013253320328141936,1.0,1.0,0.175,1.0,40,20,,,,,,,,,,,0.017491795913485764,0.00833142230788612,-0.0006654190777445108,-0.0018881752567280856,1.0,0.0,0.025,0.0,0.010026563568775767,0.0057059136611867164,-0.00032758716587238094,-0.001052008453298967,1.0,0.0,0.025,0.0,,,,,,0.1,,,,,,,,,,,0.002964228872172218,-0.047323106363141874,0.0055990881768536215,0.0016592795776418012,0.3333333333333333,0.0,0.0,0.0,0.0033392332382100737,-0.06734076857322914,0.005320690889972781,0.0016144222403856922,0.3333333333333333,0.0,0.05,0.0,,,,,,-0.01827190403590768,-0.07738063664409194,-0.2859418005121726,-0.2663275989173166,1.0,0.0,0.1,0.0,,,,,,-0.06122836279862056,-0.09740475338652228,8.412627098820533e-05,0.001568932659040641,0.0,0.0,0.05,0.0,,,,,,-0.17749331604507185,-0.1863969331267343,-0.3087370171817022,-0.28390790801161414,1.0,0.0,0.025,0.0,0.1,0.1,0.01159243441122635,False,mix,0.7322204479691131,0.7502364811261297,0.7553107734806628,-0.1368917497380089,0.06906384867002675,0.09727969348659006,0.9,0.02576230198677673,100,3,0.0,10.862940533630113,0.3119002663141396,0.95,0.7561099529266357,0.075,0.4444444444444444,0.20250000000000004,0.10501039070722126,0.013503871833644404,0.10433190970103719,0.11334814388385465,0.026443548673300322,
200,200,,,,,,0.055957297991675634,0.22459403303758904,-0.009440937138083215,-0.009574781813200506,1.0,1.0,0.25,1.0,40,20,,,,,,,,,,,0.014194106126158831,-0.006905071252129576,-0.0005419878389011052,0.0005137028404339044,0.6666666666666666,0.0,0.0,0.0,0.008089945891542364,-0.004726099751520705,-0.0003031881433903768,0.00023787465672789972,0.6666666666666666,0.0,0.0,0.0,,,,,,0.1,,,,,,,,,,,0.0070833073235929715,-0.06725084538089694,0.006786811646260036,0.008325427437971626,0.0,0.0,0.0,0.0,0.010851475300535122,-0.13383453686645655,0.0063126081440061516,0.008990057949304037,0.0,0.0,0.025,0.3333333333333333,,,,,,-0.0072640722385447585,-0.14266533406136062,-0.2922098068847321,-0.2926778932905794,1.0,0.0,0.175,0.0,,,,,,-0.031059647892440832,-0.14541632496858758,-0.0014585512677587407,0.001848346381073173,0.0,0.0,0.025,0.3333333333333333,,,,,,-0.1890863750241139,-0.2507467660005639,-0.3157890205952747,-0.3140604676581234,1.0,0.0,0.075,0.0,0.1,0.3,0.01485535574667709,False,mix,0.7436943685008203,0.7844773705076561,0.7553032345013475,-0.19688761915635275,0.08846764744564761,0.07727969348659001,0.9,-0.02149517522126165,100,3,0.0,8.867392692787723,0.3185649978579921,0.95,0.7523014545440674,0.075,0.4444444444444444,0.1575,0.06666936552991459,-1.8137172458887333e-05,0.13369820172009383,0.14457356201769866,-0.021042855358181865,
200,200,,,,,,0.02308480384227807,nan,-0.01030511004587586,nan,nan,nan,0.025,nan,40,20,,,,,,,,,,,0.017917040041051668,nan,5.6457077086029635e-05,nan,nan,nan,0.025,nan,0.010509429624211194,nan,2.153100442688998e-05,nan,nan,nan,0.05,nan,,,,,,0.1,,,,,,,,,,,0.033920343661135346,nan,0.007535256745031877,nan,nan,nan,0.0,nan,0.043547179524953385,nan,0.007899484436969077,nan,nan,nan,0.025,nan,,,,,,0.026940477342397767,nan,-0.26402867159904636,nan,nan,nan,0.15,nan,,,,,,-0.02349579447138196,nan,6.967051495041455e-05,nan,nan,nan,0.15,nan,,,,,,-0.1595640016202655,nan,-0.28504100241278774,nan,nan,nan,0.025,nan,0.1,0.5,0.020674646354733404,False,mix,0.7432703616074192,nan,0.7552960526315787,-0.2643678445989946,nan,0.05727969348659003,0.9,nan,100,0,0.0,nan,0.2869177471959371,0.95,0.7495937347412109,0.0,0.4444444444444444,0.11250000000000002,0.030196011400361274,nan,0.18607181719260069,0.4552531481755097,nan,
200,200,,,,,,-0.03327969640531388,nan,-0.007246258960813295,nan,nan,nan,0.025,nan,40,20,,,,,,,,,,,0.026030478787307763,nan,-0.00035887710895068567,nan,nan,nan,0.125,nan,0.01391100624523518,nan,-0.00018536087476678283,nan,nan,nan,0.1,nan,,,,,,0.1,,,,,,,,,,,0.05498044270628659,nan,0.006056832496995213,nan,nan,nan,0.0,nan,0.10403874296816862,nan,0.006167083938639445,nan,nan,nan,0.2,nan,,,,,,0.09280420843829074,nan,-0.28052694906228215,nan,nan,nan,0.325,nan,,,,,,0.025515311885640657,nan,-0.0010318046404343341,nan,nan,nan,0.075,nan,,,,,,-0.12855998304996102,nan,-0.30377206308886906,nan,nan,nan,0.125,nan,0.2,nan,1.0,False,noise,0.7336197922320817,nan,0.75527950310559,-0.32497219675406475,nan,0.007279693486590036,0.9,nan,100,0,0.0,nan,0.3081315126391874,0.95,0.7483248710632324,0.0,0.4444444444444444,0.0,-0.004619497249510032,nan,9.000000000000002,-0.41800279893821285,nan,
200,200,0.2679055860989811,-0.012082871927880387,0.01830957166558063,0.009950248756218905,15.291917425785975,0.2205049960011327,0.26724151786048767,-0.00957295638130099,-0.009362668702453303,1.0,1.0,0.825,1.0,40,20,-0.0013236823963794482,-0.00014661058714724622,0.0036751541646471053,0.7661691542288557,-0.3202782131521681,-0.00201687080500306,-0.0002592988833473311,0.006784698066956921,0.8059701492537313,-0.259049393805226,-0.002467349279918798,0.006177235634436234,-0.00030826633168947614,-0.00033504971117442824,0.45454545454545453,nan,0.025,0.045454545454545456,-0.0015086234911052547,0.004117027318728556,-0.000208155025947266,-0.0002413949178315322,0.45454545454545453,nan,0.1,0.13636363636363635,0.23880597014925373,1.163166622711471,-0.4691231919710196,0.31840796019900497,0.934448265689343,0.1,-0.13376198376030443,0.0059189822998756405,0.025847523956894443,0.009950248756218905,-5.404036622142997,-0.16289512059942035,0.006480574698568471,0.026973883592363124,0.009950248756218905,-6.2792476549303196,-0.15407191082178712,-0.15968279368923743,0.004552240427373121,0.005390904190003324,0.045454545454545456,0.2727272727272727,0.3,0.2727272727272727,-0.12138252789086616,-0.12567821847024008,0.004725162252550133,0.006144336668044829,0.045454545454545456,0.18181818181818182,0.125,0.18181818181818182,-0.41861440608506817,-0.29174081073282865,0.05569292123899971,0.029850746268656716,-2.278091946470147,-0.40153483930447037,-0.40335725303000525,-0.25992975953428643,-0.27956690580829474,0.13636363636363635,0.0,0.025,0.0,-0.13448049567249962,-0.0026076201732528957,0.01718429935006107,0.009950248756218905,-7.67403272051962,-0.11350273978549903,-0.13831035126610108,-0.0007881024757863129,0.0006425842962057291,0.0,0.5454545454545454,0.375,0.5454545454545454,-0.39154420618991237,-0.3125147894956157,0.03454987495345322,0.03980099502487562,-2.2874009471374483,-0.36140619699468557,-0.38267588385461493,-0.28097462807461443,-0.30453685833212735,0.22727272727272727,0.0,0.025,0.0,0.2,nan,0.0,True,post,-0.26130524068352634,-0.2713237300945376,0.024999999999999998,0.0021320850141741455,0.09130187781477574,0.19999999999999998,0.9,0.015171909607672403,100,22,0.0,-2.971721245919744,0.28187490915500163,0.0,0.7459611892700195,0.55,0.4444444444444444,0.45000000000000007,-0.021964183184874992,-0.005172589562210672,0.0,-0.006841674875690821,0.015405642625027425,0.01818704863693222
200,200,,,,,,0.008490280402859282,nan,-0.007681477924426573,nan,nan,nan,0.05,nan,40,20,,,,,,,,,,,-0.017414191860426177,nan,-0.0003104716935197,nan,nan,nan,0.1,nan,-0.00927531160989626,nan,-0.000137678936214469,nan,nan,nan,0.075,nan,,,,,,0.1,,,,,,,,,,,-0.05359949443738565,nan,0.0057950307001531556,nan,nan,nan,0.075,nan,-0.05582543697182072,nan,0.0056002179771104405,nan,nan,nan,0.075,nan,,,,,,-0.3710468163567369,nan,-0.2933193152450847,nan,nan,nan,0.05,nan,,,,,,-0.00612871314216895,nan,-0.000448949811905214,nan,nan,nan,0.0,nan,,,,,,-0.34555909931681883,nan,-0.3163427505986841,nan,nan,nan,0.0,nan,0.2,nan,0.0,False,err,-0.24195106458051585,nan,0.09499999999999995,-0.2709429367559675,nan,0.010497237569060769,0.9,nan,100,0,0.95,nan,0.3208867369546672,0.0,0.7500226497650146,0.0,0.4444444444444444,0.0,0.07785943585449348,nan,-1.0,-1.0924623416174337,nan,
200,200,0.22246671531565174,-0.010450010108010593,0.023759921658238276,0.009950248756218905,9.802924806071497,0.15073028106811726,0.22753489506077115,-0.010452007213230129,-0.008174470638769577,1.0,1.0,0.6,1.0,40,20,0.011858981510361884,-0.00039618828814488275,0.005191502087740769,0.009950248756218905,2.360621182275077,0.017474714663773247,-0.0007295787313947663,0.009462504349911324,0.03980099502487562,1.92383461291775,0.019336471648971683,0.020959582316076107,-0.000795443928370669,-0.0008450220993739206,0.7333333333333333,0.06666666666666667,0.025,0.06666666666666667,0.01187208985454708,0.013487758422925903,-0.0004627922174392622,-0.0004995170565478032,0.7333333333333333,0.06666666666666667,0.05,0.06666666666666667,0.009950248756218905,3.0577487042288887,3.6842022919251947,0.009950248756218905,2.6273455736536273,0.1,-0.0469125918328479,0.0019290241186225793,0.03132717079545287,0.13930348258706468,-1.5590816122150661,-0.06168047301887493,0.00252287959286122,0.032701708338031495,0.03980099502487562,-1.963302710247266,-0.02625480140786411,-0.050991901152819104,0.005622525780600865,0.00238076026185032,0.13333333333333333,0.0,0.0,0.0,-0.022021207802559322,-0.057335211005601745,0.005735591218691571,0.003500077217179851,0.13333333333333333,0.0,0.025,0.0,-0.06552770729310334,-0.30476079945829065,0.06829572661458458,0.01990049751243781,3.502899874127645,-0.044540528150098596,-0.07435210713078469,-0.29094759824195476,-0.2926135699897502,1.0,0.0,0.025,0.0,-0.10922197151815898,-0.004208216957705813,0.022739722568440552,0.009950248756218905,-4.618075450998641,-0.06769846663838394,-0.10318655953584067,-0.0006720013146668477,-0.0009759902395443011,0.06666666666666667,0.2,0.175,0.2,-0.21315470657854999,-0.3179425601921211,0.04355089198165258,0.03980099502487562,2.4061012035140577,-0.18854062114440612,-0.18879708558639954,-0.31280639549972133,-0.31449754446461625,1.0,0.0,0.0,0.0,0.2,0.1,0.0058300092052776895,False,mix,0.7191840933030204,0.718049555377237,0.7553499222395021,-0.06859754088833694,0.07201582129768895,0.1872796934865901,0.9,0.05596054241365418,100,15,0.0,9.970719522992926,0.31461917885190527,0.95,0.7456943988800049,0.375,0.4444444444444444,0.4050000000000001,0.07447557543148751,0.043875859626225554,0.05247008284749922,0.07876380094575626,0.059277757898732526,0.022904471801866357
200,200,0.2102631108006971,-0.01618950003987931,0.02601104113903066,0.009950248756218905,8.70601871034177,0.1383503268608956,0.22443121500328214,-0.011175700328556332,-0.014258035956041172,1.0,1.0,0.55,1.0,40,20,0.018162344755051872,-5.022710206840968e-05,0.0062839999975927985,0.009950248756218905,2.8982450447483603,0.02690175769808268,-0.00012891777643307543,0.011321859272808264,0.01990049751243781,2.387476722754178,0.01291757621977192,0.027323548913744226,0.0003179085636980622,0.00046939690378740995,1.0,0.0,0.025,0.0,0.008397690175822408,0.017648772188547816,0.0001911493535884235,0.0002940846381092874,1.0,0.09090909090909091,0.075,0.09090909090909091,0.009950248756218905,3.223267283756902,2.5410486576057916,0.009950248756218905,2.7669410033521262,0.1,-0.048739216692171905,0.013744495108223589,0.035413649372553084,0.08955223880597014,-1.7643962965042044,-0.04110897255977826,0.011864253939625416,0.03899068082791649,0.25870646766169153,-1.3586125036349037,-0.024188027372595018,-0.03769296503191727,0.009427328716296049,0.011893099286939223,0.0,0.0,0.0,0.0,-0.03126594544026805,-0.0393286917897805,0.00977029308971053,0.012796834092133167,0.18181818181818182,0.0,0.025,0.0,-0.07878397562024171,-0.307403993035796,0.08094283783041882,0.01990049751243781,2.8244625903987397,-0.04928094825903907,-0.06948568956568352,-0.2781878579816592,-0.29119201259374144,1.0,0.0,0.05,0.0,-0.11042635173442819,-0.0009499336259368585,0.026002746424421675,0.009950248756218905,-4.210186736331103,-0.08127200179069634,-0.10899597800133866,0.0003354121600805811,0.0015607234707627172,0.0,0.18181818181818182,0.225,0.18181818181818182,-0.17669964227167526,-0.3246404436072045,0.04772374116759912,0.009950248756218905,3.0999414067912627,-0.18945861953905166,-0.18969339203784213,-0.30282163605038104,-0.3170313142708193,1.0,0.0,0.025,0.0,0.2,0.3,0.007483261126427726,False,mix,0.7393152446444076,0.7438118214314674,0.7553313696612663,-0.08026604934728565,0.08635640558412884,0.14727969348659004,0.9,0.07290471382321459,100,11,0.0,8.61327907756469,0.30839415600006775,0.95,0.7507143020629883,0.275,0.4444444444444444,0.315,0.06901723897683833,0.07257901599376385,0.06734935013784955,0.06069873751918107,0.07863777856520411,0.0174843899968399
200,200,,,,,,0.08264033244955822,nan,-0.009939644015864064,nan,nan,nan,0.225,nan,40,20,,,,,,,,,,,0.021408721197953638,nan,0.000569584633849513,nan,nan,nan,0.025,nan,0.012593264531655615,nan,0.00030137833213732273,nan,nan,nan,0.05,nan,,,,,,0.1,,,,,,,,,,,0.013365349861989234,nan,0.009489155257150071,nan,nan,nan,0.025,nan,0.02516866254360761,nan,0.009396994537619456,nan,nan,nan,0.05,nan,,,,,,0.006880427857946095,nan,-0.280061552842957,nan,nan,nan,0.125,nan,,,,,,-0.04929822577056215,nan,-0.00022661496879557995,nan,nan,nan,0.05,nan,,,,,,-0.17028810808365855,nan,-0.3034780864059621,nan,nan,nan,0.075,nan,0.2,0.5,0.010445299615173168,False,mix,0.7350948644838893,nan,0.755314685314685,-0.1604555816613203,nan,0.10727969348659004,0.9,nan,100,0,0.0,nan,0.30553578217119226,0.95,0.7489743232727051,0.0,0.4444444444444444,0.22500000000000003,0.06872280171362838,nan,0.09400769653655854,0.15238642147697382,nan,
200,200,0.1676987414692518,-0.006720554800628782,0.020911921370961147,0.009950248756218905,8.340663355005878,0.06995748499154131,0.16466998470478134,-0.00775581191450922,-0.006496518217315219,1.0,0.875,0.225,0.875,40,20,0.07324090778344222,7.542863115933925e-05,0.009880716061115277,0.009950248756218905,7.404876194430337,0.12818786796300946,8.13947404833723e-05,0.020376113569359543,0.009950248756218905,6.2870906554465975,0.13902406917874283,0.1344456128121968,0.0011306766998708665,0.0011012906890146635,1.0,0.875,0.7,0.875,0.07238816367484394,0.07535638488832408,0.0005543380804313008,0.0004193881264335208,1.0,0.875,0.7,0.875,0.009950248756218905,8.785771752033119,15.241211369889298,0.009950248756218905,7.518653602086274,0.3,0.02989759900983778,0.009134708010243927,0.044678785439923006,0.6169154228855721,0.4647147587986205,0.03401604581418223,0.009579418756259455,0.04457743529555011,0.5771144278606966,0.5481837816679854,0.13988738849749893,0.02700375792197523,0.014753593073769349,0.012148691636059791,0.5,0.0,0.175,0.0,0.12649054859032177,0.02393708152367966,0.015152068546240398,0.011920267147677252,0.5,0.0,0.2,0.0,-0.12260476620657176,-0.5112112766479089,0.07091416720640105,0.009950248756218905,5.479955920581968,-0.035458499141869375,-0.12493994308994494,-0.5124609464189519,-0.4951421432351505,1.0,0.5,0.725,0.5,-0.2304445017662527,-0.002658624444138841,0.03588790456274691,0.009950248756218905,-6.347148993263252,-0.13045424391307567,-0.22039611725550007,0.00035129450955607847,0.0005430047204479974,0.0,0.0,0.25,0.875,-0.3624420484954046,-0.5414547285216399,0.041722611848620125,0.009950248756218905,4.2905434748775235,-0.3433759833230189,-0.3619693923897507,-0.5503069429728182,-0.5331599406625294,1.0,0.25,0.4,0.25,0.1,nan,1.0,True,noise,-0.16802071736289365,-0.13983497781796422,0.057142857142857176,-0.08476496591040354,0.0429850691185016,0.10000000000000005,0.5,0.31395044226210983,100,8,0.0,-3.25310580360976,0.5547486663126808,0.5,0.7493526935577393,0.2,0.19999999999999996,0.0,0.8164146229507534,0.43780164409282474,1.0,1.0347450838691032,0.45762064667354063,0.07322265400514802
200,200,0.17821365929991195,-0.009347872362364014,0.020580996985498232,0.009950248756218905,9.113335558297885,0.1075059248771485,0.18133385380586142,-0.007932874499344694,-0.007032616713716173,1.0,1.0,0.45,1.0,40,20,0.015596197171558787,-0.0005279858793674344,0.01019392203075879,0.10945273631840796,1.5817447887762845,0.02666866467623813,-0.0013228168666480672,0.021614301079518734,0.19900497512437812,1.2950444910807366,-0.00663297606746787,0.03553883175792029,-0.0008525379125908397,-0.0015245207877847573,0.875,nan,0.125,0.125,-0.003349057524112123,0.01980071130863848,-0.00037863037624994854,-0.0006534181547074262,0.875,nan,0.175,0.125,0.009950248756218905,2.3432694334696333,-0.6659437748681114,0.05970149253731343,2.002343066891895,0.3,-0.1747376740248765,0.01077324415509307,0.040202057462645886,0.009950248756218905,-4.6144632858087995,-0.23394267416700576,0.008678983543786172,0.0391627213967282,0.009950248756218905,-6.195219562164192,-0.149993147174666,-0.2035650206430939,0.012268866107510703,0.010007776473322206,0.0,0.625,0.35,0.625,-0.13418103149980024,-0.16113193381711982,0.012282915457063132,0.010861174212501008,0.0,0.375,0.225,0.375,-0.6679092558388894,-0.5452108648838961,0.0666748566199431,0.029850746268656716,-1.840249790900228,-0.65462395804118,-0.625490778880998,-0.5041320115841237,-0.5221255009004202,0.125,0.125,0.175,0.125,-0.17839347790653093,0.0020113034709858314,0.03532410937727583,0.009950248756218905,-5.1071289426044215,-0.12067847649745622,-0.1934434987500191,0.0015404778418856048,0.004054642016228584,0.0,0.625,0.225,0.625,-0.6348230252340481,-0.5657018833262257,0.04142204545755305,0.05970149253731343,-1.668704216381228,-0.6330040248550881,-0.60693360280719,-0.539752404903368,-0.5560753442802903,0.25,0.0,0.15,0.0,0.1,nan,0.0,True,post,-0.19942339195495357,-0.13560400174105572,0.03333333333333333,-0.09665744965175169,0.04832064082884627,0.09999999999999996,0.5,0.09844509469253346,100,8,0.0,-2.806336990052983,0.5427395337391321,0.0,0.7513437271118164,0.2,0.19999999999999996,0.5000000000000001,-0.02425393019459027,0.08245729904735638,0.0,-0.031152306516494144,0.10919478571186934,0.05009743144637004
200,200,0.1554967062119414,-0.008740835067574178,0.017003383275553476,0.009950248756218905,9.659109520044057,0.096261922770372,0.14976327807263087,-0.006554126801415635,-0.007102571580605885,1.0,0.8666666666666667,0.425,0.8666666666666667,40,20,-0.11148675750082264,-0.0010898060560904507,0.008412291500535985,0.009950248756218905,-13.12329124883214,-0.2028745524890922,-0.0023932083810567603,0.01720818721389789,0.009950248756218905,-11.650346524267814,-0.17327726833502047,-0.19428969664486317,-0.0016707796005847474,-0.002009120752986643,0.0,1.0,0.95,1.0,-0.09632061448074478,-0.11023325040621344,-0.0008350569244973059,-0.0009647392067915552,0.0,1.0,0.975,1.0,0.009950248756218905,-15.701832742099034,-18.630890493002525,0.009950248756218905,-13.43834979523461,0.3,-0.4617754546271865,0.007008469737962899,0.038604802634281045,0.009950248756218905,-12.143150394887043,-0.3888842830618754,0.009167343988547,0.03829163009084933,0.009950248756218905,-10.395264607320826,-0.324581281460472,-0.3938957231805318,0.009743695270235097,0.010507668901814803,0.0,1.0,0.9,1.0,-0.383238072497435,-0.4691221866199866,0.008753150898676523,0.008763190054498078,0.0,1.0,1.0,1.0,-0.7127588933969123,-0.5078205136204065,0.055639800191499035,0.009950248756218905,-3.6833054588167666,-0.681845455675604,-0.6992416478706975,-0.48729516669466655,-0.4854886020449379,0.0,0.06666666666666667,0.05,0.06666666666666667,-0.23960239990956045,-0.0039281263583503334,0.02816991964023485,0.009950248756218905,-8.36616776166562,-0.16319599817513458,-0.2302075575963833,-0.0009466591836272631,-0.001786960486744998,0.0,0.8666666666666667,0.5,0.8666666666666667,-0.6908060206642493,-0.5345704522909154,0.03310294603130519,0.009950248756218905,-4.719687734767279,-0.6499253337650842,-0.6712456143366442,-0.5226890889553822,-0.5213710434782244,0.0,0.13333333333333333,0.15,0.13333333333333333,0.1,nan,0.0,True,err,0.24655629395428152,0.3055797352132536,0.3333333333333333,-0.035882944989218776,0.08180927197914481,0.15000000000000002,0.5,-2.788595326480422,100,15,0.6666666666666666,3.735270193959841,0.5251926527145319,0.0,0.7450211048126221,0.375,0.19999999999999996,0.0,-1.0247015180311796,-0.7300406637718622,-1.0,-1.000609708477492,-0.7360499304292304,0.07965525264030969
200,200,0.2123638486628961,-0.012041956065766189,0.025545456488457748,0.009950248756218905,8.784568199878183,0.08500658537092176,0.21150702377854325,-0.008891432566492281,-0.010104932457004634,1.0,1.0,0.325,1.0,40,20,-0.001506624307819697,0.0011920750120978957,0.010984965782261916,0.7860696517412935,-0.2456720733741085,-0.0021317322283546814,0.0024207814810573293,0.02242151545065969,0.8258706467661692,-0.2030421948608752,0.011381044668363385,0.01891591276831782,0.00011626388867739626,0.0021345232846281133,0.5,0.0,0.025,0.0,0.006492280724901803,0.01140924252125436,5.088037352010112e-05,0.0010872328896725553,0.5,0.125,0.05,0.125,0.23880597014925373,1.1532403225059977,1.2875777051951176,0.3681592039800995,0.9418878772239874,0.3,-0.19973134546653842,0.01763768366823939,0.0482112907362585,0.009950248756218905,-4.50867474839854,-0.21720572897423698,0.017797592289450784,0.04620188922678332,0.009950248756218905,-5.086443978623486,-0.08175129904900094,-0.1977565624028979,0.015261196001625994,0.01955369909362158,0.0,0.625,0.2,0.625,-0.07275419525193123,-0.17320231263356195,0.014835100254375995,0.01896378302113986,0.0,0.5,0.125,0.5,-0.5637419937468741,-0.48583252738972205,0.06978679018691328,0.27860696517412936,-1.116392746354532,-0.520680888948049,-0.5691500221068083,-0.4851758666279929,-0.466944551236752,0.0,0.0,0.0,0.0,-0.2148823519450785,0.001184698055731472,0.03834779108641566,0.009950248756218905,-5.6344066730799325,-0.09761824811681537,-0.22305131418842938,0.0005240195384010366,0.003082721151179656,0.0,0.75,0.2,0.75,-0.5353962555287273,-0.510557952813476,0.043929745653689,0.5771144278606966,-0.5654096636591844,-0.5360971441497442,-0.5473577424456161,-0.5198561388653066,-0.503904207357862,0.0,0.0,0.0,0.0,0.1,0.1,0.09999999999999999,True,mix,-0.18206844840340303,-0.11013722434135428,0.033716475095785445,-0.12647065220176398,0.07068414259370019,0.10034482758620689,0.5,0.05118174061784346,100,8,0.0,-1.5581602931004555,0.5232406987941777,0.06666666666666667,0.7551813125610352,0.2,0.19999999999999996,0.4500000000000002,0.07214736272168842,-0.005432251914789478,0.09999999999999999,0.07637385617329619,0.05394261768441467,0.045202645098696
200,200,0.19094827937739262,-0.011713166287776909,0.027785395690286648,0.009950248756218905,7.293811753370965,0.08272695556019256,0.17461976735790039,-0.005862803129990071,-0.009940643481485939,1.0,0.8,0.325,0.8,40,20,0.03979521275611029,0.0016678756090323017,0.01370882916904617,0.009950248756218905,2.781224907987498,0.06874777725956976,0.003696027853539267,0.027981826886871515,0.029850746268656716,2.3247856427210842,0.05600684661448139,0.06882118043818283,0.0018540047759623118,0.0021816156453277813,1.0,0.0,0.125,0.0,0.0297932041968605,0.039833017223221176,0.0008571529440066457,0.001108007664723362,1.0,0.4,0.225,0.4,0.009950248756218905,3.2227307213984284,5.768103996034076,0.01990049751243781,2.689787135190637,0.3,-0.08375040394808182,0.020001340139481363,0.060535530055844076,0.07960199004975124,-1.7138983335924907,-0.10396095441050544,0.01971135649156035,0.061715424716915206,0.05970149253731343,-2.003912497845377,-0.02665039420357898,-0.11416987419512829,0.014378790504478389,0.01822812138971771,0.0,0.2,0.05,0.2,-0.027202073571997325,-0.09097028548381751,0.014701344668537137,0.018683583387745308,0.0,0.0,0.025,0.0,-0.3860894659210611,-0.5191206056616475,0.07994540071862555,0.13930348258706468,1.6640249288028028,-0.3816933125301829,-0.41173414728895547,-0.523975630152572,-0.5001421014363002,0.8,0.0,0.1,0.0,-0.18627836307113407,-0.0019076854808993088,0.0488540251527329,0.009950248756218905,-3.7739096627158295,-0.13082356228715786,-0.19729550868138182,-0.00127893817758525,-0.00243729520494549,0.0,0.6,0.25,0.6,-0.47736843375444543,-0.5501299755214738,0.05133061668144182,0.1890547263681592,1.4175076488398632,-0.490684829249891,-0.48971201997447833,-0.5632457988919394,-0.5368304424937306,0.8,0.0,0.1,0.0,0.1,0.3,0.3,True,mix,-0.1862233599396362,-0.1489961163142736,0.03703703703703703,-0.11532393382874676,0.045609939080204075,0.1033333333333333,0.5,0.18574259737883442,100,5,0.0,-3.2667466635346125,0.5686903930472145,0.19999999999999996,0.7464885711669922,0.125,0.19999999999999996,0.35000000000000003,0.2429207493084754,0.2589856462558515,0.3,0.36013901388142844,0.22811287534004948,0.05355493674297872
200,200,0.1619124934326463,-0.010803554361501298,0.015412439264728295,0.009950248756218905,11.206275970748237,0.09620553087450848,0.15577912438162067,-0.009828446106598523,-0.009198785666957192,1.0,0.9411764705882353,0.45,0.9411764705882353,40,20,0.06332448837048921,0.00142575942539983,0.007720953661539984,0.009950248756218905,8.016979721741572,0.11482828162414235,0.0030305134348034214,0.01676804879531802,0.009950248756218905,6.66730933022379,0.10344415391740755,0.12397536998624314,0.0030470024323392803,0.0031756527258328944,1.0,0.6470588235294118,0.475,0.6470588235294118,0.054031835509886925,0.06736923346328705,0.0013981115776672728,0.0014358767792453256,1.0,0.7647058823529411,0.525,0.7647058823529411,0.009950248756218905,10.79574959000698,11.107204373788104,0.009950248756218905,9.323213977300268,0.3,0.015149215243476986,0.020682120992398936,0.0318982209134989,0.8059701492537313,-0.1734549949902392,0.0027476149423360805,0.020698097209709637,0.03150774153049929,0.5572139303482587,-0.5697165647187975,0.04111769285420854,-0.01132805582953589,0.0218301032819692,0.020941710653130635,0.4117647058823529,0.0,0.025,0.0,0.030967565731382464,-0.012009537017936679,0.021777165842168576,0.02073269900630993,0.35294117647058826,0.0,0.025,0.0,-0.22298612851938873,-0.5394010770096576,0.04803972023693994,0.009950248756218905,6.586527709217932,-0.23797502671168175,-0.2305859304318853,-0.5200812566227669,-0.520231256385262,0.8823529411764706,0.35294117647058826,0.325,0.35294117647058826,-0.22889911485974815,0.0008018802217400502,0.028205684126072078,0.009950248756218905,-8.143783857418265,-0.15175346482898583,-0.22428456382813866,0.0018928607865325137,0.003314513560253824,0.0,0.0,0.425,0.8235294117647058,-0.4682765170734558,-0.568825220439294,0.030843917336968212,0.01990049751243781,3.2599200115889566,-0.42713987260493874,-0.42483706715362834,-0.5579372366520216,-0.5589146683639985,0.8823529411764706,0.17647058823529413,0.2,0.17647058823529413,0.1,0.5,0.5000000000000001,True,mix,-0.17510630680843428,-0.1425309530358407,0.04444444444444444,-0.05499030607750192,0.04736734391906346,0.10999999999999997,0.5,0.3019033351350492,100,17,0.0,-3.0090552106823476,0.5623540003900465,0.3333333333333333,0.7490363121032715,0.425,0.19999999999999996,0.25000000000000006,0.5090598394929071,0.4163506204799369,0.5000000000000001,0.5616292017593733,0.432466376548946,0.0505953747681412
200,200,0.12974083324610586,-0.0089778520328899,0.014285380823991004,0.009950248756218905,9.710534635262906,0.0919040981092797,0.13369086289480156,-0.007599012981811232,-0.008153967828858986,1.0,0.6521739130434783,0.375,0.6521739130434783,40,20,0.13234203266519862,4.714488079198574e-05,0.00727598923582636,0.009950248756218905,18.18239190278283,0.23089528201539614,0.00010431108896297677,0.015132246391959498,0.009950248756218905,15.251600121566357,0.22645686308345034,0.2323454757242113,0.0005796880039610966,-0.00034657547715708707,1.0,1.0,1.0,1.0,0.1245756073842554,0.13169443479162182,0.00027792140068513485,-0.00016291463804198243,1.0,1.0,1.0,1.0,0.009950248756218905,22.935342586494386,25.005714946070622,0.009950248756218905,19.38851568057718,0.3,0.1792921079136682,0.013960781447769235,0.027405573641666646,0.009950248756218905,6.032762846770017,0.1975917207714144,0.012910273896427595,0.02731622050624134,0.009950248756218905,6.760871139769466,0.240979779490163,0.21070464397066807,0.014673379131479118,0.012782642221025008,1.0,0.34782608695652173,0.475,0.34782608695652173,0.23545442803415756,0.20409783759219396,0.01466225770883912,0.013297417098983985,0.9565217391304348,0.34782608695652173,0.475,0.34782608695652173,0.18397717973730593,-0.5276840031161559,0.041420913223310256,0.009950248756218905,17.181204552384962,0.20556857690590738,0.18858917217128116,-0.5106276302777882,-0.5052646476081804,1.0,0.9565217391304348,0.975,0.9565217391304348,-0.23085629547557723,0.0005632722933799976,0.022165503017397906,0.009950248756218905,-10.440528580690156,-0.18525742391996292,-0.2383710612670388,0.0012411501317671138,0.0025448425760428886,0.0,0.0,0.575,0.9130434782608695,-0.2605260341959986,-0.5527167285977685,0.027334905044341544,0.009950248756218905,10.689288801885395,-0.26058997024019465,-0.2657297995593306,-0.5473836107549243,-0.5413709303185106,1.0,0.6521739130434783,0.7,0.6521739130434783,0.2,nan,1.0,True,noise,-0.07942625935545128,-0.08128053549513008,0.12307692307692308,0.011309188417022826,0.09251269137600064,0.2,0.5,0.4962386233891173,100,23,0.0,-0.8785879460017053,0.5516761787429234,0.8,0.7600090503692627,0.575,0.19999999999999996,0.0,1.3225754769530162,0.9477941547546689,1.0,1.3554956737198731,0.9850668320934493,0.12287618320313316
200,200,0.21139984090386532,-0.009268231694498148,0.012938801613842097,0.009950248756218905,17.054753536466247,0.17919965301893523,0.2142737850296193,-0.008125842531579731,-0.007670836259986469,1.0,1.0,0.825,1.0,40,20,0.004373000324045409,0.00011784116426949414,0.0062240450638717595,0.5373134328358209,0.6836645807389551,0.007360819774347588,0.000293895700635975,0.013123754936450162,0.6567164179104478,0.5384833919403145,0.01370189623031719,0.008101928173805012,0.0002109271376753531,0.00027153238346743993,0.5714285714285714,nan,0.075,0.07142857142857142,0.006354382339814391,0.0032685671883294827,6.229383638656266e-05,7.07839171369382e-05,0.5714285714285714,nan,0.075,0.07142857142857142,0.5572139303482587,0.6547596375806086,1.4704262443741454,0.46766169154228854,0.767833039842686,0.3,-0.23630438150505617,0.01474865740484293,0.027147732317251694,0.009950248756218905,-9.247661497719779,-0.24272549904618035,0.014056749506959874,0.027792160555530642,0.009950248756218905,-9.239376982974473,-0.1973902894626705,-0.25241879577485526,0.014086661760672997,0.013275391118144072,0.0,0.6428571428571429,0.475,0.6428571428571429,-0.18301454952619717,-0.22730501267732328,0.014124253091505619,0.013408028060278078,0.0,0.5,0.4,0.5,-0.6227872713131154,-0.5294778528665758,0.040599745306837985,0.009950248756218905,-2.2982759556505337,-0.6052782879284938,-0.6280291908223565,-0.5156262014966836,-0.5111095384156297,0.10714285714285714,0.03571428571428571,0.025,0.03571428571428571,-0.2525609891304922,-0.0015687232852346462,0.024501010913403957,0.009950248756218905,-10.244159586807134,-0.21245010569446904,-0.2530655075844386,0.0004069860858510216,0.0010943903419190102,0.0,0.9642857142857143,0.75,0.9642857142857143,-0.6191085728216923,-0.5540763325553205,0.02725776203726146,0.009950248756218905,-2.385824638687749,-0.5883641440144638,-0.6022024375230216,-0.5514529147498969,-0.5464130417554606,0.21428571428571427,0.07142857142857142,0.05,0.07142857142857142,0.2,nan,0.0,False,post,-0.13056841461821034,-0.10433689966551861,0.07037037037037033,0.03555528803661266,0.0893690626917016,0.18999999999999992,0.5,0.015024969414023844,100,28,0.0,-1.1674834279671467,0.5554681268378381,0.0,0.7484533786773682,0.7,0.19999999999999996,0.95,0.03721582462021994,0.02357639953376736,0.0,0.03545979153845209,0.015254162742668987,0.028643238488666664
200,200,0.14774025688708442,-0.007537574353169196,0.01136203655479751,0.009950248756218905,13.666373143380063,0.13261527022608494,0.1377139937591221,-0.006069808166278495,-0.005302039036918828,1.0,0.7777777777777778,0.725,0.7777777777777778,40,20,-0.14373424534683088,-0.0009335669024464724,0.006193278820256227,0.009950248756218905,-23.05736308113109,-0.2542055359923897,-0.002084640126229846,0.012927952717640561,0.009950248756218905,-19.50199705655109,-0.25043462190568794,-0.2523134520520191,-0.0008971490241697859,-0.000821529549926467,0.0,1.0,1.0,1.0,-0.1398999667222044,-0.1408778603655791,-0.00039572734494561706,-0.0003406960547244326,0.0,1.0,1.0,1.0,0.009950248756218905,-26.277655029130013,-22.98411779147589,0.009950248756218905,-22.42764744412707,0.3,-0.5612712710094887,0.009706314851290756,0.02729689923450009,0.009950248756218905,-20.91730569596027,-0.4394372766068486,0.007370743378170941,0.027384167828396137,0.009950248756218905,-16.316289863860085,-0.4318730822512613,-0.4377582808735754,0.010365236703410026,0.009433460066383707,0.0,1.0,1.0,1.0,-0.5382868363782304,-0.5475701433820719,0.010456096119735398,0.009462255189865244,0.0,1.0,1.0,1.0,-0.7101892991315585,-0.5360953282062566,0.039198034186411754,0.009950248756218905,-4.4413954560305795,-0.7120677500603679,-0.7079408273408879,-0.510355318693905,-0.5100767199680729,0.0,0.05555555555555555,0.075,0.05555555555555555,-0.2941313627542258,-0.004641593472798625,0.020482497479876443,0.009950248756218905,-14.133519096082416,-0.28388222976392113,-0.29255440630824653,-0.0007246334688416832,-0.0014466684884838024,0.0,1.0,0.975,1.0,-0.716531647794149,-0.5595649966646336,0.023820399246892898,0.009950248756218905,-6.5895894311427385,-0.7182379638642609,-0.7159377346143815,-0.5461860633890615,-0.5458577847404306,0.0,0.4722222222222222,0.475,0.4722222222222222,0.2,nan,0.0,False,err,0.3976736333475836,0.413008590577773,0.4749999999999999,0.1330649013846957,0.14949546594112648,0.2714285714285714,0.5,nan,100,36,0.95,2.7626830551531367,0.5487678484506789,0.0,0.7526097297668457,0.9,0.19999999999999996,0.0,-0.941011621910879,-0.9285519889597907,-1.0,-1.0549310534427927,-1.0229741838145436,0.08055060283293358
200,200,0.24587474154447558,-0.01079926716845832,0.01648076574252097,0.009950248756218905,15.574155516034764,0.16606244653876473,0.2279639972456864,-0.00625389335375967,-0.007753244980043835,1.0,0.95,0.75,0.95,40,20,0.015768137532938167,0.0007295588388541658,0.007011250611454293,0.03980099502487562,2.144921002733881,0.024611099808422073,0.0015528225228938714,0.01437145446624441,0.12935323383084577,1.6044498027727743,0.02361091473542726,0.022926030702146306,0.001033587521504824,0.002197755221384061,0.7,0.0,0.1,0.05,0.013855933631620798,0.013940778431135647,0.0005638805802418921,0.0011261514120946645,0.7,0.05,0.15,0.1,0.029850746268656716,2.259246316058261,2.711248491815359,0.08955223880597014,1.7685027428581668,0.3,-0.1858454024797669,0.015416155633698182,0.029846038744960095,0.009950248756218905,-6.743325632809731,-0.2283555300963034,0.015858003887619584,0.03144691127868494,0.009950248756218905,-7.76589890854202,-0.15319662109794066,-0.21300844177143627,0.013617765285981995,0.016222988770950166,0.0,0.7,0.375,0.7,-0.1415495673141552,-0.1902677485311235,0.013824430722445501,0.016584269637648374,0.0,0.45,0.25,0.45,-0.5678844900946249,-0.49595799270500435,0.04933101931923793,0.11940298507462686,-1.4580379319288244,-0.5378494942085899,-0.5620292792898595,-0.5047144026251303,-0.4734831714950547,0.15,0.0,0.0,0.0,-0.2371427602140722,-0.001241868345008847,0.026012124822773916,0.009950248756218905,-9.068882048938216,-0.19750785605811,-0.2337058279549323,-0.0004206849641812384,0.0015524594171142428,0.0,0.85,0.65,0.85,-0.5681933360611946,-0.5189330404374077,0.0305987735676607,0.09950248756218906,-1.609878105514638,-0.5629520628997728,-0.5591869543234421,-0.5423322470038657,-0.5102318452077435,0.25,0.0,0.0,0.0,0.2,0.1,0.1,True,mix,-0.14201706411951412,-0.1314746369834469,0.07117117117117118,0.004709164454795883,0.09538908956033458,0.2014285714285714,0.5,0.05762919889502361,100,20,0.0,-1.3782984782582273,0.5476129739564872,0.13333333333333333,0.7504642009735107,0.5,0.19999999999999996,0.9000000000000004,0.08865652714827707,0.055931838926304794,0.1,0.08343809163612642,0.06115342159100274,0.0268403804949073
200,200,0.2177651558551273,-0.008580908261753511,0.013586143287959731,0.009950248756218905,16.660067489558454,0.19405210317603508,0.2146651176704008,-0.005735082617893614,-0.006654997114049972,1.0,1.0,0.9,1.0,40,20,0.05435640146588347,-7.604150061643403e-06,0.005620628996274709,0.009950248756218905,9.672228080221046,0.08693820788093104,-6.03115185599426e-05,0.011570531378190085,0.009950248756218905,7.518973549992714,0.09390563610613618,0.09611623163479223,-3.12215255100905e-05,-0.00027100498371282846,0.96875,0.4375,0.425,0.4375,0.05590545806700494,0.05769738027504152,2.1012863229611407e-05,-8.552060311467424e-05,0.96875,0.5625,0.525,0.5625,0.009950248756218905,11.617290580843775,10.280524929542748,0.009950248756218905,9.366984052903632,0.3,-0.08345342474710318,0.009784487026091226,0.02752748203508558,0.009950248756218905,-3.387084646934634,-0.10649692153737732,0.012391942793757866,0.026335367870970145,0.009950248756218905,-4.514418211627629,-0.07435044814723066,-0.09841592346478606,0.011432708290562853,0.012115476933291805,0.21875,0.21875,0.2,0.21875,-0.06018125264321589,-0.07866819558304497,0.010590172185627935,0.01117203343304119,0.1875,0.125,0.1,0.125,-0.3552051621930122,-0.5230896988552725,0.03528851061593849,0.009950248756218905,4.757484340573889,-0.33730271869127015,-0.3550191595070013,-0.49692699264310375,-0.4995744501455296,0.78125,0.0,0.125,0.09375,-0.23548088033499454,-0.003911859920885855,0.019680441931880427,0.009950248756218905,-11.766454290196739,-0.22509732330452178,-0.24330012260543193,-0.0011713101694006993,-0.00038330482990001845,0.0,0.875,0.75,0.875,-0.45819168219638173,-0.547594352921417,0.02347376588133992,0.009950248756218905,3.8086207033484913,-0.45959312094871924,-0.4664207080577019,-0.5315043298437613,-0.5339569048346583,0.71875,0.0,0.05,0.03125,0.2,0.3,0.3,True,mix,-0.13327064649244383,-0.11737532543210341,0.07419354838709676,0.05965743848612796,0.09520633850410543,0.21499999999999994,0.5,0.21184039913820676,100,32,0.0,-1.232852006245803,0.5335058793707818,0.3999999999999999,0.7446789741516113,0.8,0.19999999999999996,0.7000000000000001,0.291851659519483,0.2570208481980363,0.3,0.2880950896795491,0.2687785556460585,0.028323019589271498
200,200,0.20008837297993778,-0.007683367385397592,0.012598980408973132,0.009950248756218905,16.49115512560579,0.1999462522472764,0.20791226465964377,-0.005985639772337688,-0.006282603309592739,1.0,0.918918918918919,0.9,0.918918918918919,40,20,0.11776546843170238,0.0003462632569996319,0.005742942970408237,0.009950248756218905,20.445824685929306,0.1918816465595591,0.0007904884130674511,0.012079349918040511,0.009950248756218905,15.819655811549703,0.18163496922956013,0.17984524184206369,0.000880855365830793,0.0004193670892916369,1.0,0.8378378378378378,0.85,0.8378378378378378,0.10756439323190756,0.10759753137243218,0.0003786474294395277,0.00016513310669401994,1.0,0.9459459459459459,0.95,0.9459459459459459,0.009950248756218905,23.47063123757353,19.002860383077458,0.009950248756218905,18.675115135950254,0.3,0.08803325870009282,0.013184800608801362,0.022637358002461763,0.009950248756218905,3.306413145908875,0.06667497019217841,0.013318035548264726,0.022767540149560988,0.01990049751243781,2.3435528955287244,0.06641984274130246,0.061992142047907726,0.012497481871342649,0.01225461248307086,0.7027027027027027,0.05405405405405406,0.1,0.08108108108108109,0.05938425350422148,0.0546861245189151,0.012616279162588222,0.012290787142143432,0.7027027027027027,0.02702702702702703,0.075,0.05405405405405406,-0.03197088375217377,-0.5308150223191384,0.034674620848585025,0.009950248756218905,14.386433833866553,-0.076164421797347,-0.07648518300875054,-0.513219951763343,-0.5097824209428792,0.972972972972973,0.6486486486486487,0.65,0.6486486486486487,-0.2695477237307342,-0.0034570572269058287,0.0214719713289087,0.009950248756218905,-12.392465620200689,-0.26753767505316006,-0.272590302453248,0.0006227165471220843,0.0011189426227441919,0.0,0.0,0.925,0.9459459459459459,-0.3715670501541407,-0.5542963713370503,0.021451428762207046,0.009950248756218905,8.518282078083415,-0.37107120608334127,-0.368800108875314,-0.5478106459265584,-0.543622460530876,0.972972972972973,0.43243243243243246,0.45,0.43243243243243246,0.2,0.5,0.5000000000000001,True,mix,-0.14777797427937908,-0.14477622211837313,0.10000000000000002,0.13070877039002618,0.1426956888174528,0.24999999999999997,0.5,0.3410275456597658,100,37,0.0,-1.0145802113445903,0.5508033753570085,0.6666666666666666,0.7546234130859375,0.925,0.19999999999999996,0.5000000000000001,0.565218390752656,0.5380794837230085,0.5000000000000001,0.5379665386219948,0.517514113698734,0.045359793831988016
200,200,0.1593300037209615,-0.006288478221820917,0.024621185750394955,0.009950248756218905,6.726665547917368,0.05595613536534194,0.14419286925309704,-0.006342902169415161,-0.0052673154735705194,1.0,0.625,0.225,0.625,40,20,0.07235180118723519,-0.0014448307289804752,0.009349522232575052,0.009950248756218905,7.893091226758595,0.13262651639617928,-0.002982412684585551,0.019061634295840426,0.009950248756218905,7.114234119119723,0.14996948173223265,0.1470181266001678,-0.0015423332061323455,-0.0012436004754256599,1.0,0.625,0.7,0.625,0.07610347063281148,0.08086258722527473,-0.0007205357396586105,-0.0006253678076148614,1.0,0.625,0.75,0.625,0.009950248756218905,9.749480599039902,16.150137954682968,0.009950248756218905,8.69285674173905,0.3,0.029975707381019775,0.00651411830567926,0.044791663051188674,0.6666666666666666,0.5237936588334401,0.00961134149747949,0.008737539476851991,0.045474682702088425,0.9751243781094527,0.019215131776348933,0.14831631104829596,0.07669279421782588,0.010229370765486653,0.009119792257367122,0.5,0.25,0.25,0.25,0.1529996057219642,0.07997165693385003,0.01035161341431533,0.00829573590257663,0.75,0.25,0.3,0.25,0.038109536499359026,-0.503406825687237,0.06712495050973305,0.009950248756218905,8.067288810887232,0.08477649292528044,0.06100035037561332,-0.5199683796014127,-0.48420096853042066,1.0,0.75,0.875,0.75,-0.22131688388733572,-0.006877543256460148,0.03947372134894223,0.009950248756218905,-5.432458184771307,-0.12208163667422318,-0.222319201352735,-0.0017498302740124537,-0.0038527881223944477,0.0,0.0,0.275,1.0,-0.24515249766419878,-0.5247025225524081,0.042554931882913156,0.009950248756218905,6.569156911137869,-0.30690801671202816,-0.27198408326766177,-0.5573694260501716,-0.51873219538441,1.0,0.375,0.575,0.375,0.1,nan,1.0,True,noise,-6.715101533989742e-05,0.02719883815364675,0.16666666666666666,-0.09916253789659232,0.0552481135660326,0.10000000000000005,0.6,0.3593007185455455,100,8,0.0,0.4923034724278626,0.5625583119950417,0.7142857142857143,0.7482278347015381,0.2,0.24999999999999994,0.0,0.9409281601212359,0.5059972107984196,1.4999999999999998,1.3600558747655824,0.5607946332168429,0.16663970727610958
200,200,0.17647347424187212,-0.008175050688381874,0.02499118334475697,0.009950248756218905,7.388546687670307,0.09306662186718792,0.18564660999721835,-0.007632949295566471,-0.006429417364513201,1.0,1.0,0.4,1.0,40,20,-0.0017956845595281956,-0.0008695776902947519,0.012074161281904179,0.9751243781094527,-0.07670154866530726,-0.002927302894088566,-0.0018563619559620755,0.02524017591347764,0.9950248756218906,-0.04243001085868835,0.004938072324909386,-0.00553180165321593,0.0002569316210635192,-0.0017948434238200558,0.42857142857142855,nan,0.075,0.0,0.0022404059219194713,-0.0036313567218245273,0.00011372442564201528,-0.0008786337529837368,0.42857142857142855,nan,0.075,0.0,0.7164179104477612,-0.2678735203255823,0.5240726970868382,0.8557213930348259,-0.17657261964250076,0.3,-0.2592650800444363,0.010358195415315756,0.05143585061667058,0.009950248756218905,-5.2419328585405776,-0.2639186036920648,0.014003290275428007,0.051845619158727374,0.009950248756218905,-5.3605665911957505,-0.11228343116909241,-0.24622382272216864,0.014740662052232102,0.010360485778239658,0.0,0.7142857142857143,0.225,0.7142857142857143,-0.10556826482724616,-0.2282158498122878,0.014059943793191998,0.009492109353980755,0.0,0.5714285714285714,0.15,0.5714285714285714,-0.6343607359869776,-0.5294224973121865,0.07718733538160966,0.208955223880597,-1.3595266393719008,-0.5926947052495833,-0.6304088051729023,-0.5057956966012936,-0.5125119007098337,0.14285714285714285,0.0,0.05,0.0,-0.22453083168991017,-0.0013872003072854333,0.04305532929762079,0.009950248756218905,-5.182718028584972,-0.11783481423442181,-0.22926728778984312,-0.00047584123274901615,-0.0004440468453921682,0.0,1.0,0.225,1.0,-0.6103965701767723,-0.5605339338513143,0.04640194224609947,0.3283582089552239,-1.0745808022416306,-0.5876044834572879,-0.6032518291050782,-0.5418419777889446,-0.5503600852914233,0.14285714285714285,0.0,0.025,0.0,0.1,nan,0.0,True,post,-0.2082332432766854,-0.11361062291724962,0.03333333333333334,-0.09751241171731727,0.06930391041824291,0.1,0.6,-0.019950837396743828,100,7,0.0,-1.6393104260873543,0.5441334631609702,0.0,0.7465155124664307,0.175,0.24999999999999994,0.40000000000000013,-0.08300394945583217,-0.006699234884443312,0.0,0.02407314112160077,-0.019560587300134043,0.05280674239470294
200,200,0.15317304106859894,-0.008926783757208859,0.015745737867046153,0.009950248756218905,10.294838272061389,0.09365475791764794,0.14217062078580261,-0.00877226379869804,-0.007653974671938188,1.0,0.7368421052631579,0.375,0.7368421052631579,40,20,-0.10744050293736555,0.0002931776994097709,0.0077659704443906845,0.009950248756218905,-13.872532917082912,-0.1925499118954984,0.0006562527709461312,0.015938142337894496,0.009950248756218905,-12.122251173209547,-0.18304050445445158,-0.1900892366334342,-0.00048126099450944947,-0.0005277555245902733,0.0,1.0,0.975,1.0,-0.09986885167749374,-0.10548717508044024,-0.00017895646049267765,-0.0001788610201115502,0.0,1.0,0.975,1.0,0.009950248756218905,-17.424671127700762,-21.05675853727541,0.009950248756218905,-15.485850726374217,0.3,-0.4651099291065072,0.010642502252892792,0.032911511445031016,0.009950248756218905,-14.455502359396311,-0.3919829174803109,0.010673418905537134,0.032986528309922866,0.009950248756218905,-12.206690337052414,-0.3184709297954831,-0.37779906540205965,0.013913565510168155,0.012237224636461697,0.0,1.0,0.925,1.0,-0.3974067654942619,-0.4635679160723296,0.014040091190601735,0.012049424256848181,0.0,1.0,0.95,1.0,-0.7316385073869734,-0.5048519615216752,0.04869895022429688,0.009950248756218905,-4.6569083073887905,-0.6997253671711683,-0.7158973001579185,-0.4908874887248626,-0.4861218442126459,0.0,0.10526315789473684,0.1,0.10526315789473684,-0.20999224845531217,-0.004655442349023907,0.027305193125465435,0.009950248756218905,-7.520064229366922,-0.17613262564447085,-0.21841947572102804,0.00027655828814184203,-0.002161190978573688,0.0,0.8421052631578947,0.575,0.8421052631578947,-0.6919344389040393,-0.5304721490674215,0.03060148349227735,0.009950248756218905,-5.276289624066378,-0.6632089415526531,-0.6860310054602995,-0.526605764123266,-0.5206598249296072,0.0,0.3684210526315789,0.275,0.3684210526315789,0.1,nan,0.0,True,err,0.22257611059899912,0.26698977559196074,0.3333333333333333,-0.02470001700865814,0.06275005810938383,0.14999999999999994,0.6,-2.875607049776684,100,19,0.8333333333333333,4.254813200755176,0.530907388676634,0.0,0.7454404830932617,0.475,0.24999999999999994,0.0,-1.1438997689575272,-0.7129557967398787,-1.0,-1.0663510738590554,-0.7419759054113546,0.07626442110876931
200,200,0.15549307229880763,-0.009191074495253504,0.02611367135950304,0.009950248756218905,6.306434071279082,0.08301327620679066,0.15178903360604082,-0.0075626841230796585,-0.009365897263915398,1.0,1.0,0.45,1.0,40,20,0.004033085935580788,0.0005025829482685292,0.011278732942552282,0.7761194029850746,0.31302301464018106,0.006705495496741605,0.0009585508931668063,0.023695524566770085,0.8059701492537313,0.2425329132148277,0.033771520200789294,0.021273376797743715,-0.0001887219782971965,0.0023141014703936913,0.5714285714285714,0.0,0.075,0.0,0.018000366355150375,0.01193486506472281,-9.769405779720119e-05,0.0011572323648064366,0.5714285714285714,0.0,0.15,0.0,0.25870646766169153,1.1135323964327286,3.756674007187,0.3681592039800995,0.9230358428670489,0.3,-0.17725966407032953,0.020101216520963913,0.04859355535152757,0.009950248756218905,-4.061462042847372,-0.21392501435263397,0.019203585848279504,0.049308212413819406,0.009950248756218905,-4.7279872618308,-0.05647964763575934,-0.18593359438345386,0.013719800962987711,0.018052533922168334,0.0,0.2857142857142857,0.1,0.2857142857142857,-0.049377113046576625,-0.1651698751692759,0.01330783696547439,0.018969130948848334,0.0,0.14285714285714285,0.05,0.14285714285714285,-0.6025591325545058,-0.5392985097603158,0.0809772019901148,0.42786069651741293,-0.7812152215524961,-0.49678493556291914,-0.6031881184482815,-0.5228243888724282,-0.5281192931219201,0.14285714285714285,0.0,0.1,0.0,-0.18587492712775797,-0.005586946209433766,0.04316384421043215,0.009950248756218905,-4.176828644714969,-0.11287186310147375,-0.19573698555141528,-0.0009884175904328395,-0.0033895628977704067,0.0,0.7142857142857143,0.3,0.7142857142857143,-0.6203024422253911,-0.574553834034187,0.04893021870667503,0.3880597014925373,-0.9349765727498803,-0.554478890998133,-0.6076504248965942,-0.5585259378461241,-0.5665305307191526,0.2857142857142857,0.0,0.125,0.0,0.1,0.1,0.10000000000000002,True,mix,-0.1779484175559583,-0.10042123465004874,0.046017699115044254,-0.10578688987013818,0.03111961440574849,0.10081081081081082,0.6,0.07289629163255464,100,7,0.0,-3.226943410696589,0.5610252307214019,0.12499999999999997,0.7523069381713867,0.175,0.24999999999999994,0.3600000000000001,0.18022362300710662,0.022297398601271636,0.15000000000000002,0.21683719975477736,0.07862797977684623,0.06645442586055024
200,200,0.2143593120539921,-0.008535397378763625,0.022617542908865067,0.009950248756218905,9.85494800743966,0.09693122225738682,0.19654668585932422,-0.008308305897922388,-0.007134119129667484,1.0,1.0,0.425,1.0,40,20,0.037515696010951664,-0.0008761987992942396,0.00994501199329264,0.009950248756218905,3.8604171450249325,0.06770758139117085,-0.0018411466726112851,0.019914615136569325,0.009950248756218905,3.492346077659169,0.06727512607474909,0.0745346252298034,-0.0008525667407069459,-0.0033045102828844807,1.0,0.3333333333333333,0.25,0.3333333333333333,0.037410861086988025,0.04504477999667195,-0.00043606449331487447,-0.0015846124127748373,1.0,0.4444444444444444,0.325,0.4444444444444444,0.009950248756218905,5.378061625739688,7.939477325802145,0.009950248756218905,4.5173529077027075,0.3,-0.030193948177294944,0.007392917161079153,0.04423921474263476,0.4079601990049751,-0.8496277693035269,-0.06516020136170733,0.007510157271453428,0.0479801695511491,0.1691542288557214,-1.5145915346167373,0.0067077114089014985,-0.05553184280122068,0.013454386867815735,0.007011138728095718,0.2222222222222222,0.0,0.025,0.0,0.005700627561383375,-0.054206444071875,0.012834351544702294,0.0055405340270879185,0.2222222222222222,0.0,0.05,0.0,-0.1603156539002308,-0.47914848958564016,0.08228718971759934,0.009950248756218905,3.8746351257800176,-0.2437201510540997,-0.23759039715998734,-0.48631494366352424,-0.45713014652659456,0.7777777777777778,0.2222222222222222,0.2,0.2222222222222222,-0.20002939514330778,-0.006844294399633476,0.032010883980110344,0.009950248756218905,-6.034981753633328,-0.13649847589755731,-0.21478226985014115,0.00028433231458422644,-0.0038433929647528754,0.0,0.0,0.4,0.8888888888888888,-0.31855225943930676,-0.499343700442667,0.05200290907846922,0.009950248756218905,3.4765639885084205,-0.41667807345161717,-0.38609842512240855,-0.5206055143048252,-0.48862605817097504,0.7777777777777778,0.1111111111111111,0.05,0.1111111111111111,0.1,0.3,0.3,True,mix,-0.10150907837947945,-0.16788806026436054,0.08282828282828278,-0.08679448545227367,0.06958122689314485,0.1087096774193548,0.6,0.1864502118776062,100,9,0.0,-2.41283558454904,0.5233743763296191,0.37499999999999983,0.7498726844787598,0.225,0.24999999999999994,0.28,0.2959675569005991,0.25508350825456644,0.44999999999999996,0.3859526395700335,0.2291810711522868,0.036013269811589615
200,200,0.16254045829580008,-0.012111368864620765,0.021180252903011548,0.009950248756218905,8.245974585475405,0.09335796535413529,0.1685088130909016,-0.00705398371154967,-0.010374248066141812,1.0,0.9090909090909091,0.375,0.9090909090909091,40,20,0.09113199204365813,-0.0007198470310965806,0.00979423992195762,0.009950248756218905,9.37814876879366,0.15152200542278263,-0.001364664256753963,0.01985187024072082,0.009950248756218905,7.701373614574056,0.13494809908155342,0.14001455288418996,-0.0002676989443508826,-0.0001994132983943139,1.0,0.7272727272727273,0.7,0.7272727272727273,0.07283775012028736,0.08055037360865519,-0.00013986609151838997,-0.00010252948917217756,1.0,0.8181818181818182,0.775,0.8181818181818182,0.009950248756218905,9.755724405303567,14.587608084953397,0.009950248756218905,8.371375873820645,0.3,0.08551848076163468,0.015430960288233812,0.04148007258153559,0.09950248756218906,1.689667257306341,0.07539170334866188,0.011828305418824247,0.04151735618045702,0.13930348258706468,1.5310078428892608,0.10172017503582471,0.08705424203099997,0.012347491540361332,0.0149091370729134,0.9090909090909091,0.0,0.075,0.0,0.10484776942175753,0.058857638285208826,0.012083657222876723,0.015277741140782255,0.7272727272727273,0.0,0.1,0.0,-0.051162111569432664,-0.4925135212616749,0.07208476879209454,0.009950248756218905,6.122672196661358,-0.0067598805755505935,-0.055454803020153334,-0.5033634846632201,-0.47195513699362207,1.0,0.45454545454545453,0.65,0.45454545454545453,-0.22786716139242383,-0.0033465248431753737,0.03460043763221832,0.009950248756218905,-6.48895366380269,-0.14143371874057445,-0.2217962943776586,-0.001958638151926229,0.000503238665231817,0.0,0.0,0.325,0.9090909090909091,-0.34915251147109355,-0.5169084219839594,0.04988473988253367,0.009950248756218905,3.3628703067215944,-0.32772301548507954,-0.3199503918900325,-0.5383245073000553,-0.507471370233679,1.0,0.2727272727272727,0.4,0.2727272727272727,0.1,0.5,0.49999999999999994,True,mix,-0.01562837832911749,-0.04868124950106745,0.14117647058823524,-0.05627425040002389,0.08947001220452358,0.12999999999999998,0.6,0.323418600518535,100,11,0.0,-0.5441068834302242,0.5421968933257449,0.6249999999999998,0.7464413642883301,0.275,0.24999999999999994,0.20000000000000007,0.7867014632424372,0.4555177755877056,0.7499999999999998,0.7801985598549788,0.47801875837320457,0.07341867092483284
200,200,0.09388934272790835,-0.008571270412031495,0.013320319687236569,0.009950248756218905,7.692053609676109,0.06691596824748755,0.10191539058286439,-0.00687432671726047,-0.006502818586859157,1.0,0.34782608695652173,0.2,0.34782608695652173,40,20,0.11652679593568475,0.0005844807938226353,0.006998156892849403,0.009950248756218905,16.567550127914743,0.2336441755545656,0.0012612652894129616,0.014745349939254217,0.009950248756218905,15.759741966567816,0.22206075161460195,0.2259671500992129,-0.00010525811574772704,0.0015871056677494012,1.0,1.0,1.0,1.0,0.1140935810503041,0.12013404644087153,-4.270043744204843e-05,0.0007897636947590443,1.0,1.0,1.0,1.0,0.009950248756218905,20.290230522846606,23.151831339131768,0.009950248756218905,18.04524094397349,0.3,0.2020381806365929,0.017088903868897904,0.027408588464905636,0.009950248756218905,6.7478585041969215,0.197529135402518,0.016339172052099407,0.028714318912814615,0.009950248756218905,6.310090930391079,0.22655681650515502,0.1990719942493581,0.013777808063876375,0.015436821816326465,0.9565217391304348,0.34782608695652173,0.45,0.34782608695652173,0.2433979834931797,0.20705422345096255,0.013741571529169999,0.015615069461539241,1.0,0.34782608695652173,0.475,0.34782608695652173,0.22593372155708888,-0.5452032440220735,0.04739593252552731,0.009950248756218905,16.27010851928191,0.24744285159516308,0.20247248901768455,-0.5215387125442903,-0.518560386986028,1.0,1.0,1.0,1.0,-0.2364156335819211,-0.0015546423671865457,0.022975796394720346,0.009950248756218905,-10.222104477670321,-0.1901772297926973,-0.23498192268935703,0.000744372518544381,0.001242962893448972,0.0,0.0,0.65,0.9130434782608695,-0.20973677637671684,-0.5697381525786175,0.029183016168795612,0.009950248756218905,12.335989333909279,-0.2154076918258027,-0.23283739237803788,-0.5593848333715339,-0.5576292229384944,1.0,0.8695652173913043,0.925,0.8695652173913043,0.2,nan,1.0,False,noise,0.1225490425658172,0.1314130768412273,0.2714285714285714,0.01987374102634939,0.08918855311043707,0.17674418604651163,0.6,0.5410238731117785,100,23,0.0,1.473429854596991,0.5647720026603729,0.95,0.7492644786834717,0.575,0.24999999999999994,0.0,1.4788398644607377,1.2107326881917142,1.4999999999999998,1.705027724149951,1.1787625573901332,0.1451388330570786
200,200,0.22997268077451058,-0.007204359650033239,0.013630342890335644,0.009950248756218905,17.400665729055824,0.1934136865920983,0.24326221423626168,-0.006342915507110296,-0.005535297007592702,1.0,1.0,0.85,1.0,40,20,-0.00043332336142844766,-0.00024807089253544147,0.006404114805301372,0.9552238805970149,-0.02892709991874689,-0.0008474817525937562,-0.0005622893588804332,0.01351388192432538,0.9552238805970149,-0.02110366179675321,-0.004393932491391743,0.004047351267624339,-0.0004456029940443916,-0.0013290270459019855,0.52,nan,0.0,0.0,-0.002569662601814719,0.0021906940771369036,-0.0002699082720746142,-0.0007621577283144029,0.52,nan,0.0,0.0,0.5472636815920398,0.5739871440534706,-0.46617403355801024,0.5970149253731343,0.4908378594629372,0.3,-0.2530704951246733,0.011631413744517989,0.026908246152683214,0.009950248756218905,-9.83720408076313,-0.29765625356942454,0.008978915929293787,0.028058247633435295,0.009950248756218905,-10.92852174853541,-0.24403909290339035,-0.297235647345683,0.01178346465610805,0.008470841763839863,0.0,0.8,0.625,0.8,-0.21570912637361586,-0.25047067732713496,0.011570215782954535,0.008645170538574332,0.0,0.72,0.55,0.72,-0.6865857243344387,-0.525534830454371,0.04039406678876661,0.009950248756218905,-3.9869938008041355,-0.6771660868441537,-0.6853231609017407,-0.5076655936536321,-0.5035813380342361,0.04,0.0,0.075,0.0,-0.24575532390299462,-0.001999983386944451,0.02241188010123854,0.009950248756218905,-10.876166542212736,-0.21155820155287053,-0.2509643550405655,-0.0005826010412087871,-0.00019770227777946535,0.0,0.92,0.725,0.92,-0.650036214724746,-0.5478367403659107,0.02857934722069326,0.009950248756218905,-3.5759905069231417,-0.6408070406638069,-0.6480345346653046,-0.5445842105187538,-0.5399425322144304,0.08,0.2,0.175,0.2,0.2,nan,0.0,True,post,-0.15014436706531223,-0.1326283717079235,0.07500000000000002,0.032424735114500294,0.11255385938032463,0.20000000000000004,0.6,0.008925109472892403,100,25,0.0,-1.1783547222469393,0.5506314872392165,0.0,0.7464697360992432,0.625,0.24999999999999994,0.8000000000000003,-0.03587345852888843,-0.0021674806014718466,0.0,-0.013285836421876565,0.009005484407082034,0.021126459636579813
200,200,0.13994573171950786,-0.010119707935045956,0.015233568431940807,0.009950248756218905,9.850970920907466,0.10682674824296892,0.14084759585069107,-0.00806382193370016,-0.008780210904756362,1.0,0.8095238095238095,0.475,0.8095238095238095,40,20,-0.11597329797437816,-0.00047082782217282217,0.007241183510322779,0.009950248756218905,-15.950772407797464,-0.20966381400372547,-0.001010997162992843,0.015123356873790446,0.009950248756218905,-13.796726386093681,-0.20134743674984423,-0.20289291235172813,-0.0012293435110590106,-0.0005573850015291365,0.0,1.0,0.975,1.0,-0.11235911481802519,-0.11447547572118297,-0.0006135941445870987,-0.0002947362568131487,0.0,1.0,1.0,1.0,0.009950248756218905,-18.01956545413251,-20.388116278538895,0.009950248756218905,-15.480188580394232,0.3,-0.4948177597015859,0.014096757366326566,0.03355663203469231,0.009950248756218905,-15.165840139338437,-0.397519622806451,0.013614939762965239,0.03469690352044776,0.009950248756218905,-11.849315669200132,-0.36636433850218947,-0.4057998724763131,0.012909140525963805,0.014782917877499262,0.0,1.0,1.0,1.0,-0.4377224630583342,-0.479321174089487,0.013076957735615213,0.014394972569642268,0.0,1.0,1.0,1.0,-0.699360759721575,-0.5312340199982014,0.048641946755878504,0.009950248756218905,-3.45641469827888,-0.7035074272164775,-0.7004581099605618,-0.5104968677853686,-0.5082607429299876,0.0,0.047619047619047616,0.1,0.047619047619047616,-0.2453852546880597,-0.0019106132215409857,0.024914847321749624,0.009950248756218905,-9.772271060405144,-0.20545255737378154,-0.24892972839940866,0.0007476952849335183,0.001234864945996286,0.0,0.9047619047619048,0.65,0.9047619047619048,-0.6797550226211575,-0.5558895681157059,0.030337761002816675,0.009950248756218905,-4.082880555683348,-0.6725911441333301,-0.6647941054946768,-0.5459674340342331,-0.5432400482261396,0.047619047619047616,0.14285714285714285,0.15,0.14285714285714285,0.2,nan,0.0,False,err,0.26295353335206395,0.2982496388284248,0.37999999999999995,0.02032198515112201,0.09717954522965049,0.1838709677419355,0.6,-4.340776363789385,100,21,0.95,3.069057774695428,0.5492016884553718,0.0,0.7448873519897461,0.525,0.24999999999999994,0.0,-1.001883197528894,-0.8554448679628468,-1.0,-1.051788214712605,-0.8127613043713966,0.05617823679554427
200,200,0.1998013968529001,-0.009012093589425079,0.013819856360609506,0.009950248756218905,15.10967154639848,0.1748567269897217,0.20602082110541947,-0.007572608142204059,-0.007892765806161734,1.0,1.0,0.85,1.0,40,20,0.01917480732245653,0.00020567631426216034,0.0057670788098694295,0.009950248756218905,3.289209603385779,0.03243608852758818,0.0003443128858779616,0.012147085568481722,0.01990049751243781,2.6419321291633477,0.03769368287257848,0.037001897682601835,0.0011970024325808138,0.0007614175948841163,0.8076923076923077,0.15384615384615385,0.15,0.19230769230769232,0.021390403541274715,0.020769228068872582,0.0005138298952519254,0.00033324355780156735,0.8076923076923077,0.23076923076923078,0.225,0.2692307692307692,0.009950248756218905,4.261413162321332,4.33267132178339,0.009950248756218905,3.584263245406558,0.3,-0.1967395763807319,0.01436155819237389,0.027304345219192692,0.009950248756218905,-7.731411717464947,-0.19188047326115257,0.013831807602115047,0.027513155201007812,0.009950248756218905,-7.476869859268467,-0.15569573057180244,-0.19870132960531006,0.01502174879329267,0.014811499440651904,0.038461538461538464,0.5,0.375,0.5,-0.14274589831707316,-0.17836296648012764,0.014908481020605834,0.014757091435582495,0.038461538461538464,0.4230769230769231,0.3,0.4230769230769231,-0.5383123545368048,-0.5334530355065522,0.03999354022894302,0.9253731343283582,-0.1215025977273813,-0.4989669622713332,-0.5120882855887973,-0.5121534423016488,-0.5117624194920048,0.46153846153846156,0.0,0.05,0.038461538461538464,-0.2484182343170115,-0.0010866241347721444,0.022610343566373124,0.009950248756218905,-10.938870054992908,-0.2144714928563607,-0.24422844692889595,0.0011648032522138284,0.002664577282411594,0.0,0.8846153846153846,0.725,0.8846153846153846,-0.5731279814339909,-0.5608066449102418,0.02664394716413824,0.6169154228855721,-0.4624441133808707,-0.5452692020587409,-0.5485697913305208,-0.5483370660709216,-0.5481384931401355,0.4230769230769231,0.0,0.025,0.038461538461538464,0.2,0.1,0.1,True,mix,-0.10077903336788978,-0.08138990194241426,0.09280575539568343,0.02182659023826989,0.07107715963349943,0.20352941176470588,0.6,0.09157909769185275,100,26,0.0,-1.1450922119298408,0.5509521070678524,0.24999999999999994,0.7451691627502441,0.65,0.24999999999999994,0.7200000000000002,0.1029935420446297,0.0936286194648327,0.15,0.12233103014979842,0.10081130614582448,0.03411471893488734
200,200,0.2055999459314677,-0.009548635138608283,0.012870647826215645,0.009950248756218905,16.716220034793686,0.1876275452096403,0.20398011938517763,-0.008116411916320678,-0.0077198718591858844,1.0,0.9393939393939394,0.85,0.9393939393939394,40,20,0.0917109209824169,-0.0003874619015864483,0.0055074309656869685,0.009950248756218905,16.72256691751249,0.16489686482955251,-0.000838525590909402,0.011332397237814856,0.009950248756218905,14.624918887664633,0.15033250339252488,0.1540022825828671,-0.0009917846489343666,-0.0011866720267302935,1.0,0.8181818181818182,0.825,0.8181818181818182,0.08915427968790098,0.09137522574167367,-0.00049515925343845,-0.000596632718241863,1.0,0.9090909090909091,0.9,0.9090909090909091,0.009950248756218905,20.603710763785124,18.546725957261785,0.009950248756218905,17.028420666520276,0.3,0.027839456086922426,0.009927951436671299,0.022698871578023194,0.3880597014925373,0.7890922942091871,0.03913010402410253,0.011379011236436549,0.023183024803011296,0.26865671641791045,1.1970436568253289,0.04069595632485033,0.02755723990356632,0.012464151992485895,0.011864201796144475,0.6363636363636364,0.06060606060606061,0.05,0.06060606060606061,0.03866704729511582,0.02282443751204453,0.01241319065974627,0.011891059055941513,0.6060606060606061,0.030303030303030304,0.05,0.06060606060606061,-0.05045298264661859,-0.5181357304504776,0.037028688948676676,0.009950248756218905,12.63028103531985,-0.03485751886959202,-0.05100954397689276,-0.49526360200816427,-0.4993820185717948,1.0,0.696969696969697,0.725,0.696969696969697,-0.2675827606538982,-0.0024393603469728665,0.020729959895635294,0.009950248756218905,-12.790347961549173,-0.24708249526385834,-0.266636729846205,0.0005602532908639346,0.0002888043984639805,0.0,0.0,0.775,0.9090909090909091,-0.35099596414407563,-0.541275157863268,0.023085196678577904,0.009950248756218905,8.242476612188494,-0.3346156939034527,-0.3421757493461146,-0.5305456927850902,-0.5347183197195698,1.0,0.3939393939393939,0.375,0.3939393939393939,0.2,0.3,0.3,True,mix,0.020510104083148115,0.007705995168901247,0.1886597938144329,0.11475586267612115,0.1506313715714287,0.24909090909090903,0.6,0.3093738686273959,100,33,0.0,0.051157969873806136,0.5347570282555616,0.7499999999999997,0.75390625,0.825,0.24999999999999994,0.56,0.4940353251738921,0.465516811598925,0.44999999999999996,0.4751662640380812,0.4479614288740019,0.03798182147060816
200,200,0.16390190717730957,-0.008970349950951006,0.012408516786500377,0.009950248756218905,13.931742212929276,0.15577866938522753,0.1702926117335587,-0.007338925710883001,-0.00724678810897631,1.0,0.8823529411764706,0.775,0.8823529411764706,40,20,0.11262372588816683,0.0009646952968715253,0.005711380578986868,0.009950248756218905,19.550269681302172,0.19096802056662388,0.0020350266185010495,0.011827002281492836,0.009950248756218905,15.974715268956595,0.1926054026718254,0.19553949569162662,0.0007846678421133233,0.0011535032873568583,1.0,0.9705882352941176,0.975,0.9705882352941176,0.11098330571885393,0.11328511200663498,0.00038814616171556294,0.0005959238700055398,1.0,0.9705882352941176,0.975,0.9705882352941176,0.009950248756218905,23.50470887799939,20.181555707939243,0.009950248756218905,19.301405107895476,0.3,0.09288872587995897,0.016012920716074328,0.022365055257941836,0.009950248756218905,3.4373179173411037,0.11474345944256553,0.01648110785097619,0.022999143960829613,0.009950248756218905,4.272435172138139,0.11324472742484179,0.10514142443202192,0.015375871485215426,0.015912510896129845,0.7647058823529411,0.08823529411764706,0.1,0.08823529411764706,0.12053007458957785,0.10884144098275428,0.015064694344383301,0.015654704265087024,0.8235294117647058,0.11764705882352941,0.15,0.11764705882352941,0.09562085413013767,-0.5338488743060431,0.03694087555527427,0.009950248756218905,17.039924445680004,0.09585196208312471,0.08497236594764701,-0.5108847384336975,-0.5119509383696634,1.0,0.9411764705882353,0.95,0.9411764705882353,-0.27930986097152166,-0.0024558467048086483,0.018955174130686054,0.009950248756218905,-14.605722550652558,-0.2514509017622685,-0.2725748769811831,0.0014407498010866682,0.0016560914158462617,0.0,0.0,0.825,0.9117647058823529,-0.30546607383767804,-0.5604537596358895,0.024323456244791646,0.009950248756218905,10.483201203872024,-0.2874485729858577,-0.2901262802006144,-0.547657620761381,-0.5487587835878567,1.0,0.6470588235294118,0.7,0.6470588235294118,0.2,0.5,0.4318181818181818,False,mix,0.13450769712150643,0.12609275034580708,0.2717647058823529,0.11951885062044512,0.14854256989452638,0.27674418604651163,0.6,0.39948522934905767,100,34,0.0,0.8488660889288508,0.5505608449373549,0.95,0.7632520198822021,0.85,0.24999999999999994,0.40000000000000013,0.7291386320358949,0.7185968292149926,0.6477272727272727,0.7124422500002331,0.6652379739403014,0.05024988588808539
200,200,,,,,,0.008139246460129158,nan,-0.008538883975651074,nan,nan,nan,0.05,nan,40,20,,,,,,,,,,,0.14528376236165658,nan,0.0014834608878040783,nan,nan,nan,0.75,nan,0.0727413822172517,nan,0.000742877965262835,nan,nan,nan,0.75,nan,,,,,,0.3,,,,,,,,,,,0.18512557492877763,nan,0.017747831036702855,nan,nan,nan,0.3,nan,0.2174409720288379,nan,0.017940710267775797,nan,nan,nan,0.4,nan,,,,,,0.20420804031185735,nan,-0.49982140331116737,nan,nan,nan,1.0,nan,,,,,,-0.09078385428645962,nan,0.002406548687395748,nan,nan,nan,0.15,nan,,,,,,-0.242301545728687,nan,-0.5362715473579521,nan,nan,nan,0.725,nan,0.1,nan,1.0,True,noise,0.24851956004252193,nan,0.3478260869565217,-0.14506438168374264,nan,0.10000000000000002,0.7,nan,100,0,0.0,nan,0.5395274979548577,0.9210526315789473,0.7453656196594238,0.0,0.2857142857142857,0.0,1.121794286482134,nan,2.333333333333333,8.937115072455661,nan,
200,200,0.1790332420572548,-0.010786215452949657,0.022508742201063466,0.009950248756218905,8.433143700619707,0.1031655940933411,0.18278088510042467,-0.007547021115841228,-0.009738399264660264,1.0,1.0,0.5,1.0,40,20,-0.0037873210597496264,0.001105674895028094,0.01075766492943829,0.6666666666666666,-0.4548381071930606,-0.006133249665545775,0.0024864629129950845,0.022291729718348675,0.7064676616915423,-0.3866776013823261,0.006576010967700915,-0.018791776595418315,0.0007010398352748049,0.0021017029969798394,0.5,nan,0.025,0.0,0.003932782372694787,-0.010165661843114637,0.00033628455031447173,0.0009710327923566656,0.5,nan,0.025,0.0,0.208955223880597,-1.1968772185144503,0.6641200063483433,0.26865671641791045,-1.104202806137588,0.3,-0.19443078830791943,0.017838074924607504,0.04521777207089875,0.009950248756218905,-4.694368021825749,-0.2572779652180004,0.01929221628111248,0.045532320223600764,0.009950248756218905,-6.074150847899997,-0.1281582211735482,-0.2599365010189578,0.01543230730819988,0.01980383415953627,0.0,0.875,0.275,0.875,-0.1116436398361785,-0.22783383577580807,0.015175141436049963,0.019470525526275595,0.0,0.5,0.175,0.5,-0.7238260431545798,-0.507579990941322,0.07068089271504603,0.009950248756218905,-3.0594697364959202,-0.6375298770428663,-0.6925456338178078,-0.5067190166267457,-0.48514808906766765,0.0,0.125,0.05,0.125,-0.20401205123238259,-0.00034044095804131426,0.03575121587946619,0.009950248756218905,-5.696914223989336,-0.12401695045504044,-0.20968696886458682,0.0014244962628419588,0.0028771238277918655,0.0,0.75,0.25,0.75,-0.6752328157065319,-0.5361156502618567,0.04459325859360201,0.009950248756218905,-3.11969050545042,-0.6194342644646549,-0.6494921158152536,-0.5446658752094665,-0.5235173541152582,0.0,0.125,0.05,0.125,0.1,nan,0.0,True,post,-0.21078384230898656,-0.1230596206422956,0.03333333333333334,-0.09971216285496258,0.04622774439429607,0.1,0.7,-0.058892035425873915,100,8,0.0,-2.6620295291214693,0.5501707108693228,0.0,0.7453043460845947,0.2,0.2857142857142857,0.35000000000000003,0.08549592887111238,-0.022576351102850747,0.0,0.03812106552826638,-0.05561665727534557,0.06458261172449573
200,200,0.14285403793461174,-0.008402848986161511,0.0196659744020893,0.009950248756218905,7.691298881026334,0.08217593813149594,0.1496919693162612,-0.007917043257176334,-0.005639333056045598,1.0,0.9,0.375,0.9,40,20,-0.09225751503486027,0.00023888132360682765,0.010068915111911476,0.009950248756218905,-9.186331925656816,-0.15743431325180463,0.0004234175844303137,0.021345147201994784,0.009950248756218905,-7.395485696818576,-0.147666811914869,-0.15721797150552325,0.0005314272926296746,0.0005714007332513497,0.0,0.8,0.775,0.8,-0.08048602826394351,-0.08800148816616579,0.0002825315623489883,0.0004049933716783713,0.0,0.8,0.8,0.8,0.009950248756218905,-10.456864717346695,-16.621084796113124,0.009950248756218905,-8.780340683614892,0.3,-0.4285141573586476,0.012723399508338975,0.04187528629000724,0.009950248756218905,-10.536944244408494,-0.39189358767472265,0.013928755137675388,0.04131463726041849,0.009950248756218905,-9.822725545054553,-0.28701629579886484,-0.38548643982298864,0.014651795057536056,0.01264312301675138,0.0,1.0,0.8,1.0,-0.32691577807696415,-0.41072817376251824,0.014544506519922208,0.013127771382141664,0.0,1.0,0.9,1.0,-0.7103566616518208,-0.5434170671185995,0.056835659461948115,0.009950248756218905,-2.937233351573079,-0.7074301779234539,-0.7345688352979091,-0.5020789057350404,-0.5214762118907602,0.0,0.2,0.175,0.2,-0.24164649500540847,-0.005770876285207285,0.03448367439088006,0.009950248756218905,-6.8402112849013355,-0.1338179993549332,-0.2251228666111184,0.0003463780371395993,-0.0024370807460697935,0.0,0.9,0.375,0.9,-0.6722893361771427,-0.5670889784105448,0.036241458465549825,0.009950248756218905,-2.9027628086131188,-0.6653522090341529,-0.6899899943962302,-0.5389081150731733,-0.5591851497132914,0.0,0.3,0.2,0.3,0.1,nan,0.0,False,err,0.13351663217383,0.19534921302910915,0.285,-0.08091905998665869,0.05111176504736416,0.1195804195804196,0.7,-1.4265002724173068,100,10,0.95,3.822000919907252,0.5427286933605421,0.0,0.750124454498291,0.25,0.2857142857142857,0.0,-0.724017280694178,-0.5807572018289796,-1.0,-0.9794354660746522,-0.5878838294941592,0.08301475775707885
200,200,0.17687639931992633,-0.0037861364600110248,0.030542129040129033,0.009950248756218905,5.915191293201966,0.08316290265403024,0.17272854083445177,-0.005260506302387157,-0.0021836791920359015,1.0,1.0,0.325,1.0,40,20,0.028432010053117268,0.0004690895220051404,0.014727964705052615,0.05970149253731343,1.8986276168641596,0.05222746411905479,0.000665736922746271,0.031399251649864415,0.07960199004975124,1.6421323593834454,0.04209824819087498,0.051225383085178766,-0.0012966054198317379,-0.0010318026247320784,1.0,0.0,0.075,0.0,0.02172742163188965,0.027948227722329726,-0.0005806671454582233,-0.0006293891609284729,1.0,0.0,0.1,0.0,0.01990049751243781,2.4409882543109402,4.685252410559712,0.01990049751243781,2.119283434841028,0.3,-0.13921619638819996,0.010122167311170138,0.059331349489134204,0.009950248756218905,-2.517022872102421,-0.1833998614768142,0.00986320665082299,0.06045561184775794,0.009950248756218905,-3.196776316003951,-0.05596261080386354,-0.15917845504943084,0.009229948021118973,0.0050969480445332595,0.0,0.2,0.1,0.2,-0.05643627311639902,-0.15216091225882122,0.009859752273628978,0.006625870900465496,0.0,0.2,0.075,0.2,-0.3963054994275695,-0.5446503186584851,0.08435088586647224,0.09950248756218906,1.7586634414721778,-0.4134377564838587,-0.39736847604153636,-0.5358272858065037,-0.5304290021403031,0.8,0.0,0.075,0.0,-0.24306981491512603,-0.006664085715467504,0.05294749491681058,0.009950248756218905,-4.464908671630769,-0.12223237496488815,-0.2398950153872738,-0.0015351136345768232,-0.004337729242171767,0.0,1.0,0.225,1.0,-0.46133318145324453,-0.5723067743463659,0.05188899210165667,0.03980099502487562,2.1386731249967683,-0.5168170742376645,-0.4812685371934961,-0.5716430153736773,-0.5677673866886218,0.8,0.0,0.075,0.0,0.1,0.1,0.09999999999999999,True,mix,-0.10555020065317713,-0.019627103478530295,0.08752897542883631,-0.0894090333218737,0.07619523822001598,0.10221719457013578,0.7,0.13926987126276041,100,5,0.0,-0.2575896333817667,0.5749407905150684,0.2592592592592592,0.7458579540252686,0.125,0.2857142857142857,0.31500000000000006,0.17645682798229523,0.15164404634340548,0.23333333333333328,0.26126338714124586,0.16180434100416646,0.060698736211602565
200,200,0.1556537354972487,-0.008248856387537012,0.01647961926504506,0.009950248756218905,9.945775399222597,0.09236108458945254,0.1521295406978287,-0.006535842232733988,-0.005950459246814985,1.0,0.875,0.4,0.875,40,20,0.07768407730498078,-0.0006449106871620604,0.007866146545531378,0.009950248756218905,9.957733119869532,0.1398594237855792,-0.0014979339166674849,0.016184544497637954,0.009950248756218905,8.734095526392041,0.1330348886610116,0.13617037956049788,-0.0007691685324573809,-0.002410326080115641,1.0,0.75,0.65,0.75,0.06925249234446078,0.07527908651587761,-0.00035319631243329447,-0.0011055697502365652,1.0,0.8125,0.7,0.8125,0.009950248756218905,10.697672944679965,14.947650124680726,0.009950248756218905,9.452294991836006,0.3,0.03163315672868923,0.009157011052083372,0.03433055118531017,0.5373134328358209,0.654698072123251,0.030093447831447316,0.01067280927636734,0.033646657105628495,0.5572139303482587,0.5771937013990627,0.06720263661352696,0.02711455252130252,0.011734375646510689,0.007906473943998186,0.625,0.0,0.05,0.0,0.08169595587915797,0.0304693448553083,0.011528222211462621,0.007855049230305588,0.6875,0.0,0.1,0.0,-0.0377762785678014,-0.5278145627455463,0.055405977154033295,0.009950248756218905,8.844502151934845,0.029569774459342158,-0.010991263615120702,-0.5235214642924819,-0.5045716056085938,1.0,0.875,0.9,0.875,-0.22200811303977594,-0.006504271685656441,0.026394787858961804,0.009950248756218905,-8.16463623414897,-0.15179003592381726,-0.21380770824583273,-0.0010651033545009299,-0.0029546476185183233,0.0,0.0,0.375,0.75,-0.2992864419386159,-0.5543400713660538,0.03438635386496552,0.009950248756218905,7.417292057820692,-0.3266085531394312,-0.32192945689605973,-0.5586015843571035,-0.5381491114020892,1.0,0.5,0.625,0.5,0.1,0.3,0.2999999999999999,True,mix,0.10536661123931805,0.07874612030460823,0.2692737430167595,-0.048129113444135604,0.04742475223582604,0.13585365853658532,0.7,0.3310300380342845,100,16,0.0,1.660443472915418,0.5596964909419662,0.7777777777777773,0.7534401416778564,0.4,0.2857142857142857,0.245,0.6601927920559987,0.4882667951663269,0.6999999999999996,0.7498016361792409,0.49483542887572823,0.06994871235595816
200,200,0.12329297723003797,-0.010144105564277146,0.017464324117150758,0.009950248756218905,7.640552356425482,0.08302377739054381,0.1260243238849382,-0.008396030662615473,-0.008350930933797553,0.9333333333333333,0.6666666666666666,0.325,0.6666666666666666,40,20,0.10797981462348585,-0.0007998903582427007,0.008063901075424504,0.009950248756218905,13.48971223118736,0.19302425860896502,-0.0016179142986395844,0.016669044335947993,0.009950248756218905,11.676864550427041,0.1648389851868147,0.18509614165227956,0.0009238471775344734,-0.0009541175190306465,1.0,0.8666666666666667,0.75,0.8666666666666667,0.08880699436872623,0.10447665597283454,0.00046013160653708923,-0.0004351214478325089,1.0,0.9333333333333333,0.8,0.9333333333333333,0.009950248756218905,15.69039822265834,16.778170387242866,0.009950248756218905,13.711710482775345,0.3,0.16464149083692167,0.009346078789772274,0.03389465191981116,0.009950248756218905,4.581708418483529,0.13800870158145642,0.008794881095622596,0.035242491875210356,0.009950248756218905,3.666421232065508,0.1383515897642566,0.1419799832371216,0.01598996011140615,0.011166295207742948,0.8,0.2,0.15,0.2,0.16296894345627017,0.16811400246505465,0.015677426878561357,0.011330059372914815,0.8,0.4,0.375,0.4,0.19261093985735347,-0.5010977204624659,0.05533290386113657,0.009950248756218905,12.537000806034206,0.16178402420944712,0.14609079584729293,-0.49533331406961956,-0.4837383653080789,1.0,0.8666666666666667,0.875,0.8666666666666667,-0.20488361447384912,-0.002333736758731476,0.027024329634269914,0.009950248756218905,-7.4950935119873,-0.16607441071938914,-0.2001966341740563,0.0003435331369942472,0.0016151942008492044,0.0,0.0,0.425,0.6666666666666666,-0.18723792437825734,-0.5226717029817306,0.03574773464635566,0.009950248756218905,9.38335762846125,-0.23778606995910279,-0.20881122987624778,-0.5326801966763337,-0.5161474691290544,1.0,0.6666666666666666,0.7,0.6666666666666666,0.1,0.5,0.42291838417147576,False,mix,0.2713192034063504,0.27055838087921064,0.3663815789473684,-0.009006766709377782,0.09226376321946764,0.15938166311300642,0.7,0.45325905355066315,100,15,0.0,2.9324446720825157,0.5399578494503257,0.95,0.7460370063781738,0.375,0.2857142857142857,0.17500000000000002,1.0096099380748367,0.7999182263441861,0.9868095630667766,1.0696573579274546,0.8290197697725642,0.14151308408948626
200,200,0.07735986751432711,-0.009916458278342614,0.021013749724950178,0.009950248756218905,4.153296148040202,0.03906748877769609,0.08589768248712938,-0.007068500997465314,-0.006854192842740137,1.0,0.2,0.05,0.2,40,20,0.10984080904024218,0.0008743221129698489,0.009088161219616881,0.009950248756218905,11.989937709300007,0.18201384578840196,0.0016339697970523986,0.018601347121095582,0.009950248756218905,9.697140470922431,0.1712666016835763,0.18521235084984558,0.0007395338746295739,0.001272351659652609,1.0,1.0,0.875,1.0,0.08702604276431865,0.1005351535420607,0.0003264818383117777,0.0006736714745530226,1.0,1.0,0.875,1.0,0.009950248756218905,12.600012101023669,20.0766726885887,0.009950248756218905,11.475311932708346,0.3,0.23442287319193736,0.014631756301589926,0.042432019422040994,0.009950248756218905,5.179841069996277,0.2235052135411047,0.014035935426520015,0.04183249725244807,0.009950248756218905,5.007333816231089,0.18699972411513888,0.19649909828004758,0.014410668298561049,0.014486239852609334,1.0,0.4,0.325,0.4,0.22093101359916129,0.2236993698381759,0.014116229768911229,0.014252097466807952,1.0,0.5,0.475,0.5,0.2060405167422184,-0.4930883149354739,0.0673912805148611,0.009950248756218905,10.374173429055801,0.21125619603149426,0.19268407026718254,-0.5080798719834039,-0.47561867973688843,1.0,1.0,1.0,1.0,-0.18043858798361728,0.0008907922160669272,0.034498635869514335,0.009950248756218905,-5.2561318911355785,-0.12942027793591537,-0.1715877465974766,0.0012711190179098652,0.0017298447231465493,0.0,0.0,0.325,0.6,-0.18584995656613512,-0.5153462698483722,0.0408076170207819,0.009950248756218905,8.074382611127762,-0.23047806654008068,-0.18632249266301582,-0.5445250604425211,-0.5096231245892556,1.0,0.8,0.875,0.8,0.2,nan,1.0,False,noise,0.25943900157611227,0.2961466172396789,0.36626506024096384,-0.07109111728341402,0.046795148116062966,0.10938166311300641,0.7,0.5392566871981702,100,10,0.0,6.328575272486918,0.5467087986219401,0.95,0.746934175491333,0.25,0.2857142857142857,0.0,1.0818668514247984,1.4203817450835299,2.333333333333333,2.227582204208693,1.170405890253495,0.28402599166931913
200,200,0.2087648338048544,-0.00808146974342327,0.013877274500056368,0.009950248756218905,15.62600087875835,0.17989856998609816,0.21486590195254596,-0.005991186217313796,-0.005610511443927444,1.0,1.0,0.825,1.0,40,20,0.0039534942861999805,-0.00039309173269780757,0.006410113283086068,0.5174129353233831,0.67808255896019,0.006449885073759565,-0.0009029713092557528,0.013397352218561085,0.6368159203980099,0.5488290717832756,0.004854211048392317,0.005370311489504981,-0.0007891341766641689,-0.0004117059418547856,0.5833333333333334,nan,0.025,0.041666666666666664,0.0020032970153148013,0.002205040919366469,-0.0003633692585474264,-0.00016420588779894228,0.5833333333333334,nan,0.125,0.125,0.5870646766169154,0.45650723499412027,0.647520446725168,0.5472636815920398,0.5373298774676052,0.3,-0.22016701584862167,0.012628433164351244,0.027009624734561862,0.009950248756218905,-8.618981244358642,-0.24069917222055642,0.010644728792286387,0.02655603539512088,0.009950248756218905,-9.464662072620877,-0.20844969323460072,-0.24615665905649964,0.010485879382842499,0.01105909708122948,0.0,0.6666666666666666,0.5,0.6666666666666666,-0.19402064287647022,-0.22734797095543213,0.010443708477058479,0.011284204374675278,0.0,0.5,0.4,0.5,-0.6889789433717597,-0.5289236650442988,0.04291960915300775,0.009950248756218905,-3.729187694909735,-0.6510890939275857,-0.6578499413151931,-0.5056516925253078,-0.5085033156286208,0.08333333333333333,0.0,0.1,0.0,-0.21707409129125252,-0.004712806399164566,0.022165619426094282,0.009950248756218905,-9.580660968694014,-0.1925436303514092,-0.2253714256448546,-0.00128132404057658,-0.0009720852311643833,0.0,0.75,0.575,0.75,-0.6280293130053627,-0.554143698004427,0.028598597477031338,0.009950248756218905,-2.5835398067227815,-0.6251411652038192,-0.6278186115971638,-0.5409468648884033,-0.5446255416913361,0.16666666666666666,0.041666666666666664,0.1,0.041666666666666664,0.2,nan,0.0,True,post,-0.1720362525488243,-0.13073721942625757,0.07500000000000001,0.01902834878645251,0.07571789320766904,0.20000000000000004,0.7,0.010158157928431734,100,24,0.0,-1.7266357248964757,0.5443917397329472,0.0,0.7509689331054688,0.6,0.2857142857142857,0.7000000000000001,0.00022589305660781524,0.019650863342816356,0.0,0.011135702832266026,0.010262405059754254,0.030704758501916844
200,200,0.12762401192159084,-0.015874794046119068,0.022736273390761126,0.009950248756218905,6.311447944662257,0.06552397028894039,0.13017444227756256,-0.008129287400889909,-0.01382418013178857,1.0,0.7,0.275,0.7,40,20,-0.08981075333639477,0.0007413360584372253,0.0089851671003652,0.009950248756218905,-10.077952738472005,-0.17817877831897722,0.0013991537334275838,0.01786854920346745,0.009950248756218905,-10.049944737959319,-0.16025937016381434,-0.16828048208504262,0.0008462877319818202,0.0013923506131874746,0.0,0.8,0.825,0.8,-0.08364803990309724,-0.09115328978304285,0.00047154997278892275,0.000815448948205127,0.0,0.9,0.875,0.9,0.009950248756218905,-11.71922081171227,-17.890389076382164,0.009950248756218905,-10.702285141170455,0.3,-0.43135895475371494,0.022492375287152956,0.04038587974440699,0.009950248756218905,-11.237871575460321,-0.35580683414121556,0.026342582211679177,0.039721113924969804,0.009950248756218905,-9.620813179235745,-0.2635419015547124,-0.34793697202222124,0.01585338341185107,0.024375402758138157,0.0,1.0,0.75,1.0,-0.3226066377041822,-0.41034037170683957,0.015689043908765632,0.022117102018512053,0.0,1.0,0.85,1.0,-0.7263677550880718,-0.47314688985096154,0.06670242685808803,0.009950248756218905,-3.796276644807109,-0.6803181402743993,-0.7053885183329169,-0.4958690508116289,-0.4495082455618201,0.0,0.3,0.125,0.3,-0.1824815057322956,-0.002433611829935591,0.03492592427062084,0.009950248756218905,-5.155136124734097,-0.1304409852102449,-0.198378967597537,0.0011666296728745883,0.0001618370526501589,0.0,0.7,0.375,0.7,-0.664891972639932,-0.5007960791980252,0.04272172489527702,0.009950248756218905,-3.841040918649963,-0.653244596632937,-0.6618467748563452,-0.5328003327527611,-0.48826189072819715,0.0,0.5,0.2,0.5,0.2,nan,0.0,False,err,0.15665931986545126,0.22341707579324854,0.285,-0.08307832044222062,0.058425162937113154,0.1195804195804196,0.7,-2.33599686210818,100,10,0.95,3.823987209650182,0.5367659662461352,0.0,0.7499642372131348,0.25,0.2857142857142857,0.0,-1.026721200667096,-0.8679411607686625,-1.0,-1.2766021279576822,-0.700239526194263,0.16193909123930242
200,200,0.2463068007016372,-0.009435143112727942,0.014029077316184458,0.009950248756218905,18.229420084605454,0.20346645378223965,0.2389877733544072,-0.006948669369617472,-0.006445647650208252,1.0,0.9655172413793104,0.825,0.9655172413793104,40,20,0.04366091278127143,0.0002540977945845073,0.005430777595209994,0.009950248756218905,7.99274398881285,0.07467995544516762,0.0005263854655784804,0.011158367800504656,0.009950248756218905,6.645557065217894,0.07470611101018007,0.0768807303045264,0.00037057697659211226,2.0259635468153827e-05,0.8620689655172413,0.3103448275862069,0.275,0.3103448275862069,0.04371599357029941,0.04563709862252942,0.00019734820760759281,6.804883026072765e-05,0.8275862068965517,0.4827586206896552,0.45,0.4827586206896552,0.009950248756218905,9.796364196116501,8.919467730245767,0.009950248756218905,8.09125377187434,0.3,-0.11402445654827434,0.010847359887848431,0.02584563146681691,0.009950248756218905,-4.831447689394384,-0.15000839301370253,0.011005555536347926,0.024357178080680403,0.009950248756218905,-6.6105337822837855,-0.09361705270138265,-0.11894057566457394,0.012289325614167988,0.010566155438377594,0.13793103448275862,0.20689655172413793,0.15,0.20689655172413793,-0.08538317829693032,-0.1090699045957641,0.012418265787522774,0.01080562542260568,0.10344827586206896,0.1724137931034483,0.125,0.1724137931034483,-0.32339797174433205,-0.5037003504712473,0.03912585504873168,0.009950248756218905,4.608266796923375,-0.2804719616263577,-0.2945678882035782,-0.48971073895269795,-0.48134775788088646,0.8620689655172413,0.0,0.225,0.1724137931034483,-0.2492233215626026,-0.005173970002732765,0.02136790948757093,0.009950248756218905,-11.421302195725078,-0.22634792286516978,-0.255786794501448,-0.0005166660652640738,-0.0017435395097314915,0.0,0.9310344827586207,0.775,0.9310344827586207,-0.46241388101640957,-0.5250807363758923,0.027311309676373526,0.01990049751243781,2.294538639844138,-0.43576055931402913,-0.4301239969945602,-0.5240777207189362,-0.5147239477161053,0.8620689655172413,0.0,0.1,0.06896551724137931,0.2,0.1,0.09999999999999995,True,mix,0.012460622043848582,0.011991434974661734,0.17930607187112757,0.06878517439501783,0.1246727666262201,0.2113953488372094,0.7,0.16034121791797393,100,29,0.0,0.09618327481745159,0.5278842522472502,0.5185185185185184,0.7466516494750977,0.725,0.2857142857142857,0.6300000000000001,0.24359387409742028,0.21777322693682455,0.23333333333333317,0.21485602544135624,0.19095997247880891,0.033314653066528005
200,200,0.17145710984912027,-0.00886218945071775,0.01300026655503892,0.009950248756218905,13.870430927131691,0.1534335364332069,0.17007503358319023,-0.006239064430805483,-0.006603708082013421,1.0,0.84375,0.725,0.84375,40,20,0.0837771426945244,0.00017197787636199745,0.005651862994940029,0.009950248756218905,14.792496718023683,0.13973476307917732,0.000277800925437541,0.01183729624082096,0.009950248756218905,11.781149960667603,0.15262687308851614,0.15295927678841464,0.0007170019870250325,0.00040754879015185707,1.0,0.75,0.8,0.75,0.08692408530059113,0.08845776244186943,0.000418781882134876,0.00024397861220251836,1.0,0.9375,0.95,0.9375,0.009950248756218905,18.42617273913532,17.211334758661426,0.009950248756218905,15.389747170552445,0.3,0.06666298209867962,0.01316123832221892,0.024562124569818124,0.03980099502487562,2.1782213351374855,0.054752947549260134,0.012292648796171486,0.02632610964515421,0.11940298507462686,1.61285884332292,0.06416095770276176,0.06165297387185363,0.013553237508900263,0.012621951020025264,0.75,0.03125,0.025,0.03125,0.07286922525621195,0.06187253214378597,0.013987212911822294,0.013453535500942802,0.6875,0.03125,0.025,0.03125,0.02149433824936976,-0.5203564400495082,0.0361072918931172,0.009950248756218905,15.006685627042534,0.03981274394939018,0.027803185809550435,-0.5023652890279224,-0.49919719606937774,1.0,0.8125,0.825,0.8125,-0.2437065607483032,-0.0019409980119266086,0.020753479487164946,0.009950248756218905,-11.649398977855636,-0.22696786987600284,-0.24889055352769882,0.0007298957517831723,0.0011008644077476403,0.0,0.0,0.75,0.90625,-0.3083322297883313,-0.5455767506834596,0.021645096326811792,0.009950248756218905,10.96065904730083,-0.3009894758906671,-0.3023488190027187,-0.5375263571440586,-0.5337610963551763,1.0,0.40625,0.475,0.40625,0.2,0.3,0.2074403558431056,False,mix,0.25357259145105293,0.2530966417372344,0.3666561514195584,0.0875245567266191,0.11915990302387432,0.2493816631130064,0.7,0.3421529639639808,100,32,0.0,2.1240084568256585,0.5398626500817916,0.95,0.7461080551147461,0.8,0.2857142857142857,0.49,0.627660783005842,0.6088943732002265,0.4840274969672463,0.5665259846137429,0.5201102159336123,0.06208538714144516
200,200,0.13596853734132044,-0.00982841670501823,0.013139985920536924,0.009950248756218905,11.09567049134901,0.11583607483239348,0.13761485990944167,-0.007396948909365216,-0.008318409288352093,1.0,0.6551724137931034,0.5,0.6551724137931034,40,20,0.08914722507612677,-0.00022995391787819126,0.006380799585823038,0.009950248756218905,14.007206742330128,0.171694543870753,-0.000672915350857681,0.013523113396368344,0.009950248756218905,12.746137236056462,0.17013696822144517,0.16955598884790948,0.00015675973594597592,-0.0005930000035523107,1.0,0.896551724137931,0.85,0.896551724137931,0.0926206527550476,0.09440102594206048,0.0001290847606851817,-0.0002615428252165662,1.0,0.896551724137931,0.875,0.896551724137931,0.009950248756218905,16.71878078740919,16.16803117508982,0.009950248756218905,14.229802930518185,0.3,0.08385568840205015,0.014961959450109828,0.027584417743292386,0.03980099502487562,2.497559658158651,0.08746008876408903,0.01680928106583544,0.027257514110194368,0.01990049751243781,2.591975460786355,0.10139463525525123,0.08252002852836202,0.014348319831186779,0.014764729783906357,0.7931034482758621,0.10344827586206896,0.125,0.10344827586206896,0.11514609665812066,0.09164669236430886,0.014040993202428954,0.014015422107518714,0.7586206896551724,0.10344827586206896,0.175,0.10344827586206896,0.07408407787993368,-0.542307275301713,0.04199788934099051,0.009950248756218905,14.676722160067305,0.08396773086325393,0.05370356710174208,-0.521908674091397,-0.5195974300196089,1.0,0.8620689655172413,0.9,0.8620689655172413,-0.2485342307998098,-0.004272921165238543,0.021216896265414238,0.009950248756218905,-11.5125844311748,-0.21969204341405085,-0.24341751743579998,-0.0002347301339262833,0.0007819877427240353,0.0,0.0,0.775,0.9655172413793104,-0.3091575243466345,-0.5675927325625044,0.027646739122644808,0.009950248756218905,9.347764561312905,-0.30178220985655113,-0.3125289210896332,-0.5570723245178024,-0.5551619706214423,1.0,0.5172413793103449,0.625,0.5172413793103449,0.2,0.5,0.26816518557239943,False,mix,0.25500522330600306,0.262180720829781,0.3665217391304348,0.06270806844595314,0.10240953193901386,0.20938166311300643,0.7,0.40687311386290276,100,29,0.0,2.5601202921805446,0.560333324502081,0.95,0.7498595714569092,0.725,0.2857142857142857,0.35000000000000003,0.7993554129087566,0.7290799973656636,0.6257187663355985,0.799583833352978,0.68597988621419,0.08902964998565924
200,200,,,,,,-0.00043037528799411346,nan,-0.0076486999635146085,nan,nan,nan,0.05,nan,40,20,,,,,,,,,,,0.10571293306117738,nan,-0.0011603472331989549,nan,nan,nan,0.55,nan,0.052959944917836635,nan,-0.0005193700467236118,nan,nan,nan,0.575,nan,,,,,,0.3,,,,,,,,,,,0.117070604342396,nan,0.013444320129940325,nan,nan,nan,0.075,nan,0.1550279774531607,nan,0.013099086541819488,nan,nan,nan,0.225,nan,,,,,,0.10993430705127154,nan,-0.5274038767307324,nan,nan,nan,0.95,nan,,,,,,-0.04281725885634029,nan,0.0007277738003186456,nan,nan,nan,0.1,nan,,,,,,-0.3344700955216614,nan,-0.5633997413840353,nan,nan,nan,0.625,nan,0.1,nan,1.0,False,noise,0.3870715882791799,nan,0.46116504854368917,-0.18968677338244716,nan,0.05937499999999996,0.8,nan,100,0,0.0,nan,0.5667949369719216,0.95,0.7478563785552979,0.0,0.3125,0.0,0.35140886119985754,nan,4.000000000000001,-123.05526454521014,nan,
200,200,,,,,,0.09890783155989866,0.21424515090508328,-0.00738828639332459,-0.011347760250258007,1.0,1.0,0.425,1.0,40,20,,,,,,,,,,,0.0121816862971855,0.002239957619069467,-0.00010605627415234265,-0.000589278336943192,0.75,nan,0.0,0.0,0.006253472188364308,0.0012073916047198095,-7.811973341981113e-05,-0.00043059907350218447,0.75,nan,0.025,0.0,,,,,,0.3,,,,,,,,,,,-0.10487468141080152,-0.23885129464469917,0.012076043128727884,0.009685423981721177,0.0,0.75,0.2,0.75,-0.09454226966907534,-0.1976600103821538,0.012734174194383616,0.012157625675405084,0.0,0.25,0.05,0.25,,,,,,-0.5998522481582459,-0.607782531321186,-0.5090772345114138,-0.44519550232626803,0.0,0.0,0.075,0.0,,,,,,-0.11267147164689159,-0.19801507493743986,-0.001077926063140339,-0.002716716564202385,0.0,0.75,0.3,0.75,,,,,,-0.5990799933376134,-0.5455655192304656,-0.5450872382388914,-0.4743702268215704,0.0,0.0,0.05,0.0,0.1,nan,0.0,True,post,-0.19428829940413703,-0.17231073498369012,0.03333333333333334,-0.10497562330064794,0.0861369469740007,0.1,0.8,0.005603979375944813,100,4,0.0,-2.00042770305871,0.5486372596128455,0.0,0.7462353706359863,0.1,0.3125,0.32,0.030079612315834448,0.013616007205075309,0.0,0.06322524808945185,0.005635560943242624,
200,200,,,,,,0.04389726014989779,nan,-0.0077487255506328715,nan,nan,nan,0.075,nan,40,20,,,,,,,,,,,-0.10482499692989,nan,0.00041014824145406875,nan,nan,nan,0.55,nan,-0.05429819489344072,nan,0.00019953506896632493,nan,nan,nan,0.55,nan,,,,,,0.3,,,,,,,,,,,-0.18388627553554215,nan,0.015556842808266927,nan,nan,nan,0.425,nan,-0.20945987449537923,nan,0.014798551286027162,nan,nan,nan,0.525,nan,,,,,,-0.6616974054308405,nan,-0.5192684136527908,nan,nan,nan,0.15,nan,,,,,,-0.07808605613277093,nan,-0.0011461718019944438,nan,nan,nan,0.1,nan,,,,,,-0.6386236163075767,nan,-0.5564685472485367,nan,nan,nan,0.125,nan,0.1,nan,0.0,False,err,0.011868384523968035,nan,0.18999999999999995,-0.15368328612498527,nan,0.07037037037037035,0.8,nan,100,0,0.95,nan,0.5597095305872525,0.0,0.7453594207763672,0.0,0.3125,0.0,-0.9270743126082299,nan,-1.0,-1.2369381302620353,nan,
200,200,,,,,,0.0713246018744899,nan,-0.00584254255667777,nan,nan,nan,0.3,nan,40,20,,,,,,,,,,,0.06775882831247619,nan,0.00025139100073501855,nan,nan,nan,0.225,nan,0.03708338142512166,nan,0.0001269451900829867,nan,nan,nan,0.275,nan,,,,,,0.3,,,,,,,,,,,0.023723429586866136,nan,0.012021144915792495,nan,nan,nan,0.0,nan,0.02235284258276524,nan,0.011702941088001271,nan,nan,nan,0.05,nan,,,,,,-0.12347288592157613,nan,-0.4984800621886814,nan,nan,nan,0.375,nan,,,,,,-0.11230312333698074,nan,-0.0016825867890326418,nan,nan,nan,0.225,nan,,,,,,-0.38983507457605465,nan,-0.5343994130833823,nan,nan,nan,0.15,nan,0.1,0.1,0.1,True,mix,0.14594376137688228,nan,0.28383838383838417,-0.13483969743672874,nan,0.11142857142857149,0.8,nan,100,0,0.0,nan,0.5410881928459306,0.6666666666666672,0.7576472759246826,0.0,0.3125,0.28800000000000003,0.4511344780019959,nan,0.4000000000000002,0.5199241278679324,nan,
200,200,0.13197606859983002,-0.009469018326138364,0.025545134877519658,0.009950248756218905,5.537065574271304,0.06845558879286995,0.153790230511832,-0.009377100913582794,-0.008504320017624464,1.0,0.7777777777777778,0.3,0.7777777777777778,40,20,0.07377527321807474,0.0019617016455063573,0.010002714371609508,0.009950248756218905,7.179408398305955,0.12532015370605312,0.004038212061878495,0.020465428537414967,0.009950248756218905,5.926186271473397,0.110194656140483,0.1205296944493494,0.00029244599515334613,0.002072749767868109,1.0,0.7777777777777778,0.525,0.7777777777777778,0.05791210208852231,0.06730766596133325,0.0001399277269711175,0.0009493804986295422,1.0,0.7777777777777778,0.625,0.7777777777777778,0.009950248756218905,7.3625516630516685,12.725640507496914,0.009950248756218905,6.35966821672942,0.3,0.07252628761606801,0.018195310333554104,0.046237796373471626,0.25870646766169153,1.1750338801290843,0.047299472992239605,0.01699527479199285,0.04440878012927381,0.46766169154228854,0.6823920430002568,0.08916759178786605,0.02657262261215995,0.016554512490041282,0.017285513473205626,0.5555555555555556,0.0,0.125,0.0,0.09804131296909162,0.04099976679076525,0.015819863347549278,0.017254882665595012,0.5555555555555556,0.0,0.15,0.0,0.044162607406931606,-0.48828385007167907,0.07680309798442905,0.009950248756218905,6.932616931411093,0.09072038886236326,0.020229772495290312,-0.4928354326037439,-0.47139450552666806,1.0,0.7777777777777778,0.875,0.7777777777777778,-0.20531482213549557,-0.0018231022758581586,0.034654764400958424,0.009950248756218905,-5.871969507550241,-0.13754119800239115,-0.18211867393500572,0.00042711770990040866,0.002128764272977294,0.0,0.0,0.325,0.5555555555555556,-0.3126342710522982,-0.519797199182008,0.04756689008492094,0.009950248756218905,4.355191767961025,-0.2875768291536303,-0.28427972071864327,-0.5293215052568789,-0.5105861773709648,1.0,0.5555555555555556,0.6,0.5555555555555556,0.1,0.3,0.1691394658753709,False,mix,0.378882960139889,0.3911895768383937,0.46130718954248356,-0.06610971957648917,0.08514270102466816,0.12937499999999993,0.8,0.3044247233238712,100,9,0.0,4.5945168773193545,0.5330294932513941,0.95,0.7504487037658691,0.225,0.3125,0.22399999999999998,0.5594078005326886,0.49175391340938446,0.6765578635014838,0.8459806293354707,0.4376589184977837,0.08364094265263745
200,200,0.11546554862409214,-0.00709174281924866,0.022966399117991896,0.009950248756218905,5.336373839379676,0.05786548112418345,0.12722039276352762,-0.006810987099652853,-0.0060555289904771345,1.0,0.4,0.175,0.4,40,20,0.062448205221353,-0.00011210534659390925,0.009774575726232334,0.009950248756218905,6.400309569821178,0.12273418859822541,-8.960994044791372e-05,0.019908025188643704,0.009950248756218905,6.169562142334798,0.11537216147922047,0.1063130102766257,-0.0003391408820813832,-0.00033812220401413496,1.0,0.6,0.575,0.6,0.059800860694867605,0.057016728950059804,-0.000190993458931624,-0.0002057993851493221,1.0,0.6,0.625,0.6,0.009950248756218905,6.996029603723551,13.795590169381777,0.009950248756218905,6.491359734117589,0.3,0.033042716151091084,0.010352890210882664,0.04247047852649179,0.6169154228855721,0.5342493592465871,0.03922758903611442,0.008018859595518707,0.043101083643820856,0.47761194029850745,0.7240822457684504,0.10341262420395463,0.0644368556832344,0.011848229270020565,0.008266480990179256,0.7,0.1,0.075,0.1,0.11918944508008748,0.04501887298518664,0.012052426902957035,0.010123499672593546,0.6,0.1,0.2,0.1,0.06260494747919214,-0.4820750262243919,0.06941733929285371,0.009950248756218905,7.846454203579804,0.10605700264503312,0.08469305202883712,-0.4930081319706084,-0.46386232580592945,1.0,0.8,0.925,0.8,-0.23171218676375077,-0.0038966138028807286,0.0339172297784606,0.009950248756218905,-6.716809552023888,-0.12898214321011947,-0.21273773655955056,-0.001244704098845021,-0.001210275728262483,0.0,0.0,0.275,0.8,-0.24164611466663619,-0.5112054335881213,0.04165535777123325,0.009950248756218905,6.471180019516451,-0.2775327262829004,-0.24538573466086402,-0.5292350143581606,-0.5010710942277425,1.0,0.7,0.675,0.7,0.1,0.5,0.22178988326848237,False,mix,0.3708150696781306,0.3873821422150584,0.4612631578947367,-0.061525665707209944,0.061785313642427994,0.10937499999999997,0.8,0.3094747053131738,100,10,0.0,6.269809431687387,0.5320871626462232,0.95,0.7479150295257568,0.25,0.3125,0.16,0.6166659814471585,0.4670274481688169,0.8871595330739298,1.0334461847216079,0.4481728731653919,0.10967551225097201
200,200,,,,,,-0.009421871996122884,nan,-0.007407542947311706,nan,nan,nan,0.025,nan,40,20,,,,,,,,,,,0.09346878602402853,nan,0.0002741711880127535,nan,nan,nan,0.45,nan,0.043647028752442786,nan,0.00013855844409910978,nan,nan,nan,0.4,nan,,,,,,0.3,,,,,,,,,,,0.12562368445126829,nan,0.013878482389654868,nan,nan,nan,0.1,nan,0.1590972095203727,nan,0.013354478883400842,nan,nan,nan,0.3,nan,,,,,,0.1447924084875875,nan,-0.49807354826652844,nan,nan,nan,0.9,nan,,,,,,-0.05754330390099234,nan,-0.0009422586634306693,nan,nan,nan,0.05,nan,,,,,,-0.26935260790911386,nan,-0.535226739189631,nan,nan,nan,0.625,nan,0.2,nan,1.0,False,noise,0.41321837836953745,nan,0.46116504854368917,-0.18696550158538758,nan,0.05937499999999996,0.8,nan,100,0,0.0,nan,0.5403793498775158,0.95,0.7423694133758545,0.0,0.3125,0.0,-0.2372426989523038,nan,4.000000000000001,-4.632521941542361,nan,
200,200,0.18982204015748616,-0.01002427183483852,0.01401063956476158,0.009950248756218905,14.26389645200052,0.18362502662476987,0.20648231040795095,-0.008099283553015764,-0.008731501841298886,1.0,1.0,0.9,1.0,40,20,0.00175370705773829,0.0004992793236858581,0.006023178047919092,0.8258706467661692,0.20826675284446372,0.0016446745539645344,0.0011368871384659631,0.012475174638849534,0.9552238805970149,0.04070383222344179,0.003079495327031555,0.0058263022343716785,0.0004525472444965387,-1.5474745946334627e-05,0.5,nan,0.075,0.10714285714285714,0.0002795206753176214,0.0018796979880490396,0.00020200063707919962,3.453922051524743e-05,0.5,nan,0.15,0.17857142857142858,0.6666666666666666,0.38217466480428863,0.30853798078887656,0.5373134328358209,0.5748966348881636,0.3,-0.20582365913292822,0.01626142078327654,0.02862340208559818,0.009950248756218905,-7.758863857074056,-0.21942812445166587,0.01626120632170646,0.028258739740613686,0.009950248756218905,-8.340404877514667,-0.2343847958305641,-0.25436758102412804,0.01543856657370706,0.01596257157724453,0.0,0.5,0.45,0.5,-0.2069860487497678,-0.22774578844860915,0.015041190435603015,0.015476006936086887,0.0,0.42857142857142855,0.375,0.42857142857142855,-0.6763936527608199,-0.5360336533661535,0.04320261417355988,0.009950248756218905,-3.2488774597653443,-0.6480176593758112,-0.6522195233425901,-0.5098337818236841,-0.5099221517306642,0.14285714285714285,0.25,0.2,0.25,-0.24528506534381422,-0.0044184407095736586,0.02260737175265733,0.009950248756218905,-10.654339976307691,-0.21567146799354558,-0.24476805256836726,-0.0005540818579232776,-0.001411559766257037,0.0,0.8571428571428571,0.675,0.8571428571428571,-0.6341784697981155,-0.5640683985628546,0.026399707228085947,0.01990049751243781,-2.6557139678434374,-0.6246355250709412,-0.6305576715956238,-0.5468443167465912,-0.5477557698466986,0.21428571428571427,0.21428571428571427,0.175,0.21428571428571427,0.2,nan,0.0,True,post,-0.14120329570031825,-0.1380616894795332,0.07500000000000002,0.037106036293771266,0.08411478836407604,0.20000000000000004,0.8,0.009021308646999607,100,28,0.0,-1.6413485923778053,0.5515876638677046,0.0,0.7457895278930664,0.7,0.3125,0.64,-0.001874983347630227,-7.312266537544063e-05,0.0,0.0015222362684189574,0.009103433530626837,0.03594413863472253
200,200,,,,,,0.04328041675474982,nan,-0.0069776647459883845,nan,nan,nan,0.2,nan,40,20,,,,,,,,,,,-0.09951811353127057,nan,-0.0009141793244547389,nan,nan,nan,0.525,nan,-0.05102975443484653,nan,-0.0003968433188665903,nan,nan,nan,0.55,nan,,,,,,0.3,,,,,,,,,,,-0.18682398608861567,nan,0.011989633590636536,nan,nan,nan,0.375,nan,-0.20716251118358991,nan,0.011390384788891119,nan,nan,nan,0.6,nan,,,,,,-0.6441599710258428,nan,-0.5046160914289162,nan,nan,nan,0.175,nan,,,,,,-0.0740295573209206,nan,0.00014201642748489318,nan,nan,nan,0.125,nan,,,,,,-0.6241294508682571,nan,-0.5408100373819292,nan,nan,nan,0.2,nan,0.2,nan,0.0,False,err,0.004263599486354947,nan,0.18999999999999995,-0.1505570654187783,nan,0.07037037037037035,0.8,nan,100,0,0.95,nan,0.5433905756273631,0.0,0.7456021308898926,0.0,0.3125,0.0,-0.6287475259300338,nan,-1.0,-1.1790495161820793,nan,
200,200,0.19690423385164554,-0.010149545320138963,0.01191689546745369,0.009950248756218905,17.374808709189033,0.19825717562147593,0.20342817096939222,-0.008014178655668079,-0.008344835144883059,1.0,0.972972972972973,0.925,0.972972972972973,40,20,0.04654370120240597,-9.116642533648179e-05,0.005079350225878832,0.009950248756218905,9.181266410998937,0.07951329655323792,-0.0002355683985805796,0.010681559563617764,0.009950248756218905,7.466031946868827,0.09184211077621939,0.09478028226117459,-0.0003295185474109047,-0.0002869420235989088,1.0,0.35135135135135137,0.325,0.35135135135135137,0.05376850454531919,0.05526304353428383,-0.000182392214055048,-0.00015929393455508503,1.0,0.5135135135135135,0.5,0.5135135135135135,0.009950248756218905,12.565712645530295,10.308005636079573,0.009950248756218905,10.11618540159893,0.3,-0.0853665039232251,0.013638274441620673,0.02159122567908965,0.009950248756218905,-4.585417235305129,-0.07789530729484027,0.014545960700677596,0.02156239934169128,0.009950248756218905,-4.287151282487098,-0.06432963458829175,-0.06915788285396789,0.013660760426438151,0.014159569917568775,0.1891891891891892,0.05405405405405406,0.05,0.05405405405405406,-0.07277863499195705,-0.07562361278995257,0.014181586931665498,0.01481392469149993,0.24324324324324326,0.05405405405405406,0.05,0.05405405405405406,-0.1272913714205431,-0.5346689664467904,0.037453457331325594,0.009950248756218905,10.876902268636359,-0.10812702909209422,-0.10816914371075269,-0.5097188851561311,-0.5120568241698356,1.0,0.0,0.525,0.5405405405405406,-0.26950216130422183,-0.0053930195693929475,0.018905820080900183,0.009950248756218905,-13.969726813790977,-0.26161904196131414,-0.2686207942651989,-0.0010872369618404071,-0.0009304173166482006,0.0,0.9459459459459459,0.9,0.9459459459459459,-0.37370685212158156,-0.5603476393052649,0.023239702243888036,0.009950248756218905,8.0311178352011,-0.3718227528372587,-0.36880291258468495,-0.5459234714371576,-0.5486933691752056,1.0,0.0,0.225,0.24324324324324326,0.2,0.1,0.07335907335907331,False,mix,0.4206063525069828,0.4201088787245352,0.46161725067385434,0.12142779717681514,0.13660873888386832,0.239375,0.8,0.21362551349225867,100,37,0.0,3.075270895236589,0.5499051374473123,0.95,0.7944726943969727,0.925,0.3125,0.5760000000000001,0.24254621652781655,0.24826331726169545,0.29343629343629335,0.2712058435048884,0.2716587543944379,0.027116221453771114
200,200,0.20630451507013847,-0.009766439373138468,0.016974285604211336,0.009950248756218905,12.729310644858023,0.13665789363289949,0.19778165745778245,-0.007408534499180504,-0.007574772905470293,1.0,0.8888888888888888,0.525,0.8888888888888888,40,20,0.05456289221819194,-0.0012912057147851424,0.006956388996644902,0.009950248756218905,8.029179787370515,0.08959535177119829,-0.0025939610701439285,0.01421716734536533,0.009950248756218905,6.484365738644185,0.09476699265983823,0.09787703567425325,-0.001215297573357389,-0.0023805128397757693,1.0,0.4444444444444444,0.425,0.4444444444444444,0.05470637956260076,0.058177493952403965,-0.0006048718261295781,-0.0011864659425536307,1.0,0.5555555555555556,0.575,0.5555555555555556,0.009950248756218905,9.811535368140113,12.195288583363702,0.009950248756218905,8.156059133897141,0.3,-0.04125287070203055,0.006656932247526705,0.0322250812919842,0.12935323383084577,-1.4867240369068615,-0.04427614308430757,0.010439028179580607,0.032642961032230654,0.11940298507462686,-1.6761705902901376,0.014368448755570945,-0.0355395839900311,0.010394642001493716,0.009192683343413784,0.3333333333333333,0.0,0.0,0.0,0.023709140844575916,-0.0336670851585856,0.010467608857947088,0.00858622331239986,0.2222222222222222,0.0,0.025,0.05555555555555555,-0.09057371315162335,-0.5029975838951816,0.05122083323628576,0.009950248756218905,8.051877423253979,-0.010106755718261274,-0.07673722206343742,-0.4743895645989996,-0.4830316866467941,1.0,0.5555555555555556,0.7,0.5555555555555556,-0.23609125740340564,-0.0034474687971709035,0.027133532796793123,0.009950248756218905,-8.574032373151077,-0.17657663317924827,-0.2367034751932449,0.0005683785871440994,1.2581348047340975e-05,0.0,0.0,0.575,0.9444444444444444,-0.3352330310080907,-0.5234844344272798,0.032608990620941185,0.009950248756218905,5.772990817217225,-0.3083843038669807,-0.3279565770916003,-0.5078379877085009,-0.5150017271847991,1.0,0.3888888888888889,0.4,0.3888888888888889,0.2,0.3,0.09238249594813609,False,mix,0.42696108119275866,0.4348068913841914,0.46148883374689814,0.014018669807030069,0.12472043897678338,0.19937499999999997,0.8,0.2272921035715259,100,18,0.0,3.486252092691322,0.5095949701037974,0.95,0.7592730522155762,0.45,0.3125,0.44799999999999995,0.4145429123730819,0.2610898261816259,0.3695299837925445,0.4003162796402897,0.29415009814457777,0.038484039080618496
200,200,0.14299900861878523,-0.008726361868038334,0.014779749488703869,0.009950248756218905,10.265760633664405,0.10005654392366803,0.1413936954654036,-0.0054706602985263916,-0.007220429427153018,1.0,0.7222222222222222,0.5,0.7222222222222222,40,20,0.06169456544193891,7.322128297573695e-05,0.007088270223043881,0.009950248756218905,8.693424800586678,0.11331137236869301,0.00023635656271353146,0.014835025689042542,0.009950248756218905,7.622165149459557,0.10187708801392885,0.10592767641468409,-0.00047787758948683823,0.0009785130248346748,1.0,0.5,0.5,0.5,0.054796382078180016,0.057346564298755016,-0.0002237405622412194,0.0004458048478405383,1.0,0.5,0.575,0.5,0.009950248756218905,9.56134033813627,12.058885022432175,0.009950248756218905,8.510020588162371,0.3,0.02108724827804333,0.011692604847288783,0.03313710804013444,0.8756218905472637,0.28350824758432736,0.00938804412517942,0.013282196546483344,0.03145361932284267,0.9154228855721394,-0.12380617890774986,0.026863100983763998,0.005177685663098831,0.010150406556335133,0.014842419053622125,0.5,0.0,0.0,0.0,0.03746927057693179,0.003721909104170272,0.009980035572462704,0.01411490665480572,0.5555555555555556,0.0,0.05,0.0,-0.0013095342963584727,-0.5158225468943624,0.049537700365150907,0.009950248756218905,10.38629183016276,0.010185726057248056,-0.02729292255736611,-0.5053493080406836,-0.4933517819088132,1.0,0.6666666666666666,0.8,0.6666666666666666,-0.22390406851068603,-0.004219184639128435,0.02396348314977452,0.009950248756218905,-9.167485481527638,-0.16206404622168852,-0.21818960775981977,-0.0014743487434900108,-0.0009703073167273514,0.0,0.0,0.55,0.9444444444444444,-0.33483648071606503,-0.5413994277712776,0.031065862361965055,0.009950248756218905,6.649194045920486,-0.32385596748244566,-0.3090406846689453,-0.5418873629055339,-0.5314378955464915,1.0,0.5555555555555556,0.45,0.5555555555555556,0.2,0.5,0.12472647702406996,False,mix,0.40434046392749706,0.4086952469644461,0.46137931034482754,-0.02038257067048963,0.07445797109862037,0.15937499999999996,0.8,0.28855031369490575,100,18,0.0,5.4889388058012605,0.5468245277898116,0.95,0.747314453125,0.45,0.3125,0.32,0.4430670590855314,0.4430670590855314,0.49890590809628,0.5476541556340736,0.40558077296159684,0.054364432091180845
200,200,,,,,,-0.009694935888435584,nan,-0.005040260628855092,nan,nan,nan,0.075,nan,40,20,,,,,,,,,,,0.05701441497276535,nan,-0.0006227504240284529,nan,nan,nan,0.15,nan,0.026249978579105777,nan,-0.00032368643604581713,nan,nan,nan,0.075,nan,,,,,,0.3,,,,,,,,,,,0.07298175874519763,nan,0.009474712752093318,nan,nan,nan,0.05,nan,0.10444347738450233,nan,0.00940384947894833,nan,nan,nan,0.15,nan,,,,,,0.07147282746598387,nan,-0.5066259826136493,nan,nan,nan,0.9,nan,,,,,,-0.022382388615719794,nan,-0.0012959284011516614,nan,nan,nan,0.05,nan,,,,,,-0.3130485512940421,nan,-0.5409638133319077,nan,nan,nan,0.525,nan,0.1,nan,1.0,False,noise,0.5317677300805204,nan,0.5560975609756097,-0.20577845079373808,nan,0.021839080459770097,0.9,nan,100,0,0.0,nan,0.5434299197222968,0.95,0.7417440414428711,0.0,0.33333333333333337,0.0,-0.056104211336502806,nan,9.000000000000002,-2.7075969228860557,nan,
200,200,,,,,,0.08677612929547304,nan,-0.006271153304442487,nan,nan,nan,0.325,nan,40,20,,,,,,,,,,,0.008773288342558085,nan,0.0008936238956463336,nan,nan,nan,0.025,nan,0.004032191883259477,nan,0.0004044737866183192,nan,nan,nan,0.0,nan,,,,,,0.3,,,,,,,,,,,-0.10394834104671305,nan,0.013094754699171015,nan,nan,nan,0.15,nan,-0.09808560460099887,nan,0.013761752314874524,nan,nan,nan,0.075,nan,,,,,,-0.5907803157664364,nan,-0.5269090579520238,nan,nan,nan,0.025,nan,,,,,,-0.11824579592293108,nan,-0.000561490610218717,nan,nan,nan,0.2,nan,,,,,,-0.5958541817557694,nan,-0.5632736853711031,nan,nan,nan,0.075,nan,0.1,nan,0.0,True,post,-0.1924500602772535,nan,0.03333333333333334,-0.10142169122377793,nan,0.1,0.9,nan,100,0,0.0,nan,0.5674272947232973,0.0,0.7423808574676514,0.0,0.33333333333333337,0.3,0.04151313593070325,nan,0.0,0.04646660223262377,nan,
200,200,,,,,,0.02200234338387406,nan,-0.007404563239734632,nan,nan,nan,0.0,nan,40,20,,,,,,,,,,,-0.07723681145260022,nan,-0.0006873415300121744,nan,nan,nan,0.325,nan,-0.039381177248371764,nan,-0.00028816545109855055,nan,nan,nan,0.35,nan,,,,,,0.3,,,,,,,,,,,-0.1272632897618597,nan,0.012797449030916478,nan,nan,nan,0.175,nan,-0.14215705614415688,nan,0.013010503940003849,nan,nan,nan,0.25,nan,,,,,,-0.6297121260816766,nan,-0.5197436239607175,nan,nan,nan,0.075,nan,,,,,,-0.060644867111243596,nan,0.0005655693639282113,nan,nan,nan,0.05,nan,,,,,,-0.619806194823614,nan,-0.5558860635237733,nan,nan,nan,0.05,nan,0.1,nan,0.0,False,err,-0.09211469307156082,nan,0.09499999999999995,-0.19250385309536727,nan,0.0314917127071823,0.9,nan,100,0,0.95,nan,0.5591797751871538,0.0,0.7570693492889404,0.0,0.33333333333333337,0.0,-0.4062669872190293,nan,-1.0,-1.7898628596640747,nan,
200,200,,,,,,0.06142166289287293,0.15267317994312074,-0.006141558647703985,-0.007455012281167787,1.0,1.0,0.225,1.0,40,20,,,,,,,,,,,0.054550469447415706,0.03779076674965176,0.0011241002361376323,-0.0034168576377881033,0.75,0.0,0.175,0.0,0.029185372241977425,0.022176467633232257,0.0005443640134550389,-0.0016978251309607481,0.75,0.25,0.225,0.25,,,,,,0.3,,,,,,,,,,,0.004439516581235234,-0.12034351293488386,0.012468490984332057,0.00891732479593294,0.0,0.0,0.0,0.0,0.012979690304300193,-0.15201601221455235,0.012632400398686208,0.008985270838759359,0.0,0.0,0.075,0.25,,,,,,-0.025471990658361886,-0.19924190733636749,-0.5074014552914756,-0.5504640586596246,1.0,0.5,0.65,0.5,,,,,,-0.09030246373572046,-0.21559942621959827,-0.0013209697403588246,-0.0037001043204892992,0.0,0.0,0.175,0.75,,,,,,-0.36621521190931505,-0.4599522284994918,-0.5451323814645157,-0.589177704136067,1.0,0.0,0.25,0.0,0.1,0.1,0.033989266547406034,False,mix,0.5138638837566253,0.4554154825513533,0.5562640449438202,-0.12776998082286245,0.03387102654247548,0.11183908045977016,0.9,0.1268316404443897,100,4,0.0,13.445576619304584,0.5499505591299109,0.95,0.7534081935882568,0.1,0.33333333333333337,0.27,0.29116437563616915,0.2256878474595792,0.3059033989266544,0.4751641500309161,0.1452545079724823,
200,200,,,,,,0.04973494895414329,0.15233525461706757,-0.007738840153713899,-0.007264139431131481,1.0,1.0,0.2,1.0,40,20,,,,,,,,,,,0.06163481039483602,0.05702340065283739,0.0012322893422042683,0.0017608780984082572,1.0,0.0,0.15,0.0,0.03231959918323145,0.03309596133581627,0.0005679347581236164,0.0007730746632642403,1.0,0.0,0.175,0.0,,,,,,0.3,,,,,,,,,,,0.031963032323481654,-0.05206238953739542,0.01388134655776058,0.013499332754774546,0.25,0.0,0.0,0.0,0.051467102127369754,-0.06060177098406444,0.01447490345227871,0.013938895383023828,0.25,0.0,0.075,0.0,,,,,,0.023891256723468975,-0.11505516167775301,-0.48602422667048306,-0.4746715697086819,1.0,0.75,0.8,0.75,,,,,,-0.07665664368678125,-0.1969169952965622,0.0017577711638354847,0.006867984973755396,0.0,0.0,0.15,1.0,,,,,,-0.31334113190149193,-0.32929881431451724,-0.5206873629875389,-0.5063238000550208,1.0,0.5,0.5,0.5,0.1,0.3,0.043280182232346205,False,mix,0.542854101590555,0.5777847800615776,0.5562228260869565,-0.13633204374160926,0.04619427446923996,0.0918390804597701,0.9,0.17848106730975444,100,4,0.0,12.50771414207004,0.5243869421555646,0.95,0.7503969669342041,0.1,0.33333333333333337,0.20999999999999996,0.31398453353666345,0.24470321238038256,0.38952164009111595,0.6498367820389405,0.21725739993024712,
200,200,,,,,,0.05189783761259994,0.12497057823044437,-0.006352210809949396,-0.005348298210920779,1.0,0.5,0.225,0.5,40,20,,,,,,,,,,,0.0548831260364534,0.07207019108124975,-0.001753381373398828,-0.003938450579908582,1.0,0.25,0.2,0.25,0.027132990312438664,0.03591753363015851,-0.0009023060554784983,-0.0019224403673804558,1.0,0.5,0.2,0.5,,,,,,0.3,,,,,,,,,,,0.011065505172082653,-0.0459344020939126,0.009028756315895527,0.003743660670674791,0.0,0.0,0.025,0.0,0.019325041367099807,-0.05894408844728391,0.008935778371516835,0.004240195251181118,0.25,0.0,0.05,0.0,,,,,,-0.00812798648943144,-0.04827081622698992,-0.5051653017391755,-0.5156893334012647,1.0,0.75,0.8,0.75,,,,,,-0.08483480130145728,-0.17618595507743587,-0.0006152593474164821,0.00024184406176475687,0.0,0.0,0.15,0.5,,,,,,-0.32872822489251124,-0.32757445196532287,-0.5392501374975693,-0.5512685760317724,1.0,0.5,0.475,0.5,0.1,0.5,0.059561128526645704,False,mix,0.5413538973756704,0.5507540728760218,0.5561842105263158,-0.1179892402000148,0.03566175879857833,0.07183908045977012,0.9,0.22324541704658873,100,4,0.0,15.443828106929429,0.5422114847548359,0.95,0.7449488639831543,0.1,0.33333333333333337,0.15,0.24650005888075727,0.28451119616866904,0.5360501567398115,0.5228154304805027,0.2874079174373905,
200,200,,,,,,-0.017526535952424937,nan,-0.007652861811351333,nan,nan,nan,0.025,nan,40,20,,,,,,,,,,,0.04854228675532562,nan,-0.001334020635082727,nan,nan,nan,0.125,nan,0.022958552643113174,nan,-0.0006455398209107523,nan,nan,nan,0.125,nan,,,,,,0.3,,,,,,,,,,,0.07645577779140078,nan,0.010223199410258711,nan,nan,nan,0.025,nan,0.10066227345351084,nan,0.010513498256079253,nan,nan,nan,0.15,nan,,,,,,0.0873798727383387,nan,-0.48803669654820453,nan,nan,nan,0.925,nan,,,,,,-0.022971016017891532,nan,0.0009603035268610043,nan,nan,nan,0.0,nan,,,,,,-0.29469611174416716,nan,-0.5226112773227192,nan,nan,nan,0.575,nan,0.2,nan,1.0,False,noise,0.5376212210789558,nan,0.5560975609756097,-0.21384916496247638,nan,0.021839080459770097,0.9,nan,100,0,0.0,nan,0.5267988051828901,0.95,0.7479050159454346,0.0,0.33333333333333337,0.0,-0.12908561463952573,nan,9.000000000000002,-1.309930992948819,nan,
200,200,0.22702100092452077,-0.007572148997887953,0.014683859990891926,0.009950248756218905,15.976258970866338,0.1943636524309713,0.22718973455324007,-0.00658159598995142,-0.005852708135521062,1.0,1.0,0.9,1.0,40,20,0.00499886212580265,-0.0001474592261649041,0.006530434192237082,0.4079601990049751,0.7880519425947335,0.008063043331197381,-0.00030513978506892226,0.013351594265284183,0.5174129353233831,0.6267553484154227,0.007687685204759646,0.017376276707140537,-0.0009873631088804043,-0.0015804041168788717,0.5185185185185185,nan,0.075,0.07407407407407407,0.004246239201419208,0.01037780169950383,-0.0004888568456175499,-0.0007886181153231984,0.5555555555555556,nan,0.15,0.1111111111111111,0.04975124378109453,2.1800959657759784,0.98580814166686,0.09950248756218906,1.8081403808503667,0.3,-0.208384470650653,0.009201109758099185,0.028773054898534735,0.009950248756218905,-7.562129956950472,-0.24249650796903455,0.007824614051972656,0.028087623466890827,0.009950248756218905,-8.912150303751009,-0.2201474993240624,-0.2350813983755521,0.010585870792172191,0.008206532904882493,0.0,0.6296296296296297,0.55,0.6296296296296297,-0.19337510266473854,-0.20265150408590749,0.01083705369103519,0.008515433683792005,0.037037037037037035,0.48148148148148145,0.4,0.48148148148148145,-0.6461241778453981,-0.5057703245853026,0.045454012095981225,0.009950248756218905,-3.0878210038012677,-0.6282516728143641,-0.6091090291941248,-0.49633490110421324,-0.4868901213626034,0.14814814814814814,0.037037037037037035,0.1,0.037037037037037035,-0.23113751458036746,-0.006539726418599721,0.022059169678099524,0.009950248756218905,-10.181606625682207,-0.21172125367542108,-0.23361443270757826,-0.0011786074612122111,-0.0022918749385835995,0.0,0.8888888888888888,0.725,0.8888888888888888,-0.6300174857433034,-0.5310295134220864,0.027370382863679824,0.009950248756218905,-3.6166089751326167,-0.6110483292181524,-0.6002203710137674,-0.5327152834994676,-0.5215301384848828,0.18518518518518517,0.037037037037037035,0.075,0.037037037037037035,0.2,nan,0.0,True,post,-0.1431289124016742,-0.1461669936272933,0.07500000000000002,0.0374019252816047,0.09092177087018757,0.2000000000000001,0.9,0.043683585153078616,100,27,0.0,-1.6076127007686796,0.5373073843270452,0.0,0.7485067844390869,0.675,0.33333333333333337,0.6,0.0010013796711021527,0.02378338989279104,0.0,0.021846879024499034,0.04567900798824111,0.02963351510168675
200,200,,,,,,0.027816368742302377,nan,-0.005553343414000006,nan,nan,nan,0.2,nan,40,20,,,,,,,,,,,-0.05858258010409889,nan,-0.0010506688266020967,nan,nan,nan,0.225,nan,-0.030342002973786274,nan,-0.0005294459786402338,nan,nan,nan,0.175,nan,,,,,,0.3,,,,,,,,,,,-0.1166645265434989,nan,0.010204708615249079,nan,nan,nan,0.2,nan,-0.12687197531891853,nan,0.009698047877454074,nan,nan,nan,0.25,nan,,,,,,-0.6074210645217744,nan,-0.5132426770915608,nan,nan,nan,0.025,nan,,,,,,-0.06082323862425334,nan,-0.0018999368653850436,nan,nan,nan,0.15,nan,,,,,,-0.6068699709996129,nan,-0.5480996592906169,nan,nan,nan,0.1,nan,0.2,nan,0.0,False,err,-0.08988070259721545,nan,0.09499999999999995,-0.19534189353379572,nan,0.0314917127071823,0.9,nan,100,0,0.95,nan,0.5499426853331633,0.0,0.7490379810333252,0.0,0.33333333333333337,0.0,-0.1378574640064246,nan,-1.0,-1.0907966907859896,nan,
200,200,0.18901392241282167,-0.006303578218132984,0.012699788138201974,0.009950248756218905,15.37958731988957,0.16717787228013728,0.19849290902759292,-0.005573972039254015,-0.004895592378844511,1.0,0.9615384615384616,0.825,0.9615384615384616,40,20,0.0226614369165902,0.0006012810880714514,0.006300165723541723,0.009950248756218905,3.5015199271005546,0.04311274810436832,0.001299557719518405,0.013120776280047769,0.009950248756218905,3.1867924190771197,0.04698476588458721,0.04849833338046499,0.00020708023762335462,0.0012907229910928731,1.0,0.0,0.025,0.0,0.027332874000754365,0.02782855936212571,8.05273559166233e-05,0.0005829892212509849,1.0,0.0,0.05,0.0,0.009950248756218905,4.910301162693399,5.031682968512359,0.009950248756218905,4.029858673293966,0.3,-0.14746777454422372,0.011849592422502102,0.0273280570580018,0.009950248756218905,-5.829809511256383,-0.12019426526655522,0.013199119436790413,0.027285430685321903,0.009950248756218905,-4.888813603012515,-0.10168324712631263,-0.13245218327125416,0.012020709929676951,0.012858311174322502,0.038461538461538464,0.11538461538461539,0.075,0.11538461538461539,-0.11903647343419002,-0.1536182677600873,0.01162301369191658,0.012610197978455787,0.0,0.19230769230769232,0.125,0.19230769230769232,-0.17572744348771682,-0.5392886490673513,0.04206153032640148,0.009950248756218905,8.643556303104555,-0.1419754550614953,-0.1696150245193702,-0.511189432925379,-0.515907864215916,1.0,0.0,0.5,0.38461538461538464,-0.24018603909980796,-0.003921360385787286,0.023549164737059466,0.009950248756218905,-10.032826273968718,-0.2096695836387386,-0.24426681025805805,9.378360182180645e-05,-0.0007297122990236385,0.0,0.8846153846153846,0.725,0.8846153846153846,-0.3932314552993974,-0.5670692805194831,0.02679105937388129,0.009950248756218905,6.488650664671822,-0.40700722095525615,-0.41044248638240105,-0.5481599336160722,-0.5531052745372879,1.0,0.0,0.1,0.11538461538461539,0.2,0.1,0.01728844404003638,False,mix,0.524021133789403,0.5106225140165926,0.5564900662251656,0.02814692678084102,0.08920574397273746,0.20183908045977014,0.9,0.12296031640359359,100,26,0.0,5.724099046499137,0.5543215890918547,0.95,0.75248122215271,0.65,0.33333333333333337,0.54,0.15893839215741726,0.12982576966199777,0.15559599636032745,0.16349576428962503,0.14019926202128058,0.019251053007763107
200,200,0.16130163208034853,-0.008355756683583798,0.016285056115801024,0.009950248756218905,10.41797999018865,0.11081743769598115,0.17014459740079907,-0.007135781048806412,-0.0077000163254568686,1.0,1.0,0.55,1.0,40,20,0.027985862071782948,0.00032714380741383946,0.007899153099865955,0.009950248756218905,3.5014789447918138,0.04792157415518579,0.000839308836595799,0.016376803918243872,0.029850746268656716,2.8749361322733487,0.055999537004788234,0.05637318659800018,0.0012271778523891836,0.0008418483673929944,1.0,0.125,0.125,0.125,0.029599738740136616,0.032383792759493275,0.0005497902540561874,0.0004287838557516564,1.0,0.1875,0.175,0.1875,0.009950248756218905,4.812742238433477,5.824328354002132,0.009950248756218905,4.0594459590295076,0.3,-0.07350536220773402,0.01466947976158436,0.033948729096884483,0.01990049751243781,-2.5972943409776423,-0.07938518602055075,0.015471492832299422,0.03486199652339651,0.009950248756218905,-2.720919290622648,-0.04307063578594475,-0.09076539984404387,0.014861588041508859,0.015426376319910182,0.0,0.0,0.0,0.0,-0.04848869723731157,-0.0909619117162203,0.01507222549756458,0.014918034386074313,0.0625,0.0625,0.05,0.0625,-0.14721105992108424,-0.5078575924925066,0.05490749638099102,0.009950248756218905,6.568256728779024,-0.10141412706766913,-0.14418160624473564,-0.5219514030029712,-0.4879740875122217,1.0,0.0,0.6,0.3125,-0.19016374226790073,-0.005837569509595864,0.025221831943275985,0.009950248756218905,-7.308199228570989,-0.14822499103856468,-0.17897134815409327,-0.0006957197489123467,-0.0006992909725030747,0.0,0.6875,0.475,0.6875,-0.381363896828554,-0.5328383595013942,0.034494602992452175,0.009950248756218905,4.391251080686257,-0.39504713112638806,-0.36992301329360766,-0.5595114500377225,-0.5243920141430614,1.0,0.0,0.225,0.0625,0.2,0.3,0.02211874272409777,False,mix,0.5127704502461562,0.5525383978540461,0.5563803680981595,-0.029161749858884544,0.04324965069912112,0.1618390804597701,0.9,0.15989754687657826,100,16,0.0,12.775557465144436,0.5648547992683547,0.95,0.7425496578216553,0.4,0.33333333333333337,0.41999999999999993,0.18588916146327195,0.16089794117491324,0.19906868451687998,0.2671036197510824,0.19033100817893608,0.037471590533339635
200,200,0.17550190286280357,-0.008505052584662413,0.022725195289357732,0.009950248756218905,8.097046168203443,0.08629469763946132,0.18311359950552708,-0.006197847003806631,-0.0060132294019149424,1.0,1.0,0.3,1.0,40,20,0.01965971834741817,0.0002759786298771387,0.009600611192153026,0.03980099502487562,2.019011011649461,0.03245134234994351,0.0005244230704096628,0.019685182247564003,0.11940298507462686,1.6218757274580409,0.05131613294129993,0.0311624206139692,-0.0011041590086736134,0.0003016282012710978,0.875,0.0,0.125,0.0,0.026861225930537046,0.018754846859950304,-0.0005541838223049096,0.00019170428648424207,0.875,0.125,0.1,0.125,0.03980099502487562,2.2762934323059083,6.286841344321608,0.06965174129353234,1.837450295842711,0.3,-0.12501202823559543,0.010416296237908726,0.04765517061085235,0.009950248756218905,-2.8418390435857908,-0.09424552179084206,0.008414017454799992,0.04494226795630681,0.01990049751243781,-2.284253641653424,-0.02633107231053696,-0.11195082605599481,0.010168836630881917,0.011122665693596066,0.0,0.0,0.0,0.0,-0.024969087026344552,-0.13617824594261452,0.010166493139234112,0.011821522236293824,0.0,0.125,0.025,0.125,-0.13287604374046932,-0.5006046414715696,0.07427520049920823,0.009950248756218905,4.950893370258479,-0.06132491508659257,-0.17795610521544075,-0.5046710421255229,-0.4790640498692356,1.0,0.0,0.55,0.0,-0.1893907195614285,-0.0055940319180518006,0.03776181391756329,0.009950248756218905,-4.8672632103889555,-0.11834361507462572,-0.19295684928317847,-0.0016009886533981037,-0.0033317019977592045,0.0,0.625,0.225,0.625,-0.35209243692894165,-0.525097849933717,0.0451534118944843,0.009950248756218905,3.8315025541198864,-0.3643536253659689,-0.3814611447233053,-0.5416582113919542,-0.5147521667330593,1.0,0.0,0.25,0.0,0.2,0.5,0.030694668820678492,False,mix,0.5195010557748244,0.5440314908544,0.5562857142857143,-0.0814461562363582,0.05354841649386598,0.1218390804597701,0.9,0.0929062822725408,100,8,0.0,10.159618649352952,0.5482842436443945,0.95,0.743788480758667,0.2,0.33333333333333337,0.3,0.27740391197486425,0.10561859555011863,0.2762520193861065,0.3112731913467392,0.10242192229629679,0.031060030072460873
