B,D_nullmean_strat,D_nullmean_unres,D_z_strat,D_z_unres,G,N_nullmean_strat,N_nullmean_unres,N_z_strat,N_z_unres,Nc_nullmean_strat,Nc_nullmean_unres,Nc_z_strat,Nc_z_unres,R2rna,S_mean_sel,S_nullmean_strat,S_nullmean_unres,S_z_strat,S_z_unres,class_strat,class_unres,config,delta_target,fX,feasible,hyp,incr_p_mean_sel,incr_p_pop,lam,n,n_ops,n_sel,n_single,nu_P,nu_W,nu_X,nu_e,rep,seconds,theta_pc_strat,theta_pc_unres,theta_pop,theta_set_all,theta_set_all_resid,theta_set_sel,theta_set_sel_resid
200,-0.052445303242125194,-0.2314400575299866,18.341784348389936,18.605968318194414,200,-0.06457983919453465,-0.01301864397432281,1.1650849028039738,0.66799870414781,-0.13240782264953949,-0.02951639488466066,1.210574763998099,0.7075228210674824,0.3,-0.20657985991307995,-0.03178734385362313,0.32969233740845433,-11.489843461258797,-10.918743395419643,R1_post,R1_post,nobatch,0.1,nan,True,post,0.057122637724752595,0.09999999999999996,0.5,100,12,30,10,0.0,0.0,0.0,0.0,0,4.516992092132568,0.024953841773823503,0.015443705804443503,0.0,0.016714703084327376,0.0027730532006475838,0.013775073995674503,0.007604538062985889
200,0.14444529793950042,-0.1284922013103564,11.74677715307749,15.86175267207046,200,0.01172490519080979,0.0017343623251998058,2.0372006632859194,2.139714505024662,0.020300249786888314,-0.0002759005812372617,1.7975710112591718,1.8333782924485578,0.3,-0.1728165537133936,-0.06452708069064578,0.22829115216428375,-6.021499701836987,-7.018027355644403,R1_post,R1_post,nobatch,0.1,nan,True,post,0.07328380273667282,0.09999999999999996,0.5,100,12,17,10,0.0,0.0,0.0,0.0,1,4.581807613372803,0.06502808958029735,0.06278035095521496,0.0,0.015033265035115258,0.014823312634258396,0.06572983517844164,0.030125866472158983
200,0.07139770472675332,-0.18517525375660124,15.096385885036744,17.488496180170255,200,0.019174070990771692,0.039540361525799546,-0.7621785178890518,-0.9800368248291755,0.04064282308397692,0.0836461031291764,-0.44493928940541194,-0.6425011183994356,0.3,-0.23374655166925837,0.04379835238854007,0.4605966901422259,-10.16723933388636,-11.007777572567724,R1_post,R1_post,nobatch,0.1,nan,True,post,0.06661438815962191,0.09999999999999996,0.5,100,12,24,10,0.0,0.0,0.0,0.0,2,4.558742523193359,-0.021086686316283885,-0.024160994049470037,0.0,-0.007707623500515139,-0.014491409078881865,-0.016667649800985094,-0.0106117132845193
200,-0.018218297470628562,-0.22229542963730795,17.165115791066277,16.692605737927927,200,0.026274057443215374,-0.008592946283127888,0.6754166925478051,0.8854610125379541,0.05008311904850318,-0.019082269309576464,0.4706339167389927,0.6758892301769575,0.3,-0.20151662005747023,0.21968327060226386,0.38004908823859046,-10.552875529386222,-9.075673894578237,R1_post,R1_post,nobatch,0.1,nan,True,post,0.05515086607632064,0.09999999999999996,0.5,100,12,28,10,0.0,0.0,0.0,0.0,3,4.599532127380371,0.018225685950172255,0.023965147678106122,0.0,0.032434775694389684,0.047379993862079285,0.02333770414378415,0.043378064952729674
200,-0.03188649005570139,-0.22644600087678662,17.073373011004325,18.206716499990126,200,-0.038323524322067225,-0.044698145835085794,1.2428500070091157,1.3747060402430331,-0.07564447694025367,-0.08659863720621498,1.0898911802216669,1.1819757394589383,0.3,-0.194574162084442,0.09499088155897928,0.27645343028011693,-9.758459444752159,-9.973187362626268,R1_post,R1_post,nobatch,0.1,nan,True,post,0.04433382493306388,0.09999999999999996,0.5,100,12,31,10,0.0,0.0,0.0,0.0,4,4.652349472045898,0.0324473186851979,0.03245811289361736,0.0,0.0066960602398783665,0.010545737631467725,0.025653170225868247,-0.009743356687247665
200,,,,,200,,,,,,,,,0.3,,,,,,,,nobatch,0.1,nan,True,post,0.14149456876936162,0.09999999999999996,0.5,100,12,4,10,0.0,0.0,0.0,0.0,5,4.779084205627441,,,0.0,,,,
200,0.1263560094608165,-0.1525572749520686,14.107744478476064,16.488138547713145,200,0.00939105040959826,-0.015032345600922198,-1.4213883741505426,-1.0862913690057627,0.02789070735569137,-0.030332826815056713,-1.1862651828550461,-0.8086995712313529,0.3,-0.2217056052953894,-0.0679801697965339,0.23553128073368562,-9.890217795856072,-10.271091157775688,R1_post,R1_post,nobatch,0.1,nan,True,post,0.05412227892663054,0.09999999999999996,0.5,100,12,24,10,0.0,0.0,0.0,0.0,6,4.440309524536133,-0.03851069938659459,-0.03077389029205968,0.0,0.0006756220490808216,0.011888967342543279,-0.03526494358802223,-0.04557469986049889
200,0.06713722165272612,-0.1584051192438966,15.520293347264676,17.41938020111662,200,-0.0026789000745477158,0.005688073489428447,-0.17927339625829028,-0.21895350378856765,-0.003296722425846419,0.012274057127373627,-0.16598547128448718,-0.1970868471237938,0.3,-0.22377869826469293,-0.035556314262557,0.29895909371319446,-9.31827856920691,-9.497109684561517,R1_post,R1_post,nobatch,0.1,nan,True,post,0.07908021312859019,0.09999999999999996,0.5,100,12,21,10,0.0,0.0,0.0,0.0,7,4.58840012550354,-0.004636574998137349,-0.0063019496116534755,0.0,0.011735780656342763,-0.00803148906086297,-0.0051952720725382,-0.043351099988252845
200,0.05648591279618824,-0.21520948751365027,13.844531432103677,15.743754980612195,200,0.21307860764346157,-0.008251960429475614,17.94831355147258,19.653478012646275,0.437229669227427,-0.0178234565449525,15.926152473532747,16.953923119917285,0.3,0.09737000023955444,0.734334535436528,0.3905158076424382,4.212707530036239,4.396254346235088,R2_noise_compatible,R2_noise_compatible,nobatch,0.1,nan,True,noise,0.06406929379479626,0.10000000000000005,0.5,100,12,36,10,0.0,0.0,0.0,0.0,0,4.506413698196411,0.5992500428794147,0.6094358835478019,1.0,1.112166001842406,1.0881725274295366,0.6316619806068958,0.6259086275168917
200,0.10632869701289102,-0.20142156375448836,12.793290133284994,15.304931509976386,200,0.04906602714070012,0.04592266031682084,19.14168923789977,18.372178664684835,0.09746464251089602,0.09614829704239877,16.623169628657557,15.910930225919325,0.3,0.07330268995793901,0.14552390421593525,0.5322990293752871,3.480530808385374,2.8313928595893683,R2_noise_compatible,R2_noise_compatible,nobatch,0.1,nan,True,noise,0.04692826907459974,0.10000000000000005,0.5,100,12,32,10,0.0,0.0,0.0,0.0,1,4.7005743980407715,0.6425233539465026,0.6029978371857896,1.0,1.2387672062176693,1.2002996422672443,0.6384459695376665,0.6987596622592207
200,-0.15906804673862118,-0.312973252088888,13.76747461278475,15.789289679022193,200,0.09110256342313111,0.020831493000211157,18.59118886634774,20.380516547619887,0.18723247686975364,0.040419884647012905,16.510778752610506,17.887511453427972,0.3,0.09942571998352967,0.633364977557535,0.6370652354824876,4.415390116579546,4.285315838452934,R2_noise_compatible,R2_noise_compatible,nobatch,0.1,nan,True,noise,0.046344115872577696,0.10000000000000005,0.5,100,12,36,10,0.0,0.0,0.0,0.0,2,4.517652273178101,0.678738268237561,0.672100170062874,1.0,1.2581554326240685,1.2355674214801495,0.7198881054828207,0.74016581326995
200,0.02436117170189925,-0.1703209751113477,11.39236464787124,13.576660920060425,200,0.13092842630161933,0.013666508601419885,14.557653888145763,13.775046202731833,0.27068961203951436,0.027473156139419332,13.002878883552286,12.20811482443123,0.3,0.05423206935538894,0.44280366969123286,0.36387666276045716,1.6892200525024292,1.7951099086653173,R2_noise_compatible,R2_noise_compatible,nobatch,0.1,nan,True,noise,0.05316247293495828,0.10000000000000005,0.5,100,12,26,10,0.0,0.0,0.0,0.0,3,4.5651867389678955,0.5324604352806231,0.5359172001722904,1.0,1.1049823261181289,1.0987728917233606,0.5637953950013345,0.5865367102518921
200,0.031705445337786464,-0.2571506050499893,12.70595922674697,15.112240394279475,200,0.1311448891294579,-0.007044671149668114,15.2568324915746,20.29586387531224,0.2659231603591714,-0.013728749595922041,13.44675504098676,17.94042622568067,0.3,0.08421168627093857,0.49956842764585574,0.4428428790831466,3.104249997226686,3.651457060436479,R2_noise_compatible,R2_noise_compatible,nobatch,0.1,nan,True,noise,0.06244974684128883,0.10000000000000005,0.5,100,12,31,10,0.0,0.0,0.0,0.0,4,4.577054262161255,0.6392626373599711,0.629301978532108,1.0,1.1445659059172826,1.1496513729595983,0.6644176925201463,0.6353938466041542
200,0.05130745446150757,-0.3065808443838272,14.731833468948414,15.780188321596436,200,0.10014630353366616,-0.00021491331830460038,16.32115523737038,19.191112545748094,0.20170212799649534,-0.006103636973537338,14.595483203582509,16.93711585378048,0.3,0.08659189475461572,0.3683632318527774,0.52719952001821,4.04738920827574,3.904037335640068,R2_noise_compatible,R2_noise_compatible,nobatch,0.1,nan,True,noise,0.05056013506086102,0.10000000000000005,0.5,100,12,33,10,0.0,0.0,0.0,0.0,5,4.5116636753082275,0.5985401691147367,0.5758718770951535,1.0,1.1873005737212214,1.221543698084583,0.6132643727495224,0.7283842107557122
200,0.042936308983034535,-0.19229740565449174,14.736258121599839,15.405551647464964,200,0.19873203814470536,0.029420585279271706,16.559610836405955,16.389114996276437,0.4063852220662427,0.06711990322757547,14.028501768105132,14.036446629129225,0.3,0.06580093120658582,0.7620795436142578,0.4795889533112437,2.003295520776615,2.4691196868409953,R2_noise_compatible,R2_noise_compatible,nobatch,0.1,nan,True,noise,0.052243788192321554,0.10000000000000005,0.5,100,12,29,10,0.0,0.0,0.0,0.0,6,4.54031777381897,0.5097727397835996,0.5201876267375575,1.0,1.1194878420485435,1.2870979028334668,0.5486353280659066,0.5057793924516283
200,0.1815094523087544,-0.3254907909327916,13.282039709823332,17.49953355673322,200,0.17326166241567909,-0.02043522616592516,17.72680174731216,18.43116988562936,0.34575873273207663,-0.046424715354708504,15.500477565182322,16.21959718201461,0.3,0.08066559848649629,0.4772026171271472,0.48576728856639534,3.7897156385444517,3.333530323195588,R2_noise_compatible,R2_noise_compatible,nobatch,0.1,nan,True,noise,0.051198094193098766,0.10000000000000005,0.5,100,12,36,10,0.0,0.0,0.0,0.0,7,4.527126312255859,0.6014557208105077,0.5815650519820365,1.0,1.0556873737233934,1.0509508774218042,0.6136239330751753,0.5438812613788884
200,-0.007469579632372001,-0.6766475798855826,19.78321128673627,21.368136545081075,200,-0.5084820660079437,-0.015586352265310735,-28.440151577363288,-35.01403234737649,-1.0316839673258085,-0.0362105884684585,-25.254171721431405,-30.236525133457796,0.3,-0.4712352312555233,-1.2586388881275448,1.1338368423712535,-26.14096846231591,-31.799882561521233,R4_err,R4_err,nobatch,0.1,nan,True,err,0.06790652981504477,0.15000000000000002,0.5,100,12,90,10,0.0,0.0,0.0,0.0,0,4.5554211139678955,-0.7800937955315376,-0.7778328044490583,-1.0,-1.0804636372480678,-1.0573041151275409,-0.8222320846078407,-0.8125026805961362
200,-0.1258947548668431,-0.37022116243255204,19.530564881703157,17.72906989751962,200,-0.3814637806099265,-0.001538879948056624,-25.829372540019207,-26.37398154140702,-0.787108939262366,-0.002832918827079409,-22.555959425234047,-23.2451484312641,0.3,-0.4697188628044855,-0.8787936033531518,0.6772074202454564,-25.962311268297267,-26.417663218671244,R4_err,R4_err,nobatch,0.1,nan,True,err,0.07101522118793319,0.15000000000000002,0.5,100,12,58,10,0.0,0.0,0.0,0.0,1,4.450852632522583,-0.7259142221359441,-0.7496820860657983,-1.0,-1.241468237054899,-1.225665587831987,-0.7839157469124275,-0.7613724163528746
200,0.10503693631860492,-0.45927075725413347,18.539960228463652,22.998018361822748,200,-0.3880383042214875,0.01378075900874118,-24.80141700352455,-31.366372502962594,-0.7685000236058659,0.03400043609350092,-21.459396801413686,-27.03415809282475,0.3,-0.4555068224363769,-1.1786343506745933,0.8900849070543222,-23.27976051733062,-29.653768786784514,R4_err,R4_err,nobatch,0.1,nan,True,err,0.07383435263481304,0.15000000000000002,0.5,100,12,74,10,0.0,0.0,0.0,0.0,2,4.476171970367432,-0.6518748498794686,-0.6547643082364673,-1.0,-1.0003945461048478,-0.9920185165576995,-0.6801697524544345,-0.6884499826059739
200,-0.25314250306473585,-0.5272096798891708,20.333749450093375,21.348808231849418,200,-0.39628684005204495,-0.04361159013180769,-24.588998740265986,-29.69031367764223,-0.8064570618971291,-0.09473673584547222,-20.767131219250075,-25.224119974805465,0.3,-0.47401031634851176,-0.7078625600459364,0.7787731319361106,-23.13439138590869,-29.070536122230802,R4_err,R4_err,nobatch,0.1,nan,True,err,0.0820229536569738,0.15000000000000002,0.5,100,12,71,10,0.0,0.0,0.0,0.0,3,4.498421907424927,-0.6656399242509143,-0.6805947916312155,-1.0,-1.107892018300286,-1.026388949564024,-0.7176619410067175,-0.6798476889430747
200,-0.03625447166273844,-0.5165488896135392,17.834138776012782,20.56208886421765,200,-0.27543847313347397,-0.0747090613880451,-27.43539710212535,-30.090329174127294,-0.5550864278420269,-0.1460306645165354,-24.556327240051115,-26.8830489029911,0.3,-0.4657999383459947,-0.5786079060871043,0.7181521034001218,-26.434337055427097,-29.324839084044008,R4_err,R4_err,nobatch,0.1,nan,True,err,0.07505291548251991,0.15000000000000002,0.5,100,12,73,10,0.0,0.0,0.0,0.0,4,4.517181634902954,-0.7539883091913241,-0.7386939958075578,-1.0,-1.1070742349956482,-1.03097108185684,-0.7841545437432854,-0.7643750504957584
200,-0.05959270093440679,-0.44529018468923276,19.501957702250547,21.180418997965308,200,-0.38669764463726,-0.0038360121524668345,-27.346844736577626,-31.26793460808969,-0.787651947250676,-0.009714655217115387,-23.91258009238504,-27.23091824106707,0.3,-0.4639479309965289,-0.8543657604935473,0.8016596593173619,-23.959788098656748,-31.165125817878263,R4_err,R4_err,nobatch,0.1,nan,True,err,0.06865934416178723,0.15000000000000002,0.5,100,12,77,10,0.0,0.0,0.0,0.0,5,4.4864795207977295,-0.7185856983455914,-0.7278786259292575,-1.0,-1.125648481570451,-1.126741456270952,-0.7578849164012755,-0.7434464909167415
200,-0.21362499731286566,-0.5945116002102674,21.781452455444015,22.91938408639736,200,-0.363468619879577,0.012722662523114216,-26.22295518119099,-27.998517376034425,-0.7453129418989729,0.028009222622360528,-22.96039944609766,-24.442619963192136,0.3,-0.4505015953733867,-0.6316957452163987,1.1147290520039672,-25.846303319387538,-29.480186428524018,R4_err,R4_err,nobatch,0.1,nan,True,err,0.06642769188442785,0.15000000000000002,0.5,100,12,85,10,0.0,0.0,0.0,0.0,6,4.608904600143433,-0.6729107853022248,-0.682340756309006,-1.0,-1.0088713383821204,-0.9820691914558463,-0.7147638108423344,-0.7197146756141916
200,-0.02428006452101966,-0.47318925011859103,19.1383325613674,20.06138837215789,200,-0.27158718850093744,0.04170513772958552,-25.505346817122547,-28.4320440028625,-0.5600494973033662,0.09013247077926849,-22.432535045313035,-24.728193354512495,0.3,-0.45120145042186727,-0.5270169317139838,1.0014724803336614,-24.40790322465357,-29.140424744317784,R4_err,R4_err,nobatch,0.1,nan,True,err,0.06588101083963703,0.15000000000000002,0.5,100,12,69,10,0.0,0.0,0.0,0.0,7,4.585632562637329,-0.6864989992281018,-0.6869865732507406,-1.0,-1.0578741602948154,-1.0984201220633194,-0.7152645738629969,-0.7411377712160805
200,0.0716315708991729,-0.11302246302154724,15.267267342307488,16.4550434353136,200,0.04546585321923706,-0.007308173030643739,6.085044718263249,7.866364993024468,0.0937426740969947,-0.019225639029507167,5.129210957106473,6.746535854641531,0.3,-0.10191057408065914,0.15451391640056816,0.19094437917074347,-4.990322640981281,-5.243954059693094,R3_mixed,R3_mixed,nobatch,0.1,0.3,True,mix,0.06973610988794747,0.1033333333333333,0.5,100,12,23,10,0.0,0.0,0.0,0.0,0,4.669559478759766,0.18212905348162323,0.18621672827447958,0.3,0.3591770840178161,0.35885858161189316,0.1892228859699531,0.15733522124033505
200,0.008443975451680621,-0.27761534008211386,17.117982618873405,18.029438028198427,200,0.11363275769302315,0.008658499483352879,8.093572074693132,9.252778860337365,0.23162695611487913,0.015167741565460868,6.818022358512579,7.768128888466902,0.3,-0.09260938436810284,0.4403288155038388,0.5216884531407158,-5.239624198940174,-5.9168521575218715,R3_mixed,R3_mixed,nobatch,0.1,0.3,True,mix,0.05696122689154007,0.1033333333333333,0.5,100,12,35,10,0.0,0.0,0.0,0.0,1,4.51111626625061,0.20898487270657773,0.21584860059883207,0.3,0.33977981911648664,0.35561085144747434,0.2267231604642892,0.21096728708972895
200,0.15931847179587888,-0.22974232005134326,16.278911746545017,19.55247416950759,200,0.08872855112433092,0.0008474236287071032,9.077819268331467,9.84885665787071,0.17911234930918218,0.0005413963978381103,7.712252454783738,8.438693419736104,0.3,-0.09097491224395904,0.22920239684495225,0.41349194080227875,-5.481759236716985,-5.6559749620315625,R3_mixed,R3_mixed,nobatch,0.1,0.3,True,mix,0.06786101374494902,0.1033333333333333,0.5,100,12,34,10,0.0,0.0,0.0,0.0,2,4.759054183959961,0.2163429943488094,0.2169072053891585,0.3,0.33192598850629407,0.3403802983999603,0.22489237697579084,0.2191108805979407
200,-0.03919617785073079,-0.3084653961466301,17.783855672784387,20.628753978375133,200,0.06443745545862678,0.004516717226289821,6.700946645373357,7.5090594816223355,0.1277694698528096,0.010301067515854587,5.712080449227497,6.402764013628324,0.3,-0.1108960282818249,0.3881859993796776,0.5711252164698423,-6.652725360260308,-6.657400400568478,R3_mixed,R3_mixed,nobatch,0.1,0.3,True,mix,0.04872756756289356,0.1033333333333333,0.5,100,12,41,10,0.0,0.0,0.0,0.0,3,4.7208709716796875,0.16935873211311397,0.17121241632667808,0.3,0.32738699205917265,0.31120553184198985,0.1789435794154784,0.1749307377116788
200,-0.044792700728309265,-0.2776080627637484,16.31404680755003,17.14760309631622,200,0.05375525690222896,0.0017358671800640402,9.460016503211085,10.09686973744378,0.105499069265473,0.00316588740104897,8.140854581151826,8.665178995721062,0.3,-0.07599239952890896,0.38099815451260943,0.4924200265889099,-4.382256626680901,-4.706821169141407,R3_mixed,R3_mixed,nobatch,0.1,0.3,True,mix,0.06447811569608015,0.1033333333333333,0.5,100,12,36,10,0.0,0.0,0.0,0.0,4,4.762861251831055,0.2264402603076983,0.22633574779007054,0.3,0.3459715096823506,0.35863645264446165,0.23640218385544898,0.23911153086797152
200,0.14606932091261485,-0.11138880138210108,16.98023323258879,17.735815222725343,200,0.040854898263234685,-0.004468557792179211,8.794345275915395,8.77564515809108,0.08213701058131427,-0.005912038456733239,7.361871929961664,7.296229406555559,0.3,-0.07723236859527328,0.05532946152888447,0.24374814113967022,-3.755070274621468,-4.036755398851988,R3_mixed,R3_mixed,nobatch,0.1,0.3,True,mix,0.04968282786352772,0.1033333333333333,0.5,100,12,27,10,0.0,0.0,0.0,0.0,5,4.952418327331543,0.2420049379700267,0.23869928098913865,0.3,0.3007015069511588,0.312370359197261,0.24310030669517804,0.2570905333879657
200,0.06985781131494574,-0.15520191480997061,12.9062106208153,13.464447550137528,200,0.012822482392275559,-0.00172115517309385,4.706562140033702,4.533759889258595,0.02945197726541705,-0.004290067007329952,3.8806350922636472,3.7121258117127716,0.3,-0.1315815019512498,0.015688546671392585,0.26342099281144504,-5.532400287644129,-5.476813099507904,R3_mixed,R3_mixed,nobatch,0.1,0.3,True,mix,0.05601978851275829,0.1033333333333333,0.5,100,12,19,10,0.0,0.0,0.0,0.0,6,5.0134596824646,0.15344447627911886,0.14796771447087975,0.3,0.3473574521340254,0.36174961887372986,0.1540462702057491,0.1508777901343106
200,-0.08540067817096475,-0.33487500940077114,19.416811404684584,20.82731105619071,200,0.0618899068904647,0.030675738445020792,7.493675136832474,7.856497552421795,0.12773464145196115,0.06994031364020431,6.418109881263086,6.787196664709196,0.3,-0.10514540781326152,0.39990095891109406,0.6426636262417624,-6.792782526645255,-7.209406825846333,R3_mixed,R3_mixed,nobatch,0.1,0.3,True,mix,0.05397652946019627,0.1033333333333333,0.5,100,12,42,10,0.0,0.0,0.0,0.0,7,5.106166362762451,0.16754094528697897,0.1662253188616336,0.3,0.3313614601202389,0.3252698746858248,0.17742498297847406,0.18198821596011816
200,0.18071452661710574,-0.2793460017698978,16.18084880700672,17.683010587771555,200,0.06779223598813354,0.016543487266500356,-1.222278568119642,-0.7821341541628445,0.12450490184089774,0.033515905412293635,-1.1584705232620012,-0.7731893779533056,0.3,-0.21473862788499698,0.12219267906920792,0.5467593315373367,-11.533178586369122,-11.178374731829201,R1_post,R1_post,W_only,0.1,nan,True,post,0.050295656165969746,0.09999999999999996,0.5,100,12,33,10,0.0,0.3,0.0,0.0,0,4.912883758544922,-0.02873840955374517,-0.018448124668215025,0.0,-0.009562937204420103,-0.021061761432565752,-0.016545275623273743,-0.033101947550413416
200,0.17523463055882782,-0.3220402532476684,20.831522310980446,20.361631016424468,200,-0.09584507707754587,-0.01618335663096114,-0.33697904747298174,-0.754790886792166,-0.18222255507412188,-0.03482321978236217,-0.07093096695210495,-0.4539202777664209,0.3,-0.22708993521952736,-0.3879846367173772,0.47069006372353106,-12.520437283733465,-12.285946144005836,R1_post,R1_post,W_only,0.1,nan,True,post,0.06333077294556384,0.09999999999999996,0.5,100,12,42,10,0.0,0.3,0.0,0.0,1,4.993341684341431,-0.007106243372086996,-0.015630086377309588,0.0,0.00940964737398784,0.0020957389371296835,-0.018094545977295214,-0.011764930821814483
200,0.24841383505247103,-0.3700561058138442,20.444687194465097,21.615584271731375,200,-0.08101784744786875,-0.04152038120482145,-0.11394521797208174,-0.31426731493623644,-0.16095257428316662,-0.08299401508755483,-0.025101246256774096,-0.222734136645605,0.3,-0.21482357506665117,-0.5014338107598477,0.502782673627724,-12.336464997238796,-12.710342556407856,R1_post,R1_post,W_only,0.1,nan,True,post,0.05054309209302274,0.09999999999999996,0.5,100,12,44,10,0.0,0.3,0.0,0.0,2,5.041672468185425,-0.0024670972831567603,-0.006929273549721899,0.0,0.0007232666095004628,0.008542403446477864,-0.012345330133102274,0.009884201881168135
200,-0.007426362704849816,-0.44376394483063636,23.130301933999608,22.854465030960007,200,0.04716893052955275,0.0028459353245185426,-1.9117154449909273,-1.6490640435761927,0.11154119667672127,0.0018330065735591705,-1.5128082639622706,-1.2119212801537576,0.3,-0.2243381516176119,0.24628153045484125,0.7096457084750011,-14.668370566935481,-15.336960138355115,R1_post,R1_post,W_only,0.1,nan,True,post,0.06497646927585872,0.09999999999999996,0.5,100,12,49,10,0.0,0.3,0.0,0.0,3,4.966081142425537,-0.034042561242873075,-0.02810579858757411,0.0,-0.01003220769410843,-0.01599048743102437,-0.029116536651946037,-0.013424673022938443
200,0.36139338032473667,-0.24753609442087737,18.43065526615142,20.764793546580645,200,0.09459114138838659,0.027090554930578006,0.6125537545959114,1.0311148911793138,0.18773450356828356,0.055632749845732174,0.41998857189733846,0.803288805464895,0.3,-0.2058112352371859,-0.09890584308019452,0.5234859568395226,-10.961630270673245,-11.933716593840055,R1_post,R1_post,W_only,0.1,nan,True,post,0.07529068683768929,0.09999999999999996,0.5,100,12,34,10,0.0,0.3,0.0,0.0,4,4.859553337097168,0.01252146416997123,0.020715769987488284,0.0,-0.005106388563699327,-0.02854209091382364,0.025279628877922067,-0.011637235722717595
200,0.15527765610272073,-0.39042206992040157,22.021674904890777,22.457465619846953,200,-0.00626253886146422,0.041392270702168533,0.563641425004077,0.3087904586759012,-0.013157963986330307,0.09205785631181511,0.6448068324933287,0.36259436577130394,0.3,-0.20226490148656068,-0.10499288657875841,0.8077634292428013,-12.45698174182442,-12.677526572972749,R1_post,R1_post,W_only,0.1,nan,True,post,0.05561206437112987,0.09999999999999996,0.5,100,12,52,10,0.0,0.3,0.0,0.0,5,4.893438816070557,0.010965524134237117,0.005750669154955469,0.0,0.012739853413137199,0.025691595064995413,0.010160574562231833,0.019018077155420737
200,0.38161338664811967,-0.33506941749861896,16.200375868210887,20.004070923043887,200,-0.027414551432870707,0.0002723916041166208,-1.9525571141520515,-1.9775635978671862,-0.06476648845650707,-0.003937821090172826,-1.556591721964283,-1.5950277373677226,0.3,-0.230172280294873,-0.4189605067715383,0.5700181328178604,-11.736381015590041,-12.629745387435976,R1_post,R1_post,W_only,0.1,nan,True,post,0.06454160258191019,0.09999999999999996,0.5,100,12,37,10,0.0,0.3,0.0,0.0,6,4.887317180633545,-0.04025468041312473,-0.040101399895176276,0.0,-0.0161619824141553,-0.001906564748420408,-0.04191676408646366,-0.04848405530121118
200,0.36516822519194264,-0.17303189535268904,14.769767582658721,17.080950770802122,200,0.020844606589187183,-0.02933849743816916,0.6119858651068263,0.9578824231173417,0.03671068069203304,-0.06611569972341878,0.6183243797812836,0.9391963224462415,0.3,-0.20161686968925116,-0.22495974524658127,0.26083705512144767,-8.29105136858713,-9.426918391958807,R1_post,R1_post,W_only,0.1,nan,True,post,0.06000882982711544,0.09999999999999996,0.5,100,12,28,10,0.0,0.3,0.0,0.0,7,4.940763473510742,0.016810071693110207,0.024114579199338737,0.0,0.005767528023903469,0.027983923666116583,0.019504213274855534,0.04090345169125969
200,0.09498216655898363,-0.24425105034062902,13.647530604265729,14.881656555648382,200,0.15653844911526474,0.01295530059309438,16.88886705188912,19.04621093593803,0.32061033206010675,0.030846172265526547,14.933226407336392,16.85429640058809,0.3,0.10471075352265538,0.4243881480471671,0.4532922725708232,4.84391444829982,4.489605920233691,R2_noise_compatible,R2_noise_compatible,W_only,0.1,nan,True,noise,0.060124949228797395,0.10000000000000005,0.5,100,12,30,10,0.0,0.3,0.0,0.0,0,4.920187950134277,0.5751950005827899,0.5645671817140252,1.0,1.0994930241183025,1.11001128681875,0.5973219235491717,0.6847337408498481
200,0.30130216400701576,-0.3773462113348503,18.03898784838114,19.677548643041952,200,0.22415594826590557,-0.03497765969137168,25.067134744922612,24.323462517452423,0.46910074255196577,-0.07471773356351659,22.460178448720296,21.678410060889927,0.3,0.11292535119840523,0.5344770029145514,0.6279902237586906,8.221770237752045,7.117527634261673,R2_noise_compatible,R2_noise_compatible,W_only,0.1,nan,True,noise,0.06655424025484194,0.10000000000000005,0.5,100,12,63,10,0.0,0.3,0.0,0.0,1,4.5570597648620605,0.7415195634554004,0.7146739518774975,1.0,1.1850434042225813,1.1246947364372044,0.7416038405084493,0.8827538807118761
200,-0.0028134165070320695,-0.35328088705540345,17.04119782709132,18.128601491806013,200,0.11684113654532005,-0.008451796888342706,21.07503102865853,24.63765755584419,0.2392074139018979,-0.0246001368588448,18.351633193958463,21.57153485901291,0.3,0.10307062933854383,0.5238264300321355,0.629348528029491,5.771752558194749,5.57500366349994,R2_noise_compatible,R2_noise_compatible,W_only,0.1,nan,True,noise,0.0467191629340018,0.10000000000000005,0.5,100,12,49,10,0.0,0.3,0.0,0.0,2,4.5070531368255615,0.6455896759890889,0.6321588076590142,1.0,1.16240583774527,1.1564715576835922,0.662152410470202,0.7593813744921268
200,0.1512965395129944,-0.37033191275728927,16.655733473989173,17.47217638938267,200,0.13834003733902947,-0.03567858284123195,21.08237539233976,22.471343151921932,0.2975773268889829,-0.06890246433323761,18.73464468789695,20.19296769769777,0.3,0.10041708358593544,0.278214618783196,0.4875918595394422,6.547754218319003,5.688767265198145,R2_noise_compatible,R2_noise_compatible,W_only,0.1,nan,True,noise,0.06899586491965302,0.10000000000000005,0.5,100,12,47,10,0.0,0.3,0.0,0.0,3,4.483849287033081,0.6003095020547522,0.5821666416895678,1.0,1.0863339421440303,1.1039517601279367,0.6068205035828442,0.7259984861593226
200,0.36158547741657016,-0.39457137595522646,16.307160117961438,17.848619088308663,200,0.12917977755687482,0.018517550942275765,22.837854993916096,22.305029197508766,0.24877321109002629,0.04373802396252129,20.219209055420777,19.692743886051748,0.3,0.1078446736497408,0.2717726877199783,0.7500613180871036,7.442017724405647,5.623042260273668,R2_noise_compatible,R2_noise_compatible,W_only,0.1,nan,True,noise,0.05729768834869807,0.10000000000000005,0.5,100,12,50,10,0.0,0.3,0.0,0.0,4,4.536869525909424,0.690219767483021,0.6344315003286899,1.0,1.204880672502293,1.078236631276457,0.6729641957626341,0.7965617744689014
200,0.039969534923312816,-0.41371672902723583,14.849343274218668,17.44093931604605,200,0.2009118824044417,-0.024140750244100957,20.97003394943333,21.48829814993849,0.3999987606270406,-0.05126889456809402,18.53342135234625,18.60870005079091,0.3,0.09821162414658435,0.6820774765443463,0.6341603351208236,5.131280747660897,5.262438393904022,R2_noise_compatible,R2_noise_compatible,W_only,0.1,nan,True,noise,0.06300979531982545,0.10000000000000005,0.5,100,12,48,10,0.0,0.3,0.0,0.0,5,4.623733758926392,0.6324884569549376,0.6240504132787357,1.0,1.0970216137679545,1.2129374940992084,0.6578615908906111,0.7928342473434318
200,0.12842800356849352,-0.2849008542309167,15.891697667307913,16.169314952034135,200,0.1738896321046986,0.018373990389009675,21.44248400874303,23.457639349933697,0.34031010648720583,0.038514909357049716,19.10175924133541,20.60426255481134,0.3,0.1308113691573014,0.5736131355738283,0.594125203132608,7.628100024588997,6.657390440898326,R2_noise_compatible,R2_noise_compatible,W_only,0.1,nan,True,noise,0.05156822786704027,0.10000000000000005,0.5,100,12,48,10,0.0,0.3,0.0,0.0,6,4.658472299575806,0.7286516201130948,0.7072040774860088,1.0,1.0557318677367205,1.0306376761924922,0.7409948724989514,0.8162135575883062
200,0.1799915895409532,-0.24384014345558203,11.419664914931802,14.725881385078445,200,0.15213258903705107,-0.005236282728083694,17.733786383255694,18.2148522447474,0.3135705696845059,-0.0079867886092447,16.127757294064786,16.152123257811162,0.3,0.10987778832406016,0.35681569889285103,0.4131284585047102,4.674114001547949,4.565896607607051,R2_noise_compatible,R2_noise_compatible,W_only,0.1,nan,True,noise,0.06847052706469134,0.10000000000000005,0.5,100,12,28,10,0.0,0.3,0.0,0.0,7,4.610093355178833,0.6648646435795996,0.6357453747480403,1.0,1.0964665346035607,1.058723995011779,0.6729218731136691,0.768733731906913
200,-0.5644844879486719,-0.7496081030320779,24.132456895143463,23.669068984521513,200,-0.2595935205501149,0.038729823139887556,-29.520060941439414,-33.74610416081578,-0.5404041030803206,0.09002212450367121,-25.347918488942177,-29.05443779771615,0.3,-0.4785900695036078,0.26335701610322665,1.5124642333593679,-26.352530206454404,-31.08929230150504,R4_err,R4_err,W_only,0.1,nan,False,err,0.07494133930461998,0.15000000000000002,0.5,100,12,114,10,0.0,0.3,0.0,0.0,0,4.646146535873413,-0.8195758693139926,-0.8287119544842035,-1.0,-1.0597884087283431,-1.0091309610478403,-0.8667906988855908,-0.8927774595917459
200,-0.48265756391235415,-0.9913586054243928,21.395589745653794,25.78627658755386,200,-0.44651834961414977,-0.05403820767819976,-29.061863101411348,-34.418066179866656,-0.9092021026795629,-0.10960139229195662,-25.604523250439502,-30.14252977879547,0.3,-0.48873477172888175,-0.37013004086121604,1.445226566337563,-26.36896131302891,-33.47684002605575,R4_err,R4_err,W_only,0.1,nan,False,err,0.09033186838076802,0.15000000000000002,0.5,100,12,114,10,0.0,0.3,0.0,0.0,1,4.65627908706665,-0.8231814193534245,-0.8215751540434741,-1.0,-1.0839873355091043,-1.0897163066367048,-0.8780995862048037,-0.9283666203508129
200,-0.18648161661489632,-0.9758820444965574,22.057914899982553,25.751864634891263,200,-0.2845580731322789,-0.015570688298480155,-30.971205131158424,-31.364508856228934,-0.5762880889709288,-0.028681860415170672,-27.628940155934398,-27.57262206524987,0.3,-0.4862503455555673,-0.4348700403985494,1.6394138494099755,-26.87575064761176,-31.162500812692354,R4_err,R4_err,W_only,0.1,nan,False,err,0.08798572532892643,0.15000000000000002,0.5,100,12,121,10,0.0,0.3,0.0,0.0,2,4.640768051147461,-0.829880234584779,-0.8077422575389996,-1.0,-1.0431251277080593,-1.0661764388002573,-0.8565609456533712,-0.963117053236189
200,-0.3663354811282427,-0.7559352609507546,23.639693302478367,23.88579689305354,200,-0.4856302222347138,-0.0009251480417326974,-28.24045384247543,-34.32753949985257,-0.9814851696708072,-0.0036554970387716514,-24.316426615568307,-29.493806669466775,0.3,-0.4845782971037847,-0.8136170022930679,1.3608274450132651,-27.27015279342309,-32.09585177156336,R4_err,R4_err,W_only,0.1,nan,False,err,0.08570437679103728,0.15000000000000002,0.5,100,12,109,10,0.0,0.3,0.0,0.0,3,4.587230920791626,-0.7680204027934358,-0.7794659429082882,-1.0,-1.0660329828713886,-1.0329063454425245,-0.8176636712559054,-0.8578544038619021
200,0.46689971062855706,-0.599134085297405,19.048165986392203,20.85348103183723,200,-0.656110439885332,-0.003983111981887753,-28.164968072402655,-29.473367493866796,-1.3170775799626397,-0.017048205686344978,-24.93229861707006,-25.780187363807023,0.3,-0.4946571004812269,-2.315875179713492,1.0706588771997856,-26.687874105864722,-29.14872634445888,R4_err,R4_err,W_only,0.1,nan,False,err,0.09443972493851538,0.15000000000000002,0.5,100,12,79,10,0.0,0.3,0.0,0.0,4,4.489012241363525,-0.8767600584294153,-0.8515648480388588,-1.0,-1.1965907720197828,-1.2899115321220607,-0.9000068117425389,-1.1124739804328119
200,0.31313595433583785,-0.6209435883400507,18.169590236139037,23.889356834220155,200,-0.38568232309317824,-0.012573365451271391,-28.45596255225605,-31.73114055331945,-0.7780814470259174,-0.02815074362470956,-24.88530493039715,-27.115766686450154,0.3,-0.46879558736992727,-1.2882412214093792,1.0853255411381004,-25.433266015306746,-30.882577919076226,R4_err,R4_err,W_only,0.1,nan,False,err,0.06891163802009886,0.15000000000000002,0.5,100,12,89,10,0.0,0.3,0.0,0.0,5,4.488109111785889,-0.814937393060684,-0.7846904809210123,-1.0,-1.111057663265537,-1.0927112100396628,-0.825624719020631,-0.9036257427865563
200,-0.3540030894458869,-0.745514075116154,22.740244940878668,23.163505980702105,200,-0.2767426253842488,0.004790652568475411,-30.51345142899899,-34.17619662502421,-0.5758924929375057,0.012249530322727666,-26.87204230568684,-29.71869956848173,0.3,-0.4878721595816337,-0.057557637692487604,1.366201376628428,-28.826536632183885,-31.54444963225094,R4_err,R4_err,W_only,0.1,nan,False,err,0.09064350231643713,0.15000000000000002,0.5,100,12,106,10,0.0,0.3,0.0,0.0,6,4.50477933883667,-0.8037990881241656,-0.8016497653341379,-1.0,-1.0685404631127344,-1.0353995631600772,-0.8420238197064962,-0.8699732610287099
200,0.3607850918258018,-0.7884449267730035,23.97763999259105,24.424947175887354,200,-0.5127120140157274,-0.015564808414449762,-26.77230547477784,-30.9725644600667,-1.040813370177633,-0.04355707173392045,-23.098100472757853,-26.198591269192157,0.3,-0.4798915858625785,-1.7234462124488439,1.3268632185398155,-25.66067716717731,-29.251829965019738,R4_err,R4_err,W_only,0.1,nan,False,err,0.09084545776762365,0.15000000000000002,0.5,100,12,87,10,0.0,0.3,0.0,0.0,7,4.52500057220459,-0.7531708722432473,-0.7260702553127273,-1.0,-1.1003723449398262,-1.1201118878524507,-0.771988468090236,-0.836926831980213
200,0.0719029909794948,-0.45410835704569635,19.50009133754623,22.62084720820436,200,0.2487133367581694,-0.011060706377328804,10.709039465114024,11.749457113845226,0.5179757965082338,-0.023933822144554175,9.073958514625668,10.102846433314141,0.3,-0.08910887937080607,0.7433884110660872,0.7397914915586512,-6.636435413826484,-6.468501770951266,R3_mixed,R3_mixed,W_only,0.1,0.3,True,mix,0.061146356843623455,0.1033333333333333,0.5,100,12,52,10,0.0,0.3,0.0,0.0,0,4.470197677612305,0.21719861422617404,0.23165636185511412,0.3,0.3277153534805836,0.332759934809849,0.24145056728041142,0.2433486299765219
200,0.2990255810557554,-0.39130905533565025,22.28484661731106,23.80873711222822,200,0.2022927249059039,0.010490516011378837,9.766022915107914,10.090939223743854,0.4343803574965803,0.023895756185318445,8.192746035152197,8.558125206545112,0.3,-0.10251185374186872,0.46921138950239,0.7030860729545665,-8.189912995425106,-7.616647212103271,R3_mixed,R3_mixed,W_only,0.1,0.3,True,mix,0.07326964415248649,0.1033333333333333,0.5,100,12,47,10,0.0,0.3,0.0,0.0,1,4.508445978164673,0.1863885045092506,0.19295229683563478,0.3,0.3318417342631616,0.34531392343428935,0.20227229834239313,0.18208940648713556
200,0.17460716394774706,-0.23582498630146026,18.406691530783693,18.780758588725107,200,0.027173845131363752,-0.019791873649964046,7.942965248674513,8.294292274217929,0.06217267780439348,-0.041022065163967426,6.801284256935329,7.06723348842523,0.3,-0.10662104638226379,-0.02323897108959934,0.38726048862064516,-5.897181079852885,-6.568773930647816,R3_mixed,R3_mixed,W_only,0.1,0.3,True,mix,0.05074966645111496,0.1033333333333333,0.5,100,12,34,10,0.0,0.3,0.0,0.0,2,4.5949482917785645,0.22310834245386402,0.2158409317843139,0.3,0.3364899450945274,0.31850421071682156,0.22111194493749045,0.2640834701074354
200,0.27525885621480284,-0.34961212374808376,21.875072543887722,21.665925989256444,200,0.09638498170380486,0.012156884480808188,12.660032653775126,13.237919633733314,0.18305028180022478,0.020895638427988618,10.745919945883697,11.224994068930812,0.3,-0.07821473522913172,0.23644934238948306,0.6699886407507901,-5.962910239819944,-5.854127721070949,R3_mixed,R3_mixed,W_only,0.1,0.3,True,mix,0.06374276929877212,0.1033333333333333,0.5,100,12,58,10,0.0,0.3,0.0,0.0,3,4.6402671337127686,0.2277585653190645,0.2226650379482562,0.3,0.33526405757519184,0.3106267755389315,0.23080617026863753,0.2101734801840926
200,0.18842365425135832,-0.46025390656670206,21.115587688429073,21.700443649894027,200,0.01450363692281619,0.0247273290809827,10.251008780229581,10.477088474909415,0.03331613084824216,0.05023735761062371,8.746124219116874,8.827749228149514,0.3,-0.10803352303218731,-0.037284639205161466,0.8836413472381841,-6.82585289583308,-7.920421077712194,R3_mixed,R3_mixed,W_only,0.1,0.3,True,mix,0.07180681047555572,0.1033333333333333,0.5,100,12,54,10,0.0,0.3,0.0,0.0,4,4.73015284538269,0.19865630580525287,0.1857341360968646,0.3,0.3100925015885128,0.3282685406504787,0.19643099319114582,0.24313610266513797
200,0.07435430205377237,-0.27293991063807405,19.46483734406426,19.24694535456016,200,0.06074932925836845,-0.006928639252202649,8.92372117301256,9.222261445595198,0.13441552375009366,-0.011759446551031272,7.692243493326697,7.943679844489787,0.3,-0.1116628559764047,0.1900544448296369,0.4796394525268329,-6.872112468690735,-7.358586749663841,R3_mixed,R3_mixed,W_only,0.1,0.3,True,mix,0.062344477220387676,0.1033333333333333,0.5,100,12,38,10,0.0,0.3,0.0,0.0,5,4.687919616699219,0.19625851797943572,0.19619199213000027,0.3,0.31227523416621866,0.31651402897687964,0.20288590705318715,0.20594755251551788
200,0.47058403445685554,-0.26443677221228895,19.131118596970083,19.24009576984254,200,-0.002481629704016044,-0.0365551116976363,12.561188288034193,12.446867943843376,-0.013666614028000002,-0.07746659324459382,11.01674785162826,10.719513189306502,0.3,-0.07510500131360433,-0.3965518932871367,0.41760426484646446,-4.4176347597289,-4.9872779266865646,R3_mixed,R3_mixed,W_only,0.1,0.3,True,mix,0.05027031580735911,0.1033333333333333,0.5,100,12,45,10,0.0,0.3,0.0,0.0,6,4.589236736297607,0.2739528623307653,0.2541377053968082,0.3,0.3723272971514481,0.37263208556423805,0.25788536538947615,0.3188116338517992
200,0.3475481102047205,-0.3797503511460738,20.14021327521108,22.730709459769248,200,0.1691164015305072,-0.0061666856106019075,9.512025610054112,10.438221741178525,0.35453242816672526,-0.012884935113749628,7.956507614022639,8.728930647279029,0.3,-0.10708109475962176,0.18581347030943973,0.6355220520123264,-6.847911490991961,-7.7882226703025035,R3_mixed,R3_mixed,W_only,0.1,0.3,True,mix,0.06325682557484781,0.1033333333333333,0.5,100,12,48,10,0.0,0.3,0.0,0.0,7,4.609801292419434,0.19305528156592552,0.19664819106469814,0.3,0.3417875028404754,0.34639920023973203,0.20399385232252604,0.2322143989679443
200,0.5715984646347216,-0.35836768537314145,19.514520954816458,21.857224557393373,200,-0.545088129872194,-0.02330210358505954,-1.8173529631948422,-4.889845830874606,-1.0744475542988747,-0.04353872352858567,-1.2078736366645533,-4.066201579899293,0.3,-0.26981645305574364,-2.2651093690836235,0.5775738963614334,-12.73053393896586,-16.091536890352085,R1_post,R4_err,rna,0.1,nan,True,post,0.059512822666208165,0.09999999999999996,0.5,100,12,43,10,0.0,0.3,0.0,0.3,0,4.637139797210693,-0.041668920345895824,-0.09920091081302151,0.0,-0.09855890994518536,0.09313044969295019,-0.10652308180175127,0.029651337692592792
200,0.9816930467844769,-0.44806458957194795,18.579658962834202,22.29557463362017,200,-0.7999859996418802,0.000817595417183331,-0.3356721424425049,-4.506437037057515,-1.5966494373709628,0.0022818704260657084,0.4005586672419493,-3.5280782562941257,0.3,-0.25555515664670203,-3.5624290433678825,0.8315572582098474,-12.023163697500758,-15.789311655555638,R1_post,R4_err,rna,0.1,nan,True,post,0.053497515120631306,0.09999999999999996,0.5,100,12,57,10,0.0,0.3,0.0,0.3,1,4.655178785324097,-0.0071661039065386,-0.08172555544903963,0.0,-0.1358959481496817,0.07336240199092935,-0.08525098858733346,0.09603790007526611
200,0.5460472141630721,-0.2248754448857001,18.98698842261706,22.85973065163491,200,-0.6885891205655866,-0.003276011828384387,1.6988163760320572,-2.3378620102583936,-1.3774106311282992,-0.002092468136495734,2.0396311023166596,-1.9778504635631209,0.3,-0.23104745244898134,-2.6779150504597915,0.4022048704549653,-11.439956846925936,-14.981641049710811,R3_mixed,R1_post,rna,0.1,nan,True,post,0.06126818110856593,0.09999999999999996,0.5,100,12,45,10,0.0,0.3,0.0,0.3,2,4.678206205368042,0.03137548829697991,-0.046217902541993976,0.0,-0.09513786100335984,0.1248281679984575,-0.04775051211727281,0.13157543004160932
200,1.4566479534261034,-0.42967469184710516,21.209436760805236,26.76322327161552,200,-1.0231968573981214,-0.05625601201397561,-1.557750663006273,-5.585827421535388,-1.9542721384418618,-0.11537674224753282,-0.6408656850933744,-4.507805668435477,0.3,-0.2765544154566672,-4.74131940946886,0.5975205838924029,-14.36534556790228,-17.49506315872093,R1_post,R4_err,rna,0.1,nan,True,post,0.07834007275543527,0.09999999999999996,0.5,100,12,62,10,0.0,0.3,0.0,0.3,3,4.657185316085815,-0.025265871957769075,-0.09658596146305458,0.0,-0.11141155535353439,0.11468969060932181,-0.10443169337637606,0.05009644466465942
200,0.8025984871864081,-0.2820577905178198,19.05459812658509,22.720111990968327,200,-0.637642902422199,0.02163920487588562,-1.4988081730263314,-5.505834790488259,-1.292905645112333,0.04520014617978555,-0.6830250438203733,-4.4837820929231205,0.3,-0.2815447517175764,-2.8956782659390434,0.6145327069763309,-11.468899797279137,-16.200465545169422,R1_post,R4_err,rna,0.1,nan,True,post,0.07287138226925645,0.09999999999999996,0.5,100,12,41,10,0.0,0.3,0.0,0.3,4,4.5977702140808105,-0.03719544807136953,-0.11199876732996744,0.0,-0.14050044516972596,0.07214931489968804,-0.11324385485147971,0.06262062350408727
200,1.2853456382090025,-0.45774951840106276,22.634415933536637,24.340813221526545,200,-1.0402389082434391,0.03313657982055709,-0.6562364007226734,-5.977149859966902,-2.042554738693205,0.06965382529345815,0.33147996480642083,-4.7850134730630405,0.3,-0.27301718105503714,-4.8098775364663675,0.8862795724907286,-13.972676943861213,-17.16634633690487,R1_post,R4_err,rna,0.1,nan,True,post,0.06947713880935007,0.09999999999999996,0.5,100,12,60,10,0.0,0.3,0.0,0.3,5,4.571136236190796,-0.01142267113595929,-0.09579646042917926,0.0,-0.13651842283417728,0.07129853678397688,-0.0966872369427186,0.08353833667213456
200,1.105925438947376,-0.32201330270577044,19.48495123925149,20.56602819762804,200,-0.7279328496376039,-0.0005158528180555267,-1.817500943052649,-5.893157211104163,-1.4402904901698883,-3.882339479031604e-05,-0.6734296207594033,-4.7012592388898335,0.3,-0.2585642482513126,-3.284937171746771,0.6063840912198459,-12.714407225447331,-16.430738262965917,R1_post,R4_err,rna,0.1,nan,True,post,0.059568063733091994,0.09999999999999996,0.5,100,12,47,10,0.0,0.3,0.0,0.3,6,4.696437835693359,-0.034891461849629817,-0.10643711641315946,0.0,-0.10830943429366581,0.12607359141776486,-0.11023981131992427,0.04011353637802902
200,1.0897123356593144,-0.35475509806275296,21.704131636841673,23.23944953135945,200,-0.7656897605562426,0.005554113646601806,0.0524271641949963,-3.859559163921651,-1.52947865654551,0.007842708717683129,0.8013899652571125,-3.0976995146525312,0.3,-0.2583646502261611,-3.5913592215897356,0.672465187155498,-12.97918888421237,-15.73901587412683,R1_post,R4_err,rna,0.1,nan,True,post,0.07022459159595905,0.09999999999999996,0.5,100,12,50,10,0.0,0.3,0.0,0.3,7,4.653944253921509,0.000923860652601653,-0.07315994478025316,0.0,-0.11851082428625113,0.09855015032779271,-0.07518499859975301,0.06311859079468071
200,0.9055077967640861,-0.42591089546097044,16.285500580185595,18.42528203423851,200,-0.37582192994031266,0.023348265379414087,21.24449237529681,19.793185387431812,-0.778671614760589,0.050403443913690824,19.048321645827446,17.2941500978345,0.3,0.07938428201851218,-2.142173337193995,0.8688816126625716,8.412929065081354,3.7158269442121155,R2_noise_compatible,R2_noise_compatible,rna,0.1,nan,True,noise,0.05941149423402701,0.10000000000000005,0.5,100,12,49,10,0.0,0.3,0.0,0.3,0,4.6335718631744385,0.8142288118833682,0.6128033785647907,1.0,0.9175137867211461,1.5501347936718015,0.6537883685358212,1.2455025095381866
200,1.490016113084717,-0.3714536359951006,16.533057599491748,19.983933779454617,200,-0.5168716809510235,-0.027539882881795052,23.298814999102795,19.059469659609373,-0.9848315320794014,-0.06660114112650223,21.227597889537307,16.572216060413286,0.3,0.03940702110936969,-3.2147758451506445,0.6164582950768902,7.125121198962498,1.6935346031709333,R2_noise_compatible,R2_noise_compatible,rna,0.1,nan,True,noise,0.05116991918012093,0.10000000000000005,0.5,100,12,56,10,0.0,0.3,0.0,0.3,1,4.699074745178223,0.6912596525868563,0.49537500634891046,1.0,0.7219427951346097,1.3955794800934342,0.5133691071653353,1.03073939545337
200,0.9250458566465233,-0.3043876036122346,16.802743224355744,18.179107143423565,200,-0.4391750068288334,0.004730934011685481,19.0876878748725,16.983249464702595,-0.8650097841976551,0.007792464448630172,17.189203391632155,14.827187974121687,0.3,0.035472168554163915,-2.3561373698882675,0.534891833327721,6.372300997359472,1.2050269632592483,R3_mixed,R3_mixed,rna,0.1,nan,True,noise,0.061587062768378456,0.10000000000000005,0.5,100,12,39,10,0.0,0.3,0.0,0.3,2,4.57984185218811,0.6482451680928709,0.46154980654384975,1.0,0.8308795516137097,1.4841768886993858,0.48444750952407367,0.9036215977221523
200,0.653498644234089,-0.20669475011514138,14.399735226935677,16.771283467192124,200,-0.36055818241929954,-0.0013829218057894465,17.540338081277227,14.83924582658898,-0.7332776064591314,-0.0004960406547005758,15.571975455067662,12.674643520902254,0.3,0.020743553497143612,-1.8041322543541707,0.38972107375912557,4.228991139372654,0.4474970389899052,R3_mixed,R3_mixed,rna,0.1,nan,True,noise,0.0684865749893829,0.10000000000000005,0.5,100,12,34,10,0.0,0.3,0.0,0.3,3,4.7042176723480225,0.5699261882686937,0.42920476969522664,1.0,0.8664880578897058,1.4092864283417081,0.44418571807350243,0.8448504115518634
200,0.8648749074904433,-0.34898777355092475,16.207252730409643,19.16361188397698,200,-0.6301572255390407,-0.011039327871359382,19.466410990559297,17.61152509183126,-1.250602669699325,-0.02549468022795791,17.577434559855604,15.480203147346472,0.3,0.03066955539293028,-2.850921316827309,0.5866430007911277,5.990596925834188,1.0849426724869466,R3_mixed,R3_mixed,rna,0.1,nan,True,noise,0.056128483998872665,0.10000000000000005,0.5,100,12,49,10,0.0,0.3,0.0,0.3,4,4.75355339050293,0.594173091421759,0.42987237598326866,1.0,0.8125652830416821,1.433886785147252,0.44766991227806585,0.9897798385032526
200,1.2246701434407579,-0.4453601495922351,16.11607659451035,22.364049584174694,200,-0.516480159948559,-0.011642182154867483,21.636619899252185,19.883404693335493,-1.012802692307646,-0.026178297040586856,19.152786848744157,17.18290385879793,0.3,0.027434651859798372,-2.857357855424169,0.691861485492663,5.734118606493004,1.030049864061584,R3_mixed,R3_mixed,rna,0.1,nan,True,noise,0.06572809059053471,0.10000000000000005,0.5,100,12,56,10,0.0,0.3,0.0,0.3,5,4.806798219680786,0.590987790575744,0.4369521016373773,1.0,0.7474362401803516,1.3165068873136634,0.4567540366588747,0.8846681210829113
200,0.7403079441590548,-0.283926745231093,14.369724427924176,17.32679909708715,200,-0.47148156684353665,-0.025473451303672113,21.3419868403491,16.7956718038232,-0.9245294960959478,-0.052458961358808634,19.13747872089413,14.876249987953159,0.3,0.05012818652669402,-2.2367151450862655,0.44949457552679084,6.359305254183038,2.10234959486447,R2_noise_compatible,R2_noise_compatible,rna,0.1,nan,True,noise,0.05461095745600092,0.10000000000000005,0.5,100,12,41,10,0.0,0.3,0.0,0.3,6,4.71809458732605,0.696939988085089,0.5178836590673463,1.0,0.8477606620317392,1.5282091687124366,0.537511662407113,0.9645633395439233
200,0.6409217795892772,-0.2796994052414121,15.42924840623183,18.969990296444266,200,-0.5477462694232207,-0.05080419594469154,18.98921456943404,16.17407234602771,-1.092527461348797,-0.10605293895145727,16.810877000328546,13.774403133008777,0.3,0.031707940246185055,-2.3337947776392083,0.34475573752862027,5.353206972926438,1.318950564786095,R3_mixed,R3_mixed,rna,0.1,nan,True,noise,0.0557102552344388,0.10000000000000005,0.5,100,12,42,10,0.0,0.3,0.0,0.3,7,4.7213051319122314,0.6078564304251082,0.45424929339820325,1.0,0.8968065544809802,1.4569061431553778,0.46580472720684735,0.9832900019822236
200,0.8797801988225641,-0.3978741538358886,15.603755801373877,20.193944380421282,200,-1.1256625346877842,0.002350730544896765,-20.918036080537778,-26.840443538744243,-2.2802996890756275,0.007338566204846879,-18.304354572835624,-22.943474237496723,0.3,-0.466003239757786,-4.358946562926699,0.7781986560434525,-19.33334515745935,-26.32692569081353,R4_err,R4_err,rna,0.1,nan,False,err,0.07618153871683758,0.15000000000000002,0.5,100,12,58,10,0.0,0.3,0.0,0.3,0,4.700079917907715,-0.6386600918540052,-0.6726808661197013,-1.0,-1.142404865757838,-1.1201426979187743,-0.7029177670684568,-0.7406677841215806
200,0.8022638664868706,-0.4316230873642002,17.726136264322047,18.362139511682567,200,-1.1723457862685416,-0.030764428152222644,-23.548350823587842,-25.85568864480329,-2.3819833801812353,-0.061248554195601504,-20.491412684321553,-22.423709213463972,0.3,-0.45688046412935995,-4.548317457532805,0.7217244019726249,-24.683400545074054,-26.784440700295182,R4_err,R4_err,rna,0.1,nan,False,err,0.07276747389721054,0.15000000000000002,0.5,100,12,57,10,0.0,0.3,0.0,0.3,1,4.769768953323364,-0.6836024330070885,-0.7192433930673573,-1.0,-1.1403326644229397,-1.1538382042402309,-0.7622589791974729,-0.8122835067969751
200,1.2033037581590067,-0.5341041191172988,20.338734468509028,22.88074857693434,200,-1.1547781718409287,-0.028457843195637548,-23.478374927440086,-27.94780733343416,-2.3125272262446717,-0.05148889057949347,-20.77915083125677,-24.19311685664963,0.3,-0.46526255770415936,-4.977095476242217,0.8771976979821661,-25.157083593200756,-27.564262708138315,R4_err,R4_err,rna,0.1,nan,False,err,0.09045439544805854,0.15000000000000002,0.5,100,12,75,10,0.0,0.3,0.0,0.3,2,4.760130405426025,-0.622363306847176,-0.6260065417434276,-1.0,-0.9568112037159646,-1.0337351157005006,-0.656692253952331,-0.7296635919308434
200,0.9489623456677679,-0.4685681093728442,15.81915936167639,20.26752728516791,200,-1.2402241129960507,-0.02434413272646795,-22.679847964554043,-27.113490791140144,-2.4737438554594013,-0.05011737659142039,-19.846888140209806,-23.589773192247584,0.3,-0.4546940160436837,-4.8514060790791,0.7678542120840774,-22.502355891736517,-28.007736134970884,R4_err,R4_err,rna,0.1,nan,False,err,0.06672511639237858,0.15000000000000002,0.5,100,12,66,10,0.0,0.3,0.0,0.3,3,4.771435499191284,-0.7335962060866256,-0.7525236558368461,-1.0,-1.1531547406579636,-1.1404067245898573,-0.7952170208416864,-0.8125462336404639
200,0.782294138645456,-0.5068521456517958,18.893688394635912,23.02678154077335,200,-0.979658570421233,-0.018479403151021624,-21.806441822640448,-26.90337675842989,-1.9492120896588836,-0.030762792826761212,-19.248072734708526,-23.17636607876259,0.3,-0.45647152107603356,-3.8297384454241716,0.8480086306674351,-22.356319264316667,-27.25311906304409,R4_err,R4_err,rna,0.1,nan,False,err,0.08196044131372933,0.15000000000000002,0.5,100,12,70,10,0.0,0.3,0.0,0.3,4,4.683797597885132,-0.6184232993442492,-0.6330835330829437,-1.0,-1.0310925756644773,-1.0694526457769071,-0.6648710778930111,-0.7162929835624843
200,1.3842514908637642,-0.4631456915669561,15.212956878526738,17.026799227189215,200,-1.0865237569126474,0.02631729662560679,-22.00009372349757,-26.232788638675764,-2.1007111457724488,0.05498912060120263,-19.647279780524734,-23.006470515882373,0.3,-0.46446734889455704,-4.9441452852685766,0.9045985330402131,-21.559143793987637,-24.499039152417012,R4_err,R4_err,rna,0.1,nan,False,err,0.06163286716579681,0.15000000000000002,0.5,100,12,62,10,0.0,0.3,0.0,0.3,5,4.601181745529175,-0.8353529869964254,-0.7857882583819585,-1.0,-1.195240143083364,-1.2056140722596442,-0.8268599021707108,-0.9101273480417974
200,1.3167127573532083,-0.4406920104499307,18.675971729901494,21.380280219752116,200,-1.3067307089801292,0.0010545225728900752,-24.418425262483876,-28.303137789343193,-2.652254281777327,0.0061970578214375505,-20.99686932574259,-24.624134755862027,0.3,-0.45401959482043097,-5.473058088504738,0.8721170043586624,-24.49744419201808,-28.19594443369148,R4_err,R4_err,rna,0.1,nan,False,err,0.0648436805473179,0.15000000000000002,0.5,100,12,71,10,0.0,0.3,0.0,0.3,6,4.659412384033203,-0.6744110914443303,-0.6859946924247673,-1.0,-1.1107542813232671,-1.0581035130690815,-0.7157021503052203,-0.7346000194631073
200,1.1038188548994572,-0.4859341490790952,18.625379919912383,23.361452970078382,200,-1.2924608735840277,-0.0143406942206589,-24.25432078146161,-29.65180784052099,-2.5657847508722513,-0.02958074238216004,-20.688836578348997,-25.42235389179256,0.3,-0.47534697762973566,-5.233811251747037,0.8752081809545189,-22.984613147251,-30.29497039840718,R4_err,R4_err,rna,0.1,nan,False,err,0.08183496653534332,0.15000000000000002,0.5,100,12,75,10,0.0,0.3,0.0,0.3,7,4.681569337844849,-0.6707591585459963,-0.6886106216425814,-1.0,-1.083223851235224,-1.0286397473222189,-0.7192818232707284,-0.6988149425328524
200,0.6318024794905732,-0.37830512936741895,17.920318171477113,23.510943466861587,200,-0.49529614221744345,-0.010572205250623225,7.930431237080778,5.89694241684822,-0.9880912800134822,-0.028286806813364197,7.080037113114074,4.961518411917123,0.3,-0.14162022398735358,-2.239826301687097,0.5532108203334845,-5.536169064659996,-9.305165024205701,R3_mixed,R3_mixed,rna,0.1,0.3,True,mix,0.0637558665167495,0.1033333333333333,0.5,100,12,40,10,0.0,0.3,0.0,0.3,0,4.693939685821533,0.2026033456191173,0.11555626684793645,0.3,0.23769404307304842,0.5266008011633067,0.11995119790191996,0.3449791142676106
200,0.9730495062922495,-0.371273742333929,21.54164878705827,24.049247539786297,200,-0.5811536234813933,0.043198172393803774,10.531138777496626,5.825805098052814,-1.147709753792135,0.08840391252003356,9.336221805371636,4.887129659440891,0.3,-0.14776395010901677,-2.941472327672629,0.7806300033025755,-7.130877491566018,-9.749237622252286,R3_mixed,R3_mixed,rna,0.1,0.3,True,mix,0.06598058848592342,0.1033333333333333,0.5,100,12,54,10,0.0,0.3,0.0,0.3,1,4.753286361694336,0.1867733057932044,0.10768894104387154,0.3,0.2015785758885968,0.43182577691563095,0.11546398276983379,0.3171566205431596
200,1.3258506130114973,-0.35202725198406554,19.481151755510307,22.937301995817933,200,-0.8492634022200833,0.007330794820897799,11.37128405755179,4.885790144278176,-1.707096098364154,0.013882214369333824,10.567708418041068,4.281638136867772,0.3,-0.1610628943194172,-4.0864589315031425,0.7367944813508864,-6.623243597206335,-9.92424852311466,R3_mixed,R3_mixed,rna,0.1,0.3,True,mix,0.06314454541883695,0.1033333333333333,0.5,100,12,57,10,0.0,0.3,0.0,0.3,2,4.698152303695679,0.22219701455274496,0.1079248076486107,0.3,0.16976479056137,0.43846817362178114,0.11228004455961031,0.3693855334752948
200,0.864784914506071,-0.4052544365599583,20.9184539475588,22.55563546093771,200,-0.6735687924195869,-0.01521344933946907,9.089889337255151,5.14430023834209,-1.371355406324813,-0.033798209026721225,8.37333009526086,4.355639363390267,0.3,-0.16975125171778996,-3.08463045061976,0.6915231845947403,-7.0953451722263505,-10.592436712925727,R3_mixed,R3_mixed,rna,0.1,0.3,True,mix,0.07615079001674718,0.1033333333333333,0.5,100,12,49,10,0.0,0.3,0.0,0.3,3,4.769117116928101,0.18453388857029504,0.09630990168535644,0.3,0.18993308595463768,0.4815824591411827,0.09876179445588106,0.3213401287432072
200,1.1938680463577456,-0.38070830022563884,22.511527579757562,24.025345316807982,200,-0.6242445079308236,0.036489334534036307,12.354434388107537,8.153904421747754,-1.2316292473354895,0.08039027758639343,11.166019524237973,6.9540448185105435,0.3,-0.13769618026549194,-3.176666536908456,0.8052186992352659,-6.556714809885223,-9.849210355971977,R3_mixed,R3_mixed,rna,0.1,0.3,True,mix,0.07283801105795486,0.1033333333333333,0.5,100,12,57,10,0.0,0.3,0.0,0.3,4,4.790129661560059,0.23627640875257186,0.1472403438722914,0.3,0.22271422994522164,0.4298019248945054,0.15548948494886497,0.340444678504392
200,0.809659265109522,-0.3682051626365262,19.50477582070274,24.228567043688205,200,-0.8197091734385954,-0.039892240969708996,9.937620859952883,4.721954640186159,-1.660209931844889,-0.0827012206446751,9.335157874123995,4.086715756948599,0.3,-0.15762020873821353,-3.4116418137152316,0.5083331394647166,-6.5122950719616215,-9.625653333940372,R3_mixed,R3_mixed,rna,0.1,0.3,True,mix,0.07231690868874713,0.1033333333333333,0.5,100,12,53,10,0.0,0.3,0.0,0.3,5,4.7724902629852295,0.1879368182824101,0.09412473704720445,0.3,0.1892386547283246,0.4787282212639782,0.09361667892110856,0.32471752741732207
200,0.8685610947493438,-0.38505226468051,21.158551045796642,21.510682312328317,200,-0.6974129351533978,0.004665704629207937,11.777974023634911,5.730641575275852,-1.3943367092289665,0.01048316895165932,10.867847540254235,4.923886153314888,0.3,-0.15151076747136027,-3.165847161045172,0.6866418677326865,-6.5269508724483245,-9.915885993859273,R3_mixed,R3_mixed,rna,0.1,0.3,True,mix,0.06545958400776357,0.1033333333333333,0.5,100,12,48,10,0.0,0.3,0.0,0.3,6,4.792855978012085,0.2152495009720662,0.1127530728940744,0.3,0.156419494682036,0.43031995745741947,0.11803826308872921,0.3296598977398776
200,1.532678235387865,-0.2953174788306542,17.977173661279654,23.661026995169724,200,-0.6893566657878325,0.011011857911440392,9.902296591138976,5.706638957248286,-1.3417317965045055,0.030026826551738255,8.881031140503007,4.703029723921708,0.3,-0.1534556229857092,-3.8367704154631888,0.6141090459696059,-5.2310477398359385,-9.84155187138353,R3_mixed,R3_mixed,rna,0.1,0.3,True,mix,0.07351782494087314,0.1033333333333333,0.5,100,12,52,10,0.0,0.3,0.0,0.3,7,4.805527448654175,0.21540399313417052,0.11514958243431588,0.3,0.161964537463447,0.47580223276651773,0.11938924958863474,0.3420500865641883
200,2.0659795224278663,-0.42222287483655746,21.420667491411496,26.192945920816467,200,-1.6265686439215445,0.012400664172264611,0.6478332311118256,-6.693267263806016,-3.134081223134509,0.027366661971153772,1.8887229410087258,-5.2456733601299605,0.3,-0.27710980272419805,-7.3734067424639855,0.8467827450331541,-12.408104305295693,-18.15795849062871,R1_post,R4_err,rna_strong,0.1,nan,True,post,0.06271796805359088,0.09999999999999996,0.5,100,12,66,10,0.0,0.3,0.0,0.5,0,4.832715034484863,0.011013025126019822,-0.11024081058112269,0.0,-0.15511371409195554,0.15309484494806178,-0.11280417007185989,0.15599494361002092
200,1.7567364820204676,-0.6166749057993167,19.64107941303812,27.552491293782985,200,-1.7427406569394799,-0.015443174475954233,0.8524149988278444,-6.1340924413682485,-3.4380001505650895,-0.03944334333972679,1.8142859774094653,-4.877543928550112,0.3,-0.2857066533071344,-7.196820332188134,1.1311049881843451,-12.560446098391102,-19.20761416126703,R1_post,R4_err,rna_strong,0.1,nan,True,post,0.06971418637779071,0.09999999999999996,0.5,100,12,71,10,0.0,0.3,0.0,0.5,1,4.806010961532593,0.015544343779436968,-0.10964916093590311,0.0,-0.17165837440010856,0.12639555997411148,-0.1158132308463207,0.1421872107211681
200,1.191017354656457,-0.39726915279922353,20.1474190326814,23.09894730138462,200,-1.203754125559431,-0.055673881060218984,-1.0844215975570821,-6.624843206484974,-2.3587142221805135,-0.11365787044510561,-0.08892387369423847,-5.388949421392846,0.3,-0.2962046982085741,-4.950070928954492,0.5155108278767218,-12.304345359101447,-16.064805513434056,R1_post,R4_err,rna_strong,0.1,nan,True,post,0.06105987188231099,0.09999999999999996,0.5,100,12,46,10,0.0,0.3,0.0,0.5,2,4.6659996509552,-0.023849331385518868,-0.13866568678150643,0.0,-0.19827051723586653,0.16882958417167424,-0.1506113722688272,0.11710081216398759
200,1.9302335446707206,-0.4578054122246506,21.921526689860794,26.29358756954709,200,-1.4605508720693154,-0.011991684467626725,-0.712913886792657,-6.32470568349078,-2.919987811265595,-0.02029486967351519,0.5296878471375143,-5.155116786839428,0.3,-0.2908545700216687,-6.680779051017944,0.8360658283301707,-14.075416281709488,-18.419975185703574,R1_post,R4_err,rna_strong,0.1,nan,True,post,0.07092403550928553,0.09999999999999996,0.5,100,12,63,10,0.0,0.3,0.0,0.5,3,4.672592639923096,-0.012620469057120129,-0.12157660066978923,0.0,-0.13582707719628925,0.17966506716089015,-0.1269625540593193,0.14393034163871243
200,1.088284210631852,-0.34978964543556385,19.007303025632243,21.777124257954107,200,-1.0764796263803824,-0.035967165342516184,-0.35958478264908605,-6.13026273441616,-2.1494410512364297,-0.06968589567184569,0.6551706480053835,-4.869013476695885,0.3,-0.2666014806736715,-4.563209222342332,0.543210064167439,-11.849306064600254,-16.657661278858946,R1_post,R4_err,rna_strong,0.1,nan,True,post,0.05272778461197393,0.09999999999999996,0.5,100,12,53,10,0.0,0.3,0.0,0.5,4,4.674428701400757,-0.00787960845962966,-0.11054598619263979,0.0,-0.14187382535621584,0.18536484980380805,-0.11826041497291549,0.12723606486713746
200,1.8415258443888132,-0.5467778759603396,20.55519958393464,25.407613851279056,200,-1.5749413725036454,-0.012341280738783555,-0.2674675247619604,-6.595372144835421,-3.125161730742372,-0.03434793984538222,0.925336199004469,-5.321227406153096,0.3,-0.2820572111128443,-6.933744579846998,0.9295495754672146,-13.43500294313607,-17.051073787716188,R1_post,R4_err,rna_strong,0.1,nan,True,post,0.07182769589407895,0.09999999999999996,0.5,100,12,66,10,0.0,0.3,0.0,0.5,5,4.647770166397095,-0.004677014968492289,-0.1178514108741819,0.0,-0.16864754773387375,0.13834463326971008,-0.12368506389548169,0.14310881833381842
200,1.9854103149453795,-0.48487231154321914,21.03034301108716,23.667586579977833,200,-1.6816849110737815,-0.0023031476545270395,-0.8116707730320251,-7.778214545081252,-3.30589193210654,-0.005849693477358491,0.6345642393508562,-6.114862157443327,0.3,-0.29346444891431356,-7.313071704605895,0.8915404492122798,-12.39531113067874,-17.630477665732055,R1_post,R4_err,rna_strong,0.1,nan,True,post,0.06084834454707126,0.09999999999999996,0.5,100,12,62,10,0.0,0.3,0.0,0.5,6,4.716649770736694,-0.015567758539100638,-0.14624673172456923,0.0,-0.1967768495062997,0.18686975560441207,-0.15231149882389863,0.1715146235245218
200,2.115347803511802,-0.4092772208374032,22.006004292314525,27.323610005164873,200,-1.9634136787871517,-0.006620114366446383,-1.2338690115585325,-8.506389324377661,-3.8768525236043683,-0.012999718343411449,0.12800003571265484,-6.820588895038478,0.3,-0.29971959049905844,-8.324498274703663,0.7921879844171946,-13.693107772092821,-18.749910921372198,R1_post,R4_err,rna_strong,0.1,nan,True,post,0.07040405480170865,0.09999999999999996,0.5,100,12,72,10,0.0,0.3,0.0,0.5,7,4.923829555511475,-0.022806431207668836,-0.15208256138106635,0.0,-0.1701320434813736,0.14734920593961576,-0.15690433871385262,0.11889816708739664
200,1.3218973354974342,-0.4295445738384626,18.007539829656245,20.309676576048037,200,-1.0048138271841123,-0.04262485293386023,20.474534792417654,17.299846624208786,-1.9804344837469838,-0.09535506894562086,18.002682115749238,14.593713763446305,0.3,0.004821143530899875,-4.417930540999526,0.6506244568025212,5.97085971489003,-0.39334277179203103,R3_mixed,R3_mixed,rna_strong,0.1,nan,True,noise,0.0695235576043491,0.10000000000000005,0.5,100,12,55,10,0.0,0.3,0.0,0.5,0,4.912975549697876,0.662086135922597,0.439228103010949,1.0,0.7418423420960979,1.8547514200671862,0.4552921820892023,1.221834248282424
200,2.2392847013235575,-0.4354075320386999,18.080278955473638,22.220022849792137,200,-1.0720096363283047,-0.006965260068138116,20.816437873332518,18.357073656446985,-2.0811272408926103,-0.009979216535213714,18.705681762207277,15.647631083878952,0.3,0.00981303466467436,-5.844782667592146,0.7696943715632577,7.741977678431249,-0.10448498034229141,R3_mixed,R3_mixed,rna_strong,0.1,nan,True,noise,0.07076166851223346,0.10000000000000005,0.5,100,12,67,10,0.0,0.3,0.0,0.5,1,4.93289041519165,0.5758384324794793,0.36722603429002343,1.0,0.6117211890860452,1.5383175245136345,0.37991398116948927,0.9860228642896733
200,1.2450459580079842,-0.3089765449460884,14.876971107453082,19.243034435756872,200,-0.9420590914487156,0.00984917230736458,18.507626278810648,12.465515428811358,-1.8464640563175585,0.017217611933260962,16.50620550554151,10.674124557708788,0.3,-0.019548570321681436,-4.302706009875876,0.6076885825622513,5.157711989437269,-1.690771088882918,R3_mixed,R3_mixed,rna_strong,0.1,nan,True,noise,0.07380116901078199,0.10000000000000005,0.5,100,12,41,10,0.0,0.3,0.0,0.5,2,5.0274269580841064,0.5863244570667543,0.3419098342874385,1.0,0.6861496273683114,1.7113286322169483,0.3577011353869809,1.062756462495319
200,1.540940431304387,-0.31033830551937636,16.449469531380306,22.238182131427518,200,-0.9781892396580752,-0.003062924564748617,20.025613948761343,13.582742345864501,-1.891600524792951,-0.004627929709393153,18.607150287847062,11.793198821274201,0.3,0.006110060629981493,-4.961019377193597,0.564457334537719,7.7269466726597225,-0.3179065830901246,R3_mixed,R3_mixed,rna_strong,0.1,nan,True,noise,0.07218822679871206,0.10000000000000005,0.5,100,12,45,10,0.0,0.3,0.0,0.5,3,4.946052074432373,0.6476698478731248,0.3779726427034722,1.0,0.6806362060107507,1.7287806808608497,0.3927107655815543,1.1535847249393838
200,1.4045819961235833,-0.34841555251065176,13.858131762543744,16.682360945799633,200,-0.862271312480485,-0.008365719018645365,21.149998152248944,14.08526214220517,-1.6919965391066736,-0.019297677759346838,18.720456626339832,11.906008461977112,0.3,0.0108552456192251,-4.289004786261918,0.5922402838965826,7.929360415909773,-0.17003872363531725,R3_mixed,R3_mixed,rna_strong,0.1,nan,True,noise,0.06206973977645475,0.10000000000000005,0.5,100,12,41,10,0.0,0.3,0.0,0.5,4,4.863396883010864,0.7291077107170021,0.4302456827829504,1.0,0.7525035279129639,1.8037530082335547,0.45110493294909587,1.2692323586237417
200,1.1205675727004984,-0.32764214927633944,16.190643274990588,16.61979140958981,200,-0.8214216251387765,0.04685326767574861,21.36157117097952,16.682504587348397,-1.6002478680191723,0.09918034391302566,19.570647974956035,14.697912623992591,0.3,0.018826355042532633,-4.068805194142282,0.710799809911446,6.785908702536464,0.1893030182476403,R3_mixed,R3_mixed,rna_strong,0.1,nan,True,noise,0.06209332708824778,0.10000000000000005,0.5,100,12,46,10,0.0,0.3,0.0,0.5,5,4.893033266067505,0.6247077426866694,0.39869710885004905,1.0,0.7029330127299526,1.789047960868883,0.4223078820833376,0.9706957617313614
200,1.2090528334318253,-0.3633679778278898,16.69884538709402,18.236478450340925,200,-0.72145647754919,-0.014840425934974,18.160434521737308,13.380483885710008,-1.4256322916287723,-0.029594005435188687,16.809214096014365,11.901700658931283,0.3,0.004655490749635135,-3.5579429419576547,0.6133473586150938,5.211712085871028,-0.45315720204030785,R3_mixed,R3_mixed,rna_strong,0.1,nan,True,noise,0.06421730119901155,0.10000000000000005,0.5,100,12,45,10,0.0,0.3,0.0,0.5,6,4.910304307937622,0.5937294412317057,0.3838841061284301,1.0,0.7468284969458221,1.8133380113490223,0.40060922911854546,1.0100480385275823
200,1.6636395674686297,-0.514269077205749,16.77317659233915,23.975775778778473,200,-1.123673333176156,0.007363732430967877,22.06733507008109,15.1925940013357,-2.180179493687289,0.013261913455010097,19.846652940333787,12.993426355086152,0.3,0.002501996608369734,-5.477743622678052,0.892106781816382,6.947398237298862,-0.7555610827875591,R3_mixed,R3_mixed,rna_strong,0.1,nan,True,noise,0.06893358154495047,0.10000000000000005,0.5,100,12,55,10,0.0,0.3,0.0,0.5,7,4.915929317474365,0.633394976762855,0.38399104734411693,1.0,0.681331788879935,1.6539381196622862,0.40543609162119937,1.1973363558764407
200,0.9559724590031087,-0.2909353084332067,15.234026495207612,15.359378393036843,200,-1.1112692348875566,-0.009038051044484885,-14.649726201611637,-20.95725214840562,-2.2116383407536957,-0.019345993499735373,-12.600839130772306,-17.986548907609162,0.3,-0.42681282839634677,-4.427202473780139,0.521354983272943,-17.086803484508525,-21.30306845523364,R4_err,R4_err,rna_strong,0.1,nan,False,err,0.06469043058435246,0.15000000000000002,0.5,100,12,40,10,0.0,0.3,0.0,0.5,0,4.930915594100952,-0.5247451535721142,-0.5962060264291121,-1.0,-1.0411166811941392,-0.946968138297952,-0.6267382427232934,-0.5577991188442504
200,1.4115951930428468,-0.3798450147480137,14.647939620654574,18.678893290235592,200,-1.501635460222672,0.025380090845189954,-17.15599344642128,-21.901281452088828,-3.009984161180877,0.06319010426107087,-15.022221897041584,-19.080115431323673,0.3,-0.4257308950992363,-6.219922344184024,0.7907951389877124,-17.922686721835458,-23.419352230557056,R4_err,R4_err,rna_strong,0.1,nan,False,err,0.053070597638606935,0.15000000000000002,0.5,100,12,55,10,0.0,0.3,0.0,0.5,1,4.937476396560669,-0.5788815320002338,-0.6396349025693276,-1.0,-1.0186088338691406,-1.2028697231915686,-0.6679464104846045,-0.6171346192408903
200,0.6086617722345412,-0.2617838547858249,14.651257128047991,15.895602197593783,200,-0.8333421595933044,0.0040178812271296875,-16.38891378016434,-19.36920006535073,-1.6766255342529193,0.009816288882765013,-13.975682917164644,-16.366262008038102,0.3,-0.44292906698240864,-3.1587267526048195,0.5069960166187171,-17.836797451608298,-19.870915504545913,R4_err,R4_err,rna_strong,0.1,nan,False,err,0.05285284354916833,0.15000000000000002,0.5,100,12,36,10,0.0,0.3,0.0,0.5,2,4.934245824813843,-0.6414905554328707,-0.6935502159626432,-1.0,-1.1144651324137187,-1.0761180267552226,-0.7283828135165579,-0.611491733206537
200,0.9522127391778769,-0.32966128916847737,16.84285602334547,18.403405123383934,200,-1.140950428208089,-0.033583877431517015,-18.332594422694296,-21.001386468566224,-2.281238744942425,-0.06545813433118257,-16.105238299508034,-18.64281647344672,0.3,-0.43675624213648,-4.5464697597867625,0.5217121559970652,-20.936240261441807,-23.51023941843914,R4_err,R4_err,rna_strong,0.1,nan,False,err,0.05417124735591822,0.15000000000000002,0.5,100,12,49,10,0.0,0.3,0.0,0.5,3,4.891685724258423,-0.5806896762924477,-0.6295930707606544,-1.0,-1.1300830664072081,-1.0799547244824685,-0.6635892372918005,-0.654367482063853
200,1.4565398118223272,-0.2625776459993378,10.715733202327307,14.54949229404834,200,-1.1462787768417662,-0.04163670332517357,-18.51923767532701,-24.098340781650613,-2.1977633806313728,-0.09174603862024686,-16.628252581196858,-21.254689421665006,0.3,-0.4518356009400472,-5.254368249499209,0.365053478664334,-18.339838587725836,-22.240276879301366,R4_err,R4_err,rna_strong,0.1,nan,False,err,0.06799434135041156,0.15000000000000002,0.5,100,12,41,10,0.0,0.3,0.0,0.5,4,4.866532802581787,-0.6786595581339363,-0.668465026087578,-1.0,-1.1155066796431137,-1.3351566555616745,-0.7057499631693307,-0.7515164558515336
200,0.9858412517257588,-0.3245957463016157,12.310671156164732,16.621345181067763,200,-0.8999429471936995,0.013022760692508682,-16.23591099335161,-19.097849011539317,-1.807291823795424,0.021447180972403664,-14.222030511483796,-16.62681391966498,0.3,-0.4239233422047806,-3.8199158413372616,0.6709725237403542,-17.084642762833955,-21.117354110653597,R4_err,R4_err,rna_strong,0.1,nan,False,err,0.05354237569488232,0.15000000000000002,0.5,100,12,41,10,0.0,0.3,0.0,0.5,5,4.8570098876953125,-0.5986259149221368,-0.6202224090696762,-1.0,-1.143228196818078,-1.1099252969266697,-0.6536939615121218,-0.6414893969530288
200,1.1891263882624796,-0.28046916762357554,11.446117645766364,16.781261089867307,200,-1.1496776168585563,0.007798027619007988,-15.538322829072772,-20.98300885260466,-2.23403692811708,0.013386951516863928,-12.946692042342773,-17.90191788047169,0.3,-0.4475606024049037,-4.887279545384575,0.5156675994165291,-15.454884610512254,-22.465372761862266,R4_err,R4_err,rna_strong,0.1,nan,False,err,0.06551915719539939,0.15000000000000002,0.5,100,12,36,10,0.0,0.3,0.0,0.5,6,4.968851089477539,-0.551408687260077,-0.6106214446056515,-1.0,-1.1134867321268118,-1.265510315489059,-0.6399057461292823,-0.5750170578644526
200,1.3339894618922887,-0.3027707401138334,14.79156120801344,18.365291200907937,200,-1.2169562530980391,-0.039425498667255275,-16.677921564404265,-21.412383977377637,-2.417316929435787,-0.08308887137702518,-14.52121140049413,-18.60349782677663,0.3,-0.4448962213249485,-5.125873115754904,0.48102347254189354,-19.455465612119504,-22.678207332117136,R4_err,R4_err,rna_strong,0.1,nan,False,err,0.060410144952621356,0.15000000000000002,0.5,100,12,46,10,0.0,0.3,0.0,0.5,7,4.934470891952515,-0.6521555183278677,-0.6683642438961429,-1.0,-1.1148489358606632,-1.1271364573140348,-0.7056172372319546,-0.6071378280626974
200,1.3362139813778464,-0.457835456879914,21.2072381559907,24.2623919686311,200,-0.8964291533248107,-0.0008601465390736085,12.137329394511067,6.715588765880665,-1.7869423599388938,-0.003394816874363591,11.125243593443395,5.702315084530615,0.3,-0.1533589852284401,-4.341011999812054,0.8355014130269729,-5.898450097261448,-9.993869401090814,R3_mixed,R3_mixed,rna_strong,0.1,0.3,True,mix,0.06868765917912835,0.1033333333333333,0.5,100,12,59,10,0.0,0.3,0.0,0.5,0,4.9515087604522705,0.2456868303649688,0.1302963949687614,0.3,0.1619609517509613,0.5913532179829436,0.13558210804965476,0.4583285507130937
200,1.5874770457980463,-0.4774538585381103,21.055732147637954,29.18786710923718,200,-1.336755085474882,-0.05585938044792024,10.76637592019975,4.601292519405109,-2.675610994887664,-0.12235061446746485,10.057390563906436,4.0712592844878746,0.3,-0.17387295559001953,-6.106010876213534,0.7549949410736988,-6.521094196224386,-11.478886952919042,R3_mixed,R3_mixed,rna_strong,0.1,0.3,True,mix,0.057603162896795713,0.1033333333333333,0.5,100,12,71,10,0.0,0.3,0.0,0.5,1,4.913421869277954,0.2177720507469331,0.0909494476506546,0.3,0.1077304153020056,0.5462438508006889,0.09000511232922875,0.3954984624968473
200,1.081396230147707,-0.3568655426830267,18.814647860379065,20.511840150512587,200,-0.9903890115706944,0.030365232438269444,7.977196899602602,1.6361942700016583,-1.9504306724691571,0.06036031781058835,7.567307143389067,1.3439989790565023,0.3,-0.18905431214117385,-4.2132414550367825,0.7331578375302464,-7.048691316947303,-11.599633132367687,R3_mixed,R1_post,rna_strong,0.1,0.3,True,mix,0.061149646477391344,0.1033333333333333,0.5,100,12,47,10,0.0,0.3,0.0,0.5,2,4.90423321723938,0.1699074413430626,0.032622163900234126,0.3,0.0773656025591654,0.45346072758962247,0.0373641911716352,0.32520333977543947
200,1.7565433657436522,-0.43028146914271276,20.10125634957271,24.15582137476894,200,-1.5968645799731105,0.019399388066274056,10.717439463145631,1.6149853328685533,-3.154817561912859,0.044397027463233936,10.413419899396494,1.4265876749580995,0.3,-0.1980014263525159,-6.889283521767405,0.8218576834008613,-5.935307086247449,-12.96171584793185,R3_mixed,R1_post,rna_strong,0.1,0.3,True,mix,0.0696253075621032,0.1033333333333333,0.5,100,12,56,10,0.0,0.3,0.0,0.5,3,4.98591423034668,0.21485936210108358,0.02859412559040078,0.3,0.06788195204104625,0.5889792689865864,0.0315379027589701,0.4336883205220164
200,1.4012225733314825,-0.44993982111465514,19.618261366780036,23.385967008969423,200,-1.3409847907489338,0.0051805773987077955,8.815534432706869,3.3223216311841584,-2.5646097345121825,0.018519595222886657,8.432328705595749,3.0192401544204057,0.3,-0.1692152896042133,-5.708721584138175,0.7383865459012133,-4.1882454439912244,-11.419256916572406,R3_mixed,R3_mixed,rna_strong,0.1,0.3,True,mix,0.06600923129387071,0.1033333333333333,0.5,100,12,55,10,0.0,0.3,0.0,0.5,4,5.040511608123779,0.2061766080388989,0.056074846812940254,0.3,0.11511151115819053,0.5303882763306982,0.058824193924342974,0.4224411126559122
200,2.2975420298331115,-0.4436049708226173,20.64085685651828,27.760530420346115,200,-1.4328529841764435,-0.0008338207019774557,12.44235376823633,5.106495157737151,-2.815825103042931,0.0014025710194926755,11.510493238217114,4.289602125336473,0.3,-0.17382196224866095,-7.142765395849917,0.8160054557327038,-5.912672694096097,-12.907899748146818,R3_mixed,R3_mixed,rna_strong,0.1,0.3,True,mix,0.07299885286466778,0.1033333333333333,0.5,100,12,70,10,0.0,0.3,0.0,0.5,5,4.905440807342529,0.22249387011180424,0.08503430537282175,0.3,0.13025189680332155,0.5121272932728732,0.08759400415907716,0.37950680905130996
200,1.585591731294211,-0.42889355896216047,20.06555116441806,24.4318711002575,200,-0.8043141421005809,0.00840938220707905,11.517176883949775,5.779252751823006,-1.604811170524677,0.018190221144870237,10.655397652052674,4.801434429827789,0.3,-0.1614859953231164,-4.36830239118081,0.7944154802741263,-6.364656567709635,-10.743584311391869,R3_mixed,R3_mixed,rna_strong,0.1,0.3,True,mix,0.065523891367737,0.1033333333333333,0.5,100,12,57,10,0.0,0.3,0.0,0.5,6,5.763482570648193,0.2143856748195056,0.10872740426193558,0.3,0.15615497542907578,0.5232212152957619,0.11357665393471496,0.44774942984380944
200,1.3264632558294198,-0.31544082239016763,19.794424400400107,23.33531405096606,200,-1.1426045345228162,-0.012832931850466545,9.439578994635257,2.484020275563526,-2.2462368254942744,-0.023556742516838654,8.84869844583405,2.0676715645249892,0.3,-0.18954929321180694,-5.0524768715698585,0.5224985371605569,-6.83387298098559,-11.337454812885536,R3_mixed,R3_mixed,rna_strong,0.1,0.3,True,mix,0.0637882179535948,0.1033333333333333,0.5,100,12,49,10,0.0,0.3,0.0,0.5,7,5.807819843292236,0.1953083240496776,0.05046817731386133,0.3,0.06659409820794598,0.5337400051963299,0.05078644600781263,0.36344916222611356
200,1.8805639690681268,-0.34781851576999356,19.145532967329487,22.699338283280454,200,-0.01932354157278538,-0.021955072872783258,-0.8093850745102783,-0.7377086461124893,-0.05540030341216206,-0.04952877098218375,-0.5197361601717415,-0.4757622207924255,0.3,-0.22580717073657988,-2.241097417820647,0.6326878249884431,-12.62458059361264,-14.449237596923512,R1_post,R1_post,prot,0.1,nan,True,post,0.0711691732914993,0.09999999999999996,0.5,100,12,53,10,0.3,0.3,0.0,0.0,0,5.0196638107299805,-0.016868934764778756,-0.013061832108832893,0.0,0.03561796375574959,0.04794865055180542,-0.015655332802843095,-0.026422743242155898
200,2.002842758543007,-0.558126029170334,20.760682897456473,25.06041293305769,200,0.13734787533839096,0.0029998745921067283,0.8324080680404105,1.439663842696728,0.28772925103381264,0.0024840965151225,0.7102146848511898,1.2955462214232685,0.3,-0.20733265546894034,-2.0355707678013846,0.9798039102090573,-11.852033431390103,-15.232627024685936,R1_post,R1_post,prot,0.1,nan,True,post,0.07015249076019767,0.09999999999999996,0.5,100,12,61,10,0.3,0.3,0.0,0.0,1,5.5723371505737305,0.01655809352042979,0.02383983882457928,0.0,0.024978985397124034,0.04484603461299318,0.025190928599098435,0.026267221984744172
200,1.643318873447763,-0.38770462405008915,19.255578994767887,23.729368811424443,200,0.11495660533834727,0.019285149068937423,0.14037654727216234,0.5904549926879475,0.2317433309396713,0.04328123631228205,0.24439432100199013,0.6539761488682734,0.3,-0.21341703026974432,-1.4858066463057766,0.7940603766412885,-11.590040501513569,-12.434456679802958,R1_post,R1_post,prot,0.1,nan,True,post,0.07205872594785506,0.09999999999999996,0.5,100,12,54,10,0.3,0.3,0.0,0.0,2,5.899813175201416,0.0028827097649116048,0.010864678580262327,0.0,0.02360918705606752,-0.002268589257516809,0.013027404118162264,-0.00292194581809345
200,1.396585202463675,-0.4228906770234854,19.224100751492053,23.12338338730101,200,-0.014395828026261749,0.02149693691344272,-0.4089368680066862,-0.5473602702126354,-0.0240421918655398,0.04646927236881786,-0.22879399694076172,-0.35885714764699755,0.3,-0.22856956002965365,-1.8026237817972532,0.832156855463869,-12.44185502186562,-13.802699047872697,R1_post,R1_post,prot,0.1,nan,True,post,0.07194616816042816,0.09999999999999996,0.5,100,12,57,10,0.3,0.3,0.0,0.0,3,5.285809516906738,-0.007791425626963702,-0.009623360590984984,0.0,-0.03863949348344252,-0.02997075082534165,-0.008098860473385594,-0.007223547808733718
200,1.6877921059325973,-0.33159116691554325,19.390565994907625,23.333647410086588,200,-0.13525905908927427,-0.028310420298908002,1.2648395389367617,0.7443311943824472,-0.2914719821580444,-0.0537059325384835,1.3032875916372675,0.6992107334365378,0.3,-0.21114470929671253,-2.2955626935958735,0.5614036340297226,-11.28912384502252,-14.003807908485141,R1_post,R1_post,prot,0.1,nan,True,post,0.057755965325202954,0.09999999999999996,0.5,100,12,56,10,0.3,0.3,0.0,0.0,4,5.407668352127075,0.029389448374780202,0.014104341875951288,0.0,0.002538573817351682,0.005244606953991178,0.011863791367013828,0.02034229154298334
200,1.9363254974920476,-0.4142596170599301,21.724597743122505,25.30933956604949,200,-0.16266421917301035,-0.025674154932721585,1.637163054663645,0.9714676605694357,-0.3348415012129219,-0.04746781682568869,1.7321972499390828,0.9644573059856196,0.3,-0.21374730664304903,-2.6930532329817827,0.6487615931840607,-12.29756432609003,-14.546982979150568,R1_post,R1_post,prot,0.1,nan,True,post,0.07448569040814103,0.09999999999999996,0.5,100,12,62,10,0.3,0.3,0.0,0.0,5,5.726437091827393,0.030011803628944633,0.014564857225361317,0.0,-0.019735135535739683,0.02204321933853858,0.013056496592824703,0.06383897994571318
200,1.6475699243631994,-0.5325261780850752,21.506739930026203,25.50580812002535,200,0.12227884256665955,0.022298311706124316,-0.5892102801389861,-0.11806156580814522,0.2462218954029148,0.0483470285065704,-0.552584812960255,-0.08315151665480795,0.3,-0.22622847117109107,-1.5181252874130542,1.0077628163886294,-13.556962237914407,-16.533647831905956,R1_post,R1_post,prot,0.1,nan,True,post,0.07202030393103526,0.09999999999999996,0.5,100,12,64,10,0.3,0.3,0.0,0.0,6,5.5278613567352295,-0.011280139272220926,-0.0018582045231310008,0.0,-0.006420030707020139,0.009977191711326265,-0.00017889362397788164,0.031790492596130704
200,1.0286321872041244,-0.4391477372086807,22.87597488558297,25.21871042758703,200,-0.06927431993455793,-0.014795017710209843,1.2372969114109742,0.8856218771025974,-0.14019990597483592,-0.03390157414553093,1.2484037843865168,0.879577091584037,0.3,-0.21651881986768998,-1.4670458152840786,0.8010105847458812,-13.721470337947409,-14.140552539269818,R1_post,R1_post,prot,0.1,nan,True,post,0.06515368844790746,0.09999999999999996,0.5,100,12,58,10,0.3,0.3,0.0,0.0,7,4.596176862716675,0.02504945712086696,0.017013408444816108,0.0,0.0198484612559534,0.015352001796317766,0.016342470143833835,0.025134494177318355
200,1.5893306659616737,-0.45272162405554134,18.14404002918047,20.34192287892716,200,0.2631504995572778,0.04777631187362868,23.306135559389613,28.873979761491277,0.5323158448482268,0.09990429031623865,20.525301139093834,24.526294619728944,0.3,0.08396800385871364,-1.0145855548051292,1.066513438145436,7.765030611013796,4.974628156511264,R2_noise_compatible,R2_noise_compatible,prot,0.1,nan,True,noise,0.07339724481122965,0.10000000000000005,0.5,100,12,67,10,0.3,0.3,0.0,0.0,0,4.523860931396484,0.7222268051419247,0.6071143555700519,1.0,0.8986621335688216,1.3363743369329169,0.6378752348642394,1.008859331876581
200,1.468182980391098,-0.4161370350659592,15.813896474372791,18.60940419498174,200,0.13683755858380228,0.011615680168622673,19.867128010845704,23.08849221937086,0.27848519539358896,0.024305898762678954,18.254082274306526,20.11055259601043,0.3,0.08378219077960597,-1.2490231501544091,0.7660664923788701,6.946160432014862,3.9830847054539062,R2_noise_compatible,R2_noise_compatible,prot,0.1,nan,True,noise,0.06513600476269182,0.10000000000000005,0.5,100,12,55,10,0.3,0.3,0.0,0.0,1,4.476594686508179,0.7044301423910649,0.5699619670214767,1.0,0.9760698116788843,1.3822813062017896,0.5991502585490636,0.9945053889321133
200,1.3983510709326057,-0.4875832192481608,18.360911442235953,23.822883724397993,200,0.24328420770082823,-0.0004065518969383741,23.259820094937627,25.546377146209934,0.490247244052794,0.00019130912462736127,20.453526712022107,21.831088947067922,0.3,0.07563159829822406,-0.9121962947367013,0.888085750156412,7.166246258930452,4.4917346534979385,R2_noise_compatible,R2_noise_compatible,prot,0.1,nan,True,noise,0.07164688543703614,0.10000000000000005,0.5,100,12,67,10,0.3,0.3,0.0,0.0,2,4.512494802474976,0.6838470695548747,0.5885526182121174,1.0,0.8983173790459597,1.2264920615820627,0.6158730497611786,0.891883013370192
200,1.577928797938324,-0.36730181591255695,20.035264477342277,21.60232700464823,200,0.3157941353484216,-0.030636205310171246,20.739770497864253,24.880888167709358,0.6595739284124719,-0.06245730962308935,17.970516182034686,20.89102636530621,0.3,0.061685906002173434,-0.9537887880394811,0.6091802240824283,5.928135188460943,3.918133045915354,R2_noise_compatible,R2_noise_compatible,prot,0.1,nan,True,noise,0.07492544228152867,0.10000000000000005,0.5,100,12,63,10,0.3,0.3,0.0,0.0,3,4.474364757537842,0.6114191350001206,0.5338719491547426,1.0,0.8280770931529472,1.156686253637259,0.5496259381002141,0.8281523617509873
200,1.889903662018908,-0.5953332324191752,18.5822300795351,21.63667620316737,200,0.25771887856188813,-0.010540975524842061,28.89907256201665,25.380238434628524,0.49310071630515695,-0.022320376245306407,25.436798401430508,21.95053590353096,0.3,0.08450103732196572,-1.2360125984363792,0.9977560495688711,8.852232407990682,5.145263395009944,R2_noise_compatible,R2_noise_compatible,prot,0.1,nan,True,noise,0.07781267753063514,0.10000000000000005,0.5,100,12,71,10,0.3,0.3,0.0,0.0,4,4.54262375831604,0.6750057121040781,0.5585208283322475,1.0,0.8129231298345987,1.1993372116756396,0.5865101456168669,0.8608331920998827
200,1.0673837201922027,-0.34149987666717463,13.97954042560037,16.372619303441837,200,0.3860003032832344,0.05538483288118133,22.585046665232145,23.328365661671736,0.7732576359439222,0.1140637334077033,20.019559010216007,20.008398594909334,0.3,0.09375240986152544,-0.10885352215940927,0.7760084238013824,6.724902241164294,4.548551807067933,R2_noise_compatible,R2_noise_compatible,prot,0.1,nan,True,noise,0.07155637961620889,0.10000000000000005,0.5,100,12,46,10,0.3,0.3,0.0,0.0,5,4.539425611495972,0.6972896941583423,0.6081679929403462,1.0,1.006635928181844,1.3389450244609495,0.6459013685823864,0.9072584199808061
200,1.5869886059416745,-0.4128606220581179,15.69893913989053,21.50733195764723,200,0.27772286907891125,-0.0017718392297614704,23.413252950078757,25.265538305585892,0.5537977805745982,0.002477158304139058,21.112463507577775,21.913723781776728,0.3,0.10842787619862163,-0.7251590035522056,0.7382896853183497,8.709718155254304,6.992339857494906,R2_noise_compatible,R2_noise_compatible,prot,0.1,nan,True,noise,0.06666608721935038,0.10000000000000005,0.5,100,12,65,10,0.3,0.3,0.0,0.0,6,4.426239490509033,0.7315938676810718,0.6174424903038132,1.0,0.9105859969875713,1.3493681867841258,0.6428697796645976,1.0114776028033754
200,1.4304183085456668,-0.4388158383092308,17.475451332209246,20.806021616490614,200,0.4870106022660798,0.020726930194533803,24.55496930182203,25.39187701303404,0.9553094405274503,0.03721737568010753,21.978029896359825,21.679537156612188,0.3,0.07151657128749724,-0.2139300899894752,0.8873714234533394,5.851925846092574,3.8331718741218404,R2_noise_compatible,R2_noise_compatible,prot,0.1,nan,True,noise,0.06042647936443052,0.10000000000000005,0.5,100,12,63,10,0.3,0.3,0.0,0.0,7,4.480884790420532,0.6423823933933742,0.5702830364572136,1.0,0.9401273313593599,1.4622105403881105,0.5980805101541357,0.9034242045636905
200,2.2410452298768564,-0.766240211853011,22.011947857280013,26.484937273065526,200,-0.4644160479107244,0.011768053072161902,-29.810889702041866,-32.31538155104792,-0.9037559350259349,0.027634183789298706,-26.08789202123135,-27.649156967954788,0.3,-0.4924610187927851,-3.7718848129985427,1.4320217549564973,-26.806314903645728,-30.582868193503657,R4_err,R4_err,prot,0.1,nan,False,err,0.10602802111639313,0.15000000000000002,0.5,100,12,116,10,0.3,0.3,0.0,0.0,0,4.512779474258423,-0.8124673252271835,-0.709269507511788,-1.0,-0.912573095177181,-1.170714766669067,-0.7383313410038622,-0.9930954691170468
200,2.412264898014875,-0.7881624965451723,22.010623973539,27.503943413737098,200,-0.6314509566220152,-0.050946538204090126,-28.848948548812125,-31.01566424164398,-1.258474857690688,-0.10743344042729913,-24.926522644199302,-26.040754296279573,0.3,-0.4914331736496448,-4.521019075526667,1.3138337610039303,-25.25871778173304,-29.852281075049195,R4_err,R4_err,prot,0.1,nan,False,err,0.1004088169752119,0.15000000000000002,0.5,100,12,123,10,0.3,0.3,0.0,0.0,1,4.49116063117981,-0.8190146984208267,-0.7175306902035404,-1.0,-0.8931927301823542,-1.169001688994159,-0.7494388726038531,-1.0381963039241464
200,1.5139318395341295,-0.9006692889456912,24.90868635595258,24.37566349752867,200,-0.7104768082140509,0.04744888938139365,-31.437821951395723,-33.62657516267034,-1.4225748562927725,0.08945588719982464,-27.390440460070693,-28.458283312323616,0.3,-0.5039653633095348,-3.6384235063739414,1.7795608976609965,-29.01729025136291,-29.086278877018376,R4_err,R4_err,prot,0.1,nan,False,err,0.11113442502010837,0.15000000000000002,0.5,100,12,126,10,0.3,0.3,0.0,0.0,2,4.50171971321106,-0.8088461621678193,-0.7504475386008855,-1.0,-0.9297967305594599,-1.184468133759379,-0.7825704433811917,-1.032483888203374
200,1.7336910645917352,-1.082722142134689,23.420906149603635,28.03871466957261,200,-0.5182020751975975,0.1038507593246693,-30.29732182509626,-36.86382595679103,-1.040813460955703,0.2118022931671517,-26.70805521329734,-31.4902877780533,0.3,-0.48834011939324407,-3.3192972746050895,2.2380407641172075,-27.72742549456115,-34.31468833280944,R4_err,R4_err,prot,0.1,nan,False,err,0.1003800958604154,0.15000000000000002,0.5,100,12,138,10,0.3,0.3,0.0,0.0,3,4.506186246871948,-0.8655116780839583,-0.7800335765203167,-1.0,-0.9290194716232042,-1.1561458441858923,-0.816779392421496,-1.0929552774263012
200,1.743041115045557,-0.8658631140247002,19.626969216683804,24.6339144800995,200,-0.37073032446429866,-0.007946882399559443,-32.79294754935059,-33.64907799515886,-0.7279102435119387,-0.007042745382942273,-29.115648253631722,-28.87675251538483,0.3,-0.47739351129525937,-3.046055205687901,1.4560991394825402,-28.97642478797178,-32.213681624599026,R4_err,R4_err,prot,0.1,nan,False,err,0.08423906252242028,0.15000000000000002,0.5,100,12,106,10,0.3,0.3,0.0,0.0,4,4.463104724884033,-0.8672794979418916,-0.7487363713381558,-1.0,-1.0073928625251214,-1.2384089437018602,-0.7920219913785536,-1.0273412606449324
200,1.8606450630610536,-0.8511504357099132,25.143309111472075,26.383303018975727,200,-0.2000540321943698,0.03631175032652496,-33.25590821678762,-36.119708261183824,-0.37997898408329994,0.07622249524856291,-29.26679813674165,-30.816931507405343,0.3,-0.49786505425200556,-2.5542137428770797,1.707959913184243,-30.515202850644595,-33.33167247486633,R4_err,R4_err,prot,0.1,nan,False,err,0.1058012188232118,0.15000000000000002,0.5,100,12,127,10,0.3,0.3,0.0,0.0,5,4.452082872390747,-0.8952660468422673,-0.783546726397971,-1.0,-0.9410847376238451,-1.2420033873569947,-0.8171535243572746,-1.1269958417740884
200,2.5954855775544035,-0.9409883174611724,22.647086481915046,29.500438575140247,200,-0.766559291882496,-0.028201246208953378,-29.61886255233773,-35.85141206045675,-1.4871858220464542,-0.05399595060993598,-25.79152274517527,-30.41143644305215,0.3,-0.500000312452415,-5.318847962789869,1.6391975988010932,-26.957562835242317,-34.29551300836633,R4_err,R4_err,prot,0.1,nan,False,err,0.10813320726840649,0.15000000000000002,0.5,100,12,135,10,0.3,0.3,0.0,0.0,6,4.481191635131836,-0.8230741145707274,-0.7249831820726098,-1.0,-0.8633007748895413,-1.1049268077173633,-0.7584831731540683,-1.008243529426018
200,2.529488070879541,-1.008018561923465,21.395044545335764,24.63408467269676,200,-0.5747476073404203,0.06559085768302055,-27.323146215578767,-36.36112830574549,-1.0998881519836101,0.14148423917536299,-23.857329585236208,-31.01926706351089,0.3,-0.49732867193112545,-4.462404256041157,1.936681170576418,-24.855936970567686,-31.755154468726857,R4_err,R4_err,prot,0.1,nan,False,err,0.10772262571845442,0.15000000000000002,0.5,100,12,122,10,0.3,0.3,0.0,0.0,7,4.481776475906372,-0.8508790455554436,-0.7323992080975634,-1.0,-0.9097681235511328,-1.207621922731502,-0.7678175599644623,-1.0748488473689342
200,1.1297703541983484,-0.3766058269844699,19.739997484674873,22.714351124349786,200,0.10698135800187568,0.0011856398821571306,13.054621350644098,13.423744795691434,0.22627771142005904,0.0035511282039047453,11.136816106741046,11.239405011547351,0.3,-0.07633656423469026,-0.8994075973882513,0.6920650262811181,-4.7983824538265605,-6.236135218525042,R3_mixed,R3_mixed,prot,0.1,0.3,True,mix,0.0741995639086183,0.1033333333333333,0.5,100,12,57,10,0.3,0.3,0.0,0.0,0,4.517074108123779,0.25996242757457844,0.23491236750369449,0.3,0.2917552341489682,0.3607613351627912,0.24303861553321063,0.2968575830341398
200,1.6575978056214027,-0.5135373198527838,21.03264159673983,25.51221984912072,200,0.16485262494399372,-0.014762642663837143,12.267637712418617,13.13308843980721,0.34025238769236504,-0.03238755535153598,10.72271895430421,11.04141941814229,0.3,-0.10469593848255482,-1.4578885810151985,0.8588356413611831,-6.366669064373463,-8.421402273974541,R3_mixed,R3_mixed,prot,0.1,0.3,True,mix,0.06677773988163109,0.1033333333333333,0.5,100,12,69,10,0.3,0.3,0.0,0.0,1,4.497429370880127,0.23905297591792615,0.21396172931377413,0.3,0.3205547422225469,0.39204782378822806,0.22127085949894207,0.2772938365999822
200,1.8128517866746838,-0.4123463495970543,20.567547143424388,26.31810110597774,200,0.07321200630059507,0.011492376467886825,10.387669050649833,10.721322870731766,0.14692996568484357,0.02119400571963434,9.179069928328502,8.905327534097717,0.3,-0.10653813718323603,-1.8716584789968669,0.8046598974605941,-5.936577078057527,-9.051740865447472,R3_mixed,R3_mixed,prot,0.1,0.3,True,mix,0.057917259687702886,0.1033333333333333,0.5,100,12,60,10,0.3,0.3,0.0,0.0,2,4.542197942733765,0.21161653498650718,0.17717701635893046,0.3,0.26946627701630727,0.3347506510032866,0.184549471519465,0.23305179112497199
200,1.285122436425808,-0.4226942867373775,17.204486712354335,22.358873900641623,200,0.10948125072362626,0.018983988742048277,12.588836924267202,12.385469849670683,0.21795764304969364,0.041113279704444665,10.96664016360797,10.647726283607415,0.3,-0.09541602080962538,-1.0376951193939474,0.8198947736216639,-5.706092304451945,-7.18267779832327,R3_mixed,R3_mixed,prot,0.1,0.3,True,mix,0.06294066868729452,0.1033333333333333,0.5,100,12,60,10,0.3,0.3,0.0,0.0,3,4.525815486907959,0.25026417379953114,0.2212184855445052,0.3,0.3038347118285989,0.39398776152762843,0.23128346649729672,0.2942230736068763
200,1.6735402885917057,-0.4252986211211496,19.788426857509407,23.674861020952143,200,0.0973394361353223,0.00015187350140763111,11.625368109048045,11.505064054265162,0.18523516076562696,0.005224670384152735,9.926179379265232,9.429272665994612,0.3,-0.09889044048724689,-1.35898446674456,0.7324292651652311,-5.800032239770732,-7.2344045372498975,R3_mixed,R3_mixed,prot,0.1,0.3,True,mix,0.08537997411160682,0.1033333333333333,0.5,100,12,57,10,0.3,0.3,0.0,0.0,4,4.520872592926025,0.22190236276072295,0.1920347277637656,0.3,0.2753573100924758,0.34993519002470524,0.19890253366784055,0.2630972856095426
200,1.7900995655184644,-0.430206495696915,22.255942207295174,25.085315149984744,200,0.17533645872586226,0.027387185333594806,9.264523541285115,10.87580178321383,0.3663873338707015,0.05604812622421619,8.123490488805526,9.290749007385601,0.3,-0.12158229894470295,-1.5010326234585447,0.870236519144892,-7.363337995054647,-10.359418242614247,R3_mixed,R3_mixed,prot,0.1,0.3,True,mix,0.07614467859120665,0.1033333333333333,0.5,100,12,64,10,0.3,0.3,0.0,0.0,5,4.544317722320557,0.17682587163509192,0.15799756303656903,0.3,0.2876268298345987,0.38207429880473903,0.1655874249244347,0.21623057495132147
200,1.3715212414824123,-0.4470288676992752,19.4192992797009,25.654310949421287,200,0.12207214428783363,7.73337776384203e-05,9.182088498474338,9.745471853297053,0.2778952675667986,-0.005207934250088786,8.140820685308048,8.415519718100157,0.3,-0.11690543312774196,-1.2713575873265595,0.8138299135609572,-6.715429690799712,-8.900684529488778,R3_mixed,R3_mixed,prot,0.1,0.3,True,mix,0.07165618664967004,0.1033333333333333,0.5,100,12,60,10,0.3,0.3,0.0,0.0,6,4.63585901260376,0.194508030829498,0.175097381477888,0.3,0.2890118289710581,0.3473870664084528,0.1819157523782227,0.2540823935668986
200,0.7939079978241961,-0.5011743976185968,19.231447766860672,21.655104216956214,200,0.09755409679664663,0.03861049383455395,8.455724214967532,9.433326753520964,0.20612011504035777,0.07953949838684043,7.620749578673898,8.26164166264852,0.3,-0.11438683564195119,-0.5875404439105791,0.9770504435948604,-7.2023867708877,-9.46206482210026,R3_mixed,R3_mixed,prot,0.1,0.3,True,mix,0.06777061752812016,0.1033333333333333,0.5,100,12,52,10,0.3,0.3,0.0,0.0,7,4.680221319198608,0.17243400906841463,0.15667730808755945,0.3,0.27489429539029314,0.3729853717703994,0.16847230840102004,0.2400952526883602
200,2.913498640803633,-0.48343594288453345,23.272890559043223,27.60657085316596,200,-0.9402304121717003,0.015851063111103104,0.07165049690190352,-3.9986042888476794,-1.8275576754869443,0.039303426568449096,0.6747871953430897,-3.2290667533450774,0.3,-0.26064554584690225,-6.118524661631916,0.9249033671977032,-14.306681714231562,-17.565110850915637,R1_post,R4_err,both,0.1,nan,True,post,0.08283357305728402,0.09999999999999996,0.5,100,12,75,10,0.3,0.3,0.0,0.3,0,4.739685297012329,0.0011605620289059373,-0.05757657569971313,0.0,-0.08339690001842101,0.11392320448068208,-0.05833211085333355,0.09330868128693343
200,2.208399004412894,-0.6360842988081734,20.0750199975348,26.043058272284448,200,-0.8329518961575103,-0.03915722828358764,0.8127095964141127,-2.5928230191892836,-1.5785398056497126,-0.08096841918757429,1.2544271170216,-1.9616926046003222,0.3,-0.2558889759792012,-5.150843301962769,0.9589839238160195,-13.284223239263538,-15.28037376758936,R1_post,R1_post,both,0.1,nan,True,post,0.09027746857925939,0.09999999999999996,0.5,100,12,66,10,0.3,0.3,0.0,0.3,1,4.6837828159332275,0.014375042195508057,-0.04383141389906885,0.0,-0.06438164591623943,0.10082777697538435,-0.04872325625604674,0.06171354821814622
200,1.8758580804624794,-0.4356227480484134,19.632165813440718,23.823840662616842,200,-0.56072116784773,0.04510790875573832,0.9264423124138732,-2.0428888990603933,-1.0884997326311647,0.0906165917313169,1.2511506461550923,-1.6434202947522913,0.3,-0.24804979983136408,-3.91634410989515,0.9117093810516527,-12.07079787675189,-14.23361361955039,R1_post,R1_post,both,0.1,nan,True,post,0.08212692660215265,0.09999999999999996,0.5,100,12,57,10,0.3,0.3,0.0,0.3,2,4.638688087463379,0.01649268093980834,-0.03608572594693843,0.0,-0.07790714687417978,0.12830661717126654,-0.0335976996350217,0.1402351252292045
200,2.4216130046448416,-0.44362205122580667,19.139699339770946,27.09774553208407,200,-1.0640141076565275,-0.04240687159303938,0.5035206107957227,-4.504010124920057,-2.010725824249425,-0.09565622521675422,1.534458082573053,-3.22364879003415,0.3,-0.2694426758298276,-6.184946510056839,0.6615355640988385,-12.822387792741225,-17.88720895503742,R1_post,R4_err,both,0.1,nan,True,post,0.07824258695093458,0.09999999999999996,0.5,100,12,61,10,0.3,0.3,0.0,0.3,3,4.582354307174683,0.008760093187013457,-0.0697882542838492,0.0,-0.11122253034518527,0.06592672585444048,-0.07548351749629895,0.07980045188967035
200,2.7799588593108058,-0.41189910048124995,20.3793849285046,27.001446214267485,200,-1.2575162354249811,-0.007173065094438431,-0.9579742306910425,-5.748999628314169,-2.383566416855026,-0.010329420454356253,0.12202419123722794,-4.472862060188828,0.3,-0.2824791306057461,-6.965377978557269,0.7561568827233559,-12.896187767254844,-17.59107981817868,R1_post,R4_err,both,0.1,nan,True,post,0.07764600788732702,0.09999999999999996,0.5,100,12,66,10,0.3,0.3,0.0,0.3,4,4.600862264633179,-0.018218123708098555,-0.10294773333909088,0.0,-0.12482651243320754,0.09802422378774264,-0.10657745406316069,0.09881686957605976
200,2.670947125599115,-0.5500952316983152,21.714721512254396,26.706111617430786,200,-0.9379253017676212,0.05328965510286096,0.9180148428976898,-2.963866900989356,-1.8387915318647092,0.1079579754735448,1.605346744441202,-2.2076513597921767,0.3,-0.2617112919420684,-6.078271790381293,1.2660947169534493,-13.49332499711969,-16.760731044930175,R1_post,R1_post,both,0.1,nan,True,post,0.07491334884145044,0.09999999999999996,0.5,100,12,75,10,0.3,0.3,0.0,0.3,5,4.62512993812561,0.015219573380350872,-0.04973703005081488,0.0,-0.07647716033650205,0.11639606008839648,-0.048060289028518395,0.10970895770981112
200,2.9762174487899102,-0.641260642348836,22.968540353211974,28.086999211854618,200,-0.991742535925402,-0.0004187376637183324,-2.17095813940763,-5.995675799858096,-1.9123754411774072,-0.0031346970421493535,-1.158432612961852,-4.6719267342154716,0.3,-0.2792587439121753,-6.696722633169209,1.2307871540756512,-18.517559324747427,-21.64059686951746,R1_post,R4_err,both,0.1,nan,True,post,0.07302937627377609,0.09999999999999996,0.5,100,12,83,10,0.3,0.3,0.0,0.3,6,4.633939981460571,-0.032865664938109655,-0.0845776203551771,0.0,-0.135595513029733,0.06612265181250461,-0.0879452036622941,0.02785760950800205
200,2.763496651011416,-0.4054431090935728,20.096701903499955,25.163319011847356,200,-1.0983254624933796,-0.013689438987687305,1.7335888564606168,-3.632723318312272,-2.0913457254875794,-0.033373624692383086,2.2929729619355954,-2.8013826815010794,0.3,-0.24536163936902686,-6.531131814373716,0.6781922269966738,-10.864337295072538,-15.93798678532728,R3_mixed,R1_post,both,0.1,nan,True,post,0.06910898281231458,0.09999999999999996,0.5,100,12,64,10,0.3,0.3,0.0,0.3,7,4.674185037612915,0.032784175317776006,-0.054710749317409824,0.0,-0.056636330977976664,0.13831494560627153,-0.05743272097654746,0.11621207615335385
200,3.2574229285903264,-0.439982942320256,16.858409672757844,24.54766638283058,200,-0.9492104865875604,-0.024519055858870088,22.774194370448892,17.041458015040046,-1.8108321409801675,-0.05216264780716894,20.810183675395496,14.311949901814472,0.3,0.010020681223741734,-6.690710313590312,0.7294945638469366,8.764545632826703,-0.05573038323989426,R3_mixed,R3_mixed,both,0.1,nan,True,noise,0.07405594456075827,0.10000000000000005,0.5,100,12,67,10,0.3,0.3,0.0,0.3,0,4.638758897781372,0.6532709548681077,0.3889231337325142,1.0,0.6617785273013649,1.847540246274572,0.4009442364227477,1.1990966930171334
200,2.0650978842996044,-0.49624892017161615,17.984462400987677,22.385211044951525,200,-0.4875497577878761,-0.022817610576026885,22.654602001756583,19.05936820130241,-0.9024901855716192,-0.04506549629194874,20.49178108806939,16.14883075420949,0.3,0.03847805903315211,-3.8450845811503984,0.6957447005721782,7.859538349496734,1.7426485620945893,R3_mixed,R3_mixed,both,0.1,nan,True,noise,0.07592263648276631,0.10000000000000005,0.5,100,12,57,10,0.3,0.3,0.0,0.3,1,4.657491207122803,0.5893952548976219,0.40448504009681546,1.0,0.7147650357248291,1.591088818271443,0.42195909595327113,1.060543110650612
200,2.3170622848144795,-0.38439718478019047,18.90686407909317,24.736616905557653,200,-0.7394918898741616,-0.02805892131525824,25.385033373415993,20.864841240278533,-1.425755635614332,-0.06131662721961746,22.560989071181194,17.666939051205755,0.3,0.020728289010714822,-5.02402597429007,0.7033625039895927,8.928766285510479,0.6724584597669695,R3_mixed,R3_mixed,both,0.1,nan,True,noise,0.07479032521118609,0.10000000000000005,0.5,100,12,67,10,0.3,0.3,0.0,0.3,2,4.68353271484375,0.6787399617863968,0.4656311515609539,1.0,0.675614181045842,1.7697031111298331,0.4786895447797338,1.1373818855821063
200,1.8112138747394864,-0.39254553771357065,16.685350763916304,21.06604686894727,200,-0.4448802379579361,0.03488691903968802,22.90117488972619,20.99275186162337,-0.8364605423337048,0.0651875991169332,20.291253737079675,17.61045103093232,0.3,0.07172070038259293,-3.398422490701156,0.7999707259413364,9.534968069850633,3.3686042427123697,R2_noise_compatible,R2_noise_compatible,both,0.1,nan,True,noise,0.06513023249417281,0.10000000000000005,0.5,100,12,54,10,0.3,0.3,0.0,0.3,3,4.6767048835754395,0.7136958507102746,0.49950283287802805,1.0,0.8087573687949916,1.8925579079382298,0.5246341380344193,1.1487930434765574
200,1.7121555416188903,-0.37417480450382556,15.80289925630742,20.229755701015332,200,-0.47952998551543685,0.03906618619414561,21.404475301670143,17.800426782218842,-0.8824628806083674,0.08251868170735709,19.119108042739644,15.4821352430166,0.3,0.02914544497351736,-3.319960953747806,0.7850334572946726,6.4229484196272795,0.7683521925104444,R3_mixed,R3_mixed,both,0.1,nan,True,noise,0.08346881841691982,0.10000000000000005,0.5,100,12,50,10,0.3,0.3,0.0,0.3,4,4.579473972320557,0.6308600565156367,0.4270861099182613,1.0,0.6792778140029138,1.636402139825611,0.45013075629429694,1.038010278723658
200,2.7412729264254456,-0.4487309932593672,16.870692058326448,21.91728639489012,200,-0.7383558651335307,0.0005390905818662506,23.072036070330267,20.59236949048991,-1.3640209810680781,0.004330814858436238,20.47625804786984,17.177096615918924,0.3,0.014881718573200779,-5.621525011128768,0.8242685431502494,8.046776811521847,0.0765618887041372,R3_mixed,R3_mixed,both,0.1,nan,True,noise,0.0710142949762013,0.10000000000000005,0.5,100,12,60,10,0.3,0.3,0.0,0.3,5,4.481671094894409,0.6864634055174123,0.4231092609683115,1.0,0.6803382199087115,1.6171338584700996,0.44095030432511245,1.1398137592954636
200,2.3563455704974454,-0.4206220663138304,16.923290967746677,20.81931568129122,200,-0.9337564473964783,-0.0026054673335247393,26.306327622391734,17.857955456412448,-1.783853925932795,-0.001022035972963975,24.0670244756361,15.189146744667884,0.3,0.02386354758983729,-5.542271505948031,0.756806357194634,10.126413929756067,0.6150030639545886,R3_mixed,R3_mixed,both,0.1,nan,True,noise,0.0660841581905246,0.10000000000000005,0.5,100,12,58,10,0.3,0.3,0.0,0.3,6,4.49403190612793,0.7323748199159464,0.43984672003799247,1.0,0.671649675919079,1.687750870572273,0.4586223441339902,1.1769170672805243
200,2.640934965611423,-0.5228269721371431,17.83264638169643,21.53274367691942,200,-0.8504326173157858,-0.02274618054186244,23.07450044101123,19.99695271785542,-1.6235684998092685,-0.04548096733652225,20.923806727316773,17.15424674279691,0.3,0.032669018370296114,-5.440400244438438,0.7616805991718736,9.771983358163528,1.2732139187020237,R3_mixed,R3_mixed,both,0.1,nan,True,noise,0.0758835124958858,0.10000000000000005,0.5,100,12,60,10,0.3,0.3,0.0,0.3,7,4.492166042327881,0.688693060399466,0.41686933604697457,1.0,0.7313819651378228,1.7200938221841213,0.43539349749463657,1.240405288215521
200,2.226368890016479,-0.63770450075536,17.591861655523616,22.98951371438977,200,-1.130440158614478,0.01567971649851031,-27.083860085891693,-30.49346457723756,-2.216233841772158,0.029897248356806447,-24.12540091047373,-25.68743975017382,0.3,-0.4810346435126543,-5.892993712083121,1.159398325715498,-24.226103138456253,-28.14023569514684,R4_err,R4_err,both,0.1,nan,False,err,0.09343368325287442,0.15000000000000002,0.5,100,12,76,10,0.3,0.3,0.0,0.3,0,4.4910032749176025,-0.7709927260702611,-0.6859876154311105,-1.0,-0.9587473582266335,-1.309331691480738,-0.7215615560814277,-0.9732447984122256
200,3.7677980771174497,-0.7023354309698516,16.729060147661194,24.884093874086542,200,-1.389024121664578,-0.0056779543209524615,-25.990119289280713,-33.002548401747255,-2.6640823324029324,-0.011253058866636032,-23.327626198440647,-28.417138919143152,0.3,-0.4758841615647037,-8.574034359490021,1.2200849676797807,-24.09704522689281,-33.40136835227465,R4_err,R4_err,both,0.1,nan,False,err,0.08682951819970265,0.15000000000000002,0.5,100,12,89,10,0.3,0.3,0.0,0.3,1,4.470749616622925,-0.8476007513271264,-0.6799297843030611,-1.0,-0.9200358058117307,-1.4153540760926202,-0.7153446310718671,-1.1393297530648823
200,3.1569235491532943,-0.6783272481870389,16.717083610319264,23.707998270687956,200,-1.533803533351492,-0.0013624327966115658,-25.020148233433428,-28.647486917979524,-2.944684887060597,-0.0022261375242922867,-22.363939568779532,-24.634627118003223,0.3,-0.4683324666097297,-8.389529038709158,1.1878185906517618,-24.654493478962436,-28.5878934392133,R4_err,R4_err,both,0.1,nan,False,err,0.07731981408630174,0.15000000000000002,0.5,100,12,90,10,0.3,0.3,0.0,0.3,2,4.514109373092651,-0.8243960472828751,-0.7048696594690821,-1.0,-0.9998307307831229,-1.3222515375920834,-0.7418871972321569,-1.0344812758858013
200,2.5230258388445352,-0.7373133682293097,20.64668075298334,24.836962733450548,200,-1.2198249412633166,0.04245086535158069,-22.64854145348949,-27.54371184707869,-2.3692455853611354,0.08990756660084614,-19.751684475917845,-23.32676261829839,0.3,-0.445853872390001,-6.790734038895525,1.4695118728865146,-23.45075588346043,-26.99099898304366,R4_err,R4_err,both,0.1,nan,False,err,0.07562318283560517,0.15000000000000002,0.5,100,12,89,10,0.3,0.3,0.0,0.3,3,4.470590114593506,-0.6433360817513104,-0.5870388688386117,-1.0,-0.8824514475904418,-1.1582896570680628,-0.6147282837082578,-0.8519141068114311
200,2.781922387588655,-0.7047068217383958,16.94820623369608,23.48949732377643,200,-1.5019452128745616,-0.031835066662457966,-21.844082647988223,-29.993052058703338,-2.931169054956342,-0.06478686601655155,-19.561893720969355,-26.424607029000526,0.3,-0.45702074625007433,-7.630507915886121,1.1609714192999427,-21.933512549628773,-28.95226917982773,R4_err,R4_err,both,0.1,nan,False,err,0.07830232258408382,0.15000000000000002,0.5,100,12,88,10,0.3,0.3,0.0,0.3,4,4.500554084777832,-0.7580235720393735,-0.671661200481151,-1.0,-0.9250544793505482,-1.4440139527427382,-0.7108947112202246,-0.9843723567649195
200,3.079000503469179,-0.4811598411185241,17.543318742310948,23.353684726724037,200,-1.1357862708229547,0.0182879773433094,-22.252697425213192,-27.605016697633097,-2.22502459373741,0.041803520196091896,-19.630835499968356,-23.330776312215445,0.3,-0.44304501645257777,-6.636140460013255,0.983118087082666,-21.99708366407047,-27.875554044323398,R4_err,R4_err,both,0.1,nan,False,err,0.07658183080288969,0.15000000000000002,0.5,100,12,78,10,0.3,0.3,0.0,0.3,5,4.501911163330078,-0.68412453197329,-0.5853378201726649,-1.0,-0.8953641128395268,-1.3277914805714928,-0.6064205326640274,-0.9670624396472463
200,2.129739962364395,-0.47272038078864026,19.744413364331415,23.045784445938533,200,-0.9303217212385791,-0.004485598334387669,-23.860990893160675,-26.28682382349074,-1.7863006623220343,-0.005394963382756445,-20.78206607694984,-22.257789781904684,0.3,-0.4457467947401285,-5.2094853850779375,0.9104652327360406,-24.51377571999829,-26.757339349755366,R4_err,R4_err,both,0.1,nan,False,err,0.07621879965472404,0.15000000000000002,0.5,100,12,79,10,0.3,0.3,0.0,0.3,6,4.506901025772095,-0.6792410665852592,-0.6135107061893444,-1.0,-0.8646106848684227,-1.2853874801397258,-0.6373860631482173,-0.9215744577526425
200,2.6414140377144886,-0.47204106135285684,18.7601553751958,22.15286627669405,200,-1.295709685076192,-0.0399798648870894,-21.130606053216077,-27.63070463474401,-2.5132421904738256,-0.07908515232770255,-18.650941343133827,-23.226853781812462,0.3,-0.45054934843020533,-6.846103765729949,0.7849957243823948,-22.10822195357211,-26.0549063843548,R4_err,R4_err,both,0.1,nan,False,err,0.08021650232168917,0.15000000000000002,0.5,100,12,75,10,0.3,0.3,0.0,0.3,7,4.496552467346191,-0.6389465528753517,-0.5811191283113166,-1.0,-0.8799025311405916,-1.2915663205465926,-0.6068512170880502,-0.8896493887731605
200,3.2955011070009532,-0.6014709908190384,21.289366867833206,30.06039513596515,200,-1.2015190774621447,-0.029595057815900185,11.980764388395324,6.2969350487736,-2.2743825754021842,-0.061048299990898273,10.9812522217684,5.176953870480749,0.3,-0.1712788697679503,-7.367128327936139,0.9333912938277027,-6.003296288772156,-14.189729697609632,R3_mixed,R3_mixed,both,0.1,0.3,True,mix,0.07895710194512637,0.1033333333333333,0.5,100,12,73,10,0.3,0.3,0.0,0.3,0,4.46129298210144,0.21608244575470542,0.088058408539126,0.3,0.16328667912246067,0.498386108176802,0.0896030022703012,0.36219652971203564
200,2.7228905462266857,-0.46726207898185457,20.944939005416046,27.883944728112848,200,-1.2213416995499082,-0.058422036222866375,8.436274950949375,3.4994888198954324,-2.3903373694855303,-0.12670142542892343,8.021374019708789,3.0489150551184743,0.3,-0.19947094011509195,-6.976069408483828,0.6617554550254358,-8.08161773492213,-14.865087723923118,R3_mixed,R3_mixed,both,0.1,0.3,True,mix,0.0658542537572349,0.1033333333333333,0.5,100,12,68,10,0.3,0.3,0.0,0.3,1,4.482311010360718,0.18662696938314152,0.0584774075670234,0.3,0.13372899855100753,0.45085881782523046,0.056130996862095696,0.3471374293367528
200,2.376817728550537,-0.5224407019328557,18.587477687884366,23.724464387305915,200,-0.891686202998827,-0.030589642371731337,11.807707671805876,7.918779062486822,-1.7201381503400301,-0.06476341289788745,10.639069760351171,6.844709574081758,0.3,-0.14706366122772543,-5.460629707276757,0.8005460690168433,-5.427607458460492,-10.722502704329395,R3_mixed,R3_mixed,both,0.1,0.3,True,mix,0.0627804415141388,0.1033333333333333,0.5,100,12,67,10,0.3,0.3,0.0,0.3,2,4.535982131958008,0.25321551243511237,0.1316732725333265,0.3,0.16267898669140407,0.4624889005862845,0.1347045645423701,0.41045294552577566
200,2.480609178988075,-0.6978569544297857,19.83750551440037,25.491020032596936,200,-0.9030462845296424,0.01896122344113841,10.647074823397547,5.971376283324562,-1.7739683461819522,0.041278294691500586,9.694045274345113,5.046215154197105,0.3,-0.1594792945101124,-5.61065071585831,1.2556182982823123,-6.60532310108828,-11.06288282735968,R3_mixed,R3_mixed,both,0.1,0.3,True,mix,0.05750336922197677,0.1033333333333333,0.5,100,12,75,10,0.3,0.3,0.0,0.3,3,4.5189197063446045,0.2128895182196729,0.10364314074466625,0.3,0.15219687313004251,0.5201142203709457,0.1101938642487006,0.44819910192856344
200,1.9056235167662272,-0.44267251344853165,21.26855531291941,24.33190061990806,200,-0.6659578925608192,0.011770635208928288,9.899946752964935,6.098827908344241,-1.3220957977319978,0.018380239504686466,9.215605338054353,5.044257537293687,0.3,-0.1641486359277846,-4.166528541666672,0.9023267048618548,-8.172140830285244,-11.159493255965995,R3_mixed,R3_mixed,both,0.1,0.3,True,mix,0.0690380282503725,0.1033333333333333,0.5,100,12,64,10,0.3,0.3,0.0,0.3,4,4.514307498931885,0.1933692011153518,0.10591740403242006,0.3,0.19644015106008064,0.5436204055780722,0.11061017867409072,0.35271660900330915
200,2.773234929682803,-0.42247604171692665,19.43716098087712,24.245132437503802,200,-0.7839606993679581,0.029233514885740476,10.524516126907436,5.692872760890169,-1.4855126044889073,0.06338260433627715,9.544526877822264,4.793419615499328,0.3,-0.17730458219364395,-5.64327114110857,0.9305230473843907,-6.77335884071704,-11.555796565855072,R3_mixed,R3_mixed,both,0.1,0.3,True,mix,0.0725478268771361,0.1033333333333333,0.5,100,12,63,10,0.3,0.3,0.0,0.3,5,4.547455787658691,0.22187095342239554,0.10118128821409124,0.3,0.15431429295692314,0.5271976142390628,0.10708600639015582,0.47114057493880196
200,2.185203555323458,-0.5528731833169426,20.487440120315995,27.2746217410908,200,-0.7807661711773446,0.07011560867584961,11.71927384131541,7.056701663096323,-1.4909765777061248,0.13914796085902492,10.360346428368175,5.912921212235888,0.3,-0.14919485246132172,-4.8455798713085825,1.183466862811238,-6.6999001725886576,-11.421093466632552,R3_mixed,R3_mixed,both,0.1,0.3,True,mix,0.07217190220943469,0.1033333333333333,0.5,100,12,70,10,0.3,0.3,0.0,0.3,6,4.5306761264801025,0.2106425707940326,0.11120299376742362,0.3,0.1838634128021511,0.4971986306539763,0.120736256176391,0.3249460375567129
200,2.4726297441323464,-0.5122863220611865,21.332199057317542,27.452135622363745,200,-1.053812046967775,-0.02184261018860559,10.097957270463148,5.310245077917376,-2.0142770864976396,-0.0497850391223602,9.350013017732767,4.451981494633536,0.3,-0.16521650690271106,-5.763607115421134,0.8384513875212177,-5.814550743154164,-11.360050754929905,R3_mixed,R3_mixed,both,0.1,0.3,True,mix,0.07475690207350359,0.1033333333333333,0.5,100,12,66,10,0.3,0.3,0.0,0.3,7,4.587222099304199,0.2067235500687989,0.08958031855240677,0.3,0.1616064923907012,0.49471814132116426,0.09135316931564043,0.3813369000077873
200,1.24019499768438,-0.4472115129067635,19.88695967293915,21.78454673750906,200,1.1230581077315416,0.008395379458613862,-0.017703254933617935,5.364567307071346,2.2799054844856483,0.017376197403361257,-0.6044748807143308,4.760538022020708,0.3,-0.15000118905686288,1.9198661753757396,0.8070862658134973,-11.919748810377081,-9.49979708602288,R1_post,R3_mixed,accrualX,0.1,nan,True,post,0.05812478086445317,0.09999999999999996,0.5,100,12,53,10,0.0,0.3,0.3,0.0,0,4.532468557357788,-0.00035094397489443345,0.10825002035453275,0.0,0.17594840345201113,-0.0787136177305696,0.11403352419306328,-0.08733521909194093
200,1.7652268742127233,-0.4160942229724974,20.45374833713178,23.80315714898374,200,1.099127317593353,-0.0006204247920108525,2.431405902990937,7.454850946724049,2.1809956795867844,-0.0022760837321598782,1.474751330472886,6.294856480996923,0.3,-0.13448391880952934,1.3592996097400338,0.6926554407955402,-11.322376626338524,-9.358759912903018,R1_post,R3_mixed,accrualX,0.1,nan,True,post,0.07408841716528512,0.09999999999999996,0.5,100,12,51,10,0.0,0.3,0.3,0.0,1,4.554637432098389,0.048903516266684696,0.14042227551049102,0.0,0.15567297833302354,-0.09118151566074618,0.14596216896005612,-0.03940428633067854
200,2.232160858216005,-0.5601600556636535,24.642803863594455,27.923315662713065,200,1.742981892369737,-0.008501840554413529,0.3880295745182677,7.162637402548622,3.5750277955093357,-0.018908651890678065,-0.6098245445396263,6.171041398135753,0.3,-0.1532407551977807,2.3194376353975086,0.9906107938495654,-13.860230956996768,-11.15454601030083,R1_post,R3_mixed,accrualX,0.1,nan,True,post,0.059359845364944264,0.09999999999999996,0.5,100,12,76,10,0.0,0.3,0.3,0.0,2,4.52462911605835,0.007089925831509168,0.12006925806685934,0.0,0.15573216001891912,-0.07939485641429024,0.12404805956004623,-0.08756552875769746
200,1.0038475055640865,-0.3856373437493176,19.4233505986964,21.059412876360618,200,0.9795866347947265,-0.007210060504961338,-1.029679061485382,4.003411076421963,1.9540401225961768,-0.005327541649542933,-1.4939989097050352,3.384187613267113,0.3,-0.1658081629767989,1.891050521857939,0.6555883791041655,-13.18828545025766,-10.192214755192648,R1_post,R3_mixed,accrualX,0.1,nan,True,post,0.06108340102294992,0.09999999999999996,0.5,100,12,52,10,0.0,0.3,0.3,0.0,3,4.583958148956299,-0.020711995218247577,0.076824057413055,0.0,0.13031111096039533,-0.08745210602809317,0.07905971063573426,-0.07663307562288778
200,1.82483751998228,-0.4847420300490248,21.358065159935318,27.597145694680812,200,1.3216304872585394,-0.022722497899214433,-1.907089931523657,4.131237979025778,2.631226925402891,-0.05393107727184461,-2.3155498839674697,3.6298828066377498,0.3,-0.17814351321898703,1.7636035580776595,0.8456489050547045,-15.033877395333253,-12.89420631464421,R1_post,R3_mixed,accrualX,0.1,nan,True,post,0.06514860549207797,0.09999999999999996,0.5,100,12,68,10,0.0,0.3,0.3,0.0,4,4.586665153503418,-0.03355396113293064,0.06874694442631775,0.0,0.11830391251203716,-0.08853559496946714,0.0695373184367694,-0.09836462013796418
200,1.0611252736528667,-0.2737048597920442,19.743032506230815,20.742519490945615,200,0.9507262006252185,-0.012690895599109226,1.0083913394415545,5.981543746870828,1.89506746878537,-0.023704690920371543,-0.052874187437514174,4.759287044833488,0.3,-0.14947010659490467,1.7885935228307546,0.4689947061730729,-10.954743291074685,-8.561169267186989,R1_post,R3_mixed,accrualX,0.1,nan,True,post,0.07411686347293496,0.09999999999999996,0.5,100,12,47,10,0.0,0.3,0.3,0.0,5,4.565497159957886,0.020717736025799325,0.11331102278622171,0.0,0.1457503352627877,-0.050322809862141375,0.11517453341727649,-0.05149499172658555
200,1.491957725089314,-0.5330724125950252,23.502134794526643,28.239387980883418,200,1.5634876030092248,-0.04780898798596796,0.3406577459419955,6.613391260948442,3.178134293819287,-0.10043000934327999,-0.4433651296789583,5.734182832230694,0.3,-0.15619752182531213,2.7751561773716844,0.8411464070077957,-14.995922891938362,-12.424535556225802,R1_post,R3_mixed,accrualX,0.1,nan,True,post,0.06630761235470563,0.09999999999999996,0.5,100,12,73,10,0.0,0.3,0.3,0.0,6,4.5542051792144775,0.005872841351719653,0.11758326992621743,0.0,0.13271457243015614,-0.10397600755151805,0.11866213281941529,-0.08640084964020528
200,1.4290755901581098,-0.4431137592877705,22.887304899203357,25.01088704880595,200,1.3687717572787113,-0.02163015560182757,0.5515274126029442,6.1133960460274075,2.771713140064904,-0.04507059580310331,-0.14547667675287546,5.359646104525061,0.3,-0.16375335847199027,2.3745366746580334,0.7340920655502763,-16.038047375704895,-12.408030040281027,R1_post,R3_mixed,accrualX,0.1,nan,True,post,0.06952430869102308,0.09999999999999996,0.5,100,12,68,10,0.0,0.3,0.3,0.0,7,4.529179811477661,0.009569222733821606,0.10817259811026261,0.0,0.1159973708843228,-0.09395528640819557,0.11012438764163957,-0.06019872767871049
200,3.228831162949535,-0.7783965020600108,18.490193321951786,24.972923346658753,200,3.52820545734857,0.01899181067943684,22.083341494841598,37.880412879743766,6.992027074941217,0.04947580005160234,19.13202479725406,32.59977766560021,0.3,0.17304137956160523,7.261360739747041,1.5261041996641287,10.306580797478759,15.104616795937872,R2_noise_compatible,R2_noise_compatible,accrualX,0.1,nan,True,noise,0.0926687317563376,0.10000000000000005,0.5,100,12,117,10,0.0,0.3,0.3,0.0,0,4.534438610076904,0.7875628617288934,0.8079029562798117,1.0,1.0405815057364793,1.179704000125741,0.8469547942436787,0.8624740095227834
200,4.481679905291698,-0.9361220237770078,18.287947142518814,26.167379038431584,200,4.943395621239583,-0.05591362561797179,24.715435248719288,37.23009339594986,9.926353495158263,-0.12012689626123536,22.27827695622393,32.36334828262276,0.3,0.19114783316520695,8.62961663255367,1.6476254676207136,12.113035931503536,16.785230721316044,R2_noise_compatible,R2_noise_compatible,accrualX,0.1,nan,True,noise,0.10628789928540454,0.10000000000000005,0.5,100,12,126,10,0.0,0.3,0.3,0.0,1,4.424315929412842,0.9510784789696185,0.9424074249905007,1.0,1.1644274465474456,1.3798483043705616,0.9917084961978523,1.089484831876053
200,2.941161225700141,-0.767404731471183,17.445136604184018,22.305289663050168,200,3.011181940596781,0.05555729536289042,26.162886401604293,32.48388068132714,5.969315579528842,0.11489564865719551,22.918931555723155,27.838957926480724,0.3,0.1889452991617902,5.791092913729021,1.5371753792966694,12.096925711660587,15.411862384293016,R2_noise_compatible,R2_noise_compatible,accrualX,0.1,nan,True,noise,0.09376903731527132,0.10000000000000005,0.5,100,12,104,10,0.0,0.3,0.3,0.0,2,4.429083824157715,0.8207014740148082,0.8149500360524741,1.0,1.109148010481692,1.1316485093580957,0.8618048484594505,0.8534152176113062
200,2.1090920731613387,-0.821922590111631,20.149209094089876,24.589443921838434,200,2.353583011351938,0.029026061713252897,25.90282205719463,34.86619177147985,4.615325123711732,0.05544751306108939,23.089783746634165,29.93409990568606,0.3,0.1794457989624814,5.683867689722461,1.465690437575936,12.749030061822905,14.497623458637293,R2_noise_compatible,R2_noise_compatible,accrualX,0.1,nan,True,noise,0.10686006244449252,0.10000000000000005,0.5,100,12,110,10,0.0,0.3,0.3,0.0,3,4.42533802986145,0.697921425237552,0.7137090834249641,1.0,0.9530297326830758,1.01781375004554,0.7502537030672862,0.790870885195391
200,2.127617642065148,-0.7038808112395195,18.393479540730517,25.76814667245223,200,2.4771601954924476,0.031175296756885854,24.93022235226757,34.13654925912685,4.965150206301086,0.07470516889385699,22.068068849519666,29.56858513317368,0.3,0.16505158796889605,5.054198487848571,1.3850593827784257,11.385718458554654,13.428336946370418,R2_noise_compatible,R2_noise_compatible,accrualX,0.1,nan,True,noise,0.09396365637838683,0.10000000000000005,0.5,100,12,114,10,0.0,0.3,0.3,0.0,4,4.505943298339844,0.7254236519593118,0.7479080553238733,1.0,0.9621754505467829,0.990601827006921,0.781241880097286,0.717531345121348
200,2.7607538744431213,-0.8931863231915613,18.356826752490463,26.356975001416128,200,3.4537250078217094,0.060910867756231536,22.98219341011942,37.192420994369044,6.931746705200076,0.12570383464665713,20.209884437155726,31.55300956939348,0.3,0.1706759051238661,7.678832370324068,1.7853909603477416,10.37183610673666,14.827972194025497,R2_noise_compatible,R2_noise_compatible,accrualX,0.1,nan,True,noise,0.09694496421030975,0.10000000000000005,0.5,100,12,122,10,0.0,0.3,0.3,0.0,5,4.4715399742126465,0.7161603216320072,0.7571162789112217,1.0,0.9668818858483181,1.0100838772207414,0.797946554491969,0.7609226772520687
200,3.317828393287408,-0.8686999026672855,19.0981793319931,25.70247898612249,200,4.3569327656149675,-0.016495340496265883,24.590814858011438,36.60198797938447,8.805550194441432,-0.03790439825866574,22.041424759032974,31.95892851916597,0.3,0.19488183632690104,9.161005668448968,1.535152492672833,11.831342725181452,17.91069331087184,R2_noise_compatible,R2_noise_compatible,accrualX,0.1,nan,True,noise,0.0924936025697885,0.10000000000000005,0.5,100,12,124,10,0.0,0.3,0.3,0.0,6,4.444186449050903,0.8135752780077716,0.8683654324759332,1.0,1.101975274401119,1.1049360152691405,0.9123186503732036,0.8641086445565528
200,3.2184558183392427,-0.9394502733170671,19.74027599984947,25.632084944054785,200,3.887571832235036,0.0034909278612871475,27.587174676668358,36.879988024779685,7.867719473943527,0.0077746660286450095,24.337018296162356,32.1501772448599,0.3,0.1876152080824559,7.474047123621429,1.8146452918079554,13.06568862119112,17.071841962288516,R2_noise_compatible,R2_noise_compatible,accrualX,0.1,nan,True,noise,0.09068409122984968,0.10000000000000005,0.5,100,12,133,10,0.0,0.3,0.3,0.0,7,4.537821292877197,0.8870235859306328,0.897577302587061,1.0,1.1001378841066378,1.1560550877445193,0.9456191486472239,0.944074650994445
200,2.4779136550172836,-0.6784247638896173,23.377389206824844,26.898319058719895,200,2.446170761623857,-0.04413985957301213,-31.32273052409571,-22.94016639670054,5.026371451471266,-0.09592370810094025,-27.94917956076924,-18.935408766183127,0.3,-0.4322116486971823,3.9671782390991677,1.1993544060348331,-28.998628563658585,-27.43768043193801,R4_err,R4_err,accrualX,0.1,nan,False,err,0.0914608181950472,0.15000000000000002,0.5,100,12,108,10,0.0,0.3,0.3,0.0,0,4.4886767864227295,-0.75058513757073,-0.4946217072930433,-1.0,-0.6588500127516893,-1.2698590991178786,-0.5153633193957482,-1.0171580302047387
200,3.3578707994336736,-0.8533358946131773,25.79507747766353,29.137713655765253,200,2.1276685090109324,0.05733370256527599,-30.32317891824149,-24.29922918631907,4.23739858614608,0.11653511006408816,-27.494095709417515,-20.858527953830883,0.3,-0.4314126005799288,2.2245156119005753,1.7621998216643069,-28.92216304799647,-27.399542618256067,R4_err,R4_err,accrualX,0.1,nan,False,err,0.08886283334780086,0.15000000000000002,0.5,100,12,122,10,0.0,0.3,0.3,0.0,1,4.509713411331177,-0.801675472318461,-0.5395200761302873,-1.0,-0.6851342740578866,-1.1636786811703992,-0.5597519280459282,-1.0455097050673219
200,2.238461559810995,-0.6869233220150518,20.705684337194814,24.959891177643545,200,1.057448270714672,0.013192142497174833,-26.294005009272365,-24.02518007695707,2.1478377545195495,0.02955496559786549,-23.306178805272648,-20.34098026684215,0.3,-0.45535721903230475,0.8073938566236138,1.2363449556953288,-24.537175192142904,-26.435705101775376,R4_err,R4_err,accrualX,0.1,nan,False,err,0.09471787221273653,0.15000000000000002,0.5,100,12,103,10,0.0,0.3,0.3,0.0,2,4.5435850620269775,-0.8066974004167922,-0.6063538279257387,-1.0,-0.7840090392286908,-1.2719832573436525,-0.6310906943205898,-1.0642243088079806
200,2.1902797462113255,-0.8879796301691705,20.996006244852857,26.168991760916864,200,1.4468227621121184,0.06427341440788498,-25.980826485844045,-25.000285744210522,2.945406675198458,0.13135756161718226,-23.220727612824817,-21.33351818878929,0.3,-0.43063210446991135,1.7667519487998122,1.7972726923823188,-25.252894013951465,-26.926734914816745,R4_err,R4_err,accrualX,0.1,nan,False,err,0.08375131178986864,0.15000000000000002,0.5,100,12,104,10,0.0,0.3,0.3,0.0,3,4.497501850128174,-0.7685011592556241,-0.5524621177994476,-1.0,-0.7535587208266856,-1.3339560739454521,-0.5783587894770936,-1.1164752436175658
200,2.0376178854136735,-0.778938837812166,21.27771266071204,27.856809274384844,200,1.7011020714732767,0.01619405650305763,-28.71389957703748,-24.781903711720563,3.4932735453091754,0.03780121873628131,-25.433760971414436,-20.99913834885184,0.3,-0.4383459980824933,2.5436784310401634,1.454124678981579,-26.953869657694312,-28.081032288986894,R4_err,R4_err,accrualX,0.1,nan,False,err,0.08818703244335023,0.15000000000000002,0.5,100,12,105,10,0.0,0.3,0.3,0.0,4,4.499423980712891,-0.7908476566095832,-0.5668173634449732,-1.0,-0.7644078606043211,-1.1699530454616918,-0.592309161708906,-1.0328695509981536
200,2.678993326735573,-0.856151214400331,22.659516009643625,29.993800897642924,200,2.6245370364685265,-0.02664811966660073,-30.901172722545738,-22.914041420953744,5.352695586272906,-0.052938314170356236,-27.206590705543782,-19.203239383755534,0.3,-0.44045424263719635,4.902573654301969,1.476165130808647,-27.810417666638084,-26.678450662316987,R4_err,R4_err,accrualX,0.1,nan,False,err,0.10150183504906111,0.15000000000000002,0.5,100,12,114,10,0.0,0.3,0.3,0.0,5,4.51553201675415,-0.7895556516904514,-0.518299466575145,-1.0,-0.6738059102104027,-1.2388751739227721,-0.5427894745768169,-1.0311463230052869
200,3.094978619632448,-0.70680620710162,21.548160260250196,26.76817879104522,200,1.9692530422539476,0.04738882648807907,-27.759075391068546,-22.298787801113985,3.9897914226207765,0.10340526320348314,-24.66460096562433,-18.81864860094623,0.3,-0.4360787146318939,2.064001605390442,1.4280366470273196,-25.671552156186706,-25.891131710652566,R4_err,R4_err,accrualX,0.1,nan,False,err,0.09637080601792775,0.15000000000000002,0.5,100,12,103,10,0.0,0.3,0.3,0.0,6,4.511788606643677,-0.8108147859899884,-0.5294821201361309,-1.0,-0.7496863304098262,-1.327764689908966,-0.5486170940935783,-1.1622824955627011
200,2.111565295829398,-0.7581779001875952,21.476518032602865,24.592459137365967,200,1.6246152943205834,-0.08793461503696313,-31.95539362251852,-25.040768994596178,3.2603748203018865,-0.172398797519223,-28.376006913203582,-21.09785989954738,0.3,-0.43925912445611465,2.7428994494263317,1.1020625906653083,-29.026458131029116,-27.93274781362757,R4_err,R4_err,accrualX,0.1,nan,False,err,0.07369110548366811,0.15000000000000002,0.5,100,12,110,10,0.0,0.3,0.3,0.0,7,4.394808769226074,-0.8528568707330786,-0.6108603254740333,-1.0,-0.8260502352514267,-1.348036640253708,-0.6443964869637241,-1.1382274115474573
200,2.8016397776186746,-0.6433350991909841,21.7700501566154,29.74571876663087,200,2.3905308315605502,-0.03693459525446186,14.285151510298574,24.300579909638635,4.747702420531434,-0.07974099370314466,11.519877927269524,20.482781398338542,0.3,-0.017568286836088038,3.883345385691101,1.0386918814676005,-5.613145854252369,-2.4944179601273557,R3_mixed,R3_mixed,accrualX,0.1,0.3,True,mix,0.08382823143821011,0.1033333333333333,0.5,100,12,96,10,0.0,0.3,0.3,0.0,0,4.459277153015137,0.28397027533547187,0.3605051253496862,0.3,0.49263977028089734,0.28950436947472497,0.3711651691979128,0.19155641458084413
200,3.49146086123395,-0.7261302735751097,21.858009307295568,29.947174918726198,200,3.158058925810177,-0.025319906274449896,15.836256046760136,23.991326852375728,6.269114615895656,-0.0534476894353172,12.939658452151578,20.222193999251317,0.3,-0.0018479646272959135,5.446301265372192,1.2107455940711935,-5.406340360456513,-1.120441713013234,R3_mixed,R3_mixed,accrualX,0.1,0.3,True,mix,0.0766759739183216,0.1033333333333333,0.5,100,12,104,10,0.0,0.3,0.3,0.0,1,4.468938589096069,0.27955983594085765,0.37797462242748747,0.3,0.4955068313555245,0.17724096309845064,0.3906600251399993,0.12953143044185228
200,2.2548005934720052,-0.5304669028493035,20.574835028833192,26.671152356662898,200,2.059388704473944,0.03901617618282096,13.622611271115387,21.6364382955974,4.163361729885529,0.0801299387625802,11.06986434338402,17.925777056734596,0.3,-0.025915770219953903,3.558239315333567,1.1248552955349158,-5.869032941700667,-3.1377382510672356,R3_mixed,R3_mixed,accrualX,0.1,0.3,True,mix,0.08056246299810572,0.1033333333333333,0.5,100,12,89,10,0.0,0.3,0.3,0.0,2,4.535890817642212,0.2821193426003258,0.3533150428906928,0.3,0.48439059899796433,0.2179791602381957,0.36678516861935223,0.182808331621561
200,3.0070269043963345,-0.7755389401491308,23.88560744691648,30.539159591405475,200,3.0099476362601068,-0.044274235058900185,15.497531653905872,22.670032611209585,6.0363964909274195,-0.0815725392758258,12.840797751147804,18.75731329256653,0.3,-0.012707486102647455,5.2510997146560365,1.2945969837983486,-6.230773289151261,-2.100398805847404,R3_mixed,R3_mixed,accrualX,0.1,0.3,True,mix,0.09233814983677696,0.1033333333333333,0.5,100,12,102,10,0.0,0.3,0.3,0.0,3,4.410875558853149,0.28385325769823305,0.38078324879654635,0.3,0.5057652477737794,0.20130495518418728,0.3935541540100615,0.16616291220318927
200,1.725411628843473,-0.7127551119604614,23.32324094895249,28.084725244258593,200,2.2666470746580916,-0.008823466181693253,14.960222963174374,21.67263295270942,4.549589895921648,-0.01830282322816647,12.132883620864517,18.311293641358425,0.3,-0.014721397167394916,4.878117280206945,1.243180359501359,-5.897127369550594,-2.4703141008720397,R3_mixed,R3_mixed,accrualX,0.1,0.3,True,mix,0.08294388881526893,0.1033333333333333,0.5,100,12,88,10,0.0,0.3,0.3,0.0,4,4.423218011856079,0.27547287295468387,0.3686737933922801,0.3,0.445863272462078,0.18284320509015853,0.38406897620849745,0.18097379216892684
200,2.2891352680975245,-0.9152407075448419,25.68605890434526,30.658593040046817,200,2.4363149647767193,-0.01718908745119463,18.047369813406366,23.986068104539516,4.853358078577313,-0.04394310726142068,15.11209693011881,20.151993785979535,0.3,-0.017869376167859188,4.740632453356514,1.4657421079872277,-6.665278905937763,-2.834356639911984,R3_mixed,R3_mixed,accrualX,0.1,0.3,True,mix,0.08899406026388133,0.1033333333333333,0.5,100,12,108,10,0.0,0.3,0.3,0.0,5,4.516197443008423,0.2755532966125688,0.34768548295930585,0.3,0.42831867369133936,0.17798006508737108,0.3621179105869049,0.15764343074801757
200,2.693823565025531,-0.6419411632243791,22.024051725096182,27.805757289602816,200,2.716099879792227,-0.06667634523412529,15.285487383437761,22.644630823383206,5.477940952818203,-0.13516707768658104,12.340333637672996,19.064968658694863,0.3,-0.015240246627810499,4.7244932537663145,1.0457380176968445,-5.564375368713326,-2.2501313065036417,R3_mixed,R3_mixed,accrualX,0.1,0.3,True,mix,0.07783894794728113,0.1033333333333333,0.5,100,12,95,10,0.0,0.3,0.3,0.0,6,4.511013031005859,0.29528926654723575,0.3954226403445239,0.3,0.48782505311024155,0.20334973830800854,0.4062339127122065,0.16217645329918387
200,2.7236269942362026,-0.8184365304437924,23.985831656336092,32.02067639672067,200,2.7366755414753756,-0.0002027533457713937,16.52266535014456,25.376628756404962,5.477244139744592,-0.006098309699976734,13.519394651398159,21.320982212017473,0.3,-0.005096098440086954,5.019448589450202,1.3833025974390885,-5.454076402111381,-1.7281858771882341,R3_mixed,R3_mixed,accrualX,0.1,0.3,True,mix,0.09345154937455206,0.1033333333333333,0.5,100,12,98,10,0.0,0.3,0.3,0.0,7,4.554981231689453,0.28452440428037484,0.37079299810509414,0.3,0.4830225541502128,0.23217460336725668,0.38656807654633546,0.1761797969335976
