set,arm,parent,kind,stratum,selected,n_genes,n_complete,mnar_exposed,n_sel,G_tested,s,median_n_fit,median_miss_frac,N_set,N_null_mean,N_null_sd,N_z,N_p2,N_p_up,Nc_set,Nc_null_mean,Nc_null_sd,Nc_z,Nc_p2,Nc_p_up,D_set,D_null_mean,D_null_sd,D_z,D_p2,D_p_up,Nc_rhow_set,Nc_rhow_null_mean,Nc_rhow_null_sd,Nc_rhow_z,theta_raw,theta_set,theta_pc,lambda_hat_noise,lambda_hat_noise_raw,theta_pc_ci_lo,theta_pc_ci_hi,theta_pc_boot_se,theta_raw_ci_lo,theta_raw_ci_hi,theta_ci_lo,theta_ci_hi,lambda_ci_lo,lambda_ci_hi,n_boot,S_cross_mean,S_cross_null_mean,S_cross_z,Wm_mean,Wm_null_mean,Wm_z,frac_Nc_below_band,frac_Nc_above_band,rho2bar,median_cnt_depth,median_icc,mean_icc,median_lambda_poisson_ub,fX_if_lambda_icc,fX_if_lambda_poisson,lambda_lo,lambda_lo_source,lambda_hi,kappa_source,kappa,theta_noise_min,theta_reading_ok,margin_theta_pc_minus_tnm,margin_ci_hi_minus_tnm,r1_band_limit,margin_abs_theta_pc_minus_band,z_D_minus_gate,fX_lo,fX_hi,post_share_lb,N_z_unres,Nc_z_unres,D_z_unres,theta_pc_unres,theta_raw_unres,S_cross_z_unres,phi_op_D,E0_D_within,E0_D_unres,spline_theta_pc,spline_theta_raw,spline_N_z,spline_Nc_z,spline_D_z,spline_lambda_hat,spline_n_genes,spline_dp,dp_linear_published_mean,rnapc_theta_pc,rnapc_theta_raw,rnapc_N_z,rnapc_Nc_z,rnapc_D_z,rnapc_lambda_hat,rnapc_n_genes,purity_theta_pc,purity_theta_raw,purity_N_z,purity_Nc_z,purity_D_z,purity_lambda_hat,purity_n_genes,phi_op_dp,dp_obs_set,E0_dp_within,E0_dp_unres
all,operator,all,primary,miss0,False,7904,7904,False,,7919.0,,105.0,0.0,72.60674971217226,-10.48006631131053,20.373283100919,4.078224192532567,0.009950248756218905,0.004975124378109453,238.89456520791606,-39.360692529619016,77.70010677411685,3.581143827079352,0.009950248756218905,0.004975124378109453,904.5922196963015,231.25600609715687,56.7764964584983,11.859418167715415,0.009950248756218905,0.004975124378109453,151.26784098463258,-19.945160548634227,43.81160469435327,3.9079372400923233,0.0802646188318406,0.0802646188318406,0.12339573358064863,0.10984173242971468,0.07430088649819512,-0.00953744227466659,0.35929854268710193,0.0967034244594092,-0.018240512629328694,0.23220208042224896,-0.018240512629328694,0.23220208042224896,-0.009630018368107405,0.26425158082612415,200,-0.08713632031793932,-0.033903949092526996,-4.548064377382322,0.2369373765482899,0.057164433548268875,8.11033737025517,0.03226214574898786,0.12930161943319837,0.3033217243655536,1646.5,,,0.9953213092100786,,0.000580044330285233,0.1651,transferred,0.9953213092100786,unselected,1.0,0.19774823332135585,True,-0.07435249974070722,0.16155030936574608,0.05,0.07339573358064863,8.859418167715415,0.000580044330285233,0.6240042275377562,0.3759957724622438,2.6464063079413918,2.228406430740625,16.992559931548076,0.06715326658272869,0.0802646188318406,-7.592683125498761,0.29386088379588815,231.25600609715687,-48.953899117649854,0.16586900911334682,0.11607142256403426,5.385828672275394,4.972905118581318,11.81174102721857,0.14227070778688217,7858.0,-0.08251785373207579,-0.08066826038562683,0.6258639378713576,0.8184138690000898,1.0593907347939095,0.8208329906906764,0.19884137611467,0.38494238250389035,7904.0,0.12640784995960636,0.08306122767486622,2.874761563427424,2.5862569471400123,10.11394120791279,0.11222209607660263,7904.0,,,,
all|depthT1,operator,all,depth,depthT1,False,2635,7904,False,,2650.0,,105.0,0.0,23.1037016739065,-0.9383396004663456,5.6879845566439915,4.226811981458344,0.009950248756218905,0.004975124378109453,82.80213316644075,-2.2853242429494083,22.373793016839855,3.802996539091439,0.009950248756218905,0.004975124378109453,293.519546973123,67.83678695064638,19.75973004158755,11.421348345725914,0.009950248756218905,0.004975124378109453,48.02926519072051,-1.1699403841506872,12.14773239677038,4.0500732126723005,0.0787126510386106,0.0787126510386106,0.10653025189863155,0.09627414317488603,0.07296906267190262,0.0057313796298085395,0.2960038352940112,0.07011974121446345,0.0003295047825975705,0.2030745939501371,0.0003295047825975705,0.2030745939501371,0.00569733240104692,0.2283971808245376,200,-0.06387666759732098,-0.020911104754031573,-4.315745031988731,0.22685060818285963,0.052807622935063386,8.567070636650088,0.03377609108159393,0.1206831119544592,0.26965569868587164,515.0,,,0.9869463240518592,,0.0014090040694912957,0.1408,transferred,0.9869463240518592,unselected,1.0,0.1638733705772812,True,-0.05734311867864966,0.13213046471672998,0.05,0.05653025189863155,8.421348345725914,0.0014090040694912957,0.6500766507905129,0.3499233492094871,3.1272051713990154,2.7824285704728937,15.401799994274487,0.06615982198119359,0.0787126510386106,-7.353917812097315,0.2724237123567348,67.83678695064638,-16.664778513210262,0.14554863047126074,0.11461197562000261,5.350803767075303,5.103167646163839,11.400579997942978,0.12705582862194537,2589.0,-0.09607062747533315,-0.09475988328464278,-0.297618342840516,-0.010699752370216952,1.1185214583669958,0.9313606030282188,-0.4232085612076541,-0.42372738497203993,2635.0,0.09950386888144538,0.07769851823667198,3.0077942814396006,2.7580180924874096,9.827436369740253,0.09049888017463124,2635.0,,,,
all|depthT2,operator,all,depth,depthT2,False,2633,7904,False,,2633.0,,105.0,0.0,20.95031751085955,-4.626316996404251,7.438343683883388,3.4384851781829506,0.009950248756218905,0.004975124378109453,67.52788061585821,-18.61798567922009,28.462834516277937,3.026608830747737,0.009950248756218905,0.004975124378109453,284.0004049342042,75.88399968049326,18.238951139570332,11.410546783153105,0.009950248756218905,0.004975124378109453,45.14676502355412,-8.118339250253555,15.981275202137018,3.3329695909801402,0.07376861844867162,0.07376861844867162,0.12289581148628714,0.109445426930233,0.0687006652841549,-0.04409843131251897,0.42976211802183467,0.12206132028672163,-0.048790840815545154,0.25760628318351536,-0.048790840815545154,0.25760628318351536,-0.04613353935103483,0.3005070336026832,200,-0.09054690916963296,-0.03589740645586241,-4.115819135531193,0.24125941522374483,0.06173155551588519,7.579531236799178,0.03266236232434486,0.11659703759969617,0.305635569618649,1646.0,,,0.9949774000495417,,0.0006203723789623987,0.1736,transferred,0.9949774000495417,unselected,1.0,0.21006776379477252,True,-0.08717195230848537,0.21969435422706216,0.05,0.07289581148628714,8.410546783153105,0.0006203723789623987,0.5850293698863347,0.4149706301136653,2.012907148389419,1.6274320465463161,16.19957888934428,0.058523098644063444,0.07376861844867162,-7.0236715488334465,0.3087523390920895,75.88399968049326,-17.073171185189935,0.1659907967455041,0.10934361148732168,4.6273670216686815,4.233993007885074,11.344909959573023,0.1423602975330638,2633.0,-0.09114306022607621,-0.08925401532538062,-2.7642672387332707,-0.7087480176378556,1.7051429016716872,1.5162418679703349,-0.08283346189390328,,2633.0,0.12397145893284664,0.07908238021588992,2.2632840813820803,2.0219670607392306,9.507152411599183,0.11029769301308699,2633.0,,,,
all|depthT3,operator,all,depth,depthT3,False,2636,7904,False,,2636.0,,105.0,0.0,28.552730527406208,-4.915409714439935,8.16911459838753,4.0969115855532605,0.009950248756218905,0.004975124378109453,88.56455142561708,-18.457382607449514,30.36006468226921,3.5250891311693815,0.009950248756218905,0.004975124378109453,327.0722677889743,87.53521946601717,20.444647580010106,11.716369645675188,0.009950248756218905,0.004975124378109453,58.09181077035798,-10.65688091422998,17.628516033345452,3.8998570018341567,0.08729792568603927,0.08729792568603927,0.13972009956774012,0.12259159035690566,0.08028887356789349,0.03321338240236265,0.45322433158690584,0.11693268393550292,0.010735070037509826,0.3092961783990962,0.010735070037509826,0.3092961783990962,0.032143857472189216,0.311856899272079,200,-0.10698044189317452,-0.04490067579748656,-4.673660307058091,0.24270319855528377,0.05695766716930934,7.626934097893112,0.030349013657056147,0.15060698027314112,0.33466376651827057,4466.5,,,0.998284444100136,,0.00024010956251962364,0.1857,transferred,0.998284444100136,unselected,1.0,0.22804863072577675,True,-0.08832853115803663,0.2251757008611291,0.05,0.08972009956774012,8.716369645675188,0.00024010956251962364,0.6126767747873494,0.3873232252126506,2.578816481923353,2.091806835171209,17.18569828392051,0.07564455059812909,0.08729792568603927,-7.235686370695252,0.30018903286630017,87.53521946601717,-15.215949419249657,0.18429656275896508,0.12317855744240742,5.516980252044028,5.0001584578134874,11.749878406860434,0.15561690251774732,2636.0,-0.06059133631174327,-0.05825190816941895,0.007697726155445651,0.023300579938234384,0.05323971352498728,-0.18354097310833717,1.0580319523985042,0.007638923811819949,2636.0,0.1547083553983028,0.09115103767719171,3.0999215448236384,2.7307647144697738,9.774349502774731,0.1339804589401607,2636.0,,,,
all|miss0-5,operator,all,miss,miss0-5,False,607,7904,False,,611.0,,101.0,0.03809523809523807,4.088645280432878,0.35171039757043915,0.9686869732610849,3.857732152918344,0.009950248756218905,0.004975124378109453,11.881630146674404,0.05559497517326634,3.769647547668983,3.1371726459716216,0.009950248756218905,0.004975124378109453,33.224881974722635,9.99960062813456,2.918710366189541,7.957377893891315,0.009950248756218905,0.004975124378109453,7.166102252526719,0.611772001233021,1.7842319491495284,3.6734743228972464,0.1230597382872121,0.1230597382872121,0.1608994451820243,0.1385989508822583,0.10957541624178564,0.041431149989618554,0.48978192413950844,0.12156283231226736,0.038787560214494636,0.3102939082391503,0.038787560214494636,0.3102939082391503,0.03978202755451207,0.3287607446717075,200,-0.027850940790616337,-0.012892722939460801,-2.1250868146035127,0.21942184816330493,0.04849794200371292,8.767856413810206,0.032948929159802305,0.08237232289950576,0.2107407013149411,892.0,,,0.9933966477826949,,0.0010695382458531313,0.1651,transferred,0.9933966477826949,unselected,1.0,0.19774823332135585,True,-0.03684878813933157,0.29203369081815256,0.05,0.11089944518202428,4.957377893891315,0.0010695382458531313,0.8136580665201216,0.18634193347987837,3.7149307280502044,2.549770703746477,12.68866892159335,0.10296598213389324,0.1230597382872121,-4.837542155776181,0.39085538894916266,9.99960062813456,-4.902815332690243,0.20295567116019136,0.16317747802988863,4.567349770153348,3.989138081921053,7.889085735248045,0.1687141729540629,602.0,-0.2818645123958436,-0.2771272028641041,-0.03489815983645624,-0.02627766417702965,0.7170682052575077,0.6510596638558594,-2.6809160251267135,-0.0361600800911772,607.0,0.12974248333651256,0.08024263737319937,3.2656602615315204,2.709750090210524,7.3893711454380435,0.11484252849670575,607.0,,,,
all|miss5-20,operator,all,miss,miss5-20,False,881,7904,False,,883.0,,93.0,0.11428571428571432,4.101522364231489,0.10891480327742206,1.201260767251042,3.3236809773540896,0.009950248756218905,0.004975124378109453,12.602154107838501,-0.5714968875238404,4.834304318272861,2.725035522808969,0.01990049751243781,0.009950248756218905,42.05980809845198,10.360536366056236,3.3199489852201083,9.54812012880798,0.009950248756218905,0.004975124378109453,7.9888262378069665,0.4984600325926256,2.1359266297255846,3.506846209495817,0.09751643076047334,0.09751643076047334,0.12595265893360372,0.11186319241245384,0.08885190966380689,-0.012459292413602708,0.5494928176058517,0.15561270728097557,-0.002761254053410475,0.31481388364241664,-0.002761254053410475,0.31481388364241664,-0.012635702511472958,0.35462049086924186,200,-0.024145546798896425,-0.007296115185134662,-2.8829100511413484,0.21610599054544324,0.04723155451736888,10.03388254178287,0.03745743473325766,0.07264472190692395,0.2062677247335908,689.0,,,0.9917216879757117,,0.001051379054812676,0.1651,transferred,0.9917216879757117,unselected,1.0,0.19774823332135585,True,-0.07179557438775214,0.35174458428449584,0.05,0.07595265893360371,6.54812012880798,0.001051379054812676,0.6369344333353467,0.3630655666646533,2.8220699571394157,2.0678112071290218,11.142585053606743,0.07609371420695168,0.09751643076047334,-4.672285033501985,0.3691521931239504,10.360536366056236,-8.188875319138294,0.17628375693144407,0.14566397406779605,4.428510876544495,3.8109185685499725,9.208869875500472,0.14986499294295552,875.0,-0.31023815384716596,-0.3069634170709355,-0.021900884636002843,-0.0017814448328761674,0.5093911672682339,0.5398426964611532,-3.1640278448885564,-0.02239127333005764,881.0,0.09062306029533221,0.07238553089005238,2.1039390754000014,1.5122799396437692,7.822865140579019,0.08309292513106425,881.0,,,,
all|miss20+,operator,all,miss,miss20+,False,1309,7904,False,,1311.0,,63.0,0.4,3.209049296983321,-0.5219816562164411,1.8596167208754641,2.006344055372485,0.03980099502487562,0.01990049751243781,8.129329550214562,-3.29619831111772,4.756941730122933,2.401864161795611,0.01990049751243781,0.009950248756218905,34.212106188326835,-1.5664947313800335,6.941796041931984,5.154084145311371,0.009950248756218905,0.004975124378109453,5.481302701124896,-0.5184914197499996,2.1602350794052536,2.777380192588453,0.09379864774528988,0.09379864774528988,0.10428107464494814,0.09443345271354661,0.08575494944946443,-1.237473744074754,2.166519804811206,4.393190699327876,-0.9758349678361505,1.657474174693444,-0.9758349678361505,1.657474174693444,-0.41369648731166786,0.6846072561987071,200,-0.011781338559179474,-0.00456882287362848,-1.78586914499147,0.17478155078579044,0.03545103344756857,10.522641780342427,0.02750190985485103,0.05500381970970206,0.19904709357554604,538.0,,,0.9910564429187292,,0.0009410601689210117,0.1651,transferred,0.9910564429187292,unselected,1.0,0.19774823332135585,True,-0.09346715867640772,1.9687715714898504,0.05,0.054281074644948135,2.154084145311371,0.0009410601689210117,0.5273426361057977,0.4726573638942023,1.1984637284659874,1.1585056876259903,5.678037668235693,0.056384849690792986,0.09379864774528988,-3.214680989533827,0.3258732384036991,-1.5664947313800335,-18.861889620688075,0.18533397357341244,0.19221264896258897,2.786296972515394,2.880724617893453,5.021860906093062,0.15635591124979592,1288.0,-0.901036694345025,-0.8673067735213831,-0.015602042602267668,-0.008959245514634694,0.5897446334113239,0.4375586130903997,-5.295950769249325,-0.015849324437356465,1290.0,0.12750182592763729,0.15371821522387033,2.3103720235309675,2.3962799017104848,4.701419030936251,0.1130834762265124,1306.0,,,,
all|miss<=5,operator,all,miss,miss<=5,False,8511,7904,False,,8530.0,,105.0,0.0,76.69539499260515,-10.12835591374009,20.97808034149247,4.138784364106798,0.009950248756218905,0.004975124378109453,250.77619535459044,-39.30509755444576,80.09976487495311,3.6214999302668804,0.009950248756218905,0.004975124378109453,937.8171016710241,241.25560672529144,58.743573768756626,11.857662894119084,0.009950248756218905,0.004975124378109453,158.4339432371593,-19.333388547401206,44.924158211018245,3.957054263533439,0.08178075965553147,0.08178075965553147,0.12464621076005566,0.11083148599755435,0.075598275274902,-0.0065790866730466415,0.36312324761308384,0.09552315875799437,-0.015269485571302793,0.2310999138708383,-0.015269485571302793,0.2310999138708383,-0.006623865799796309,0.26631851926872663,200,-0.08290811853517759,-0.032405439601878284,-4.522255588889027,0.23568817836597453,0.05654634397388919,8.253885494826458,0.032311126777111975,0.12595464692750558,0.2967188949692756,1572.0,,,0.9951828938731783,,0.000603340380179298,0.1651,transferred,0.9951828938731783,unselected,1.0,0.19774823332135585,True,-0.07310202256130019,0.165375014291728,0.05,0.07464621076005566,8.857662894119084,0.000603340380179298,0.6303278095915837,0.36967219040841626,2.720088845975967,2.271848247741871,17.16784130837755,0.0685301874574089,0.08178075965553147,-7.61275166806848,0.2975901111616269,241.25560672529144,-53.856714450340114,0.1671353908624708,0.11776172922881106,5.447447180781488,5.015767122304386,11.807283389905834,0.14320137335477745,8460.0,-0.09670304149987582,-0.09464796291187308,-1.6561358322057849,-0.264331400518122,1.1055131076560287,0.8668339318143732,-0.07578541204868536,,8511.0,0.12652787490691336,0.08295462812843625,2.9240302395758397,2.6333414531453037,10.156389135370757,0.11231668361279434,8511.0,,,,
pinned_sig,operator,pinned_sig,primary,miss0,True,2205,2205,False,2205.0,7919.0,0.2784442480111125,105.0,0.0,35.40805827480571,-1.956300679718137,6.468657070196734,5.776215766124618,0.009950248756218905,0.004975124378109453,117.29466549781867,-5.010858458730524,24.41791441547786,5.00884399361409,0.009950248756218905,0.004975124378109453,500.27138303660024,139.15770783035993,27.503822236186558,13.129581485264472,0.009950248756218905,0.004975124378109453,65.7793778860779,-3.7574601192796426,13.133948104175673,5.294435264537836,0.07077770081486998,0.07077770081486998,0.10346979779479193,0.0937676753832041,0.06609934140485706,0.03837954053671565,0.23312394257004845,0.046593333147117874,0.022893820349840544,0.15941250238039872,0.022893820349840544,0.15941250238039872,0.03696097570033869,0.18905150867102236,200,-0.15312528914213824,-0.06279594933592172,-7.004905424604099,0.23345704602826697,0.052636294198108134,8.096238671169766,0.02585034013605442,0.181859410430839,0.2694688580494521,1850.0,,,0.9958039970815208,,0.00043598898457309455,0.1651,transferred,0.9958039970815208,table,0.55,0.10876152832674574,True,-0.005291730531953809,0.12436241424330272,0.05,0.053469797794791926,10.129581485264472,0.00043598898457309455,0.9513455666413938,0.0486544333586062,4.432017131294819,3.6856060862841944,19.53013586846244,0.06396893903352137,0.07077770081486998,-11.493064940614069,0.2953671486542647,139.15770783035993,-12.213486944371207,0.14249536332203736,0.10576688782979192,7.372395086663621,6.698980481545899,13.152650168606526,0.12472292483332548,2185.0,0.09418128558539764,0.09476539390491663,0.08237202467646228,0.05829837657396319,3.679593508081736,2.513867623987101,4.316858451944575,0.07610324620232543,2205.0,0.07855161259879256,0.052133817233440724,3.5812007740787704,3.165070161938404,11.60097363346871,0.07283064776985573,2205.0,0.3172550855515499,210.49896565006722,-357.8210015956385,-621.9055755171393
pinned_sig|depthT1,operator,pinned_sig,depth,depthT1,True,735,2205,False,735.0,2975.0,0.24705882352941178,105.0,0.0,11.011628982584469,0.5192314141283109,1.8089828120413165,5.800164323626816,0.009950248756218905,0.004975124378109453,39.7115801617049,3.25198641813039,7.1518050752941145,5.097956859803695,0.009950248756218905,0.004975124378109453,173.89337541015107,44.7073495955203,10.20045694512905,12.66472928708552,0.009950248756218905,0.004975124378109453,20.335971872391468,1.146162167804052,3.7033411830241922,5.181755813521019,0.06332402805231684,0.06332402805231684,0.08121929211996749,0.07511824170351165,0.059552898628940996,0.03599433807120513,0.1596203104910741,0.032165373202770645,0.02960944840517972,0.122439136881916,0.02960944840517972,0.122439136881916,0.03474368749125007,0.13764820939080027,200,-0.12321185028655593,-0.04455126054919001,-6.6808554267592335,0.21781790224331557,0.04335837209022428,8.459229264784062,0.034013605442176874,0.15918367346938775,0.22495453355963907,536.0,,,0.9869933541244168,,0.001070311736604457,0.1408,transferred,0.9869933541244168,table,0.55,0.09013035381750467,True,-0.008911061697537179,0.06948995667356944,0.05,0.03121929211996749,9.66472928708552,0.001070311736604457,0.901131402240135,0.098868597759865,4.800329718024911,4.193036090752346,17.723241967753783,0.057248169621910865,0.06332402805231684,-11.139350657847173,0.27406940381646855,44.7073495955203,-4.0658213695499725,0.11935073732155586,0.10057024781330703,7.336471715356824,6.88126984076325,12.819205926332197,0.10662496869135485,715.0,0.09401415444906809,0.09429195398018032,0.05807964073343288,0.03441801977989572,2.2499166681866685,1.533520397824654,4.000147482792449,0.054891558723475294,735.0,0.06063726096005225,0.0500774369945378,3.642754125658774,3.364997291238858,11.483301200445212,0.057170592804900604,735.0,0.3024387497103621,70.85532706365333,-131.99655384788144,-219.9462058874784
pinned_sig|depthT2,operator,pinned_sig,depth,depthT2,True,735,2205,False,735.0,2722.0,0.2700220426157237,105.0,0.0,10.13092522741383,-1.7276747330748765,2.5154867115887414,4.714236774082978,0.009950248756218905,0.004975124378109453,32.382562874046606,-7.092720528667957,9.465332058628183,4.170512260764336,0.009950248756218905,0.004975124378109453,159.27113631988811,47.64248619483211,8.507118021947415,13.121793989112005,0.009950248756218905,0.004975124378109453,19.29222847738706,-2.9455257722425103,5.10178715943101,4.358816539126202,0.06360804262152292,0.06360804262152292,0.10623258408306187,0.09603096637323907,0.059804025611488704,0.02120375890626224,0.28639161708142985,0.06399455517051014,0.0035809937019863625,0.1741034094278914,0.0035809937019863625,0.1741034094278914,0.020763300384340985,0.22262989389383253,200,-0.17138233254066593,-0.07498122465153316,-6.28730581014407,0.24584822413973947,0.06100967517295754,7.261334955455098,0.02312925170068027,0.16326530612244897,0.2865875236609627,1850.0,,,0.9955241035098723,,0.0004776238451265752,0.1736,transferred,0.9955241035098723,table,0.55,0.11553727008712489,True,-0.00930468600406302,0.17085434699430496,0.05,0.056232584083061865,10.121793989112005,0.0004776238451265752,0.9194659351303134,0.08053406486968662,3.1809634822155806,2.556763229001826,19.331934780800246,0.05560473311118881,0.06360804262152292,-10.424881265584725,0.31754295913155417,47.64248619483211,-4.2976210380921005,0.14550524115416213,0.09737755241967752,6.212107018477792,5.615254956019246,13.074598765188036,0.1270227633420143,735.0,0.0868720684187422,0.08729446726150719,0.11084082361841133,0.08594328884538076,3.974874411108356,3.1440075826292895,4.330446709826923,0.09978101386062008,735.0,0.07902034310010125,0.0425502065843097,2.621697330069296,2.412467493616707,11.12447555764038,0.07323341362876463,735.0,0.3407554984218117,64.16143343720779,-111.74136801919107,-202.66339564411035
pinned_sig|depthT3,operator,pinned_sig,depth,depthT3,True,735,2205,False,735.0,2222.0,0.33078307830783077,105.0,0.0,14.265504064807411,-0.7478573607715705,2.475475942903624,6.0648383469923655,0.009950248756218905,0.004975124378109453,45.200522462067156,-1.170124348192955,9.187657676655999,5.04705861299977,0.009950248756218905,0.004975124378109453,167.10687130656106,46.80787204000754,9.794736610755242,12.282004513981272,0.009950248756218905,0.004975124378109453,26.15117753629938,-1.9580965148411855,5.016046362669422,5.603870462668824,0.08536754924121011,0.08536754924121011,0.12480038501661181,0.1109533626402241,0.07865312474183636,0.056673449432366775,0.2789378589452207,0.05758639662562808,0.03712643202747351,0.17949814677780224,0.03712643202747351,0.17949814677780224,0.05363383499420648,0.21810099316465417,200,-0.16478168459919285,-0.06885536280704199,-7.032273382322337,0.23670501170174588,0.05354083533114259,7.636283542610218,0.02040816326530612,0.22312925170068026,0.2968645169277547,5461.0,,,0.998674884176032,,0.0001655943967783417,0.1857,transferred,0.998674884176032,table,0.55,0.1254267468991772,True,-0.0006263618825654016,0.1535111120460435,0.05,0.0748003850166118,9.282004513981272,0.0001655943967783417,0.9950061538065013,0.004993846193498741,4.622195761579673,3.6227953754390705,18.68236951879735,0.07896772093471358,0.08536754924121011,-10.309214607384538,0.29631978517425345,46.80787204000754,-3.850044536729133,0.1635257346205442,0.11890366511804394,7.550054034078841,6.611147574200554,12.325135249295444,0.1405432898945498,735.0,0.10165308610236008,0.10269687775402193,0.07607418102123317,0.05043429851819303,2.3075018926756328,1.1684129896005644,3.811131639390787,0.07069603784103067,735.0,0.09774387061634544,0.06288027176499458,3.97038162223438,3.1601401091099937,10.822241171637954,0.08904068902836654,735.0,0.31011521557246524,75.48220514920611,-114.083079728566,-199.29597398555052
pinned_sig|miss0-5,operator,pinned_sig,miss,miss0-5,True,32,2205,False,32.0,611.0,0.05237315875613748,101.0,0.03809523809523807,0.4383287371384276,0.040959530408272805,0.1222896684446974,3.249409470022855,0.009950248756218905,0.004975124378109453,1.3986002090818446,0.05495770954673596,0.47375111902101436,2.83617799639542,0.01990049751243781,0.009950248756218905,7.539850703206918,2.329984584796897,0.4655525504270557,11.19071544905288,0.009950248756218905,0.004975124378109453,0.8458979513790359,0.10935937559479089,0.22928619627000635,3.2123110233679335,0.05813493587505568,0.05813493587505568,0.07627244111436521,0.07086722487792518,0.05494094741988582,-0.010676169684612286,0.2283565380102061,0.05645232452562779,-0.0014912502630612388,0.15248484553944802,-0.0014912502630612388,0.15248484553944802,-0.01079144983686588,0.18590409593966375,200,-0.12428927088978098,-0.054519756223834905,-4.068115990207451,0.21544111697741872,0.04195379335270386,6.762811088741008,0.0,0.15625,0.2065877710133233,1067.0,,,0.9939075846416199,,0.0004675317895213126,0.1651,transferred,0.9939075846416199,table,0.4,0.07909929332854235,True,-0.002826852214177139,0.14925724468166376,0.1,-0.023727558885634797,8.19071544905288,0.0004675317895213126,0.9642619788973882,0.03573802110261182,2.92336984279016,2.1901839462537405,16.701826867904675,0.05227087045178377,0.05813493587505568,-6.488763408340573,0.32958236315190137,2.329984584796897,-0.23122486530539732,0.09874398264348927,0.08035272321622404,3.6285854028471607,3.30277915009651,11.348935901247822,0.08986987342212262,31.0,0.08386939931082302,0.08816104154111931,0.08398196838040844,0.06750999354631583,1.0853917950361094,0.12177088149361946,3.4050469839477575,0.07747542932461045,32.0,0.09322625527872958,0.07157363442911344,3.546078157350644,3.637468035384416,9.783686149534036,0.08527626813624281,32.0,0.29423882030782067,2.763210929051163,-6.62658825491555,-10.541288459909438
pinned_sig|miss5-20,operator,pinned_sig,miss,miss5-20,True,47,2205,False,47.0,883.0,0.053227633069082674,94.0,0.10476190476190472,0.8410335286027943,0.23511369946426255,0.16039502888326423,3.7776721221174583,0.009950248756218905,0.004975124378109453,3.032668755129849,1.0191754136342517,0.6328779680980838,3.181487495206256,0.009950248756218905,0.004975124378109453,10.448121204465975,2.7623333021934204,0.5319689547214506,14.447812854599729,0.009950248756218905,0.004975124378109453,1.4459438574755499,0.4651545843843487,0.2960709332936833,3.3126834241385033,0.08049614970424544,0.08049614970424544,0.07883639736654348,0.07307539637982585,0.07449924715259647,0.006720521229482365,0.23686800477047623,0.05693227961891088,0.028085476675416512,0.18998165031712347,0.028085476675416512,0.18998165031712347,0.0066756564915345425,0.19150188868327328,200,-0.1089693457054095,-0.02838193576571957,-5.509682423680994,0.18804380123301892,0.02144916641453408,7.6248381300329005,0.0,0.10638297872340426,0.22738940389997694,667.0,,,0.9898934262791346,,0.0008049006496258288,0.1651,transferred,0.9898934262791346,table,0.4,0.07909929332854235,True,-0.00026289596199886855,0.15776871144193388,0.1,-0.021163602633456527,11.447812854599729,0.0008049006496258288,0.996676380395626,0.003323619604373995,4.269810384017425,3.859087537759634,18.388322324238192,0.07713568496395973,0.08049614970424544,-7.121839383468137,0.28874156988448246,2.7623333021934204,-0.3577794033121051,0.09975993899488514,0.10739848636445755,4.5804107791126105,4.430055950504131,14.555255467070078,0.09071065007701569,46.0,0.07528780654661407,0.06690333178086089,-0.007318033860290345,0.0017620506156081365,-0.13934209415173066,0.3541142934473948,3.734924290736452,-0.0073719822762050745,47.0,0.08943723033047744,0.08243089509054816,3.256204031483571,2.6085448189227316,11.406463187181197,0.08209489068346502,47.0,0.2759466309199418,3.110878174413247,-11.791889439162027,-17.47153777720355
pinned_sig|miss20+,operator,pinned_sig,miss,miss20+,True,19,2205,False,19.0,1311.0,0.014492753623188406,60.0,0.4285714285714286,0.4914158509990198,0.035902457797776524,0.20170132703795876,2.258355955761852,0.03980099502487562,0.01990049751243781,0.9543960950899264,-0.0071320108868213605,0.5252071327599356,1.830759801231123,0.07960199004975124,0.03980099502487562,6.037578983338922,1.4576786439282043,0.5713489306375787,8.015942787010948,0.009950248756218905,0.004975124378109453,0.6214283671839868,0.029476382329322884,0.24130789249488893,2.4530983165716465,,,,,,,,,,,,,-0.07653717285590289,0.31687429149287705,200,-0.0990684702297616,-0.03354387044970667,-2.1435274132004247,0.1829176415653961,0.051020005780309435,3.6955159465138188,0.05263157894736842,0.10526315789473684,0.16790213511550642,619.0,,,0.9910564429187292,,0.0008975466226410302,0.1651,transferred,0.9910564429187292,table,0.3,0.05932446999640675,False,,,0.1,,5.015942787010948,,,,1.9191976587715922,1.435896295749676,9.978058365984152,,,-3.0450771898185147,0.27334556689009826,1.4576786439282043,-0.2651422700220104,,,3.1194223618209116,3.431379247805653,7.9610029434198575,0.13448841931834288,19.0,0.09702208470397297,0.07874108830888323,,,0.5988044344468889,0.9346799384816538,2.094925433990855,0.08795252452963213,19.0,,,-0.019457950028823952,-0.7502149403330334,6.823761507602866,-0.000930605972487443,19.0,0.29477594410878566,1.4960806778687838,-12.088577887000088,-17.766816626026362
pinned_sig|miss<=5,operator,pinned_sig,miss,miss<=5,True,2237,2205,False,2237.0,8530.0,0.2622508792497069,105.0,0.0,35.84638701194413,-1.9153411493098635,6.502943418540918,5.806867095535438,0.009950248756218905,0.004975124378109453,118.69326570690049,-4.955900749183787,24.55143789962949,5.0363309457304855,0.009950248756218905,0.004975124378109453,507.8112337398071,141.48769241515683,27.775504428060202,13.188726860872846,0.009950248756218905,0.004975124378109453,66.62527583745694,-3.648100743684852,13.20201734118354,5.322927153104458,0.07058998428993232,0.07058998428993232,0.10308299604416651,0.09344990033736242,0.0659355918939883,0.038011863689710525,0.2310110860732286,0.04620798788874076,0.024164012033854494,0.15782768301252129,0.024164012033854494,0.15782768301252129,0.03661987342791376,0.18765961358003017,200,-0.1527127935748269,-0.06267755944786325,-7.037949253674367,0.2331993304584739,0.052483482384494844,8.13200891702978,0.02548055431381314,0.18149307107733573,0.2685693521106251,1845.0,,,0.9957895526523783,,0.0004358606957895747,0.1651,transferred,0.9957895526523783,table,0.55,0.10876152832674574,True,-0.005678532282579224,0.12224955774648286,0.05,0.05308299604416651,10.188726860872846,0.0004358606957895747,0.9477891459421245,0.05221085405787551,4.45531102681952,3.704646035720343,19.66963090301465,0.06379420470182946,0.07058998428993232,-11.552960312402886,0.29587822213593956,141.48769241515683,-12.444711809676605,0.1418777399397742,0.1053930582556814,7.404855342793215,6.726261042300073,13.208581856700409,0.12424950148100553,2216.0,0.09403703085863238,0.09467300449910539,0.08241004177674978,0.05851709190421802,3.7698233226575257,2.5141630711025424,4.371476834174352,0.0761356958971627,2237.0,0.07874654555372657,0.05241316642872092,3.613507538844505,3.208409799320638,11.653288890718157,0.07299819024060515,2237.0,0.31689299898018025,213.2621765791184,-364.447589850554,-632.4468639770487
ecm,operator,ecm,primary,miss0,False,197,197,False,,197.0,,105.0,0.0,3.0402177755694435,0.25151244115484866,0.8682718243301204,3.2117883550650816,0.009950248756218905,0.004975124378109453,9.24428047702402,0.570878678265585,3.124261962938409,2.776144222746606,0.009950248756218905,0.004975124378109453,25.834103435197164,5.624615706193494,2.116170286958688,9.55002905652186,0.009950248756218905,0.004975124378109453,6.56149299635805,0.8527816640215452,1.9367168586413401,2.9476230905230625,0.1176823412198373,0.1176823412198373,0.13798990710746128,0.12125758431215224,0.10529140246717945,-0.03696315283883917,0.4018533207961353,0.11793146174705522,-0.014334549872115333,0.30623853458942474,-0.014334549872115333,0.30623853458942474,-0.03838359659242973,0.2866377890126756,200,-0.11639903558316775,-0.03368285686625081,-4.956295407697186,0.29824524706753786,0.021884460507809525,7.434445898313459,0.025380710659898477,0.116751269035533,0.3705596145537012,2635.0,,,0.998356989222184,,0.00022709201924256381,0.1651,transferred,0.998356989222184,unselected,1.0,0.19774823332135585,True,-0.05975832621389457,0.20410508747477943,0.05,0.08798990710746128,6.5500290565218595,0.00022709201924256381,0.6978060172260413,0.3021939827739587,2.709961480854416,2.253399645950019,11.706505389487601,0.10180537429076285,0.1176823412198373,-6.590231263529299,0.24570765600748865,5.624615706193494,-0.9585425328551247,0.161801111310263,0.13646653923260071,3.5215156960960323,3.1419552648169273,9.509116472348767,0.1392674785168573,196.0,-0.020968610953750723,-0.029241339761035972,0.035965700146621066,0.06483537787540654,-0.06334349546588386,-0.2905849678256117,-0.5062192252720711,0.034717076194251226,197.0,0.15815711698552154,0.10721203735151169,2.7523828624179805,2.415414557878601,8.205322989912627,0.1365592929197522,197.0,,,,
ecm|depthT1,operator,ecm,depth,depthT1,False,66,197,False,,66.0,,105.0,0.0,1.464079297935765,0.2514119291878442,0.2931614807150189,4.136516727198379,0.009950248756218905,0.004975124378109453,4.9887090467102535,0.9668717378689173,1.1147564937630712,3.6078168921580933,0.009950248756218905,0.004975124378109453,9.452345858315272,1.9970673147611173,0.8947847305281929,8.331924192708668,0.009950248756218905,0.004975124378109453,2.9330728639627437,0.6371826343359784,0.6209829006714547,3.6971875186003853,0.1548905763586515,0.1548905763586515,0.16265889485730814,0.13990250758565873,0.1341171012469585,0.026152235096454583,0.42384140925724056,0.10689073186629201,0.04709656530865483,0.34786404340304056,0.04709656530865483,0.34786404340304056,0.0254850398204154,0.297664298720216,200,-0.07453682986091599,-0.020358617438538243,-3.758903356079093,0.26948902373466826,-0.004672676117073765,7.341704221691187,0.015151515151515152,0.15151515151515152,0.29687653054315094,492.0,,,0.9927963116276313,,0.0011802461147593644,0.1408,transferred,0.9927963116276313,unselected,1.0,0.1638733705772812,True,-0.0012144757199730738,0.2599680386799593,0.1,0.06265889485730813,5.331924192708668,0.0011802461147593644,0.9925889379360734,0.00741106206392661,4.31629477906585,3.8479663032453666,10.148434172097856,0.14451368135026657,0.1548905763586515,-4.309079081264435,0.24028231064070038,1.9970673147611173,-0.3608764056568758,0.20252757974413516,0.19373604327538935,4.480305505685145,4.087820749179265,7.990982488394996,0.168418241008017,65.0,-0.025530448946796833,-0.03408155321824089,-0.43644622238271735,-0.11939948576354338,0.472989020944119,0.0839145145232954,-0.2785720544783207,-0.7744535476774218,66.0,0.13542563895930934,0.10259142263639816,2.828553731525102,2.6015478589796186,6.9013615177485885,0.11927301472902765,66.0,,,,
ecm|depthT2,operator,ecm,depth,depthT2,False,65,197,False,,65.0,,105.0,0.0,1.0609580808636032,-0.13700663656028905,0.3233857817062885,3.7044446144262775,0.009950248756218905,0.004975124378109453,2.8069552283877597,-0.7776097596065112,1.209436471427046,2.963830736611364,0.009950248756218905,0.004975124378109453,8.016666203082458,1.449860241195334,0.7588955668664896,8.653108871095045,0.009950248756218905,0.004975124378109453,2.2545574338545107,-0.23040581315420516,0.7255913211636501,3.4247422406093753,0.1323440510041017,0.1323440510041017,0.18242730550844985,0.15428204732637257,0.11687618342388618,-0.00332982762541765,0.5179847831380593,0.141122524933539,-0.017443511012233338,0.36154555831722673,-0.017443511012233338,0.36154555831722673,-0.0033430009018080797,0.3412312270510467,200,-0.10626321662121317,-0.03363390188188016,-3.572830887778101,0.2936465170298416,0.044091635697730745,7.69936925818594,0.06153846153846154,0.16923076923076924,0.37721689122299135,2635.0,,,0.9983412466267447,,0.00030310468430354943,0.1736,transferred,0.9983412466267447,unselected,1.0,0.21006776379477252,True,-0.027640458286322667,0.30791701934328675,0.1,0.08242730550844984,5.653108871095045,0.00030310468430354943,0.8684212285263995,0.13157877147360053,2.6244936462168305,1.8384139023922732,10.118095387108742,0.11218971167721846,0.1323440510041017,-5.599658340840228,0.21172864837606054,1.449860241195334,-0.3139752040404405,0.19113058619623138,0.13885645874281521,3.7468447394894464,3.11009437147672,8.929930187095035,0.16046148794364332,65.0,-0.03366800420717842,-0.043260826148426544,-0.13302179796131336,0.09760320775059982,0.07864376909997865,-0.2275554347521755,-0.16596514584325345,-0.15343153685815228,65.0,0.18996586701113685,0.13082292725081981,3.2956451909631355,2.8704003273230674,8.012053142353357,0.1596397613389351,65.0,,,,
ecm|depthT3,operator,ecm,depth,depthT3,False,66,197,False,,66.0,,105.0,0.0,0.5151803967700758,0.13710714852729353,0.40416973566107545,0.9354318616271236,0.3283582089552239,0.16417910447761194,1.4486162019260076,0.381616700003179,1.4280266062530051,0.7471846093417864,0.3880597014925373,0.19402985074626866,8.365091373799432,2.177688150237043,0.7668963723250991,8.068108608733194,0.009950248756218905,0.004975124378109453,1.3738626985407953,0.44600484283977193,0.9288427387201372,0.9989396665570418,0.0615869419410873,0.0615869419410873,0.061103702891551176,0.057585043502384435,0.058014034939500095,-0.2527184452734077,0.5639058056922044,0.22454431094651048,-0.1609289293256433,0.3853992269895904,-0.1609289293256433,0.3853992269895904,-0.3381948958900988,0.3605441304179068,200,-0.16824348725279903,-0.0470553095361466,-5.332336500074311,0.3315305227102597,0.02657089429413405,6.321020955120912,0.0,0.030303030303030304,0.43768628972328394,10199.0,,,0.9996057693366276,,2.4098453674825218e-05,0.1857,transferred,0.9996057693366276,unselected,1.0,0.22804863072577675,True,-0.16694492783422557,0.33585717496642764,0.1,-0.03889629710844883,5.068108608733194,2.4098453674825218e-05,0.26794154692832595,0.732058453071674,0.8273892485711932,0.5718427671131907,10.618522658136538,0.043344624170147145,0.0615869419410873,-6.5126100491302665,0.2845925575281041,2.177688150237043,-0.28369092315780825,0.08445823743339108,0.07359548250839702,1.2689691885189776,1.0338818029710652,7.857392639662923,0.07788058084493882,66.0,-0.003968913514041643,-0.010667392944388888,0.24275612360481533,0.2224288373195977,-0.501057435878519,-0.475050125691373,-0.7633316753539655,0.19533689594758294,66.0,0.14707859007232957,0.08653724661882783,1.4808237347986637,1.1387321385178906,6.50167237358946,0.12822015103869688,66.0,,,,
ecm|miss0-5,operator,ecm,miss,miss0-5,False,17,197,False,,17.0,,101.0,0.03809523809523807,0.11531309348329054,0.018743078330523136,0.12050957092161062,0.8013472657336447,0.43781094527363185,0.21890547263681592,0.3362786344870934,-0.07360476834063798,0.42326210051892366,0.9683914584490559,0.3482587064676617,0.17412935323383086,0.7802464183579304,0.25047596931342925,0.254457133544022,2.081963439837496,0.03980099502487562,0.01990049751243781,0.33566881284258626,0.023459507458118,0.24767892415216025,1.2605404616206428,,,,,,,,,,,,,-2.840029849938852,0.8335588295410159,200,-0.028983708895321945,-0.015625885674333963,-0.501726261079769,0.25417855627858305,0.03760717674653192,5.322822691721302,0.0,0.11764705882352941,0.3263085390872186,729.5,,,0.9942643582073984,,0.0010515616019616647,0.1651,transferred,0.9942643582073984,unselected,1.0,0.19774823332135585,False,,,0.1,,-0.9180365601625038,,,,0.9327576522258105,0.6588100181277969,3.428374135843749,,,-1.368714140687195,0.39775484181268894,0.25047596931342925,-0.09941270690436234,,,0.5819219910675105,0.7473515703280008,2.615492263117708,0.09358021628854588,17.0,-0.1937329405517125,-0.21955604965514378,,,-0.0015262422574237827,-0.387934996967707,-2.0705516441867555,0.0002477302707474206,17.0,,,1.3957890452861101,0.7281559873648982,1.8128421933598742,0.26891799444900527,17.0,,,,
ecm|miss5-20,operator,ecm,miss,miss5-20,False,16,197,False,,16.0,,92.0,0.12380952380952381,0.1093442164484135,-0.06966899396305028,0.10448717291013586,1.713255373130097,0.10945273631840796,0.05472636815920398,0.49177277822433296,-0.16320923483216543,0.4007627725700285,1.6343384612702472,0.12935323383084577,0.06467661691542288,1.0881554854172666,0.226484409907808,0.2736502035007998,3.1488048044040284,0.009950248756218905,0.004975124378109453,0.26266558785083655,-0.14360913139517995,0.19933116735991074,2.0381896350029907,,,,,,,,,,,,,-2.373820727535021,0.6270658380749897,200,-0.04499343158405889,-0.021717450794321243,-0.8906766216972081,0.2679996910613938,0.06368328363670127,5.852319802373715,0.0,0.0625,0.24244239047997643,449.5,,,0.9927647987066248,,0.0015140764870031252,0.1651,transferred,0.9927647987066248,unselected,1.0,0.19774823332135585,False,,,0.1,,0.14880480440402843,,,,0.8925025597088723,1.104787609839468,4.10530193266347,,,-2.102564515908434,0.31266500999956576,0.226484409907808,-0.1654851527654545,,,2.2738622655392993,2.434686682424716,2.7604460118494467,0.26805249030822875,16.0,-0.21457475310525398,-0.2238988633100253,,,1.1389147886550461,1.9144855445565039,0.31844490853642876,0.4969298374283959,16.0,,,1.18569650914,1.5003382826902893,3.50299860021839,0.11866489048293903,16.0,,,,
ecm|miss<=5,operator,ecm,miss,miss<=5,False,214,197,False,,214.0,,105.0,0.0,3.1555308690527353,0.2702555194853718,0.9277068099553533,3.1101155220648,0.009950248756218905,0.004975124378109453,9.580559111511114,0.497273909924947,3.3298664683248256,2.7278226583529475,0.009950248756218905,0.004975124378109453,26.614349853555094,5.875091675506924,2.1812553923761384,9.507945860230505,0.009950248756218905,0.004975124378109453,6.897161809200636,0.8762411714796633,2.0523635389899564,2.9336521153967143,0.11856501798525901,0.11856501798525901,0.139121434566128,0.1221304685738944,0.10599743070708252,-0.032382208491578066,0.3854924442654768,0.11869238530540377,-0.010652758592933475,0.2983203866240649,-0.010652758592933475,0.2983203866240649,-0.03347487740970802,0.2781927666515312,200,-0.1094548273883389,-0.03224842457530415,-4.765862173286513,0.29474462209832186,0.02313346133051177,7.470594020261729,0.02336448598130841,0.11682242990654206,0.3670443422035601,2502.5,,,0.9983234778933718,,0.00023363184951646402,0.1651,transferred,0.9983234778933718,unselected,1.0,0.19774823332135585,True,-0.05862679875522786,0.18774421094412094,0.05,0.08912143456612799,6.507945860230505,0.00023363184951646402,0.7035280782511222,0.2964719217488778,2.6877163051884527,2.221230076767477,11.65151791262956,0.10255805250396009,0.11856501798525901,-6.466868604358355,0.250540997285455,5.875091675506924,-1.057955239759487,0.15986670015365687,0.1363542291238658,3.387722919184686,3.0571460622899336,9.523833748946464,0.13783195959714856,213.0,-0.034757313316029353,-0.04443077670094129,0.01946917876388872,0.0674487432644081,-0.05862437323021977,-0.33646249821020313,-0.8929567895421557,0.01909736867915437,214.0,0.16320628576337465,0.1128152460901393,2.7588326176191305,2.363510290831357,8.107682134793384,0.1403072591344085,214.0,,,,
pinned_sig&ecm,operator,pinned_sig&ecm,primary,miss0,True,77,77,False,77.0,197.0,0.39086294416243655,105.0,0.0,1.1714742282800445,0.035304348732279306,0.3942107489321,2.8821382537782156,0.009950248756218905,0.004975124378109453,3.513709893545631,-0.06657372327139974,1.4784358916563172,2.421669845153703,0.009950248756218905,0.004975124378109453,17.055421003240255,4.095946876076865,1.345054516963622,9.634906216603477,0.009950248756218905,0.004975124378109453,2.2795251161458716,0.11004462238867375,0.781929622769793,2.77452142824868,0.06868632724208235,0.06868632724208235,0.08767098636867712,0.08060432563470085,0.06427173763824462,-0.009998573658209942,0.2438550871169986,0.0698949140336916,-0.005215331056152799,0.1809395422942942,-0.005215331056152799,0.1809395422942942,-0.010102146127030557,0.1960475563931092,200,-0.18626993457388988,-0.06326160022166649,-5.579608863583215,0.29561006015805763,0.0203241094758296,7.2819429185149405,0.012987012987012988,0.11688311688311688,0.31554651309364035,3382.0,,,0.9983566372125102,,0.00014431239415914218,0.1651,transferred,0.9983566372125102,table,0.55,0.10876152832674574,True,-0.021090541958068615,0.13509355879025287,0.1,-0.012329013631322883,6.634906216603477,0.00014431239415914218,0.8060845385078853,0.1939154614921147,2.4604146883015385,1.8760016379268207,12.803919316891422,0.06002807653308489,0.06868632724208235,-8.184169829503594,0.25100713873100533,4.095946876076865,-0.24711256858387057,0.10720618777763735,0.08424969518461993,3.369975671343646,3.038788006381245,9.581412152136892,0.09682585679259932,77.0,0.10160442626378892,0.1002532714792011,0.20825013260695602,-0.06741393570052866,0.21727742942250777,-0.5039421976267673,0.23855569460285567,0.1723568050910364,77.0,0.06851072707451322,0.034735412527853025,1.9059810444892522,1.8926352943638365,8.303570322696682,0.06411795907944645,77.0,0.25071041096994134,7.719501903898484,-13.218926582210688,-20.22487206400033
pinned_sig&ecm|depthT1,operator,pinned_sig&ecm,depth,depthT1,True,26,77,False,26.0,64.0,0.40625,105.0,0.0,0.9386416621940353,0.1695712991635552,0.15781094951947353,4.873365031845135,0.009950248756218905,0.004975124378109453,3.384370069325981,0.6580770247186213,0.6440037974034944,4.233349330546302,0.009950248756218905,0.004975124378109453,6.137520077519504,1.5169345564589827,0.5694194157263557,8.114555621828362,0.009950248756218905,0.004975124378109453,1.7485724272669323,0.3938608358930301,0.30934421500506254,4.379301521289906,0.15293500474761623,0.15293500474761623,0.166444352025317,0.1426937785212958,0.1326484182697658,0.045052710465933045,0.33855094568266575,0.08115683647934673,0.06305968011189203,0.2723782145105512,0.06305968011189203,0.2723782145105512,0.04311044199797347,0.25291647129295425,200,-0.08525502697565912,-0.040781434738180265,-2.0410918614516276,0.3111668773125191,-0.008484582191190295,7.435293008936466,0.0,0.23076923076923078,0.2578171036480199,591.0,,,0.9912886664599445,,0.0014626942841271106,0.1408,transferred,0.9912886664599445,table,0.55,0.09013035381750467,True,0.07631399820781232,0.24842059186516108,0.1,0.06644435202531698,5.114555621828362,0.0014626942841271106,1.0,-0.8467069635866777,5.634940074368956,4.995952590135569,10.88662264404309,0.14615523465875635,0.15293500474761623,-3.7045899778592384,0.258298626610818,1.5169345564589827,-0.09219134925984146,0.19755448445845397,0.1816983585350708,5.170224975029215,4.694116702812746,7.909221985781045,0.16496492395315948,26.0,0.08818478464485052,0.09544682740208697,0.3698370767442988,0.4443173195083823,1.3274547782608541,0.6117399493735116,0.7219605000455983,0.26998617793533014,26.0,0.13479170753602435,0.12968607146428224,3.5908859246683846,3.8336453462841114,6.801604397992753,0.1187810120931337,26.0,0.2754487773712162,2.481617512454262,-4.710772542585779,-7.4450651435282085
pinned_sig&ecm|depthT2,operator,pinned_sig&ecm,depth,depthT2,True,25,77,False,25.0,75.0,0.3333333333333333,105.0,0.0,0.13993896063912933,-0.09790785316115763,0.1628907484953427,1.460161586814044,0.15920398009950248,0.07960199004975124,0.03768923506117704,-0.5262622742080534,0.6057048786316395,0.9310664800046932,0.3781094527363184,0.1890547263681592,5.982889996292846,1.3652707892879277,0.48868293588152906,9.44911079957243,0.009950248756218905,0.004975124378109453,0.29813189814527596,-0.20407267593043665,0.3213674184329614,1.5627115422109121,0.023389860205659665,0.023389860205659665,0.05150853787152347,0.04898537293457235,0.02285527843803265,-0.046306169674478946,0.21074881362728276,0.07194764683039019,-0.05322701524943574,0.13921527479668094,-0.05322701524943574,0.13921527479668094,-0.048554964235988,0.17406472813875956,200,-0.23402446530067816,-0.07766403704897694,-5.758272324474307,0.28140574569976773,0.039201205616390344,6.279166239030765,0.04,0.08,0.3069098560397435,3382.0,,,0.9982649426145856,,8.9525601101256e-05,0.1736,transferred,0.9982649426145856,table,0.55,0.11553727008712489,True,-0.06402873221560142,0.09521154354015787,0.1,-0.048491462128476534,6.449110799572431,8.9525601101256e-05,0.4458175083475806,0.5541824916524194,0.4921098795868679,-0.2735856038129757,11.549572269999514,0.01368780952049325,0.023389860205659665,-8.34077567241731,0.23852027436710027,1.3652707892879277,-0.08111808109491278,0.0671169956686376,0.029744273419228785,1.880313430916378,1.5619795371990255,9.402169043912393,0.06289562994597721,25.0,0.12569868712742663,0.12079670034686202,-0.45112895944897025,1.0197808641780803,-0.7905447077466622,-1.2904655818461448,0.4743406407563402,-0.8219215919937533,25.0,0.0035798321216789744,-0.025417520967172074,0.09867992241127305,-0.01470095139160542,8.258785689841973,0.0035670626362736017,25.0,0.23057815299002443,3.0199175086715497,-4.4088366885023875,-6.635064639343313
pinned_sig&ecm|depthT3,operator,pinned_sig&ecm,depth,depthT3,True,26,77,False,26.0,58.0,0.4482758620689655,105.0,0.0,0.09289360544688008,-0.036359097270118275,0.18006250823017722,0.7178212943239257,0.4577114427860697,0.22885572139303484,0.09165058915847318,-0.19838847378196764,0.6596972937367687,0.4396547715052045,0.6666666666666666,0.3333333333333333,4.935010929427909,1.2137415303299548,0.49418352578227337,7.530136487668885,0.009950248756218905,0.004975124378109453,0.23282079073366407,-0.07974353757391969,0.37472961855626785,0.8341062804477793,0.01882338393476441,0.01882338393476441,0.03473349786186659,0.033567578447627866,0.018475610426281378,-0.20240949844066733,0.38526894137504514,0.15298415738584117,-0.15582795845860495,0.2490728273782433,-0.15582795845860495,0.2490728273782433,-0.2538048868325122,0.27811640364293905,200,-0.2413670241655934,-0.07189326875581575,-5.630819940722641,0.29371123767502894,0.030981747161541083,5.896815317465545,0.0,0.038461538461538464,0.3815804004757001,11498.5,,,0.9996111336549969,,1.3511942702490522e-05,0.1857,transferred,0.9996111336549969,table,0.55,0.1254267468991772,True,-0.09069324903731063,0.2598421944758679,0.1,-0.06526650213813343,4.530136487668885,1.3511942702490522e-05,0.27692257608966525,0.7230774239103348,0.22954877848078983,-0.15907577314484747,10.606328998307587,0.009010094190929446,0.01882338393476441,-7.2324729492471835,0.25705579228285197,1.2137415303299548,-0.07380313822911631,0.04918968452529414,0.03331090098062064,1.016162989236336,0.7244862394368657,7.336644403627127,0.046883499953156715,26.0,0.09185650935999873,0.0853064185681797,0.01298633223753497,0.13108990753518696,-0.02214419952456911,-0.5573826453968551,-0.5734681976809142,0.01281984941381204,26.0,0.07071059007429639,-0.0012149014925189128,0.9267288369707727,0.7252585854909602,6.392669302517978,0.06604080573200438,26.0,0.24458879173217904,2.217966882772672,-4.099317351122521,-6.144742281128805
pinned_sig&ecm|miss<=5,operator,pinned_sig&ecm,miss,miss<=5,True,78,77,False,78.0,214.0,0.3644859813084112,105.0,0.0,1.1998459082389723,0.043962499412661595,0.4006277744016865,2.885180416042181,0.009950248756218905,0.004975124378109453,3.599007853074081,-0.035534245662455416,1.5007596536771182,2.4218015788412792,0.009950248756218905,0.004975124378109453,17.288724671163294,4.152197329819406,1.3494697019946602,9.734584868357326,0.009950248756218905,0.004975124378109453,2.325776937313149,0.12687541617824585,0.7949498423318428,2.7660883794690996,0.06940048679474049,0.06940048679474049,0.08799002801817044,0.08087392876058687,0.06489662914101622,-0.011622666329159724,0.2487932199502373,0.06941871168462974,-0.005938147512944145,0.1834015704115671,-0.005938147512944145,0.1834015704115671,-0.01176162892629168,0.19922682364388694,200,-0.18610979276876943,-0.0630075885304374,-5.6297258453863055,0.29638763447976363,0.019021405741036196,7.36435005357373,0.01282051282051282,0.11538461538461539,0.3152705626899252,3119.5,,,0.9983513122046277,,0.00014530765226088155,0.1651,transferred,0.9983513122046277,table,0.55,0.10876152832674574,True,-0.020771500308575302,0.14003169162349155,0.1,-0.01200997198182957,6.7345848683573255,0.00014530765226088155,0.8090179438617972,0.19098205613820285,2.4944644240307605,1.9072297237909732,12.916815763129497,0.06092954823871313,0.06940048679474049,-8.168168017330055,0.250787290743809,4.152197329819406,-0.245050689355708,0.10701165074887876,0.08414229748184522,3.369708555876455,3.034440920055865,9.68723871706772,0.09666714047362265,78.0,0.10240776336682908,0.10023468979088686,0.10976291589156467,0.1746388773435076,0.12554132872656074,-0.5716081592823307,0.265038371401442,0.09890663520990248,78.0,0.06988067398779685,0.03563810748617594,1.9374594173502586,1.9207587724040247,8.364899360154014,0.06531632516300029,78.0,0.25227943297307315,7.818305803689173,-13.369578869164638,-20.518329039860333
folding,operator,folding,primary,miss0,False,172,172,False,,172.0,,105.0,0.0,0.9942877354046522,-0.4115477402608799,0.5548163012326317,2.533875577451846,0.029850746268656716,0.014925373134328358,2.403066713162434,-1.2655475299111312,2.30021727840738,1.594899002590587,0.12935323383084577,0.06467661691542288,24.51861242954967,6.331722175136799,2.183771782536877,8.3282009593902,0.009950248756218905,0.004975124378109453,1.573163782757279,-0.8773761252635671,1.0941856702872605,2.2396015361611314,0.04055236560639717,0.04055236560639717,0.07729938741585686,0.07175292989006213,0.03897196041908442,-0.052066921175734665,0.3123845911546294,0.10237055238949137,-0.05569785402501372,0.1879272820978992,-0.05569785402501372,0.1879272820978992,-0.05492936060620067,0.23802657719138753,200,-0.09177446990676605,-0.034095858352140344,-3.6969910683704064,0.22169678352583672,0.0695847440765245,7.178300637844245,0.029069767441860465,0.12209302325581395,0.23677698000125227,3079.5,,,0.9970489984192085,,0.00022878576160256263,0.1651,transferred,0.9970489984192085,unselected,1.0,0.19774823332135585,True,-0.120448845905499,0.11463635783327356,0.05,0.027299387415856857,5.3282009593902,0.00022878576160256263,0.39089799245002355,0.6091020075499765,1.3099013716470704,0.7088161231243784,11.46260116841979,0.03590969552585126,0.04055236560639717,-5.0525331237134115,0.2986742496927094,6.331722175136799,-1.4135456958922703,0.1088990868974577,0.07054272359297514,3.4744492196537022,2.7353374144928866,8.420680238649936,0.09820468623717771,172.0,-0.0817548131134669,-0.07774997634720712,0.09301281091771443,0.031129254890977277,0.29465825814792235,0.4434638123121075,0.5172761420649004,0.08509764020022703,172.0,0.05436682921093677,0.021016154288698012,1.2806637965442134,0.6686161100629333,6.78487403618831,0.0515634859753921,172.0,,,,
folding|depthT1,operator,folding,depth,depthT1,False,57,172,False,,57.0,,105.0,0.0,0.3275657561716188,-0.01955719261978633,0.18181646593643025,1.9091942360862528,0.07960199004975124,0.03980099502487562,1.3851061532147537,0.29556383465786873,0.8407318392121503,1.2959451132217081,0.23880597014925373,0.11940298507462686,7.377909169995944,1.7551730405695205,0.8134668051651331,6.912065856559461,0.009950248756218905,0.004975124378109453,0.4740435056318941,-0.04463525531006787,0.35842197938165127,1.4471176177219525,0.044398182279573775,0.044398182279573775,0.06173559292152221,0.05814592007003139,0.0425107808811648,-0.08574843665153725,0.3437058225827955,0.10545314306828349,-0.06044889031999955,0.21461208923648428,-0.06044889031999955,0.21461208923648428,-0.09379861319155193,0.2557894255918861,200,-0.05152547304550334,-0.008189432216038472,-2.8089671967359324,0.17269836007977402,0.05921949088286042,5.582142692980106,0.03508771929824561,0.14035087719298245,0.19718732555705587,587.0,,,0.9876726898477922,,0.0007705323931669394,0.1408,transferred,0.9876726898477922,unselected,1.0,0.1638733705772812,True,-0.102137777655759,0.17983245200551426,0.1,-0.038264407078477794,3.912065856559461,0.0007705323931669394,0.37672742498701617,0.6232725750129838,1.448538381542842,1.33488811135372,8.644240709933461,0.039249941748688795,0.044398182279573775,-3.4673307048679582,0.29039874449620384,1.7551730405695205,-0.5458875902485757,0.09704977271487493,0.07672184230197947,2.938788483391693,2.615691709318238,6.70681144469106,0.08846432963082919,57.0,-0.12173822881354783,-0.11333067370640428,-0.4754656772239026,-0.2623502727230153,-0.3771361294797111,0.22734434983788082,0.1349669488057122,-0.9064529365924062,57.0,0.058524057075732085,0.03919005963612976,1.1160710067362731,0.7689252356328711,5.118301516289599,0.05528835805339186,57.0,,,,
folding|depthT2,operator,folding,depth,depthT2,False,57,172,False,,57.0,,105.0,0.0,-0.1954614892476218,-0.35740688231040124,0.19583034079856904,0.8269678355375808,0.3781094527363184,0.1890547263681592,-1.4762720549182293,-1.490153226063616,0.8494114981306862,0.016342104122601713,0.9950248756218906,0.4975124378109453,8.068252803539654,2.3309328296170757,0.7358226765125532,7.797150260596377,0.009950248756218905,0.004975124378109453,-0.3064913103798748,-0.7255865151061514,0.3840114596231184,1.0913611930685363,-0.0242259996069868,-0.0242259996069868,0.028226662239313485,0.0274517898396452,-0.02482746988260527,-0.15143246733846136,0.22759097279771132,0.09936006603867434,-0.1519059374096723,0.09430729841995221,-0.1519059374096723,0.09430729841995221,-0.17845680173784595,0.18539639183569656,200,-0.1308650705781828,-0.05743446124108481,-4.294093836099739,0.23495066654768354,0.08341907677373975,6.32463952565255,0.05263157894736842,0.07017543859649122,0.2197802377044286,3054.0,,,0.9970046211311857,,8.480356641965141e-05,0.1736,transferred,0.9970046211311857,unselected,1.0,0.21006776379477252,True,-0.18184110155545902,0.0175232090029388,0.1,-0.07177333776068652,4.797150260596377,8.480356641965141e-05,0.13436931840189323,0.8656306815981067,-0.9176671600207132,-1.5495805348324785,10.715189779377155,-0.027082394601137955,-0.0242259996069868,-6.659273269995828,0.33004378127195644,2.3309328296170757,-0.49547093472978376,0.05100698579131115,-0.002498602802678955,1.4548744209645854,0.8111545835561266,7.904109903538512,0.04853153830648196,57.0,-0.07842095712530896,-0.07435480956512046,0.912077220564298,0.09182943131217265,0.9461912971773991,1.4421861679270755,0.2227060624709417,0.47700856992330204,57.0,0.0068976195248441246,-0.04011816650687858,0.12253274279315576,-0.6674443561196597,5.836466538101288,0.006850368290769342,57.0,,,,
folding|depthT3,operator,folding,depth,depthT3,False,58,172,False,,58.0,,105.0,0.0,0.8621834684806552,-0.03458366533069239,0.2796336305566146,3.2069359183525963,0.009950248756218905,0.004975124378109453,2.494232614865909,-0.07095813850538374,1.070660617178629,2.395895311934609,0.009950248756218905,0.004975124378109453,9.072450456014074,2.2456163049502034,0.8983703912210008,7.599130846003646,0.009950248756218905,0.004975124378109453,1.4056115875052595,-0.10715435484734799,0.5610519738166112,2.696302683086325,0.09503314155979974,0.09503314155979974,0.13135915037156695,0.11610738316689734,0.08678563045537738,-0.07852217314599798,0.5088315430711783,0.18155120314909567,-0.06440192485912774,0.3308590018530645,-0.06440192485912774,0.3308590018530645,-0.08523847010439561,0.3371449991297952,200,-0.09291289374851121,-0.03661940878469158,-2.5739330277496024,0.2568250387703247,0.06617547628855179,6.676389760210052,0.0,0.15517241379310345,0.2923877492122547,7820.5,,,0.9990495931627189,,0.00012496340072302946,0.1857,transferred,0.9990495931627189,unselected,1.0,0.22804863072577675,True,-0.0966894803542098,0.28078291234540154,0.1,0.031359150371566946,4.599130846003646,0.00012496340072302946,0.5760137649303553,0.4239862350696447,2.2580465173813487,1.6578362903614376,10.662587333511672,0.09022405311244518,0.09503314155979974,-3.337613426119448,0.2771735220841496,2.2456163049502034,-0.37218717091391085,0.16769879316690478,0.1310464611670643,3.8660523478248163,3.0529309574931207,7.709153318296599,0.14361476962058897,58.0,-0.045737142362094335,-0.046119368711081306,-0.006695469764916188,0.09454215356833112,-0.02661998650007248,-0.5151351117866463,1.1226200225833067,-0.00674060125682864,58.0,0.08621674928462036,0.05492789607404791,1.7717075909726967,1.4546918159949767,7.104887608127563,0.07937343015692079,58.0,,,,
folding|miss<=5,operator,folding,miss,miss<=5,False,178,172,False,,178.0,,105.0,0.0,1.0770323030769586,-0.4077175424641088,0.559488837352397,2.6537613378797227,0.01990049751243781,0.009950248756218905,2.846517621190187,-1.3081134060331054,2.3481440726986795,1.7693254325951346,0.06965174129353234,0.03482587064676617,24.94856353587234,6.495057426818596,2.201513372065053,8.382191243173814,0.009950248756218905,0.004975124378109453,1.7103844033814597,-0.8802396749324183,1.104180455247858,2.3461962815963395,0.043170112841500706,0.043170112841500706,0.08045895651301803,0.07446738816686241,0.04138357906354241,-0.04373091408723934,0.29977167829247187,0.10206900727081496,-0.049126142426787804,0.18448688301312402,-0.049126142426787804,0.18448688301312402,-0.045734371335876,0.23063278642107504,200,-0.08765583847193556,-0.03336966528008279,-3.556430475441737,0.21974440853507216,0.0695832183962595,7.181852914779117,0.028089887640449437,0.12359550561797752,0.23351896574366518,2997.0,,,0.9969354626789153,,0.0002473274191562058,0.1651,transferred,0.9969354626789153,unselected,1.0,0.19774823332135585,True,-0.11728927680833783,0.10202344497111601,0.05,0.030458956513018026,5.382191243173814,0.0002473274191562058,0.40687572860520144,0.5931242713947986,1.404650712976784,0.839548291151101,11.465420922946295,0.03818891615448247,0.043170112841500706,-4.987086382395937,0.3014798882235148,6.495057426818596,-1.4694390354817646,0.11221378107316858,0.07272880472053128,3.6094881271480164,2.925602043960297,8.469701578154368,0.10089227717075594,178.0,-0.08823022786041426,-0.0836690856653926,0.15725149744186753,0.056618799607043996,0.47754271769681383,0.7196867025940451,0.48895076999781867,0.13588359815431286,178.0,0.058528543247627955,0.02388701199533789,1.389697832901297,0.8231549462332495,6.8378257156846844,0.05529236185550456,178.0,,,,
pinned_sig&folding,operator,pinned_sig&folding,primary,miss0,True,56,56,False,56.0,172.0,0.32558139534883723,105.0,0.0,0.5696279290058353,-0.04350090894904555,0.20071544638593058,3.054716759446466,0.009950248756218905,0.004975124378109453,1.7329124929934616,0.12508792854629372,0.8904190172699854,1.805694322855704,0.12935323383084577,0.06467661691542288,14.4918629592587,4.1678319830569555,1.1990161923272964,8.610418309833454,0.009950248756218905,0.004975124378109453,0.9377531849200396,-0.10689219957376989,0.36081553116049236,2.8952339749176335,0.0393067427291607,0.0393067427291607,0.05938851204226565,0.056059237349834756,0.03782015560290066,-0.041073271127273825,0.17894026447283798,0.055277570015587404,-0.028009626516552345,0.11736658839534256,-0.028009626516552345,0.11736658839534256,-0.042840094307941175,0.15177684343789158,200,-0.13192378540545252,-0.05054252029908369,-5.138896347497763,0.23904565872464442,0.07791102700732942,6.599232753968287,0.05357142857142857,0.07142857142857142,0.1791656817805344,3590.0,,,0.9975944796256465,,0.0001432047576825171,0.1651,transferred,0.9975944796256465,table,0.55,0.10876152832674574,True,-0.04937301628448009,0.07017873614609224,0.1,-0.04061148795773436,5.610418309833454,0.0001432047576825171,0.5460433754098076,0.45395662459019237,2.221340079887586,1.3683240335564393,12.33308314153095,0.0369830497301512,0.0393067427291607,-6.573961602426929,0.3078846849552363,4.1678319830569555,-0.4247712370731949,0.09226446488164805,0.0693117820757765,4.10859197995627,3.434064758541864,8.66559452101259,0.08447081073139676,56.0,0.08930850742950658,0.10126365817077984,0.05515741051991767,0.03209738037985201,1.1640190163124349,1.0545030864329046,2.5279131706573517,0.0522741061854832,56.0,0.02756368679253207,0.02287746965200267,1.1950501387104118,0.25553911216531494,7.102714043361799,0.02682430991559286,56.0,0.32346863186607544,5.67076485756367,-10.139219803593072,-17.69841712843263
pinned_sig&folding|depthT1,operator,pinned_sig&folding,depth,depthT1,True,19,56,False,19.0,65.0,0.2923076923076923,105.0,0.0,0.21394676752899522,0.05600823151729045,0.06550914497346487,2.410938748714845,0.03980099502487562,0.01990049751243781,0.7112813999101713,0.4852842556012727,0.34227199620711707,0.660285231667455,0.47761194029850745,0.23880597014925373,4.703605796440109,1.421007207940416,0.5224266084244222,6.283367913436928,0.009950248756218905,0.004975124378109453,0.3158092069823881,0.08927715797205238,0.11878425424735624,1.9070881948596115,,,,,,,,,,,,,-0.042140655884826565,0.14364784985927304,200,-0.06485117031030739,-0.005568907817524355,-3.279571998259723,0.22270747566836482,0.07802336677016516,5.322296933769942,0.10526315789473684,0.05263157894736842,0.10936794485148527,547.0,,,0.9875356272818229,,0.0006072786096848233,0.1408,transferred,0.9875356272818229,table,0.55,0.09013035381750467,False,,,0.1,,3.283367913436928,,,,2.45049858060515,1.3555069037223453,7.567848170375237,,,-2.8152389897200707,0.32639633372792587,1.421007207940416,-0.16958411160564743,,,3.139911630942582,2.2393424642182795,6.131085965997695,0.07067230081088183,19.0,0.050245992577259126,0.07276242914620075,,,-1.2348811775629989,-0.3662351584509484,1.927836201581257,-0.05407355125075328,19.0,,,1.0410151368251117,0.22825639848408516,4.602276016647956,0.03303740424033391,19.0,0.3483645792589055,1.3824861537778146,-3.831795467955848,-6.619352690101396
pinned_sig&folding|depthT2,operator,pinned_sig&folding,depth,depthT2,True,18,56,False,18.0,61.0,0.29508196721311475,105.0,0.0,0.14544574431259463,-0.06126494694331676,0.10309868333426306,2.004978963559806,0.07960199004975124,0.03980099502487562,0.06593853546794928,-0.3945478766279965,0.43332071326426663,1.0626919000179706,0.3383084577114428,0.1691542288557214,4.581536677079063,1.190742774306032,0.39693401273638623,8.542462459685815,0.009950248756218905,0.004975124378109453,0.32621276371032654,-0.1095727805653006,0.19237106023575215,2.265338371278761,,,,,,,,,,,,,-0.06620419976590637,0.1571384704825208,200,-0.19639263397234727,-0.08747606833806636,-4.5346065262774555,0.22557278510578785,0.07208302156412402,4.727690584403974,0.05555555555555555,0.05555555555555555,0.23486416584882555,3590.0,,,0.997509371721526,,0.0001522136064137312,0.1736,transferred,0.997509371721526,table,0.55,0.11553727008712489,False,,,0.1,,5.542462459685815,,,,1.068732359668718,-0.06198300604501301,13.132034247314746,,,-6.297252910979962,0.2822307742653853,1.190742774306032,-0.14253588162204006,,,2.7170573199936054,2.4639672117950115,8.658221785625841,0.08668897778696255,18.0,0.10719499253707615,0.11183175198281226,,,0.9736901867769732,1.1449655311945397,2.3728461307906015,0.09119715845529751,18.0,,,0.9268814683434499,-0.21894824667592422,6.834866017250499,0.0343357107822199,18.0,0.3037144437682925,2.012971535690621,-3.053284683731976,-5.2631469678169625
pinned_sig&folding|depthT3,operator,pinned_sig&folding,depth,depthT3,True,19,56,False,19.0,46.0,0.41304347826086957,105.0,0.0,0.21023541716424546,-0.038244193523019235,0.09656530156363814,2.5731769762403993,0.01990049751243781,0.009950248756218905,0.955692557615341,0.0343515495730176,0.3875273813288643,2.3774862175750444,0.029850746268656716,0.014925373134328358,5.206720485739528,1.5560820008105072,0.48697414777441617,7.496575540227912,0.009950248756218905,0.004975124378109453,0.2957312142273249,-0.08659657698052166,0.17029104330761555,2.2451432781300515,,,,,,,,,,,,,-0.09329321592672722,0.21848672268315275,200,-0.13792064922669736,-0.06052645569108051,-3.444981038395636,0.2681476167882619,0.08331995555910933,5.552788501422049,0.0,0.10526315789473684,0.19619643380278143,15383.0,,,0.9994740218551452,,3.581938447519415e-05,0.1857,transferred,0.9994740218551452,table,0.55,0.1254267468991772,False,,,0.1,,4.496575540227912,,,,1.4225797043469093,1.6466303376248743,11.62708558767169,,,-4.53262739651824,0.31370871025518504,1.5560820008105072,-0.11265124384550745,,,3.5821291538561257,3.071556516103319,7.635914451751387,0.09455345722156344,19.0,0.11142593112721441,0.11975300884711769,,,1.7790199819218007,1.132681497432834,2.3662483632695523,0.14284706176149495,19.0,,,0.5112492958527121,0.5495044993747961,7.316228223253247,0.015421682151107594,19.0,0.31661187682082087,2.2753071680952353,-3.254139651905249,-5.8159174705142735
pinned_sig&folding|miss<=5,operator,pinned_sig&folding,miss,miss<=5,True,56,56,False,56.0,178.0,0.3146067415730337,105.0,0.0,0.5696279290058353,-0.04350090894904555,0.20071544638593058,3.054716759446466,0.009950248756218905,0.004975124378109453,1.7329124929934616,0.12508792854629372,0.8904190172699854,1.805694322855704,0.12935323383084577,0.06467661691542288,14.4918629592587,4.1678319830569555,1.1990161923272964,8.610418309833454,0.009950248756218905,0.004975124378109453,0.9377531849200396,-0.10689219957376989,0.36081553116049236,2.8952339749176335,0.0393067427291607,0.0393067427291607,0.05938851204226565,0.056059237349834756,0.03782015560290066,-0.041073271127273825,0.17894026447283798,0.055277570015587404,-0.028009626516552345,0.11736658839534256,-0.028009626516552345,0.11736658839534256,-0.042840094307941175,0.15177684343789158,200,-0.13192378540545252,-0.05054252029908369,-5.138896347497763,0.23904565872464442,0.07791102700732942,6.599232753968287,0.05357142857142857,0.07142857142857142,0.1791656817805344,3590.0,,,0.9975944796256465,,0.0001432047576825171,0.1651,transferred,0.9975944796256465,table,0.55,0.10876152832674574,True,-0.04937301628448009,0.07017873614609224,0.1,-0.04061148795773436,5.610418309833454,0.0001432047576825171,0.5460433754098076,0.45395662459019237,2.221340079887586,1.3683240335564393,12.33308314153095,0.0369830497301512,0.0393067427291607,-6.573961602426929,0.3078846849552363,4.1678319830569555,-0.4247712370731949,0.09226446488164805,0.0693117820757765,4.10859197995627,3.434064758541864,8.66559452101259,0.08447081073139676,56.0,0.08930850742950658,0.10126365817077984,0.05515741051991767,0.03209738037985201,1.1640190163124349,1.0545030864329046,2.5279131706573517,0.0522741061854832,56.0,0.02756368679253207,0.02287746965200267,1.1950501387104118,0.25553911216531494,7.102714043361799,0.02682430991559286,56.0,0.32346863186607544,5.67076485756367,-10.139219803593072,-17.69841712843263
ptm,operator,ptm,primary,miss0,False,877,877,False,,878.0,,105.0,0.0,5.155814913554683,-1.7445224894818971,2.271241229519596,3.03813496926353,0.009950248756218905,0.004975124378109453,16.72552555126969,-6.857868709026381,9.137664166973536,2.5808996510874254,0.01990049751243781,0.009950248756218905,109.376983765496,30.350983040536264,7.1523637979634165,11.048934723854765,0.009950248756218905,0.004975124378109453,10.457508135304877,-3.3498263328944633,4.670465101521982,2.956308240843057,0.04713802425388451,0.04713802425388451,0.08731730493426276,0.0803052655724465,0.045016056300191835,-0.00440310154243566,0.35107235905859535,0.09525068159110851,-0.018703416826304265,0.19092069884949445,-0.018703416826304265,0.19092069884949445,-0.004424538990644965,0.25984705397136104,200,-0.08627674737478454,-0.0365106781781564,-4.0314374459732765,0.22347712185443824,0.06381777047851402,7.175735345453148,0.039908779931584946,0.11630558722919042,0.254043563071255,2186.0,,,0.9958805204722049,,0.00036118976393712763,0.1651,transferred,0.9958805204722049,unselected,1.0,0.19774823332135585,True,-0.11043092838709309,0.1533241257372395,0.05,0.03731730493426276,8.048934723854765,0.00036118976393712763,0.4415579520873167,0.5584420479126833,1.7522149951617831,1.3796096415641108,16.060926439685275,0.03960212569251939,0.04713802425388451,-6.813437084829473,0.3126273864015797,30.350983040536264,-5.591228760830572,0.12946998578449345,0.08037246776523298,4.570551085651586,4.2313295794649,11.083032828459759,0.11462897413300255,875.0,-0.09298875296363414,-0.08958523198388828,0.3603625608956096,0.13383461714282383,1.200644292985198,1.1945300925717188,0.5268367752431841,0.2649018513552453,877.0,0.12130632655612505,0.06919089937635566,2.66640840018693,2.5539782723568774,8.942413784418402,0.1081830394453351,877.0,,,,
ptm|depthT1,operator,ptm,depth,depthT1,False,292,877,False,,293.0,,105.0,0.0,2.2351333994169247,0.011537835353483683,0.5624161048783407,3.953648454900556,0.009950248756218905,0.004975124378109453,7.594741529660064,0.5281092800248784,2.4581015518637095,2.8748333217874302,0.009950248756218905,0.004975124378109453,35.106599266523716,10.15672206107571,2.5833662883381403,9.657893779165969,0.009950248756218905,0.004975124378109453,4.567852928215446,0.16333575745027049,1.172235345579776,3.757365948206198,0.06366704397791843,0.06366704397791843,0.08912250532350921,0.08182964256811182,0.05985617805720054,0.009732875183683867,0.2829877140443883,0.07400766901616536,0.0071205094424196935,0.17572600306479166,0.0071205094424196935,0.17572600306479166,0.009637351873262262,0.22056537626176823,200,-0.05854800540274764,-0.02038851788570855,-3.7183826413914316,0.21767355151133705,0.0587349492346255,7.7463265683644265,0.030821917808219176,0.0958904109589041,0.21778150451457304,763.5,,,0.9896425721676254,,0.0009327407117367982,0.1408,transferred,0.9896425721676254,unselected,1.0,0.1638733705772812,True,-0.074750865253772,0.11911434346710711,0.05,0.03912250532350921,6.657893779165969,0.0009327407117367982,0.5438498336218686,0.45615016637813144,3.044489877575235,2.415148762031648,13.72407090433233,0.05480352754552011,0.06366704397791843,-6.419233469470499,0.32928161371916376,10.15672206107571,-2.09213825996069,0.1322263322574837,0.10292180646911518,5.296856090842978,4.744778202274186,9.68861129654166,0.11678436412430446,290.0,-0.10281909448686455,-0.0997205341323869,0.5378722233775023,0.2544912160042162,1.2747215044923845,1.3092564459009373,0.3263566373904954,0.34975091896530763,292.0,0.12879680691427656,0.09045555603954322,3.68342410373981,3.661982148910308,7.779467736046817,0.11410096673320735,292.0,,,,
ptm|depthT2,operator,ptm,depth,depthT2,False,292,877,False,,292.0,,105.0,0.0,0.4350179964174359,-1.1957004975915027,0.8911888538056274,1.8298237091333798,0.04975124378109453,0.024875621890547265,0.9914866205238618,-5.412304399077868,3.6353499646958136,1.7615335749766157,0.04975124378109453,0.024875621890547265,32.613446948747104,8.421473528087905,2.316644153740612,10.442679934938297,0.009950248756218905,0.004975124378109453,1.1397540636496812,-2.3095686625781173,1.8228226455105523,1.8922974951639804,0.013338608369151479,0.013338608369151479,0.06740741921518296,0.06315060023167596,0.013163031842454308,-0.06039125433081171,0.3840369522857609,0.12269354555889897,-0.08644781224092374,0.2248606709703752,-0.08644781224092374,0.2248606709703752,-0.0642738950514493,0.27741660226814624,200,-0.09025576273330603,-0.0413413064723983,-3.36927864462172,0.23173192841966114,0.06850961209387009,6.197654381323849,0.06164383561643835,0.1095890410958904,0.24841236468955072,2181.5,,,0.9955604796564819,,0.0003005910891652895,0.1736,transferred,0.9955604796564819,unselected,1.0,0.21006776379477252,True,-0.14266034457958954,0.17396918849098839,0.05,0.017407419215182962,7.4426799349382975,0.0003005910891652895,0.32088416612573273,0.6791158338742673,0.20549315518030267,0.029987202708826023,14.37305201859475,0.00619162683516369,0.013338608369151479,-5.990658619278871,0.29820488192140765,8.421473528087905,-1.8581143338293848,0.11560183887084807,0.0494489732231414,3.2196966729206182,3.0370843206539875,10.313459985880803,0.10362284718699818,292.0,-0.12321238778653296,-0.11768484443201281,-0.2015982678441607,1.221570390095358,0.6018407034721877,0.7795806754346862,-0.5860314680767197,-0.2525022926738978,292.0,0.10296560213793114,0.04799476098231848,1.559288457820264,1.4419231044766967,7.686805210132691,0.09335341187281633,292.0,,,,
ptm|depthT3,operator,ptm,depth,depthT3,False,293,877,False,,293.0,,105.0,0.0,2.4856635177203223,-0.5603598272438779,1.009272703645823,3.0180379732464453,0.009950248756218905,0.004975124378109453,8.139297401085765,-1.9736735899733906,3.846842047898839,2.628902061778934,0.01990049751243781,0.009950248756218905,41.65693755022518,11.772787451372643,2.852586334406699,10.476159735606409,0.009950248756218905,0.004975124378109453,4.74990114343975,-1.2035934277666167,2.0834936190436,2.8574575495648693,0.059669857265032815,0.059669857265032815,0.1019277220495944,0.09249946254188797,0.056309856183923576,-0.006508532284372765,0.4070869062176407,0.1214028920643178,-0.01909350176321635,0.23817108056223352,-0.01909350176321635,0.23817108056223352,-0.006551275764423155,0.28929127182742187,200,-0.1099454169008818,-0.047763672524491305,-3.9978311576751513,0.2210342516262488,0.06420741570558391,6.741302169804173,0.027303754266211604,0.14334470989761092,0.29579383961053407,5599.0,,,0.9984935451054133,,0.00015378118018726983,0.1857,transferred,0.9984935451054133,unselected,1.0,0.22804863072577675,True,-0.12612090867618236,0.17903827549186396,0.05,0.051927722049594394,7.476159735606409,0.00015378118018726983,0.446956080048383,0.5530439199516171,1.9612611878599,1.6138089388570673,14.735052579847048,0.05314178732856329,0.059669857265032815,-6.164580190845744,0.3098016155236645,11.772787451372643,-1.640976167040497,0.1383018137937312,0.08580905570005387,4.237720415717903,3.833543549959671,10.612716819671533,0.1214983689895029,293.0,-0.053138580915773156,-0.05154999492615116,0.13482800404351578,0.09196203176559567,0.8751059610351831,0.7125260493325247,1.4568976798180415,0.11880919713217239,293.0,0.12889969458465725,0.06779388608913917,2.661762889584645,2.4500082216118457,8.452674558237492,0.11418170737665209,293.0,,,,
ptm|miss0-5,operator,ptm,miss,miss0-5,False,52,877,False,,52.0,,101.0,0.03809523809523807,0.2921967941620278,-0.05174722020583166,0.1874914087348624,1.834452131373346,0.06965174129353234,0.03482587064676617,0.786190316983686,-0.4586093566677295,0.7176874285779326,1.7344593538693212,0.08955223880597014,0.04477611940298507,1.841702856405087,0.6784070051429734,0.5172477866381047,2.249010786151551,0.01990049751243781,0.009950248756218905,0.6136686035548511,-0.07265591278212268,0.31803233591639335,2.158033755779474,0.15865577508653134,0.15865577508653134,0.2956634066860108,0.2281946106992751,0.13693089742264697,-4.158053218955953,3.2931994682318586,3.9959056031834654,-0.7411859092145162,2.826680426833046,-0.7411859092145162,2.826680426833046,-2.6805474971902656,0.7690022729409601,200,-0.026405823511550543,-0.019618594020152588,-0.45359849318421624,0.18025153825886925,0.023593162010753524,6.792443527882315,0.0,0.17307692307692307,0.1642981765919786,1612.5,,,0.9945795561863967,,0.0016113611764001607,0.1651,transferred,0.9945795561863967,unselected,1.0,0.19774823332135585,True,0.09791517336465497,3.095451234910503,0.1,0.19566340668601082,-0.7509892138484489,0.0016113611764001607,1.0,-0.49515068590036604,1.5397391933424591,0.88814524196827,4.180173251930825,0.11163869869887243,0.15865577508653134,-2.1258307578442523,0.49704642706848196,0.6784070051429734,-0.471226037770415,0.4276611507646911,0.18681485173141227,2.270089285302719,2.2553214199241447,2.001741446753404,0.2995536794817349,52.0,-0.32334509098409964,-0.3151078317518619,0.03251606364980885,0.0168916606740938,-0.3369544558885888,-0.4170044449669065,-1.9924248601112897,0.03149206563902632,52.0,0.17000736722773752,0.04499182975916664,1.4850870359122366,1.2131123596508506,2.889800764280173,0.1453045271249529,52.0,,,,
ptm|miss5-20,operator,ptm,miss,miss5-20,False,87,877,False,,87.0,,93.0,0.11428571428571432,0.30851480053475244,-0.07587862535865644,0.25131651166384167,1.5295191841894156,0.12935323383084577,0.06467661691542288,1.2457648740780498,-0.4572895892040944,0.9887924611776171,1.7223578558172523,0.05970149253731343,0.029850746268656716,4.395285870779499,0.9455844991832927,0.69071005744378,4.994427595803457,0.009950248756218905,0.004975124378109453,0.65726035595505,-0.14569292232565575,0.4442998050034036,1.8072330197726614,0.07019220355740768,0.07019220355740768,0.11142802941100574,0.1002566306250674,0.06558840862798568,-2.3020382479787656,0.8033069433553366,1.4057422077920103,-0.1644002902186649,1.3250769200366912,-0.1644002902186649,1.3250769200366912,-0.42990316196518924,0.4484356010116794,200,-0.020508795711814173,-0.008629614389241086,-0.9520292506350838,0.22412376206417925,0.048222386451567296,8.9306367878759,0.034482758620689655,0.06896551724137931,0.18022187148165805,1096.5,,,0.9937491429956372,,0.0007009019157757257,0.1651,transferred,0.9937491429956372,unselected,1.0,0.19774823332135585,True,-0.08632020391035011,0.6055587100339808,0.1,0.011428029411005736,1.9944275958034572,0.0007009019157757257,0.5634843231692834,0.43651567683071657,0.9485192762453546,0.8710810300326667,6.766844567463259,0.04649974745877448,0.07019220355740768,-2.4455311398948174,0.33965302161034655,0.9455844991832927,-0.828787963871453,0.14980769333738614,0.11288378774996113,1.9168500544971427,2.1467693657541727,4.6710885653948475,0.13028934682334598,87.0,-0.31361961649940556,-0.32514495162675827,-0.22184860718059896,-0.17469343114541894,0.9012918865712819,0.34656591341230547,-1.0327066207599593,-0.28509697370944265,87.0,0.00881626175320032,-0.007221289090390747,0.13007778653766217,-0.06314312158578149,4.833694892878148,0.008739214550208306,87.0,,,,
ptm|miss20+,operator,ptm,miss,miss20+,False,114,877,False,,114.0,,61.5,0.41428571428571426,-0.6241597786887391,-0.4562141027565943,0.47836254866196676,-0.35108449940721215,0.7164179104477612,0.6467661691542289,-1.1748711309771454,-1.4841828089392464,1.240838451301374,0.2492763482931233,0.8557213930348259,0.42786069651741293,2.244420332382488,-1.429202362651322,1.3016383343902562,2.822306779059864,0.01990049751243781,0.009950248756218905,-0.7160944606019148,-0.5360794780822125,0.5578216266836421,-0.32271065499902973,-0.27809397806790653,-0.27809397806790653,-0.04571663719281304,-0.04790677378921264,-0.3852218566117816,-4.978140109875188,1.4820575864827135,3.2308974067074034,-4.266902676173228,2.9294979109366692,-4.266902676173228,2.9294979109366692,-0.7936997219420648,0.622436083924644,200,-0.018634448044567327,-0.0055215723703963115,-1.179037531481489,0.15769294322545674,0.04486662928126406,6.1048664141213,0.043859649122807015,0.043859649122807015,0.2024707685435602,826.75,,,0.9930511277762257,,-0.0003199020286748923,0.1651,transferred,0.9930511277762257,unselected,1.0,0.19774823332135585,True,-0.2434648705141689,1.2843093531613576,0.05,-0.004283362807186962,-0.17769322094013607,0.0,0.0,1.0,-1.0149556476082264,-0.8268294936238164,2.4003669267416394,-0.13760910948936303,-0.27809397806790653,-1.8307655576655273,0.09054547172163009,-1.429202362651322,-1.794948960756455,-0.0945447695886646,-0.2692388981615064,-0.6716352937770649,-0.20951718947602138,2.9469313746808217,-0.10441683521526986,114.0,-0.9241013818703956,-0.8978754581557432,0.048765392997731284,0.021046675933420887,-0.61402979218331,-0.7750439882366071,-3.220761677372733,0.04649790441534599,113.0,-0.0801238644831428,-0.25594199655082644,-0.5540743243010053,0.0030093618694393845,2.5165460802965374,-0.08710288417051178,113.0,,,,
ptm|miss<=5,operator,ptm,miss,miss<=5,False,929,877,False,,930.0,,105.0,0.0,5.448011707716711,-1.7962697096877291,2.3171042309627428,3.126437438852065,0.009950248756218905,0.004975124378109453,17.511715868253376,-7.31647806569411,9.354019414056916,2.6542807786603997,0.01990049751243781,0.009950248756218905,111.21868662190109,31.029390045679232,7.250546338646278,11.05975920032444,0.009950248756218905,0.004975124378109453,11.071176738859728,-3.4224822456765853,4.745445672302556,3.0542250370983153,0.04898467940228215,0.04898467940228215,0.09033975513825063,0.08285468333381636,0.046697230535525,-6.39919359243614e-05,0.34929742689861626,0.09421891751080975,-0.015805124661817025,0.19677664648790055,-0.015805124661817025,0.19677664648790055,-6.733517203970642e-05,0.2588723185582745,200,-0.08292552235768208,-0.0355651578593015,-3.9705454293842437,0.22105760587277026,0.06156623157612054,7.3224117570097995,0.03767491926803014,0.11948331539289558,0.24902013993140312,2105.0,,,0.9958271766026141,,0.00037855147239613423,0.1651,transferred,0.9958271766026141,unselected,1.0,0.19774823332135585,True,-0.10740847818310523,0.1515491935772604,0.05,0.040339755138250624,8.05975920032444,0.00037855147239613423,0.45684228688628375,0.5431577131137162,1.812502884971535,1.4101130513946654,16.127267401679283,0.04102277584245604,0.04898467940228215,-6.850498705860409,0.3162643575516579,31.029390045679232,-6.062454798600987,0.1334848406841315,0.08220994452765507,4.698888929940598,4.340346164668832,11.065414887687357,0.11776499860691983,927.0,-0.10591057559261387,-0.10223590640452972,0.7069049762945189,0.1722482863431123,1.1276826958721016,1.0960866554949373,0.24269133560837214,0.4141443056948154,929.0,0.12233466470244002,0.06853770420411641,2.721274826113967,2.6083161870666487,9.046081882500339,0.10900016594860688,929.0,,,,
pinned_sig&ptm,operator,pinned_sig&ptm,primary,miss0,True,248,248,False,248.0,878.0,0.2824601366742597,105.0,0.0,3.5363092248993024,-0.28619102133651764,0.6963527724280035,5.48931575716679,0.009950248756218905,0.004975124378109453,12.399524588318219,-1.1359610877356088,2.780642111587257,4.867755407878596,0.009950248756218905,0.004975124378109453,59.49637876780271,18.05829935270579,3.382513453216435,12.250676896996055,0.009950248756218905,0.004975124378109453,6.616988708210867,-0.42145015488350923,1.355593862337626,5.192144239246616,0.059437385907140705,0.059437385907140705,0.09224607656027582,0.08445539749685263,0.056102783135454096,0.02984396982329051,0.2258863422558377,0.05203441496505132,0.01576669076300148,0.1413536505961021,0.01576669076300148,0.1413536505961021,0.028979024099615214,0.18426316163109452,200,-0.13409653908765035,-0.061773760213467775,-5.992117125006368,0.223882996742583,0.06197664756711362,7.653434408179037,0.024193548387096774,0.15725806451612903,0.22474680857972934,2419.5,,,0.9969147774113936,,0.0002854804498465541,0.1651,transferred,0.9969147774113936,table,0.55,0.10876152832674574,True,-0.016515451766469916,0.11712481392909196,0.05,0.04224607656027582,9.250676896996055,0.0002854804498465541,0.8481498741277933,0.1518501258722067,4.267355301416851,3.6027894024866907,17.8216719772728,0.056116322224938876,0.059437385907140705,-9.444806200907363,0.31910362977472595,18.05829935270579,-1.3617506438538114,0.12216833276214964,0.08524075524850398,6.852708347315023,6.262005807038974,12.333500966374508,0.10886809865810387,246.0,0.09676278500662568,0.09914022605814475,0.09204755844610754,0.047403455496536136,2.462008784803207,2.182618907268259,3.605069835766925,0.08428896501273582,248.0,0.09105611852127556,0.054610291524670264,4.122900660350753,3.8645543952366883,10.394055490060254,0.08345686072012984,248.0,0.33762379712272045,24.670609602594077,-41.005207698407446,-74.48122739836394
pinned_sig&ptm|depthT1,operator,pinned_sig&ptm,depth,depthT1,True,83,248,False,83.0,294.0,0.282312925170068,105.0,0.0,0.8337322905687353,-0.1169979251602362,0.18344764298117688,5.182569807269334,0.009950248756218905,0.004975124378109453,3.4767110838586945,-0.28298632576372384,0.8964148694765499,4.194148867496861,0.009950248756218905,0.004975124378109453,20.34946920768602,6.101992274958202,1.3824294623728859,10.306114937880869,0.009950248756218905,0.004975124378109453,1.411699915196319,-0.22302631309670048,0.34666411768079897,4.715591100773346,0.04097071437390778,0.04097071437390778,0.06672972486413038,0.06255541896765815,0.03935818155897847,0.013443883675499127,0.18697525822850342,0.043484021244515274,0.0023168069277977096,0.10378156288839423,0.0023168069277977096,0.10378156288839423,0.01326429412498879,0.1575220730364656,200,-0.09687778959762285,-0.046463386857551844,-4.508665380211408,0.20381441760042845,0.05100363833292045,7.047438430532779,0.024096385542168676,0.12048192771084337,0.1650209770299962,662.0,,,0.9880660475347727,,0.000805967745307233,0.1408,transferred,0.9880660475347727,table,0.55,0.09013035381750467,True,-0.02340062895337429,0.09684490441099874,0.1,-0.03327027513586962,7.306114937880869,0.000805967745307233,0.7403690547941738,0.2596309452058262,3.5171578639321663,3.1208508763922356,13.683138188357827,0.03930083743015894,0.04097071437390778,-7.456480271646517,0.31752624588636486,6.101992274958202,-0.5267576755466873,0.0971975758089788,0.0717940001411817,6.414614105600617,5.812992131416787,10.327641807561454,0.0885871222758706,81.0,0.08966864453243348,0.09478651828106048,0.07431950688948571,0.04813901322015702,2.0518785248036444,1.8778417017218598,3.326281380068622,0.06917821598964125,83.0,0.08031035384529966,0.050973031291120054,4.843373331728813,4.840006809622845,9.270458133050546,0.07434007603411354,83.0,0.34226077138019023,7.959821973056376,-15.115676223007762,-27.12322795310573
pinned_sig&ptm|depthT2,operator,pinned_sig&ptm,depth,depthT2,True,82,248,False,82.0,359.0,0.22841225626740946,105.0,0.0,0.904005846552258,-0.27880066799502295,0.27189279642729014,4.350267936810119,0.009950248756218905,0.004975124378109453,2.6341259283115543,-1.5623143204800756,1.1094414417490381,3.782480166033755,0.009950248756218905,0.004975124378109453,18.78816315824386,5.778478870542542,1.019258879736357,12.76386651747044,0.009950248756218905,0.004975124378109453,1.9068738072445004,-0.43086688475995727,0.5404500550980184,4.325544367981376,0.04811571194790262,0.04811571194790262,0.0909173880311181,0.08334030516756664,0.04590687020470337,0.021429050192928487,0.2585918412365242,0.061131524362194684,-0.0007614363361328028,0.14054327625767415,-0.0007614363361328028,0.14054327625767415,0.020978095362069665,0.20546091218652113,200,-0.16583483323493273,-0.07936400183902698,-5.570397715050027,0.24366057616881476,0.07184217259878682,6.780460907153028,0.036585365853658534,0.10975609756097561,0.2447436724596438,2419.5,,,0.9963239945648272,,0.0003354459135555384,0.1736,transferred,0.9963239945648272,table,0.55,0.11553727008712489,True,-0.024619882056006792,0.1430545711493993,0.1,-0.00908261196888191,9.76386651747044,0.0003354459135555384,0.7869096090167155,0.21309039098328453,2.5617161403812854,1.7629118863747435,17.88758600267732,0.044866281512670865,0.04811571194790262,-8.430809431749685,0.32157689163493935,5.778478870542542,-0.38819467404387104,0.1213525327626349,0.07124918822321752,5.5688570283427286,4.869817948573492,12.872638489636273,0.10821978745940239,82.0,0.08362961344965718,0.08889958636008655,0.09534982604988414,0.03133252513114487,1.5306683961977374,1.7741702274887128,3.284365327408715,0.08704965644970279,82.0,0.09765222148539372,0.047814058089885744,3.0638221656980296,2.657612801652473,9.604809854434304,0.08896462793401559,82.0,0.3505356572860797,7.289766081527097,-12.969951064310868,-23.904736546867515
pinned_sig&ptm|depthT3,operator,pinned_sig&ptm,depth,depthT3,True,83,248,False,83.0,225.0,0.3688888888888889,105.0,0.0,1.7985710877783094,0.10960757181874144,0.35748543277353684,4.724565985404804,0.009950248756218905,0.004975124378109453,6.288687576147969,0.7093395585081904,1.3387222806730343,4.167666511709057,0.009950248756218905,0.004975124378109453,20.35874640187282,6.177828207205048,1.2663591995048338,11.19817994784792,0.009950248756218905,0.004975124378109453,3.298414985770048,0.23244304297314852,0.7033410109413814,4.359154229743084,0.08834390154851858,0.08834390154851858,0.11910113948719077,0.10642571550035848,0.08117278134496,0.025703953225326582,0.30036547215466053,0.07772148929448028,0.023388189490788386,0.20660134584184886,0.023388189490788386,0.20660134584184886,0.025059792293199143,0.23098334230103681,200,-0.13995938351650733,-0.059705822565819175,-4.584082288468078,0.22441228054797835,0.06320299351700318,6.606672842391771,0.012048192771084338,0.24096385542168675,0.2647167023203904,7894.0,,,0.9989477304793845,,0.00012545851512451865,0.1857,transferred,0.9989477304793845,table,0.55,0.1254267468991772,True,-0.006325607411986442,0.17493872525548332,0.1,0.019101139487190763,8.19817994784792,0.00012545851512451865,0.9495673166340572,0.050432683365942754,4.3641899356665,3.749023532883739,16.859110309472047,0.08335803544761135,0.08834390154851858,-6.8481267044400935,0.31840678041457865,6.177828207205048,-0.4467982942632529,0.1471069649743725,0.11097379294858764,5.5402905903528055,4.846433583428858,11.219098634477648,0.12824171543379917,83.0,0.11666092291121583,0.1135062837109712,0.11133821330258652,0.061097062536738106,1.7120302391120128,1.052508310182913,3.1465284252188352,0.10018391518430783,83.0,0.09617526779515057,0.06335305533776679,2.9841817199023017,2.7028272217592932,9.618447893013997,0.0877371261884039,83.0,0.3204231716275421,9.421021548010605,-12.919580411088814,-23.453262898390694
pinned_sig&ptm|miss<=5,operator,pinned_sig&ptm,miss,miss<=5,True,249,248,False,249.0,930.0,0.267741935483871,105.0,0.0,3.5335064745282834,-0.28713274964541025,0.6969390313054008,5.48202791428893,0.009950248756218905,0.004975124378109453,12.362057647906576,-1.1513853137346726,2.7923712551720445,4.839414865273226,0.009950248756218905,0.004975124378109453,59.73841634859073,18.15294356654448,3.3910533694447866,12.263290562382094,0.009950248756218905,0.004975124378109453,6.612833200055965,-0.4231608762879787,1.3564566409947507,5.187039425885469,0.05914965093666466,0.05914965093666466,0.09187437267331448,0.08414372108429641,0.05584635833506186,0.029199338108720205,0.2243151968242046,0.05194886522992948,0.015291551672349904,0.14017399014679102,0.015291551672349904,0.14017399014679102,0.02837086714685875,0.18321588923354323,200,-0.13386837738669174,-0.06164914677586185,-5.996200886214091,0.22399611852870058,0.061486594891441246,7.695373150157025,0.024096385542168676,0.1566265060240964,0.22389361385813297,2409.0,,,0.9968883243793333,,0.0002867755982492758,0.1651,transferred,0.9968883243793333,table,0.55,0.10876152832674574,True,-0.016887155653431254,0.11555366849745885,0.05,0.04187437267331448,9.263290562382094,0.0002867755982492758,0.8447322696431941,0.15526773035680586,4.2614880785223805,3.584519335355597,17.86060835413724,0.055842253255390634,0.05914965093666466,-9.46382850978836,0.3194763726870964,18.15294356654448,-1.3696350298007542,0.12172447878950825,0.08493297481200313,6.843132868061031,6.2421343309948805,12.347790880701783,0.10851548761855082,247.0,0.09643922345705033,0.09885535211143819,0.09029336364193308,0.045805230768202275,2.4567360594014302,2.1697555027328637,3.643344216443108,0.08281565920966812,249.0,0.09060443483961492,0.05436085301291305,4.119893084603089,3.8583777689843197,10.422575582015181,0.08307726609688625,249.0,0.3376244584983875,24.6993859638157,-41.268553582747025,-74.89357212913063
secretion,operator,secretion,primary,miss0,False,1413,1413,False,,1414.0,,105.0,0.0,8.934142727681245,-2.0688550603225684,3.39964838623324,3.2365105263709264,0.009950248756218905,0.004975124378109453,30.0454100481583,-6.3945734201264965,13.67019909530468,2.6656512618606176,0.01990049751243781,0.009950248756218905,190.8198977430216,50.909511869768984,12.995614417068959,10.765969301881468,0.009950248756218905,0.004975124378109453,18.28126654430447,-4.123595538407389,7.113964605672341,3.1494199542189563,0.04681976478004884,0.04681976478004884,0.07864318091418623,0.07290935714953808,0.04472571722018099,-0.01833652322270688,0.29540440156968917,0.07689896503294678,-0.025345975384843938,0.16409520195460112,-0.025345975384843938,0.16409520195460112,-0.018679285215543975,0.2280399326860238,200,-0.09319079484695257,-0.035016393908709274,-5.099519386198645,0.22982528371639538,0.05204334416558355,8.180550249773459,0.036093418259023353,0.10332625619249823,0.2693950883945001,2216.0,,,0.9965959227056898,,0.0002686218761316091,0.1651,transferred,0.9965959227056898,unselected,1.0,0.19774823332135585,True,-0.11910505240716962,0.09765616824833331,0.05,0.02864318091418623,7.7659693018814675,0.0002686218761316091,0.3976934690808848,0.6023065309191151,1.9309581222205507,1.5607680881009895,15.128401293603707,0.039768805414558364,0.04681976478004884,-7.337009891314614,0.2974712928384089,50.909511869768984,-8.33265566440996,0.11533700956412796,0.07910454069327263,4.615051005064057,4.230209760417017,10.8182061368332,0.10341000843251986,1409.0,-0.0639554093347936,-0.06296301202288626,0.8359242446996199,0.1871423662613405,1.0113937289630874,0.09008139687645852,0.1558844780755411,0.4553152163619842,1413.0,0.08114029347638999,0.041983679463503426,2.29204596846173,1.8766947971168435,8.827363984155955,0.07505066083096822,1413.0,,,,
secretion|depthT1,operator,secretion,depth,depthT1,False,471,1413,False,,472.0,,105.0,0.0,3.4660745271345506,-0.4311869877916505,0.9867848444527252,3.949454166057483,0.009950248756218905,0.004975124378109453,12.565380217087167,-1.2326904355152457,4.174563229714597,3.3052728856488653,0.01990049751243781,0.009950248756218905,61.73322576620337,14.792740073804119,4.5348841072558335,10.350978014475448,0.009950248756218905,0.004975124378109453,7.2161277400475665,-0.7119703680861715,2.0800820472063952,3.8114352839020853,0.05614601349784149,0.05614601349784149,0.08302558990260422,0.07666078315847612,0.05316122276681418,-0.015348263374758156,0.229576497785029,0.06214749505121417,-0.01918580433899807,0.15671925962979516,-0.01918580433899807,0.15671925962979516,-0.015587605279903504,0.18670792138920306,200,-0.07056927272087044,-0.02280480473047186,-4.881367853779383,0.23212837659604174,0.04770792298385718,8.58365542389413,0.029723991507430998,0.11040339702760085,0.24304594949178232,591.0,,,0.9888836089833529,,0.0009333200726160188,0.1408,transferred,0.9888836089833529,unselected,1.0,0.1638733705772812,True,-0.08084778067467699,0.06570312720774779,0.05,0.03302558990260422,7.350978014475448,0.0009333200726160188,0.5066447929283917,0.4933552070716083,2.816833063604263,2.3340329987419235,13.088912640243969,0.04771627381551909,0.05614601349784149,-7.480831456647796,0.27283825028181297,14.792740073804119,-2.8197924729863666,0.119263500746426,0.08864932884186831,5.059229315271023,4.679255969963275,10.345242137182076,0.10655533810125169,467.0,-0.07176126790884994,-0.07019102267996952,-0.8209621034732096,-0.6898687912616582,3.3208108930855538,2.865112616078927,-0.5307446671426781,-4.585409678058661,471.0,0.06870814787712394,0.04410045111102227,2.51961025147898,2.1873842926677014,8.606992693826093,0.06429084312083279,471.0,,,,
secretion|depthT2,operator,secretion,depth,depthT2,False,471,1413,False,,471.0,,105.0,0.0,1.5093565701679625,-1.6993356704283684,1.4081237497540622,2.2787004630500336,0.029850746268656716,0.014925373134328358,4.410647181388854,-6.9022134951643555,5.475438603756967,2.0661104059848103,0.04975124378109453,0.024875621890547265,55.78222438753031,16.061820770492677,3.6876380122050563,10.771231743889759,0.009950248756218905,0.004975124378109453,3.3058938519594117,-3.50530450173265,2.962437680372106,2.299187050860263,0.02705802048484405,0.02705802048484405,0.08078196464297753,0.0747439976662294,0.026345172273783274,-0.06571559872921995,0.43343870900865766,0.11362229770351763,-0.078714623477151,0.1903035781756658,-0.078714623477151,0.1903035781756658,-0.07033814146453067,0.30237624821574555,200,-0.1049144069167384,-0.04647149757662511,-4.233557890499962,0.22098546778228648,0.05372347049901894,7.075099395873644,0.04246284501061571,0.09129511677282377,0.28482006770956503,2216.0,,,0.9962840799156938,,0.0003012989276030145,0.1736,transferred,0.9962840799156938,unselected,1.0,0.21006776379477252,True,-0.129285799151795,0.22337094521388515,0.05,0.030781964642977527,7.771231743889759,0.0003012989276030145,0.3845519330700267,0.6154480669299733,0.6724155676131305,0.4526996129209067,14.86903888868153,0.01828243052025096,0.02705802048484405,-7.059861571348535,0.3241074513211882,16.061820770492677,-2.985110294114488,0.11972423839379596,0.05989276834450205,3.457654998366608,3.277765987201289,10.800402639852056,0.10692296753845042,471.0,-0.08608792310676269,-0.08688900098330526,-0.41325796111263696,0.1212211161390355,0.33869248136202845,-0.03340164610972519,-0.1702309044637941,-0.7043264905584347,471.0,0.10174669568937406,0.042687994618078366,1.6835123338560063,1.4482756626922026,7.863800974525829,0.09235035247889727,471.0,,,,
secretion|depthT3,operator,secretion,depth,depthT3,False,471,1413,False,,471.0,,105.0,0.0,3.9587116303787306,0.061667597897450445,1.340730048914631,2.9066582311898483,0.009950248756218905,0.004975124378109453,13.069382649682279,1.7403305105531055,5.413642472781122,2.0926856910277563,0.05970149253731343,0.029850746268656716,73.30444758928792,20.0549510254722,5.719781832007378,9.309707630077146,0.009950248756218905,0.004975124378109453,7.759244952297491,0.09367933141143414,2.7494426169550956,2.7880435014771767,0.054003703193545693,0.054003703193545693,0.07318461739466309,0.06819387476157747,0.05123673003227489,-0.038111453617388685,0.3197754978288255,0.08517757990663286,-0.026375265577198943,0.20225935258738464,-0.026375265577198943,0.20225935258738464,-0.03962300538419329,0.24229535945796252,200,-0.10408870490324884,-0.03577287941903085,-4.887988944868618,0.23636200677085797,0.05469863901387452,7.760311897280024,0.036093418259023353,0.10828025477707007,0.28031924798215296,6995.0,,,0.9990296577640486,,7.10831002143842e-05,0.1857,transferred,0.9990296577640486,unselected,1.0,0.22804863072577675,True,-0.15486401333111366,0.09172686710304873,0.05,0.023184617394663085,6.3097076300771455,7.10831002143842e-05,0.3209167148329249,0.6790832851670752,2.0592037913211048,1.5858010570450671,13.506553396713736,0.049654631054010204,0.054003703193545693,-5.794676228565724,0.29779834658461074,20.0549510254722,-2.527752897309106,0.10861269465996284,0.08596545417188016,4.183149273026649,3.5426830972503986,9.440795967448045,0.09797172193962371,471.0,-0.03408332878132915,-0.03187039678463736,-0.12408715397424507,-0.008631890119216466,-0.7660107915534061,-1.8088229118753278,0.9500714153310903,-0.1416660967324099,471.0,0.07858950354518938,0.039860133094254804,2.2869186643654027,1.5723278285129423,7.860426457416592,0.07286321931270004,471.0,,,,
secretion|miss0-5,operator,secretion,miss,miss0-5,False,54,1413,False,,55.0,,101.0,0.03809523809523807,0.44636668731493284,0.07941230568138329,0.19731617569103518,1.8597278218494362,0.06965174129353234,0.03482587064676617,1.581947009156643,0.13555537930458153,0.7470956951615929,1.9360192264783622,0.06965174129353234,0.03482587064676617,3.2334427244852733,1.1083886992556389,0.5640174159692263,3.7677099413284445,0.009950248756218905,0.004975124378109453,0.8262137792487774,0.1560879922679409,0.35966591154190547,1.8631896031179997,0.1380468823322019,0.1380468823322019,0.1726800247320283,0.14725246537007208,0.12130157770767942,-3.0925379757926588,1.2428676806880876,2.48753806468367,-0.17491852585743595,0.7487070961458158,-0.17491852585743595,0.7487070961458158,-0.46671775068804155,0.5560426497745371,200,-0.02405940234557244,-0.01893609688091798,-0.37242087082540276,0.21611995136714468,0.034029558449009956,7.331781014772656,0.037037037037037035,0.1111111111111111,0.22389185243054818,1111.0,,,0.9943364685095094,,0.0009835491192578978,0.1651,transferred,0.9943364685095094,unselected,1.0,0.19774823332135585,True,-0.025068208589327567,1.0451194473667318,0.1,0.07268002473202828,0.7677099413284445,0.0009835491192578978,0.8732316938144785,0.12676830618552148,2.4447653207088917,2.1090500860275614,7.021850298975334,0.11666942531338989,0.1380468823322019,-2.250067571554928,0.4274731823331729,1.1083886992556389,-0.47826816774803294,0.1742837346938761,0.10870304399065071,1.7175824099239627,1.9243413086831613,3.92193976269168,0.14841705589945015,54.0,-0.2704480566670712,-0.2626110518395643,-0.01639831714356224,-0.023436178279569186,0.17069651331510433,0.09457176563176663,-2.4937496243929678,-0.016671705050301005,54.0,0.186398122909767,0.17273859364692581,2.0214009924387675,2.1658399042012983,3.961469562084441,0.1571126245990729,54.0,,,,
secretion|miss5-20,operator,secretion,miss,miss5-20,False,92,1413,False,,92.0,,93.0,0.11428571428571432,0.6151078814826596,-0.07782095455193687,0.2538503733253597,2.7296742839391865,0.009950248756218905,0.004975124378109453,3.1375729538023513,-0.0923706197147078,0.9642886591021771,3.349560884107433,0.009950248756218905,0.004975124378109453,4.863822509849415,1.2826534070339017,0.6768084736407214,5.291259259139462,0.009950248756218905,0.004975124378109453,1.0495087620275314,-0.1518322927128955,0.46866150461838263,2.5633448510319696,0.12646593913265627,0.12646593913265627,0.19349235295530057,0.1621228259034747,0.11226787667457669,-2.029509304266074,1.5114521620748622,0.9067066879055247,-0.33128667257155137,1.1437758765093684,-0.33128667257155137,1.1437758765093684,-0.7769478470827397,0.6033023987957967,200,-0.001837863152885633,-0.0060832401547380845,0.37086321471878925,0.200781086616137,0.043234441099308026,8.55498913481604,0.021739130434782608,0.15217391304347827,0.21660398967075736,581.0,,,0.9907094600384901,,0.0018145061795492993,0.1651,transferred,0.9907094600384901,unselected,1.0,0.19774823332135585,True,-0.004255880366055287,1.3137039287535064,0.1,0.09349235295530056,2.291259259139462,0.0018145061795492993,0.9784782888090882,0.02152171119091184,2.1956359253486766,2.896330686379878,6.704494907281353,0.10116326809980436,0.12646593913265627,-0.9702610184443322,0.3769415281291925,1.2826534070339017,-0.8839030480145607,0.18321266256471452,0.13451655942278762,2.505462401553347,2.3998944118736962,5.410419123861819,0.15484339236835534,92.0,-0.26668199476468457,-0.277716983821197,-0.06162645028986693,-0.08720757559837049,0.5815766772693397,0.445806025074467,-1.9883239539387865,-0.06567368646409903,92.0,0.07950150977390523,0.07248002085172528,1.2836843809332943,1.4068291703798257,5.61045344000255,0.07364650169924851,92.0,,,,
secretion|miss20+,operator,secretion,miss,miss20+,False,100,1413,False,,100.0,,64.0,0.3904761904761904,0.13212370161995884,-0.012318281211654385,0.44439665221174046,0.32502941260410606,0.746268656716418,0.373134328358209,0.8332628724181877,-0.1580617623139577,1.0836779505929621,0.9147778952129798,0.417910447761194,0.208955223880597,3.800150233704418,0.18568683573170175,1.217343859991868,2.969139219215236,0.009950248756218905,0.004975124378109453,0.5610388858039211,0.07032463384265787,0.5659190366105908,0.8671103465616832,0.03476802060300747,0.03476802060300747,0.039962220370699554,0.03842660780163228,0.0335998213229923,-5.430883437490181,4.807958252521656,9.080044905430869,-4.019807558575993,3.689321944966693,-4.019807558575993,3.689321944966693,-3.141332086410667,0.8310368815028829,200,-0.00599596313566598,-0.0034276396180642653,-0.2137926694192961,0.17080684046693734,0.04602886775904842,5.919340238314874,0.05,0.03,0.24408986973935165,474.5,,,0.992673088344504,,0.0002949608100103592,0.1651,transferred,0.992673088344504,unselected,1.0,0.19774823332135585,True,-0.1577860129506563,4.6102100192003,0.05,-0.010037779629300449,-0.030860780784764064,0.0002949608100103592,0.20208635849483375,0.7979136415051662,0.3574165716971106,0.6986697273769139,3.8839338217487263,0.034572658113964455,0.03476802060300747,-0.9086824516930623,0.31622777478897407,0.18568683573170175,-1.48591326040317,-0.028752363407138076,-0.013977311089018797,-0.2213844016846776,-0.02748670920579364,3.0176096370571868,-0.0296035350037004,99.0,-0.7850509497121165,-0.7339795831066601,0.10281489927939724,0.06256824495208572,-1.1875145858706582,-0.28175769045021576,-3.540503921184843,0.09322951598366934,99.0,0.06301555839601637,0.03463440241205077,0.5859436444392674,1.3341324326122823,3.556645500492696,0.05927999632583037,100.0,,,,
secretion|miss<=5,operator,secretion,miss,miss<=5,False,1467,1413,False,,1469.0,,105.0,0.0,9.380509414996176,-1.9894427546411848,3.455128683651855,3.290746368850156,0.009950248756218905,0.004975124378109453,31.627357057314942,-6.259018040821913,13.908334203820473,2.724005229017999,0.029850746268656716,0.014925373134328358,194.05334046750687,52.017900569024626,13.222811537225533,10.741697368870216,0.009950248756218905,0.004975124378109453,19.107480323553247,-3.967507546139448,7.218197400171437,3.196779831643929,0.04833985023085387,0.04833985023085387,0.08005010705612535,0.0741170308054657,0.04611085824907734,-0.017680036769483532,0.2957330282345512,0.07636001270102602,-0.023513901407318176,0.16662818691268827,-0.023513901407318176,0.16662818691268827,-0.017998821873927314,0.2282344288234256,200,-0.09064608101254594,-0.03442448113468015,-5.029461720416548,0.22932079295507332,0.05138026002877716,8.267317037017628,0.03612815269256987,0.10361281526925699,0.2677201226534957,2118.0,,,0.9964539957375795,,0.0002848681645539714,0.1651,transferred,0.9964539957375795,unselected,1.0,0.19774823332135585,True,-0.1176981262652305,0.09798479491319537,0.05,0.030050107056125347,7.741697368870216,0.0002848681645539714,0.40480820339890405,0.595191796601096,2.0179047396330296,1.639465329053148,15.100773706319098,0.04117581945659957,0.04833985023085387,-7.359639877675067,0.29984987553711356,52.017900569024626,-8.810923832157993,0.1162571353027523,0.07964771993064926,4.650967058248035,4.281458317472399,10.79351829109242,0.10414906353205163,1463.0,-0.07157714751383872,-0.07033211260395299,-3.94866031605133,0.28031152140145155,1.0035129649765138,0.09923654997661761,-0.03265103152632102,,1467.0,0.08296511756117673,0.044259023251101495,2.367569375220505,1.9656242670737434,8.864337163968184,0.07660922426385541,1467.0,,,,
pinned_sig&secretion,operator,pinned_sig&secretion,primary,miss0,True,457,457,False,457.0,1414.0,0.3231966053748232,105.0,0.0,5.480574065983507,0.11038632558446893,1.1987633001983167,4.479773229219334,0.009950248756218905,0.004975124378109453,19.56801716858289,1.8797387024930223,5.0160326204194705,3.526348372234204,0.009950248756218905,0.004975124378109453,113.15869239424703,32.14277383969207,7.252697727888405,11.17045292581667,0.009950248756218905,0.004975124378109453,10.14761163033298,0.15066679359008842,2.3672322018517002,4.223052064315053,0.04843263871315412,0.04843263871315412,0.0662855872797743,0.0621649472435213,0.04619527943407058,0.012455580531249044,0.16678204581425615,0.039949198133535216,0.009563258517406551,0.11549478652337937,0.009563258517406551,0.11549478652337937,0.01230225989801499,0.14293745859219595,200,-0.13896201739217084,-0.050659798333001584,-7.22169342169741,0.2236163107139136,0.0487156620887863,7.986359280682273,0.030634573304157548,0.12253829321663019,0.22309614436210984,2602.0,,,0.9971846762866114,,0.00018714225174374616,0.1651,transferred,0.9971846762866114,table,0.55,0.10876152832674574,True,-0.042475941046971444,0.058020517487510415,0.05,0.01628558727977429,8.17045292581667,0.00018714225174374616,0.6094580344681851,0.39054196553181486,3.8142108486779827,2.891593566888164,16.389995510783454,0.04458040139813459,0.04843263871315412,-9.601501998583517,0.2983723587849537,32.14277383969207,-2.3098464652758715,0.10013757629126219,0.08067508871016334,5.993253665142641,5.300590863375789,11.322653856755226,0.091022776104823,454.0,0.1121980541271171,0.11268519626442385,0.037610332431301796,0.03333312408560271,1.0457338525303779,-0.5820837328443231,2.8627656896055504,0.03624706814857388,457.0,0.05665757626477828,0.03464112315251645,2.9774193305493943,2.171819825976187,9.500135793927088,0.05361961863280197,457.0,0.31381047737221024,51.671018607699054,-77.35218273471104,-136.35750279599517
pinned_sig&secretion|depthT1,operator,pinned_sig&secretion,depth,depthT1,True,152,457,False,152.0,497.0,0.3058350100603622,105.0,0.0,1.328818926222838,0.09678818057482946,0.36098938658904584,3.412927890455033,0.009950248756218905,0.004975124378109453,5.339147867331597,0.7536972151177279,1.6165700772986002,2.836530699539158,0.009950248756218905,0.004975124378109453,38.317593415253455,9.737926830083728,2.7099298158638296,10.54627555956077,0.009950248756218905,0.004975124378109453,2.2978068540753154,0.2466550236540646,0.7228668174306551,2.8375238438967614,0.03467908101174909,0.03467908101174909,0.043108646560884714,0.0413270915767148,0.033516750892304256,-0.0005369816558115426,0.13326632724393006,0.03255119977286294,0.002760654613279026,0.09498318970462719,0.002760654613279026,0.09498318970462719,-0.0005374123583416416,0.11759481108917165,200,-0.12251103312951371,-0.03786049536530387,-6.5451150459809,0.21068194308968372,0.03651976283256045,7.8328042216778755,0.03289473684210526,0.11842105263157894,0.18827972125514914,548.0,,,0.9876262274456159,,0.0005400996579964687,0.1408,transferred,0.9876262274456159,table,0.55,0.09013035381750467,True,-0.04702170725661996,0.04313597342642539,0.05,-0.006891353439115289,7.546275559560771,0.0005400996579964687,0.47829221494204727,0.5217077850579528,3.0881416020611323,2.547895228306513,13.954448454491471,0.03136664764184521,0.03467908101174909,-9.920224781034083,0.2680860143172763,9.737926830083728,-0.7302552995252838,0.07904137579464111,0.0688018009014246,5.171362567451758,4.754041244782237,10.647483587604592,0.0732514781802806,149.0,0.10406892716160021,0.10812786937380114,0.09990900236839798,0.05110838827016384,1.7071462843138754,1.0775335561531552,2.243514034929911,0.09083388003304564,152.0,0.0416418935205157,0.031949317018591133,2.575820438884223,2.1954233425086724,9.090192838930506,0.03997716852552412,152.0,0.28945515277670164,16.622992040347,-28.976722822808814,-47.55271064943056
pinned_sig&secretion|depthT2,operator,pinned_sig&secretion,depth,depthT2,True,152,457,False,152.0,560.0,0.2714285714285714,105.0,0.0,1.7603869482080583,-0.44598068884582903,0.584126081607322,3.7772113016811235,0.009950248756218905,0.004975124378109453,5.189740171233598,-2.0219991944400872,2.2376258654198913,3.222942439629156,0.009950248756218905,0.004975124378109453,34.15150353392718,10.611951078753755,1.922036959743714,12.247190323703355,0.009950248756218905,0.004975124378109453,3.6084641349335227,-0.7693693193697496,1.1733157315792353,3.7311640306832725,0.051546396675017085,0.051546396675017085,0.09373022878219507,0.08569775829141911,0.0490196122948131,0.0036305487630297457,0.26387848064958414,0.06554090717750989,-0.010490657611786445,0.15199657609069167,-0.010490657611786445,0.15199657609069167,0.003617349514224928,0.2087828557444156,200,-0.17529306608596892,-0.07910606088329336,-6.128368728389874,0.23807699310379316,0.06328360885203205,7.316991124190626,0.03289473684210526,0.09868421052631579,0.2720423234200989,2578.0,,,0.9969977897983514,,0.0002822452084970789,0.1736,transferred,0.9969977897983514,table,0.55,0.11553727008712489,True,-0.021807041304929817,0.14834121056245925,0.05,0.04373022878219507,9.247190323703355,0.0002822452084970789,0.8112553525932761,0.18874464740672392,2.655752454152808,1.851942120142162,18.10542449389349,0.04522380782782725,0.051546396675017085,-9.147424215999697,0.32736999368426056,10.611951078753755,-0.8447830339422262,0.12625776741456235,0.08049648108269608,4.827473012658181,4.400983397540676,12.391281997517199,0.11210379281503177,152.0,0.0936948601803962,0.09377677852520541,0.03313045506867007,0.039720010642810305,0.5902478778831599,0.8420526747421171,3.4125117736931574,0.032068026749311106,152.0,0.0811658920523176,0.03513651215065759,2.4642271539253975,1.80483740971891,9.535627147300136,0.07507256069486697,152.0,0.343853819514127,14.254070335831223,-23.052023326732414,-42.60230522813024
pinned_sig&secretion|depthT3,operator,pinned_sig&secretion,depth,depthT3,True,153,457,False,153.0,357.0,0.42857142857142855,105.0,0.0,2.391368191552611,0.45957883385546866,0.48149815860124384,4.01203893138243,0.009950248756218905,0.004975124378109453,9.039129130017692,3.1480406818153814,2.3235437380312165,2.5353895223827134,0.029850746268656716,0.014925373134328358,40.68959544506638,11.792895930854588,3.28539503503284,8.795502277832762,0.009950248756218905,0.004975124378109453,4.2413406413241415,0.6733810893057733,0.8866452657046472,4.024111660014097,0.05877099945073464,0.05877099945073464,0.06685155710419668,0.06266247319885335,0.05550869780266332,-0.002616488285933068,0.191092856401329,0.04974824555942255,0.010009893342047329,0.13574175810877956,0.010009893342047329,0.13574175810877956,-0.00262690917391944,0.16043482010227042,200,-0.11921188802267138,-0.0351151064600977,-5.2694454258996215,0.222099971861765,0.04635911816024366,5.87274774112404,0.026143790849673203,0.1503267973856209,0.20905873975716666,10535.0,,,0.9993656177975029,,4.243635890695157e-05,0.1857,transferred,0.9993656177975029,table,0.55,0.1254267468991772,True,-0.058575189794980526,0.06566610950215179,0.05,0.016851557104196682,5.795502277832762,4.243635890695157e-05,0.5329928325250635,0.46700716747493654,3.6128316982549733,2.5089759392894315,12.687084416074631,0.05649250583968806,0.05877099945073464,-5.353778332718631,0.30242328147016617,11.792895930854588,-0.7348081318083612,0.09894765946655727,0.09169521912192546,4.915926871843457,3.8762704899164686,8.999957840509172,0.09003855517066908,153.0,0.13849691293602948,0.1359082106635349,-0.012377182347993348,0.0164737880392626,-0.21333637412684242,-2.212279759853045,2.0592078279985846,-0.012532296871612482,153.0,0.05366067596552678,0.036604000093267336,2.3397959242630484,1.437727534660046,7.827356484654757,0.05092785295071829,153.0,0.31164416126587335,20.79395623152083,-25.323436585169812,-46.20248691843437
pinned_sig&secretion|miss<=5,operator,pinned_sig&secretion,miss,miss<=5,True,458,457,False,458.0,1469.0,0.3117767188563649,105.0,0.0,5.463353641925102,0.11561074944795553,1.199609355060594,4.457903624973835,0.009950248756218905,0.004975124378109453,19.471302717393904,1.9105323003932069,5.021818190029958,3.4968948999119256,0.009950248756218905,0.004975124378109453,113.46341829188889,32.19799018998589,7.272634174694257,11.174139403941545,0.009950248756218905,0.004975124378109453,10.12328853602494,0.15841119555486244,2.368061999503677,4.208030593184899,0.04815079365818524,0.04815079365818524,0.06580587855602422,0.06174283692747068,0.04593880379571396,0.011950778905491769,0.16654532983073897,0.03986991381437149,0.00927694999336412,0.11461638003710575,0.00927694999336412,0.11461638003710575,0.011809578786931804,0.14276333489830975,200,-0.1391071802586716,-0.05053415271115677,-7.251462178218676,0.22373093455563717,0.04860673938757449,8.021530667916174,0.03056768558951965,0.1222707423580786,0.2227471335243242,2578.0,,,0.9971810832979889,,0.00018602568105140725,0.1651,transferred,0.9971810832979889,table,0.55,0.10876152832674574,True,-0.04295564977072151,0.05778380150399323,0.05,0.015805878556024222,8.174139403941545,0.00018602568105140725,0.6050473873291626,0.39495261267083737,3.802852238054689,2.876949268480767,16.375898773450817,0.04429041030751277,0.04815079365818524,-9.644303182515651,0.29813104296912185,32.19799018998589,-2.320913366944963,0.09955541696248354,0.08028915026792263,5.974931216829321,5.275276002865587,11.326104731546007,0.09054151835066658,455.0,0.11221816439116879,0.11269857615150546,0.0360595706600228,0.03303383019807127,1.0087922652699972,-0.6245786591914041,2.8744724199035137,0.034804534103237916,458.0,0.05627711222245409,0.03452629941037327,2.962313069221988,2.1536539689942553,9.509406660959069,0.053278738667398115,458.0,0.313667768012054,51.78979165258562,-77.61451959870426,-136.75491777549001
splicing,operator,splicing,primary,miss0,False,228,228,False,,228.0,,105.0,0.0,4.539732538766772,0.28094521774144054,1.1689806774634013,3.6431631447207273,0.009950248756218905,0.004975124378109453,17.49278071227694,1.4751288417371844,5.072247025856489,3.157900589006713,0.009950248756218905,0.004975124378109453,42.868582650666994,11.538602941198143,3.973782678681783,7.88417038444133,0.009950248756218905,0.004975124378109453,7.4394409133399275,0.5143845385596536,2.106398565836018,3.287628698147996,0.10589882515502617,0.10589882515502617,0.13593329330303394,0.11966661608074806,0.09575814961208695,0.017569787313691344,0.37952244576091476,0.0997407162149079,0.01929576839687748,0.25007699404429196,0.01929576839687748,0.25007699404429196,0.017266401881554795,0.2751073249418723,200,-0.051412634324653886,-0.03076709638125323,-1.0685964403796622,0.24342595582608156,0.08101884804413606,5.370008083452897,0.008771929824561403,0.21052631578947367,0.17784029267761367,2143.0,,,0.9948962363841777,,0.0006973304060937565,0.1651,transferred,0.9948962363841777,unselected,1.0,0.19774823332135585,True,-0.06181494001832191,0.1817742124395589,0.05,0.08593329330303394,4.88417038444133,0.0006973304060937565,0.6874058545045612,0.31259414549543885,3.4762943239313735,2.903394428226255,11.841827765236776,0.09910678496442145,0.10589882515502617,-2.4113983790728373,0.28968576254291556,11.538602941198143,-1.2386280137704269,0.18253041283531152,0.14816654910762536,4.470020403606157,4.004472293317243,7.841685645117844,0.15435578726272653,228.0,-0.015583230772975742,-0.010997777503574235,0.14087078652603388,0.1034004290870038,2.335007028771641,2.6572927048486403,2.3247442606064315,0.1234765480804248,228.0,0.06105634703222402,0.05179339400721893,1.2825304576545227,1.2432812719408584,8.16503152978019,0.057542982710577714,228.0,,,,
splicing|depthT1,operator,splicing,depth,depthT1,False,76,228,False,,76.0,,105.0,0.0,1.2415390304531937,0.14854779854857728,0.3059719881237133,3.5721937769763703,0.009950248756218905,0.004975124378109453,5.655631700082753,0.8838335695104536,1.5042264657913664,3.172260453522788,0.009950248756218905,0.004975124378109453,13.652917758460992,3.912968525829116,1.3587186721652218,7.168481181693429,0.009950248756218905,0.004975124378109453,2.0410964068524207,0.2551749301994139,0.5400492744642182,3.3069602369613693,0.09093580232575463,0.09093580232575463,0.11221734382790764,0.10089515727356875,0.08335577779360576,0.0008039754442382622,0.3144264526078206,0.08262248777076428,0.01227919660442327,0.21107901078374222,0.01227919660442327,0.21107901078374222,0.00080319657592406,0.23921176670832806,200,-0.03297096469471852,-0.022511077926838124,-0.5686904953015443,0.2223379658926601,0.07940057705621881,4.736132570955981,0.0,0.17105263157894737,0.14006981896908152,921.5,,,0.9890975036960326,,0.0012369348539987774,0.1408,transferred,0.9890975036960326,unselected,1.0,0.1638733705772812,True,-0.05165602674937357,0.15055308203053938,0.1,0.012217343827907637,4.168481181693429,0.0012369348539987774,0.6847808367680273,0.31521916323197274,3.2528346505691035,2.8797651410019744,12.19384336577924,0.08240432546889416,0.09093580232575463,-1.8446350006375474,0.3092380474170768,3.912968525829116,-0.4473800303965,0.16279766351876757,0.13824186152772588,4.430280814062203,3.885770746491527,7.145439319276268,0.14000515190761734,76.0,-0.044843030582900664,-0.03165561227827398,0.18625800528437392,0.15400633589714693,2.3504470667703625,1.1852964737803855,2.0615179898026113,0.15701306499484782,76.0,0.08071857616600307,0.05771022444469335,1.7427852700809534,1.7552214670119468,6.85175892644026,0.07468972769244261,76.0,,,,
splicing|depthT2,operator,splicing,depth,depthT2,False,76,228,False,,76.0,,105.0,0.0,1.32356295967235,0.05812857874808339,0.38671538673115147,3.272262817419286,0.009950248756218905,0.004975124378109453,4.849702379116905,0.30100430357915975,1.718962570773055,2.6461879699289184,0.029850746268656716,0.014925373134328358,12.039990208992572,2.8937096400427937,1.2747239983234089,7.175106596392237,0.009950248756218905,0.004975124378109453,2.2222145371121473,0.12047738912461295,0.7121673267383316,2.951184460558334,0.10993056777436508,0.10993056777436508,0.13835508012078948,0.12153947615897562,0.09904274282201098,-0.006360549503688636,0.4564792615983797,0.15143784165949223,-0.0020314102678581887,0.29695382385821983,-0.0020314102678581887,0.29695382385821983,-0.006401433967932276,0.3134030585125781,200,-0.04811365211384746,-0.023439544271835634,-1.2249325643621518,0.25565314325941485,0.0861517229692053,5.305384223561145,0.013157894736842105,0.14473684210526316,0.18976648319909958,2143.0,,,0.9948547510103359,,0.0007155530347354061,0.1736,transferred,0.9948547510103359,unselected,1.0,0.21006776379477252,True,-0.07171268367398304,0.2464114978036072,0.1,0.038355080120789475,4.175106596392237,0.0007155530347354061,0.6586211878561085,0.34137881214389154,2.873296219318465,2.2659101628825082,10.02770502624881,0.09992817838576872,0.10993056777436508,-2.1813899285274765,0.26704968206417695,2.8937096400427937,-0.4387281231149325,0.1852229276387724,0.14784905909985124,4.03856353398513,3.630870178452744,7.024187109515781,0.15627686852782846,76.0,-0.050969366116184314,-0.05263668819608737,0.13662037242384062,0.005561278382106097,0.6903804506356495,2.1451576025727186,0.7990850158876952,0.12019877149702847,76.0,0.08102946324577472,0.06666724257368704,1.4582924802072235,1.2933378455168756,6.888859519074791,0.07495583238081686,76.0,,,,
splicing|depthT3,operator,splicing,depth,depthT3,False,76,228,False,,76.0,,105.0,0.0,1.9746305486412283,0.07426884044477983,0.5482868876403065,3.4659988247669817,0.009950248756218905,0.004975124378109453,6.987446633077284,0.2902909686475709,2.190744157317024,3.0570231772895076,0.009950248756218905,0.004975124378109453,17.175674683213423,4.731924775326231,1.604014737343845,7.757877542006452,0.009950248756218905,0.004975124378109453,3.176129969375359,0.1387322192356267,0.9878933969917157,3.0746209655708463,0.11496669476228061,0.11496669476228061,0.1527161605033501,0.13248375075843857,0.10311222326402529,0.0054172641297351885,0.4801436721076333,0.12700640987396467,0.007837431295735433,0.2914809366486029,0.007837431295735433,0.2914809366486029,0.00538806101526526,0.32437470084216496,200,-0.07315328616539567,-0.04635066694508593,-1.0721777884771966,0.2522867583261698,0.0775042441069841,4.9216807363397415,0.013157894736842105,0.3157894736842105,0.20368457586465993,5156.5,,,0.9979098426004187,,0.0003198693902847249,0.1857,transferred,0.9979098426004187,unselected,1.0,0.22804863072577675,True,-0.07533247022242665,0.25209504138185657,0.1,0.052716160503350096,4.757877542006452,0.0003198693902847249,0.669664886902951,0.330335113097049,3.5051272181599082,2.880881752315774,10.668585430343315,0.11195806379920104,0.11496669476228061,-2.505253449971641,0.2900723530295764,4.731924775326231,-0.3525198602589945,0.19570479348517497,0.15616269657904958,4.195904964612196,3.7577596945798355,7.767896601172073,0.16367316962470757,76.0,0.049062704380157744,0.051298967963638656,0.11245526987883236,0.09444038302314599,1.6186471005971854,1.964919278141167,2.9289652375657704,0.10108745306324171,76.0,0.0344278085182772,0.0372905405942968,0.675901966482216,0.660159139400749,8.358039012754965,0.033281982787751886,76.0,,,,
splicing|miss<=5,operator,splicing,miss,miss<=5,False,231,228,False,,231.0,,105.0,0.0,4.6119126672402295,0.31345275388850596,1.1697609344423598,3.6746482010025874,0.009950248756218905,0.004975124378109453,17.839654112553987,1.6341116554185628,5.076090504620116,3.1925243339112233,0.009950248756218905,0.004975124378109453,43.01866764742145,11.513917679730971,4.017233302221016,7.842399880104644,0.009950248756218905,0.004975124378109453,7.553897276882377,0.5643742047125244,2.107522535365084,3.3164642156289275,0.1072072409364047,0.1072072409364047,0.13643847095310976,0.12005794808994927,0.09682671587817264,0.018324014244724712,0.3805864559366393,0.09971931292009416,0.020480408083922187,0.2508495229998958,0.020480408083922187,0.2508495229998958,0.017994259688838433,0.2756622544105956,200,-0.049736746870515706,-0.029657713220214873,-1.0526608161356603,0.2425942820956132,0.08118755463258945,5.376877330921505,0.008658008658008658,0.2077922077922078,0.1768297966325339,2072.0,,,0.9948682701446488,,0.0007037769680871758,0.1651,transferred,0.9948682701446488,unselected,1.0,0.19774823332135585,True,-0.06130976236824609,0.18283822261528346,0.05,0.08643847095310976,4.842399880104644,0.0007037769680871758,0.6899605051408318,0.31003949485916815,3.523105537520146,2.9545114476155305,11.839745026176745,0.10042978292275408,0.1072072409364047,-2.359430665786168,0.28829042915181674,11.513917679730971,-1.2476331838917263,0.18349859736729968,0.14972006531322837,4.501984636970233,4.042008885597623,7.790207914439195,0.15504758330554297,231.0,-0.01881866074585407,-0.015042369431242974,0.14941317803812382,0.11197200247483226,2.427184874209646,2.7839537022387453,2.23122250148412,0.12999083436049494,231.0,0.06154294229813899,0.053185376685351504,1.30341391574285,1.272618051612348,8.15888166071886,0.05797499078549229,231.0,,,,
pinned_sig&splicing,operator,pinned_sig&splicing,primary,miss0,True,101,101,False,101.0,228.0,0.44298245614035087,105.0,0.0,2.201428362806359,0.18167797847566264,0.5982595021127582,3.376043969544874,0.009950248756218905,0.004975124378109453,8.227956916619062,0.8386339597113738,2.6659504277031347,2.7717405695626542,0.029850746268656716,0.014925373134328358,27.92916771336141,7.611325103491979,2.3033373682610567,8.8210450148728,0.009950248756218905,0.004975124378109453,3.3722537187334556,0.29672484584946807,1.0447295002221237,2.943851850866744,0.07882183906802165,0.07882183906802165,0.0994077187776619,0.09041933859458882,0.07306288787786747,-0.0004998286982744827,0.29564400427155313,0.07329639659636789,0.005610062485565155,0.19999465320483542,0.005610062485565155,0.19999465320483542,-0.0005009493875680985,0.22818301654355425,200,-0.08911930534845786,-0.0432652701192704,-1.9993521959525633,0.24173499848475358,0.08231369625659025,5.083712816388944,0.0,0.2376237623762376,0.15886519533141077,2821.0,,,0.9958660832480021,,0.00041264909092253644,0.1651,transferred,0.9958660832480021,table,0.55,0.10876152832674574,True,-0.009353809549083839,0.1868824759448074,0.05,0.049407718777661896,5.8210450148728,0.00041264909092253644,0.9139970751331965,0.0860029248668035,3.3639085172145493,2.6117293951889424,12.878885567301714,0.07683046143814169,0.07882183906802165,-3.2677353179016047,0.2836474577973466,7.611325103491979,-0.4337421848791552,0.13280436576789725,0.11132305074347265,4.1407798067155435,3.537527330192679,8.892414866116512,0.11723504056048795,101.0,0.1185431665523241,0.12078299155940428,0.0757758238217306,0.06436288041226344,2.1693308084425875,2.2784738683886467,4.009608018354189,0.07043830335630187,101.0,0.03466627737339485,0.030053499403454247,0.901561190000917,0.810799254299376,8.7075208011847,0.03350479099541034,101.0,0.3127563138663475,12.199082147499835,-18.95536333679802,-33.13337577520425
pinned_sig&splicing|depthT1,operator,pinned_sig&splicing,depth,depthT1,True,34,101,False,34.0,86.0,0.3953488372093023,105.0,0.0,0.43835737998484886,0.02357020705824767,0.15910806615526346,2.6069525131544036,0.029850746268656716,0.014925373134328358,1.9098531794932598,0.11635686828411698,0.7992488038754647,2.243977472987995,0.04975124378109453,0.024875621890547265,8.901988875683056,2.366088068702675,0.8447081481551036,7.737466273120727,0.009950248756218905,0.004975124378109453,0.679984460521565,0.03926191695505661,0.27793370667748674,2.3053070864484977,0.04924263398961093,0.04924263398961093,0.0634628929012518,0.05967570032285525,0.04693159846390544,-0.034304610310263065,0.22253327588514557,0.06697123917271548,-0.02236376372401016,0.15139919960132522,-0.02236376372401016,0.15139919960132522,-0.03552387671765427,0.1820259793018152,200,-0.08842580915616202,-0.03774361635891074,-2.2001148140921085,0.2130046341131683,0.07867490951538522,4.106126219617014,0.0,0.14705882352941177,0.12793488105411582,1010.0,,,0.9912680398646745,,0.0005590369391530217,0.1408,transferred,0.9912680398646745,table,0.55,0.09013035381750467,True,-0.02666746091625287,0.1324029220676409,0.1,-0.0365371070987482,4.737466273120727,0.0005590369391530217,0.7041234191729796,0.2958765808270204,2.195029740070917,1.7335562537083642,13.008342983260766,0.04591641782472647,0.04924263398961093,-3.42099402593859,0.2790571693243156,2.366088068702675,-0.16377962756259357,0.09751495657289772,0.0830856938727043,3.412495188464126,2.951973726864883,7.865612629010317,0.08885068580513755,34.0,0.08553150957681874,0.1066284818032109,0.058132588274103954,0.04843918980335202,1.129698911069043,0.1798239713979971,3.026022776319201,0.05493885068687158,34.0,0.05455521557896522,0.038743113880332095,1.3348801015150895,1.2588760178847558,7.197681122403365,0.051732915235750514,34.0,0.30702340539337836,3.625368381309171,-6.8483580500196855,-11.488744436995207
pinned_sig&splicing|depthT2,operator,pinned_sig&splicing,depth,depthT2,True,33,101,False,33.0,91.0,0.3626373626373626,105.0,0.0,0.6670404452174036,-0.028758313031412647,0.231881674225183,3.0006629914752034,0.009950248756218905,0.004975124378109453,2.4243112875421584,0.01983641041101249,1.044078930496145,2.302962742470574,0.04975124378109453,0.024875621890547265,8.900891837007027,2.2638358002681507,0.8153136807849356,8.14049388984754,0.009950248756218905,0.004975124378109453,1.0262675045490053,-0.07136289652513597,0.4120766096226804,2.6636561635449074,0.07494085507747272,0.07494085507747272,0.10483545029562498,0.09488784077988606,0.06971625901414978,0.01705783170523837,0.3385246237149791,0.0832130144926877,0.010407325517856489,0.21458660668384183,0.010407325517856489,0.21458660668384183,0.01677132271969196,0.2529073561525026,200,-0.09616807189225227,-0.04399787511190072,-1.949906038968052,0.2527036648866295,0.08633835639001909,4.902849287605889,0.0,0.15151515151515152,0.16776832508359463,2821.0,,,0.9960544959135341,,0.00041526713572887213,0.1736,transferred,0.9960544959135341,table,0.55,0.11553727008712489,True,-0.010701819791499909,0.2229873536278542,0.1,0.004835450295624974,5.140493889847541,0.00041526713572887213,0.9073734407656522,0.09262655923434782,2.6272709616417504,2.006236700928181,11.388490682409211,0.07108069467664176,0.07494085507747272,-3.1571992792017167,0.2679955120646511,2.2638358002681507,-0.16606901655138118,0.13310692658629375,0.10020919521284208,3.657038045223496,3.0796939417089155,8.17447432243658,0.11747075537460919,33.0,0.12369327790853893,0.10201054078505394,0.08087130617552847,0.027891060409299548,1.5195084520875863,2.425399183444427,2.9038412542596315,0.0748204765113779,33.0,0.010501890593489794,0.004863753496927443,0.3030477870016865,0.13254978744556317,8.10440225819964,0.0103927471004748,33.0,0.30009893698482387,3.3663478459067813,-6.495755846523964,-10.724363275383375
pinned_sig&splicing|depthT3,operator,pinned_sig&splicing,depth,depthT3,True,34,101,False,34.0,51.0,0.6666666666666666,105.0,0.0,1.0960305376041073,0.18686608444882766,0.2656672850869082,3.4221919829453715,0.009950248756218905,0.004975124378109453,3.893792449583644,0.7024406810162442,1.086220981923128,2.9380317832907155,0.01990049751243781,0.009950248756218905,10.12628700067133,2.981401234521152,0.855003870905444,8.356553706106366,0.009950248756218905,0.004975124378109453,1.6660017536628846,0.32882582541954747,0.46014781273091054,2.9059704104804753,0.10823617161269922,0.10823617161269922,0.12724688440262602,0.11288288853427111,0.09766525798846155,0.00901522184588022,0.42229310492455946,0.10410981834903417,0.023139674087263994,0.26543111697221033,0.023139674087263994,0.26543111697221033,0.00893087840427154,0.29690641006049134,200,-0.08297135166001211,-0.04807586609266533,-1.2592464786194286,0.25981930428981215,0.08204619522123206,4.668528975979918,0.0,0.4117647058823529,0.18115423661393903,7850.0,,,0.998493010727725,,0.00019204910566716416,0.1857,transferred,0.998493010727725,table,0.65,0.14823160997175489,True,-0.020984725569128865,0.2740614949528046,0.1,0.027246884402626015,5.356553706106366,0.00019204910566716416,0.8584328567089877,0.14156714329101228,3.9421185039277646,3.179424293169878,11.060829915015193,0.10932182087170644,0.10823617161269922,-2.2653892134801965,0.30158751967177877,2.981401234521152,-0.10389354076518055,0.16467754576376084,0.14608771939130946,4.0766805709757055,3.518825237348463,8.297179316628759,0.1413932520316344,34.0,0.1465561860350327,0.15315782118482008,0.08430326016495372,0.09825656250707933,1.675889858182753,1.792073795057788,4.115490246482024,0.0777487841843515,34.0,0.04155494673179264,0.046711140101211926,0.783189892276006,0.7905765953579578,7.740704608845792,0.0398970278641414,34.0,0.32918769288362,5.207365920283882,-5.611249440254366,-10.920268062825665
pinned_sig&splicing|miss<=5,operator,pinned_sig&splicing,miss,miss<=5,True,101,101,False,101.0,231.0,0.43722943722943725,105.0,0.0,2.201428362806359,0.18167797847566264,0.5982595021127582,3.376043969544874,0.009950248756218905,0.004975124378109453,8.227956916619062,0.8386339597113738,2.6659504277031347,2.7717405695626542,0.029850746268656716,0.014925373134328358,27.92916771336141,7.611325103491979,2.3033373682610567,8.8210450148728,0.009950248756218905,0.004975124378109453,3.3722537187334556,0.29672484584946807,1.0447295002221237,2.943851850866744,0.07882183906802165,0.07882183906802165,0.0994077187776619,0.09041933859458882,0.07306288787786747,-0.0004998286982744827,0.29564400427155313,0.07329639659636789,0.005610062485565155,0.19999465320483542,0.005610062485565155,0.19999465320483542,-0.0005009493875680985,0.22818301654355425,200,-0.08911930534845786,-0.0432652701192704,-1.9993521959525633,0.24173499848475358,0.08231369625659025,5.083712816388944,0.0,0.2376237623762376,0.15886519533141077,2821.0,,,0.9958660832480021,,0.00041264909092253644,0.1651,transferred,0.9958660832480021,table,0.55,0.10876152832674574,True,-0.009353809549083839,0.1868824759448074,0.05,0.049407718777661896,5.8210450148728,0.00041264909092253644,0.9139970751331965,0.0860029248668035,3.3639085172145493,2.6117293951889424,12.878885567301714,0.07683046143814169,0.07882183906802165,-3.2677353179016047,0.2836474577973466,7.611325103491979,-0.4337421848791552,0.13280436576789725,0.11132305074347265,4.1407798067155435,3.537527330192679,8.892414866116512,0.11723504056048795,101.0,0.1185431665523241,0.12078299155940428,0.0757758238217306,0.06436288041226344,2.1693308084425875,2.2784738683886467,4.009608018354189,0.07043830335630187,101.0,0.03466627737339485,0.030053499403454247,0.901561190000917,0.810799254299376,8.7075208011847,0.03350479099541034,101.0,0.3127563138663475,12.199082147499835,-18.95536333679802,-33.13337577520425
translation,operator,translation,primary,miss0,False,1219,1219,False,,1220.0,,105.0,0.0,12.376137653712723,0.76043398150975,3.1099160231505474,3.7350538039401813,0.009950248756218905,0.004975124378109453,47.17626895627881,6.1879885748006656,13.53112729727393,3.029184448640574,0.009950248756218905,0.004975124378109453,180.20368097262622,45.08334590165967,12.431279325349108,10.869382911816436,0.009950248756218905,0.004975124378109453,22.665038788783363,1.4450884072752896,6.146618311103416,3.4522967439145824,0.06867860626882931,0.06867860626882931,0.08596562217006262,0.07916053732739652,0.064264977202653,0.01288339714306789,0.2519304549777055,0.06335188688896273,0.013856162770088706,0.18207724313584217,0.013856162770088706,0.18207724313584217,0.012718891537478839,0.2012333412937221,200,-0.06728714348704783,-0.022832044394854825,-3.4850618844248897,0.21916559090194038,0.062271967206033986,6.902759177039804,0.03281378178835111,0.12633305988515175,0.2178116483418752,1955.0,,,0.9954546803452986,,0.0003925253854275729,0.1651,transferred,0.9954546803452986,unselected,1.0,0.19774823332135585,True,-0.11178261115129323,0.054182221656349644,0.05,0.03596562217006262,7.869382911816436,0.0003925253854275729,0.43472257995024394,0.5652774200497561,3.201485105803839,2.7155324468726127,14.351426648340725,0.06128032021612303,0.06867860626882931,-5.602408701468764,0.27902489022435123,45.08334590165967,-7.209633632662934,0.13150044190160393,0.108795184780546,5.687115800751265,5.217642438250289,10.9386096856904,0.11621775567369977,1215.0,-0.06595038093048468,-0.060605383519467086,0.26352079967600617,0.15924858419091226,1.8084928294138356,1.0406158581674203,0.7436207475027844,0.20856071363730505,1219.0,0.09905454552741023,0.06997629011588319,2.7703563357364684,2.4482531439000237,9.21156852635238,0.09012705141024306,1219.0,,,,
translation|depthT1,operator,translation,depth,depthT1,False,406,1219,False,,407.0,,105.0,0.0,4.406687730456845,0.7759608001610927,0.9189414559103114,3.950988288692584,0.009950248756218905,0.004975124378109453,18.438722495156973,4.872387414191984,4.48157446649246,3.0271359278746495,0.009950248756218905,0.004975124378109453,54.226931122437975,11.788294845859637,4.529006726443039,9.37040698765058,0.009950248756218905,0.004975124378109453,8.19905348287919,1.598330905303956,1.7810186942264712,3.7061500808345236,0.08126382296108675,0.08126382296108675,0.08555239397029192,0.07881000902903744,0.07515633209529043,0.021402193149338444,0.25149954042762157,0.06244857052764058,0.03172720401277187,0.20257509060243906,0.03172720401277187,0.20257509060243906,0.020953629489027927,0.20095852288081276,200,-0.03642127261648229,-0.0054083020741946585,-2.39024723994926,0.21966444014471592,0.06777676824582203,6.962744985632283,0.029556650246305417,0.1206896551724138,0.1821942753407434,666.5,,,0.9880792764453893,,0.0010321504177517894,0.1408,transferred,0.9880792764453893,unselected,1.0,0.1638733705772812,True,-0.07832097660698929,0.08762616985034036,0.05,0.03555239397029192,6.370406987650581,0.0010321504177517894,0.5220640404778041,0.4779359595221959,3.801630464553076,3.3008583641550806,11.118162633402322,0.07269984255962499,0.08126382296108675,-3.702747396582608,0.24966576848743713,11.788294845859637,-2.332711892953075,0.134444430147657,0.12676689987255454,5.842731239398758,5.390341746185912,9.339238035299564,0.1185112523582649,402.0,-0.09094179062864786,-0.08584399897614518,0.4374651845663515,0.5437013887378118,2.2537799999300225,2.4369289926594275,0.5160358147296378,0.30433097737829673,406.0,0.11123531522050352,0.09509684433502841,3.5750019967559283,3.1499078883872746,7.979890830272721,0.10010059408382913,406.0,,,,
translation|depthT2,operator,translation,depth,depthT2,False,406,1219,False,,406.0,,105.0,0.0,3.904052043152644,-0.0008803571949226185,1.228963623044337,3.1774190278101417,0.009950248756218905,0.004975124378109453,14.353491771045373,-0.39384351220281316,5.2472257488184635,2.8105013942975288,0.009950248756218905,0.004975124378109453,54.96332934683958,14.711273664512575,3.7482813567442568,10.738803161054534,0.009950248756218905,0.004975124378109453,7.087517637005644,0.010227103510592332,2.4209381412430737,2.9233669431392784,0.07103012298466467,0.07103012298466467,0.09701199936633446,0.0884329427776281,0.06631944467324913,-0.01633164882920684,0.35341577124211426,0.08802086636641294,-0.011577900711136187,0.2324589606020178,-0.011577900711136187,0.2324589606020178,-0.016604925856289237,0.2611184231488466,200,-0.0710718944195864,-0.030102577662863568,-2.8408509683964684,0.21997374068419953,0.06458828741576325,5.858368297378656,0.03694581280788178,0.1206896551724138,0.22485502849484706,1950.0,,,0.995248104420262,,0.0004631919306582945,0.1736,transferred,0.995248104420262,unselected,1.0,0.21006776379477252,True,-0.11305576442843805,0.14334800744734175,0.05,0.04701199936633446,7.738803161054534,0.0004631919306582945,0.46181288177614516,0.5381871182238549,2.4964722548039133,2.1059685900998235,13.940178969684538,0.06210882962769754,0.07103012298466467,-5.0556625641014925,0.2997048238505989,14.711273664512575,-2.515369712112131,0.1473148905101316,0.11301518063395967,4.881016904040757,4.417071820810396,10.63264211237926,0.1283997024083169,406.0,-0.08708279800758295,-0.08104895709425557,0.5620958953774382,0.18002579742092464,0.9180198150505362,0.8481441933464672,0.2510289675673038,0.3598344359272661,406.0,0.10893709042969983,0.07221509734439151,2.110042609893946,2.084464934734826,8.31294021189698,0.09823559097251226,406.0,,,,
translation|depthT3,operator,translation,depth,depthT3,False,407,1219,False,,407.0,,105.0,0.0,4.065397880103235,-0.014646461456420425,1.191421166120887,3.4245189338407935,0.009950248756218905,0.004975124378109453,14.384054690076464,1.7094446728114958,5.045597852082327,2.5120135192768354,0.009950248756218905,0.004975124378109453,71.01342050334866,18.583777391287448,5.390440025397865,9.72641247561073,0.009950248756218905,0.004975124378109453,7.378467668898528,-0.1634696015392582,2.398395848689193,3.1445756856857963,0.057248303930262444,0.057248303930262444,0.07781941854609076,0.07220079468512838,0.0541483998767792,-0.0019011834837429696,0.250062784315005,0.06933371476297318,-0.001481546930858005,0.1688580051212118,-0.001481546930858005,0.1688580051212118,-0.0019052308715657444,0.20003940884199622,200,-0.0943017250468487,-0.03296030698791743,-4.2947840028578135,0.21786180317672152,0.05447006247064326,6.802896080970054,0.03194103194103194,0.1375921375921376,0.2463154348194008,5889.0,,,0.9987214180340874,,9.962588501074688e-05,0.1857,transferred,0.9987214180340874,unselected,1.0,0.22804863072577675,True,-0.150229212179686,0.022014153589228258,0.05,0.027819418546090754,6.726412475610729,9.962588501074688e-05,0.34124045515391327,0.6587595448460868,2.606497092635191,2.0003459458113144,13.607478304369042,0.051828790268392405,0.057248303930262444,-5.747393268149525,0.2854560444305631,18.583777391287448,-2.361552027597727,0.11716641526151349,0.09229647109022424,5.093451313881965,4.412540865244887,9.869534735683718,0.10487821121447373,407.0,-0.02018549633106582,-0.015283481099445682,0.12778550468633101,0.07412780734304189,0.9458319959714828,-0.5041031504814641,1.223106082771965,0.11330656774301402,407.0,0.08288235179148935,0.0515771542860424,2.473467136691096,1.7566469620735934,8.493798145837241,0.07653864859314696,407.0,,,,
translation|miss0-5,operator,translation,miss,miss0-5,False,56,1219,False,,56.0,,101.0,0.03809523809523807,0.25196781581340666,-2.7957688979943773e-05,0.19170699065472496,1.3144840083387732,0.1890547263681592,0.0945273631840796,1.025489581073447,-0.07120972799301312,0.7411855731127115,1.4796554990415145,0.14925373134328357,0.07462686567164178,1.7485736067507158,0.3171060459621908,0.5516982713745102,2.594656599561465,0.029850746268656716,0.014925373134328358,0.5450715477544913,0.021876122289046354,0.33671113656353585,1.5538405732734664,0.14409906156688793,0.14409906156688793,0.17604015655344263,0.14968889928840015,0.1259498118716562,-9.005654974089174,6.28890613253382,18.650702414640595,-1.7214415637548517,2.5806356384672053,-1.7214415637548517,2.5806356384672053,-2.463305720158529,0.8754190588761509,200,-0.01984972173064589,-0.007580075647555557,-0.8579850834632865,0.18740572337672964,0.02689208132425927,6.952334487303705,0.0,0.125,0.17385192476908015,1317.75,,,0.9943381658374317,,0.0010023855128991437,0.1651,transferred,0.9943381658374317,unselected,1.0,0.19774823332135585,True,-0.021708076767913226,6.091157899212464,0.1,0.07604015655344262,-0.405343400438535,0.0010023855128991437,0.8902236626678938,0.10977633733210623,1.142856140195226,1.0147535458040275,3.69670733068089,0.09594748590999623,0.14409906156688793,-1.8065604198013412,0.3491567813284542,0.3171060459621908,-0.45083098059419524,0.29687870339052685,0.22200421539608867,1.9424884912490392,2.0627543749079087,2.4093321056461763,0.2289178645731283,56.0,-0.32970331614947873,-0.3180284095612235,0.1551807520673456,0.09648613354385345,-1.487707216408065,-0.8887849588202734,-1.8814668079953611,0.134334606761435,56.0,0.10518222830467806,0.05401637537095113,1.112105130319891,1.0307638824888379,3.133508350936381,0.09517184190160655,56.0,,,,
translation|miss5-20,operator,translation,miss,miss5-20,False,95,1219,False,,95.0,,93.0,0.11428571428571432,0.3333436195826932,-0.09151894016121012,0.2657201762066826,1.598909671855089,0.10945273631840796,0.05472636815920398,1.5929838429321426,-0.7045776728616425,1.061055073405981,2.16535557237253,0.03980099502487562,0.01990049751243781,4.791824524047442,1.006832306530911,0.6801063381846517,5.565294726732703,0.009950248756218905,0.004975124378109453,0.6875523348059274,-0.1599319788922963,0.4639987909465008,1.8264795732968597,0.06956507232471289,0.06956507232471289,0.11224925583140852,0.10092095386254224,0.06504052359667312,-1.6634237315910076,1.1249926695119015,0.8066544589564612,-0.26809341118736857,0.9392475633661024,-0.26809341118736857,0.9392475633661024,-0.39035668556747455,0.530915253751635,200,-0.014699176267245897,-0.010606633996032726,-0.3475657926756299,0.21041561344196522,0.04706489761764778,8.4300705640715,0.042105263157894736,0.08421052631578947,0.1665237831474364,917.0,,,0.992737050631847,,0.0008212251786084553,0.1651,transferred,0.992737050631847,unselected,1.0,0.19774823332135585,True,-0.08549897748994734,0.9272444361905456,0.1,0.012249255831408512,2.565294726732703,0.0008212251786084553,0.5676372119542276,0.43236278804577244,1.0263423492580974,1.1952919611539015,7.154553554063865,0.04592696554053505,0.06956507232471289,-2.051954678689758,0.3375038827428813,1.006832306530911,-0.9214047597515943,0.1299590912586872,0.1079312567270695,1.7567927581631093,2.0244408454909006,5.228283752515472,0.11501220908265167,95.0,-0.3057979751955035,-0.30772731560662736,-0.07771496357277607,-0.10647225930626686,0.38049590408247896,0.018455307671618813,-1.138639811010517,-0.08426349827145704,95.0,0.015952341856008273,-0.030889704840229414,0.2204776059290861,0.20200892720588398,4.646986708788576,0.015701860410957356,95.0,,,,
translation|miss20+,operator,translation,miss,miss20+,False,115,1219,False,,115.0,,61.0,0.419047619047619,-0.6846745830868552,-0.546815175709551,0.4836006284794231,-0.28506871012714186,0.7562189054726368,0.6268656716417911,-0.6559017645967624,-1.3983635276532655,1.2790434850234713,0.5804820334492994,0.5373134328358209,0.26865671641791045,2.5229133774080674,-1.3186271998450092,1.2638784178355023,3.0394858580084283,0.009950248756218905,0.004975124378109453,-0.7488499690030631,-0.6202304966437123,0.5664304373595472,-0.22707019940333525,-0.27138251721914464,-0.27138251721914464,-0.035886489965409066,-0.037222266457112,-0.3724622639898523,-0.9739815026451508,2.4958515680064894,2.7996266561766983,-3.3889990310285643,5.728767180534922,-3.3889990310285643,5.728767180534922,-2.109139756121748,0.7168045810200514,200,-0.01502413453181086,-0.00560945776397485,-0.8488185989142333,0.16390266909368453,0.04749952448653035,6.265189027495935,0.043478260869565216,0.06086956521739131,0.19378565862951974,770.0,,,0.9914104145246775,,-0.0003109207533541722,0.1651,transferred,0.9914104145246775,unselected,1.0,0.19774823332135585,True,-0.23363472328676493,2.2981033346851336,0.05,-0.014113510034590937,0.0394858580084283,0.0,0.0,1.0,-1.1192279717533027,-0.4325248067643402,2.498155592874359,-0.1450769948203735,-0.27138251721914464,-1.4723725545722157,0.1131341253200436,-1.3186271998450092,-1.8086780017724369,-0.09447929937766164,-0.2572476949109404,-0.7204568092344107,-0.07121247929658212,3.2634957281401737,-0.10433698457995354,115.0,-0.9493029882175845,-0.9256858137707911,0.038406607265063925,0.027487485044659265,-0.48887389274057186,-0.5463714173950872,-3.5787300371295427,0.036986096772071334,114.0,-0.08691172364788773,-0.24273624707644842,-0.6351255240633578,-0.19992628669858656,2.642375210201786,-0.0951843604816717,114.0,,,,
translation|miss<=5,operator,translation,miss,miss<=5,False,1275,1219,False,,1276.0,,105.0,0.0,12.62810546952613,0.7604060238207697,3.178289509244075,3.733989433998408,0.009950248756218905,0.004975124378109453,48.20175853735226,6.116778846807653,13.83165083395909,3.0426577561673778,0.009950248756218905,0.004975124378109453,181.95225457937693,45.40045194762185,12.635299385499424,10.807167955866976,0.009950248756218905,0.004975124378109453,23.210110336537852,1.4669645295643357,6.2714579567137845,3.4670001707811537,0.06940340200080951,0.06940340200080951,0.08690987022492468,0.07996051246359515,0.06489917824364372,0.014248734623232239,0.258647474652136,0.06421036521669894,0.014862717309075912,0.18217268065102024,0.014862717309075912,0.18217268065102024,0.014046093822458493,0.20549611218110006,200,-0.06520361751186468,-0.022162154002816584,-3.4506844827519743,0.21777064770083313,0.06071802712024624,7.02678886631882,0.03137254901960784,0.12627450980392158,0.21588086832612893,1900.0,,,0.9953872655774093,,0.0004027499285083262,0.1651,transferred,0.9953872655774093,unselected,1.0,0.19774823332135585,True,-0.11083836309643118,0.060899241330780146,0.05,0.036909870224924674,7.807167955866976,0.0004027499285083262,0.43949758116771415,0.5605024188322858,3.193991436514226,2.711726904361859,14.314899722690063,0.06168244051470854,0.06940340200080951,-5.592053501469878,0.27983838208117556,45.40045194762185,-7.66046461325713,0.13317290566571716,0.1098979353151731,5.7149167671420225,5.248775005753888,10.870583403925364,0.11752214070762719,1271.0,-0.07757128130205328,-0.07194738938755392,0.2963685742074622,0.1745688096335893,1.5318908222606857,0.8862474449682245,0.5512552600405402,0.22861443890573158,1275.0,0.09914015330841859,0.0697467412782421,2.783433315678791,2.461970632165739,9.211530388523745,0.09019791789973837,1275.0,,,,
pinned_sig&translation,operator,pinned_sig&translation,primary,miss0,True,436,436,False,436.0,1220.0,0.35737704918032787,105.0,0.0,7.979795511068905,1.143518920269979,1.2686260410155419,5.388724785537628,0.009950248756218905,0.004975124378109453,30.334843686438695,6.7103173132432685,5.728012245300217,4.124384753642791,0.009950248756218905,0.004975124378109453,114.96617793157192,31.275579217577604,7.34262947860604,11.397905744507558,0.009950248756218905,0.004975124378109453,13.799714411578105,2.153922698697796,2.3302670705877198,4.997621028023671,0.06940993998964194,0.06940993998964194,0.08168511990410457,0.0755165421073244,0.06490489511469683,0.0357387776378834,0.16606316007343272,0.03645183306915977,0.03594089765224269,0.1282905990835724,0.03594089765224269,0.1282905990835724,0.03450543784031088,0.1424131478616047,200,-0.09846230507104302,-0.03487228216991764,-4.709172889217428,0.21742962654382564,0.05876920923950111,6.793688778675205,0.01834862385321101,0.1536697247706422,0.18361859061490587,2319.5,,,0.996318687898051,,0.00030181951227527834,0.1651,transferred,0.996318687898051,table,0.55,0.10876152832674574,True,-0.02707640842264117,0.05730163174668698,0.05,0.03168511990410457,8.397905744507558,0.00030181951227527834,0.7510479225586354,0.2489520774413646,5.1155557768002575,3.9358395430136155,15.584798845823656,0.06588061781580958,0.06940993998964194,-6.818649898354193,0.2851953489404618,31.275579217577604,-2.115599012578768,0.12125188830001664,0.10656692851434532,7.129624679758885,6.247952138029468,11.554297276378083,0.10813974055718416,433.0,0.11805373660846429,0.12215712628144325,0.06578197498401031,0.041634286339646616,2.2226319424955125,0.5528752435602987,3.2996024449788393,0.061721793507529744,436.0,0.07544709022195431,0.05451916163198294,3.2167300667642027,2.6105962233032867,10.00522663806338,0.0701541627737198,436.0,0.30792267931378997,53.35697267131538,-78.25457909683179,-136.81188250465166
pinned_sig&translation|depthT1,operator,pinned_sig&translation,depth,depthT1,True,145,436,False,145.0,452.0,0.32079646017699115,105.0,0.0,2.3495887589545976,0.3594943489215659,0.3630120010216946,5.482172502374373,0.009950248756218905,0.004975124378109453,9.954889245770667,2.183424587486872,1.854263449172454,4.191132959964319,0.009950248756218905,0.004975124378109453,36.86673690218281,9.160399006298292,2.5186158063478676,11.000620986358472,0.009950248756218905,0.004975124378109453,3.8885589288988434,0.6402884646280463,0.6528846254179257,4.975259544810859,0.06373194256895252,0.06373194256895252,0.07182812891084532,0.0670145958791309,0.05991353650153393,0.03838686420162215,0.1649595621671434,0.03484631967201913,0.03861194305613788,0.12891339509488517,0.03861194305613788,0.12891339509488517,0.036967500587870565,0.14160110530472142,200,-0.07048067793879557,-0.02330243709023823,-3.4367820280121544,0.20110792271516056,0.06103807060367955,6.214624210113824,0.013793103448275862,0.13793103448275862,0.14942451675667462,679.0,,,0.9879301933868372,,0.0008775434045265237,0.1408,transferred,0.9879301933868372,table,0.55,0.09013035381750467,True,-0.01830222490665935,0.07482920834963872,0.05,0.021828128910845318,8.000620986358472,0.0008775434045265237,0.7969360583703292,0.20306394162967079,5.12655115023139,4.279687994869047,13.640627876128642,0.06120655636930984,0.06373194256895252,-5.140972469859642,0.2609133297946905,9.160399006298292,-0.6205281410198037,0.1114478735598424,0.10428280058894389,7.310075749193577,6.63260100840109,10.937820849130288,0.10027269493340017,142.0,0.09601552634592561,0.10298826117443934,0.0491071935406112,0.05404591136984627,1.8210516790559736,1.6294851075881605,3.4651193947797583,0.046808556687978,145.0,0.0791224770642041,0.06419621924570179,4.783175722662699,3.7551835951490298,10.037631115409857,0.07332112781068185,145.0,0.2899963247966302,15.087270078220861,-29.41533674164095,-47.59213338700023
pinned_sig&translation|depthT2,operator,pinned_sig&translation,depth,depthT2,True,145,436,False,145.0,477.0,0.3039832285115304,105.0,0.0,2.852171322560447,0.2718285602989118,0.5439716071593726,4.743524713975645,0.009950248756218905,0.004975124378109453,9.797264320189473,0.9281590768302231,2.263170711492093,3.918884774499362,0.009950248756218905,0.004975124378109453,36.537881432924095,10.555912389640964,2.1782467921433417,11.927927146270466,0.009950248756218905,0.004975124378109453,5.133053007399289,0.6459344139509846,1.0205296232158536,4.396852860878912,0.07806066500589086,0.07806066500589086,0.0993128256739497,0.09034082324388831,0.0724084159080828,0.023734517207861728,0.20958975044414935,0.04954207707794567,0.024271044888948025,0.14893642769861054,0.024271044888948025,0.14893642769861054,0.023183902343835754,0.17327341680453076,200,-0.12796737608498426,-0.05347590110442095,-4.49355113581025,0.24003077785381527,0.07096139789130039,6.084836210814258,0.020689655172413793,0.1310344827586207,0.21833880323271126,2316.0,,,0.9959916895080092,,0.00039967867737408905,0.1736,transferred,0.9959916895080092,table,0.55,0.11553727008712489,True,-0.016224444413175193,0.09405248035702446,0.05,0.04931282567394969,8.927927146270466,0.00039967867737408905,0.8595739331478008,0.14042606685219916,4.336033056840208,3.374187815092138,15.644738060503515,0.07324841148379548,0.07806066500589086,-7.134878211308915,0.30184114982296023,10.555912389640964,-0.6771005682273593,0.14189805129764524,0.11601432152362276,6.4890996000916426,5.731953383042655,11.968218203644517,0.1242650787751089,145.0,0.10808801026934808,0.11372687318806401,0.07943280892012648,0.029452717749698355,1.7853173376287563,1.7368680053803436,3.325385334551633,0.07358754362820576,145.0,0.09311942601910213,0.05679497411735788,2.75386702253485,2.474448277011977,9.576187515733137,0.08518687327534043,145.0,0.3244168932982002,16.490396612269283,-24.09979001175715,-43.591310910270664
pinned_sig&translation|depthT3,operator,pinned_sig&translation,depth,depthT3,True,146,436,False,146.0,291.0,0.5017182130584192,105.0,0.0,2.778035429553861,0.5121960110495012,0.5101327792417676,4.441665995022267,0.009950248756218905,0.004975124378109453,10.582690120478553,3.5987336489261734,2.560853764842332,2.7271984708515253,0.009950248756218905,0.004975124378109453,41.56155959646502,11.559267821638354,3.393888458577562,8.840093639200255,0.009950248756218905,0.004975124378109453,4.7781024752799715,0.8676998201187653,0.937352319458399,4.171753324748406,0.06684146255642785,0.06684146255642785,0.07552221128672264,0.0702191089074489,0.06265360402871711,0.012066038225085856,0.19094435950907998,0.04882194550111328,0.02215625925324001,0.14271854929208666,0.02215625925324001,0.14271854929208666,0.011920580495385318,0.16033001188575408,200,-0.09694929573648409,-0.027886684848345958,-3.94660967916699,0.21119318897675685,0.04440720751130407,5.319663038571179,0.02054794520547945,0.1917808219178082,0.18309605554546576,9334.5,,,0.9991863672901037,,6.14973777046517e-05,0.1857,transferred,0.9991863672901037,table,0.65,0.14823160997175489,True,-0.07270939868503225,0.042712749537325095,0.05,0.025522211286722635,5.840093639200255,6.14973777046517e-05,0.5094878973594983,0.4905121026405017,4.096502564213132,2.7310484339729735,12.507958111500233,0.06354518538644661,0.06684146255642785,-4.356610817445885,0.29205699436107607,11.559267821638354,-0.8179703033316048,0.11218285342021277,0.100286215373929,5.5472127746998945,4.258791053103424,9.001107675288775,0.10086727472485772,146.0,0.14938562822800092,0.1491733286357894,0.07380988690760348,0.04295932020540666,1.199318948296619,-1.2448234072646753,2.027980574715448,0.0687364568044385,146.0,0.057903988725111544,0.04506483688984144,2.112534619620324,1.3756226549107535,8.202652784140692,0.054734635035162404,146.0,0.3098900002590786,21.779305980825246,-24.739452343433694,-45.62843820738075
pinned_sig&translation|miss<=5,operator,pinned_sig&translation,miss,miss<=5,True,437,436,False,437.0,1276.0,0.34247648902821315,105.0,0.0,7.976992760697886,1.1425771919610863,1.2693989273452158,5.383977740575297,0.009950248756218905,0.004975124378109453,30.297376746027055,6.694893087244207,5.741285499643253,4.111010271175234,0.009950248756218905,0.004975124378109453,115.20821551235994,31.3702234314163,7.3516051503247235,11.404039031835175,0.009950248756218905,0.004975124378109453,13.795558903423201,2.1522119772933266,2.3315323562643653,4.993860323167512,0.06923979097516779,0.06923979097516779,0.08151931360830218,0.07537481077090255,0.06475609265534323,0.03565064434982838,0.16612507146810632,0.03640310077569816,0.03584059440995611,0.12819880959889787,0.03584059440995611,0.12819880959889787,0.034423251237700805,0.14245863195879435,200,-0.09841384276092384,-0.03486283762090088,-4.713133796478424,0.21750885010204543,0.0584973198163551,6.820587597044063,0.018306636155606407,0.15331807780320367,0.18322656025400727,2323.0,,,0.9963078090686331,,0.00030210028235871234,0.1651,transferred,0.9963078090686331,table,0.55,0.10876152832674574,True,-0.027242214718443555,0.05736354314136058,0.05,0.03151931360830218,8.404039031835175,0.00030210028235871234,0.7495234285730025,0.25047657142699753,5.112572063162927,3.9284228857062344,15.606035217745067,0.0657170803164949,0.06923979097516779,-6.835661691410844,0.2854617050706881,31.3702234314163,-2.123483398525711,0.12102974094098398,0.10636175477035291,7.118257812036914,6.228124590817549,11.563784463800042,0.10796300626189678,434.0,0.11782053233577547,0.12194196322831001,0.06481921663499986,0.040572510981174204,2.2124946456578973,0.5444005168839231,3.322579479211759,0.060873447456967406,437.0,0.07526816831903396,0.05439409224168819,3.2161802844004486,2.609762351737771,10.025369195178106,0.0699994387787938,437.0,0.30799176099638637,53.38574903253701,-78.51792498117136,-137.22422723541834
