arm,set,parent,kind,stratum,selected,n_genes,n_complete,mnar_exposed,n_sel,G_tested,s,median_n_fit,median_miss_frac,N_set,N_null_mean,N_null_sd,N_z,N_p2,N_p_up,Nc_set,Nc_null_mean,Nc_null_sd,Nc_z,Nc_p2,Nc_p_up,D_set,D_null_mean,D_null_sd,D_z,D_p2,D_p_up,Nc_rhow_set,Nc_rhow_null_mean,Nc_rhow_null_sd,Nc_rhow_z,theta_raw,theta_set,theta_pc,lambda_hat_noise,lambda_hat_noise_raw,theta_pc_ci_lo,theta_pc_ci_hi,theta_pc_boot_se,theta_raw_ci_lo,theta_raw_ci_hi,theta_ci_lo,theta_ci_hi,lambda_ci_lo,lambda_ci_hi,n_boot,S_cross_mean,S_cross_null_mean,S_cross_z,Wm_mean,Wm_null_mean,Wm_z,frac_Nc_below_band,frac_Nc_above_band,rho2bar,median_cnt_depth,median_icc,mean_icc,median_lambda_poisson_ub,fX_if_lambda_icc,fX_if_lambda_poisson,lambda_lo,lambda_lo_source,lambda_hi,kappa_source,kappa,theta_noise_min,theta_reading_ok,margin_theta_pc_minus_tnm,margin_ci_hi_minus_tnm,r1_band_limit,margin_abs_theta_pc_minus_band,z_D_minus_gate,fX_lo,fX_hi,post_share_lb
operator,all,all,primary,miss0,False,7904,7904,False,,7919.0,,105.0,0.0,72.60674971217226,-10.48006631131053,20.373283100919,4.078224192532567,0.009950248756218905,0.004975124378109453,238.89456520791606,-39.360692529619016,77.70010677411685,3.581143827079352,0.009950248756218905,0.004975124378109453,904.5922196963015,231.25600609715687,56.7764964584983,11.859418167715415,0.009950248756218905,0.004975124378109453,151.26784098463258,-19.945160548634227,43.81160469435327,3.9079372400923233,0.0802646188318406,0.0802646188318406,0.12339573358064863,0.10984173242971468,0.07430088649819512,-0.00953744227466659,0.35929854268710193,0.0967034244594092,-0.018240512629328694,0.23220208042224896,-0.018240512629328694,0.23220208042224896,-0.009630018368107405,0.26425158082612415,200,-0.08713632031793932,-0.033903949092526996,-4.548064377382322,0.2369373765482899,0.057164433548268875,8.11033737025517,0.03226214574898786,0.12930161943319837,0.3033217243655536,1646.5,,,0.9953213092100786,,0.000580044330285233,0.1651,transferred,0.9953213092100786,unselected,1.0,0.19774823332135585,True,-0.07435249974070722,0.16155030936574608,0.05,0.07339573358064863,8.859418167715415,0.000580044330285233,0.6240042275377562,0.3759957724622438
operator,all|depthT1,all,depth,depthT1,False,2635,7904,False,,2650.0,,105.0,0.0,23.1037016739065,-0.9383396004663456,5.6879845566439915,4.226811981458344,0.009950248756218905,0.004975124378109453,82.80213316644075,-2.2853242429494083,22.373793016839855,3.802996539091439,0.009950248756218905,0.004975124378109453,293.519546973123,67.83678695064638,19.75973004158755,11.421348345725914,0.009950248756218905,0.004975124378109453,48.02926519072051,-1.1699403841506872,12.14773239677038,4.0500732126723005,0.0787126510386106,0.0787126510386106,0.10653025189863155,0.09627414317488603,0.07296906267190262,0.0057313796298085395,0.2960038352940112,0.07011974121446345,0.0003295047825975705,0.2030745939501371,0.0003295047825975705,0.2030745939501371,0.00569733240104692,0.2283971808245376,200,-0.06387666759732098,-0.020911104754031573,-4.315745031988731,0.22685060818285963,0.052807622935063386,8.567070636650088,0.03377609108159393,0.1206831119544592,0.26965569868587164,515.0,,,0.9869463240518592,,0.0014090040694912957,0.1408,transferred,0.9869463240518592,unselected,1.0,0.1638733705772812,True,-0.05734311867864966,0.13213046471672998,0.05,0.05653025189863155,8.421348345725914,0.0014090040694912957,0.6500766507905129,0.3499233492094871
operator,all|depthT2,all,depth,depthT2,False,2633,7904,False,,2633.0,,105.0,0.0,20.95031751085955,-4.626316996404251,7.438343683883388,3.4384851781829506,0.009950248756218905,0.004975124378109453,67.52788061585821,-18.61798567922009,28.462834516277937,3.026608830747737,0.009950248756218905,0.004975124378109453,284.0004049342042,75.88399968049326,18.238951139570332,11.410546783153105,0.009950248756218905,0.004975124378109453,45.14676502355412,-8.118339250253555,15.981275202137018,3.3329695909801402,0.07376861844867162,0.07376861844867162,0.12289581148628714,0.109445426930233,0.0687006652841549,-0.04409843131251897,0.42976211802183467,0.12206132028672163,-0.048790840815545154,0.25760628318351536,-0.048790840815545154,0.25760628318351536,-0.04613353935103483,0.3005070336026832,200,-0.09054690916963296,-0.03589740645586241,-4.115819135531193,0.24125941522374483,0.06173155551588519,7.579531236799178,0.03266236232434486,0.11659703759969617,0.305635569618649,1646.0,,,0.9949774000495417,,0.0006203723789623987,0.1736,transferred,0.9949774000495417,unselected,1.0,0.21006776379477252,True,-0.08717195230848537,0.21969435422706216,0.05,0.07289581148628714,8.410546783153105,0.0006203723789623987,0.5850293698863347,0.4149706301136653
operator,all|depthT3,all,depth,depthT3,False,2636,7904,False,,2636.0,,105.0,0.0,28.552730527406208,-4.915409714439935,8.16911459838753,4.0969115855532605,0.009950248756218905,0.004975124378109453,88.56455142561708,-18.457382607449514,30.36006468226921,3.5250891311693815,0.009950248756218905,0.004975124378109453,327.0722677889743,87.53521946601717,20.444647580010106,11.716369645675188,0.009950248756218905,0.004975124378109453,58.09181077035798,-10.65688091422998,17.628516033345452,3.8998570018341567,0.08729792568603927,0.08729792568603927,0.13972009956774012,0.12259159035690566,0.08028887356789349,0.03321338240236265,0.45322433158690584,0.11693268393550292,0.010735070037509826,0.3092961783990962,0.010735070037509826,0.3092961783990962,0.032143857472189216,0.311856899272079,200,-0.10698044189317452,-0.04490067579748656,-4.673660307058091,0.24270319855528377,0.05695766716930934,7.626934097893112,0.030349013657056147,0.15060698027314112,0.33466376651827057,4466.5,,,0.998284444100136,,0.00024010956251962364,0.1857,transferred,0.998284444100136,unselected,1.0,0.22804863072577675,True,-0.08832853115803663,0.2251757008611291,0.05,0.08972009956774012,8.716369645675188,0.00024010956251962364,0.6126767747873494,0.3873232252126506
operator,all|miss0-5,all,miss,miss0-5,False,607,7904,False,,611.0,,101.0,0.03809523809523807,4.088645280432878,0.35171039757043915,0.9686869732610849,3.857732152918344,0.009950248756218905,0.004975124378109453,11.881630146674404,0.05559497517326634,3.769647547668983,3.1371726459716216,0.009950248756218905,0.004975124378109453,33.224881974722635,9.99960062813456,2.918710366189541,7.957377893891315,0.009950248756218905,0.004975124378109453,7.166102252526719,0.611772001233021,1.7842319491495284,3.6734743228972464,0.1230597382872121,0.1230597382872121,0.1608994451820243,0.1385989508822583,0.10957541624178564,0.041431149989618554,0.48978192413950844,0.12156283231226736,0.038787560214494636,0.3102939082391503,0.038787560214494636,0.3102939082391503,0.03978202755451207,0.3287607446717075,200,-0.027850940790616337,-0.012892722939460801,-2.1250868146035127,0.21942184816330493,0.04849794200371292,8.767856413810206,0.032948929159802305,0.08237232289950576,0.2107407013149411,892.0,,,0.9933966477826949,,0.0010695382458531313,0.1651,transferred,0.9933966477826949,unselected,1.0,0.19774823332135585,True,-0.03684878813933157,0.29203369081815256,0.05,0.11089944518202428,4.957377893891315,0.0010695382458531313,0.8136580665201216,0.18634193347987837
operator,all|miss5-20,all,miss,miss5-20,False,881,7904,False,,883.0,,93.0,0.11428571428571432,4.101522364231489,0.10891480327742206,1.201260767251042,3.3236809773540896,0.009950248756218905,0.004975124378109453,12.602154107838501,-0.5714968875238404,4.834304318272861,2.725035522808969,0.01990049751243781,0.009950248756218905,42.05980809845198,10.360536366056236,3.3199489852201083,9.54812012880798,0.009950248756218905,0.004975124378109453,7.9888262378069665,0.4984600325926256,2.1359266297255846,3.506846209495817,0.09751643076047334,0.09751643076047334,0.12595265893360372,0.11186319241245384,0.08885190966380689,-0.012459292413602708,0.5494928176058517,0.15561270728097557,-0.002761254053410475,0.31481388364241664,-0.002761254053410475,0.31481388364241664,-0.012635702511472958,0.35462049086924186,200,-0.024145546798896425,-0.007296115185134662,-2.8829100511413484,0.21610599054544324,0.04723155451736888,10.03388254178287,0.03745743473325766,0.07264472190692395,0.2062677247335908,689.0,,,0.9917216879757117,,0.001051379054812676,0.1651,transferred,0.9917216879757117,unselected,1.0,0.19774823332135585,True,-0.07179557438775214,0.35174458428449584,0.05,0.07595265893360371,6.54812012880798,0.001051379054812676,0.6369344333353467,0.3630655666646533
operator,all|miss20+,all,miss,miss20+,False,1309,7904,False,,1311.0,,63.0,0.4,3.209049296983321,-0.5219816562164411,1.8596167208754641,2.006344055372485,0.03980099502487562,0.01990049751243781,8.129329550214562,-3.29619831111772,4.756941730122933,2.401864161795611,0.01990049751243781,0.009950248756218905,34.212106188326835,-1.5664947313800335,6.941796041931984,5.154084145311371,0.009950248756218905,0.004975124378109453,5.481302701124896,-0.5184914197499996,2.1602350794052536,2.777380192588453,0.09379864774528988,0.09379864774528988,0.10428107464494814,0.09443345271354661,0.08575494944946443,-1.237473744074754,2.166519804811206,4.393190699327876,-0.9758349678361505,1.657474174693444,-0.9758349678361505,1.657474174693444,-0.41369648731166786,0.6846072561987071,200,-0.011781338559179474,-0.00456882287362848,-1.78586914499147,0.17478155078579044,0.03545103344756857,10.522641780342427,0.02750190985485103,0.05500381970970206,0.19904709357554604,538.0,,,0.9910564429187292,,0.0009410601689210117,0.1651,transferred,0.9910564429187292,unselected,1.0,0.19774823332135585,True,-0.09346715867640772,1.9687715714898504,0.05,0.054281074644948135,2.154084145311371,0.0009410601689210117,0.5273426361057977,0.4726573638942023
operator,all|miss<=5,all,miss,miss<=5,False,8511,7904,False,,8530.0,,105.0,0.0,76.69539499260515,-10.12835591374009,20.97808034149247,4.138784364106798,0.009950248756218905,0.004975124378109453,250.77619535459044,-39.30509755444576,80.09976487495311,3.6214999302668804,0.009950248756218905,0.004975124378109453,937.8171016710241,241.25560672529144,58.743573768756626,11.857662894119084,0.009950248756218905,0.004975124378109453,158.4339432371593,-19.333388547401206,44.924158211018245,3.957054263533439,0.08178075965553147,0.08178075965553147,0.12464621076005566,0.11083148599755435,0.075598275274902,-0.0065790866730466415,0.36312324761308384,0.09552315875799437,-0.015269485571302793,0.2310999138708383,-0.015269485571302793,0.2310999138708383,-0.006623865799796309,0.26631851926872663,200,-0.08290811853517759,-0.032405439601878284,-4.522255588889027,0.23568817836597453,0.05654634397388919,8.253885494826458,0.032311126777111975,0.12595464692750558,0.2967188949692756,1572.0,,,0.9951828938731783,,0.000603340380179298,0.1651,transferred,0.9951828938731783,unselected,1.0,0.19774823332135585,True,-0.07310202256130019,0.165375014291728,0.05,0.07464621076005566,8.857662894119084,0.000603340380179298,0.6303278095915837,0.36967219040841626
operator,pinned_sig,pinned_sig,primary,miss0,True,2205,2205,False,2205.0,7919.0,0.2784442480111125,105.0,0.0,35.40805827480571,-1.956300679718137,6.468657070196734,5.776215766124618,0.009950248756218905,0.004975124378109453,117.29466549781867,-5.010858458730524,24.41791441547786,5.00884399361409,0.009950248756218905,0.004975124378109453,500.27138303660024,139.15770783035993,27.503822236186558,13.129581485264472,0.009950248756218905,0.004975124378109453,65.7793778860779,-3.7574601192796426,13.133948104175673,5.294435264537836,0.07077770081486998,0.07077770081486998,0.10346979779479193,0.0937676753832041,0.06609934140485706,0.03837954053671565,0.23312394257004845,0.046593333147117874,0.022893820349840544,0.15941250238039872,0.022893820349840544,0.15941250238039872,0.03696097570033869,0.18905150867102236,200,-0.15312528914213824,-0.06279594933592172,-7.004905424604099,0.23345704602826697,0.052636294198108134,8.096238671169766,0.02585034013605442,0.181859410430839,0.2694688580494521,1850.0,,,0.9958039970815208,,0.00043598898457309455,0.1651,transferred,0.9958039970815208,table,0.55,0.10876152832674574,True,-0.005291730531953809,0.12436241424330272,0.05,0.053469797794791926,10.129581485264472,0.00043598898457309455,0.9513455666413938,0.0486544333586062
operator,pinned_sig|depthT1,pinned_sig,depth,depthT1,True,735,2205,False,735.0,2975.0,0.24705882352941178,105.0,0.0,11.011628982584469,0.5192314141283109,1.8089828120413165,5.800164323626816,0.009950248756218905,0.004975124378109453,39.7115801617049,3.25198641813039,7.1518050752941145,5.097956859803695,0.009950248756218905,0.004975124378109453,173.89337541015107,44.7073495955203,10.20045694512905,12.66472928708552,0.009950248756218905,0.004975124378109453,20.335971872391468,1.146162167804052,3.7033411830241922,5.181755813521019,0.06332402805231684,0.06332402805231684,0.08121929211996749,0.07511824170351165,0.059552898628940996,0.03599433807120513,0.1596203104910741,0.032165373202770645,0.02960944840517972,0.122439136881916,0.02960944840517972,0.122439136881916,0.03474368749125007,0.13764820939080027,200,-0.12321185028655593,-0.04455126054919001,-6.6808554267592335,0.21781790224331557,0.04335837209022428,8.459229264784062,0.034013605442176874,0.15918367346938775,0.22495453355963907,536.0,,,0.9869933541244168,,0.001070311736604457,0.1408,transferred,0.9869933541244168,table,0.55,0.09013035381750467,True,-0.008911061697537179,0.06948995667356944,0.05,0.03121929211996749,9.66472928708552,0.001070311736604457,0.901131402240135,0.098868597759865
operator,pinned_sig|depthT2,pinned_sig,depth,depthT2,True,735,2205,False,735.0,2722.0,0.2700220426157237,105.0,0.0,10.13092522741383,-1.7276747330748765,2.5154867115887414,4.714236774082978,0.009950248756218905,0.004975124378109453,32.382562874046606,-7.092720528667957,9.465332058628183,4.170512260764336,0.009950248756218905,0.004975124378109453,159.27113631988811,47.64248619483211,8.507118021947415,13.121793989112005,0.009950248756218905,0.004975124378109453,19.29222847738706,-2.9455257722425103,5.10178715943101,4.358816539126202,0.06360804262152292,0.06360804262152292,0.10623258408306187,0.09603096637323907,0.059804025611488704,0.02120375890626224,0.28639161708142985,0.06399455517051014,0.0035809937019863625,0.1741034094278914,0.0035809937019863625,0.1741034094278914,0.020763300384340985,0.22262989389383253,200,-0.17138233254066593,-0.07498122465153316,-6.28730581014407,0.24584822413973947,0.06100967517295754,7.261334955455098,0.02312925170068027,0.16326530612244897,0.2865875236609627,1850.0,,,0.9955241035098723,,0.0004776238451265752,0.1736,transferred,0.9955241035098723,table,0.55,0.11553727008712489,True,-0.00930468600406302,0.17085434699430496,0.05,0.056232584083061865,10.121793989112005,0.0004776238451265752,0.9194659351303134,0.08053406486968662
operator,pinned_sig|depthT3,pinned_sig,depth,depthT3,True,735,2205,False,735.0,2222.0,0.33078307830783077,105.0,0.0,14.265504064807411,-0.7478573607715705,2.475475942903624,6.0648383469923655,0.009950248756218905,0.004975124378109453,45.200522462067156,-1.170124348192955,9.187657676655999,5.04705861299977,0.009950248756218905,0.004975124378109453,167.10687130656106,46.80787204000754,9.794736610755242,12.282004513981272,0.009950248756218905,0.004975124378109453,26.15117753629938,-1.9580965148411855,5.016046362669422,5.603870462668824,0.08536754924121011,0.08536754924121011,0.12480038501661181,0.1109533626402241,0.07865312474183636,0.056673449432366775,0.2789378589452207,0.05758639662562808,0.03712643202747351,0.17949814677780224,0.03712643202747351,0.17949814677780224,0.05363383499420648,0.21810099316465417,200,-0.16478168459919285,-0.06885536280704199,-7.032273382322337,0.23670501170174588,0.05354083533114259,7.636283542610218,0.02040816326530612,0.22312925170068026,0.2968645169277547,5461.0,,,0.998674884176032,,0.0001655943967783417,0.1857,transferred,0.998674884176032,table,0.55,0.1254267468991772,True,-0.0006263618825654016,0.1535111120460435,0.05,0.0748003850166118,9.282004513981272,0.0001655943967783417,0.9950061538065013,0.004993846193498741
operator,pinned_sig|miss0-5,pinned_sig,miss,miss0-5,True,32,2205,False,32.0,611.0,0.05237315875613748,101.0,0.03809523809523807,0.4383287371384276,0.040959530408272805,0.1222896684446974,3.249409470022855,0.009950248756218905,0.004975124378109453,1.3986002090818446,0.05495770954673596,0.47375111902101436,2.83617799639542,0.01990049751243781,0.009950248756218905,7.539850703206918,2.329984584796897,0.4655525504270557,11.19071544905288,0.009950248756218905,0.004975124378109453,0.8458979513790359,0.10935937559479089,0.22928619627000635,3.2123110233679335,0.05813493587505568,0.05813493587505568,0.07627244111436521,0.07086722487792518,0.05494094741988582,-0.010676169684612286,0.2283565380102061,0.05645232452562779,-0.0014912502630612388,0.15248484553944802,-0.0014912502630612388,0.15248484553944802,-0.01079144983686588,0.18590409593966375,200,-0.12428927088978098,-0.054519756223834905,-4.068115990207451,0.21544111697741872,0.04195379335270386,6.762811088741008,0.0,0.15625,0.2065877710133233,1067.0,,,0.9939075846416199,,0.0004675317895213126,0.1651,transferred,0.9939075846416199,table,0.4,0.07909929332854235,True,-0.002826852214177139,0.14925724468166376,0.1,-0.023727558885634797,8.19071544905288,0.0004675317895213126,0.9642619788973882,0.03573802110261182
operator,pinned_sig|miss5-20,pinned_sig,miss,miss5-20,True,47,2205,False,47.0,883.0,0.053227633069082674,94.0,0.10476190476190472,0.8410335286027943,0.23511369946426255,0.16039502888326423,3.7776721221174583,0.009950248756218905,0.004975124378109453,3.032668755129849,1.0191754136342517,0.6328779680980838,3.181487495206256,0.009950248756218905,0.004975124378109453,10.448121204465975,2.7623333021934204,0.5319689547214506,14.447812854599729,0.009950248756218905,0.004975124378109453,1.4459438574755499,0.4651545843843487,0.2960709332936833,3.3126834241385033,0.08049614970424544,0.08049614970424544,0.07883639736654348,0.07307539637982585,0.07449924715259647,0.006720521229482365,0.23686800477047623,0.05693227961891088,0.028085476675416512,0.18998165031712347,0.028085476675416512,0.18998165031712347,0.0066756564915345425,0.19150188868327328,200,-0.1089693457054095,-0.02838193576571957,-5.509682423680994,0.18804380123301892,0.02144916641453408,7.6248381300329005,0.0,0.10638297872340426,0.22738940389997694,667.0,,,0.9898934262791346,,0.0008049006496258288,0.1651,transferred,0.9898934262791346,table,0.4,0.07909929332854235,True,-0.00026289596199886855,0.15776871144193388,0.1,-0.021163602633456527,11.447812854599729,0.0008049006496258288,0.996676380395626,0.003323619604373995
operator,pinned_sig|miss20+,pinned_sig,miss,miss20+,True,19,2205,False,19.0,1311.0,0.014492753623188406,60.0,0.4285714285714286,0.4914158509990198,0.035902457797776524,0.20170132703795876,2.258355955761852,0.03980099502487562,0.01990049751243781,0.9543960950899264,-0.0071320108868213605,0.5252071327599356,1.830759801231123,0.07960199004975124,0.03980099502487562,6.037578983338922,1.4576786439282043,0.5713489306375787,8.015942787010948,0.009950248756218905,0.004975124378109453,0.6214283671839868,0.029476382329322884,0.24130789249488893,2.4530983165716465,0.0813928649803361,0.0813928649803361,0.0994592369797839,0.09046195951111254,0.07526669318445718,-0.07109528118316283,0.4653423448186857,0.7767752701029762,-0.03815770847401875,0.2959918113322633,-0.03815770847401875,0.2959918113322633,-0.07653717285590289,0.31687429149287705,200,-0.0990684702297616,-0.03354387044970667,-2.1435274132004247,0.1829176415653961,0.051020005780309435,3.6955159465138188,0.05263157894736842,0.10526315789473684,0.16790213511550642,619.0,,,0.9910564429187292,,0.0008975466226410302,0.1651,transferred,0.9910564429187292,table,0.3,0.05932446999640675,False,0.040134766983377146,0.4060178748222789,0.1,-0.0005407630202161062,5.015942787010948,0.0008975466226410302,1.0,-0.6765297184417844
operator,pinned_sig|miss<=5,pinned_sig,miss,miss<=5,True,2237,2205,False,2237.0,8530.0,0.2622508792497069,105.0,0.0,35.84638701194413,-1.9153411493098635,6.502943418540918,5.806867095535438,0.009950248756218905,0.004975124378109453,118.69326570690049,-4.955900749183787,24.55143789962949,5.0363309457304855,0.009950248756218905,0.004975124378109453,507.8112337398071,141.48769241515683,27.775504428060202,13.188726860872846,0.009950248756218905,0.004975124378109453,66.62527583745694,-3.648100743684852,13.20201734118354,5.322927153104458,0.07058998428993232,0.07058998428993232,0.10308299604416651,0.09344990033736242,0.0659355918939883,0.038011863689710525,0.2310110860732286,0.04620798788874076,0.024164012033854494,0.15782768301252129,0.024164012033854494,0.15782768301252129,0.03661987342791376,0.18765961358003017,200,-0.1527127935748269,-0.06267755944786325,-7.037949253674367,0.2331993304584739,0.052483482384494844,8.13200891702978,0.02548055431381314,0.18149307107733573,0.2685693521106251,1845.0,,,0.9957895526523783,,0.0004358606957895747,0.1651,transferred,0.9957895526523783,table,0.55,0.10876152832674574,True,-0.005678532282579224,0.12224955774648286,0.05,0.05308299604416651,10.188726860872846,0.0004358606957895747,0.9477891459421245,0.05221085405787551
operator,ecm,ecm,primary,miss0,False,197,197,False,,197.0,,105.0,0.0,3.0402177755694435,0.25151244115484866,0.8682718243301204,3.2117883550650816,0.009950248756218905,0.004975124378109453,9.24428047702402,0.570878678265585,3.124261962938409,2.776144222746606,0.009950248756218905,0.004975124378109453,25.834103435197164,5.624615706193494,2.116170286958688,9.55002905652186,0.009950248756218905,0.004975124378109453,6.56149299635805,0.8527816640215452,1.9367168586413401,2.9476230905230625,0.1176823412198373,0.1176823412198373,0.13798990710746128,0.12125758431215224,0.10529140246717945,-0.03696315283883917,0.4018533207961353,0.11793146174705522,-0.014334549872115333,0.30623853458942474,-0.014334549872115333,0.30623853458942474,-0.03838359659242973,0.2866377890126756,200,-0.11639903558316775,-0.03368285686625081,-4.956295407697186,0.29824524706753786,0.021884460507809525,7.434445898313459,0.025380710659898477,0.116751269035533,0.3705596145537012,2635.0,,,0.998356989222184,,0.00022709201924256381,0.1651,transferred,0.998356989222184,unselected,1.0,0.19774823332135585,True,-0.05975832621389457,0.20410508747477943,0.05,0.08798990710746128,6.5500290565218595,0.00022709201924256381,0.6978060172260413,0.3021939827739587
operator,ecm|depthT1,ecm,depth,depthT1,False,66,197,False,,66.0,,105.0,0.0,1.464079297935765,0.2514119291878442,0.2931614807150189,4.136516727198379,0.009950248756218905,0.004975124378109453,4.9887090467102535,0.9668717378689173,1.1147564937630712,3.6078168921580933,0.009950248756218905,0.004975124378109453,9.452345858315272,1.9970673147611173,0.8947847305281929,8.331924192708668,0.009950248756218905,0.004975124378109453,2.9330728639627437,0.6371826343359784,0.6209829006714547,3.6971875186003853,0.1548905763586515,0.1548905763586515,0.16265889485730814,0.13990250758565873,0.1341171012469585,0.026152235096454583,0.42384140925724056,0.10689073186629201,0.04709656530865483,0.34786404340304056,0.04709656530865483,0.34786404340304056,0.0254850398204154,0.297664298720216,200,-0.07453682986091599,-0.020358617438538243,-3.758903356079093,0.26948902373466826,-0.004672676117073765,7.341704221691187,0.015151515151515152,0.15151515151515152,0.29687653054315094,492.0,,,0.9927963116276313,,0.0011802461147593644,0.1408,transferred,0.9927963116276313,unselected,1.0,0.1638733705772812,True,-0.0012144757199730738,0.2599680386799593,0.1,0.06265889485730813,5.331924192708668,0.0011802461147593644,0.9925889379360734,0.00741106206392661
operator,ecm|depthT2,ecm,depth,depthT2,False,65,197,False,,65.0,,105.0,0.0,1.0609580808636032,-0.13700663656028905,0.3233857817062885,3.7044446144262775,0.009950248756218905,0.004975124378109453,2.8069552283877597,-0.7776097596065112,1.209436471427046,2.963830736611364,0.009950248756218905,0.004975124378109453,8.016666203082458,1.449860241195334,0.7588955668664896,8.653108871095045,0.009950248756218905,0.004975124378109453,2.2545574338545107,-0.23040581315420516,0.7255913211636501,3.4247422406093753,0.1323440510041017,0.1323440510041017,0.18242730550844985,0.15428204732637257,0.11687618342388618,-0.00332982762541765,0.5179847831380593,0.141122524933539,-0.017443511012233338,0.36154555831722673,-0.017443511012233338,0.36154555831722673,-0.0033430009018080797,0.3412312270510467,200,-0.10626321662121317,-0.03363390188188016,-3.572830887778101,0.2936465170298416,0.044091635697730745,7.69936925818594,0.06153846153846154,0.16923076923076924,0.37721689122299135,2635.0,,,0.9983412466267447,,0.00030310468430354943,0.1736,transferred,0.9983412466267447,unselected,1.0,0.21006776379477252,True,-0.027640458286322667,0.30791701934328675,0.1,0.08242730550844984,5.653108871095045,0.00030310468430354943,0.8684212285263995,0.13157877147360053
operator,ecm|depthT3,ecm,depth,depthT3,False,66,197,False,,66.0,,105.0,0.0,0.5151803967700758,0.13710714852729353,0.40416973566107545,0.9354318616271236,0.3283582089552239,0.16417910447761194,1.4486162019260076,0.381616700003179,1.4280266062530051,0.7471846093417864,0.3880597014925373,0.19402985074626866,8.365091373799432,2.177688150237043,0.7668963723250991,8.068108608733194,0.009950248756218905,0.004975124378109453,1.3738626985407953,0.44600484283977193,0.9288427387201372,0.9989396665570418,0.0615869419410873,0.0615869419410873,0.061103702891551176,0.057585043502384435,0.058014034939500095,-0.2527184452734077,0.5639058056922044,0.22454431094651048,-0.1609289293256433,0.3853992269895904,-0.1609289293256433,0.3853992269895904,-0.3381948958900988,0.3605441304179068,200,-0.16824348725279903,-0.0470553095361466,-5.332336500074311,0.3315305227102597,0.02657089429413405,6.321020955120912,0.0,0.030303030303030304,0.43768628972328394,10199.0,,,0.9996057693366276,,2.4098453674825218e-05,0.1857,transferred,0.9996057693366276,unselected,1.0,0.22804863072577675,True,-0.16694492783422557,0.33585717496642764,0.1,-0.03889629710844883,5.068108608733194,2.4098453674825218e-05,0.26794154692832595,0.732058453071674
operator,ecm|miss0-5,ecm,miss,miss0-5,False,17,197,False,,17.0,,101.0,0.03809523809523807,0.11531309348329054,0.018743078330523136,0.12050957092161062,0.8013472657336447,0.43781094527363185,0.21890547263681592,0.3362786344870934,-0.07360476834063798,0.42326210051892366,0.9683914584490559,0.3482587064676617,0.17412935323383086,0.7802464183579304,0.25047596931342925,0.254457133544022,2.081963439837496,0.03980099502487562,0.01990049751243781,0.33566881284258626,0.023459507458118,0.24767892415216025,1.2605404616206428,0.14779060918468936,0.14779060918468936,0.18228652679088075,0.1541813449280075,0.12876094995207316,-6.645807596715623,4.605320126178835,9.019680925927947,-1.6537987829498415,2.4384584651377827,-1.6537987829498415,2.4384584651377827,-2.840029849938852,0.8335588295410159,200,-0.028983708895321945,-0.015625885674333963,-0.501726261079769,0.25417855627858305,0.03760717674653192,5.322822691721302,0.0,0.11764705882352941,0.3263085390872186,729.5,,,0.9942643582073984,,0.0010515616019616647,0.1651,transferred,0.9942643582073984,unselected,1.0,0.19774823332135585,False,-0.0154617065304751,4.407571892857479,0.1,0.08228652679088075,-0.9180365601625038,0.0010515616019616647,0.9218111521363195,0.07818884786368052
operator,ecm|miss5-20,ecm,miss,miss5-20,False,16,197,False,,16.0,,92.0,0.12380952380952381,0.1093442164484135,-0.06966899396305028,0.10448717291013586,1.713255373130097,0.10945273631840796,0.05472636815920398,0.49177277822433296,-0.16320923483216543,0.4007627725700285,1.6343384612702472,0.12935323383084577,0.06467661691542288,1.0881554854172666,0.226484409907808,0.2736502035007998,3.1488048044040284,0.009950248756218905,0.004975124378109453,0.26266558785083655,-0.14360913139517995,0.19933116735991074,2.0381896350029907,0.1004858385715752,0.1004858385715752,0.2077512121497442,0.17201490676209397,0.0913104331283402,-2.021480940069243,1.5526087683019434,7.008670082176225,-1.1686617050929107,0.7323980920449785,-1.1686617050929107,0.7323980920449785,-2.373820727535021,0.6270658380749897,200,-0.04499343158405889,-0.021717450794321243,-0.8906766216972081,0.2679996910613938,0.06368328363670127,5.852319802373715,0.0,0.0625,0.24244239047997643,449.5,,,0.9927647987066248,,0.0015140764870031252,0.1651,transferred,0.9927647987066248,unselected,1.0,0.19774823332135585,False,0.010002978828388354,1.3548605349805876,0.1,0.1077512121497442,0.14880480440402843,0.0015140764870031252,1.0,-0.050584415650039016
operator,ecm|miss<=5,ecm,miss,miss<=5,False,214,197,False,,214.0,,105.0,0.0,3.1555308690527353,0.2702555194853718,0.9277068099553533,3.1101155220648,0.009950248756218905,0.004975124378109453,9.580559111511114,0.497273909924947,3.3298664683248256,2.7278226583529475,0.009950248756218905,0.004975124378109453,26.614349853555094,5.875091675506924,2.1812553923761384,9.507945860230505,0.009950248756218905,0.004975124378109453,6.897161809200636,0.8762411714796633,2.0523635389899564,2.9336521153967143,0.11856501798525901,0.11856501798525901,0.139121434566128,0.1221304685738944,0.10599743070708252,-0.032382208491578066,0.3854924442654768,0.11869238530540377,-0.010652758592933475,0.2983203866240649,-0.010652758592933475,0.2983203866240649,-0.03347487740970802,0.2781927666515312,200,-0.1094548273883389,-0.03224842457530415,-4.765862173286513,0.29474462209832186,0.02313346133051177,7.470594020261729,0.02336448598130841,0.11682242990654206,0.3670443422035601,2502.5,,,0.9983234778933718,,0.00023363184951646402,0.1651,transferred,0.9983234778933718,unselected,1.0,0.19774823332135585,True,-0.05862679875522786,0.18774421094412094,0.05,0.08912143456612799,6.507945860230505,0.00023363184951646402,0.7035280782511222,0.2964719217488778
operator,pinned_sig&ecm,pinned_sig&ecm,primary,miss0,True,77,77,False,77.0,197.0,0.39086294416243655,105.0,0.0,1.1714742282800445,0.035304348732279306,0.3942107489321,2.8821382537782156,0.009950248756218905,0.004975124378109453,3.513709893545631,-0.06657372327139974,1.4784358916563172,2.421669845153703,0.009950248756218905,0.004975124378109453,17.055421003240255,4.095946876076865,1.345054516963622,9.634906216603477,0.009950248756218905,0.004975124378109453,2.2795251161458716,0.11004462238867375,0.781929622769793,2.77452142824868,0.06868632724208235,0.06868632724208235,0.08767098636867712,0.08060432563470085,0.06427173763824462,-0.009998573658209942,0.2438550871169986,0.0698949140336916,-0.005215331056152799,0.1809395422942942,-0.005215331056152799,0.1809395422942942,-0.010102146127030557,0.1960475563931092,200,-0.18626993457388988,-0.06326160022166649,-5.579608863583215,0.29561006015805763,0.0203241094758296,7.2819429185149405,0.012987012987012988,0.11688311688311688,0.31554651309364035,3382.0,,,0.9983566372125102,,0.00014431239415914218,0.1651,transferred,0.9983566372125102,table,0.55,0.10876152832674574,True,-0.021090541958068615,0.13509355879025287,0.1,-0.012329013631322883,6.634906216603477,0.00014431239415914218,0.8060845385078853,0.1939154614921147
operator,pinned_sig&ecm|depthT1,pinned_sig&ecm,depth,depthT1,True,26,77,False,26.0,64.0,0.40625,105.0,0.0,0.9386416621940353,0.1695712991635552,0.15781094951947353,4.873365031845135,0.009950248756218905,0.004975124378109453,3.384370069325981,0.6580770247186213,0.6440037974034944,4.233349330546302,0.009950248756218905,0.004975124378109453,6.137520077519504,1.5169345564589827,0.5694194157263557,8.114555621828362,0.009950248756218905,0.004975124378109453,1.7485724272669323,0.3938608358930301,0.30934421500506254,4.379301521289906,0.15293500474761623,0.15293500474761623,0.166444352025317,0.1426937785212958,0.1326484182697658,0.045052710465933045,0.33855094568266575,0.08115683647934673,0.06305968011189203,0.2723782145105512,0.06305968011189203,0.2723782145105512,0.04311044199797347,0.25291647129295425,200,-0.08525502697565912,-0.040781434738180265,-2.0410918614516276,0.3111668773125191,-0.008484582191190295,7.435293008936466,0.0,0.23076923076923078,0.2578171036480199,591.0,,,0.9912886664599445,,0.0014626942841271106,0.1408,transferred,0.9912886664599445,table,0.55,0.09013035381750467,True,0.07631399820781232,0.24842059186516108,0.1,0.06644435202531698,5.114555621828362,0.0014626942841271106,1.0,-0.8467069635866777
operator,pinned_sig&ecm|depthT2,pinned_sig&ecm,depth,depthT2,True,25,77,False,25.0,75.0,0.3333333333333333,105.0,0.0,0.13993896063912933,-0.09790785316115763,0.1628907484953427,1.460161586814044,0.15920398009950248,0.07960199004975124,0.03768923506117704,-0.5262622742080534,0.6057048786316395,0.9310664800046932,0.3781094527363184,0.1890547263681592,5.982889996292846,1.3652707892879277,0.48868293588152906,9.44911079957243,0.009950248756218905,0.004975124378109453,0.29813189814527596,-0.20407267593043665,0.3213674184329614,1.5627115422109121,0.023389860205659665,0.023389860205659665,0.05150853787152347,0.04898537293457235,0.02285527843803265,-0.046306169674478946,0.21074881362728276,0.07194764683039019,-0.05322701524943574,0.13921527479668094,-0.05322701524943574,0.13921527479668094,-0.048554964235988,0.17406472813875956,200,-0.23402446530067816,-0.07766403704897694,-5.758272324474307,0.28140574569976773,0.039201205616390344,6.279166239030765,0.04,0.08,0.3069098560397435,3382.0,,,0.9982649426145856,,8.9525601101256e-05,0.1736,transferred,0.9982649426145856,table,0.55,0.11553727008712489,True,-0.06402873221560142,0.09521154354015787,0.1,-0.048491462128476534,6.449110799572431,8.9525601101256e-05,0.4458175083475806,0.5541824916524194
operator,pinned_sig&ecm|depthT3,pinned_sig&ecm,depth,depthT3,True,26,77,False,26.0,58.0,0.4482758620689655,105.0,0.0,0.09289360544688008,-0.036359097270118275,0.18006250823017722,0.7178212943239257,0.4577114427860697,0.22885572139303484,0.09165058915847318,-0.19838847378196764,0.6596972937367687,0.4396547715052045,0.6666666666666666,0.3333333333333333,4.935010929427909,1.2137415303299548,0.49418352578227337,7.530136487668885,0.009950248756218905,0.004975124378109453,0.23282079073366407,-0.07974353757391969,0.37472961855626785,0.8341062804477793,0.01882338393476441,0.01882338393476441,0.03473349786186659,0.033567578447627866,0.018475610426281378,-0.20240949844066733,0.38526894137504514,0.15298415738584117,-0.15582795845860495,0.2490728273782433,-0.15582795845860495,0.2490728273782433,-0.2538048868325122,0.27811640364293905,200,-0.2413670241655934,-0.07189326875581575,-5.630819940722641,0.29371123767502894,0.030981747161541083,5.896815317465545,0.0,0.038461538461538464,0.3815804004757001,11498.5,,,0.9996111336549969,,1.3511942702490522e-05,0.1857,transferred,0.9996111336549969,table,0.55,0.1254267468991772,True,-0.09069324903731063,0.2598421944758679,0.1,-0.06526650213813343,4.530136487668885,1.3511942702490522e-05,0.27692257608966525,0.7230774239103348
operator,pinned_sig&ecm|miss<=5,pinned_sig&ecm,miss,miss<=5,True,78,77,False,78.0,214.0,0.3644859813084112,105.0,0.0,1.1998459082389723,0.043962499412661595,0.4006277744016865,2.885180416042181,0.009950248756218905,0.004975124378109453,3.599007853074081,-0.035534245662455416,1.5007596536771182,2.4218015788412792,0.009950248756218905,0.004975124378109453,17.288724671163294,4.152197329819406,1.3494697019946602,9.734584868357326,0.009950248756218905,0.004975124378109453,2.325776937313149,0.12687541617824585,0.7949498423318428,2.7660883794690996,0.06940048679474049,0.06940048679474049,0.08799002801817044,0.08087392876058687,0.06489662914101622,-0.011622666329159724,0.2487932199502373,0.06941871168462974,-0.005938147512944145,0.1834015704115671,-0.005938147512944145,0.1834015704115671,-0.01176162892629168,0.19922682364388694,200,-0.18610979276876943,-0.0630075885304374,-5.6297258453863055,0.29638763447976363,0.019021405741036196,7.36435005357373,0.01282051282051282,0.11538461538461539,0.3152705626899252,3119.5,,,0.9983513122046277,,0.00014530765226088155,0.1651,transferred,0.9983513122046277,table,0.55,0.10876152832674574,True,-0.020771500308575302,0.14003169162349155,0.1,-0.01200997198182957,6.7345848683573255,0.00014530765226088155,0.8090179438617972,0.19098205613820285
operator,folding,folding,primary,miss0,False,172,172,False,,172.0,,105.0,0.0,0.9942877354046522,-0.4115477402608799,0.5548163012326317,2.533875577451846,0.029850746268656716,0.014925373134328358,2.403066713162434,-1.2655475299111312,2.30021727840738,1.594899002590587,0.12935323383084577,0.06467661691542288,24.51861242954967,6.331722175136799,2.183771782536877,8.3282009593902,0.009950248756218905,0.004975124378109453,1.573163782757279,-0.8773761252635671,1.0941856702872605,2.2396015361611314,0.04055236560639717,0.04055236560639717,0.07729938741585686,0.07175292989006213,0.03897196041908442,-0.052066921175734665,0.3123845911546294,0.10237055238949137,-0.05569785402501372,0.1879272820978992,-0.05569785402501372,0.1879272820978992,-0.05492936060620067,0.23802657719138753,200,-0.09177446990676605,-0.034095858352140344,-3.6969910683704064,0.22169678352583672,0.0695847440765245,7.178300637844245,0.029069767441860465,0.12209302325581395,0.23677698000125227,3079.5,,,0.9970489984192085,,0.00022878576160256263,0.1651,transferred,0.9970489984192085,unselected,1.0,0.19774823332135585,True,-0.120448845905499,0.11463635783327356,0.05,0.027299387415856857,5.3282009593902,0.00022878576160256263,0.39089799245002355,0.6091020075499765
operator,folding|depthT1,folding,depth,depthT1,False,57,172,False,,57.0,,105.0,0.0,0.3275657561716188,-0.01955719261978633,0.18181646593643025,1.9091942360862528,0.07960199004975124,0.03980099502487562,1.3851061532147537,0.29556383465786873,0.8407318392121503,1.2959451132217081,0.23880597014925373,0.11940298507462686,7.377909169995944,1.7551730405695205,0.8134668051651331,6.912065856559461,0.009950248756218905,0.004975124378109453,0.4740435056318941,-0.04463525531006787,0.35842197938165127,1.4471176177219525,0.044398182279573775,0.044398182279573775,0.06173559292152221,0.05814592007003139,0.0425107808811648,-0.08574843665153725,0.3437058225827955,0.10545314306828349,-0.06044889031999955,0.21461208923648428,-0.06044889031999955,0.21461208923648428,-0.09379861319155193,0.2557894255918861,200,-0.05152547304550334,-0.008189432216038472,-2.8089671967359324,0.17269836007977402,0.05921949088286042,5.582142692980106,0.03508771929824561,0.14035087719298245,0.19718732555705587,587.0,,,0.9876726898477922,,0.0007705323931669394,0.1408,transferred,0.9876726898477922,unselected,1.0,0.1638733705772812,True,-0.102137777655759,0.17983245200551426,0.1,-0.038264407078477794,3.912065856559461,0.0007705323931669394,0.37672742498701617,0.6232725750129838
operator,folding|depthT2,folding,depth,depthT2,False,57,172,False,,57.0,,105.0,0.0,-0.1954614892476218,-0.35740688231040124,0.19583034079856904,0.8269678355375808,0.3781094527363184,0.1890547263681592,-1.4762720549182293,-1.490153226063616,0.8494114981306862,0.016342104122601713,0.9950248756218906,0.4975124378109453,8.068252803539654,2.3309328296170757,0.7358226765125532,7.797150260596377,0.009950248756218905,0.004975124378109453,-0.3064913103798748,-0.7255865151061514,0.3840114596231184,1.0913611930685363,-0.0242259996069868,-0.0242259996069868,0.028226662239313485,0.0274517898396452,-0.02482746988260527,-0.15143246733846136,0.22759097279771132,0.09936006603867434,-0.1519059374096723,0.09430729841995221,-0.1519059374096723,0.09430729841995221,-0.17845680173784595,0.18539639183569656,200,-0.1308650705781828,-0.05743446124108481,-4.294093836099739,0.23495066654768354,0.08341907677373975,6.32463952565255,0.05263157894736842,0.07017543859649122,0.2197802377044286,3054.0,,,0.9970046211311857,,8.480356641965141e-05,0.1736,transferred,0.9970046211311857,unselected,1.0,0.21006776379477252,True,-0.18184110155545902,0.0175232090029388,0.1,-0.07177333776068652,4.797150260596377,8.480356641965141e-05,0.13436931840189323,0.8656306815981067
operator,folding|depthT3,folding,depth,depthT3,False,58,172,False,,58.0,,105.0,0.0,0.8621834684806552,-0.03458366533069239,0.2796336305566146,3.2069359183525963,0.009950248756218905,0.004975124378109453,2.494232614865909,-0.07095813850538374,1.070660617178629,2.395895311934609,0.009950248756218905,0.004975124378109453,9.072450456014074,2.2456163049502034,0.8983703912210008,7.599130846003646,0.009950248756218905,0.004975124378109453,1.4056115875052595,-0.10715435484734799,0.5610519738166112,2.696302683086325,0.09503314155979974,0.09503314155979974,0.13135915037156695,0.11610738316689734,0.08678563045537738,-0.07852217314599798,0.5088315430711783,0.18155120314909567,-0.06440192485912774,0.3308590018530645,-0.06440192485912774,0.3308590018530645,-0.08523847010439561,0.3371449991297952,200,-0.09291289374851121,-0.03661940878469158,-2.5739330277496024,0.2568250387703247,0.06617547628855179,6.676389760210052,0.0,0.15517241379310345,0.2923877492122547,7820.5,,,0.9990495931627189,,0.00012496340072302946,0.1857,transferred,0.9990495931627189,unselected,1.0,0.22804863072577675,True,-0.0966894803542098,0.28078291234540154,0.1,0.031359150371566946,4.599130846003646,0.00012496340072302946,0.5760137649303553,0.4239862350696447
operator,folding|miss<=5,folding,miss,miss<=5,False,178,172,False,,178.0,,105.0,0.0,1.0770323030769586,-0.4077175424641088,0.559488837352397,2.6537613378797227,0.01990049751243781,0.009950248756218905,2.846517621190187,-1.3081134060331054,2.3481440726986795,1.7693254325951346,0.06965174129353234,0.03482587064676617,24.94856353587234,6.495057426818596,2.201513372065053,8.382191243173814,0.009950248756218905,0.004975124378109453,1.7103844033814597,-0.8802396749324183,1.104180455247858,2.3461962815963395,0.043170112841500706,0.043170112841500706,0.08045895651301803,0.07446738816686241,0.04138357906354241,-0.04373091408723934,0.29977167829247187,0.10206900727081496,-0.049126142426787804,0.18448688301312402,-0.049126142426787804,0.18448688301312402,-0.045734371335876,0.23063278642107504,200,-0.08765583847193556,-0.03336966528008279,-3.556430475441737,0.21974440853507216,0.0695832183962595,7.181852914779117,0.028089887640449437,0.12359550561797752,0.23351896574366518,2997.0,,,0.9969354626789153,,0.0002473274191562058,0.1651,transferred,0.9969354626789153,unselected,1.0,0.19774823332135585,True,-0.11728927680833783,0.10202344497111601,0.05,0.030458956513018026,5.382191243173814,0.0002473274191562058,0.40687572860520144,0.5931242713947986
operator,pinned_sig&folding,pinned_sig&folding,primary,miss0,True,56,56,False,56.0,172.0,0.32558139534883723,105.0,0.0,0.5696279290058353,-0.04350090894904555,0.20071544638593058,3.054716759446466,0.009950248756218905,0.004975124378109453,1.7329124929934616,0.12508792854629372,0.8904190172699854,1.805694322855704,0.12935323383084577,0.06467661691542288,14.4918629592587,4.1678319830569555,1.1990161923272964,8.610418309833454,0.009950248756218905,0.004975124378109453,0.9377531849200396,-0.10689219957376989,0.36081553116049236,2.8952339749176335,0.0393067427291607,0.0393067427291607,0.05938851204226565,0.056059237349834756,0.03782015560290066,-0.041073271127273825,0.17894026447283798,0.055277570015587404,-0.028009626516552345,0.11736658839534256,-0.028009626516552345,0.11736658839534256,-0.042840094307941175,0.15177684343789158,200,-0.13192378540545252,-0.05054252029908369,-5.138896347497763,0.23904565872464442,0.07791102700732942,6.599232753968287,0.05357142857142857,0.07142857142857142,0.1791656817805344,3590.0,,,0.9975944796256465,,0.0001432047576825171,0.1651,transferred,0.9975944796256465,table,0.55,0.10876152832674574,True,-0.04937301628448009,0.07017873614609224,0.1,-0.04061148795773436,5.610418309833454,0.0001432047576825171,0.5460433754098076,0.45395662459019237
operator,pinned_sig&folding|depthT1,pinned_sig&folding,depth,depthT1,True,19,56,False,19.0,65.0,0.2923076923076923,105.0,0.0,0.21394676752899522,0.05600823151729045,0.06550914497346487,2.410938748714845,0.03980099502487562,0.01990049751243781,0.7112813999101713,0.4852842556012727,0.34227199620711707,0.660285231667455,0.47761194029850745,0.23880597014925373,4.703605796440109,1.421007207940416,0.5224266084244222,6.283367913436928,0.009950248756218905,0.004975124378109453,0.3158092069823881,0.08927715797205238,0.11878425424735624,1.9070881948596115,0.04548569263413174,0.04548569263413174,0.04811387434486479,0.04590519744330157,0.04350675762910653,-0.06814473591109567,0.1676065406535324,1.2315823050598553,-0.0375924211079612,0.11860568390380552,-0.0375924211079612,0.11860568390380552,-0.042140655884826565,0.14364784985927304,200,-0.06485117031030739,-0.005568907817524355,-3.279571998259723,0.22270747566836482,0.07802336677016516,5.322296933769942,0.10526315789473684,0.05263157894736842,0.10936794485148527,547.0,,,0.9875356272818229,,0.0006072786096848233,0.1408,transferred,0.9875356272818229,table,0.55,0.09013035381750467,False,-0.04201647947263988,0.07747618683602772,0.1,-0.051886125655135215,3.283367913436928,0.0006072786096848233,0.5338254240329006,0.46617457596709944
operator,pinned_sig&folding|depthT2,pinned_sig&folding,depth,depthT2,True,18,56,False,18.0,61.0,0.29508196721311475,105.0,0.0,0.14544574431259463,-0.06126494694331676,0.10309868333426306,2.004978963559806,0.07960199004975124,0.03980099502487562,0.06593853546794928,-0.3945478766279965,0.43332071326426663,1.0626919000179706,0.3383084577114428,0.1691542288557214,4.581536677079063,1.190742774306032,0.39693401273638623,8.542462459685815,0.009950248756218905,0.004975124378109453,0.32621276371032654,-0.1095727805653006,0.19237106023575215,2.265338371278761,0.031746061324848515,0.031746061324848515,0.06096232834642677,0.05745946554147706,0.030769258555815474,-0.06209289524411512,0.18643626643969924,0.0665173967494036,-0.059651518418670973,0.12575899926608625,-0.059651518418670973,0.12575899926608625,-0.06620419976590637,0.1571384704825208,200,-0.19639263397234727,-0.08747606833806636,-4.5346065262774555,0.22557278510578785,0.07208302156412402,4.727690584403974,0.05555555555555555,0.05555555555555555,0.23486416584882555,3590.0,,,0.997509371721526,,0.0001522136064137312,0.1736,transferred,0.997509371721526,table,0.55,0.11553727008712489,False,-0.054574941740698116,0.07089899635257435,0.1,-0.03903767165357323,5.542462459685815,0.0001522136064137312,0.5276421045819761,0.47235789541802387
operator,pinned_sig&folding|depthT3,pinned_sig&folding,depth,depthT3,True,19,56,False,19.0,46.0,0.41304347826086957,105.0,0.0,0.21023541716424546,-0.038244193523019235,0.09656530156363814,2.5731769762403993,0.01990049751243781,0.009950248756218905,0.955692557615341,0.0343515495730176,0.3875273813288643,2.3774862175750444,0.029850746268656716,0.014925373134328358,5.206720485739528,1.5560820008105072,0.48697414777441617,7.496575540227912,0.009950248756218905,0.004975124378109453,0.2957312142273249,-0.08659657698052166,0.17029104330761555,2.2451432781300515,0.040377703727336726,0.040377703727336726,0.06806469928837554,0.06372713126248375,0.038810620011056056,-0.0853249326497738,0.2795711752120469,0.12279794723548718,-0.06892715229665658,0.15828099431640763,-0.06892715229665658,0.15828099431640763,-0.09329321592672722,0.21848672268315275,200,-0.13792064922669736,-0.06052645569108051,-3.444981038395636,0.2681476167882619,0.08331995555910933,5.552788501422049,0.0,0.10526315789473684,0.19619643380278143,15383.0,,,0.9994740218551452,,3.581938447519415e-05,0.1857,transferred,0.9994740218551452,table,0.55,0.1254267468991772,False,-0.05736204761080167,0.15414442831286967,0.1,-0.03193530071162447,4.496575540227912,3.581938447519415e-05,0.5426649496306281,0.45733505036937194
operator,pinned_sig&folding|miss<=5,pinned_sig&folding,miss,miss<=5,True,56,56,False,56.0,178.0,0.3146067415730337,105.0,0.0,0.5696279290058353,-0.04350090894904555,0.20071544638593058,3.054716759446466,0.009950248756218905,0.004975124378109453,1.7329124929934616,0.12508792854629372,0.8904190172699854,1.805694322855704,0.12935323383084577,0.06467661691542288,14.4918629592587,4.1678319830569555,1.1990161923272964,8.610418309833454,0.009950248756218905,0.004975124378109453,0.9377531849200396,-0.10689219957376989,0.36081553116049236,2.8952339749176335,0.0393067427291607,0.0393067427291607,0.05938851204226565,0.056059237349834756,0.03782015560290066,-0.041073271127273825,0.17894026447283798,0.055277570015587404,-0.028009626516552345,0.11736658839534256,-0.028009626516552345,0.11736658839534256,-0.042840094307941175,0.15177684343789158,200,-0.13192378540545252,-0.05054252029908369,-5.138896347497763,0.23904565872464442,0.07791102700732942,6.599232753968287,0.05357142857142857,0.07142857142857142,0.1791656817805344,3590.0,,,0.9975944796256465,,0.0001432047576825171,0.1651,transferred,0.9975944796256465,table,0.55,0.10876152832674574,True,-0.04937301628448009,0.07017873614609224,0.1,-0.04061148795773436,5.610418309833454,0.0001432047576825171,0.5460433754098076,0.45395662459019237
operator,ptm,ptm,primary,miss0,False,877,877,False,,878.0,,105.0,0.0,5.155814913554683,-1.7445224894818971,2.271241229519596,3.03813496926353,0.009950248756218905,0.004975124378109453,16.72552555126969,-6.857868709026381,9.137664166973536,2.5808996510874254,0.01990049751243781,0.009950248756218905,109.376983765496,30.350983040536264,7.1523637979634165,11.048934723854765,0.009950248756218905,0.004975124378109453,10.457508135304877,-3.3498263328944633,4.670465101521982,2.956308240843057,0.04713802425388451,0.04713802425388451,0.08731730493426276,0.0803052655724465,0.045016056300191835,-0.00440310154243566,0.35107235905859535,0.09525068159110851,-0.018703416826304265,0.19092069884949445,-0.018703416826304265,0.19092069884949445,-0.004424538990644965,0.25984705397136104,200,-0.08627674737478454,-0.0365106781781564,-4.0314374459732765,0.22347712185443824,0.06381777047851402,7.175735345453148,0.039908779931584946,0.11630558722919042,0.254043563071255,2186.0,,,0.9958805204722049,,0.00036118976393712763,0.1651,transferred,0.9958805204722049,unselected,1.0,0.19774823332135585,True,-0.11043092838709309,0.1533241257372395,0.05,0.03731730493426276,8.048934723854765,0.00036118976393712763,0.4415579520873167,0.5584420479126833
operator,ptm|depthT1,ptm,depth,depthT1,False,292,877,False,,293.0,,105.0,0.0,2.2351333994169247,0.011537835353483683,0.5624161048783407,3.953648454900556,0.009950248756218905,0.004975124378109453,7.594741529660064,0.5281092800248784,2.4581015518637095,2.8748333217874302,0.009950248756218905,0.004975124378109453,35.106599266523716,10.15672206107571,2.5833662883381403,9.657893779165969,0.009950248756218905,0.004975124378109453,4.567852928215446,0.16333575745027049,1.172235345579776,3.757365948206198,0.06366704397791843,0.06366704397791843,0.08912250532350921,0.08182964256811182,0.05985617805720054,0.009732875183683867,0.2829877140443883,0.07400766901616536,0.0071205094424196935,0.17572600306479166,0.0071205094424196935,0.17572600306479166,0.009637351873262262,0.22056537626176823,200,-0.05854800540274764,-0.02038851788570855,-3.7183826413914316,0.21767355151133705,0.0587349492346255,7.7463265683644265,0.030821917808219176,0.0958904109589041,0.21778150451457304,763.5,,,0.9896425721676254,,0.0009327407117367982,0.1408,transferred,0.9896425721676254,unselected,1.0,0.1638733705772812,True,-0.074750865253772,0.11911434346710711,0.05,0.03912250532350921,6.657893779165969,0.0009327407117367982,0.5438498336218686,0.45615016637813144
operator,ptm|depthT2,ptm,depth,depthT2,False,292,877,False,,292.0,,105.0,0.0,0.4350179964174359,-1.1957004975915027,0.8911888538056274,1.8298237091333798,0.04975124378109453,0.024875621890547265,0.9914866205238618,-5.412304399077868,3.6353499646958136,1.7615335749766157,0.04975124378109453,0.024875621890547265,32.613446948747104,8.421473528087905,2.316644153740612,10.442679934938297,0.009950248756218905,0.004975124378109453,1.1397540636496812,-2.3095686625781173,1.8228226455105523,1.8922974951639804,0.013338608369151479,0.013338608369151479,0.06740741921518296,0.06315060023167596,0.013163031842454308,-0.06039125433081171,0.3840369522857609,0.12269354555889897,-0.08644781224092374,0.2248606709703752,-0.08644781224092374,0.2248606709703752,-0.0642738950514493,0.27741660226814624,200,-0.09025576273330603,-0.0413413064723983,-3.36927864462172,0.23173192841966114,0.06850961209387009,6.197654381323849,0.06164383561643835,0.1095890410958904,0.24841236468955072,2181.5,,,0.9955604796564819,,0.0003005910891652895,0.1736,transferred,0.9955604796564819,unselected,1.0,0.21006776379477252,True,-0.14266034457958954,0.17396918849098839,0.05,0.017407419215182962,7.4426799349382975,0.0003005910891652895,0.32088416612573273,0.6791158338742673
operator,ptm|depthT3,ptm,depth,depthT3,False,293,877,False,,293.0,,105.0,0.0,2.4856635177203223,-0.5603598272438779,1.009272703645823,3.0180379732464453,0.009950248756218905,0.004975124378109453,8.139297401085765,-1.9736735899733906,3.846842047898839,2.628902061778934,0.01990049751243781,0.009950248756218905,41.65693755022518,11.772787451372643,2.852586334406699,10.476159735606409,0.009950248756218905,0.004975124378109453,4.74990114343975,-1.2035934277666167,2.0834936190436,2.8574575495648693,0.059669857265032815,0.059669857265032815,0.1019277220495944,0.09249946254188797,0.056309856183923576,-0.006508532284372765,0.4070869062176407,0.1214028920643178,-0.01909350176321635,0.23817108056223352,-0.01909350176321635,0.23817108056223352,-0.006551275764423155,0.28929127182742187,200,-0.1099454169008818,-0.047763672524491305,-3.9978311576751513,0.2210342516262488,0.06420741570558391,6.741302169804173,0.027303754266211604,0.14334470989761092,0.29579383961053407,5599.0,,,0.9984935451054133,,0.00015378118018726983,0.1857,transferred,0.9984935451054133,unselected,1.0,0.22804863072577675,True,-0.12612090867618236,0.17903827549186396,0.05,0.051927722049594394,7.476159735606409,0.00015378118018726983,0.446956080048383,0.5530439199516171
operator,ptm|miss0-5,ptm,miss,miss0-5,False,52,877,False,,52.0,,101.0,0.03809523809523807,0.2921967941620278,-0.05174722020583166,0.1874914087348624,1.834452131373346,0.06965174129353234,0.03482587064676617,0.786190316983686,-0.4586093566677295,0.7176874285779326,1.7344593538693212,0.08955223880597014,0.04477611940298507,1.841702856405087,0.6784070051429734,0.5172477866381047,2.249010786151551,0.01990049751243781,0.009950248756218905,0.6136686035548511,-0.07265591278212268,0.31803233591639335,2.158033755779474,0.15865577508653134,0.15865577508653134,0.2956634066860108,0.2281946106992751,0.13693089742264697,-4.158053218955953,3.2931994682318586,3.9959056031834654,-0.7411859092145162,2.826680426833046,-0.7411859092145162,2.826680426833046,-2.6805474971902656,0.7690022729409601,200,-0.026405823511550543,-0.019618594020152588,-0.45359849318421624,0.18025153825886925,0.023593162010753524,6.792443527882315,0.0,0.17307692307692307,0.1642981765919786,1612.5,,,0.9945795561863967,,0.0016113611764001607,0.1651,transferred,0.9945795561863967,unselected,1.0,0.19774823332135585,True,0.09791517336465497,3.095451234910503,0.1,0.19566340668601082,-0.7509892138484489,0.0016113611764001607,1.0,-0.49515068590036604
operator,ptm|miss5-20,ptm,miss,miss5-20,False,87,877,False,,87.0,,93.0,0.11428571428571432,0.30851480053475244,-0.07587862535865644,0.25131651166384167,1.5295191841894156,0.12935323383084577,0.06467661691542288,1.2457648740780498,-0.4572895892040944,0.9887924611776171,1.7223578558172523,0.05970149253731343,0.029850746268656716,4.395285870779499,0.9455844991832927,0.69071005744378,4.994427595803457,0.009950248756218905,0.004975124378109453,0.65726035595505,-0.14569292232565575,0.4442998050034036,1.8072330197726614,0.07019220355740768,0.07019220355740768,0.11142802941100574,0.1002566306250674,0.06558840862798568,-2.3020382479787656,0.8033069433553366,1.4057422077920103,-0.1644002902186649,1.3250769200366912,-0.1644002902186649,1.3250769200366912,-0.42990316196518924,0.4484356010116794,200,-0.020508795711814173,-0.008629614389241086,-0.9520292506350838,0.22412376206417925,0.048222386451567296,8.9306367878759,0.034482758620689655,0.06896551724137931,0.18022187148165805,1096.5,,,0.9937491429956372,,0.0007009019157757257,0.1651,transferred,0.9937491429956372,unselected,1.0,0.19774823332135585,True,-0.08632020391035011,0.6055587100339808,0.1,0.011428029411005736,1.9944275958034572,0.0007009019157757257,0.5634843231692834,0.43651567683071657
operator,ptm|miss20+,ptm,miss,miss20+,False,114,877,False,,114.0,,61.5,0.41428571428571426,-0.6241597786887391,-0.4562141027565943,0.47836254866196676,-0.35108449940721215,0.7164179104477612,0.6467661691542289,-1.1748711309771454,-1.4841828089392464,1.240838451301374,0.2492763482931233,0.8557213930348259,0.42786069651741293,2.244420332382488,-1.429202362651322,1.3016383343902562,2.822306779059864,0.01990049751243781,0.009950248756218905,-0.7160944606019148,-0.5360794780822125,0.5578216266836421,-0.32271065499902973,-0.27809397806790653,-0.27809397806790653,-0.04571663719281304,-0.04790677378921264,-0.3852218566117816,-4.978140109875188,1.4820575864827135,3.2308974067074034,-4.266902676173228,2.9294979109366692,-4.266902676173228,2.9294979109366692,-0.7936997219420648,0.622436083924644,200,-0.018634448044567327,-0.0055215723703963115,-1.179037531481489,0.15769294322545674,0.04486662928126406,6.1048664141213,0.043859649122807015,0.043859649122807015,0.2024707685435602,826.75,,,0.9930511277762257,,-0.0003199020286748923,0.1651,transferred,0.9930511277762257,unselected,1.0,0.19774823332135585,True,-0.2434648705141689,1.2843093531613576,0.05,-0.004283362807186962,-0.17769322094013607,0.0,0.0,1.0
operator,ptm|miss<=5,ptm,miss,miss<=5,False,929,877,False,,930.0,,105.0,0.0,5.448011707716711,-1.7962697096877291,2.3171042309627428,3.126437438852065,0.009950248756218905,0.004975124378109453,17.511715868253376,-7.31647806569411,9.354019414056916,2.6542807786603997,0.01990049751243781,0.009950248756218905,111.21868662190109,31.029390045679232,7.250546338646278,11.05975920032444,0.009950248756218905,0.004975124378109453,11.071176738859728,-3.4224822456765853,4.745445672302556,3.0542250370983153,0.04898467940228215,0.04898467940228215,0.09033975513825063,0.08285468333381636,0.046697230535525,-6.39919359243614e-05,0.34929742689861626,0.09421891751080975,-0.015805124661817025,0.19677664648790055,-0.015805124661817025,0.19677664648790055,-6.733517203970642e-05,0.2588723185582745,200,-0.08292552235768208,-0.0355651578593015,-3.9705454293842437,0.22105760587277026,0.06156623157612054,7.3224117570097995,0.03767491926803014,0.11948331539289558,0.24902013993140312,2105.0,,,0.9958271766026141,,0.00037855147239613423,0.1651,transferred,0.9958271766026141,unselected,1.0,0.19774823332135585,True,-0.10740847818310523,0.1515491935772604,0.05,0.040339755138250624,8.05975920032444,0.00037855147239613423,0.45684228688628375,0.5431577131137162
operator,pinned_sig&ptm,pinned_sig&ptm,primary,miss0,True,248,248,False,248.0,878.0,0.2824601366742597,105.0,0.0,3.5363092248993024,-0.28619102133651764,0.6963527724280035,5.48931575716679,0.009950248756218905,0.004975124378109453,12.399524588318219,-1.1359610877356088,2.780642111587257,4.867755407878596,0.009950248756218905,0.004975124378109453,59.49637876780271,18.05829935270579,3.382513453216435,12.250676896996055,0.009950248756218905,0.004975124378109453,6.616988708210867,-0.42145015488350923,1.355593862337626,5.192144239246616,0.059437385907140705,0.059437385907140705,0.09224607656027582,0.08445539749685263,0.056102783135454096,0.02984396982329051,0.2258863422558377,0.05203441496505132,0.01576669076300148,0.1413536505961021,0.01576669076300148,0.1413536505961021,0.028979024099615214,0.18426316163109452,200,-0.13409653908765035,-0.061773760213467775,-5.992117125006368,0.223882996742583,0.06197664756711362,7.653434408179037,0.024193548387096774,0.15725806451612903,0.22474680857972934,2419.5,,,0.9969147774113936,,0.0002854804498465541,0.1651,transferred,0.9969147774113936,table,0.55,0.10876152832674574,True,-0.016515451766469916,0.11712481392909196,0.05,0.04224607656027582,9.250676896996055,0.0002854804498465541,0.8481498741277933,0.1518501258722067
operator,pinned_sig&ptm|depthT1,pinned_sig&ptm,depth,depthT1,True,83,248,False,83.0,294.0,0.282312925170068,105.0,0.0,0.8337322905687353,-0.1169979251602362,0.18344764298117688,5.182569807269334,0.009950248756218905,0.004975124378109453,3.4767110838586945,-0.28298632576372384,0.8964148694765499,4.194148867496861,0.009950248756218905,0.004975124378109453,20.34946920768602,6.101992274958202,1.3824294623728859,10.306114937880869,0.009950248756218905,0.004975124378109453,1.411699915196319,-0.22302631309670048,0.34666411768079897,4.715591100773346,0.04097071437390778,0.04097071437390778,0.06672972486413038,0.06255541896765815,0.03935818155897847,0.013443883675499127,0.18697525822850342,0.043484021244515274,0.0023168069277977096,0.10378156288839423,0.0023168069277977096,0.10378156288839423,0.01326429412498879,0.1575220730364656,200,-0.09687778959762285,-0.046463386857551844,-4.508665380211408,0.20381441760042845,0.05100363833292045,7.047438430532779,0.024096385542168676,0.12048192771084337,0.1650209770299962,662.0,,,0.9880660475347727,,0.000805967745307233,0.1408,transferred,0.9880660475347727,table,0.55,0.09013035381750467,True,-0.02340062895337429,0.09684490441099874,0.1,-0.03327027513586962,7.306114937880869,0.000805967745307233,0.7403690547941738,0.2596309452058262
operator,pinned_sig&ptm|depthT2,pinned_sig&ptm,depth,depthT2,True,82,248,False,82.0,359.0,0.22841225626740946,105.0,0.0,0.904005846552258,-0.27880066799502295,0.27189279642729014,4.350267936810119,0.009950248756218905,0.004975124378109453,2.6341259283115543,-1.5623143204800756,1.1094414417490381,3.782480166033755,0.009950248756218905,0.004975124378109453,18.78816315824386,5.778478870542542,1.019258879736357,12.76386651747044,0.009950248756218905,0.004975124378109453,1.9068738072445004,-0.43086688475995727,0.5404500550980184,4.325544367981376,0.04811571194790262,0.04811571194790262,0.0909173880311181,0.08334030516756664,0.04590687020470337,0.021429050192928487,0.2585918412365242,0.061131524362194684,-0.0007614363361328028,0.14054327625767415,-0.0007614363361328028,0.14054327625767415,0.020978095362069665,0.20546091218652113,200,-0.16583483323493273,-0.07936400183902698,-5.570397715050027,0.24366057616881476,0.07184217259878682,6.780460907153028,0.036585365853658534,0.10975609756097561,0.2447436724596438,2419.5,,,0.9963239945648272,,0.0003354459135555384,0.1736,transferred,0.9963239945648272,table,0.55,0.11553727008712489,True,-0.024619882056006792,0.1430545711493993,0.1,-0.00908261196888191,9.76386651747044,0.0003354459135555384,0.7869096090167155,0.21309039098328453
operator,pinned_sig&ptm|depthT3,pinned_sig&ptm,depth,depthT3,True,83,248,False,83.0,225.0,0.3688888888888889,105.0,0.0,1.7985710877783094,0.10960757181874144,0.35748543277353684,4.724565985404804,0.009950248756218905,0.004975124378109453,6.288687576147969,0.7093395585081904,1.3387222806730343,4.167666511709057,0.009950248756218905,0.004975124378109453,20.35874640187282,6.177828207205048,1.2663591995048338,11.19817994784792,0.009950248756218905,0.004975124378109453,3.298414985770048,0.23244304297314852,0.7033410109413814,4.359154229743084,0.08834390154851858,0.08834390154851858,0.11910113948719077,0.10642571550035848,0.08117278134496,0.025703953225326582,0.30036547215466053,0.07772148929448028,0.023388189490788386,0.20660134584184886,0.023388189490788386,0.20660134584184886,0.025059792293199143,0.23098334230103681,200,-0.13995938351650733,-0.059705822565819175,-4.584082288468078,0.22441228054797835,0.06320299351700318,6.606672842391771,0.012048192771084338,0.24096385542168675,0.2647167023203904,7894.0,,,0.9989477304793845,,0.00012545851512451865,0.1857,transferred,0.9989477304793845,table,0.55,0.1254267468991772,True,-0.006325607411986442,0.17493872525548332,0.1,0.019101139487190763,8.19817994784792,0.00012545851512451865,0.9495673166340572,0.050432683365942754
operator,pinned_sig&ptm|miss<=5,pinned_sig&ptm,miss,miss<=5,True,249,248,False,249.0,930.0,0.267741935483871,105.0,0.0,3.5335064745282834,-0.28713274964541025,0.6969390313054008,5.48202791428893,0.009950248756218905,0.004975124378109453,12.362057647906576,-1.1513853137346726,2.7923712551720445,4.839414865273226,0.009950248756218905,0.004975124378109453,59.73841634859073,18.15294356654448,3.3910533694447866,12.263290562382094,0.009950248756218905,0.004975124378109453,6.612833200055965,-0.4231608762879787,1.3564566409947507,5.187039425885469,0.05914965093666466,0.05914965093666466,0.09187437267331448,0.08414372108429641,0.05584635833506186,0.029199338108720205,0.2243151968242046,0.05194886522992948,0.015291551672349904,0.14017399014679102,0.015291551672349904,0.14017399014679102,0.02837086714685875,0.18321588923354323,200,-0.13386837738669174,-0.06164914677586185,-5.996200886214091,0.22399611852870058,0.061486594891441246,7.695373150157025,0.024096385542168676,0.1566265060240964,0.22389361385813297,2409.0,,,0.9968883243793333,,0.0002867755982492758,0.1651,transferred,0.9968883243793333,table,0.55,0.10876152832674574,True,-0.016887155653431254,0.11555366849745885,0.05,0.04187437267331448,9.263290562382094,0.0002867755982492758,0.8447322696431941,0.15526773035680586
operator,secretion,secretion,primary,miss0,False,1413,1413,False,,1414.0,,105.0,0.0,8.934142727681245,-2.0688550603225684,3.39964838623324,3.2365105263709264,0.009950248756218905,0.004975124378109453,30.0454100481583,-6.3945734201264965,13.67019909530468,2.6656512618606176,0.01990049751243781,0.009950248756218905,190.8198977430216,50.909511869768984,12.995614417068959,10.765969301881468,0.009950248756218905,0.004975124378109453,18.28126654430447,-4.123595538407389,7.113964605672341,3.1494199542189563,0.04681976478004884,0.04681976478004884,0.07864318091418623,0.07290935714953808,0.04472571722018099,-0.01833652322270688,0.29540440156968917,0.07689896503294678,-0.025345975384843938,0.16409520195460112,-0.025345975384843938,0.16409520195460112,-0.018679285215543975,0.2280399326860238,200,-0.09319079484695257,-0.035016393908709274,-5.099519386198645,0.22982528371639538,0.05204334416558355,8.180550249773459,0.036093418259023353,0.10332625619249823,0.2693950883945001,2216.0,,,0.9965959227056898,,0.0002686218761316091,0.1651,transferred,0.9965959227056898,unselected,1.0,0.19774823332135585,True,-0.11910505240716962,0.09765616824833331,0.05,0.02864318091418623,7.7659693018814675,0.0002686218761316091,0.3976934690808848,0.6023065309191151
operator,secretion|depthT1,secretion,depth,depthT1,False,471,1413,False,,472.0,,105.0,0.0,3.4660745271345506,-0.4311869877916505,0.9867848444527252,3.949454166057483,0.009950248756218905,0.004975124378109453,12.565380217087167,-1.2326904355152457,4.174563229714597,3.3052728856488653,0.01990049751243781,0.009950248756218905,61.73322576620337,14.792740073804119,4.5348841072558335,10.350978014475448,0.009950248756218905,0.004975124378109453,7.2161277400475665,-0.7119703680861715,2.0800820472063952,3.8114352839020853,0.05614601349784149,0.05614601349784149,0.08302558990260422,0.07666078315847612,0.05316122276681418,-0.015348263374758156,0.229576497785029,0.06214749505121417,-0.01918580433899807,0.15671925962979516,-0.01918580433899807,0.15671925962979516,-0.015587605279903504,0.18670792138920306,200,-0.07056927272087044,-0.02280480473047186,-4.881367853779383,0.23212837659604174,0.04770792298385718,8.58365542389413,0.029723991507430998,0.11040339702760085,0.24304594949178232,591.0,,,0.9888836089833529,,0.0009333200726160188,0.1408,transferred,0.9888836089833529,unselected,1.0,0.1638733705772812,True,-0.08084778067467699,0.06570312720774779,0.05,0.03302558990260422,7.350978014475448,0.0009333200726160188,0.5066447929283917,0.4933552070716083
operator,secretion|depthT2,secretion,depth,depthT2,False,471,1413,False,,471.0,,105.0,0.0,1.5093565701679625,-1.6993356704283684,1.4081237497540622,2.2787004630500336,0.029850746268656716,0.014925373134328358,4.410647181388854,-6.9022134951643555,5.475438603756967,2.0661104059848103,0.04975124378109453,0.024875621890547265,55.78222438753031,16.061820770492677,3.6876380122050563,10.771231743889759,0.009950248756218905,0.004975124378109453,3.3058938519594117,-3.50530450173265,2.962437680372106,2.299187050860263,0.02705802048484405,0.02705802048484405,0.08078196464297753,0.0747439976662294,0.026345172273783274,-0.06571559872921995,0.43343870900865766,0.11362229770351763,-0.078714623477151,0.1903035781756658,-0.078714623477151,0.1903035781756658,-0.07033814146453067,0.30237624821574555,200,-0.1049144069167384,-0.04647149757662511,-4.233557890499962,0.22098546778228648,0.05372347049901894,7.075099395873644,0.04246284501061571,0.09129511677282377,0.28482006770956503,2216.0,,,0.9962840799156938,,0.0003012989276030145,0.1736,transferred,0.9962840799156938,unselected,1.0,0.21006776379477252,True,-0.129285799151795,0.22337094521388515,0.05,0.030781964642977527,7.771231743889759,0.0003012989276030145,0.3845519330700267,0.6154480669299733
operator,secretion|depthT3,secretion,depth,depthT3,False,471,1413,False,,471.0,,105.0,0.0,3.9587116303787306,0.061667597897450445,1.340730048914631,2.9066582311898483,0.009950248756218905,0.004975124378109453,13.069382649682279,1.7403305105531055,5.413642472781122,2.0926856910277563,0.05970149253731343,0.029850746268656716,73.30444758928792,20.0549510254722,5.719781832007378,9.309707630077146,0.009950248756218905,0.004975124378109453,7.759244952297491,0.09367933141143414,2.7494426169550956,2.7880435014771767,0.054003703193545693,0.054003703193545693,0.07318461739466309,0.06819387476157747,0.05123673003227489,-0.038111453617388685,0.3197754978288255,0.08517757990663286,-0.026375265577198943,0.20225935258738464,-0.026375265577198943,0.20225935258738464,-0.03962300538419329,0.24229535945796252,200,-0.10408870490324884,-0.03577287941903085,-4.887988944868618,0.23636200677085797,0.05469863901387452,7.760311897280024,0.036093418259023353,0.10828025477707007,0.28031924798215296,6995.0,,,0.9990296577640486,,7.10831002143842e-05,0.1857,transferred,0.9990296577640486,unselected,1.0,0.22804863072577675,True,-0.15486401333111366,0.09172686710304873,0.05,0.023184617394663085,6.3097076300771455,7.10831002143842e-05,0.3209167148329249,0.6790832851670752
operator,secretion|miss0-5,secretion,miss,miss0-5,False,54,1413,False,,55.0,,101.0,0.03809523809523807,0.44636668731493284,0.07941230568138329,0.19731617569103518,1.8597278218494362,0.06965174129353234,0.03482587064676617,1.581947009156643,0.13555537930458153,0.7470956951615929,1.9360192264783622,0.06965174129353234,0.03482587064676617,3.2334427244852733,1.1083886992556389,0.5640174159692263,3.7677099413284445,0.009950248756218905,0.004975124378109453,0.8262137792487774,0.1560879922679409,0.35966591154190547,1.8631896031179997,0.1380468823322019,0.1380468823322019,0.1726800247320283,0.14725246537007208,0.12130157770767942,-3.0925379757926588,1.2428676806880876,2.48753806468367,-0.17491852585743595,0.7487070961458158,-0.17491852585743595,0.7487070961458158,-0.46671775068804155,0.5560426497745371,200,-0.02405940234557244,-0.01893609688091798,-0.37242087082540276,0.21611995136714468,0.034029558449009956,7.331781014772656,0.037037037037037035,0.1111111111111111,0.22389185243054818,1111.0,,,0.9943364685095094,,0.0009835491192578978,0.1651,transferred,0.9943364685095094,unselected,1.0,0.19774823332135585,True,-0.025068208589327567,1.0451194473667318,0.1,0.07268002473202828,0.7677099413284445,0.0009835491192578978,0.8732316938144785,0.12676830618552148
operator,secretion|miss5-20,secretion,miss,miss5-20,False,92,1413,False,,92.0,,93.0,0.11428571428571432,0.6151078814826596,-0.07782095455193687,0.2538503733253597,2.7296742839391865,0.009950248756218905,0.004975124378109453,3.1375729538023513,-0.0923706197147078,0.9642886591021771,3.349560884107433,0.009950248756218905,0.004975124378109453,4.863822509849415,1.2826534070339017,0.6768084736407214,5.291259259139462,0.009950248756218905,0.004975124378109453,1.0495087620275314,-0.1518322927128955,0.46866150461838263,2.5633448510319696,0.12646593913265627,0.12646593913265627,0.19349235295530057,0.1621228259034747,0.11226787667457669,-2.029509304266074,1.5114521620748622,0.9067066879055247,-0.33128667257155137,1.1437758765093684,-0.33128667257155137,1.1437758765093684,-0.7769478470827397,0.6033023987957967,200,-0.001837863152885633,-0.0060832401547380845,0.37086321471878925,0.200781086616137,0.043234441099308026,8.55498913481604,0.021739130434782608,0.15217391304347827,0.21660398967075736,581.0,,,0.9907094600384901,,0.0018145061795492993,0.1651,transferred,0.9907094600384901,unselected,1.0,0.19774823332135585,True,-0.004255880366055287,1.3137039287535064,0.1,0.09349235295530056,2.291259259139462,0.0018145061795492993,0.9784782888090882,0.02152171119091184
operator,secretion|miss20+,secretion,miss,miss20+,False,100,1413,False,,100.0,,64.0,0.3904761904761904,0.13212370161995884,-0.012318281211654385,0.44439665221174046,0.32502941260410606,0.746268656716418,0.373134328358209,0.8332628724181877,-0.1580617623139577,1.0836779505929621,0.9147778952129798,0.417910447761194,0.208955223880597,3.800150233704418,0.18568683573170175,1.217343859991868,2.969139219215236,0.009950248756218905,0.004975124378109453,0.5610388858039211,0.07032463384265787,0.5659190366105908,0.8671103465616832,0.03476802060300747,0.03476802060300747,0.039962220370699554,0.03842660780163228,0.0335998213229923,-5.430883437490181,4.807958252521656,9.080044905430869,-4.019807558575993,3.689321944966693,-4.019807558575993,3.689321944966693,-3.141332086410667,0.8310368815028829,200,-0.00599596313566598,-0.0034276396180642653,-0.2137926694192961,0.17080684046693734,0.04602886775904842,5.919340238314874,0.05,0.03,0.24408986973935165,474.5,,,0.992673088344504,,0.0002949608100103592,0.1651,transferred,0.992673088344504,unselected,1.0,0.19774823332135585,True,-0.1577860129506563,4.6102100192003,0.05,-0.010037779629300449,-0.030860780784764064,0.0002949608100103592,0.20208635849483375,0.7979136415051662
operator,secretion|miss<=5,secretion,miss,miss<=5,False,1467,1413,False,,1469.0,,105.0,0.0,9.380509414996176,-1.9894427546411848,3.455128683651855,3.290746368850156,0.009950248756218905,0.004975124378109453,31.627357057314942,-6.259018040821913,13.908334203820473,2.724005229017999,0.029850746268656716,0.014925373134328358,194.05334046750687,52.017900569024626,13.222811537225533,10.741697368870216,0.009950248756218905,0.004975124378109453,19.107480323553247,-3.967507546139448,7.218197400171437,3.196779831643929,0.04833985023085387,0.04833985023085387,0.08005010705612535,0.0741170308054657,0.04611085824907734,-0.017680036769483532,0.2957330282345512,0.07636001270102602,-0.023513901407318176,0.16662818691268827,-0.023513901407318176,0.16662818691268827,-0.017998821873927314,0.2282344288234256,200,-0.09064608101254594,-0.03442448113468015,-5.029461720416548,0.22932079295507332,0.05138026002877716,8.267317037017628,0.03612815269256987,0.10361281526925699,0.2677201226534957,2118.0,,,0.9964539957375795,,0.0002848681645539714,0.1651,transferred,0.9964539957375795,unselected,1.0,0.19774823332135585,True,-0.1176981262652305,0.09798479491319537,0.05,0.030050107056125347,7.741697368870216,0.0002848681645539714,0.40480820339890405,0.595191796601096
operator,pinned_sig&secretion,pinned_sig&secretion,primary,miss0,True,457,457,False,457.0,1414.0,0.3231966053748232,105.0,0.0,5.480574065983507,0.11038632558446893,1.1987633001983167,4.479773229219334,0.009950248756218905,0.004975124378109453,19.56801716858289,1.8797387024930223,5.0160326204194705,3.526348372234204,0.009950248756218905,0.004975124378109453,113.15869239424703,32.14277383969207,7.252697727888405,11.17045292581667,0.009950248756218905,0.004975124378109453,10.14761163033298,0.15066679359008842,2.3672322018517002,4.223052064315053,0.04843263871315412,0.04843263871315412,0.0662855872797743,0.0621649472435213,0.04619527943407058,0.012455580531249044,0.16678204581425615,0.039949198133535216,0.009563258517406551,0.11549478652337937,0.009563258517406551,0.11549478652337937,0.01230225989801499,0.14293745859219595,200,-0.13896201739217084,-0.050659798333001584,-7.22169342169741,0.2236163107139136,0.0487156620887863,7.986359280682273,0.030634573304157548,0.12253829321663019,0.22309614436210984,2602.0,,,0.9971846762866114,,0.00018714225174374616,0.1651,transferred,0.9971846762866114,table,0.55,0.10876152832674574,True,-0.042475941046971444,0.058020517487510415,0.05,0.01628558727977429,8.17045292581667,0.00018714225174374616,0.6094580344681851,0.39054196553181486
operator,pinned_sig&secretion|depthT1,pinned_sig&secretion,depth,depthT1,True,152,457,False,152.0,497.0,0.3058350100603622,105.0,0.0,1.328818926222838,0.09678818057482946,0.36098938658904584,3.412927890455033,0.009950248756218905,0.004975124378109453,5.339147867331597,0.7536972151177279,1.6165700772986002,2.836530699539158,0.009950248756218905,0.004975124378109453,38.317593415253455,9.737926830083728,2.7099298158638296,10.54627555956077,0.009950248756218905,0.004975124378109453,2.2978068540753154,0.2466550236540646,0.7228668174306551,2.8375238438967614,0.03467908101174909,0.03467908101174909,0.043108646560884714,0.0413270915767148,0.033516750892304256,-0.0005369816558115426,0.13326632724393006,0.03255119977286294,0.002760654613279026,0.09498318970462719,0.002760654613279026,0.09498318970462719,-0.0005374123583416416,0.11759481108917165,200,-0.12251103312951371,-0.03786049536530387,-6.5451150459809,0.21068194308968372,0.03651976283256045,7.8328042216778755,0.03289473684210526,0.11842105263157894,0.18827972125514914,548.0,,,0.9876262274456159,,0.0005400996579964687,0.1408,transferred,0.9876262274456159,table,0.55,0.09013035381750467,True,-0.04702170725661996,0.04313597342642539,0.05,-0.006891353439115289,7.546275559560771,0.0005400996579964687,0.47829221494204727,0.5217077850579528
operator,pinned_sig&secretion|depthT2,pinned_sig&secretion,depth,depthT2,True,152,457,False,152.0,560.0,0.2714285714285714,105.0,0.0,1.7603869482080583,-0.44598068884582903,0.584126081607322,3.7772113016811235,0.009950248756218905,0.004975124378109453,5.189740171233598,-2.0219991944400872,2.2376258654198913,3.222942439629156,0.009950248756218905,0.004975124378109453,34.15150353392718,10.611951078753755,1.922036959743714,12.247190323703355,0.009950248756218905,0.004975124378109453,3.6084641349335227,-0.7693693193697496,1.1733157315792353,3.7311640306832725,0.051546396675017085,0.051546396675017085,0.09373022878219507,0.08569775829141911,0.0490196122948131,0.0036305487630297457,0.26387848064958414,0.06554090717750989,-0.010490657611786445,0.15199657609069167,-0.010490657611786445,0.15199657609069167,0.003617349514224928,0.2087828557444156,200,-0.17529306608596892,-0.07910606088329336,-6.128368728389874,0.23807699310379316,0.06328360885203205,7.316991124190626,0.03289473684210526,0.09868421052631579,0.2720423234200989,2578.0,,,0.9969977897983514,,0.0002822452084970789,0.1736,transferred,0.9969977897983514,table,0.55,0.11553727008712489,True,-0.021807041304929817,0.14834121056245925,0.05,0.04373022878219507,9.247190323703355,0.0002822452084970789,0.8112553525932761,0.18874464740672392
operator,pinned_sig&secretion|depthT3,pinned_sig&secretion,depth,depthT3,True,153,457,False,153.0,357.0,0.42857142857142855,105.0,0.0,2.391368191552611,0.45957883385546866,0.48149815860124384,4.01203893138243,0.009950248756218905,0.004975124378109453,9.039129130017692,3.1480406818153814,2.3235437380312165,2.5353895223827134,0.029850746268656716,0.014925373134328358,40.68959544506638,11.792895930854588,3.28539503503284,8.795502277832762,0.009950248756218905,0.004975124378109453,4.2413406413241415,0.6733810893057733,0.8866452657046472,4.024111660014097,0.05877099945073464,0.05877099945073464,0.06685155710419668,0.06266247319885335,0.05550869780266332,-0.002616488285933068,0.191092856401329,0.04974824555942255,0.010009893342047329,0.13574175810877956,0.010009893342047329,0.13574175810877956,-0.00262690917391944,0.16043482010227042,200,-0.11921188802267138,-0.0351151064600977,-5.2694454258996215,0.222099971861765,0.04635911816024366,5.87274774112404,0.026143790849673203,0.1503267973856209,0.20905873975716666,10535.0,,,0.9993656177975029,,4.243635890695157e-05,0.1857,transferred,0.9993656177975029,table,0.55,0.1254267468991772,True,-0.058575189794980526,0.06566610950215179,0.05,0.016851557104196682,5.795502277832762,4.243635890695157e-05,0.5329928325250635,0.46700716747493654
operator,pinned_sig&secretion|miss<=5,pinned_sig&secretion,miss,miss<=5,True,458,457,False,458.0,1469.0,0.3117767188563649,105.0,0.0,5.463353641925102,0.11561074944795553,1.199609355060594,4.457903624973835,0.009950248756218905,0.004975124378109453,19.471302717393904,1.9105323003932069,5.021818190029958,3.4968948999119256,0.009950248756218905,0.004975124378109453,113.46341829188889,32.19799018998589,7.272634174694257,11.174139403941545,0.009950248756218905,0.004975124378109453,10.12328853602494,0.15841119555486244,2.368061999503677,4.208030593184899,0.04815079365818524,0.04815079365818524,0.06580587855602422,0.06174283692747068,0.04593880379571396,0.011950778905491769,0.16654532983073897,0.03986991381437149,0.00927694999336412,0.11461638003710575,0.00927694999336412,0.11461638003710575,0.011809578786931804,0.14276333489830975,200,-0.1391071802586716,-0.05053415271115677,-7.251462178218676,0.22373093455563717,0.04860673938757449,8.021530667916174,0.03056768558951965,0.1222707423580786,0.2227471335243242,2578.0,,,0.9971810832979889,,0.00018602568105140725,0.1651,transferred,0.9971810832979889,table,0.55,0.10876152832674574,True,-0.04295564977072151,0.05778380150399323,0.05,0.015805878556024222,8.174139403941545,0.00018602568105140725,0.6050473873291626,0.39495261267083737
operator,splicing,splicing,primary,miss0,False,228,228,False,,228.0,,105.0,0.0,4.539732538766772,0.28094521774144054,1.1689806774634013,3.6431631447207273,0.009950248756218905,0.004975124378109453,17.49278071227694,1.4751288417371844,5.072247025856489,3.157900589006713,0.009950248756218905,0.004975124378109453,42.868582650666994,11.538602941198143,3.973782678681783,7.88417038444133,0.009950248756218905,0.004975124378109453,7.4394409133399275,0.5143845385596536,2.106398565836018,3.287628698147996,0.10589882515502617,0.10589882515502617,0.13593329330303394,0.11966661608074806,0.09575814961208695,0.017569787313691344,0.37952244576091476,0.0997407162149079,0.01929576839687748,0.25007699404429196,0.01929576839687748,0.25007699404429196,0.017266401881554795,0.2751073249418723,200,-0.051412634324653886,-0.03076709638125323,-1.0685964403796622,0.24342595582608156,0.08101884804413606,5.370008083452897,0.008771929824561403,0.21052631578947367,0.17784029267761367,2143.0,,,0.9948962363841777,,0.0006973304060937565,0.1651,transferred,0.9948962363841777,unselected,1.0,0.19774823332135585,True,-0.06181494001832191,0.1817742124395589,0.05,0.08593329330303394,4.88417038444133,0.0006973304060937565,0.6874058545045612,0.31259414549543885
operator,splicing|depthT1,splicing,depth,depthT1,False,76,228,False,,76.0,,105.0,0.0,1.2415390304531937,0.14854779854857728,0.3059719881237133,3.5721937769763703,0.009950248756218905,0.004975124378109453,5.655631700082753,0.8838335695104536,1.5042264657913664,3.172260453522788,0.009950248756218905,0.004975124378109453,13.652917758460992,3.912968525829116,1.3587186721652218,7.168481181693429,0.009950248756218905,0.004975124378109453,2.0410964068524207,0.2551749301994139,0.5400492744642182,3.3069602369613693,0.09093580232575463,0.09093580232575463,0.11221734382790764,0.10089515727356875,0.08335577779360576,0.0008039754442382622,0.3144264526078206,0.08262248777076428,0.01227919660442327,0.21107901078374222,0.01227919660442327,0.21107901078374222,0.00080319657592406,0.23921176670832806,200,-0.03297096469471852,-0.022511077926838124,-0.5686904953015443,0.2223379658926601,0.07940057705621881,4.736132570955981,0.0,0.17105263157894737,0.14006981896908152,921.5,,,0.9890975036960326,,0.0012369348539987774,0.1408,transferred,0.9890975036960326,unselected,1.0,0.1638733705772812,True,-0.05165602674937357,0.15055308203053938,0.1,0.012217343827907637,4.168481181693429,0.0012369348539987774,0.6847808367680273,0.31521916323197274
operator,splicing|depthT2,splicing,depth,depthT2,False,76,228,False,,76.0,,105.0,0.0,1.32356295967235,0.05812857874808339,0.38671538673115147,3.272262817419286,0.009950248756218905,0.004975124378109453,4.849702379116905,0.30100430357915975,1.718962570773055,2.6461879699289184,0.029850746268656716,0.014925373134328358,12.039990208992572,2.8937096400427937,1.2747239983234089,7.175106596392237,0.009950248756218905,0.004975124378109453,2.2222145371121473,0.12047738912461295,0.7121673267383316,2.951184460558334,0.10993056777436508,0.10993056777436508,0.13835508012078948,0.12153947615897562,0.09904274282201098,-0.006360549503688636,0.4564792615983797,0.15143784165949223,-0.0020314102678581887,0.29695382385821983,-0.0020314102678581887,0.29695382385821983,-0.006401433967932276,0.3134030585125781,200,-0.04811365211384746,-0.023439544271835634,-1.2249325643621518,0.25565314325941485,0.0861517229692053,5.305384223561145,0.013157894736842105,0.14473684210526316,0.18976648319909958,2143.0,,,0.9948547510103359,,0.0007155530347354061,0.1736,transferred,0.9948547510103359,unselected,1.0,0.21006776379477252,True,-0.07171268367398304,0.2464114978036072,0.1,0.038355080120789475,4.175106596392237,0.0007155530347354061,0.6586211878561085,0.34137881214389154
operator,splicing|depthT3,splicing,depth,depthT3,False,76,228,False,,76.0,,105.0,0.0,1.9746305486412283,0.07426884044477983,0.5482868876403065,3.4659988247669817,0.009950248756218905,0.004975124378109453,6.987446633077284,0.2902909686475709,2.190744157317024,3.0570231772895076,0.009950248756218905,0.004975124378109453,17.175674683213423,4.731924775326231,1.604014737343845,7.757877542006452,0.009950248756218905,0.004975124378109453,3.176129969375359,0.1387322192356267,0.9878933969917157,3.0746209655708463,0.11496669476228061,0.11496669476228061,0.1527161605033501,0.13248375075843857,0.10311222326402529,0.0054172641297351885,0.4801436721076333,0.12700640987396467,0.007837431295735433,0.2914809366486029,0.007837431295735433,0.2914809366486029,0.00538806101526526,0.32437470084216496,200,-0.07315328616539567,-0.04635066694508593,-1.0721777884771966,0.2522867583261698,0.0775042441069841,4.9216807363397415,0.013157894736842105,0.3157894736842105,0.20368457586465993,5156.5,,,0.9979098426004187,,0.0003198693902847249,0.1857,transferred,0.9979098426004187,unselected,1.0,0.22804863072577675,True,-0.07533247022242665,0.25209504138185657,0.1,0.052716160503350096,4.757877542006452,0.0003198693902847249,0.669664886902951,0.330335113097049
operator,splicing|miss<=5,splicing,miss,miss<=5,False,231,228,False,,231.0,,105.0,0.0,4.6119126672402295,0.31345275388850596,1.1697609344423598,3.6746482010025874,0.009950248756218905,0.004975124378109453,17.839654112553987,1.6341116554185628,5.076090504620116,3.1925243339112233,0.009950248756218905,0.004975124378109453,43.01866764742145,11.513917679730971,4.017233302221016,7.842399880104644,0.009950248756218905,0.004975124378109453,7.553897276882377,0.5643742047125244,2.107522535365084,3.3164642156289275,0.1072072409364047,0.1072072409364047,0.13643847095310976,0.12005794808994927,0.09682671587817264,0.018324014244724712,0.3805864559366393,0.09971931292009416,0.020480408083922187,0.2508495229998958,0.020480408083922187,0.2508495229998958,0.017994259688838433,0.2756622544105956,200,-0.049736746870515706,-0.029657713220214873,-1.0526608161356603,0.2425942820956132,0.08118755463258945,5.376877330921505,0.008658008658008658,0.2077922077922078,0.1768297966325339,2072.0,,,0.9948682701446488,,0.0007037769680871758,0.1651,transferred,0.9948682701446488,unselected,1.0,0.19774823332135585,True,-0.06130976236824609,0.18283822261528346,0.05,0.08643847095310976,4.842399880104644,0.0007037769680871758,0.6899605051408318,0.31003949485916815
operator,pinned_sig&splicing,pinned_sig&splicing,primary,miss0,True,101,101,False,101.0,228.0,0.44298245614035087,105.0,0.0,2.201428362806359,0.18167797847566264,0.5982595021127582,3.376043969544874,0.009950248756218905,0.004975124378109453,8.227956916619062,0.8386339597113738,2.6659504277031347,2.7717405695626542,0.029850746268656716,0.014925373134328358,27.92916771336141,7.611325103491979,2.3033373682610567,8.8210450148728,0.009950248756218905,0.004975124378109453,3.3722537187334556,0.29672484584946807,1.0447295002221237,2.943851850866744,0.07882183906802165,0.07882183906802165,0.0994077187776619,0.09041933859458882,0.07306288787786747,-0.0004998286982744827,0.29564400427155313,0.07329639659636789,0.005610062485565155,0.19999465320483542,0.005610062485565155,0.19999465320483542,-0.0005009493875680985,0.22818301654355425,200,-0.08911930534845786,-0.0432652701192704,-1.9993521959525633,0.24173499848475358,0.08231369625659025,5.083712816388944,0.0,0.2376237623762376,0.15886519533141077,2821.0,,,0.9958660832480021,,0.00041264909092253644,0.1651,transferred,0.9958660832480021,table,0.55,0.10876152832674574,True,-0.009353809549083839,0.1868824759448074,0.05,0.049407718777661896,5.8210450148728,0.00041264909092253644,0.9139970751331965,0.0860029248668035
operator,pinned_sig&splicing|depthT1,pinned_sig&splicing,depth,depthT1,True,34,101,False,34.0,86.0,0.3953488372093023,105.0,0.0,0.43835737998484886,0.02357020705824767,0.15910806615526346,2.6069525131544036,0.029850746268656716,0.014925373134328358,1.9098531794932598,0.11635686828411698,0.7992488038754647,2.243977472987995,0.04975124378109453,0.024875621890547265,8.901988875683056,2.366088068702675,0.8447081481551036,7.737466273120727,0.009950248756218905,0.004975124378109453,0.679984460521565,0.03926191695505661,0.27793370667748674,2.3053070864484977,0.04924263398961093,0.04924263398961093,0.0634628929012518,0.05967570032285525,0.04693159846390544,-0.034304610310263065,0.22253327588514557,0.06697123917271548,-0.02236376372401016,0.15139919960132522,-0.02236376372401016,0.15139919960132522,-0.03552387671765427,0.1820259793018152,200,-0.08842580915616202,-0.03774361635891074,-2.2001148140921085,0.2130046341131683,0.07867490951538522,4.106126219617014,0.0,0.14705882352941177,0.12793488105411582,1010.0,,,0.9912680398646745,,0.0005590369391530217,0.1408,transferred,0.9912680398646745,table,0.55,0.09013035381750467,True,-0.02666746091625287,0.1324029220676409,0.1,-0.0365371070987482,4.737466273120727,0.0005590369391530217,0.7041234191729796,0.2958765808270204
operator,pinned_sig&splicing|depthT2,pinned_sig&splicing,depth,depthT2,True,33,101,False,33.0,91.0,0.3626373626373626,105.0,0.0,0.6670404452174036,-0.028758313031412647,0.231881674225183,3.0006629914752034,0.009950248756218905,0.004975124378109453,2.4243112875421584,0.01983641041101249,1.044078930496145,2.302962742470574,0.04975124378109453,0.024875621890547265,8.900891837007027,2.2638358002681507,0.8153136807849356,8.14049388984754,0.009950248756218905,0.004975124378109453,1.0262675045490053,-0.07136289652513597,0.4120766096226804,2.6636561635449074,0.07494085507747272,0.07494085507747272,0.10483545029562498,0.09488784077988606,0.06971625901414978,0.01705783170523837,0.3385246237149791,0.0832130144926877,0.010407325517856489,0.21458660668384183,0.010407325517856489,0.21458660668384183,0.01677132271969196,0.2529073561525026,200,-0.09616807189225227,-0.04399787511190072,-1.949906038968052,0.2527036648866295,0.08633835639001909,4.902849287605889,0.0,0.15151515151515152,0.16776832508359463,2821.0,,,0.9960544959135341,,0.00041526713572887213,0.1736,transferred,0.9960544959135341,table,0.55,0.11553727008712489,True,-0.010701819791499909,0.2229873536278542,0.1,0.004835450295624974,5.140493889847541,0.00041526713572887213,0.9073734407656522,0.09262655923434782
operator,pinned_sig&splicing|depthT3,pinned_sig&splicing,depth,depthT3,True,34,101,False,34.0,51.0,0.6666666666666666,105.0,0.0,1.0960305376041073,0.18686608444882766,0.2656672850869082,3.4221919829453715,0.009950248756218905,0.004975124378109453,3.893792449583644,0.7024406810162442,1.086220981923128,2.9380317832907155,0.01990049751243781,0.009950248756218905,10.12628700067133,2.981401234521152,0.855003870905444,8.356553706106366,0.009950248756218905,0.004975124378109453,1.6660017536628846,0.32882582541954747,0.46014781273091054,2.9059704104804753,0.10823617161269922,0.10823617161269922,0.12724688440262602,0.11288288853427111,0.09766525798846155,0.00901522184588022,0.42229310492455946,0.10410981834903417,0.023139674087263994,0.26543111697221033,0.023139674087263994,0.26543111697221033,0.00893087840427154,0.29690641006049134,200,-0.08297135166001211,-0.04807586609266533,-1.2592464786194286,0.25981930428981215,0.08204619522123206,4.668528975979918,0.0,0.4117647058823529,0.18115423661393903,7850.0,,,0.998493010727725,,0.00019204910566716416,0.1857,transferred,0.998493010727725,table,0.65,0.14823160997175489,True,-0.020984725569128865,0.2740614949528046,0.1,0.027246884402626015,5.356553706106366,0.00019204910566716416,0.8584328567089877,0.14156714329101228
operator,pinned_sig&splicing|miss<=5,pinned_sig&splicing,miss,miss<=5,True,101,101,False,101.0,231.0,0.43722943722943725,105.0,0.0,2.201428362806359,0.18167797847566264,0.5982595021127582,3.376043969544874,0.009950248756218905,0.004975124378109453,8.227956916619062,0.8386339597113738,2.6659504277031347,2.7717405695626542,0.029850746268656716,0.014925373134328358,27.92916771336141,7.611325103491979,2.3033373682610567,8.8210450148728,0.009950248756218905,0.004975124378109453,3.3722537187334556,0.29672484584946807,1.0447295002221237,2.943851850866744,0.07882183906802165,0.07882183906802165,0.0994077187776619,0.09041933859458882,0.07306288787786747,-0.0004998286982744827,0.29564400427155313,0.07329639659636789,0.005610062485565155,0.19999465320483542,0.005610062485565155,0.19999465320483542,-0.0005009493875680985,0.22818301654355425,200,-0.08911930534845786,-0.0432652701192704,-1.9993521959525633,0.24173499848475358,0.08231369625659025,5.083712816388944,0.0,0.2376237623762376,0.15886519533141077,2821.0,,,0.9958660832480021,,0.00041264909092253644,0.1651,transferred,0.9958660832480021,table,0.55,0.10876152832674574,True,-0.009353809549083839,0.1868824759448074,0.05,0.049407718777661896,5.8210450148728,0.00041264909092253644,0.9139970751331965,0.0860029248668035
operator,translation,translation,primary,miss0,False,1219,1219,False,,1220.0,,105.0,0.0,12.376137653712723,0.76043398150975,3.1099160231505474,3.7350538039401813,0.009950248756218905,0.004975124378109453,47.17626895627881,6.1879885748006656,13.53112729727393,3.029184448640574,0.009950248756218905,0.004975124378109453,180.20368097262622,45.08334590165967,12.431279325349108,10.869382911816436,0.009950248756218905,0.004975124378109453,22.665038788783363,1.4450884072752896,6.146618311103416,3.4522967439145824,0.06867860626882931,0.06867860626882931,0.08596562217006262,0.07916053732739652,0.064264977202653,0.01288339714306789,0.2519304549777055,0.06335188688896273,0.013856162770088706,0.18207724313584217,0.013856162770088706,0.18207724313584217,0.012718891537478839,0.2012333412937221,200,-0.06728714348704783,-0.022832044394854825,-3.4850618844248897,0.21916559090194038,0.062271967206033986,6.902759177039804,0.03281378178835111,0.12633305988515175,0.2178116483418752,1955.0,,,0.9954546803452986,,0.0003925253854275729,0.1651,transferred,0.9954546803452986,unselected,1.0,0.19774823332135585,True,-0.11178261115129323,0.054182221656349644,0.05,0.03596562217006262,7.869382911816436,0.0003925253854275729,0.43472257995024394,0.5652774200497561
operator,translation|depthT1,translation,depth,depthT1,False,406,1219,False,,407.0,,105.0,0.0,4.406687730456845,0.7759608001610927,0.9189414559103114,3.950988288692584,0.009950248756218905,0.004975124378109453,18.438722495156973,4.872387414191984,4.48157446649246,3.0271359278746495,0.009950248756218905,0.004975124378109453,54.226931122437975,11.788294845859637,4.529006726443039,9.37040698765058,0.009950248756218905,0.004975124378109453,8.19905348287919,1.598330905303956,1.7810186942264712,3.7061500808345236,0.08126382296108675,0.08126382296108675,0.08555239397029192,0.07881000902903744,0.07515633209529043,0.021402193149338444,0.25149954042762157,0.06244857052764058,0.03172720401277187,0.20257509060243906,0.03172720401277187,0.20257509060243906,0.020953629489027927,0.20095852288081276,200,-0.03642127261648229,-0.0054083020741946585,-2.39024723994926,0.21966444014471592,0.06777676824582203,6.962744985632283,0.029556650246305417,0.1206896551724138,0.1821942753407434,666.5,,,0.9880792764453893,,0.0010321504177517894,0.1408,transferred,0.9880792764453893,unselected,1.0,0.1638733705772812,True,-0.07832097660698929,0.08762616985034036,0.05,0.03555239397029192,6.370406987650581,0.0010321504177517894,0.5220640404778041,0.4779359595221959
operator,translation|depthT2,translation,depth,depthT2,False,406,1219,False,,406.0,,105.0,0.0,3.904052043152644,-0.0008803571949226185,1.228963623044337,3.1774190278101417,0.009950248756218905,0.004975124378109453,14.353491771045373,-0.39384351220281316,5.2472257488184635,2.8105013942975288,0.009950248756218905,0.004975124378109453,54.96332934683958,14.711273664512575,3.7482813567442568,10.738803161054534,0.009950248756218905,0.004975124378109453,7.087517637005644,0.010227103510592332,2.4209381412430737,2.9233669431392784,0.07103012298466467,0.07103012298466467,0.09701199936633446,0.0884329427776281,0.06631944467324913,-0.01633164882920684,0.35341577124211426,0.08802086636641294,-0.011577900711136187,0.2324589606020178,-0.011577900711136187,0.2324589606020178,-0.016604925856289237,0.2611184231488466,200,-0.0710718944195864,-0.030102577662863568,-2.8408509683964684,0.21997374068419953,0.06458828741576325,5.858368297378656,0.03694581280788178,0.1206896551724138,0.22485502849484706,1950.0,,,0.995248104420262,,0.0004631919306582945,0.1736,transferred,0.995248104420262,unselected,1.0,0.21006776379477252,True,-0.11305576442843805,0.14334800744734175,0.05,0.04701199936633446,7.738803161054534,0.0004631919306582945,0.46181288177614516,0.5381871182238549
operator,translation|depthT3,translation,depth,depthT3,False,407,1219,False,,407.0,,105.0,0.0,4.065397880103235,-0.014646461456420425,1.191421166120887,3.4245189338407935,0.009950248756218905,0.004975124378109453,14.384054690076464,1.7094446728114958,5.045597852082327,2.5120135192768354,0.009950248756218905,0.004975124378109453,71.01342050334866,18.583777391287448,5.390440025397865,9.72641247561073,0.009950248756218905,0.004975124378109453,7.378467668898528,-0.1634696015392582,2.398395848689193,3.1445756856857963,0.057248303930262444,0.057248303930262444,0.07781941854609076,0.07220079468512838,0.0541483998767792,-0.0019011834837429696,0.250062784315005,0.06933371476297318,-0.001481546930858005,0.1688580051212118,-0.001481546930858005,0.1688580051212118,-0.0019052308715657444,0.20003940884199622,200,-0.0943017250468487,-0.03296030698791743,-4.2947840028578135,0.21786180317672152,0.05447006247064326,6.802896080970054,0.03194103194103194,0.1375921375921376,0.2463154348194008,5889.0,,,0.9987214180340874,,9.962588501074688e-05,0.1857,transferred,0.9987214180340874,unselected,1.0,0.22804863072577675,True,-0.150229212179686,0.022014153589228258,0.05,0.027819418546090754,6.726412475610729,9.962588501074688e-05,0.34124045515391327,0.6587595448460868
operator,translation|miss0-5,translation,miss,miss0-5,False,56,1219,False,,56.0,,101.0,0.03809523809523807,0.25196781581340666,-2.7957688979943773e-05,0.19170699065472496,1.3144840083387732,0.1890547263681592,0.0945273631840796,1.025489581073447,-0.07120972799301312,0.7411855731127115,1.4796554990415145,0.14925373134328357,0.07462686567164178,1.7485736067507158,0.3171060459621908,0.5516982713745102,2.594656599561465,0.029850746268656716,0.014925373134328358,0.5450715477544913,0.021876122289046354,0.33671113656353585,1.5538405732734664,0.14409906156688793,0.14409906156688793,0.17604015655344263,0.14968889928840015,0.1259498118716562,-9.005654974089174,6.28890613253382,18.650702414640595,-1.7214415637548517,2.5806356384672053,-1.7214415637548517,2.5806356384672053,-2.463305720158529,0.8754190588761509,200,-0.01984972173064589,-0.007580075647555557,-0.8579850834632865,0.18740572337672964,0.02689208132425927,6.952334487303705,0.0,0.125,0.17385192476908015,1317.75,,,0.9943381658374317,,0.0010023855128991437,0.1651,transferred,0.9943381658374317,unselected,1.0,0.19774823332135585,True,-0.021708076767913226,6.091157899212464,0.1,0.07604015655344262,-0.405343400438535,0.0010023855128991437,0.8902236626678938,0.10977633733210623
operator,translation|miss5-20,translation,miss,miss5-20,False,95,1219,False,,95.0,,93.0,0.11428571428571432,0.3333436195826932,-0.09151894016121012,0.2657201762066826,1.598909671855089,0.10945273631840796,0.05472636815920398,1.5929838429321426,-0.7045776728616425,1.061055073405981,2.16535557237253,0.03980099502487562,0.01990049751243781,4.791824524047442,1.006832306530911,0.6801063381846517,5.565294726732703,0.009950248756218905,0.004975124378109453,0.6875523348059274,-0.1599319788922963,0.4639987909465008,1.8264795732968597,0.06956507232471289,0.06956507232471289,0.11224925583140852,0.10092095386254224,0.06504052359667312,-1.6634237315910076,1.1249926695119015,0.8066544589564612,-0.26809341118736857,0.9392475633661024,-0.26809341118736857,0.9392475633661024,-0.39035668556747455,0.530915253751635,200,-0.014699176267245897,-0.010606633996032726,-0.3475657926756299,0.21041561344196522,0.04706489761764778,8.4300705640715,0.042105263157894736,0.08421052631578947,0.1665237831474364,917.0,,,0.992737050631847,,0.0008212251786084553,0.1651,transferred,0.992737050631847,unselected,1.0,0.19774823332135585,True,-0.08549897748994734,0.9272444361905456,0.1,0.012249255831408512,2.565294726732703,0.0008212251786084553,0.5676372119542276,0.43236278804577244
operator,translation|miss20+,translation,miss,miss20+,False,115,1219,False,,115.0,,61.0,0.419047619047619,-0.6846745830868552,-0.546815175709551,0.4836006284794231,-0.28506871012714186,0.7562189054726368,0.6268656716417911,-0.6559017645967624,-1.3983635276532655,1.2790434850234713,0.5804820334492994,0.5373134328358209,0.26865671641791045,2.5229133774080674,-1.3186271998450092,1.2638784178355023,3.0394858580084283,0.009950248756218905,0.004975124378109453,-0.7488499690030631,-0.6202304966437123,0.5664304373595472,-0.22707019940333525,-0.27138251721914464,-0.27138251721914464,-0.035886489965409066,-0.037222266457112,-0.3724622639898523,-0.9739815026451508,2.4958515680064894,2.7996266561766983,-3.3889990310285643,5.728767180534922,-3.3889990310285643,5.728767180534922,-2.109139756121748,0.7168045810200514,200,-0.01502413453181086,-0.00560945776397485,-0.8488185989142333,0.16390266909368453,0.04749952448653035,6.265189027495935,0.043478260869565216,0.06086956521739131,0.19378565862951974,770.0,,,0.9914104145246775,,-0.0003109207533541722,0.1651,transferred,0.9914104145246775,unselected,1.0,0.19774823332135585,True,-0.23363472328676493,2.2981033346851336,0.05,-0.014113510034590937,0.0394858580084283,0.0,0.0,1.0
operator,translation|miss<=5,translation,miss,miss<=5,False,1275,1219,False,,1276.0,,105.0,0.0,12.62810546952613,0.7604060238207697,3.178289509244075,3.733989433998408,0.009950248756218905,0.004975124378109453,48.20175853735226,6.116778846807653,13.83165083395909,3.0426577561673778,0.009950248756218905,0.004975124378109453,181.95225457937693,45.40045194762185,12.635299385499424,10.807167955866976,0.009950248756218905,0.004975124378109453,23.210110336537852,1.4669645295643357,6.2714579567137845,3.4670001707811537,0.06940340200080951,0.06940340200080951,0.08690987022492468,0.07996051246359515,0.06489917824364372,0.014248734623232239,0.258647474652136,0.06421036521669894,0.014862717309075912,0.18217268065102024,0.014862717309075912,0.18217268065102024,0.014046093822458493,0.20549611218110006,200,-0.06520361751186468,-0.022162154002816584,-3.4506844827519743,0.21777064770083313,0.06071802712024624,7.02678886631882,0.03137254901960784,0.12627450980392158,0.21588086832612893,1900.0,,,0.9953872655774093,,0.0004027499285083262,0.1651,transferred,0.9953872655774093,unselected,1.0,0.19774823332135585,True,-0.11083836309643118,0.060899241330780146,0.05,0.036909870224924674,7.807167955866976,0.0004027499285083262,0.43949758116771415,0.5605024188322858
operator,pinned_sig&translation,pinned_sig&translation,primary,miss0,True,436,436,False,436.0,1220.0,0.35737704918032787,105.0,0.0,7.979795511068905,1.143518920269979,1.2686260410155419,5.388724785537628,0.009950248756218905,0.004975124378109453,30.334843686438695,6.7103173132432685,5.728012245300217,4.124384753642791,0.009950248756218905,0.004975124378109453,114.96617793157192,31.275579217577604,7.34262947860604,11.397905744507558,0.009950248756218905,0.004975124378109453,13.799714411578105,2.153922698697796,2.3302670705877198,4.997621028023671,0.06940993998964194,0.06940993998964194,0.08168511990410457,0.0755165421073244,0.06490489511469683,0.0357387776378834,0.16606316007343272,0.03645183306915977,0.03594089765224269,0.1282905990835724,0.03594089765224269,0.1282905990835724,0.03450543784031088,0.1424131478616047,200,-0.09846230507104302,-0.03487228216991764,-4.709172889217428,0.21742962654382564,0.05876920923950111,6.793688778675205,0.01834862385321101,0.1536697247706422,0.18361859061490587,2319.5,,,0.996318687898051,,0.00030181951227527834,0.1651,transferred,0.996318687898051,table,0.55,0.10876152832674574,True,-0.02707640842264117,0.05730163174668698,0.05,0.03168511990410457,8.397905744507558,0.00030181951227527834,0.7510479225586354,0.2489520774413646
operator,pinned_sig&translation|depthT1,pinned_sig&translation,depth,depthT1,True,145,436,False,145.0,452.0,0.32079646017699115,105.0,0.0,2.3495887589545976,0.3594943489215659,0.3630120010216946,5.482172502374373,0.009950248756218905,0.004975124378109453,9.954889245770667,2.183424587486872,1.854263449172454,4.191132959964319,0.009950248756218905,0.004975124378109453,36.86673690218281,9.160399006298292,2.5186158063478676,11.000620986358472,0.009950248756218905,0.004975124378109453,3.8885589288988434,0.6402884646280463,0.6528846254179257,4.975259544810859,0.06373194256895252,0.06373194256895252,0.07182812891084532,0.0670145958791309,0.05991353650153393,0.03838686420162215,0.1649595621671434,0.03484631967201913,0.03861194305613788,0.12891339509488517,0.03861194305613788,0.12891339509488517,0.036967500587870565,0.14160110530472142,200,-0.07048067793879557,-0.02330243709023823,-3.4367820280121544,0.20110792271516056,0.06103807060367955,6.214624210113824,0.013793103448275862,0.13793103448275862,0.14942451675667462,679.0,,,0.9879301933868372,,0.0008775434045265237,0.1408,transferred,0.9879301933868372,table,0.55,0.09013035381750467,True,-0.01830222490665935,0.07482920834963872,0.05,0.021828128910845318,8.000620986358472,0.0008775434045265237,0.7969360583703292,0.20306394162967079
operator,pinned_sig&translation|depthT2,pinned_sig&translation,depth,depthT2,True,145,436,False,145.0,477.0,0.3039832285115304,105.0,0.0,2.852171322560447,0.2718285602989118,0.5439716071593726,4.743524713975645,0.009950248756218905,0.004975124378109453,9.797264320189473,0.9281590768302231,2.263170711492093,3.918884774499362,0.009950248756218905,0.004975124378109453,36.537881432924095,10.555912389640964,2.1782467921433417,11.927927146270466,0.009950248756218905,0.004975124378109453,5.133053007399289,0.6459344139509846,1.0205296232158536,4.396852860878912,0.07806066500589086,0.07806066500589086,0.0993128256739497,0.09034082324388831,0.0724084159080828,0.023734517207861728,0.20958975044414935,0.04954207707794567,0.024271044888948025,0.14893642769861054,0.024271044888948025,0.14893642769861054,0.023183902343835754,0.17327341680453076,200,-0.12796737608498426,-0.05347590110442095,-4.49355113581025,0.24003077785381527,0.07096139789130039,6.084836210814258,0.020689655172413793,0.1310344827586207,0.21833880323271126,2316.0,,,0.9959916895080092,,0.00039967867737408905,0.1736,transferred,0.9959916895080092,table,0.55,0.11553727008712489,True,-0.016224444413175193,0.09405248035702446,0.05,0.04931282567394969,8.927927146270466,0.00039967867737408905,0.8595739331478008,0.14042606685219916
operator,pinned_sig&translation|depthT3,pinned_sig&translation,depth,depthT3,True,146,436,False,146.0,291.0,0.5017182130584192,105.0,0.0,2.778035429553861,0.5121960110495012,0.5101327792417676,4.441665995022267,0.009950248756218905,0.004975124378109453,10.582690120478553,3.5987336489261734,2.560853764842332,2.7271984708515253,0.009950248756218905,0.004975124378109453,41.56155959646502,11.559267821638354,3.393888458577562,8.840093639200255,0.009950248756218905,0.004975124378109453,4.7781024752799715,0.8676998201187653,0.937352319458399,4.171753324748406,0.06684146255642785,0.06684146255642785,0.07552221128672264,0.0702191089074489,0.06265360402871711,0.012066038225085856,0.19094435950907998,0.04882194550111328,0.02215625925324001,0.14271854929208666,0.02215625925324001,0.14271854929208666,0.011920580495385318,0.16033001188575408,200,-0.09694929573648409,-0.027886684848345958,-3.94660967916699,0.21119318897675685,0.04440720751130407,5.319663038571179,0.02054794520547945,0.1917808219178082,0.18309605554546576,9334.5,,,0.9991863672901037,,6.14973777046517e-05,0.1857,transferred,0.9991863672901037,table,0.65,0.14823160997175489,True,-0.07270939868503225,0.042712749537325095,0.05,0.025522211286722635,5.840093639200255,6.14973777046517e-05,0.5094878973594983,0.4905121026405017
operator,pinned_sig&translation|miss<=5,pinned_sig&translation,miss,miss<=5,True,437,436,False,437.0,1276.0,0.34247648902821315,105.0,0.0,7.976992760697886,1.1425771919610863,1.2693989273452158,5.383977740575297,0.009950248756218905,0.004975124378109453,30.297376746027055,6.694893087244207,5.741285499643253,4.111010271175234,0.009950248756218905,0.004975124378109453,115.20821551235994,31.3702234314163,7.3516051503247235,11.404039031835175,0.009950248756218905,0.004975124378109453,13.795558903423201,2.1522119772933266,2.3315323562643653,4.993860323167512,0.06923979097516779,0.06923979097516779,0.08151931360830218,0.07537481077090255,0.06475609265534323,0.03565064434982838,0.16612507146810632,0.03640310077569816,0.03584059440995611,0.12819880959889787,0.03584059440995611,0.12819880959889787,0.034423251237700805,0.14245863195879435,200,-0.09841384276092384,-0.03486283762090088,-4.713133796478424,0.21750885010204543,0.0584973198163551,6.820587597044063,0.018306636155606407,0.15331807780320367,0.18322656025400727,2323.0,,,0.9963078090686331,,0.00030210028235871234,0.1651,transferred,0.9963078090686331,table,0.55,0.10876152832674574,True,-0.027242214718443555,0.05736354314136058,0.05,0.03151931360830218,8.404039031835175,0.00030210028235871234,0.7495234285730025,0.25047657142699753
none,all,all,primary,miss0,False,7904,7904,False,,7919.0,,105.0,0.0,72.60674971217226,8.573012996532695,24.196487335858357,2.6464063079413918,0.01990049751243781,0.009950248756218905,238.89456520791606,33.30014551616524,92.26073702516655,2.228406430740625,0.04975124378109453,0.024875621890547265,904.5922196963015,-48.953899117649854,56.11550717815125,16.992559931548076,0.009950248756218905,0.004975124378109453,151.26784098463258,19.065609586877887,52.40340483140151,2.5227794228846676,0.0802646188318406,0.0802646188318406,0.06715326658272869,0.06292748069615996,0.07430088649819512,-0.025924628318617644,0.211013193374434,0.059868546438520125,-0.018240512629328694,0.23220208042224896,-0.018240512629328694,0.23220208042224896,-0.026615295707112456,0.17423123488883938,200,-0.08713632031793932,0.013675604827631875,-7.592683125498761,0.2369373765482899,-0.021854957820403968,10.880690996319995,0.04567307692307692,0.1027327935222672,0.3033217243655536,1646.5,,,0.9953213092100786,,0.00031566627476618976,0.1651,transferred,0.9953213092100786,unselected,1.0,0.19774823332135585,True,-0.13059496673862717,0.013264960053078145,0.05,0.017153266582728685,13.992559931548076,0.00031566627476618976,0.3395897169589351,0.660410283041065
none,all|depthT1,all,depth,depthT1,False,2635,7904,False,,2650.0,,105.0,0.0,23.1037016739065,2.581961918374081,6.5623259846272335,3.1272051713990154,0.009950248756218905,0.004975124378109453,82.80213316644075,10.404673687168575,26.019521308670186,2.7824285704728937,0.029850746268656716,0.014925373134328358,293.519546973123,-16.664778513210262,20.13948535896078,15.401799994274487,0.009950248756218905,0.004975124378109453,48.02926519072051,5.588935179330645,14.066246261502627,3.017175245078936,0.0787126510386106,0.0787126510386106,0.06615982198119359,0.062054319265428676,0.07296906267190262,-0.009521626918458634,0.18437817050187064,0.04756111065158122,0.0003295047825975705,0.2030745939501371,0.0003295047825975705,0.2030745939501371,-0.009613451521878175,0.15567014025660988,200,-0.06387666759732098,0.01277785633972635,-7.353917812097315,0.22685060818285963,-0.020569360221715533,11.976680785058134,0.04933586337760911,0.1062618595825427,0.26965569868587164,515.0,,,0.9869463240518592,,0.0008750515158550838,0.1408,transferred,0.9869463240518592,unselected,1.0,0.1638733705772812,True,-0.09771354859608762,0.020504799924589423,0.05,0.01615982198119359,12.401799994274487,0.0008750515158550838,0.4037252773170563,0.5962747226829437
none,all|depthT2,all,depth,depthT2,False,2633,7904,False,,2633.0,,105.0,0.0,20.95031751085955,3.3305589165032985,8.753388654044121,2.012907148389419,0.06965174129353234,0.03482587064676617,67.52788061585821,13.071639924623177,33.461452849475535,1.6274320465463161,0.10945273631840796,0.05472636815920398,284.0004049342042,-17.073171185189935,18.585271763911937,16.19957888934428,0.009950248756218905,0.004975124378109453,45.14676502355412,7.390396905287843,18.86000893193631,2.001927372066728,0.07376861844867162,0.07376861844867162,0.058523098644063444,0.0552875026714389,0.0687006652841549,-0.05740288762608652,0.22427902461023802,0.07211252312639574,-0.048790840815545154,0.25760628318351536,-0.048790840815545154,0.25760628318351536,-0.060898827013567865,0.18317048508506226,200,-0.09054690916963296,0.014632004336631095,-7.0236715488334465,0.24125941522374483,-0.02248632072469088,10.327927719279677,0.04595518420053171,0.08887200911507785,0.305635569618649,1646.0,,,0.9949774000495417,,0.0002954218983624177,0.1736,transferred,0.9949774000495417,unselected,1.0,0.21006776379477252,True,-0.15154466515070908,0.014211260815465504,0.05,0.008523098644063441,13.19957888934428,0.0002954218983624177,0.2785915248816477,0.7214084751183523
none,all|depthT3,all,depth,depthT3,False,2636,7904,False,,2636.0,,105.0,0.0,28.552730527406208,2.660492161655311,10.04035709684923,2.578816481923353,0.029850746268656716,0.014925373134328358,88.56455142561708,9.823831904373444,37.64244298149973,2.091806835171209,0.03980099502487562,0.01990049751243781,327.0722677889743,-15.215949419249657,19.917038665137035,17.18569828392051,0.009950248756218905,0.004975124378109453,58.09181077035798,6.086277502259382,21.940849028698494,2.370260749712816,0.08729792568603927,0.08729792568603927,0.07564455059812909,0.07032485829641934,0.08028887356789349,0.0029604701137173777,0.28663781599402355,0.06878568630157977,0.010735070037509826,0.3092961783990962,0.010735070037509826,0.3092961783990962,0.002950406923325497,0.22278028425722846,200,-0.10698044189317452,0.013617701701090177,-7.235686370695252,0.24270319855528377,-0.022509423353619655,9.750019428976502,0.0417298937784522,0.11305007587253414,0.33466376651827057,4466.5,,,0.998284444100136,,0.00012999546956595463,0.1857,transferred,0.998284444100136,unselected,1.0,0.22804863072577675,True,-0.15240408012764767,0.0585891852682468,0.05,0.02564455059812909,14.185698283920509,0.00012999546956595463,0.3317035947875957,0.6682964052124043
none,all|miss0-5,all,miss,miss0-5,False,607,7904,False,,611.0,,101.0,0.03809523809523807,4.088645280432878,0.16278948067131435,1.0567776594375595,3.7149307280502044,0.009950248756218905,0.004975124378109453,11.881630146674404,0.5271806316444182,4.4531257255197305,2.549770703746477,0.009950248756218905,0.004975124378109453,33.224881974722635,-4.902815332690243,3.004861860847188,12.68866892159335,0.009950248756218905,0.004975124378109453,7.166102252526719,0.2813202420194704,2.1032737889743593,3.2733646216665613,0.1230597382872121,0.1230597382872121,0.10296598213389324,0.0933537242324431,0.10957541624178564,0.0259351947258083,0.2551042669210133,0.056206859054874256,0.038787560214494636,0.3102939082391503,0.038787560214494636,0.3102939082391503,0.025279530549295135,0.20325331036382752,200,-0.027850940790616337,0.008848853564938707,-4.837542155776181,0.21942184816330493,-0.020526895626959876,12.751103153422449,0.036243822075782535,0.08072487644151564,0.2107407013149411,892.0,,,0.9933966477826949,,0.0006844402464498513,0.1651,transferred,0.9933966477826949,unselected,1.0,0.19774823332135585,True,-0.09478225118746261,0.057356033599657436,0.05,0.05296598213389324,9.68866892159335,0.0006844402464498513,0.5206922985074952,0.4793077014925048
none,all|miss5-20,all,miss,miss5-20,False,881,7904,False,,883.0,,93.0,0.11428571428571432,4.101522364231489,0.2779134089777826,1.3548951703272083,2.8220699571394157,0.01990049751243781,0.009950248756218905,12.602154107838501,1.0518611136928016,5.585758000694024,2.0678112071290218,0.03980099502487562,0.01990049751243781,42.05980809845198,-8.188875319138294,4.5096073465757645,11.142585053606743,0.009950248756218905,0.004975124378109453,7.9888262378069665,0.4433034433368879,2.4828206414888108,3.0390929849630393,0.09751643076047334,0.09751643076047334,0.07609371420695168,0.07071290650836153,0.08885190966380689,-0.010617042408548244,0.23265118552261266,0.06419826995207775,-0.002761254053410475,0.31481388364241664,-0.002761254053410475,0.31481388364241664,-0.010736361361108131,0.18874048711944277,200,-0.024145546798896425,0.00973530067343772,-4.672285033501985,0.21610599054544324,-0.020243554975081013,14.377048339427768,0.046538024971623154,0.07264472190692395,0.2062677247335908,689.0,,,0.9917216879757117,,0.0006351857753337682,0.1651,transferred,0.9917216879757117,unselected,1.0,0.19774823332135585,True,-0.12165451911440417,0.034902952201256804,0.05,0.026093714206951682,8.142585053606743,0.0006351857753337682,0.3848009811713141,0.6151990188286859
none,all|miss20+,all,miss,miss20+,False,1309,7904,False,,1311.0,,63.0,0.4,3.209049296983321,0.21648002080223822,2.497004460878861,1.1984637284659874,0.26865671641791045,0.13432835820895522,8.129329550214562,0.4885511160191362,6.595374123585796,1.1585056876259903,0.3283582089552239,0.16417910447761194,34.212106188326835,-18.861889620688075,9.347242640872848,5.678037668235693,0.009950248756218905,0.004975124378109453,5.481302701124896,0.30119876537737517,2.859161306092646,1.8117564492458436,0.09379864774528988,0.09379864774528988,0.056384849690792986,0.053375291880886966,0.08575494944946443,-0.10449551633747782,0.46140055654513795,1.2999871986915603,-0.9758349678361505,1.657474174693444,-0.9758349678361505,1.657474174693444,-0.10120476112289793,0.31574978108944973,200,-0.011781338559179474,0.006000565692426454,-3.214680989533827,0.17478155078579044,-0.015541705582502176,15.583152288677109,0.024446142093200916,0.03514132925897632,0.19904709357554604,538.0,,,0.9910564429187292,,0.0005088318887704717,0.1651,transferred,0.9910564429187292,unselected,1.0,0.19774823332135585,True,-0.14136338363056286,0.26365232322378207,0.05,0.006384849690792983,2.6780376682356932,0.0005088318887704717,0.2851345306289707,0.7148654693710292
none,all|miss<=5,all,miss,miss<=5,False,8511,7904,False,,8530.0,,105.0,0.0,76.69539499260515,8.735802477204013,24.984328219991376,2.720088845975967,0.01990049751243781,0.009950248756218905,250.77619535459044,33.82732614780964,95.49443692923572,2.271848247741871,0.04975124378109453,0.024875621890547265,937.8171016710241,-53.856714450340114,57.763454257784176,17.16784130837755,0.009950248756218905,0.004975124378109453,158.4339432371593,19.34692982889735,53.94954601070389,2.578094232353064,0.08178075965553147,0.08178075965553147,0.0685301874574089,0.06413500363567452,0.075598275274902,-0.022905418254065484,0.20767067491504365,0.05878184995052038,-0.015269485571302793,0.2310999138708383,-0.015269485571302793,0.2310999138708383,-0.023443397184415658,0.17194631157206758,200,-0.08290811853517759,0.013331363490955251,-7.61275166806848,0.23568817836597453,-0.021760241130071387,11.105012046982434,0.045000587475032314,0.10116320056397603,0.2967188949692756,1572.0,,,0.9951828938731783,,0.0003317150926786279,0.1651,transferred,0.9951828938731783,unselected,1.0,0.19774823332135585,True,-0.12921804586394697,0.009922441593687797,0.05,0.018530187457408892,14.16784130837755,0.0003317150926786279,0.34655271658504355,0.6534472834149565
none,pinned_sig,pinned_sig,primary,miss0,True,2205,2205,False,2205.0,7919.0,0.2784442480111125,105.0,0.0,35.40805827480571,2.624944871390825,7.3968832773526,4.432017131294819,0.009950248756218905,0.004975124378109453,117.29466549781867,10.121932621340482,29.078726908802423,3.6856060862841944,0.009950248756218905,0.004975124378109453,500.27138303660024,-12.213486944371207,26.240722206574084,19.53013586846244,0.009950248756218905,0.004975124378109453,65.7793778860779,5.6628916837831325,15.5157327638778,3.874550246331391,0.07077770081486998,0.07077770081486998,0.06396893903352137,0.060122938449339414,0.06609934140485706,0.016972922458881053,0.1498456936846984,0.03042967042907072,0.022893820349840544,0.15941250238039872,0.022893820349840544,0.15941250238039872,0.01668965028724742,0.13031803286219265,200,-0.15312528914213824,0.01274341112682079,-11.493064940614069,0.23345704602826697,-0.021739591586761337,10.758243065211179,0.039002267573696146,0.15011337868480726,0.2694688580494521,1850.0,,,0.9958039970815208,,0.00026954486592073906,0.1651,transferred,0.9958039970815208,table,0.55,0.10876152832674574,True,-0.04479258929322437,0.04108416535795267,0.05,0.013968939033521366,16.53013586846244,0.00026954486592073906,0.5881577798478826,0.41184222015211736
none,pinned_sig|depthT1,pinned_sig,depth,depthT1,True,735,2205,False,735.0,2975.0,0.24705882352941178,105.0,0.0,11.011628982584469,0.8237906995611306,2.12232052410248,4.800329718024911,0.009950248756218905,0.004975124378109453,39.7115801617049,3.1472860509957217,8.720243117236926,4.193036090752346,0.009950248756218905,0.004975124378109453,173.89337541015107,-4.0658213695499725,10.041007006702586,17.723241967753783,0.009950248756218905,0.004975124378109453,20.335971872391468,1.7539446449213083,4.425983868247425,4.198394702877253,0.06332402805231684,0.06332402805231684,0.057248169621910865,0.054148279719778314,0.059552898628940996,0.02420723819986436,0.11529514451568136,0.022523670755706243,0.02960944840517972,0.122439136881916,0.02960944840517972,0.122439136881916,0.02363505402434641,0.10337635287311142,200,-0.12321185028655593,0.01156713114204179,-11.139350657847173,0.21781790224331557,-0.019749169219928878,11.58424114899048,0.04353741496598639,0.15374149659863945,0.22495453355963907,536.0,,,0.9869933541244168,,0.0007544191317864254,0.1408,transferred,0.9869933541244168,table,0.55,0.09013035381750467,True,-0.03288218419559381,0.02516479069817669,0.05,0.007248169621910862,14.723241967753783,0.0007544191317864254,0.6351708075819449,0.3648291924180551
none,pinned_sig|depthT2,pinned_sig,depth,depthT2,True,735,2205,False,735.0,2722.0,0.2700220426157237,105.0,0.0,10.13092522741383,1.035728129194538,2.8592585702632376,3.1809634822155806,0.009950248756218905,0.004975124378109453,32.382562874046606,4.081842340139023,11.068964154712258,2.556763229001826,0.01990049751243781,0.009950248756218905,159.27113631988811,-4.2976210380921005,8.461065031133385,19.331934780800246,0.009950248756218905,0.004975124378109453,19.29222847738706,2.203626185983124,5.9586600411608845,2.867859917055225,0.06360804262152292,0.06360804262152292,0.05560473311118881,0.052675714087890374,0.059804025611488704,-0.0029992296680523573,0.1589147488810248,0.03962660086936686,0.0035809937019863625,0.1741034094278914,0.0035809937019863625,0.1741034094278914,-0.003008358339529473,0.13712174814992648,200,-0.17138233254066593,0.014315009350311683,-10.424881265584725,0.24584822413973947,-0.022457576330829978,9.959817815162907,0.04353741496598639,0.1346938775510204,0.2865875236609627,1850.0,,,0.9955241035098723,,0.00025000000390687597,0.1736,transferred,0.9955241035098723,table,0.55,0.11553727008712489,True,-0.05993253697593608,0.043377478793899915,0.05,0.005604733111188809,16.331934780800246,0.00025000000390687597,0.48127096190915825,0.5187290380908418
none,pinned_sig|depthT3,pinned_sig,depth,depthT3,True,735,2205,False,735.0,2222.0,0.33078307830783077,105.0,0.0,14.265504064807411,0.7654260426351561,2.9207066767675145,4.622195761579673,0.009950248756218905,0.004975124378109453,45.200522462067156,2.8928042302057406,11.678197040519812,3.6227953754390705,0.009950248756218905,0.004975124378109453,167.10687130656106,-3.850044536729133,9.150708408335523,18.68236951879735,0.009950248756218905,0.004975124378109453,26.15117753629938,1.7053208528787014,6.176132529127923,3.958117247019708,0.08536754924121011,0.08536754924121011,0.07896772093471358,0.07318821444102476,0.07865312474183636,0.03173857372004835,0.170785261960697,0.03664286045213325,0.03712643202747351,0.17949814677780224,0.03712643202747351,0.17949814677780224,0.030761935630939468,0.14587240474560068,200,-0.16478168459919285,0.01234809288810889,-10.309214607384538,0.23670501170174588,-0.023012029209525147,9.754406382548915,0.029931972789115645,0.1619047619047619,0.2968645169277547,5461.0,,,0.998674884176032,,0.00010478022252418317,0.1857,transferred,0.998674884176032,table,0.55,0.1254267468991772,True,-0.046459025964463635,0.04535851506151978,0.05,0.028967720934713573,15.682369518797351,0.00010478022252418317,0.629592354796468,0.370407645203532
none,pinned_sig|miss0-5,pinned_sig,miss,miss0-5,True,32,2205,False,32.0,611.0,0.05237315875613748,101.0,0.03809523809523807,0.4383287371384276,0.03212785282569852,0.13894953637649818,2.92336984279016,0.009950248756218905,0.004975124378109453,1.3986002090818446,0.07335746489209358,0.605082849984609,2.1901839462537405,0.04975124378109453,0.024875621890547265,7.539850703206918,-0.23122486530539732,0.46528296754445003,16.701826867904675,0.009950248756218905,0.004975124378109453,0.8458979513790359,0.06947316525389458,0.2727787455356819,2.8463536797942277,0.05813493587505568,0.05813493587505568,0.05227087045178377,0.04967434899090355,0.05494094741988582,-0.005907951629890998,0.14225434611495869,0.03567347302378334,-0.0014912502630612388,0.15248484553944802,-0.0014912502630612388,0.15248484553944802,-0.005943063646910555,0.124538240132737,200,-0.12428927088978098,0.00878658937635405,-6.488763408340573,0.21544111697741872,-0.020204000661073907,8.354810435568119,0.0,0.09375,0.2065877710133233,1067.0,,,0.9939075846416199,,0.00032040791202048516,0.1651,transferred,0.9939075846416199,table,0.4,0.07909929332854235,True,-0.02682842287675858,0.06315505278641634,0.1,-0.04772912954821624,13.701826867904675,0.00032040791202048516,0.6608260106025782,0.3391739893974218
none,pinned_sig|miss5-20,pinned_sig,miss,miss5-20,True,47,2205,False,47.0,883.0,0.053227633069082674,94.0,0.10476190476190472,0.8410335286027943,0.007512983569363518,0.1952125434313032,4.269810384017425,0.009950248756218905,0.004975124378109453,3.032668755129849,0.02229551554656147,0.7800738413233659,3.859087537759634,0.009950248756218905,0.004975124378109453,10.448121204465975,-0.3577794033121051,0.5876501628174366,18.388322324238192,0.009950248756218905,0.004975124378109453,1.4459438574755499,0.008851805565177964,0.36483904726325755,3.9389754542183275,0.08049614970424544,0.08049614970424544,0.07713568496395973,0.07161185544283646,0.07449924715259647,0.026411700534891086,0.18185459622794795,0.0380380708371227,0.028085476675416512,0.18998165031712347,0.028085476675416512,0.18998165031712347,0.02573195274784324,0.1538715573974449,200,-0.1089693457054095,0.00927180340518809,-7.121839383468137,0.18804380123301892,-0.019195763738198937,8.214035828659238,0.0,0.1702127659574468,0.22738940389997694,667.0,,,0.9898934262791346,,0.0007875367851749743,0.1651,transferred,0.9898934262791346,table,0.4,0.07909929332854235,True,-0.0019636083645826197,0.1027553028994056,0.1,-0.022864315036040278,15.388322324238192,0.0007875367851749743,0.9751753994005143,0.024824600599485658
none,pinned_sig|miss20+,pinned_sig,miss,miss20+,True,19,2205,False,19.0,1311.0,0.014492753623188406,60.0,0.4285714285714286,0.4914158509990198,0.012461088979671806,0.24955989281787125,1.9191976587715922,0.05970149253731343,0.029850746268656716,0.9543960950899264,0.058671782201479734,0.6238084989423226,1.435896295749676,0.12935323383084577,0.06467661691542288,6.037578983338922,-0.2651422700220104,0.6316580863915687,9.978058365984152,0.009950248756218905,0.004975124378109453,0.6214283671839868,0.014089223337001088,0.2715741214954587,2.2363660443881495,0.0813928649803361,0.0813928649803361,0.07599174114894339,0.07062483682988072,0.07526669318445718,-0.03857384912310444,0.2763039273314834,0.08200788213133599,-0.03815770847401875,0.2959918113322633,-0.03815770847401875,0.2959918113322633,-0.04012149129909945,0.21645082584566333,200,-0.0990684702297616,0.007117705119619508,-3.0450771898185147,0.1829176415653961,-0.015326423179480946,5.43012317668797,0.0,0.15789473684210525,0.16790213511550642,619.0,,,0.9910564429187292,,0.0006857696950833147,0.1651,transferred,0.9910564429187292,table,0.3,0.05932446999640675,False,0.016667271152536633,0.21697945733507665,0.1,-0.02400825885105662,6.978058365984152,0.0006857696950833147,1.0,-0.28095103341919714
none,pinned_sig|miss<=5,pinned_sig,miss,miss<=5,True,2237,2205,False,2237.0,8530.0,0.2622508792497069,105.0,0.0,35.84638701194413,2.657072724216523,7.44938211674533,4.45531102681952,0.009950248756218905,0.004975124378109453,118.69326570690049,10.195290086232577,29.287001936089485,3.704646035720343,0.009950248756218905,0.004975124378109453,507.8112337398071,-12.444711809676605,26.44970554428386,19.66963090301465,0.009950248756218905,0.004975124378109453,66.62527583745694,5.732364849037026,15.617189868166777,3.8990952599315376,0.07058998428993232,0.07058998428993232,0.06379420470182946,0.05996855822288515,0.0659355918939883,0.018022863240502094,0.1483041254061491,0.03015628865848089,0.024164012033854494,0.15782768301252129,0.024164012033854494,0.15782768301252129,0.017703790193714656,0.12915044093963618,200,-0.1527127935748269,0.01268680929579042,-11.552960312402886,0.2331993304584739,-0.021717625154207915,10.805025741822304,0.03844434510505141,0.14930710773357175,0.2685693521106251,1845.0,,,0.9957895526523783,,0.0002697378570251156,0.1651,transferred,0.9957895526523783,table,0.55,0.10876152832674574,True,-0.044967323624916275,0.03954259707940336,0.05,0.01379420470182946,16.66963090301465,0.0002697378570251156,0.586551197682478,0.413448802317522
none,ecm,ecm,primary,miss0,False,197,197,False,,197.0,,105.0,0.0,3.0402177755694435,0.3125824245519825,1.0065218160065776,2.709961480854416,0.029850746268656716,0.014925373134328358,9.24428047702402,1.1635056063232931,3.5860371617720403,2.253399645950019,0.03980099502487562,0.01990049751243781,25.834103435197164,-0.9585425328551247,2.288697188155911,11.706505389487601,0.009950248756218905,0.004975124378109453,6.56149299635805,0.6786580784932903,2.270701762396738,2.590756309474739,0.1176823412198373,0.1176823412198373,0.10180537429076285,0.09239869097234658,0.10529140246717945,-0.028397307318596673,0.2786417221762493,0.08396646912148645,-0.014334549872115333,0.30623853458942474,-0.014334549872115333,0.30623853458942474,-0.029228703516860896,0.21788364687903095,200,-0.11639903558316775,0.015621701116593672,-6.590231263529299,0.29824524706753786,-0.024333814731740944,9.349520255583977,0.04060913705583756,0.1218274111675127,0.3705596145537012,2635.0,,,0.998356989222184,,0.00016754260149932546,0.1651,transferred,0.998356989222184,unselected,1.0,0.19774823332135585,True,-0.095942859030593,0.08089348885489342,0.05,0.051805374290762846,8.706505389487601,0.00016754260149932546,0.5148231798628583,0.4851768201371417
none,ecm|depthT1,ecm,depth,depthT1,False,66,197,False,,66.0,,105.0,0.0,1.464079297935765,0.04593442266075257,0.32855607595501923,4.31629477906585,0.009950248756218905,0.004975124378109453,4.9887090467102535,0.18497436674099885,1.2483827303575386,3.8479663032453666,0.009950248756218905,0.004975124378109453,9.452345858315272,-0.3608764056568758,0.9669691006079203,10.148434172097856,0.009950248756218905,0.004975124378109453,2.9330728639627437,0.08588113827726007,0.7223781927773287,3.941414281539813,0.1548905763586515,0.1548905763586515,0.14451368135026657,0.12626645159870278,0.1341171012469585,0.04072135477567924,0.3267762573533377,0.07203047351535415,0.04709656530865483,0.34786404340304056,0.04709656530865483,0.34786404340304056,0.03912763917165858,0.24629231706481441,200,-0.07453682986091599,0.011786446194002731,-4.309079081264435,0.26948902373466826,-0.019185859030598676,8.78719977647575,0.030303030303030304,0.18181818181818182,0.29687653054315094,492.0,,,0.9927963116276313,,0.0010485852070546127,0.1408,transferred,0.9927963116276313,unselected,1.0,0.1638733705772812,True,-0.019359689227014643,0.1629028867760565,0.1,0.044513681350266565,7.148434172097856,0.0010485852070546127,0.8818618964215129,0.11813810357848709
none,ecm|depthT2,ecm,depth,depthT2,False,65,197,False,,65.0,,105.0,0.0,1.0609580808636032,0.12634582331218763,0.35611145749910483,2.6244936462168305,0.03980099502487562,0.01990049751243781,2.8069552283877597,0.4607835736645404,1.2761933815177398,1.8384139023922732,0.07960199004975124,0.03980099502487562,8.016666203082458,-0.3139752040404405,0.8233408648960553,10.118095387108742,0.009950248756218905,0.004975124378109453,2.2545574338545107,0.2714746877210603,0.7829374568638441,2.532875044804909,0.1323440510041017,0.1323440510041017,0.11218971167721846,0.10087281917761379,0.11687618342388618,-0.03523007503680685,0.3313564935284804,0.10357298670545459,-0.017443511012233338,0.36154555831722673,-0.017443511012233338,0.36154555831722673,-0.03652743553907625,0.24886122440910438,200,-0.10626321662121317,0.01713892625173892,-5.599658340840228,0.2936465170298416,-0.02480213494897183,9.26034464106424,0.06153846153846154,0.13846153846153847,0.37721689122299135,2635.0,,,0.9983412466267447,,0.00018640426138648658,0.1736,transferred,0.9983412466267447,unselected,1.0,0.21006776379477252,True,-0.09787805211755406,0.12128872973370788,0.1,0.012189711677218454,7.118095387108742,0.00018640426138648658,0.5340643878459294,0.46593561215407064
none,ecm|depthT3,ecm,depth,depthT3,False,66,197,False,,66.0,,105.0,0.0,0.5151803967700758,0.14030217857904229,0.45308567743466016,0.8273892485711932,0.39800995024875624,0.19900497512437812,1.4486162019260076,0.5177476659177538,1.6278400104761621,0.5718427671131907,0.5472636815920398,0.2736318407960199,8.365091373799432,-0.28369092315780825,0.8144995848673952,10.618522658136538,0.009950248756218905,0.004975124378109453,1.3738626985407953,0.32130225249496985,1.0740109216328753,0.9800276932431586,0.0615869419410873,0.0615869419410873,0.043344624170147145,0.04154391863055075,0.058014034939500095,-0.17306468114723783,0.3314994571347473,0.13162326844373182,-0.1609289293256433,0.3853992269895904,-0.1609289293256433,0.3853992269895904,-0.20928463426255478,0.24896409155040103,200,-0.16824348725279903,0.01796271916366278,-6.5126100491302665,0.3315305227102597,-0.029020545976519464,7.646312064796961,0.030303030303030304,0.045454545454545456,0.43768628972328394,10199.0,,,0.9996057693366276,,1.709451912383904e-05,0.1857,transferred,0.9996057693366276,unselected,1.0,0.22804863072577675,True,-0.1847040065556296,0.10345082640897058,0.1,-0.05665537582985286,7.618522658136538,1.709451912383904e-05,0.19006746075256228,0.8099325392474377
none,ecm|miss0-5,ecm,miss,miss0-5,False,17,197,False,,17.0,,101.0,0.03809523809523807,0.11531309348329054,0.004930725834993552,0.11833981461840058,0.9327576522258105,0.39800995024875624,0.19900497512437812,0.3362786344870934,0.033991166805548215,0.4588386019699339,0.6588100181277969,0.5572139303482587,0.27860696517412936,0.7802464183579304,-0.09941270690436234,0.2565820095494922,3.428374135843749,0.01990049751243781,0.009950248756218905,0.33566881284258626,0.0045263849447240104,0.2630720731217273,1.2587517328174844,0.14779060918468936,0.14779060918468936,0.1254831155368094,0.11149266817473232,0.12876094995207316,-0.7648427073243339,2.9866381533313824,1.9588420234484971,-1.6537987829498415,2.4384584651377827,-1.6537987829498415,2.4384584651377827,-1.293277857879808,0.7527250217262383,200,-0.028983708895321945,0.011598382247536777,-1.368714140687195,0.25417855627858305,-0.024781101767490127,6.332176930988131,0.0,0.058823529411764705,0.3263085390872186,729.5,,,0.9942643582073984,,0.0007238781072635434,0.1651,transferred,0.9942643582073984,unselected,1.0,0.19774823332135585,False,-0.07226511778454645,2.7888899200100266,0.1,0.025483115536809403,0.42837413584374895,0.0007238781072635434,0.6345599828084929,0.3654400171915071
none,ecm|miss5-20,ecm,miss,miss5-20,False,16,197,False,,16.0,,92.0,0.12380952380952381,0.1093442164484135,0.015023601115486104,0.1056810586220549,0.8925025597088723,0.3880597014925373,0.19402985074626866,0.49177277822433296,0.043142911201960905,0.40607793120304864,1.104787609839468,0.22885572139303484,0.11442786069651742,1.0881554854172666,-0.1654851527654545,0.305371117336886,4.10530193266347,0.009950248756218905,0.004975124378109453,0.26266558785083655,0.025611506744133605,0.20918231960588127,1.1332414783110478,0.1004858385715752,0.1004858385715752,0.07523736265414517,0.06997279416372514,0.0913104331283402,-0.7302393987122443,0.5973297945798206,5.306470342937738,-1.1686617050929107,0.7323980920449785,-1.1686617050929107,0.7323980920449785,-1.5368121794815108,0.37456906538641077,200,-0.04499343158405889,0.011540794604107583,-2.102564515908434,0.2679996910613938,-0.01815898659221839,7.6704747268262645,0.0625,0.0625,0.24244239047997643,449.5,,,0.9927647987066248,,0.0005483247031870976,0.1651,transferred,0.9927647987066248,unselected,1.0,0.19774823332135585,False,-0.12251087066721068,0.3995815612584648,0.1,-0.024762637345854835,1.1053019326634699,0.0005483247031870976,0.3804704668682362,0.6195295331317638
none,ecm|miss<=5,ecm,miss,miss<=5,False,214,197,False,,214.0,,105.0,0.0,3.1555308690527353,0.31751315038697603,1.0559216064534638,2.6877163051884527,0.029850746268656716,0.014925373134328358,9.580559111511114,1.1974967731288415,3.7740630410434646,2.221230076767477,0.03980099502487562,0.01990049751243781,26.614349853555094,-1.057955239759487,2.374995713075241,11.65151791262956,0.009950248756218905,0.004975124378109453,6.897161809200636,0.6831844634380144,2.3849419263577833,2.605504677949301,0.11856501798525901,0.11856501798525901,0.10255805250396009,0.09301827896594292,0.10599743070708252,-0.024422375634336843,0.2748214440208766,0.0840792766017312,-0.010652758592933475,0.2983203866240649,-0.010652758592933475,0.2983203866240649,-0.025038496315732052,0.21553284492081073,200,-0.1094548273883389,0.015302091673724667,-6.466868604358355,0.29474462209832186,-0.024369346879440642,9.394151838004285,0.037383177570093455,0.11682242990654206,0.3670443422035601,2502.5,,,0.9983234778933718,,0.0001722295889489094,0.1651,transferred,0.9983234778933718,unselected,1.0,0.19774823332135585,True,-0.09519018081739576,0.07707321069952075,0.05,0.05255805250396009,8.65151791262956,0.0001722295889489094,0.518629424806519,0.48137057519348103
none,pinned_sig&ecm,pinned_sig&ecm,primary,miss0,True,77,77,False,77.0,197.0,0.39086294416243655,105.0,0.0,1.1714742282800445,0.13283641881431538,0.4221393305787475,2.4604146883015385,0.03980099502487562,0.01990049751243781,3.513709893545631,0.5230480568444702,1.5941680306879458,1.8760016379268207,0.08955223880597014,0.04477611940298507,17.055421003240255,-0.24711256858387057,1.3513466575033755,12.803919316891422,0.009950248756218905,0.004975124378109453,2.2795251161458716,0.2635679469954655,0.8518964528132942,2.366434515008167,0.06868632724208235,0.06868632724208235,0.06002807653308489,0.05662876093755176,0.06427173763824462,-0.013341794489224438,0.17099995675038157,0.04867230016958331,-0.005215331056152799,0.1809395422942942,-0.005215331056152799,0.1809395422942942,-0.013523599832656899,0.14602900213166287,200,-0.18626993457388988,0.012622317280710055,-8.184169829503594,0.29561006015805763,-0.023228810767533154,8.650699669784382,0.025974025974025976,0.1038961038961039,0.31554651309364035,3382.0,,,0.9983566372125102,,9.881028832992258e-05,0.1651,transferred,0.9983566372125102,table,0.55,0.10876152832674574,True,-0.04873345179366085,0.06223842842363583,0.1,-0.03997192346691512,9.803919316891422,9.881028832992258e-05,0.551923804828727,0.44807619517127295
none,pinned_sig&ecm|depthT1,pinned_sig&ecm,depth,depthT1,True,26,77,False,26.0,64.0,0.40625,105.0,0.0,0.9386416621940353,0.028136726756764346,0.16158200857872235,5.634940074368956,0.009950248756218905,0.004975124378109453,3.384370069325981,0.09736225875124309,0.657934147947057,4.995952590135569,0.009950248756218905,0.004975124378109453,6.137520077519504,-0.09219134925984146,0.5722354517530834,10.88662264404309,0.009950248756218905,0.004975124378109453,1.7485724272669323,0.05120514543295373,0.3430659321677324,4.947641612528576,0.15293500474761623,0.15293500474761623,0.14615523465875635,0.12751783548959755,0.1326484182697658,0.056878129490875014,0.2634214322451069,0.055897181631339804,0.06305968011189203,0.2723782145105512,0.06305968011189203,0.2723782145105512,0.05381710728339207,0.20849253632984036,200,-0.08525502697565912,0.010710898049238521,-3.7045899778592384,0.3111668773125191,-0.01563348423138583,8.338423070408176,0.0,0.23076923076923078,0.2578171036480199,591.0,,,0.9912886664599445,,0.001284395797930725,0.1408,transferred,0.9912886664599445,table,0.55,0.09013035381750467,True,0.05602488084125168,0.17329107842760222,0.1,0.046155234658756344,7.88662264404309,0.001284395797930725,1.0,-0.6215983680114079
none,pinned_sig&ecm|depthT2,pinned_sig&ecm,depth,depthT2,True,25,77,False,25.0,75.0,0.3333333333333333,105.0,0.0,0.13993896063912933,0.05693597314511321,0.16866759018066885,0.4921098795868679,0.5870646766169154,0.2935323383084577,0.03768923506117704,0.21468880922589428,0.646962309777509,-0.2735856038129757,0.7761194029850746,0.6169154228855721,5.982889996292846,-0.08111808109491278,0.5250417881828635,11.549572269999514,0.009950248756218905,0.004975124378109453,0.29813189814527596,0.11995994333109142,0.3304417214637693,0.539193277486057,0.023389860205659665,0.023389860205659665,0.01368780952049325,0.013502983257703395,0.02285527843803265,-0.06355330072891781,0.12753862083715098,0.051687253657900493,-0.05322701524943574,0.13921527479668094,-0.05322701524943574,0.13921527479668094,-0.06786644935847817,0.11311207257556942,200,-0.23402446530067816,0.013711922607900613,-8.34077567241731,0.28140574569976773,-0.023776609127855133,7.270158245646957,0.08,0.08,0.3069098560397435,3382.0,,,0.9982649426145856,,2.3790412729985904e-05,0.1736,transferred,0.9982649426145856,table,0.55,0.11553727008712489,True,-0.10184946056663163,0.01200135075002609,0.1,-0.08631219047950675,8.549572269999514,2.3790412729985904e-05,0.11847094457201111,0.8815290554279889
none,pinned_sig&ecm|depthT3,pinned_sig&ecm,depth,depthT3,True,26,77,False,26.0,58.0,0.4482758620689655,105.0,0.0,0.09289360544688008,0.04776371891243783,0.19660259938267988,0.22954877848078983,0.8059701492537313,0.40298507462686567,0.09165058915847318,0.21099698886733273,0.7502487484388205,-0.15907577314484747,0.9651741293532339,0.5223880597014925,4.935010929427909,-0.07380313822911631,0.47224766160433673,10.606328998307587,0.009950248756218905,0.004975124378109453,0.23282079073366407,0.09240285823142029,0.432248527331224,0.3248546232631676,0.01882338393476441,0.01882338393476441,0.009010094190929446,0.008929637317606967,0.018475610426281378,-0.16378005403661583,0.22261069702049885,0.09445783259893782,-0.15582795845860495,0.2490728273782433,-0.15582795845860495,0.2490728273782433,-0.19585918635841829,0.18207564732191217,200,-0.2413670241655934,0.01348603908219067,-7.2324729492471835,0.29371123767502894,-0.030297408111063198,6.469915127261126,0.0,0.0,0.3815804004757001,11498.5,,,0.9996111336549969,,3.505085405911342e-06,0.1857,transferred,0.9996111336549969,table,0.55,0.1254267468991772,True,-0.11641665270824776,0.09718395012132164,0.1,-0.09098990580907056,7.606328998307587,3.505085405911342e-06,0.07183550888210552,0.9281644911178945
none,pinned_sig&ecm|miss<=5,pinned_sig&ecm,miss,miss<=5,True,78,77,False,78.0,214.0,0.3644859813084112,105.0,0.0,1.1998459082389723,0.13152089660346994,0.4282783115059284,2.4944644240307605,0.029850746268656716,0.014925373134328358,3.599007853074081,0.5181267010289662,1.6153697237484803,1.9072297237909732,0.07960199004975124,0.03980099502487562,17.288724671163294,-0.245050689355708,1.3574379074576894,12.916815763129497,0.009950248756218905,0.004975124378109453,2.325776937313149,0.2608993993498057,0.8619204844019714,2.39567056976958,0.06940048679474049,0.06940048679474049,0.06092954823871313,0.05743034336244517,0.06489662914101622,-0.013835995840709138,0.17195602637129695,0.04839369793097799,-0.005938147512944145,0.1834015704115671,-0.005938147512944145,0.1834015704115671,-0.014031350850147919,0.1467256163486689,200,-0.18610979276876943,0.012403487308274775,-8.168168017330055,0.29638763447976363,-0.023385982623320905,8.737663160927745,0.02564102564102564,0.10256410256410256,0.3152705626899252,3119.5,,,0.9983513122046277,,0.00010061969301856832,0.1651,transferred,0.9983513122046277,table,0.55,0.10876152832674574,True,-0.047831980088032605,0.06319449804455121,0.1,-0.03907045176128687,9.916815763129497,0.00010061969301856832,0.5602123211772654,0.4397876788227346
none,folding,folding,primary,miss0,False,172,172,False,,172.0,,105.0,0.0,0.9942877354046522,0.06307183279180237,0.7109053572804024,1.3099013716470704,0.208955223880597,0.1044776119402985,2.403066713162434,0.3176617457824917,2.9420958402973705,0.7088161231243784,0.47761194029850745,0.23880597014925373,24.51861242954967,-1.4135456958922703,2.2623275244790615,11.46260116841979,0.009950248756218905,0.004975124378109453,1.573163782757279,0.11481128657027379,1.4408807785511153,1.0121257205287024,0.04055236560639717,0.04055236560639717,0.03590969552585126,0.034664889884656096,0.03897196041908442,-0.05504004657028831,0.1720077988293405,0.06086481611474217,-0.05569785402501372,0.1879272820978992,-0.05569785402501372,0.1879272820978992,-0.05824709074894866,0.14676266966788848,200,-0.09177446990676605,0.011839858625610957,-5.0525331237134115,0.22169678352583672,-0.020577009310971266,8.911190996500032,0.05813953488372093,0.0872093023255814,0.23677698000125227,3079.5,,,0.9970489984192085,,0.00010628321018379372,0.1651,transferred,0.9970489984192085,unselected,1.0,0.19774823332135585,True,-0.1618385377955046,-0.02574043449201535,0.05,-0.014090304474148746,8.46260116841979,0.00010628321018379372,0.1815930029953556,0.8184069970046444
none,folding|depthT1,folding,depth,depthT1,False,57,172,False,,57.0,,105.0,0.0,0.3275657561716188,0.016557194903572423,0.21470508840559016,1.448538381542842,0.1890547263681592,0.0945273631840796,1.3851061532147537,0.09220267299803168,0.9685482020703434,1.33488811135372,0.23880597014925373,0.11940298507462686,7.377909169995944,-0.5458875902485757,0.9166561906517656,8.644240709933461,0.009950248756218905,0.004975124378109453,0.4740435056318941,0.04410015065328087,0.4286878152205026,1.0029287973987897,0.044398182279573775,0.044398182279573775,0.039249941748688795,0.037767566946066,0.0425107808811648,-0.05757999426926432,0.18246310971898272,0.0617031928192811,-0.06044889031999955,0.21461208923648428,-0.06044889031999955,0.21461208923648428,-0.06110512075965014,0.15430406932904708,200,-0.05152547304550334,0.011402885484035473,-3.4673307048679582,0.17269836007977402,-0.021005190247232897,7.3246071392599035,0.05263157894736842,0.07017543859649122,0.19718732555705587,587.0,,,0.9876726898477922,,0.0004898851718444699,0.1408,transferred,0.9876726898477922,unselected,1.0,0.1638733705772812,True,-0.12462342882859243,0.018589739141701506,0.1,-0.06075005825131121,5.644240709933461,0.0004898851718444699,0.23951384908006684,0.7604861509199332
none,folding|depthT2,folding,depth,depthT2,False,57,172,False,,57.0,,105.0,0.0,-0.1954614892476218,0.036464656287323385,0.25273449420344324,-0.9176671600207132,0.3880597014925373,0.8109452736318408,-1.4762720549182293,0.1905576721630253,1.0756651168578675,-1.5495805348324785,0.1791044776119403,0.9154228855721394,8.068252803539654,-0.49547093472978376,0.7992134450806921,10.715189779377155,0.009950248756218905,0.004975124378109453,-0.3064913103798748,0.06715447048748606,0.5119728864599132,-0.729815563966622,-0.0242259996069868,-0.0242259996069868,-0.027082394601137955,-0.027836267378505423,-0.02482746988260527,-0.14718631970941692,0.08443662168792884,0.05851360599667771,-0.1519059374096723,0.09430729841995221,-0.1519059374096723,0.09430729841995221,-0.17258909168404216,0.07786218856969725,200,-0.1308650705781828,0.012283686044469064,-6.659273269995828,0.23495066654768354,-0.020438762045217593,8.276226976688406,0.08771929824561403,0.05263157894736842,0.2197802377044286,3054.0,,,0.9970046211311857,,-8.136575376461055e-05,0.1736,transferred,0.9970046211311857,unselected,1.0,0.21006776379477252,True,-0.23715015839591047,-0.12563114210684367,0.1,-0.07291760539886205,7.715189779377155,0.0,0.0,1.0
none,folding|depthT3,folding,depth,depthT3,False,58,172,False,,58.0,,105.0,0.0,0.8621834684806552,0.010049981600906558,0.3773764093522599,2.2580465173813487,0.05970149253731343,0.029850746268656716,2.494232614865909,0.03490140062143454,1.4834584262287422,1.6578362903614376,0.09950248756218906,0.04975124378109453,9.072450456014074,-0.37218717091391085,0.885773530524269,10.662587333511672,0.009950248756218905,0.004975124378109453,1.4056115875052595,0.003556665429506913,0.7757453964066082,1.8073647985154955,0.09503314155979974,0.09503314155979974,0.09022405311244518,0.08275734960613597,0.08678563045537738,-0.06306523841006617,0.3154220719474267,0.10214699337914944,-0.06440192485912774,0.3308590018530645,-0.06440192485912774,0.3308590018530645,-0.06732529179091007,0.23975736705437528,200,-0.09291289374851121,0.011833122525522863,-3.337613426119448,0.2568250387703247,-0.020292074496851376,7.610592906999578,0.034482758620689655,0.13793103448275862,0.2923877492122547,7820.5,,,0.9990495931627189,,8.583113145947098e-05,0.1857,transferred,0.9990495931627189,unselected,1.0,0.22804863072577675,True,-0.13782457761333156,0.08737344122164997,0.1,-0.009775946887554829,7.662587333511672,8.583113145947098e-05,0.39563514512366244,0.6043648548763376
none,folding|miss<=5,folding,miss,miss<=5,False,178,172,False,,178.0,,105.0,0.0,1.0770323030769586,0.0681574179106146,0.7182389727538042,1.404650712976784,0.19900497512437812,0.09950248756218906,2.846517621190187,0.3460835692677843,2.9783087861379225,0.839548291151101,0.4079601990049751,0.20398009950248755,24.94856353587234,-1.4694390354817646,2.3041458965089094,11.465420922946295,0.009950248756218905,0.004975124378109453,1.7103844033814597,0.12329052754771627,1.4568251644352495,1.0894195917112632,0.043170112841500706,0.043170112841500706,0.03818891615448247,0.036784168623121734,0.04138357906354241,-0.048961370268603754,0.17218299941185047,0.06007777869814639,-0.049126142426787804,0.18448688301312402,-0.049126142426787804,0.18448688301312402,-0.05148352839964517,0.1468908599711043,200,-0.08765583847193556,0.011879234014949232,-4.987086382395937,0.21974440853507216,-0.020838686240367093,8.97039533691484,0.056179775280898875,0.08426966292134831,0.23351896574366518,2997.0,,,0.9969354626789153,,0.00011739110823954926,0.1651,transferred,0.9969354626789153,unselected,1.0,0.19774823332135585,True,-0.15955931716687338,-0.02556523390950538,0.05,-0.011811083845517531,8.465420922946295,0.00011739110823954926,0.1931188739998632,0.8068811260001368
none,pinned_sig&folding,pinned_sig&folding,primary,miss0,True,56,56,False,56.0,172.0,0.32558139534883723,105.0,0.0,0.5696279290058353,0.017965304716418818,0.2483467656682871,2.221340079887586,0.04975124378109453,0.024875621890547265,1.7329124929934616,0.12301792920986515,1.1765448273237489,1.3683240335564393,0.208955223880597,0.1044776119402985,14.4918629592587,-0.4247712370731949,1.209481362053012,12.33308314153095,0.009950248756218905,0.004975124378109453,0.9377531849200396,0.028922104300801027,0.47828647669985647,1.9001814286912522,0.0393067427291607,0.0393067427291607,0.0369830497301512,0.035664083168741395,0.03782015560290066,-0.028398705595306706,0.11273379059520264,0.03410955784068938,-0.028009626516552345,0.11736658839534256,-0.028009626516552345,0.11736658839534256,-0.029236533677922293,0.10131242511620027,200,-0.13192378540545252,0.009491748535927923,-6.573961602426929,0.23904565872464442,-0.021762773888118207,8.613712256111954,0.05357142857142857,0.10714285714285714,0.1791656817805344,3590.0,,,0.9975944796256465,,8.917799912544728e-05,0.1651,transferred,0.9975944796256465,table,0.55,0.10876152832674574,True,-0.07177847859659453,0.0039722622684569,0.1,-0.0630169502698488,9.33308314153095,8.917799912544728e-05,0.3400379738968474,0.6599620261031526
none,pinned_sig&folding|depthT1,pinned_sig&folding,depth,depthT1,True,19,56,False,19.0,65.0,0.2923076923076923,105.0,0.0,0.21394676752899522,-0.004089598563680813,0.0889763282535067,2.45049858060515,0.029850746268656716,0.014925373134328358,0.7112813999101713,0.018934757845737803,0.5107658545767539,1.3555069037223453,0.21890547263681592,0.10945273631840796,4.703605796440109,-0.16958411160564743,0.6439333610209214,7.567848170375237,0.009950248756218905,0.004975124378109453,0.3158092069823881,-0.0042809002536905085,0.16340191240861562,1.9589128579819568,0.04548569263413174,0.04548569263413174,0.04474202118261236,0.042825903692440666,0.04350675762910653,-0.03548065960256367,0.11597859942229811,0.043174707635185675,-0.0375924211079612,0.11860568390380552,-0.0375924211079612,0.11860568390380552,-0.03678989165479562,0.1039254608836664,200,-0.06485117031030739,0.007961205645284422,-2.8152389897200707,0.22270747566836482,-0.021453642779472745,6.934571573479567,0.05263157894736842,0.05263157894736842,0.10936794485148527,547.0,,,0.9875356272818229,,0.0005647201101186254,0.1408,transferred,0.9875356272818229,table,0.55,0.09013035381750467,False,-0.04538833263489231,0.025848245604793443,0.1,-0.05525797881738764,4.567848170375237,0.0005647201101186254,0.49641457386493465,0.5035854261350654
none,pinned_sig&folding|depthT2,pinned_sig&folding,depth,depthT2,True,18,56,False,18.0,61.0,0.29508196721311475,105.0,0.0,0.14544574431259463,0.018288489163315907,0.11897951250273221,1.068732359668718,0.24875621890547264,0.12437810945273632,0.06593853546794928,0.10022583858297018,0.5531726404189067,-0.06198300604501301,0.9253731343283582,0.5422885572139303,4.581536677079063,-0.14253588162204006,0.3597365396505181,13.132034247314746,0.009950248756218905,0.004975124378109453,0.32621276371032654,0.02874120105280057,0.24062238760139035,1.2362588769184297,0.031746061324848515,0.031746061324848515,0.026916871739209904,0.026211344345353754,0.030769258555815474,-0.06147876058698882,0.11823171590192406,0.04621284624892269,-0.059651518418670973,0.12575899926608625,-0.059651518418670973,0.12575899926608625,-0.06550617631614604,0.10573068355915864,200,-0.19639263397234727,0.01397422439564782,-6.297252910979962,0.22557278510578785,-0.020919723890892944,6.116508241096959,0.1111111111111111,0.1111111111111111,0.23486416584882555,3590.0,,,0.997509371721526,,6.720731034941068e-05,0.1736,transferred,0.997509371721526,table,0.55,0.11553727008712489,False,-0.08862039834791499,0.0026944458147991762,0.1,-0.07308312826079011,10.132034247314746,6.720731034941068e-05,0.23297133227150255,0.7670286677284974
none,pinned_sig&folding|depthT3,pinned_sig&folding,depth,depthT3,True,19,56,False,19.0,46.0,0.41304347826086957,105.0,0.0,0.21023541716424546,0.0037664141167837333,0.14513703690314447,1.4225797043469093,0.208955223880597,0.1044776119402985,0.955692557615341,0.0038573327811571565,0.5780503389771903,1.6466303376248743,0.13930348258706468,0.06965174129353234,5.206720485739528,-0.11265124384550745,0.4574982861763069,11.62708558767169,0.009950248756218905,0.004975124378109453,0.2957312142273249,0.004461803501690972,0.27395677586898887,1.063194767867046,0.040377703727336726,0.040377703727336726,0.03881454681934183,0.03736426962655153,0.038810620011056056,-0.06824683626084183,0.1529024347785378,0.061421247388285985,-0.06892715229665658,0.15828099431640763,-0.06892715229665658,0.15828099431640763,-0.07324872321030183,0.13261777717479728,200,-0.13792064922669736,0.006775735348942048,-4.53262739651824,0.2681476167882619,-0.02287058394150339,6.757090015674047,0.0,0.15789473684210525,0.19619643380278143,15383.0,,,0.9994740218551452,,2.042634714159201e-05,0.1857,transferred,0.9994740218551452,table,0.55,0.1254267468991772,False,-0.08661220007983539,0.027475687879360583,0.1,-0.06118545318065818,8.62708558767169,2.042634714159201e-05,0.3094598861799584,0.6905401138200415
none,pinned_sig&folding|miss<=5,pinned_sig&folding,miss,miss<=5,True,56,56,False,56.0,178.0,0.3146067415730337,105.0,0.0,0.5696279290058353,0.017965304716418818,0.2483467656682871,2.221340079887586,0.04975124378109453,0.024875621890547265,1.7329124929934616,0.12301792920986515,1.1765448273237489,1.3683240335564393,0.208955223880597,0.1044776119402985,14.4918629592587,-0.4247712370731949,1.209481362053012,12.33308314153095,0.009950248756218905,0.004975124378109453,0.9377531849200396,0.028922104300801027,0.47828647669985647,1.9001814286912522,0.0393067427291607,0.0393067427291607,0.0369830497301512,0.035664083168741395,0.03782015560290066,-0.028398705595306706,0.11273379059520264,0.03410955784068938,-0.028009626516552345,0.11736658839534256,-0.028009626516552345,0.11736658839534256,-0.029236533677922293,0.10131242511620027,200,-0.13192378540545252,0.009491748535927923,-6.573961602426929,0.23904565872464442,-0.021762773888118207,8.613712256111954,0.05357142857142857,0.10714285714285714,0.1791656817805344,3590.0,,,0.9975944796256465,,8.917799912544728e-05,0.1651,transferred,0.9975944796256465,table,0.55,0.10876152832674574,True,-0.07177847859659453,0.0039722622684569,0.1,-0.0630169502698488,9.33308314153095,8.917799912544728e-05,0.3400379738968474,0.6599620261031526
none,ptm,ptm,primary,miss0,False,877,877,False,,878.0,,105.0,0.0,5.155814913554683,0.6028293104428154,2.598417212319021,1.7522149951617831,0.07960199004975124,0.03980099502487562,16.72552555126969,2.4509078766554957,10.346852649152677,1.3796096415641108,0.14925373134328357,0.07462686567164178,109.376983765496,-5.591228760830572,7.158255344613823,16.060926439685275,0.009950248756218905,0.004975124378109453,10.457508135304877,1.270080095686283,5.405234219480258,1.6997280166893518,0.04713802425388451,0.04713802425388451,0.03960212569251939,0.038093540513048564,0.045016056300191835,-0.022917229405542566,0.17199258423622651,0.05621057465003249,-0.018703416826304265,0.19092069884949445,-0.018703416826304265,0.19092069884949445,-0.02345565949534578,0.1467422061134335,200,-0.08627674737478454,0.011206202323542242,-6.813437084829473,0.22347712185443824,-0.02290453103712406,9.618052763163451,0.04561003420752566,0.09350057012542759,0.254043563071255,2186.0,,,0.9958805204722049,,0.00016381497849777063,0.1651,transferred,0.9958805204722049,unselected,1.0,0.19774823332135585,True,-0.15814610762883646,-0.02575564908512934,0.05,-0.010397874307480612,13.060926439685275,0.00016381497849777063,0.20026538304472707,0.7997346169552729
none,ptm|depthT1,ptm,depth,depthT1,False,292,877,False,,293.0,,105.0,0.0,2.2351333994169247,0.1965113627256636,0.6696103842246665,3.044489877575235,0.01990049751243781,0.009950248756218905,7.594741529660064,0.8510259274516642,2.7922568200459494,2.415148762031648,0.029850746268656716,0.014925373134328358,35.106599266523716,-2.09213825996069,2.7104740121053834,13.72407090433233,0.009950248756218905,0.004975124378109453,4.567852928215446,0.41676018405847887,1.4013685173000736,2.962170687375374,0.06366704397791843,0.06366704397791843,0.05480352754552011,0.05195614739082778,0.05985617805720054,0.001181704272641904,0.15819576051741777,0.04239611431699642,0.0071205094424196935,0.17572600306479166,0.0071205094424196935,0.17572600306479166,0.0011797088765851899,0.1365880908014066,200,-0.05854800540274764,0.01075846661796088,-6.419233469470499,0.21767355151133705,-0.022599811297411586,10.989266617042857,0.0410958904109589,0.10273972602739725,0.21778150451457304,763.5,,,0.9896425721676254,,0.0005735642316488114,0.1408,transferred,0.9896425721676254,unselected,1.0,0.1638733705772812,True,-0.1090698430317611,-0.005677610059863447,0.05,0.00480352754552011,10.72407090433233,0.0005735642316488114,0.334426071499367,0.665573928500633
none,ptm|depthT2,ptm,depth,depthT2,False,292,877,False,,292.0,,105.0,0.0,0.4350179964174359,0.22158295253024562,1.0386479476648225,0.20549315518030267,0.8756218905472637,0.43781094527363185,0.9914866205238618,0.8655975015999572,4.198094772169335,0.029987202708826023,0.9353233830845771,0.5373134328358209,32.613446948747104,-1.8581143338293848,2.3983466585927493,14.37305201859475,0.009950248756218905,0.004975124378109453,1.1397540636496812,0.4582402109376407,2.147635734805149,0.31733214421200395,0.013338608369151479,0.013338608369151479,0.00619162683516369,0.006153526495383981,0.013163031842454308,-0.08866947937042076,0.2036535993354597,0.07307538511905173,-0.08644781224092374,0.2248606709703752,-0.08644781224092374,0.2248606709703752,-0.0972975891879862,0.16919555761014424,200,-0.09025576273330603,0.0114946181452134,-5.990658619278871,0.23173192841966114,-0.023881265800043305,8.399395437961367,0.05136986301369863,0.06506849315068493,0.24841236468955072,2181.5,,,0.9955604796564819,,2.761043036146501e-05,0.1736,transferred,0.9955604796564819,unselected,1.0,0.21006776379477252,True,-0.20387613695960882,-0.00641416445931281,0.05,-0.04380837316483631,11.37305201859475,2.761043036146501e-05,0.029474426362783836,0.9705255736372161
none,ptm|depthT3,ptm,depth,depthT3,False,293,877,False,,293.0,,105.0,0.0,2.4856635177203223,0.1847349951869065,1.1731882203023434,1.9612611878599,0.06965174129353234,0.03482587064676617,8.139297401085765,0.7342844476038749,4.588531377652594,1.6138089388570673,0.08955223880597014,0.04477611940298507,41.65693755022518,-1.640976167040497,2.938429536144561,14.735052579847048,0.009950248756218905,0.004975124378109453,4.74990114343975,0.39507970069016307,2.45811159042006,1.7716125906250675,0.059669857265032815,0.059669857265032815,0.05314178732856329,0.05046023998664475,0.056309856183923576,-0.022921121862005154,0.21775567746060828,0.06830810959091307,-0.01909350176321635,0.23817108056223352,-0.01909350176321635,0.23817108056223352,-0.02345927036685467,0.1788064180244556,200,-0.1099454169008818,0.01136497845358245,-6.164580190845744,0.2210342516262488,-0.0222348095805494,8.599453704125994,0.04436860068259386,0.11262798634812286,0.29579383961053407,5599.0,,,0.9984935451054133,,8.017648789081209e-05,0.1857,transferred,0.9984935451054133,unselected,1.0,0.22804863072577675,True,-0.17490684339721346,-0.010292953265168464,0.05,0.0031417873285632877,11.735052579847048,8.017648789081209e-05,0.23302831137129287,0.7669716886287071
none,ptm|miss0-5,ptm,miss,miss0-5,False,52,877,False,,52.0,,101.0,0.03809523809523807,0.2921967941620278,0.033984422233252765,0.16769877200323047,1.5397391933424591,0.10945273631840796,0.05472636815920398,0.786190316983686,0.08153956941386557,0.793395848192806,0.88814524196827,0.417910447761194,0.208955223880597,1.841702856405087,-0.471226037770415,0.5533093378622904,4.180173251930825,0.009950248756218905,0.004975124378109453,0.6136686035548511,0.05746286604808443,0.3219908273799725,1.7273962181860651,0.15865577508653134,0.15865577508653134,0.11163869869887243,0.10042714312621623,0.13693089742264697,-0.916187990676652,0.8220073449320631,1.084016346014742,-0.7411859092145162,2.826680426833046,-0.7411859092145162,2.826680426833046,-0.5589138045724232,0.4583017302446844,200,-0.026405823511550543,0.008411851986674412,-2.1258307578442523,0.18025153825886925,-0.02244154402426908,7.893887726058407,0.057692307692307696,0.15384615384615385,0.1642981765919786,1612.5,,,0.9945795561863967,,0.0006084292502867571,0.1651,transferred,0.9945795561863967,unselected,1.0,0.19774823332135585,True,-0.08610953462248343,0.6242591116107072,0.1,0.011638698698872421,1.1801732519308246,0.0006084292502867571,0.5645496641047159,0.43545033589528415
none,ptm|miss5-20,ptm,miss,miss5-20,False,87,877,False,,87.0,,93.0,0.11428571428571432,0.30851480053475244,0.06559668651749162,0.25610245368848455,0.9485192762453546,0.31840796019900497,0.15920398009950248,1.2457648740780498,0.2901617199285617,1.0970312992737905,0.8710810300326667,0.3482587064676617,0.17412935323383086,4.395285870779499,-0.828787963871453,0.7720103192217022,6.766844567463259,0.009950248756218905,0.004975124378109453,0.65726035595505,0.11193867833614984,0.4589128580645724,1.1882902560602677,0.07019220355740768,0.07019220355740768,0.04649974745877448,0.04443359644537924,0.06558840862798568,-0.159572596692035,0.48503237668135457,0.1825159145911451,-0.1644002902186649,1.3250769200366912,-0.1644002902186649,1.3250769200366912,-0.1898819618303162,0.32655249048918367,200,-0.020508795711814173,0.011887411570564105,-2.4455311398948174,0.22412376206417925,-0.01904465040343336,11.076500460916856,0.034482758620689655,0.06896551724137931,0.18022187148165805,1096.5,,,0.9937491429956372,,0.00029249159524060813,0.1651,transferred,0.9937491429956372,unselected,1.0,0.19774823332135585,True,-0.15124848586258138,0.28728414335999874,0.1,-0.05350025254122553,3.7668445674632594,0.00029249159524060813,0.23514620928728536,0.7648537907127146
none,ptm|miss20+,ptm,miss,miss20+,False,114,877,False,,114.0,,61.5,0.41428571428571426,-0.6241597786887391,-0.06830576736121127,0.547663351238465,-1.0149556476082264,0.29850746268656714,0.8557213930348259,-1.1748711309771454,-0.0582214479654234,1.3505198975398007,-0.8268294936238164,0.4079601990049751,0.8009950248756219,2.244420332382488,-1.794948960756455,1.6828132599802794,2.4003669267416394,0.029850746268656716,0.014925373134328358,-0.7160944606019148,-0.05836823574159829,0.6374674597403667,-1.0317800772579058,-0.27809397806790653,-0.27809397806790653,-0.13760910948936303,-0.15956697943305295,-0.3852218566117816,-2.0853214879204724,3.8345056475568517,24.92376254424371,-4.266902676173228,2.9294979109366692,-4.266902676173228,2.9294979109366692,-1.1736131917224943,0.8009125180196001,200,-0.018634448044567327,0.005802109062507516,-1.8307655576655273,0.15769294322545674,-0.015937578897014547,8.540205976785167,0.008771929824561403,0.017543859649122806,0.2024707685435602,826.75,,,0.9930511277762257,,-0.000962919321999324,0.1651,transferred,0.9930511277762257,unselected,1.0,0.19774823332135585,True,-0.3353573428107189,3.636757414235496,0.05,0.08760910948936303,-0.5996330732583606,0.0,0.0,1.0
none,ptm|miss<=5,ptm,miss,miss<=5,False,929,877,False,,930.0,,105.0,0.0,5.448011707716711,0.6368137326760681,2.6544498300846575,1.812502884971535,0.06965174129353234,0.03482587064676617,17.511715868253376,2.5324474460693605,10.622742912257172,1.4101130513946654,0.13930348258706468,0.06965174129353234,111.21868662190109,-6.062454798600987,7.272226503064614,16.127267401679283,0.009950248756218905,0.004975124378109453,11.071176738859728,1.327542961734367,5.507177552166191,1.7692608754356944,0.04898467940228215,0.04898467940228215,0.04102277584245604,0.03940622318206058,0.046697230535525,-0.020311279820884875,0.17627058195750597,0.05566469692049035,-0.015805124661817025,0.19677664648790055,-0.015805124661817025,0.19677664648790055,-0.020733907569876524,0.14984696436147424,200,-0.08292552235768208,0.01104979089456794,-6.850498705860409,0.22105760587277026,-0.022878615725317325,9.732090166123948,0.04628632938643703,0.0968783638320775,0.24902013993140312,2105.0,,,0.9958271766026141,,0.0001718980992717246,0.1651,transferred,0.9958271766026141,unselected,1.0,0.19774823332135585,True,-0.15672545747889982,-0.02147765136384988,0.05,-0.008977224157543963,13.127267401679283,0.0001718980992717246,0.2074495187817477,0.7925504812182523
none,pinned_sig&ptm,pinned_sig&ptm,primary,miss0,True,248,248,False,248.0,878.0,0.2824601366742597,105.0,0.0,3.5363092248993024,0.1211748248277552,0.8002929587179327,4.267355301416851,0.009950248756218905,0.004975124378109453,12.399524588318219,0.4946387050026699,3.304352420682332,3.6027894024866907,0.009950248756218905,0.004975124378109453,59.49637876780271,-1.3617506438538114,3.4148383770763058,17.8216719772728,0.009950248756218905,0.004975124378109453,6.616988708210867,0.2584032471728647,1.6216972268007463,3.920944893999788,0.059437385907140705,0.059437385907140705,0.056116322224938876,0.05313460368334961,0.056102783135454096,0.013388336112313111,0.13543582818961217,0.03109105811588347,0.01576669076300148,0.1413536505961021,0.01576669076300148,0.1413536505961021,0.013211427935509083,0.11928089734190735,200,-0.13409653908765035,0.008983175909124447,-9.444806200907363,0.223882996742583,-0.02476639774981128,9.966572014077602,0.028225806451612902,0.16532258064516128,0.22474680857972934,2419.5,,,0.9969147774113936,,0.00017366714672186414,0.1651,transferred,0.9969147774113936,table,0.55,0.10876152832674574,True,-0.05264520610180686,0.02667429986286643,0.05,0.0061163222249388735,14.8216719772728,0.00017366714672186414,0.5159574629767244,0.4840425370232756
none,pinned_sig&ptm|depthT1,pinned_sig&ptm,depth,depthT1,True,83,248,False,83.0,294.0,0.282312925170068,105.0,0.0,0.8337322905687353,0.013279091675692967,0.23327164450212634,3.5171578639321663,0.009950248756218905,0.004975124378109453,3.4767110838586945,0.056617338965569725,1.0958850263447448,3.1208508763922356,0.009950248756218905,0.004975124378109453,20.34946920768602,-0.5267576755466873,1.5256899839683746,13.683138188357827,0.009950248756218905,0.004975124378109453,1.411699915196319,0.025299124671320117,0.459905903012981,3.0145314105391408,0.04097071437390778,0.04097071437390778,0.03930083743015894,0.037814688504761225,0.03935818155897847,0.001529522252408458,0.10049352677432374,0.02590257449755637,0.0023168069277977096,0.10378156288839423,0.0023168069277977096,0.10378156288839423,0.0015268278267621727,0.09131678013732289,200,-0.09687778959762285,0.007332529720395913,-7.456480271646517,0.20381441760042845,-0.024984912926365795,9.815928982482061,0.024096385542168676,0.13253012048192772,0.1650209770299962,662.0,,,0.9880660475347727,,0.00047467912383522906,0.1408,transferred,0.9880660475347727,table,0.55,0.09013035381750467,True,-0.05082951638734573,0.010363172956819072,0.1,-0.060699162569841064,10.683138188357827,0.00047467912383522906,0.4360444152891601,0.56395558471084
none,pinned_sig&ptm|depthT2,pinned_sig&ptm,depth,depthT2,True,82,248,False,82.0,359.0,0.22841225626740946,105.0,0.0,0.904005846552258,0.04363397766112586,0.33585761331193964,2.5617161403812854,0.01990049751243781,0.009950248756218905,2.6341259283115543,0.16296430026605793,1.401749938351825,1.7629118863747435,0.06965174129353234,0.03482587064676617,18.78816315824386,-0.38819467404387104,1.0720483931938896,17.88758600267732,0.009950248756218905,0.004975124378109453,1.9068738072445004,0.09877331995755952,0.6939179474266605,2.605640182664446,0.04811571194790262,0.04811571194790262,0.044866281512670865,0.0429397352623124,0.04590687020470337,-0.00309981488629528,0.13508668034690577,0.035824441416815456,-0.0007614363361328028,0.14054327625767415,-0.0007614363361328028,0.14054327625767415,-0.0031099271492334973,0.11900999748923746,200,-0.16583483323493273,0.008358501595045182,-8.430809431749685,0.24366057616881476,-0.026522903943117352,8.651946940347804,0.036585365853658534,0.14634146341463414,0.2447436724596438,2419.5,,,0.9963239945648272,,0.00016553721038165591,0.1736,transferred,0.9963239945648272,table,0.55,0.11553727008712489,True,-0.07067098857445403,0.01954941025978088,0.1,-0.05513371848732914,14.88758600267732,0.00016553721038165591,0.3883273464816841,0.6116726535183159
none,pinned_sig&ptm|depthT3,pinned_sig&ptm,depth,depthT3,True,83,248,False,83.0,225.0,0.3688888888888889,105.0,0.0,1.7985710877783094,0.06426175549093639,0.39739547495714317,4.3641899356665,0.009950248756218905,0.004975124378109453,6.288687576147969,0.2750570657710422,1.604052483968074,3.749023532883739,0.009950248756218905,0.004975124378109453,20.35874640187282,-0.4467982942632529,1.2340831938472328,16.859110309472047,0.009950248756218905,0.004975124378109453,3.298414985770048,0.13433080254398505,0.8193176924946909,3.861852627143855,0.08834390154851858,0.08834390154851858,0.08335803544761135,0.07694412439851456,0.08117278134496,0.019940568021698496,0.19939889874297945,0.047243986660483954,0.023388189490788386,0.20660134584184886,0.023388189490788386,0.20660134584184886,0.01955060848904201,0.1662489524558591,200,-0.13995938351650733,0.011250970215377082,-6.8481267044400935,0.22441228054797835,-0.022812539105171246,8.553929751565002,0.024096385542168676,0.21686746987951808,0.2647167023203904,7894.0,,,0.9989477304793845,,8.780751717391465e-05,0.1857,transferred,0.9989477304793845,table,0.55,0.1254267468991772,True,-0.04206871145156586,0.07397215184380224,0.1,-0.016641964552388658,13.859110309472047,8.780751717391465e-05,0.6645953714690354,0.33540462853096464
none,pinned_sig&ptm|miss<=5,pinned_sig&ptm,miss,miss<=5,True,249,248,False,249.0,930.0,0.267741935483871,105.0,0.0,3.5335064745282834,0.12109519351272326,0.8007557965992885,4.2614880785223805,0.009950248756218905,0.004975124378109453,12.362057647906576,0.49326006188568305,3.3111266743504584,3.584519335355597,0.009950248756218905,0.004975124378109453,59.73841634859073,-1.3696350298007542,3.4213868960536487,17.86060835413724,0.009950248756218905,0.004975124378109453,6.612833200055965,0.25825034003253255,1.6225577525343662,3.9163985689248006,0.05914965093666466,0.05914965093666466,0.055842253255390634,0.05288882224898356,0.05584635833506186,0.012929264356667814,0.13428652736232952,0.03098358351902207,0.015291551672349904,0.14017399014679102,0.015291551672349904,0.14017399014679102,0.012764215320538818,0.11838844330488663,200,-0.13386837738669174,0.008949356249660909,-9.46382850978836,0.22399611852870058,-0.024695032538572123,9.979387786860839,0.028112449799196786,0.1646586345381526,0.22389361385813297,2409.0,,,0.9968883243793333,,0.00017430535979652624,0.1651,transferred,0.9968883243793333,table,0.55,0.10876152832674574,True,-0.052919275071355104,0.02552499903558378,0.05,0.005842253255390631,14.860608354137241,0.00017430535979652624,0.513437555673428,0.48656244432657203
none,secretion,secretion,primary,miss0,False,1413,1413,False,,1414.0,,105.0,0.0,8.934142727681245,1.014083583408655,4.101621393614032,1.9309581222205507,0.08955223880597014,0.04477611940298507,30.0454100481583,3.9149098161910256,16.742077462488776,1.5607680881009895,0.15920398009950248,0.07960199004975124,190.8198977430216,-8.33265566440996,13.16415062916353,15.128401293603707,0.009950248756218905,0.004975124378109453,18.28126654430447,2.2244586120984557,8.637597857676838,1.8589436781819153,0.04681976478004884,0.04681976478004884,0.039768805414558364,0.03824773854289891,0.04472571722018099,-0.02996580597442978,0.15168987354927377,0.04851623615569912,-0.025345975384843938,0.16409520195460112,-0.025345975384843938,0.16409520195460112,-0.030891504603532315,0.13170608530126018,200,-0.09319079484695257,0.010916127128421693,-7.337009891314614,0.22982528371639538,-0.020394356386912716,10.584934684272355,0.04670912951167728,0.09766454352441614,0.2693950883945001,2216.0,,,0.9965959227056898,,0.0001358384922607387,0.1651,transferred,0.9965959227056898,unselected,1.0,0.19774823332135585,True,-0.15797942790679748,-0.046058359772082086,0.05,-0.010231194585441639,12.128401293603707,0.0001358384922607387,0.20110827159669764,0.7988917284033024
none,secretion|depthT1,secretion,depth,depthT1,False,471,1413,False,,472.0,,105.0,0.0,3.4660745271345506,0.3858450332151746,1.093508001492316,2.816833063604263,0.01990049751243781,0.009950248756218905,12.565380217087167,1.5910863690718653,4.7018589085632465,2.3340329987419235,0.03980099502487562,0.01990049751243781,61.73322576620337,-2.8197924729863666,4.93188548303937,13.088912640243969,0.009950248756218905,0.004975124378109453,7.2161277400475665,0.8400957653169487,2.317483832000918,2.751273552241158,0.05614601349784149,0.05614601349784149,0.04771627381551909,0.045543125565615614,0.05316122276681418,-0.023507516592818467,0.1429928755734819,0.041967991423163556,-0.01918580433899807,0.15671925962979516,-0.01918580433899807,0.15671925962979516,-0.02407349671997444,0.12510359270273025,200,-0.07056927272087044,0.011074466235633622,-7.480831456647796,0.23212837659604174,-0.019773708838502622,11.424179159067407,0.05307855626326964,0.11677282377919321,0.24304594949178232,591.0,,,0.9888836089833529,,0.0005363955401546533,0.1408,transferred,0.9888836089833529,unselected,1.0,0.1638733705772812,True,-0.11615709676176211,-0.02088049500379932,0.05,-0.0022837261844809095,10.088912640243969,0.0005363955401546533,0.2911777163515199,0.7088222836484801
none,secretion|depthT2,secretion,depth,depthT2,False,471,1413,False,,471.0,,105.0,0.0,1.5093565701679625,0.43494685699045715,1.597835869552115,0.6724155676131305,0.5373134328358209,0.26865671641791045,4.410647181388854,1.5855253711729993,6.240610174123222,0.4526996129209067,0.6467661691542289,0.32338308457711445,55.78222438753031,-2.985110294114488,3.9523290726194222,14.86903888868153,0.009950248756218905,0.004975124378109453,3.3058938519594117,0.9479459534051727,3.371902886644246,0.6992929446141001,0.02705802048484405,0.02705802048484405,0.01828243052025096,0.01795418439156441,0.026345172273783274,-0.08252201163896289,0.1687837760925552,0.06520352260159186,-0.078714623477151,0.1903035781756658,-0.078714623477151,0.1903035781756658,-0.08994440574214757,0.14439577927912375,200,-0.1049144069167384,0.0120301617814251,-7.059861571348535,0.22098546778228648,-0.021005307893957412,9.17306360852797,0.050955414012738856,0.07006369426751592,0.28482006770956503,2216.0,,,0.9962840799156938,,6.818943725958384e-05,0.1736,transferred,0.9962840799156938,unselected,1.0,0.21006776379477252,True,-0.19178533327452155,-0.041283987702217306,0.05,-0.03171756947974905,11.86903888868153,6.818943725958384e-05,0.08703110934294582,0.9129688906570542
none,secretion|depthT3,secretion,depth,depthT3,False,471,1413,False,,471.0,,105.0,0.0,3.9587116303787306,0.19329169320302292,1.8285805188615942,2.0592037913211048,0.05970149253731343,0.029850746268656716,13.069382649682279,0.7382980759461624,7.77593413685414,1.5858010570450671,0.10945273631840796,0.05472636815920398,73.30444758928792,-2.527752897309106,5.614474563514306,13.506553396713736,0.009950248756218905,0.004975124378109453,7.759244952297491,0.4364168933763345,3.807178707861917,1.923426405962856,0.054003703193545693,0.054003703193545693,0.049654631054010204,0.04730568473189084,0.05123673003227489,-0.028325367404084503,0.1898683069760821,0.05371978863441234,-0.026375265577198943,0.20225935258738464,-0.026375265577198943,0.20225935258738464,-0.029151087032095922,0.15957065761928566,200,-0.10408870490324884,0.009643753368206364,-5.794676228565724,0.23636200677085797,-0.0204040524282781,9.599191207887852,0.036093418259023353,0.10615711252653928,0.28031924798215296,6995.0,,,0.9990296577640486,,4.822878414853712e-05,0.1857,transferred,0.9990296577640486,unselected,1.0,0.22804863072577675,True,-0.17839399967176656,-0.038180323749694656,0.05,-0.00034536894598979906,10.506553396713736,4.822878414853712e-05,0.21773702782595858,0.7822629721740414
none,secretion|miss0-5,secretion,miss,miss0-5,False,54,1413,False,,55.0,,101.0,0.03809523809523807,0.44636668731493284,0.013323510588623405,0.17713077531742102,2.4447653207088917,0.029850746268656716,0.014925373134328358,1.581947009156643,0.04595475036649157,0.7282862882043849,2.1090500860275614,0.029850746268656716,0.014925373134328358,3.2334427244852733,-0.47826816774803294,0.52859442087151,7.021850298975334,0.009950248756218905,0.004975124378109453,0.8262137792487774,0.02000447859145882,0.37173994745137795,2.1687453989936536,0.1380468823322019,0.1380468823322019,0.11666942531338989,0.10447982426011795,0.12130157770767942,-0.10058906436952471,0.512774017977102,0.30023634357403794,-0.17491852585743595,0.7487070961458158,-0.17491852585743595,0.7487070961458158,-0.11184065838984525,0.33896267956544746,200,-0.02405940234557244,0.009759054461762682,-2.250067571554928,0.21611995136714468,-0.021276790493800518,10.316607883996566,0.0,0.12962962962962962,0.22389185243054818,1111.0,,,0.9943364685095094,,0.0006645245197838226,0.1651,transferred,0.9943364685095094,unselected,1.0,0.19774823332135585,True,-0.08107880800796596,0.31502578465574615,0.1,0.016669425313389885,4.021850298975334,0.0006645245197838226,0.5899897225569304,0.4100102774430696
none,secretion|miss5-20,secretion,miss,miss5-20,False,92,1413,False,,92.0,,93.0,0.11428571428571432,0.6151078814826596,0.03364917990836865,0.26482473476651314,2.1956359253486766,0.029850746268656716,0.014925373134328358,3.1375729538023513,0.1050192577279705,1.0470329615106098,2.896330686379878,0.009950248756218905,0.004975124378109453,4.863822509849415,-0.8839030480145607,0.8572943431759062,6.704494907281353,0.009950248756218905,0.004975124378109453,1.0495087620275314,0.06464023581285028,0.5026248350938942,1.9594505831187192,0.12646593913265627,0.12646593913265627,0.10116326809980436,0.09186945390430096,0.11226787667457669,-0.213712940068793,0.6022674896393468,0.3813951163927317,-0.33128667257155137,1.1437758765093684,-0.33128667257155137,1.1437758765093684,-0.2555724610151998,0.37656459219048855,200,-0.001837863152885633,0.010181918963637399,-0.9702610184443322,0.200781086616137,-0.017688825454379477,10.73257172353628,0.03260869565217391,0.11956521739130435,0.21660398967075736,581.0,,,0.9907094600384901,,0.0009486750887406013,0.1651,transferred,0.9907094600384901,unselected,1.0,0.19774823332135585,True,-0.0965849652215515,0.404519256317991,0.1,0.0011632680998043543,3.7044949072813527,0.0009486750887406013,0.511576090469574,0.488423909530426
none,secretion|miss20+,secretion,miss,miss20+,False,100,1413,False,,100.0,,64.0,0.3904761904761904,0.13212370161995884,-0.05062956433053117,0.5113172707206274,0.3574165716971106,0.7064676616915423,0.35323383084577115,0.8332628724181877,-0.13667320835285465,1.38826120950248,0.6986697273769139,0.5174129353233831,0.25870646766169153,3.800150233704418,-1.48591326040317,1.3610076115374072,3.8839338217487263,0.009950248756218905,0.004975124378109453,0.5610388858039211,-0.05966568887524094,0.6505192483917768,0.9541678839076276,0.03476802060300747,0.03476802060300747,0.034572658113964455,0.033417332115649304,0.0335998213229923,-0.4732924829696012,2.230319988754566,1.0194766186893924,-4.019807558575993,3.689321944966693,-4.019807558575993,3.689321944966693,-0.8325240417682737,0.6908467050165208,200,-0.00599596313566598,0.00713667258680428,-0.9086824516930623,0.17080684046693734,-0.015140233351753914,8.935102492717112,0.04,0.02,0.24408986973935165,474.5,,,0.992673088344504,,0.00025518049665185965,0.1651,transferred,0.992673088344504,unselected,1.0,0.19774823332135585,True,-0.1631755752073914,2.03257175543321,0.05,-0.015427341886035548,0.8839338217487263,0.00025518049665185965,0.17483169145577784,0.8251683085442222
none,secretion|miss<=5,secretion,miss,miss<=5,False,1467,1413,False,,1469.0,,105.0,0.0,9.380509414996176,1.0274070939972781,4.139492889301588,2.0179047396330296,0.05970149253731343,0.029850746268656716,31.627357057314942,3.960864566557517,16.87531416521986,1.639465329053148,0.12935323383084577,0.06467661691542288,194.05334046750687,-8.810923832157993,13.434031146018294,15.100773706319098,0.009950248756218905,0.004975124378109453,19.107480323553247,2.2444630906899143,8.7131299536927,1.935357021240873,0.04833985023085387,0.04833985023085387,0.04117581945659957,0.039547421950396094,0.04611085824907734,-0.028585007937903053,0.1537765261737786,0.048021702535011944,-0.023513901407318176,0.16662818691268827,-0.023513901407318176,0.16662818691268827,-0.029426211843996835,0.1332779356998528,200,-0.09064608101254594,0.010873535496520134,-7.359639877675067,0.22932079295507332,-0.020426838623976068,10.749614303588691,0.044989775051124746,0.09884117246080436,0.2677201226534957,2118.0,,,0.9964539957375795,,0.0001465292245566045,0.1651,transferred,0.9964539957375795,unselected,1.0,0.19774823332135585,True,-0.1565724138647563,-0.043971707147577255,0.05,-0.00882418054340043,12.100773706319098,0.0001465292245566045,0.20822345041983634,0.7917765495801636
none,pinned_sig&secretion,pinned_sig&secretion,primary,miss0,True,457,457,False,457.0,1414.0,0.3231966053748232,105.0,0.0,5.480574065983507,0.3329402547698745,1.349593406195103,3.8142108486779827,0.009950248756218905,0.004975124378109453,19.56801716858289,1.373635220155963,6.2921643472900355,2.891593566888164,0.009950248756218905,0.004975124378109453,113.15869239424703,-2.3098464652758715,7.045062262741488,16.389995510783454,0.009950248756218905,0.004975124378109453,10.14761163033298,0.7106264463335761,2.717401687351446,3.4727972783432306,0.04843263871315412,0.04843263871315412,0.04458040139813459,0.04267780760434072,0.04619527943407058,0.006103996440808646,0.10987917807596688,0.02610065626500358,0.009563258517406551,0.11549478652337937,0.009563258517406551,0.11549478652337937,0.00606695633130749,0.0990008938000449,200,-0.13896201739217084,0.009353136884320747,-9.601501998583517,0.2236163107139136,-0.019931339632636033,9.973154676868436,0.0437636761487965,0.14660831509846828,0.22309614436210984,2602.0,,,0.9971846762866114,,0.0001258626051855562,0.1651,transferred,0.9971846762866114,table,0.55,0.10876152832674574,True,-0.06418112692861114,0.0011176497492211418,0.05,-0.005419598601865409,13.389995510783454,0.0001258626051855562,0.40989127390895397,0.590108726091046
none,pinned_sig&secretion|depthT1,pinned_sig&secretion,depth,depthT1,True,152,457,False,152.0,497.0,0.3058350100603622,105.0,0.0,1.328818926222838,0.10401881441429492,0.39661397359210127,3.0881416020611323,0.01990049751243781,0.009950248756218905,5.339147867331597,0.41320609118540674,1.9333376511797438,2.547895228306513,0.029850746268656716,0.014925373134328358,38.317593415253455,-0.7302552995252838,2.7982366226886266,13.954448454491471,0.009950248756218905,0.004975124378109453,2.2978068540753154,0.2143974836962151,0.8067025953003001,2.5826238597925153,0.03467908101174909,0.03467908101174909,0.03136664764184521,0.030412703099875368,0.033516750892304256,-0.0005910635898676423,0.08958199408070613,0.02280322655314374,0.002760654613279026,0.09498318970462719,0.002760654613279026,0.09498318970462719,-0.00059148633717856,0.08221680407349714,200,-0.12251103312951371,0.008880422475076765,-9.920224781034083,0.21068194308968372,-0.019306338313145145,9.998567212389155,0.05921052631578947,0.14473684210526316,0.18827972125514914,548.0,,,0.9876262274456159,,0.00039298648914735636,0.1408,transferred,0.9876262274456159,table,0.55,0.09013035381750467,True,-0.05876370617565946,-0.0005483597367985371,0.05,-0.01863335235815479,10.954448454491471,0.00039298648914735636,0.3480142517287371,0.6519857482712629
none,pinned_sig&secretion|depthT2,pinned_sig&secretion,depth,depthT2,True,152,457,False,152.0,560.0,0.2714285714285714,105.0,0.0,1.7603869482080583,0.17772160977515988,0.595938577015369,2.655752454152808,0.01990049751243781,0.009950248756218905,5.189740171233598,0.7033885584624706,2.4225117858579397,1.851942120142162,0.07960199004975124,0.03980099502487562,34.15150353392718,-0.8447830339422262,1.9329172083025608,18.10542449389349,0.009950248756218905,0.004975124378109453,3.6084641349335227,0.3877401753458971,1.2370461393257157,2.6035600914151558,0.051546396675017085,0.051546396675017085,0.04522380782782725,0.04326710460395164,0.0490196122948131,-0.015294086896632208,0.1418552174092997,0.03910011405797714,-0.010490657611786445,0.15199657609069167,-0.010490657611786445,0.15199657609069167,-0.015531793855755297,0.12422945761177584,200,-0.17529306608596892,0.011719399986618986,-9.147424215999697,0.23807699310379316,-0.021551792767337742,9.232262967307845,0.05263157894736842,0.13157894736842105,0.2720423234200989,2578.0,,,0.9969977897983514,,0.0001361802188604239,0.1736,transferred,0.9969977897983514,table,0.55,0.11553727008712489,True,-0.07031346225929763,0.026317947322174823,0.05,-0.004776192172172754,15.10542449389349,0.0001361802188604239,0.3914218138763766,0.6085781861236235
none,pinned_sig&secretion|depthT3,pinned_sig&secretion,depth,depthT3,True,153,457,False,153.0,357.0,0.42857142857142855,105.0,0.0,2.391368191552611,0.05119983058041964,0.6477379951306649,3.6128316982549733,0.009950248756218905,0.004975124378109453,9.039129130017692,0.2570405705080852,3.5002681460535596,2.5089759392894315,0.029850746268656716,0.014925373134328358,40.68959544506638,-0.7348081318083612,3.265084570919203,12.687084416074631,0.009950248756218905,0.004975124378109453,4.2413406413241415,0.10848878729146377,1.255685952726193,3.2913100963341444,0.05877099945073464,0.05877099945073464,0.05649250583968806,0.05347175254668604,0.05550869780266332,0.008591243334387096,0.13118796488292453,0.03186175373970634,0.010009893342047329,0.13574175810877956,0.010009893342047329,0.13574175810877956,0.00851721613029032,0.1159727890819613,200,-0.11921188802267138,0.007471964326515206,-5.353778332718631,0.222099971861765,-0.018942394038439666,7.113746748507205,0.0196078431372549,0.16339869281045752,0.20905873975716666,10535.0,,,0.9993656177975029,,3.5860589598975313e-05,0.1857,transferred,0.9993656177975029,table,0.55,0.1254267468991772,True,-0.06893424105948914,0.005761217983747319,0.05,0.006492505839688058,9.687084416074631,3.5860589598975313e-05,0.4504023841509569,0.5495976158490431
none,pinned_sig&secretion|miss<=5,pinned_sig&secretion,miss,miss<=5,True,458,457,False,458.0,1469.0,0.3117767188563649,105.0,0.0,5.463353641925102,0.33521808557421034,1.348497189828795,3.802852238054689,0.009950248756218905,0.004975124378109453,19.471302717393904,1.3891403087136769,6.28518639754426,2.876949268480767,0.009950248756218905,0.004975124378109453,113.46341829188889,-2.320913366944963,7.070410806797822,16.375898773450817,0.009950248756218905,0.004975124378109453,10.12328853602494,0.7145258814914806,2.715062782095587,3.465394139899566,0.04815079365818524,0.04815079365818524,0.04429041030751277,0.04241196689192094,0.04593880379571396,0.005815227684952992,0.10900587852204788,0.0260731527528491,0.00927694999336412,0.11461638003710575,0.00927694999336412,0.11461638003710575,0.005781602426784004,0.09829126874544637,200,-0.1391071802586716,0.009378390100096985,-9.644303182515651,0.22373093455563717,-0.019886104512635318,9.98399482194704,0.043668122270742356,0.1462882096069869,0.2227471335243242,2578.0,,,0.9971810832979889,,0.0001252039167669022,0.1651,transferred,0.9971810832979889,table,0.55,0.10876152832674574,True,-0.06447111801923297,0.00024435019530213986,0.05,-0.005709589692487235,13.375898773450817,0.0001252039167669022,0.4072249718158957,0.5927750281841043
none,splicing,splicing,primary,miss0,False,228,228,False,,228.0,,105.0,0.0,4.539732538766772,0.1684086960659372,1.2574665535676695,3.4762943239313735,0.009950248756218905,0.004975124378109453,17.49278071227694,0.7960798927610689,5.750751829373813,2.903394428226255,0.009950248756218905,0.004975124378109453,42.868582650666994,-1.2386280137704269,3.72469618194582,11.841827765236776,0.009950248756218905,0.004975124378109453,7.4394409133399275,0.37387527716640423,2.3596146284275807,2.994372704360598,0.10589882515502617,0.10589882515502617,0.09910678496442145,0.09017029675385871,0.09575814961208695,0.01516432026111241,0.23772046334004143,0.06330954707970728,0.01929576839687748,0.25007699404429196,0.01929576839687748,0.25007699404429196,0.014937791848266244,0.1920631225898675,200,-0.051412634324653886,0.009126155685053238,-2.4113983790728373,0.24342595582608156,-0.022995593190504832,7.06029134073445,0.017543859649122806,0.14912280701754385,0.17784029267761367,2143.0,,,0.9948962363841777,,0.0005084124199935361,0.1651,transferred,0.9948962363841777,unselected,1.0,0.19774823332135585,True,-0.0986414483569344,0.03997223001868558,0.05,0.049106784964421446,8.841827765236776,0.0005084124199935361,0.5011765885329829,0.49882341146701714
none,splicing|depthT1,splicing,depth,depthT1,False,76,228,False,,76.0,,105.0,0.0,1.2415390304531937,0.07961350225185228,0.3572039937529734,3.2528346505691035,0.009950248756218905,0.004975124378109453,5.655631700082753,0.42483099341382724,1.8163983695034733,2.8797651410019744,0.009950248756218905,0.004975124378109453,13.652917758460992,-0.4473800303965,1.1563456545971813,12.19384336577924,0.009950248756218905,0.004975124378109453,2.0410964068524207,0.1571479387336487,0.6532452829612234,2.8839832713045443,0.09093580232575463,0.09093580232575463,0.08240432546889416,0.07613081685829079,0.08335577779360576,0.0050079968022652055,0.19663797354026916,0.05138923630267265,0.01227919660442327,0.21107901078374222,0.01227919660442327,0.21107901078374222,0.004983034694454394,0.16432462953319799,200,-0.03297096469471852,0.01069085661422778,-1.8446350006375474,0.2223379658926601,-0.022427899582209632,6.569291538507027,0.013157894736842105,0.13157894736842105,0.14006981896908152,921.5,,,0.9890975036960326,,0.0009083157631056438,0.1408,transferred,0.9890975036960326,unselected,1.0,0.1638733705772812,True,-0.08146904510838705,0.03276460296298794,0.1,-0.017595674531105845,9.19384336577924,0.0009083157631056438,0.5028536679181382,0.49714633208186176
none,splicing|depthT2,splicing,depth,depthT2,False,76,228,False,,76.0,,105.0,0.0,1.32356295967235,0.07658736815574907,0.4339878301208982,2.873296219318465,0.009950248756218905,0.004975124378109453,4.849702379116905,0.3517218945229388,1.985065673950638,2.2659101628825082,0.03980099502487562,0.01990049751243781,12.039990208992572,-0.4387281231149325,1.2444241528288726,10.02770502624881,0.009950248756218905,0.004975124378109453,2.2222145371121473,0.17377874580606245,0.8294808412400514,2.4695396077427527,0.10993056777436508,0.10993056777436508,0.09992817838576872,0.09084973032732119,0.09904274282201098,-0.006147014976511263,0.2756765206402378,0.07800706098180381,-0.0020314102678581887,0.29695382385821983,-0.0020314102678581887,0.29695382385821983,-0.00618513221470762,0.2161022056039298,200,-0.04811365211384746,0.010207476755297597,-2.1813899285274765,0.25565314325941485,-0.02287888775738365,7.1698529897790175,0.013157894736842105,0.13157894736842105,0.18976648319909958,2143.0,,,0.9948547510103359,,0.0005168144981528113,0.1736,transferred,0.9948547510103359,unselected,1.0,0.21006776379477252,True,-0.1101395854090038,0.06560875684546527,0.1,-7.182161423129052e-05,7.02770502624881,0.0005168144981528113,0.47569496899769165,0.5243050310023083
none,splicing|depthT3,splicing,depth,depthT3,False,76,228,False,,76.0,,105.0,0.0,1.9746305486412283,0.012207825658335905,0.5598720391133502,3.5051272181599082,0.009950248756218905,0.004975124378109453,6.987446633077284,0.019527004824302262,2.418676026064546,2.880881752315774,0.009950248756218905,0.004975124378109453,17.175674683213423,-0.3525198602589945,1.6429726937949223,10.668585430343315,0.009950248756218905,0.004975124378109453,3.176129969375359,0.042948592626693066,1.0554493838821704,2.9685756840599495,0.11496669476228061,0.11496669476228061,0.11195806379920104,0.10068550914292267,0.10311222326402529,0.007105446432723958,0.28303443538529377,0.07810531386262508,0.007837431295735433,0.2914809366486029,0.007837431295735433,0.2914809366486029,0.007055311317176541,0.22059187010636108,200,-0.07315328616539567,0.0064801336856343365,-2.505253449971641,0.2522867583261698,-0.02367999223192121,6.101692485275351,0.02631578947368421,0.18421052631578946,0.20368457586465993,5156.5,,,0.9979098426004187,,0.00023450011764880095,0.1857,transferred,0.9979098426004187,unselected,1.0,0.22804863072577675,True,-0.11609056692657571,0.054985804659517024,0.1,0.01195806379920103,7.668585430343315,0.00023450011764880095,0.49093942569568877,0.5090605743043113
none,splicing|miss<=5,splicing,miss,miss<=5,False,231,228,False,,231.0,,105.0,0.0,4.6119126672402295,0.16625768395811874,1.2618568861866488,3.523105537520146,0.009950248756218905,0.004975124378109453,17.839654112553987,0.7839878602709993,5.772753483845168,2.9545114476155305,0.009950248756218905,0.004975124378109453,43.01866764742145,-1.2476331838917263,3.738788355107637,11.839745026176745,0.009950248756218905,0.004975124378109453,7.553897276882377,0.3702720860780463,2.3680907474286066,3.033509251537204,0.1072072409364047,0.1072072409364047,0.10042978292275408,0.09126414468355394,0.09682671587817264,0.016547895335277774,0.23765751904674215,0.06345788526226888,0.020480408083922187,0.2508495229998958,0.020480408083922187,0.2508495229998958,0.016278502261313083,0.19202198894599634,200,-0.049736746870515706,0.008986920905982609,-2.359430665786168,0.2425942820956132,-0.023059402534309797,7.0937402381752275,0.017316017316017316,0.1471861471861472,0.1768297966325339,2072.0,,,0.9948682701446488,,0.0005180369410275785,0.1651,transferred,0.9948682701446488,unselected,1.0,0.19774823332135585,True,-0.09731845039860178,0.039909285725386295,0.05,0.050429782922754074,8.839745026176745,0.0005180369410275785,0.5078669034658231,0.4921330965341769
none,pinned_sig&splicing,pinned_sig&splicing,primary,miss0,True,101,101,False,101.0,228.0,0.44298245614035087,105.0,0.0,2.201428362806359,0.02229290759610008,0.6477986675495772,3.3639085172145493,0.009950248756218905,0.004975124378109453,8.227956916619062,0.12644762678619384,3.1019711708098976,2.6117293951889424,0.009950248756218905,0.004975124378109453,27.92916771336141,-0.4337421848791552,2.2022798284854197,12.878885567301714,0.009950248756218905,0.004975124378109453,3.3722537187334556,0.05836493471909128,1.1772635190105114,2.814908243143119,0.07882183906802165,0.07882183906802165,0.07683046143814169,0.07134870733089417,0.07306288787786747,0.004806037890687388,0.19476858493334107,0.04893465961830965,0.005610062485565155,0.19999465320483542,0.005610062485565155,0.19999465320483542,0.004782462966044765,0.16301782295105166,200,-0.08911930534845786,0.0061016584943167,-3.2677353179016047,0.24173499848475358,-0.02156760265612091,6.472974686540897,0.009900990099009901,0.1485148514851485,0.15886519533141077,2821.0,,,0.9958660832480021,,0.00031892915819261745,0.1651,transferred,0.9958660832480021,table,0.55,0.10876152832674574,True,-0.031931066888604046,0.08600705660659533,0.05,0.02683046143814169,9.878885567301714,0.00031892915819261745,0.7064121166753426,0.29358788332465735
none,pinned_sig&splicing|depthT1,pinned_sig&splicing,depth,depthT1,True,34,101,False,34.0,86.0,0.3953488372093023,105.0,0.0,0.43835737998484886,0.022089765487576504,0.1896409906882736,2.195029740070917,0.03980099502487562,0.01990049751243781,1.9098531794932598,0.13144524354008116,1.0258726430993337,1.7335562537083642,0.09950248756218906,0.04975124378109453,8.901988875683056,-0.16377962756259357,0.6969195473175599,13.008342983260766,0.009950248756218905,0.004975124378109453,0.679984460521565,0.0457794650700675,0.3357819684365511,1.8887404776511578,0.04924263398961093,0.04924263398961093,0.04591641782472647,0.04390065691886012,0.04693159846390544,-0.024448412613526378,0.14546461541812317,0.04511990947970135,-0.02236376372401016,0.15139919960132522,-0.02236376372401016,0.15139919960132522,-0.025061220119239638,0.12699177562558395,200,-0.08842580915616202,0.008461481392585467,-3.42099402593859,0.2130046341131683,-0.019818250132629944,5.660833890314676,0.0,0.11764705882352941,0.12793488105411582,1010.0,,,0.9912680398646745,,0.00040447216482153165,0.1408,transferred,0.9912680398646745,table,0.55,0.09013035381750467,True,-0.0442139359927782,0.055334261600618495,0.1,-0.05408358217527354,10.008342983260766,0.00040447216482153165,0.5094445531379775,0.49055544686202246
none,pinned_sig&splicing|depthT2,pinned_sig&splicing,depth,depthT2,True,33,101,False,33.0,91.0,0.3626373626373626,105.0,0.0,0.6670404452174036,0.022554569140555286,0.2453062076528706,2.6272709616417504,0.009950248756218905,0.004975124378109453,2.4243112875421584,0.10583966770227862,1.1556321438877295,2.006236700928181,0.05970149253731343,0.029850746268656716,8.900891837007027,-0.16606901655138118,0.7961512290266292,11.388490682409211,0.009950248756218905,0.004975124378109453,1.0262675045490053,0.04723905388468262,0.45979822711783774,2.129256688963735,0.07494085507747272,0.07494085507747272,0.07108069467664176,0.06636352893849977,0.06971625901414978,0.008053681190820384,0.20743906093471243,0.05441595103420317,0.010407325517856489,0.21458660668384183,0.010407325517856489,0.21458660668384183,0.007989119574663124,0.1718008395393094,200,-0.09616807189225227,0.008644711035673918,-3.1571992792017167,0.2527036648866295,-0.022300298062969147,6.134577369209211,0.0,0.09090909090909091,0.16776832508359463,2821.0,,,0.9960544959135341,,0.00028156006771327177,0.1736,transferred,0.9960544959135341,table,0.55,0.11553727008712489,True,-0.04445657541048313,0.09190179084758754,0.1,-0.02891930532335825,8.388490682409211,0.00028156006771327177,0.6152187482276575,0.38478125177234246
none,pinned_sig&splicing|depthT3,pinned_sig&splicing,depth,depthT3,True,34,101,False,34.0,51.0,0.6666666666666666,105.0,0.0,1.0960305376041073,-0.0223514270320317,0.2837007470784628,3.9421185039277646,0.009950248756218905,0.004975124378109453,3.893792449583644,-0.11083728445616604,1.2595455544082805,3.179424293169878,0.009950248756218905,0.004975124378109453,10.12628700067133,-0.10389354076518055,0.9249017135277465,11.060829915015193,0.009950248756218905,0.004975124378109453,1.6660017536628846,-0.03465358423565885,0.516642955415668,3.291742043652316,0.10823617161269922,0.10823617161269922,0.10932182087170644,0.09854833720461861,0.09766525798846155,0.024884664057659826,0.2647617166006957,0.06671733835714538,0.023139674087263994,0.26543111697221033,0.023139674087263994,0.26543111697221033,0.02427857464043926,0.20933695877255434,200,-0.08297135166001211,0.0012735787176718072,-2.2653892134801965,0.25981930428981215,-0.02260580963767094,5.607777291193975,0.029411764705882353,0.23529411764705882,0.18115423661393903,7850.0,,,0.998493010727725,,0.0001649954576639038,0.1857,transferred,0.998493010727725,table,0.65,0.14823160997175489,True,-0.03890978910004844,0.11653010662894081,0.1,0.009321820871706438,8.060829915015193,0.0001649954576639038,0.7375068036604163,0.2624931963395837
none,pinned_sig&splicing|miss<=5,pinned_sig&splicing,miss,miss<=5,True,101,101,False,101.0,231.0,0.43722943722943725,105.0,0.0,2.201428362806359,0.02229290759610008,0.6477986675495772,3.3639085172145493,0.009950248756218905,0.004975124378109453,8.227956916619062,0.12644762678619384,3.1019711708098976,2.6117293951889424,0.009950248756218905,0.004975124378109453,27.92916771336141,-0.4337421848791552,2.2022798284854197,12.878885567301714,0.009950248756218905,0.004975124378109453,3.3722537187334556,0.05836493471909128,1.1772635190105114,2.814908243143119,0.07882183906802165,0.07882183906802165,0.07683046143814169,0.07134870733089417,0.07306288787786747,0.004806037890687388,0.19476858493334107,0.04893465961830965,0.005610062485565155,0.19999465320483542,0.005610062485565155,0.19999465320483542,0.004782462966044765,0.16301782295105166,200,-0.08911930534845786,0.0061016584943167,-3.2677353179016047,0.24173499848475358,-0.02156760265612091,6.472974686540897,0.009900990099009901,0.1485148514851485,0.15886519533141077,2821.0,,,0.9958660832480021,,0.00031892915819261745,0.1651,transferred,0.9958660832480021,table,0.55,0.10876152832674574,True,-0.031931066888604046,0.08600705660659533,0.05,0.02683046143814169,9.878885567301714,0.00031892915819261745,0.7064121166753426,0.29358788332465735
none,translation,translation,primary,miss0,False,1219,1219,False,,1220.0,,105.0,0.0,12.376137653712723,0.8913897219355974,3.5873188699072514,3.201485105803839,0.009950248756218905,0.004975124378109453,47.17626895627881,3.850105844818416,15.954942155582666,2.7155324468726127,0.01990049751243781,0.009950248756218905,180.20368097262622,-7.209633632662934,13.058863010455994,14.351426648340725,0.009950248756218905,0.004975124378109453,22.665038788783363,1.8527718229821992,7.2378936403691885,2.8754590768951362,0.06867860626882931,0.06867860626882931,0.06128032021612303,0.05774187935911568,0.064264977202653,0.008694337364658281,0.16932469441054596,0.04250224129999755,0.013856162770088706,0.18207724313584217,0.013856162770088706,0.18207724313584217,0.008619041065317306,0.14480551149241408,200,-0.06728714348704783,0.010354009990240005,-5.602408701468764,0.21916559090194038,-0.021487567084130847,9.291963144891826,0.03281378178835111,0.1173092698933552,0.2178116483418752,1955.0,,,0.9954546803452986,,0.00027981047196254193,0.1651,transferred,0.9954546803452986,unselected,1.0,0.19774823332135585,True,-0.13646791310523282,-0.028423538910809898,0.05,0.011280320216123026,11.351426648340725,0.00027981047196254193,0.30989060780400435,0.6901093921959957
none,translation|depthT1,translation,depth,depthT1,False,406,1219,False,,407.0,,105.0,0.0,4.406687730456845,0.29481058800932336,1.0816088467270106,3.801630464553076,0.009950248756218905,0.004975124378109453,18.438722495156973,1.4092969152498787,5.159090061189617,3.3008583641550806,0.009950248756218905,0.004975124378109453,54.226931122437975,-2.332711892953075,5.087139384476062,11.118162633402322,0.009950248756218905,0.004975124378109453,8.19905348287919,0.6023677510049475,2.160510178605183,3.516153641441594,0.08126382296108675,0.08126382296108675,0.07269984255962499,0.067772772657589,0.07515633209529043,0.024774788266659884,0.1859147864599454,0.04331426821397136,0.03172720401277187,0.20257509060243906,0.03172720401277187,0.20257509060243906,0.024175773880160196,0.1567690828956527,200,-0.03642127261648229,0.009848638310832694,-3.702747396582608,0.21966444014471592,-0.021113419661195877,9.864655072722735,0.027093596059113302,0.12807881773399016,0.1821942753407434,666.5,,,0.9880792764453893,,0.0008770902763336222,0.1408,transferred,0.9880792764453893,unselected,1.0,0.1638733705772812,True,-0.09117352801765623,0.0220414158826642,0.05,0.022699842559624983,8.118162633402322,0.0008770902763336222,0.4436342665286206,0.5563657334713794
none,translation|depthT2,translation,depth,depthT2,False,406,1219,False,,406.0,,105.0,0.0,3.904052043152644,0.3341173160785138,1.4299917494394636,2.4964722548039133,0.029850746268656716,0.014925373134328358,14.353491771045373,1.4184619049513898,6.142081096034229,2.1059685900998235,0.04975124378109453,0.024875621890547265,54.96332934683958,-2.515369712112131,4.1232396789129915,13.940178969684538,0.009950248756218905,0.004975124378109453,7.087517637005644,0.7047649258124358,2.8833033374803705,2.21369449000496,0.07103012298466467,0.07103012298466467,0.06210882962769754,0.05847689793659717,0.06631944467324913,-0.01733975085460469,0.21221326070771793,0.05578048770508961,-0.011577900711136187,0.2324589606020178,-0.011577900711136187,0.2324589606020178,-0.0176466464449368,0.1750626438771645,200,-0.0710718944195864,0.011142120935881619,-5.0556625641014925,0.21997374068419953,-0.022534670035745982,8.003331370951475,0.034482758620689655,0.10837438423645321,0.22485502849484706,1950.0,,,0.995248104420262,,0.00029654381822959944,0.1736,transferred,0.995248104420262,unselected,1.0,0.21006776379477252,True,-0.14795893416707498,0.0021454969129454105,0.05,0.012108829627697534,10.940178969684538,0.00029654381822959944,0.2956609262922192,0.7043390737077808
none,translation|depthT3,translation,depth,depthT3,False,407,1219,False,,407.0,,105.0,0.0,4.065397880103235,0.26246181784776057,1.4590217932722391,2.606497092635191,0.01990049751243781,0.009950248756218905,14.384054690076464,1.0223470246171484,6.679698425884018,2.0003459458113144,0.04975124378109453,0.024875621890547265,71.01342050334866,-2.361552027597727,5.39225350132562,13.607478304369042,0.009950248756218905,0.004975124378109453,7.378467668898528,0.5456391461648163,2.9789264202283614,2.2937218174760807,0.057248303930262444,0.057248303930262444,0.051828790268392405,0.04927493024332162,0.0541483998767792,-0.006627256773476003,0.15832588034508543,0.0447832323154931,-0.001481546930858005,0.1688580051212118,-0.001481546930858005,0.1688580051212118,-0.006671530634294348,0.1366850393563059,200,-0.0943017250468487,0.010071965415077535,-5.747393268149525,0.21786180317672152,-0.020816265008838118,8.47377423810344,0.036855036855036855,0.11547911547911548,0.2463154348194008,5889.0,,,0.9987214180340874,,6.635219326994529e-05,0.1857,transferred,0.9987214180340874,unselected,1.0,0.22804863072577675,True,-0.17621984045738434,-0.06972275038069131,0.05,0.0018287902683924023,10.607478304369042,6.635219326994529e-05,0.22727078037453924,0.7727292196254607
none,translation|miss0-5,translation,miss,miss0-5,False,56,1219,False,,56.0,,101.0,0.03809523809523807,0.25196781581340666,0.040940475158749746,0.1846490850708547,1.142856140195226,0.2885572139303483,0.14427860696517414,1.025489581073447,0.14596974093991438,0.8667324630402311,1.0147535458040275,0.31840796019900497,0.15920398009950248,1.7485736067507158,-0.45083098059419524,0.5949631362728968,3.69670733068089,0.009950248756218905,0.004975124378109453,0.5450715477544913,0.06674381804902386,0.3512902490484453,1.3616311041969822,0.14409906156688793,0.14409906156688793,0.09594748590999623,0.08754752133979149,0.1259498118716562,-0.7523959761430496,1.0971506382799652,10.504556625587437,-1.7214415637548517,2.5806356384672053,-1.7214415637548517,2.5806356384672053,-0.9377867909982897,0.5255615194087234,200,-0.01984972173064589,0.009268398089445951,-1.8065604198013412,0.18740572337672964,-0.021770427731698,8.270031428059198,0.05357142857142857,0.125,0.17385192476908015,1317.75,,,0.9943381658374317,,0.0005463319946893907,0.1651,transferred,0.9943381658374317,unselected,1.0,0.19774823332135585,True,-0.10180074741135962,0.8994024049586093,0.1,-0.004052514090003775,0.6967073306808902,0.0005463319946893907,0.48520021796641943,0.5147997820335806
none,translation|miss5-20,translation,miss,miss5-20,False,95,1219,False,,95.0,,93.0,0.11428571428571432,0.3333436195826932,0.07095233514047919,0.25565668671071246,1.0263423492580974,0.30845771144278605,0.15422885572139303,1.5929838429321426,0.2620928319849714,1.1134442916041754,1.1952919611539015,0.25870646766169153,0.12935323383084577,4.791824524047442,-0.9214047597515943,0.7985444850788571,7.154553554063865,0.009950248756218905,0.004975124378109453,0.6875523348059274,0.11547288224739966,0.44932515859511074,1.2731970191636466,0.06956507232471289,0.06956507232471289,0.04592696554053505,0.04391029876239972,0.06504052359667312,-0.13929616882940837,0.8858817369000325,0.47952599988506994,-0.26809341118736857,0.9392475633661024,-0.26809341118736857,0.9392475633661024,-0.16184105062763254,0.4697009564842934,200,-0.014699176267245897,0.011013409447335991,-2.051954678689758,0.21041561344196522,-0.018714459353329483,11.105631838821877,0.042105263157894736,0.08421052631578947,0.1665237831474364,917.0,,,0.992737050631847,,0.00033600561713850426,0.1651,transferred,0.992737050631847,unselected,1.0,0.19774823332135585,True,-0.1518212677808208,0.6881335035786766,0.1,-0.05407303445946496,4.154553554063865,0.00033600561713850426,0.2322496882482902,0.7677503117517098
none,translation|miss20+,translation,miss,miss20+,False,115,1219,False,,115.0,,61.0,0.419047619047619,-0.6846745830868552,-0.056260323005510655,0.5614711890169396,-1.1192279717533027,0.25870646766169153,0.8756218905472637,-0.6559017645967624,-0.0141355802690494,1.483767345342986,-0.4325248067643402,0.5970149253731343,0.7064676616915423,2.5229133774080674,-1.8086780017724369,1.7339157703130124,2.498155592874359,0.01990049751243781,0.009950248756218905,-0.7488499690030631,-0.044916066621059424,0.6457651243012187,-1.0900772988379164,-0.27138251721914464,-0.27138251721914464,-0.1450769948203735,-0.16969597723000987,-0.3724622639898523,-0.9828004696113014,1.0282792569256884,1.724602576046265,-3.3889990310285643,5.728767180534922,-3.3889990310285643,5.728767180534922,-3.0425794523655507,0.5088371947956645,200,-0.01502413453181086,0.0058565801843787355,-1.4723725545722157,0.16390266909368453,-0.016597544790462007,9.079327062509801,0.008695652173913044,0.034782608695652174,0.19378565862951974,770.0,,,0.9914104145246775,,-0.0012569479090150323,0.1651,transferred,0.9914104145246775,unselected,1.0,0.19774823332135585,True,-0.34282522814172933,0.8305310236043326,0.05,0.0950769948203735,-0.5018444071256409,0.0,0.0,1.0
none,translation|miss<=5,translation,miss,miss<=5,False,1275,1219,False,,1276.0,,105.0,0.0,12.62810546952613,0.9323301970943472,3.6618054571855736,3.193991436514226,0.009950248756218905,0.004975124378109453,48.20175853735226,3.996075585758331,16.301672148654916,2.711726904361859,0.01990049751243781,0.009950248756218905,181.95225457937693,-7.66046461325713,13.245829371203023,14.314899722690063,0.009950248756218905,0.004975124378109453,23.210110336537852,1.9195156410312222,7.375038400716497,2.8868452662481343,0.06940340200080951,0.06940340200080951,0.06168244051470854,0.05809876678831064,0.06489917824364372,0.009445385554749249,0.1689934341948376,0.04290779606322088,0.014862717309075912,0.18217268065102024,0.014862717309075912,0.18217268065102024,0.00935566956115112,0.14456273260577215,200,-0.06520361751186468,0.010306328212636502,-5.592053501469878,0.21777064770083313,-0.021499990767474976,9.392394879396836,0.03372549019607843,0.11764705882352941,0.21588086832612893,1900.0,,,0.9953872655774093,,0.0002858432355637484,0.1651,transferred,0.9953872655774093,unselected,1.0,0.19774823332135585,True,-0.13606579280664732,-0.028754799126518266,0.05,0.011682440514708535,11.314899722690063,0.0002858432355637484,0.31192410409285376,0.6880758959071462
none,pinned_sig&translation,pinned_sig&translation,primary,miss0,True,436,436,False,436.0,1220.0,0.35737704918032787,105.0,0.0,7.979795511068905,0.26637571101544866,1.5078361250667751,5.1155557768002575,0.009950248756218905,0.004975124378109453,30.334843686438695,1.1964126769475905,7.403358468008131,3.9358395430136155,0.009950248756218905,0.004975124378109453,114.96617793157192,-2.115599012578768,7.512562600416606,15.584798845823656,0.009950248756218905,0.004975124378109453,13.799714411578105,0.5403237219051809,2.932560392932491,4.521438235893872,0.06940993998964194,0.06940993998964194,0.06588061781580958,0.061808627265229184,0.06490489511469683,0.03266790386447163,0.12337245627383435,0.024806141840706956,0.03594089765224269,0.1282905990835724,0.03594089765224269,0.1282905990835724,0.03163441677281381,0.10982328025115187,200,-0.09846230507104302,0.00842841366339959,-6.818649898354193,0.21742962654382564,-0.02139935466769095,8.901441701329643,0.01834862385321101,0.17660550458715596,0.18361859061490587,2319.5,,,0.996318687898051,,0.00024342323254106544,0.1651,transferred,0.996318687898051,table,0.55,0.10876152832674574,True,-0.04288091051093616,0.014610927947088612,0.05,0.015880617815809572,12.584798845823656,0.00024342323254106544,0.6057345720436034,0.39426542795639663
none,pinned_sig&translation|depthT1,pinned_sig&translation,depth,depthT1,True,145,436,False,145.0,452.0,0.32079646017699115,105.0,0.0,2.3495887589545976,0.05512235795655853,0.4475652995083209,5.12655115023139,0.009950248756218905,0.004975124378109453,9.954889245770667,0.3022993119385317,2.2554424400574775,4.279687994869047,0.009950248756218905,0.004975124378109453,36.86673690218281,-0.6205281410198037,2.7482067089306086,13.640627876128642,0.009950248756218905,0.004975124378109453,3.8885589288988434,0.10330737302955273,0.8528189937861506,4.438516946092391,0.06373194256895252,0.06373194256895252,0.06120655636930984,0.057676383548472335,0.05991353650153393,0.03624523424708356,0.12451874241018127,0.024561368527844542,0.03861194305613788,0.12891339509488517,0.03861194305613788,0.12891339509488517,0.03497732395931531,0.11073068464799221,200,-0.07048067793879557,0.007337663029424008,-5.140972469859642,0.20110792271516056,-0.021977488558671467,8.92305979106721,0.013793103448275862,0.1724137931034483,0.14942451675667462,679.0,,,0.9879301933868372,,0.0007477768204478296,0.1408,transferred,0.9879301933868372,table,0.55,0.09013035381750467,True,-0.02892379744819483,0.034388388592676594,0.05,0.011206556369309839,10.640627876128642,0.0007477768204478296,0.6790892721140368,0.3209107278859632
none,pinned_sig&translation|depthT2,pinned_sig&translation,depth,depthT2,True,145,436,False,145.0,477.0,0.3039832285115304,105.0,0.0,2.852171322560447,0.1262330075780631,0.6286710177825198,4.336033056840208,0.009950248756218905,0.004975124378109453,9.797264320189473,0.4960294257579225,2.756584815115742,3.374187815092138,0.009950248756218905,0.004975124378109453,36.537881432924095,-0.6771005682273593,2.3787539207897557,15.644738060503515,0.009950248756218905,0.004975124378109453,5.133053007399289,0.2673414886218176,1.2589167281432627,3.8649987008701983,0.07806066500589086,0.07806066500589086,0.07324841148379548,0.06824926149438929,0.0724084159080828,0.020757346873559714,0.1423350033971805,0.03288160471100241,0.024271044888948025,0.14893642769861054,0.024271044888948025,0.14893642769861054,0.020335023770731316,0.12459977318102784,200,-0.12796737608498426,0.009383415149298581,-7.134878211308915,0.24003077785381527,-0.0228441446691176,8.181083401875894,0.020689655172413793,0.16551724137931034,0.21833880323271126,2316.0,,,0.9959916895080092,,0.00029478396191958946,0.1736,transferred,0.9959916895080092,table,0.55,0.11553727008712489,True,-0.04228885860332941,0.02679773331005561,0.05,0.023248411483795473,12.644738060503515,0.00029478396191958946,0.6339808048827879,0.36601919511721215
none,pinned_sig&translation|depthT3,pinned_sig&translation,depth,depthT3,True,146,436,False,146.0,291.0,0.5017182130584192,105.0,0.0,2.778035429553861,0.08502034548082694,0.6573937259551833,4.096502564213132,0.009950248756218905,0.004975124378109453,10.582690120478553,0.3980839392511367,3.729192809082273,2.7310484339729735,0.01990049751243781,0.009950248756218905,41.56155959646502,-0.8179703033316048,3.388205294742031,12.507958111500233,0.009950248756218905,0.004975124378109453,4.7781024752799715,0.16967486025381034,1.2593367381411005,3.659408540585129,0.06684146255642785,0.06684146255642785,0.06354518538644661,0.05974845851364277,0.06265360402871711,0.01941739876759826,0.1375763375356159,0.032044940922624804,0.02215625925324001,0.14271854929208666,0.02215625925324001,0.14271854929208666,0.019046455417477334,0.1209378451308941,200,-0.09694929573648409,0.008563233022790731,-4.356610817445885,0.21119318897675685,-0.019390286418382453,6.4545271606858945,0.02054794520547945,0.1917808219178082,0.18309605554546576,9334.5,,,0.9991863672901037,,5.1744542439125496e-05,0.1857,transferred,0.9991863672901037,table,0.65,0.14823160997175489,True,-0.08468642458530827,-0.01065527243613898,0.05,0.013545185386446612,9.507958111500233,5.1744542439125496e-05,0.4286884922760737,0.5713115077239264
none,pinned_sig&translation|miss<=5,pinned_sig&translation,miss,miss<=5,True,437,436,False,437.0,1276.0,0.34247648902821315,105.0,0.0,7.976992760697886,0.2662960797004167,1.5081834712031805,5.112572063162927,0.009950248756218905,0.004975124378109453,30.297376746027055,1.1950340338306042,7.408149162883354,3.9284228857062344,0.009950248756218905,0.004975124378109453,115.20821551235994,-2.123483398525711,7.518354102999329,15.606035217745067,0.009950248756218905,0.004975124378109453,13.795558903423201,0.5401708147648487,2.933359876337624,4.5188414130788646,0.06923979097516779,0.06923979097516779,0.0657170803164949,0.06166465897025724,0.06475609265534323,0.03260808455226223,0.12327680818503813,0.024756129603770407,0.03584059440995611,0.12819880959889787,0.03584059440995611,0.12819880959889787,0.03157830645893359,0.10974747566760612,200,-0.09841384276092384,0.0084104129014758,-6.835661691410844,0.21750885010204543,-0.021366396099003464,8.913434574079519,0.018306636155606407,0.17620137299771166,0.18322656025400727,2323.0,,,0.9963078090686331,,0.00024353920121061197,0.1651,transferred,0.9963078090686331,table,0.55,0.10876152832674574,True,-0.04304444801025084,0.014515279858292388,0.05,0.015717080316494894,12.606035217745067,0.00024353920121061197,0.6042309383430602,0.3957690616569398
plex,all,all,primary,miss0,False,7904,7904,False,,7919.0,,105.0,0.0,72.60674971217226,4.508367351994901,23.047858481790012,2.9546511843597756,0.029850746268656716,0.014925373134328358,238.89456520791606,17.78002522244931,89.5255948658413,2.46984720198529,0.04975124378109453,0.024875621890547265,904.5922196963015,-16.3287742811366,60.692332546727066,15.173596982261646,0.009950248756218905,0.004975124378109453,151.26784098463258,9.446956312835972,50.6110780490582,2.8021707922191887,0.0802646188318406,0.0802646188318406,0.07394595497933204,0.06885444713161112,0.07430088649819512,-0.022595538036103858,0.2230653543448482,0.0626414029198139,-0.018240512629328694,0.23220208042224896,-0.018240512629328694,0.23220208042224896,-0.02311856044781252,0.18235878228772662,200,-0.08713632031793932,0.007579319080793722,-6.851969740589432,0.2369373765482899,-0.010087005464820052,10.021248562398466,0.04162449392712551,0.10513663967611336,0.3033217243655536,1646.5,,,0.9953213092100786,,0.0003475965553157108,0.1651,transferred,0.9953213092100786,unselected,1.0,0.19774823332135585,True,-0.12380227834202381,0.025317121023492345,0.05,0.023945954979332038,12.173596982261646,0.0003475965553157108,0.373939901951813,0.626060098048187
plex,all|depthT1,all,depth,depthT1,False,2635,7904,False,,2650.0,,105.0,0.0,23.1037016739065,1.3011099393752028,6.2285604673865835,3.5004222642923715,0.009950248756218905,0.004975124378109453,82.80213316644075,5.7666796904779885,25.00437910853373,3.0808784789889616,0.009950248756218905,0.004975124378109453,293.519546973123,-6.830063666406334,20.310138330467282,14.788161742304542,0.009950248756218905,0.004975124378109453,48.02926519072051,2.483890167033917,13.475663067306712,3.379824413552173,0.0787126510386106,0.0787126510386106,0.07259071083231108,0.06767792234186142,0.07296906267190262,-0.00482575480014901,0.19438714824231065,0.049395646679743076,0.0003295047825975705,0.2030745939501371,0.0003295047825975705,0.2030745939501371,-0.004849587594053694,0.16274475162395022,200,-0.06387666759732098,0.00820943927609385,-6.58319378717921,0.22685060818285963,-0.009188417603268037,10.423071950496622,0.04174573055028463,0.10550284629981024,0.26965569868587164,515.0,,,0.9869463240518592,,0.0009601085620948021,0.1408,transferred,0.9869463240518592,unselected,1.0,0.1638733705772812,True,-0.09128265974497013,0.03051377766502944,0.05,0.02259071083231108,11.788161742304542,0.0009601085620948021,0.4429683149653528,0.5570316850346472
plex,all|depthT2,all,depth,depthT2,False,2633,7904,False,,2633.0,,105.0,0.0,20.95031751085955,1.116345404871209,8.555973733937533,2.318143173735595,0.04975124378109453,0.024875621890547265,67.52788061585821,4.454581634427126,33.407005920704655,1.888026096416505,0.06965174129353234,0.03482587064676617,284.0004049342042,-8.019721852864947,20.69355620966322,14.111645375419098,0.009950248756218905,0.004975124378109453,45.14676502355412,2.4505312758315334,18.683962623001634,2.28518085853799,0.07376861844867162,0.07376861844867162,0.06791988046923415,0.06360016487322137,0.0687006652841549,-0.0513716382083123,0.24331001242245698,0.07526742140194018,-0.048790840815545154,0.25760628318351536,-0.048790840815545154,0.25760628318351536,-0.054153867576206036,0.1956652553186726,200,-0.09054690916963296,0.00824418020443194,-6.25041041689055,0.24125941522374483,-0.010198754664219045,9.54582110954141,0.042916824914546146,0.09570831750854539,0.305635569618649,1646.0,,,0.9949774000495417,,0.00034285641891255254,0.1736,transferred,0.9949774000495417,unselected,1.0,0.21006776379477252,True,-0.14214788332553835,0.03324224862768446,0.05,0.01791988046923415,11.111645375419098,0.00034285641891255254,0.32332367062082434,0.6766763293791757
plex,all|depthT3,all,depth,depthT3,False,2636,7904,False,,2636.0,,105.0,0.0,28.552730527406208,2.090912007748494,9.436192331105504,2.804289865142836,0.03980099502487562,0.01990049751243781,88.56455142561708,7.5587638975442015,35.808889310140515,2.262169787688258,0.06965174129353234,0.03482587064676617,327.0722677889743,-1.4789887618653037,22.1279463446351,14.84779705417609,0.009950248756218905,0.004975124378109453,58.09181077035798,4.512534869970517,20.929884866062434,2.5599412630914964,0.08729792568603927,0.08729792568603927,0.08054091406453973,0.0745375885505147,0.08028887356789349,0.004706484027708577,0.30111240764601066,0.07256219409807889,0.010735070037509826,0.3092961783990962,0.010735070037509826,0.3092961783990962,0.004683030038556448,0.23142635911563844,200,-0.10698044189317452,0.0062853334764100795,-6.6873742004144345,0.24270319855528377,-0.010873630416706232,9.376599450351515,0.04021244309559939,0.11418816388467375,0.33466376651827057,4466.5,,,0.998284444100136,,0.00013840989020760992,0.1857,transferred,0.998284444100136,unselected,1.0,0.22804863072577675,True,-0.14750771666123702,0.07306377692023391,0.05,0.030540914064539723,11.84779705417609,0.00013840989020760992,0.3531742936066489,0.6468257063933511
plex,all|miss0-5,all,miss,miss0-5,False,607,7904,False,,611.0,,101.0,0.03809523809523807,4.088645280432878,-0.028479793130687013,1.0434572592960831,3.9456576078075116,0.009950248756218905,0.004975124378109453,11.881630146674404,-0.39766843680216896,4.4019180675070375,2.789533652186029,0.01990049751243781,0.009950248756218905,33.224881974722635,-3.4482929275654133,3.0708275385913377,11.94244041432262,0.009950248756218905,0.004975124378109453,7.166102252526719,-0.12074605736129553,2.0154866889392857,3.6154286455362064,0.1230597382872121,0.1230597382872121,0.11226530248698749,0.10093392487922268,0.10957541624178564,0.0347387561998772,0.2745706517937649,0.059427547737724545,0.038787560214494636,0.3102939082391503,0.038787560214494636,0.3102939082391503,0.03357233789020533,0.21542201937381547,200,-0.027850940790616337,0.005477276741526557,-3.9387854704625664,0.21942184816330493,-0.007622953756080778,10.60929114274328,0.03459637561779242,0.06589785831960461,0.2107407013149411,892.0,,,0.9933966477826949,,0.0007462551195019177,0.1651,transferred,0.9933966477826949,unselected,1.0,0.19774823332135585,True,-0.08548293083436836,0.07682241847240903,0.05,0.06226530248698749,8.94244041432262,0.0007462551195019177,0.5677183588515194,0.43228164114848056
plex,all|miss5-20,all,miss,miss5-20,False,881,7904,False,,883.0,,93.0,0.11428571428571432,4.101522364231489,0.12158141050858312,1.3254577063319046,3.002691775610906,0.009950248756218905,0.004975124378109453,12.602154107838501,0.13192181652967047,5.302958800391717,2.3515612247237683,0.01990049751243781,0.009950248756218905,42.05980809845198,-7.6019369892940025,3.762154201920397,13.20034810439085,0.009950248756218905,0.004975124378109453,7.9888262378069665,0.08399816777341623,2.3179087344797886,3.4103275734916467,0.09751643076047334,0.09751643076047334,0.08014098068223048,0.07419492651006765,0.08885190966380689,-0.005924955098919695,0.2409840350892018,0.06547556563495421,-0.002761254053410475,0.31481388364241664,-0.002761254053410475,0.31481388364241664,-0.005966366985325047,0.19418785281906092,200,-0.024145546798896425,0.008061807787814672,-4.979811296806588,0.21610599054544324,-0.011861467084236165,11.960510914434295,0.046538024971623154,0.06923950056753689,0.2062677247335908,689.0,,,0.9917216879757117,,0.0006689699863014526,0.1651,transferred,0.9917216879757117,unselected,1.0,0.19774823332135585,True,-0.11760725263912537,0.043235801767845944,0.05,0.030140980682230478,10.20034810439085,0.0006689699863014526,0.4052677454366701,0.5947322545633299
plex,all|miss20+,all,miss,miss20+,False,1309,7904,False,,1311.0,,63.0,0.4,3.209049296983321,0.24843025164307803,2.1623056691793177,1.3691954322368851,0.19900497512437812,0.09950248756218906,8.129329550214562,1.5424657320297508,5.778351134472779,1.1399210025310795,0.22885572139303484,0.11442786069651742,34.212106188326835,-18.386796948081138,7.113873711952692,7.393848311930471,0.009950248756218905,0.004975124378109453,5.481302701124896,0.4414533494901176,2.5482187099953704,1.9777930881152406,0.09379864774528988,0.09379864774528988,0.05628670692357002,0.0532873381390028,0.08575494944946443,-0.1063711382897332,0.4706206477062347,0.40392313048827955,-0.9758349678361505,1.657474174693444,-0.9758349678361505,1.657474174693444,-0.1041957526660222,0.3200700224068389,200,-0.011781338559179474,0.00603752939585299,-3.7306524878405756,0.17478155078579044,-0.009407675431886383,13.052893341024662,0.026737967914438502,0.03896103896103896,0.19904709357554604,538.0,,,0.9910564429187292,,0.0005079462223212556,0.1651,transferred,0.9910564429187292,unselected,1.0,0.19774823332135585,True,-0.14146152639778584,0.27287241438487886,0.05,0.006286706923570015,4.393848311930471,0.0005079462223212556,0.28463822901567903,0.715361770984321
plex,all|miss<=5,all,miss,miss<=5,False,8511,7904,False,,8530.0,,105.0,0.0,76.69539499260515,4.47988755886421,23.70568233780483,3.046337431029128,0.009950248756218905,0.004975124378109453,250.77619535459044,17.382356785647143,92.30622587390137,2.5284734194178875,0.04975124378109453,0.024875621890547265,937.8171016710241,-19.777067208702,63.03236232239701,15.192103446509545,0.009950248756218905,0.004975124378109453,158.4339432371593,9.326210255474678,51.90416160284194,2.8727510160480163,0.08178075965553147,0.08178075965553147,0.07541347867460878,0.07012510087520195,0.075598275274902,-0.01943809577464372,0.21964017736649746,0.06151470565758077,-0.015269485571302793,0.2310999138708383,-0.015269485571302793,0.2310999138708383,-0.019824408836525906,0.18006340912882945,200,-0.08290811853517759,0.007429402537504431,-6.826002902188737,0.23568817836597453,-0.009911270605555012,10.153640353947772,0.041123252261778875,0.10233815062859829,0.2967188949692756,1572.0,,,0.9951828938731783,,0.0003650331335123334,0.1651,transferred,0.9951828938731783,unselected,1.0,0.19774823332135585,True,-0.12233475464674708,0.02189194404514161,0.05,0.025413478674608775,12.192103446509545,0.0003650331335123334,0.38136107416978116,0.6186389258302188
plex,pinned_sig,pinned_sig,primary,miss0,True,2205,2205,False,2205.0,7919.0,0.2784442480111125,105.0,0.0,35.40805827480571,2.1798888835908703,7.230850364169325,4.595333566279942,0.009950248756218905,0.004975124378109453,117.29466549781867,8.824135947161142,28.36025272323987,3.8247377627129224,0.009950248756218905,0.004975124378109453,500.27138303660024,7.365021092212624,28.036665737186816,17.58077677869571,0.009950248756218905,0.004975124378109453,65.7793778860779,4.425174231997618,15.41900511567122,3.979128562044673,0.07077770081486998,0.07077770081486998,0.06741274196611774,0.06315527191660374,0.06609934140485706,0.018540932513269406,0.15721789625119004,0.0318227752136503,0.022893820349840544,0.15941250238039872,0.022893820349840544,0.15941250238039872,0.018203424056318643,0.13585845846603634,200,-0.15312528914213824,0.0037728372626092146,-9.921774957448818,0.23345704602826697,-0.009384613180977046,9.738505526994338,0.03582766439909297,0.15328798185941042,0.2694688580494521,1850.0,,,0.9958039970815208,,0.00028405596167672314,0.1651,transferred,0.9958039970815208,table,0.55,0.10876152832674574,True,-0.041348786360628,0.0484563679244443,0.05,0.017412741966117737,14.58077677869571,0.00028405596167672314,0.6198215766478904,0.3801784233521096
plex,pinned_sig|depthT1,pinned_sig,depth,depthT1,True,735,2205,False,735.0,2975.0,0.24705882352941178,105.0,0.0,11.011628982584469,0.45554737069126944,2.092275893064637,5.045262743256723,0.009950248756218905,0.004975124378109453,39.7115801617049,1.8455091213520887,8.659196728595267,4.372931142135584,0.009950248756218905,0.004975124378109453,173.89337541015107,2.8272040997805474,10.01446200162343,17.081913265299647,0.009950248756218905,0.004975124378109453,20.335971872391468,0.9076066337879912,4.4280303970904615,4.3875862395545715,0.06332402805231684,0.06332402805231684,0.06170759262940995,0.05812108066081152,0.059552898628940996,0.02739459447108479,0.12182499312232578,0.023505283485432463,0.02960944840517972,0.122439136881916,0.02960944840517972,0.122439136881916,0.026664095711095733,0.10859535206571717,200,-0.12321185028655593,0.002673872765815292,-9.544529190431737,0.21781790224331557,-0.008887848967867188,10.306578969494568,0.0326530612244898,0.1469387755102041,0.22495453355963907,536.0,,,0.9869933541244168,,0.0008131856225896221,0.1408,transferred,0.9869933541244168,table,0.55,0.09013035381750467,True,-0.028422761188094718,0.03169463930482111,0.05,0.01170759262940995,14.081913265299647,0.0008131856225896221,0.6846482901238252,0.3153517098761748
plex,pinned_sig|depthT2,pinned_sig,depth,depthT2,True,735,2205,False,735.0,2722.0,0.2700220426157237,105.0,0.0,10.13092522741383,0.4906499415382583,2.9299439020663884,3.290259338780042,0.009950248756218905,0.004975124378109453,32.382562874046606,1.9843942782566797,11.518985444584352,2.638962323724579,0.01990049751243781,0.009950248756218905,159.27113631988811,1.8796552132410367,9.423563820297048,16.701906423942045,0.009950248756218905,0.004975124378109453,19.29222847738706,0.980847783945258,6.20009519599869,2.9534031518192303,0.06360804262152292,0.06360804262152292,0.06125029905108654,0.05771522430274299,0.059804025611488704,0.00042970743790905454,0.17263393869423513,0.04151006251645818,0.0035809937019863625,0.1741034094278914,0.0035809937019863625,0.1741034094278914,0.0004294052881397703,0.14721785345403274,200,-0.17138233254066593,0.0034521339826113122,-8.870154802470566,0.24584822413973947,-0.009573064035830857,8.998177908342823,0.04353741496598639,0.1414965986394558,0.2865875236609627,1850.0,,,0.9955241035098723,,0.0002753825824763783,0.1736,transferred,0.9955241035098723,table,0.55,0.11553727008712489,True,-0.05428697103603835,0.05709666860711024,0.05,0.011250299051086536,13.701906423942045,0.0002753825824763783,0.530134553161059,0.46986544683894105
plex,pinned_sig|depthT3,pinned_sig,depth,depthT3,True,735,2205,False,735.0,2222.0,0.33078307830783077,105.0,0.0,14.265504064807411,1.233691571361342,2.6647611862704963,4.89042416280647,0.009950248756218905,0.004975124378109453,45.200522462067156,4.994232547552375,10.378374514652567,3.874045001724507,0.009950248756218905,0.004975124378109453,167.10687130656106,2.658161779191039,9.798961612189279,16.782258777583777,0.009950248756218905,0.004975124378109453,26.15117753629938,2.5367198142643734,5.710370942181845,4.135363177127034,0.08536754924121011,0.08536754924121011,0.07924545307105081,0.07342671942286494,0.07865312474183636,0.03012355443506342,0.174864814108176,0.03827567279638983,0.03712643202747351,0.17949814677780224,0.03712643202747351,0.17949814677780224,0.029242317096074256,0.14883823735738339,200,-0.16478168459919285,0.00519250503940104,-9.53889340998126,0.23670501170174588,-0.00969292653923309,9.05967826260677,0.031292517006802724,0.17142857142857143,0.2968645169277547,5461.0,,,0.998674884176032,,0.00010514873809868724,0.1857,transferred,0.998674884176032,table,0.55,0.1254267468991772,True,-0.0461812938281264,0.04943806720899879,0.05,0.02924545307105081,13.782258777583777,0.00010514873809868724,0.6318066523303145,0.3681933476696855
plex,pinned_sig|miss0-5,pinned_sig,miss,miss0-5,True,32,2205,False,32.0,611.0,0.05237315875613748,101.0,0.03809523809523807,0.4383287371384276,0.011348280841964238,0.13088729285869743,3.262199461619399,0.009950248756218905,0.004975124378109453,1.3986002090818446,0.07439401370133109,0.6068412851177988,2.182129376915187,0.03980099502487562,0.01990049751243781,7.539850703206918,0.03249390028679824,0.4571137842112898,16.42338748518252,0.009950248756218905,0.004975124378109453,0.8458979513790359,0.014895790686364258,0.2542294109274881,3.268709775399244,0.05813493587505568,0.05813493587505568,0.05687493847773183,0.05381425597966356,0.05494094741988582,-0.003083190780694942,0.15147952518470012,0.037110542720860624,-0.0014912502630612388,0.15248484553944802,-0.0014912502630612388,0.15248484553944802,-0.0030927280043263135,0.13155207197460722,200,-0.12428927088978098,0.004033974387337911,-6.249158849013075,0.21544111697741872,-0.0024781280258303912,7.3770154354020665,0.0,0.09375,0.2065877710133233,1067.0,,,0.9939075846416199,,0.00034862974590700997,0.1651,transferred,0.9939075846416199,table,0.4,0.07909929332854235,True,-0.022224354850810514,0.07238023185615777,0.1,-0.04312506152226817,13.42338748518252,0.00034862974590700997,0.7190321946556376,0.2809678053443624
plex,pinned_sig|miss5-20,pinned_sig,miss,miss5-20,True,47,2205,False,47.0,883.0,0.053227633069082674,94.0,0.10476190476190472,0.8410335286027943,0.07100124565811339,0.1798972233527208,4.280401156803262,0.009950248756218905,0.004975124378109453,3.032668755129849,0.27359594761582473,0.7219390442197354,3.8217531377541754,0.009950248756218905,0.004975124378109453,10.448121204465975,-0.08552887151995758,0.6726940287370436,15.658902303269203,0.009950248756218905,0.004975124378109453,1.4459438574755499,0.11555702422385716,0.3330523865655697,3.9945272483125502,0.08049614970424544,0.08049614970424544,0.07310213244126654,0.06812225065191321,0.07449924715259647,0.02090394720770974,0.18030505772645505,0.03900402632062986,0.028085476675416512,0.18998165031712347,0.028085476675416512,0.18998165031712347,0.020475850277953317,0.1527607311643302,200,-0.1089693457054095,0.007497575467730904,-6.464689326576411,0.18804380123301892,-0.008899296774397545,8.086928526507666,0.0,0.1702127659574468,0.22738940389997694,667.0,,,0.9898934262791346,,0.0007463551843628418,0.1651,transferred,0.9898934262791346,table,0.4,0.07909929332854235,True,-0.00599716088727581,0.1012057643979127,0.1,-0.026897867558733468,12.658902303269203,0.0007463551843628418,0.9241818651607121,0.0758181348392879
plex,pinned_sig|miss20+,pinned_sig,miss,miss20+,True,19,2205,False,19.0,1311.0,0.014492753623188406,60.0,0.4285714285714286,0.4914158509990198,-0.0032708817408634077,0.23091450862829432,2.142293854459297,0.04975124378109453,0.024875621890547265,0.9543960950899264,0.08505459483434422,0.58613011346634,1.4831885963243658,0.15920398009950248,0.07960199004975124,6.037578983338922,0.396342635801532,0.6794724137739385,8.30237730506928,0.009950248756218905,0.004975124378109453,0.6214283671839868,0.009735590667813621,0.25006114916751143,2.446172780348263,0.0813928649803361,0.0813928649803361,0.08769119077165281,0.08062140386504471,0.07526669318445718,-0.040543620681318664,0.32596099348425267,0.10308784698165738,-0.03815770847401875,0.2959918113322633,-0.03815770847401875,0.2959918113322633,-0.042256901255225764,0.24563714199710282,200,-0.0990684702297616,-0.004118367628441636,-3.0458821601902635,0.1829176415653961,-0.003508908758072743,4.9416039055754615,0.0,0.10526315789473684,0.16790213511550642,619.0,,,0.9910564429187292,,0.0007913486419412733,0.1651,transferred,0.9910564429187292,table,0.3,0.05932446999640675,False,0.02836672077524606,0.26663652348784594,0.1,-0.012308809228347192,5.30237730506928,0.0007913486419412733,1.0,-0.47816222845251244
plex,pinned_sig|miss<=5,pinned_sig,miss,miss<=5,True,2237,2205,False,2237.0,8530.0,0.2622508792497069,105.0,0.0,35.84638701194413,2.191237164432834,7.282172403763988,4.621581031247725,0.009950248756218905,0.004975124378109453,118.69326570690049,8.898529960862474,28.552376327677756,3.845379960182387,0.009950248756218905,0.004975124378109453,507.8112337398071,7.397514992499423,28.314326709732,17.67351644548585,0.009950248756218905,0.004975124378109453,66.62527583745694,4.440070022683982,15.517285157722597,4.007479735192261,0.07058998428993232,0.07058998428993232,0.06725465067536653,0.06301649810830741,0.0659355918939883,0.019806032708590684,0.1556280046626143,0.03153511786487306,0.024164012033854494,0.15782768301252129,0.024164012033854494,0.15782768301252129,0.0194213714310108,0.13466952269937627,200,-0.1527127935748269,0.003776572795908866,-9.962966549499315,0.2331993304584739,-0.009285816790738024,9.776080983206663,0.03531515422440769,0.15243629861421545,0.2685693521106251,1845.0,,,0.9957895526523783,,0.0002843694883091139,0.1651,transferred,0.9957895526523783,table,0.55,0.10876152832674574,True,-0.04150687765137921,0.04686647633586857,0.05,0.017254650675366523,14.673516445485848,0.0002843694883091139,0.6183680177177855,0.3816319822822145
plex,ecm,ecm,primary,miss0,False,197,197,False,,197.0,,105.0,0.0,3.0402177755694435,0.23023501129427193,1.0339129449710076,2.717813697896942,0.029850746268656716,0.014925373134328358,9.24428047702402,1.0174838543709095,3.8308867617759987,2.1474914645712913,0.04975124378109453,0.024875621890547265,25.834103435197164,0.1319200866587914,2.1081218656885437,12.191981766738927,0.009950248756218905,0.004975124378109453,6.56149299635805,0.4726934602867747,2.3635288607992875,2.576147741226309,0.1176823412198373,0.1176823412198373,0.10932856272052738,0.09855381569947953,0.10529140246717945,-0.025847239976892172,0.2971387044562924,0.08807056881003322,-0.014334549872115333,0.30623853458942474,-0.014334549872115333,0.30623853458942474,-0.026534770348594923,0.22903829908166526,200,-0.11639903558316775,0.007773393319391766,-5.72665119289087,0.29824524706753786,0.0002907480086281522,8.257596276743522,0.03553299492385787,0.15736040609137056,0.3705596145537012,2635.0,,,0.998356989222184,,0.0001799236233252699,0.1651,transferred,0.998356989222184,unselected,1.0,0.19774823332135585,True,-0.08841967060082848,0.09939047113493657,0.05,0.059328562720527375,9.191981766738927,0.0001799236233252699,0.5528674561803048,0.44713254381969525
plex,ecm|depthT1,ecm,depth,depthT1,False,66,197,False,,66.0,,105.0,0.0,1.464079297935765,0.09095455257939733,0.3228732771263314,4.252828718367739,0.009950248756218905,0.004975124378109453,4.9887090467102535,0.5045160376437066,1.2515522229702702,3.5829052330108526,0.009950248756218905,0.004975124378109453,9.452345858315272,0.11103548329887131,0.8734199486192767,10.69509620175652,0.009950248756218905,0.004975124378109453,2.9330728639627437,0.17706129940853002,0.703381000599603,3.918234302895342,0.1548905763586515,0.1548905763586515,0.14699487440528994,0.12815652247923592,0.1341171012469585,0.037976071471914945,0.34103585052552393,0.0768026756695826,0.04709656530865483,0.34786404340304056,0.04709656530865483,0.34786404340304056,0.03658624039584126,0.2543049155681766,200,-0.07453682986091599,0.00635992252437357,-4.1286118149930155,0.26948902373466826,-0.0024606653508523367,7.8251222382490155,0.015151515151515152,0.24242424242424243,0.29687653054315094,492.0,,,0.9927963116276313,,0.0010665886397333369,0.1408,transferred,0.9927963116276313,unselected,1.0,0.1638733705772812,True,-0.016878496171991275,0.17716247994824272,0.1,0.04699487440528993,7.69509620175652,0.0010665886397333369,0.8970028131322806,0.10299718686771941
plex,ecm|depthT2,ecm,depth,depthT2,False,65,197,False,,65.0,,105.0,0.0,1.0609580808636032,0.026021523354640422,0.369365299097453,2.8019322877320594,0.01990049751243781,0.009950248756218905,2.8069552283877597,0.07364824828230532,1.4173887482902046,1.9284102427105065,0.08955223880597014,0.04477611940298507,8.016666203082458,-0.12713506036170694,0.7484387034324885,10.881053085703714,0.009950248756218905,0.004975124378109453,2.2545574338545107,0.03328958759281319,0.8493940767746011,2.6151204805860013,0.1323440510041017,0.1323440510041017,0.1270827374133721,0.11275368985335002,0.11687618342388618,-0.01995109022733251,0.35226748419759574,0.10655752394135105,-0.017443511012233338,0.36154555831722673,-0.017443511012233338,0.36154555831722673,-0.020366512155610753,0.26047774761008363,200,-0.10626321662121317,0.01047896648602503,-5.0033139559159645,0.2936465170298416,-0.0025225762985141603,8.427209530693702,0.06153846153846154,0.18461538461538463,0.37721689122299135,2635.0,,,0.9983412466267447,,0.00021114916375458297,0.1736,transferred,0.9983412466267447,unselected,1.0,0.21006776379477252,True,-0.08298502638140043,0.14219972040282322,0.1,0.027082737413372082,7.881053085703714,0.00021114916375458297,0.6049606808664211,0.3950393191335789
plex,ecm|depthT3,ecm,depth,depthT3,False,66,197,False,,66.0,,105.0,0.0,0.5151803967700758,0.11325893536023415,0.4839651913043978,0.830475969411293,0.3681592039800995,0.18407960199004975,1.4486162019260076,0.43931956844489745,1.7702992556192496,0.5701276946693732,0.527363184079602,0.263681592039801,8.365091373799432,0.14801966372162703,0.8715090624513553,9.428555667528075,0.009950248756218905,0.004975124378109453,1.3738626985407953,0.26234257328543154,1.1373279005911225,0.977308412708116,0.0615869419410873,0.0615869419410873,0.04891297965878844,0.04663206634615185,0.058014034939500095,-0.1795348841035566,0.3713686936999212,0.14113532875065068,-0.1609289293256433,0.3853992269895904,-0.1609289293256433,0.3853992269895904,-0.2188210204409962,0.27080124788013055,200,-0.16824348725279903,0.006522284480604477,-5.381437910879529,0.3315305227102597,0.005812859549385165,6.844661855515538,0.030303030303030304,0.045454545454545456,0.43768628972328394,10199.0,,,0.9996057693366276,,1.929060136497823e-05,0.1857,transferred,0.9996057693366276,unselected,1.0,0.22804863072577675,True,-0.1791356510669883,0.14332006297414446,0.1,-0.05108702034121156,6.428555667528075,1.929060136497823e-05,0.21448486449193016,0.7855151355080698
plex,ecm|miss0-5,ecm,miss,miss0-5,False,17,197,False,,17.0,,101.0,0.03809523809523807,0.11531309348329054,-0.0037227027412692084,0.11446250617433279,1.0399544811928334,0.3582089552238806,0.1791044776119403,0.3362786344870934,-0.03203153991357736,0.4110001208650766,0.8961315476634127,0.3880597014925373,0.19402985074626866,0.7802464183579304,-0.04034969229729846,0.2441804244811706,3.3606138264310665,0.009950248756218905,0.004975124378109453,0.33566881284258626,-0.00931371811391076,0.24852264474342994,1.3881331872701195,0.14779060918468936,0.14779060918468936,0.1450601516128466,0.1266834335371165,0.12876094995207316,-1.444452770188962,3.7245153680893024,1.528529749699271,-1.6537987829498415,2.4384584651377827,-1.6537987829498415,2.4384584651377827,-2.1634740447706395,0.7887634702999392,200,-0.028983708895321945,0.007502728274813706,-1.2418255348714555,0.25417855627858305,-0.0015352576422137676,6.044190964707081,0.058823529411764705,0.058823529411764705,0.3263085390872186,729.5,,,0.9942643582073984,,0.0008368127260760231,0.1651,transferred,0.9942643582073984,unselected,1.0,0.19774823332135585,False,-0.05268808170850925,3.5267671347679466,0.1,0.0450601516128466,0.36061382643106654,0.0008368127260760231,0.7335597854728384,0.2664402145271616
plex,ecm|miss5-20,ecm,miss,miss5-20,False,16,197,False,,16.0,,92.0,0.12380952380952381,0.1093442164484135,0.04447374529350251,0.11055434702451977,0.5867744950863254,0.5373134328358209,0.26865671641791045,0.49177277822433296,0.10603072576697929,0.4358130599544838,0.8851089788306034,0.43781094527363185,0.21890547263681592,1.0881554854172666,0.006447620946264618,0.31542081098398256,3.4294118422196695,0.009950248756218905,0.004975124378109453,0.26266558785083655,0.08150692108171466,0.20748872142170116,0.8731012728201938,0.1004858385715752,0.1004858385715752,0.05997041649191968,0.05657744363318921,0.0913104331283402,-1.3850227434972278,0.656517070905549,0.7109857707699383,-1.1686617050929107,0.7323980920449785,-1.1686617050929107,0.7323980920449785,-1.9703483493291452,0.4067463139517147,200,-0.04499343158405889,0.009844600513604938,-1.924611427571589,0.2679996910613938,-0.02106004348127301,8.179461517639236,0.0625,0.0625,0.24244239047997643,449.5,,,0.9927647987066248,,0.00043706025388074647,0.1651,transferred,0.9927647987066248,unselected,1.0,0.19774823332135585,False,-0.13777781682943618,0.4587688375841932,0.1,-0.04002958350808033,0.42941184221966955,0.00043706025388074647,0.303266509564529,0.696733490435471
plex,ecm|miss<=5,ecm,miss,miss<=5,False,214,197,False,,214.0,,105.0,0.0,3.1555308690527353,0.2265123085530027,1.0830757336288177,2.7043524931411125,0.029850746268656716,0.014925373134328358,9.580559111511114,0.985452314457332,3.9905973632495395,2.1538396422070494,0.03980099502487562,0.01990049751243781,26.614349853555094,0.09157039436149296,2.1943705426076003,12.086736922596591,0.009950248756218905,0.004975124378109453,6.897161809200636,0.4633797421728639,2.4729529692459837,2.6016596947209494,0.11856501798525901,0.11856501798525901,0.11043407290725882,0.09945126469158881,0.10599743070708252,-0.021437790963864688,0.2905974174656174,0.08822079895163464,-0.010652758592933475,0.2983203866240649,-0.010652758592933475,0.2983203866240649,-0.02191278168673514,0.22511943652830857,200,-0.1094548273883389,0.007751891890616874,-5.630371505133463,0.29474462209832186,0.00014569148496313994,8.32874078313761,0.037383177570093455,0.14953271028037382,0.3670443422035601,2502.5,,,0.9983234778933718,,0.00018545608578162748,0.1651,transferred,0.9983234778933718,unselected,1.0,0.19774823332135585,True,-0.08731416041409704,0.09284918414426155,0.05,0.060434072907258815,9.086736922596591,0.00018545608578162748,0.5584579495473676,0.4415420504526324
plex,pinned_sig&ecm,pinned_sig&ecm,primary,miss0,True,77,77,False,77.0,197.0,0.39086294416243655,105.0,0.0,1.1714742282800445,0.1996380286342578,0.4535997728114631,2.1424971040488736,0.05970149253731343,0.029850746268656716,3.513709893545631,0.8988610533908512,1.7727035537127782,1.4750626717468915,0.1691542288557214,0.0845771144278607,17.055421003240255,0.30912966904604183,1.2444882289349743,13.456367802309863,0.009950248756218905,0.004975124378109453,2.2795251161458716,0.36175086596272665,0.9417509620840948,2.0363921327344445,0.06868632724208235,0.06868632724208235,0.05803292085701367,0.054849825287106024,0.06427173763824462,-0.01809005142536494,0.1726361493701888,0.050441689849501765,-0.005215331056152799,0.1809395422942942,-0.005215331056152799,0.1809395422942942,-0.01842482721435457,0.14722055342305707,200,-0.18626993457388988,0.009304399246652923,-7.466608077781555,0.29561006015805763,0.007519447710859534,7.405097745876791,0.03896103896103896,0.12987012987012986,0.31554651309364035,3382.0,,,0.9983566372125102,,9.55261266675541e-05,0.1651,transferred,0.9983566372125102,table,0.55,0.10876152832674574,True,-0.05072860746973207,0.06387462104344308,0.1,-0.041967079142986335,10.456367802309863,9.55261266675541e-05,0.5335794903752074,0.46642050962479265
plex,pinned_sig&ecm|depthT1,pinned_sig&ecm,depth,depthT1,True,26,77,False,26.0,64.0,0.40625,105.0,0.0,0.9386416621940353,0.08056674412654359,0.15804727050246228,5.4292295927636625,0.009950248756218905,0.004975124378109453,3.384370069325981,0.4319354693668279,0.666711723442252,4.428352609004155,0.009950248756218905,0.004975124378109453,6.137520077519504,0.13803278226647692,0.5258882625573705,11.40829283026359,0.009950248756218905,0.004975124378109453,1.7485724272669323,0.14261060524788824,0.3272630828127354,4.907250179935506,0.15293500474761623,0.15293500474761623,0.14302470791902938,0.1251282731931645,0.1326484182697658,0.049647029300231044,0.2648603911145399,0.0581792607720434,0.06305968011189203,0.2723782145105512,0.06305968011189203,0.2723782145105512,0.047298783735364926,0.20939244280831493,200,-0.08525502697565912,0.00989960441803926,-3.4958358216793166,0.3111668773125191,0.005882720116600371,7.29036807461076,0.0,0.3076923076923077,0.2578171036480199,591.0,,,0.9912886664599445,,0.0012568850803077608,0.1408,transferred,0.9912886664599445,table,0.55,0.09013035381750467,True,0.05289435410152471,0.17473003729703523,0.1,0.043024707919029376,8.40829283026359,0.0012568850803077608,1.0,-0.5868650444735282
plex,pinned_sig&ecm|depthT2,pinned_sig&ecm,depth,depthT2,True,25,77,False,25.0,75.0,0.3333333333333333,105.0,0.0,0.13993896063912933,0.020420957847197867,0.1817339925714978,0.6576535358122981,0.5174129353233831,0.25870646766169153,0.03768923506117704,0.08589335242828858,0.7307345228772253,-0.06596666211596325,0.9751243781094527,0.5174129353233831,5.982889996292846,0.14548776180967365,0.4682458429251602,12.466532960584479,0.009950248756218905,0.004975124378109453,0.29813189814527596,0.026737794143493473,0.3896477864265268,0.6965113455173122,0.023389860205659665,0.023389860205659665,0.020474518971111,0.020063723875981092,0.02285527843803265,-0.05901143699941702,0.13918704254853126,0.054036640392298996,-0.05322701524943574,0.13921527479668094,-0.05322701524943574,0.13921527479668094,-0.06271222135096567,0.12217993041919913,200,-0.23402446530067816,0.0037613807514774735,-7.151646239371236,0.28140574569976773,0.00649528551595109,6.218234091137807,0.08,0.08,0.3069098560397435,3382.0,,,0.9982649426145856,,3.5586209469190814e-05,0.1736,transferred,0.9982649426145856,table,0.55,0.11553727008712489,True,-0.0950627511160139,0.02364977246140637,0.1,-0.07952548102888901,9.466532960584479,3.5586209469190814e-05,0.1772113791131769,0.8227886208868231
plex,pinned_sig&ecm|depthT3,pinned_sig&ecm,depth,depthT3,True,26,77,False,26.0,58.0,0.4482758620689655,105.0,0.0,0.09289360544688008,0.09865032666051633,0.21581202625394122,-0.0266747007271154,0.9850746268656716,0.4925373134328358,0.09165058915847318,0.3810322315957346,0.8279506139893243,-0.349515584079261,0.835820895522388,0.5870646766169154,4.935010929427909,0.025609124969891203,0.5031968445023962,9.756424067628744,0.009950248756218905,0.004975124378109453,0.23282079073366407,0.1924024665713449,0.45750946969898676,0.08834423512350892,0.01882338393476441,0.01882338393476441,-0.0011725911715779348,-0.0011739677558041078,0.018475610426281378,-0.17884087764771614,0.21062532742254156,0.09660347476198566,-0.15582795845860495,0.2490728273782433,-0.15582795845860495,0.2490728273782433,-0.21779718464711342,0.1739766161959701,200,-0.2413670241655934,0.014039019551396824,-6.249499495219784,0.29371123767502894,0.01014094664637681,5.795471448553265,0.038461538461538464,0.0,0.3815804004757001,11498.5,,,0.9996111336549969,,-4.561586278127828e-07,0.1857,transferred,0.9996111336549969,table,0.55,0.1254267468991772,True,-0.12659933807075516,0.08519858052336435,0.1,-0.09882740882842207,6.756424067628744,0.0,0.0,1.0
plex,pinned_sig&ecm|miss<=5,pinned_sig&ecm,miss,miss<=5,True,78,77,False,78.0,214.0,0.3644859813084112,105.0,0.0,1.1998459082389723,0.20516507895301195,0.4597068447062338,2.1637285603645746,0.05970149253731343,0.029850746268656716,3.599007853074081,0.9183466168311888,1.794723946048493,1.4936342952045625,0.1791044776119403,0.08955223880597014,17.288724671163294,0.3058015238577426,1.2532917209846768,13.550654538723464,0.009950248756218905,0.004975124378109453,2.325776937313149,0.37231668489401704,0.9525520898609614,2.050764754192359,0.06940048679474049,0.06940048679474049,0.05856947126583286,0.055328887574847344,0.06489662914101622,-0.018941385938236736,0.17337383402010156,0.0500961671928285,-0.005938147512944145,0.1834015704115671,-0.005938147512944145,0.1834015704115671,-0.01930843222188141,0.14775663849306034,200,-0.18610979276876943,0.009491378001939464,-7.482334098396321,0.29638763447976363,0.007121556513998095,7.492302813559436,0.038461538461538464,0.1282051282051282,0.3152705626899252,3119.5,,,0.9983513122046277,,9.672223722944888e-05,0.1651,transferred,0.9983513122046277,table,0.55,0.10876152832674574,True,-0.05019205706091288,0.06461230569335583,0.1,-0.041430528734167145,10.550654538723464,9.672223722944888e-05,0.5385127642733754,0.46148723572662464
plex,folding,folding,primary,miss0,False,172,172,False,,172.0,,105.0,0.0,0.9942877354046522,0.025223180919702166,0.6100887078545182,1.5883994278353915,0.14925373134328357,0.07462686567164178,2.403066713162434,0.08966385502471053,2.5327006993630694,0.9134134399376541,0.39800995024875624,0.19900497512437812,24.51861242954967,-0.20781464147832274,2.1892794272359044,11.29432212417333,0.009950248756218905,0.004975124378109453,1.573163782757279,0.022682208397296205,1.2705631033815847,1.2203105616977223,0.04055236560639717,0.04055236560639717,0.0391914509808174,0.03771340780741358,0.03897196041908442,-0.05629952365189974,0.1844132826964984,0.06465547774312631,-0.05569785402501372,0.1879272820978992,-0.05569785402501372,0.1879272820978992,-0.0596597120263083,0.15569945377469052,200,-0.09177446990676605,0.006797661517008808,-5.474977226550147,0.22169678352583672,-0.012910205889203292,8.680312244653795,0.05813953488372093,0.06976744186046512,0.23677698000125227,3079.5,,,0.9970489984192085,,0.00011599633917818695,0.1651,transferred,0.9970489984192085,unselected,1.0,0.19774823332135585,True,-0.15855678234053844,-0.013334950624857456,0.05,-0.0108085490191826,8.29432212417333,0.00011599633917818695,0.19818862764315234,0.8018113723568476
plex,folding|depthT1,folding,depth,depthT1,False,57,172,False,,57.0,,105.0,0.0,0.3275657561716188,-0.047978203961935764,0.21184851900393734,1.7727004271697309,0.07960199004975124,0.03980099502487562,1.3851061532147537,-0.17850654331971094,0.9450292961110417,1.654565316619284,0.08955223880597014,0.04477611940298507,7.377909169995944,0.014642206302565235,0.8257402479106873,8.917170965475083,0.009950248756218905,0.004975124378109453,0.4740435056318941,-0.10873104216070878,0.4290824249223536,1.3581878770682845,0.044398182279573775,0.044398182279573775,0.05100235560998641,0.048527346620822163,0.0425107808811648,-0.053016051571475646,0.22167794397879936,0.06839188554388093,-0.06044889031999955,0.21461208923648428,-0.06044889031999955,0.21461208923648428,-0.05599192176990428,0.18145185640348982,200,-0.05152547304550334,0.0016411582287800036,-3.0056057695192844,0.17269836007977402,-0.002066544836168328,7.146475129505302,0.05263157894736842,0.05263157894736842,0.19718732555705587,587.0,,,0.9876726898477922,,0.0006365690400879544,0.1408,transferred,0.9876726898477922,unselected,1.0,0.1638733705772812,True,-0.1128710149672948,0.05780457340151815,0.1,-0.0489976443900136,5.9171709654750835,0.0006365690400879544,0.31123028366548516,0.6887697163345148
plex,folding|depthT2,folding,depth,depthT2,False,57,172,False,,57.0,,105.0,0.0,-0.1954614892476218,0.022574430649788414,0.22438359545554412,-0.9717106076972926,0.31840796019900497,0.845771144278607,-1.4762720549182293,0.024673885116450977,1.007316216612124,-1.4900444520617033,0.15920398009950248,0.9253731343283582,8.068252803539654,-0.16130122029188507,0.7881921315838627,10.441050721090487,0.009950248756218905,0.004975124378109453,-0.3064913103798748,0.03671923767694905,0.4736125750033438,-0.7246651929679037,-0.0242259996069868,-0.0242259996069868,-0.02649425707225584,-0.027215306396217432,-0.02482746988260527,-0.15169914077069785,0.0896388067672517,0.06127553447468477,-0.1519059374096723,0.09430729841995221,-0.1519059374096723,0.09430729841995221,-0.17882714131962307,0.08226465422299886,200,-0.1308650705781828,0.007218953571848013,-6.339247059519957,0.23495066654768354,-0.016056748878976207,7.882166002351508,0.10526315789473684,0.07017543859649122,0.2197802377044286,3054.0,,,0.9970046211311857,,-7.959876624155236e-05,0.1736,transferred,0.9970046211311857,unselected,1.0,0.21006776379477252,True,-0.23656202086702835,-0.12042895702752082,0.1,-0.07350574292774417,7.4410507210904875,0.0,0.0,1.0
plex,folding|depthT3,folding,depth,depthT3,False,58,172,False,,58.0,,105.0,0.0,0.8621834684806552,0.0506269542318495,0.3164875670769318,2.5642603333341447,0.009950248756218905,0.004975124378109453,2.494232614865909,0.2434965132279705,1.253262723668086,1.7959012576791709,0.07960199004975124,0.03980099502487562,9.072450456014074,-0.061155627489002884,0.8557339075564988,10.673418457360873,0.009950248756218905,0.004975124378109453,1.4056115875052595,0.09469401288105594,0.6689527284263083,1.9596565181938923,0.09503314155979974,0.09503314155979974,0.08885389919701285,0.08160314185634925,0.08678563045537738,-0.0690280663428145,0.32234656403270273,0.10679267526145633,-0.06440192485912774,0.3308590018530645,-0.06440192485912774,0.3308590018530645,-0.07416202900869127,0.243733061274163,200,-0.09291289374851121,0.011451231177408934,-4.03776242225355,0.2568250387703247,-0.020474615020340137,7.733013607220528,0.017241379310344827,0.08620689655172414,0.2923877492122547,7820.5,,,0.9990495931627189,,8.45276890095002e-05,0.1857,transferred,0.9990495931627189,unselected,1.0,0.22804863072577675,True,-0.13919473152876388,0.09429793330692599,0.1,-0.011146100802987155,7.673418457360873,8.45276890095002e-05,0.3896269796237349,0.6103730203762652
plex,folding|miss<=5,folding,miss,miss<=5,False,178,172,False,,178.0,,105.0,0.0,1.0770323030769586,0.03157068609628197,0.621239707165059,1.6828634823609316,0.08955223880597014,0.04477611940298507,2.846517621190187,0.12108942458097971,2.5829160084492564,1.0551749215591075,0.31840796019900497,0.15920398009950248,24.94856353587234,-0.1595886557896655,2.2184772648056885,11.317741493222456,0.009950248756218905,0.004975124378109453,1.7103844033814597,0.0341346580494786,1.2955779601533062,1.2938239124827577,0.043170112841500706,0.043170112841500706,0.04163833359779685,0.03997388753347712,0.04138357906354241,-0.05016603793411258,0.18216366484022847,0.0640763308320385,-0.049126142426787804,0.18448688301312402,-0.049126142426787804,0.18448688301312402,-0.05281716113293661,0.15409323512247897,200,-0.08765583847193556,0.006600304402875976,-5.390118571465085,0.21974440853507216,-0.012801390938940123,8.669809485978083,0.056179775280898875,0.06741573033707865,0.23351896574366518,2997.0,,,0.9969354626789153,,0.00012799447113189932,0.1651,transferred,0.9969354626789153,unselected,1.0,0.19774823332135585,True,-0.156109899723559,-0.015584568481127381,0.05,-0.00836166640220315,8.317741493222456,0.00012799447113189932,0.21056235445669652,0.7894376455433034
plex,pinned_sig&folding,pinned_sig&folding,primary,miss0,True,56,56,False,56.0,172.0,0.32558139534883723,105.0,0.0,0.5696279290058353,0.0730379329193386,0.21298632842702753,2.3315580852253444,0.01990049751243781,0.009950248756218905,1.7329124929934616,0.3602552151430289,0.9936112558240525,1.3814832207310472,0.22885572139303484,0.11442786069651742,14.4918629592587,0.4616749712114459,1.2354462800503667,11.35637236082436,0.009950248756218905,0.004975124378109453,0.9377531849200396,0.14605553719561723,0.4158090751425953,1.9039931907520822,0.0393067427291607,0.0393067427291607,0.035394393611087524,0.03418445553644971,0.03782015560290066,-0.03693004556626589,0.11599568877770261,0.03674419869394509,-0.028009626516552345,0.11736658839534256,-0.028009626516552345,0.11736658839534256,-0.038351929867575796,0.10393916372868782,200,-0.13192378540545252,0.005701029701265827,-7.1026659643817815,0.23904565872464442,-0.012052122098245209,7.765934268808307,0.05357142857142857,0.07142857142857142,0.1791656817805344,3590.0,,,0.9975944796256465,,8.534723949285282e-05,0.1651,transferred,0.9975944796256465,table,0.55,0.10876152832674574,True,-0.07336713471565821,0.0072341604509568724,0.1,-0.06460560638891248,8.35637236082436,8.534723949285282e-05,0.325431190197643,0.674568809802357
plex,pinned_sig&folding|depthT1,pinned_sig&folding,depth,depthT1,True,19,56,False,19.0,65.0,0.2923076923076923,105.0,0.0,0.21394676752899522,0.040443256285997514,0.07741651078957135,2.2411693510006407,0.04975124378109453,0.024875621890547265,0.7112813999101713,0.185614073987839,0.44652981907432054,1.1772278210043572,0.23880597014925373,0.11940298507462686,4.703605796440109,0.25475409452631315,0.6370169704301908,6.98388254697421,0.009950248756218905,0.004975124378109453,0.3158092069823881,0.08010449572459842,0.14667190499839078,1.607020180588612,0.04548569263413174,0.04548569263413174,0.03899961672544859,0.03753573735509287,0.04350675762910653,-0.04827324162607722,0.11680438204479521,0.052408994729915184,-0.0375924211079612,0.11860568390380552,-0.0375924211079612,0.11860568390380552,-0.050745592428268406,0.10458801376519164,200,-0.06485117031030739,0.005492433645466706,-2.922312467204626,0.22270747566836482,-0.00421528295072199,6.732973118094137,0.05263157894736842,0.05263157894736842,0.10936794485148527,547.0,,,0.9875356272818229,,0.0004922412369769835,0.1408,transferred,0.9875356272818229,table,0.55,0.09013035381750467,False,-0.05113073709205608,0.026674028227290536,0.1,-0.061000383274551415,3.9838825469742103,0.0004922412369769835,0.4327023591232622,0.5672976408767378
plex,pinned_sig&folding|depthT2,pinned_sig&folding,depth,depthT2,True,18,56,False,18.0,61.0,0.29508196721311475,105.0,0.0,0.14544574431259463,0.012117887502844428,0.10245490683928624,1.3013320779149424,0.1890547263681592,0.0945273631840796,0.06593853546794928,0.06372787881414242,0.49033152294013077,0.0045084938462681325,0.9154228855721394,0.5472636815920398,4.581536677079063,0.11956237282731351,0.3813319998294787,11.701022484992142,0.009950248756218905,0.004975124378109453,0.32621276371032654,0.02967046017828215,0.21031538664266092,1.4099886283445748,0.031746061324848515,0.031746061324848515,0.029880910941755996,0.02901394775288333,0.030769258555815474,-0.06343313646934395,0.1264006150970562,0.049164129944907715,-0.059651518418670973,0.12575899926608625,-0.059651518418670973,0.12575899926608625,-0.06772980032303413,0.11221603731710844,200,-0.19639263397234727,0.002470824049254757,-6.265689630047525,0.22557278510578785,-0.015797906236549402,5.539925363215382,0.1111111111111111,0.1111111111111111,0.23486416584882555,3590.0,,,0.997509371721526,,7.460806272893598e-05,0.1736,transferred,0.997509371721526,table,0.55,0.11553727008712489,False,-0.0856563591453689,0.010863345009931302,0.1,-0.07011908905824402,8.701022484992142,7.460806272893598e-05,0.2586257310668952,0.7413742689331049
plex,pinned_sig&folding|depthT3,pinned_sig&folding,depth,depthT3,True,19,56,False,19.0,46.0,0.41304347826086957,105.0,0.0,0.21023541716424546,0.020476789130496668,0.12429898418208986,1.5266305616445333,0.15920398009950248,0.07960199004975124,0.955692557615341,0.11091326234104748,0.4951760461871524,1.706018095542142,0.12935323383084577,0.06467661691542288,5.206720485739528,0.0873585038578192,0.46226178296762943,11.074594895161818,0.009950248756218905,0.004975124378109453,0.2957312142273249,0.03628058129273665,0.24100085105910962,1.0765548411733763,0.040377703727336726,0.040377703727336726,0.03706685104615317,0.035742007382418554,0.038810620011056056,-0.07359230294250561,0.15653649398803807,0.06447388816523432,-0.06892715229665658,0.15828099431640763,-0.06892715229665658,0.15828099431640763,-0.07944205229952502,0.13534295704783614,200,-0.13792064922669736,0.008969820585285958,-5.024097530508559,0.2681476167882619,-0.016340323641059192,6.43801125861721,0.0,0.05263157894736842,0.19619643380278143,15383.0,,,0.9994740218551452,,1.9506613601298416e-05,0.1857,transferred,0.9994740218551452,table,0.55,0.1254267468991772,False,-0.08835989585302403,0.031109747088860856,0.1,-0.06293314895384683,8.074594895161818,1.9506613601298416e-05,0.295525890310692,0.704474109689308
plex,pinned_sig&folding|miss<=5,pinned_sig&folding,miss,miss<=5,True,56,56,False,56.0,178.0,0.3146067415730337,105.0,0.0,0.5696279290058353,0.0730379329193386,0.21298632842702753,2.3315580852253444,0.01990049751243781,0.009950248756218905,1.7329124929934616,0.3602552151430289,0.9936112558240525,1.3814832207310472,0.22885572139303484,0.11442786069651742,14.4918629592587,0.4616749712114459,1.2354462800503667,11.35637236082436,0.009950248756218905,0.004975124378109453,0.9377531849200396,0.14605553719561723,0.4158090751425953,1.9039931907520822,0.0393067427291607,0.0393067427291607,0.035394393611087524,0.03418445553644971,0.03782015560290066,-0.03693004556626589,0.11599568877770261,0.03674419869394509,-0.028009626516552345,0.11736658839534256,-0.028009626516552345,0.11736658839534256,-0.038351929867575796,0.10393916372868782,200,-0.13192378540545252,0.005701029701265827,-7.1026659643817815,0.23904565872464442,-0.012052122098245209,7.765934268808307,0.05357142857142857,0.07142857142857142,0.1791656817805344,3590.0,,,0.9975944796256465,,8.534723949285282e-05,0.1651,transferred,0.9975944796256465,table,0.55,0.10876152832674574,True,-0.07336713471565821,0.0072341604509568724,0.1,-0.06460560638891248,8.35637236082436,8.534723949285282e-05,0.325431190197643,0.674568809802357
plex,ptm,ptm,primary,miss0,False,877,877,False,,878.0,,105.0,0.0,5.155814913554683,0.15555217130723503,2.6079576077547175,1.9173098241241544,0.08955223880597014,0.04477611940298507,16.72552555126969,0.5297291433794044,10.574796973970688,1.531546794492168,0.13930348258706468,0.06965174129353234,109.376983765496,-0.10119799994374304,7.647233013561284,14.316051514488407,0.009950248756218905,0.004975124378109453,10.457508135304877,0.27187358398198974,5.461968103402324,1.864828640243823,0.04713802425388451,0.04713802425388451,0.0456736005440852,0.04367863979765799,0.045016056300191835,-0.020066171628204378,0.18880714286516623,0.059866585811112934,-0.018703416826304265,0.19092069884949445,-0.018703416826304265,0.19092069884949445,-0.020478078674542325,0.15881113218174245,200,-0.08627674737478454,0.003306797397331953,-6.108501000434617,0.22347712185443824,-0.012293664992638231,8.844468798419877,0.04104903078677309,0.09578107183580388,0.254043563071255,2186.0,,,0.9958805204722049,,0.00018892975465855844,0.1651,transferred,0.9958805204722049,unselected,1.0,0.19774823332135585,True,-0.15207463277727065,-0.008941090456189627,0.05,-0.004326399455914801,11.316051514488407,0.00018892975465855844,0.23096843788162774,0.7690315621183723
plex,ptm|depthT1,ptm,depth,depthT1,False,292,877,False,,293.0,,105.0,0.0,2.2351333994169247,0.16925213399789418,0.6676413786556863,3.0942978243480614,0.009950248756218905,0.004975124378109453,7.594741529660064,0.4840081274929555,2.853172554486388,2.492219894301886,0.01990049751243781,0.009950248756218905,35.106599266523716,0.1475055005731415,2.7022139782168484,12.937204102918443,0.009950248756218905,0.004975124378109453,4.567852928215446,0.3503080338207256,1.4019499777064648,3.0083419247913956,0.06366704397791843,0.06366704397791843,0.05909424538433417,0.05579696579589052,0.05985617805720054,0.0020789640997536272,0.17117245077477325,0.045801420624769405,0.0071205094424196935,0.17572600306479166,0.0071205094424196935,0.17572600306479166,0.0020739523853773563,0.1461546910809752,200,-0.05854800540274764,0.004687243132827052,-5.475135000763608,0.21767355151133705,-0.01073809261672747,9.73357661899143,0.030821917808219176,0.10616438356164383,0.21778150451457304,763.5,,,0.9896425721676254,,0.0006184701417363894,0.1408,transferred,0.9896425721676254,unselected,1.0,0.1638733705772812,True,-0.10477912519294705,0.007299080197492036,0.05,0.00909424538433417,9.937204102918443,0.0006184701417363894,0.3606092019475846,0.6393907980524154
plex,ptm|depthT2,ptm,depth,depthT2,False,292,877,False,,292.0,,105.0,0.0,0.4350179964174359,-0.09382464411051887,1.0652243720473251,0.4964612661945925,0.6069651741293532,0.3034825870646766,0.9914866205238618,-0.32770746192084216,4.3567552921428065,0.302792788207271,0.7960199004975125,0.39800995024875624,32.613446948747104,-0.7807181886742672,2.633187503059723,12.682030846120098,0.009950248756218905,0.004975124378109453,1.1397540636496812,-0.2601526043627137,2.220192163091699,0.6305340102016095,0.013338608369151479,0.013338608369151479,0.015836378551513354,0.015589497369738355,0.013163031842454308,-0.08030883905087852,0.2220452788013546,0.07640726101337275,-0.08644781224092374,0.2248606709703752,-0.08644781224092374,0.2248606709703752,-0.08732252988314597,0.18169650332015547,200,-0.09025576273330603,0.0038546040710111962,-5.274924476619588,0.23173192841966114,-0.010230826738090035,7.523252369720578,0.04794520547945205,0.07876712328767123,0.24841236468955072,2181.5,,,0.9955604796564819,,7.061944119292162e-05,0.1736,transferred,0.9955604796564819,unselected,1.0,0.21006776379477252,True,-0.19423138524325917,0.01197751500658209,0.05,-0.03416362144848665,9.682030846120098,7.061944119292162e-05,0.07538700020144375,0.9246129997985563
plex,ptm|depthT3,ptm,depth,depthT3,False,293,877,False,,293.0,,105.0,0.0,2.4856635177203223,0.08012468141985984,1.1315435060297188,2.1258916015883917,0.06965174129353234,0.03482587064676617,8.139297401085765,0.37342847780729216,4.460601425148021,1.7409914455696451,0.09950248756218906,0.04975124378109453,41.65693755022518,0.5320146881573831,3.123543025059232,13.166113779171631,0.009950248756218905,0.004975124378109453,4.74990114343975,0.1817181545239778,2.3920647908671473,1.9097237693381042,0.059669857265032815,0.059669857265032815,0.05849345527938359,0.05526104576994721,0.056309856183923576,-0.021476079000335286,0.23995555128970106,0.07323131043170272,-0.01909350176321635,0.23817108056223352,-0.01909350176321635,0.23817108056223352,-0.021947869358879043,0.1935115265587918,200,-0.1099454169008818,0.0013851260544005253,-5.8503436690754524,0.2210342516262488,-0.015899726098761148,8.541966876470235,0.04436860068259386,0.10238907849829351,0.29579383961053407,5599.0,,,0.9984935451054133,,8.825069770241858e-05,0.1857,transferred,0.9984935451054133,unselected,1.0,0.22804863072577675,True,-0.16955517544639315,0.011906920563924311,0.05,0.00849345527938359,10.166113779171631,8.825069770241858e-05,0.2564955338395372,0.7435044661604628
plex,ptm|miss0-5,ptm,miss,miss0-5,False,52,877,False,,52.0,,101.0,0.03809523809523807,0.2921967941620278,-0.022732358601361965,0.15819858776704843,1.990720380052515,0.04975124378109453,0.024875621890547265,0.786190316983686,-0.11532394557199856,0.6838233309143641,1.3183438203991056,0.1791044776119403,0.08955223880597014,1.841702856405087,-0.6171817739109191,0.5308033491423415,4.632383413346974,0.009950248756218905,0.004975124378109453,0.6136686035548511,-0.039218683935245795,0.28741585634238725,2.2715771349522824,0.15865577508653134,0.15865577508653134,0.12807805168269173,0.11353651592781613,0.13693089742264697,-0.3421726741009023,1.2639604448066206,3.5415442127581813,-0.7411859092145162,2.826680426833046,-0.7411859092145162,2.826680426833046,-0.363432754907251,0.5584045611280448,200,-0.026405823511550543,0.006445525608257095,-2.2252833071242177,0.18025153825886925,-0.009585834408430449,6.588297194693239,0.019230769230769232,0.11538461538461539,0.1642981765919786,1612.5,,,0.9945795561863967,,0.0006980234799554838,0.1651,transferred,0.9945795561863967,unselected,1.0,0.19774823332135585,True,-0.06967018163866412,1.0662122114852648,0.1,0.02807805168269173,1.6323834133469743,0.0006980234799554838,0.6476824067224671,0.35231759327753287
plex,ptm|miss5-20,ptm,miss,miss5-20,False,87,877,False,,87.0,,93.0,0.11428571428571432,0.30851480053475244,-0.07425285799612075,0.233654849309603,1.6381755382431165,0.08955223880597014,0.04477611940298507,1.2457648740780498,-0.34265673705590743,0.9716221847237838,1.6348140626137715,0.09950248756218906,0.04975124378109453,4.395285870779499,-0.8190813274285549,0.7421820816757903,7.0257249897955125,0.009950248756218905,0.004975124378109453,0.65726035595505,-0.13828720021151525,0.4167356919591285,1.9089978888695447,0.07019220355740768,0.07019220355740768,0.07340634903165497,0.0683863562926347,0.06558840862798568,-0.10516323579286982,0.6173347324777553,0.1845507610998592,-0.1644002902186649,1.3250769200366912,-0.1644002902186649,1.3250769200366912,-0.11753054087422296,0.381682415677856,200,-0.020508795711814173,0.004881154445204315,-2.123313431833799,0.22412376206417925,-0.012743501394699673,9.136606719885703,0.05747126436781609,0.08045977011494253,0.18022187148165805,1096.5,,,0.9937491429956372,,0.00046173885456244804,0.1651,transferred,0.9937491429956372,unselected,1.0,0.19774823332135585,True,-0.12434188428970089,0.41958649915639945,0.1,-0.02659365096834504,4.0257249897955125,0.00046173885456244804,0.3712111496458433,0.6287888503541568
plex,ptm|miss20+,ptm,miss,miss20+,False,114,877,False,,114.0,,61.5,0.41428571428571426,-0.6241597786887391,-0.21948731849962008,0.5043634175338427,-0.8023430053032454,0.42786069651741293,0.7910447761194029,-1.1748711309771454,-0.5267500431440945,1.308077519385433,-0.4954760541543089,0.6766169154228856,0.6666666666666666,2.244420332382488,-1.4824544872885077,1.5029571942867896,2.479694587336228,0.009950248756218905,0.004975124378109453,-0.7160944606019148,-0.23998163203722356,0.5988267499365345,-0.7950760860551924,-0.27809397806790653,-0.27809397806790653,-0.10858225182482598,-0.12180849219920209,-0.3852218566117816,-3.1826820665401536,2.146713620974282,8.46256332013573,-4.266902676173228,2.9294979109366692,-4.266902676173228,2.9294979109366692,-1.153828045214204,0.6862046022716808,200,-0.018634448044567327,0.0010943312402701831,-1.5139524756019016,0.15769294322545674,-0.01058063383120982,8.37972726511486,0.008771929824561403,0.02631578947368421,0.2024707685435602,826.75,,,0.9930511277762257,,-0.0007598039744338531,0.1651,transferred,0.9930511277762257,unselected,1.0,0.19774823332135585,True,-0.30633048514618183,1.948965387652926,0.05,0.05858225182482597,-0.5203054126637721,0.0,0.0,1.0
plex,ptm|miss<=5,ptm,miss,miss<=5,False,929,877,False,,930.0,,105.0,0.0,5.448011707716711,0.13281981270587292,2.656045462600497,2.00116751382968,0.08955223880597014,0.04477611940298507,17.511715868253376,0.41440519780740603,10.825571367853877,1.579344876078854,0.14925373134328357,0.07462686567164178,111.21868662190109,-0.7183797738546618,7.859175125203366,14.242851776745367,0.009950248756218905,0.004975124378109453,11.071176738859728,0.23265490004674386,5.54865131886439,1.9533614956059706,0.04898467940228215,0.04898467940228215,0.047483751952359286,0.04533125393482848,0.046697230535525,-0.01686396397172935,0.19350798684947204,0.05909531323646769,-0.015805124661817025,0.19677664648790055,-0.015805124661817025,0.19677664648790055,-0.017154922643962303,0.162125896298251,200,-0.08292552235768208,0.0034824850905161376,-6.113190586539652,0.22105760587277026,-0.012142096434641671,8.87833840191343,0.03982777179763186,0.0968783638320775,0.24902013993140312,2105.0,,,0.9958271766026141,,0.00019897158442537812,0.1651,transferred,0.9958271766026141,unselected,1.0,0.19774823332135585,True,-0.15026448136899656,-0.004240246471883813,0.05,-0.0025162480476407165,11.242851776745367,0.00019897158442537812,0.24012225623879324,0.7598777437612068
plex,pinned_sig&ptm,pinned_sig&ptm,primary,miss0,True,248,248,False,248.0,878.0,0.2824601366742597,105.0,0.0,3.5363092248993024,0.3678379737894821,0.779905861814339,4.062632948723872,0.009950248756218905,0.004975124378109453,12.399524588318219,1.6418641862330798,3.2546833965671738,3.3052862878864384,0.009950248756218905,0.004975124378109453,59.49637876780271,1.9793072364354516,3.570389650680188,16.10946623722422,0.009950248756218905,0.004975124378109453,6.616988708210867,0.7177375491158062,1.583598689961193,3.725218514319196,0.059437385907140705,0.059437385907140705,0.055087492578301325,0.052211302821612314,0.056102783135454096,0.009822905660594378,0.13958060338192393,0.03315319458442606,0.01576669076300148,0.1413536505961021,0.01576669076300148,0.1413536505961021,0.009727325817052218,0.12248415727955682,200,-0.13409653908765035,0.002745387027976678,-8.187895001061078,0.223882996742583,-0.014230531710197548,8.843568011121645,0.028225806451612902,0.1693548387096774,0.22474680857972934,2419.5,,,0.9969147774113936,,0.00017048315493284056,0.1651,transferred,0.9969147774113936,table,0.55,0.10876152832674574,True,-0.05367403574844441,0.030819075055178197,0.05,0.0050874925783013225,13.109466237224218,0.00017048315493284056,0.5064979632577916,0.4935020367422084
plex,pinned_sig&ptm|depthT1,pinned_sig&ptm,depth,depthT1,True,83,248,False,83.0,294.0,0.282312925170068,105.0,0.0,0.8337322905687353,0.11263025594889096,0.22135380468363694,3.2576898131498444,0.009950248756218905,0.004975124378109453,3.4767110838586945,0.42311099170004424,1.0265287805852252,2.974685318046114,0.009950248756218905,0.004975124378109453,20.34946920768602,0.8425782708566555,1.4049350917396763,13.88454957920849,0.009950248756218905,0.004975124378109453,1.411699915196319,0.21294705220287924,0.43507442616215625,2.755282294038247,0.04097071437390778,0.04097071437390778,0.036966528236357266,0.03564871886388548,0.03935818155897847,-0.004249157388566317,0.10247662127121099,0.028019339428186213,0.0023168069277977096,0.10378156288839423,0.0023168069277977096,0.10378156288839423,-0.004267594155226291,0.09295127099247469,200,-0.09687778959762285,0.0030672432200952683,-6.7219470143427635,0.20381441760042845,-0.01269630312834062,8.16513418820299,0.024096385542168676,0.14457831325301204,0.1650209770299962,662.0,,,0.9880660475347727,,0.00044648512301162323,0.1408,transferred,0.9880660475347727,table,0.55,0.09013035381750467,True,-0.053163825581147406,0.012346267453706317,0.1,-0.06303347176364274,10.88454957920849,0.00044648512301162323,0.4101451583248729,0.589854841675127
plex,pinned_sig&ptm|depthT2,pinned_sig&ptm,depth,depthT2,True,82,248,False,82.0,359.0,0.22841225626740946,105.0,0.0,0.904005846552258,0.03778555643300616,0.34655412711840267,2.4995238040356726,0.03980099502487562,0.01990049751243781,2.6341259283115543,0.24681716548392732,1.4974749255455315,1.594222862835535,0.12935323383084577,0.06467661691542288,18.78816315824386,0.6513397347539568,1.1901588361037756,15.238994051301963,0.009950248756218905,0.004975124378109453,1.9068738072445004,0.056801806229277114,0.7124343640169525,2.59683150400533,0.04811571194790262,0.04811571194790262,0.04776030895230345,0.045583239357540516,0.04590687020470337,-0.0029494669473661113,0.14371374124559083,0.03830746265534886,-0.0007614363361328028,0.14054327625767415,-0.0007614363361328028,0.14054327625767415,-0.0029587225598376216,0.12565530115369866,200,-0.16583483323493273,-0.0012816117085038452,-7.403861093584215,0.24366057616881476,-0.01219616618345517,7.960869756532164,0.04878048780487805,0.1951219512195122,0.2447436724596438,2419.5,,,0.9963239945648272,,0.00017621492230635486,0.1736,transferred,0.9963239945648272,table,0.55,0.11553727008712489,True,-0.06777696113482143,0.028176471158465943,0.1,-0.05223969104769655,12.238994051301963,0.00017621492230635486,0.41337577836388323,0.5866242216361168
plex,pinned_sig&ptm|depthT3,pinned_sig&ptm,depth,depthT3,True,83,248,False,83.0,225.0,0.3688888888888889,105.0,0.0,1.7985710877783094,0.21742216140758494,0.3423352599443547,4.618714784529453,0.009950248756218905,0.004975124378109453,6.288687576147969,0.9719360290491079,1.3689421368471986,3.8838395020434064,0.009950248756218905,0.004975124378109453,20.35874640187282,0.4853892308248392,1.3424906313844667,14.803348869968081,0.009950248756218905,0.004975124378109453,3.298414985770048,0.44798869068364994,0.7029532832162927,4.054929912332946,0.08834390154851858,0.08834390154851858,0.07956123933978217,0.07369775464376503,0.08117278134496,0.012689232717818324,0.20096917419934787,0.04961244543230057,0.023388189490788386,0.20660134584184886,0.023388189490788386,0.20660134584184886,0.01253016262043064,0.16733904339030908,200,-0.13995938351650733,0.006402011515272579,-6.967771244491749,0.22441228054797835,-0.01777461539076381,8.09139924367716,0.012048192771084338,0.1686746987951807,0.2647167023203904,7894.0,,,0.9989477304793845,,8.380805584239624e-05,0.1857,transferred,0.9989477304793845,table,0.55,0.1254267468991772,True,-0.045865507559395044,0.07554242730017066,0.1,-0.02043876066021784,11.803348869968081,8.380805584239624e-05,0.6343243471325658,0.3656756528674342
plex,pinned_sig&ptm|miss<=5,pinned_sig&ptm,miss,miss<=5,True,249,248,False,249.0,930.0,0.267741935483871,105.0,0.0,3.5335064745282834,0.370719728674507,0.7806728267161763,4.051360105817604,0.009950248756218905,0.004975124378109453,12.362057647906576,1.6850804096679846,3.267118533134357,3.2680103675318692,0.009950248756218905,0.004975124378109453,59.73841634859073,1.9701290780475296,3.5801348167723233,16.135785445818573,0.009950248756218905,0.004975124378109453,6.612833200055965,0.7225307178916605,1.5849398384462114,3.7164202320378514,0.05914965093666466,0.05914965093666466,0.05474953292351671,0.05190761523426697,0.05584635833506186,0.009293952574492096,0.13827677273990835,0.03302899399764528,0.015291551672349904,0.14017399014679102,0.015291551672349904,0.14017399014679102,0.009208353753218065,0.12147891975652846,200,-0.13386837738669174,0.0029150693074883184,-8.203536629990564,0.22399611852870058,-0.013919566342158584,8.828719166333286,0.028112449799196786,0.1686746987951807,0.22389361385813297,2409.0,,,0.9968883243793333,,0.00017089455526231133,0.1651,transferred,0.9968883243793333,table,0.55,0.10876152832674574,True,-0.05401199540322903,0.02951524441316261,0.05,0.004749532923516708,13.135785445818573,0.00017089455526231133,0.5033906176735212,0.4966093823264788
plex,secretion,secretion,primary,miss0,False,1413,1413,False,,1414.0,,105.0,0.0,8.934142727681245,0.4934724306520135,4.1237391689089655,2.0468487339519132,0.06965174129353234,0.03482587064676617,30.0454100481583,1.9093546799778043,16.889442575635233,1.6658960319252727,0.09950248756218906,0.04975124378109453,190.8198977430216,-1.3652594241207012,13.21569923979355,14.542186053119089,0.009950248756218905,0.004975124378109453,18.28126654430447,0.8463982119792578,8.826301768501995,1.9753310944504754,0.04681976478004884,0.04681976478004884,0.04391947027255819,0.042071703348047725,0.04472571722018099,-0.02843065966297498,0.16021728914870437,0.050691239634071385,-0.025345975384843938,0.16409520195460112,-0.025345975384843938,0.16409520195460112,-0.029262615141091013,0.13808660580627863,200,-0.09319079484695257,0.005637193295840349,-7.015090094285893,0.22982528371639538,-0.0092458162570502,10.010991175215603,0.043878273177636234,0.10191082802547771,0.2693950883945001,2216.0,,,0.9965959227056898,,0.00015001593737916637,0.1651,transferred,0.9965959227056898,unselected,1.0,0.19774823332135585,True,-0.15382876304879767,-0.03753094417265149,0.05,-0.006080529727441809,11.542186053119089,0.00015001593737916637,0.2220979147823067,0.7779020852176933
plex,secretion|depthT1,secretion,depth,depthT1,False,471,1413,False,,472.0,,105.0,0.0,3.4660745271345506,0.4219855870551266,1.178698174319836,2.5825856070711284,0.01990049751243781,0.009950248756218905,12.565380217087167,1.6385503797621357,5.037877807335888,2.1689350665500395,0.03980099502487562,0.01990049751243781,61.73322576620337,-0.3912732833307328,4.52972443255245,13.71485174751075,0.009950248756218905,0.004975124378109453,7.2161277400475665,0.8616214914749392,2.5316128322374922,2.5100624264715794,0.05614601349784149,0.05614601349784149,0.04899981467298854,0.046710985061769114,0.05316122276681418,-0.024681240485561553,0.14836892189673287,0.04384057351374873,-0.01918580433899807,0.15671925962979516,-0.01918580433899807,0.15671925962979516,-0.02530596456691081,0.12919920875338153,200,-0.07056927272087044,0.008073060276811317,-6.968383092154071,0.23212837659604174,-0.008771337447215801,10.588902432109464,0.04883227176220807,0.11252653927813164,0.24304594949178232,591.0,,,0.9888836089833529,,0.0005508242777005631,0.1408,transferred,0.9888836089833529,unselected,1.0,0.1638733705772812,True,-0.11487355590429267,-0.015504448680548344,0.05,-0.0010001853270114602,10.71485174751075,0.0005508242777005631,0.29901023272039595,0.700989767279604
plex,secretion|depthT2,secretion,depth,depthT2,False,471,1413,False,,471.0,,105.0,0.0,1.5093565701679625,-0.1885276419372152,1.6581722454997905,1.0239492409266673,0.26865671641791045,0.13432835820895522,4.410647181388854,-0.9913502148509707,6.5752441039668685,0.8215660606396012,0.3880597014925373,0.19402985074626866,55.78222438753031,-1.631854636834192,4.094401888813281,14.022580240897009,0.009950248756218905,0.004975124378109453,3.3058938519594117,-0.4889838625846004,3.562796401812772,1.0651402119450766,0.02705802048484405,0.02705802048484405,0.0295726107769604,0.028723191028405093,0.026345172273783274,-0.07252011324858623,0.18760605465983168,0.06754916307603973,-0.078714623477151,0.1903035781756658,-0.078714623477151,0.1903035781756658,-0.07819054430469913,0.1579548241971138,200,-0.1049144069167384,0.0049011348707645175,-6.512227430264918,0.22098546778228648,-0.006644602945234869,8.482703975648196,0.040339702760084924,0.09129511677282377,0.28482006770956503,2216.0,,,0.9962840799156938,,0.00011029932179662694,0.1736,transferred,0.9962840799156938,unselected,1.0,0.21006776379477252,True,-0.1804951530178121,-0.022461709134940833,0.05,-0.0204273892230396,11.022580240897009,0.00011029932179662694,0.1407765296433184,0.8592234703566816
plex,secretion|depthT3,secretion,depth,depthT3,False,471,1413,False,,471.0,,105.0,0.0,3.9587116303787306,0.26001448553410145,1.640771911453789,2.2542421155707357,0.04975124378109453,0.024875621890547265,13.069382649682279,1.2621545150666384,6.919683737251155,1.7063248239298956,0.11940298507462686,0.05970149253731343,73.30444758928792,0.657868496044222,5.871050890485575,12.373692623065535,0.009950248756218905,0.004975124378109453,7.759244952297491,0.4737605830889191,3.48180540722844,2.092444441060222,0.054003703193545693,0.054003703193545693,0.05091357626210119,0.048446967868843276,0.05123673003227489,-0.030521816750566255,0.1997827243464752,0.056566897627329804,-0.026375265577198943,0.20225935258738464,-0.026375265577198943,0.20225935258738464,-0.0314827771875918,0.1665155501092888,200,-0.10408870490324884,0.003937384739945207,-5.935290837512847,0.23636200677085797,-0.012321508378699926,9.408188100623615,0.04246284501061571,0.10191082802547771,0.28031924798215296,6995.0,,,0.9990296577640486,,4.94515783855905e-05,0.1857,transferred,0.9990296577640486,unselected,1.0,0.22804863072577675,True,-0.17713505446367556,-0.028265906379301542,0.05,0.0009135762621011873,9.373692623065535,4.94515783855905e-05,0.22325753985045235,0.7767424601495476
plex,secretion|miss0-5,secretion,miss,miss0-5,False,54,1413,False,,55.0,,101.0,0.03809523809523807,0.44636668731493284,0.037299013614777214,0.18929266233813616,2.161032914046252,0.03980099502487562,0.01990049751243781,1.581947009156643,0.04890616990584052,0.7833961085669101,1.956916587261634,0.04975124378109453,0.024875621890547265,3.2334427244852733,-0.5853626223832599,0.6473935415231339,5.898738714451745,0.009950248756218905,0.004975124378109453,0.8262137792487774,0.0691632303211355,0.3712059826218166,2.0394352040896995,0.1380468823322019,0.1380468823322019,0.10711927855542469,0.0967549573296154,0.12130157770767942,-0.10666910116885461,0.4597324852740391,0.18099427102060844,-0.17491852585743595,0.7487070961458158,-0.17491852585743595,0.7487070961458158,-0.11940694525273195,0.31494284743205797,200,-0.02405940234557244,0.01105891043988935,-2.0708145742196593,0.21611995136714468,-0.009713149965174674,9.214422510602772,0.0,0.07407407407407407,0.22389185243054818,1111.0,,,0.9943364685095094,,0.0006101288915277065,0.1651,transferred,0.9943364685095094,unselected,1.0,0.19774823332135585,True,-0.09062895476593116,0.26198425195268327,0.1,0.007119278555424685,2.8987387144517447,0.0006101288915277065,0.5416952493393342,0.4583047506606658
plex,secretion|miss5-20,secretion,miss,miss5-20,False,92,1413,False,,92.0,,93.0,0.11428571428571432,0.6151078814826596,-0.1113538379618882,0.2756729769233175,2.6352300742434536,0.01990049751243781,0.009950248756218905,3.1375729538023513,-0.2997838781172559,1.0380299235752846,3.3114236438197517,0.009950248756218905,0.004975124378109453,4.863822509849415,-0.7522453412826323,0.7949685392981992,7.064515856300339,0.009950248756218905,0.004975124378109453,1.0495087620275314,-0.20611439326191244,0.5202029569332207,2.4137178356151296,0.12646593913265627,0.12646593913265627,0.1293541564491805,0.11453816830664072,0.11226787667457669,-0.16880752769328972,0.740774179819265,0.4994347297051968,-0.33128667257155137,1.1437758765093684,-0.33128667257155137,1.1437758765093684,-0.18286182789591465,0.4261379591479026,200,-0.001837863152885633,0.007467232049781201,-0.7719125085701122,0.200781086616137,-0.013157526293337224,9.990001629260492,0.021739130434782608,0.11956521739130435,0.21660398967075736,581.0,,,0.9907094600384901,,0.0012130397539878335,0.1651,transferred,0.9907094600384901,unselected,1.0,0.19774823332135585,True,-0.06839407687217536,0.5430259464979091,0.1,0.02935415644918049,4.064515856300339,0.0012130397539878335,0.6541355858232635,0.3458644141767365
plex,secretion|miss20+,secretion,miss,miss20+,False,100,1413,False,,100.0,,64.0,0.3904761904761904,0.13212370161995884,0.09409794625526807,0.49621488294098887,0.07663163011016115,0.9253731343283582,0.4626865671641791,0.8332628724181877,0.3021520729695044,1.2671157408371363,0.419149397589993,0.6865671641791045,0.34328358208955223,3.800150233704418,-0.8875619861189873,1.3272136848172496,3.5319950912568228,0.009950248756218905,0.004975124378109453,0.5610388858039211,0.10379218900860987,0.6313381750002103,0.724250037303952,0.03476802060300747,0.03476802060300747,0.008111793894660895,0.008046522165287263,0.0335998213229923,-1.0071905808838832,1.9241268753678882,82.03582404961055,-4.019807558575993,3.689321944966693,-4.019807558575993,3.689321944966693,-2.9250478984405475,0.6607326104098288,200,-0.00599596313566598,0.009922839833091068,-1.1901310088218253,0.17080684046693734,-0.009285300485497661,9.127039671379526,0.04,0.01,0.24408986973935165,474.5,,,0.992673088344504,,5.9873082016247825e-05,0.1651,transferred,0.992673088344504,unselected,1.0,0.19774823332135585,True,-0.18963643942669495,1.7263786420465324,0.05,-0.04188820610533911,0.5319950912568228,5.9873082016247825e-05,0.0410208160063742,0.9589791839936258
plex,secretion|miss<=5,secretion,miss,miss<=5,False,1467,1413,False,,1469.0,,105.0,0.0,9.380509414996176,0.5307714442667908,4.163465317985767,2.1255702389303868,0.05970149253731343,0.029850746268656716,31.627357057314942,1.958260849883645,17.075412106103233,1.7375332450586494,0.09950248756218906,0.04975124378109453,194.05334046750687,-1.950622046503961,13.501963119573576,14.516701073628846,0.009950248756218905,0.004975124378109453,19.107480323553247,0.9155614423003935,8.908246846852494,2.0421435546187756,0.04833985023085387,0.04833985023085387,0.04515081153064335,0.04320028366482261,0.04611085824907734,-0.02657332454629395,0.16205986830505165,0.05009209853453667,-0.023513901407318176,0.16662818691268827,-0.023513901407318176,0.16662818691268827,-0.02729885897446523,0.1394551189777638,200,-0.09064608101254594,0.005836765706050743,-7.015697435369647,0.22932079295507332,-0.00926301872483392,10.111088254334977,0.04226312201772325,0.10088616223585549,0.2677201226534957,2118.0,,,0.9964539957375795,,0.00016067472339342074,0.1651,transferred,0.9964539957375795,unselected,1.0,0.19774823332135585,True,-0.1525974217907125,-0.03568836501630421,0.05,-0.004849188469356655,11.516701073628846,0.00016067472339342074,0.2283247277221934,0.7716752722778066
plex,pinned_sig&secretion,pinned_sig&secretion,primary,miss0,True,457,457,False,457.0,1414.0,0.3231966053748232,105.0,0.0,5.480574065983507,0.47972480012215685,1.4530495442514333,3.4416233676585577,0.009950248756218905,0.004975124378109453,19.56801716858289,2.2575553912629176,6.481588525161719,2.6707128522769144,0.01990049751243781,0.009950248756218905,113.15869239424703,2.2249798200311544,7.076118604293191,15.677198020241022,0.009950248756218905,0.004975124378109453,10.14761163033298,0.9300685795575684,2.993504884238007,3.079180895715066,0.04843263871315412,0.04843263871315412,0.04507961691551364,0.04313510299680638,0.04619527943407058,0.004889935380900896,0.1133168955090581,0.027299331286839958,0.009563258517406551,0.11549478652337937,0.009563258517406551,0.11549478652337937,0.004866136081407635,0.10178293477347616,200,-0.13896201739217084,0.004731465076359551,-8.70715023211115,0.2236163107139136,-0.00824186427865411,9.272315389476772,0.03938730853391685,0.15536105032822758,0.22309614436210984,2602.0,,,0.9971846762866114,,0.00012727202644682395,0.1651,transferred,0.9971846762866114,table,0.55,0.10876152832674574,True,-0.0636819114112321,0.004555367182312364,0.05,-0.004920383084486363,12.677198020241022,0.00012727202644682395,0.414481274850089,0.585518725149911
plex,pinned_sig&secretion|depthT1,pinned_sig&secretion,depth,depthT1,True,152,457,False,152.0,497.0,0.3058350100603622,105.0,0.0,1.328818926222838,0.16136906495816938,0.43402887574914745,2.689797675902585,0.009950248756218905,0.004975124378109453,5.339147867331597,0.647768222290488,2.018879057138917,2.3237546738879766,0.03980099502487562,0.01990049751243781,38.317593415253455,1.283597958017786,2.5289798783013167,14.643847416497014,0.009950248756218905,0.004975124378109453,2.2978068540753154,0.32341704703015034,0.8947941761104513,2.206529568204801,0.03467908101174909,0.03467908101174909,0.03152373506695382,0.030560358424430913,0.033516750892304256,-0.002566767652054658,0.093672011914794,0.024170820343583782,0.002760654613279026,0.09498318970462719,0.002760654613279026,0.09498318970462719,-0.0025734269912352377,0.0856490433320626,200,-0.12251103312951371,0.002066471404044387,-8.573787671996847,0.21068194308968372,-0.009156537513634625,9.336660801261154,0.05263157894736842,0.14473684210526316,0.18827972125514914,548.0,,,0.9876262274456159,,0.00039495460625019505,0.1408,transferred,0.9876262274456159,table,0.55,0.09013035381750467,True,-0.05860661875055085,0.0035416580972893325,0.05,-0.01847626493304618,11.643847416497014,0.00039495460625019505,0.34975714320153306,0.6502428567984669
plex,pinned_sig&secretion|depthT2,pinned_sig&secretion,depth,depthT2,True,152,457,False,152.0,560.0,0.2714285714285714,105.0,0.0,1.7603869482080583,0.11629594067542172,0.6790937654423962,2.42100736481006,0.01990049751243781,0.009950248756218905,5.189740171233598,0.5584412076331345,2.7702649782924085,1.6717891609253914,0.11940298507462686,0.05970149253731343,34.15150353392718,0.41075638923064617,2.040949191671403,16.531889810086394,0.009950248756218905,0.004975124378109453,3.6084641349335227,0.21607849791768763,1.4321039649937006,2.3688124046432324,0.051546396675017085,0.051546396675017085,0.04872716660606193,0.04646314900352489,0.0490196122948131,-0.014048650602301885,0.15013456473108677,0.0408627890494324,-0.010490657611786445,0.15199657609069167,-0.010490657611786445,0.15199657609069167,-0.014248991789075646,0.1305337003747228,200,-0.17529306608596892,0.0060777958168020405,-8.159379921123392,0.23807699310379316,-0.005020579937000207,8.445810993915245,0.05263157894736842,0.16447368421052633,0.2720423234200989,2578.0,,,0.9969977897983514,,0.00014672971011474114,0.1736,transferred,0.9969977897983514,table,0.55,0.11553727008712489,True,-0.06681010348106295,0.034597294643961884,0.05,-0.0012728333939380707,13.531889810086394,0.00014672971011474114,0.42174413995862564,0.5782558600413743
plex,pinned_sig&secretion|depthT3,pinned_sig&secretion,depth,depthT3,True,153,457,False,153.0,357.0,0.42857142857142855,105.0,0.0,2.391368191552611,0.20205979448856567,0.5862050637639965,3.7347142363571444,0.009950248756218905,0.004975124378109453,9.039129130017692,1.0513459613392946,3.0429891989660733,2.624979139391107,0.01990049751243781,0.009950248756218905,40.68959544506638,0.5306254727827219,3.3630468927686796,11.941245915611415,0.009950248756218905,0.004975124378109453,4.2413406413241415,0.3905730346097306,1.1506443899953664,3.3466183298646404,0.05877099945073464,0.05877099945073464,0.05451604955443406,0.05169769542859854,0.05550869780266332,0.004952979445966823,0.13166253786255114,0.032988854843928446,0.010009893342047329,0.13574175810877956,0.010009893342047329,0.13574175810877956,0.0049272869141357084,0.11634346487204883,200,-0.11921188802267138,0.006041509296259204,-5.627657407782174,0.222099971861765,-0.01053339949574139,6.948739249911335,0.013071895424836602,0.1568627450980392,0.20905873975716666,10535.0,,,0.9993656177975029,,3.4605964996077714e-05,0.1857,transferred,0.9993656177975029,table,0.55,0.1254267468991772,True,-0.07091069734474315,0.006235790963373927,0.05,0.004516049554434055,8.941245915611415,3.4605964996077714e-05,0.4346445307894028,0.5653554692105972
plex,pinned_sig&secretion|miss<=5,pinned_sig&secretion,miss,miss<=5,True,458,457,False,458.0,1469.0,0.3117767188563649,105.0,0.0,5.463353641925102,0.4793401208768537,1.4518290100721167,3.432920465475943,0.009950248756218905,0.004975124378109453,19.471302717393904,2.254695165411058,6.471105540196973,2.6605357376784173,0.01990049751243781,0.009950248756218905,113.46341829188889,2.2355505675662433,7.09895021921677,15.668213508981959,0.009950248756218905,0.004975124378109453,10.12328853602494,0.9293492502093502,2.9911283657148986,3.0737361161757364,0.04815079365818524,0.04815079365818524,0.04480903592794824,0.04288729747455816,0.04593880379571396,0.004621109242999677,0.11244036170410325,0.02727310463894342,0.00927694999336412,0.11461638003710575,0.00927694999336412,0.11461638003710575,0.004599851156905317,0.10107503694461205,200,-0.1391071802586716,0.004707414362837066,-8.730354849998994,0.22373093455563717,-0.008268359120170966,9.287695062110963,0.039301310043668124,0.15502183406113537,0.2227471335243242,2578.0,,,0.9971810832979889,,0.00012667001199075185,0.1651,transferred,0.9971810832979889,table,0.55,0.10876152832674574,True,-0.0639524923987975,0.0036788333773575127,0.05,-0.00519096407205176,12.668213508981959,0.00012667001199075185,0.41199343754467244,0.5880065624553276
plex,splicing,splicing,primary,miss0,False,228,228,False,,228.0,,105.0,0.0,4.539732538766772,0.44072788811036145,1.2991193895657587,3.155217821840483,0.009950248756218905,0.004975124378109453,17.49278071227694,1.9396393698676726,5.916707169330978,2.628681950499151,0.009950248756218905,0.004975124378109453,42.868582650666994,0.34613428991157646,4.46281684999229,9.528163442519242,0.009950248756218905,0.004975124378109453,7.4394409133399275,0.8679250559029832,2.4356032036192654,2.6981060985926533,0.10589882515502617,0.10589882515502617,0.0963962520662249,0.0879209974355169,0.09575814961208695,0.009642305317126187,0.24053395591140203,0.06579621234473314,0.01929576839687748,0.25007699404429196,0.01929576839687748,0.25007699404429196,0.009550217067929155,0.1938954875830308,200,-0.051412634324653886,0.009107671655702355,-2.445491319618569,0.24342595582608156,-0.014609518676589496,6.495782008612484,0.013157894736842105,0.14473684210526316,0.17784029267761367,2143.0,,,0.9948962363841777,,0.0004945075335547426,0.1651,transferred,0.9948962363841777,unselected,1.0,0.19774823332135585,True,-0.10135198125513095,0.04278572259004618,0.05,0.0463962520662249,6.528163442519242,0.0004945075335547426,0.4874695993342893,0.5125304006657108
plex,splicing|depthT1,splicing,depth,depthT1,False,76,228,False,,76.0,,105.0,0.0,1.2415390304531937,0.1411363600797136,0.3579976362675519,3.0737707707966178,0.009950248756218905,0.004975124378109453,5.655631700082753,0.6772679145079783,1.836539180194347,2.710731052875198,0.009950248756218905,0.004975124378109453,13.652917758460992,-0.1327929756395132,1.3796512475452805,9.992170672572856,0.009950248756218905,0.004975124378109453,2.0410964068524207,0.2589404440235559,0.6594776280306546,2.702375163431662,0.09093580232575463,0.09093580232575463,0.07982197592841626,0.07392142196382549,0.08335577779360576,0.001049638459845329,0.19666612779289017,0.052627258282299874,0.01227919660442327,0.21107901078374222,0.01227919660442327,0.21107901078374222,0.0010484920127844027,0.1643442559635615,200,-0.03297096469471852,0.011625942489144366,-1.9361015502689871,0.2223379658926601,-0.011897905091239627,6.156759890222949,0.013157894736842105,0.14473684210526316,0.14006981896908152,921.5,,,0.9890975036960326,,0.000879851373886778,0.1408,transferred,0.9890975036960326,unselected,1.0,0.1638733705772812,True,-0.08405139464886495,0.03279275721560895,0.1,-0.02017802407158374,6.992170672572856,0.000879851373886778,0.48709546674499465,0.5129045332550053
plex,splicing|depthT2,splicing,depth,depthT2,False,76,228,False,,76.0,,105.0,0.0,1.32356295967235,0.1355179726023286,0.4423438849427377,2.685794983294086,0.009950248756218905,0.004975124378109453,4.849702379116905,0.5759964553222889,1.9979340019575755,2.1390626114812794,0.03980099502487562,0.01990049751243781,12.039990208992572,0.1627985295517908,1.453152162386844,8.173398482876118,0.009950248756218905,0.004975124378109453,2.2222145371121473,0.27386413508886687,0.8328685530914696,2.3393252089916565,0.10993056777436508,0.10993056777436508,0.10002743233709929,0.09093176169669036,0.09904274282201098,-0.01130134524716792,0.28739695513514907,0.08274416630386762,-0.0020314102678581887,0.29695382385821983,-0.0020314102678581887,0.29695382385821983,-0.01143059913599839,0.22323858990084963,200,-0.04811365211384746,0.009062613479232318,-2.214471549246903,0.25565314325941485,-0.013994219161042955,6.565434736801204,0.02631578947368421,0.13157894736842105,0.18976648319909958,2143.0,,,0.9948547510103359,,0.0005173278256433673,0.1736,transferred,0.9948547510103359,unselected,1.0,0.21006776379477252,True,-0.11004033145767322,0.07732919134037655,0.1,2.743233709928683e-05,5.173398482876118,0.0005173278256433673,0.4761674543973436,0.5238325456026565
plex,splicing|depthT3,splicing,depth,depthT3,False,76,228,False,,76.0,,105.0,0.0,1.9746305486412283,0.16407355542831914,0.5853081300085957,3.093339901474322,0.009950248756218905,0.004975124378109453,6.987446633077284,0.6863750000374056,2.506067008691498,2.514326876011939,0.009950248756218905,0.004975124378109453,17.175674683213423,0.3161287359992988,1.880047538264981,8.967616830994128,0.009950248756218905,0.004975124378109453,3.176129969375359,0.3351204767905605,1.1103656805723094,2.558625092879738,0.11496669476228061,0.11496669476228061,0.10739061412932573,0.09697627265313286,0.10311222326402529,-0.00033101164615947367,0.2859230540938851,0.08138240669654002,0.007837431295735433,0.2914809366486029,0.007837431295735433,0.2914809366486029,-0.00033115361093334205,0.2223421095268088,200,-0.07315328616539567,0.006634458998730379,-2.49836276726521,0.2522867583261698,-0.017936431777485908,5.911764979806311,0.0,0.15789473684210525,0.20368457586465993,5156.5,,,0.9979098426004187,,0.00022493343304748705,0.1857,transferred,0.9979098426004187,unselected,1.0,0.22804863072577675,True,-0.12065801659645102,0.05787442336810833,0.1,0.0073906141293257205,5.967616830994128,0.00022493343304748705,0.4709110236161009,0.5290889763838991
plex,splicing|miss<=5,splicing,miss,miss<=5,False,231,228,False,,231.0,,105.0,0.0,4.6119126672402295,0.4425451164209822,1.3050563559634158,3.194779698031773,0.009950248756218905,0.004975124378109453,17.839654112553987,1.9570419978451863,5.95138875633223,2.6687236819826006,0.009950248756218905,0.004975124378109453,43.01866764742145,0.3044954580381502,4.4757847597583,9.543392831001539,0.009950248756218905,0.004975124378109453,7.553897276882377,0.8713771931817729,2.445694103564968,2.73236136684462,0.1072072409364047,0.1072072409364047,0.09761087098524064,0.08893030632761763,0.09682671587817264,0.011241041619895958,0.2401397607655503,0.06587793169515252,0.020480408083922187,0.2508495229998958,0.020480408083922187,0.2508495229998958,0.01111605177197863,0.19363919417797817,200,-0.049736746870515706,0.009155137064334806,-2.395964089365987,0.2425942820956132,-0.01482650382067167,6.529233496445922,0.012987012987012988,0.14285714285714285,0.1768297966325339,2072.0,,,0.9948682701446488,,0.0005034964284959644,0.1651,transferred,0.9948682701446488,unselected,1.0,0.19774823332135585,True,-0.10013736233611521,0.04239152744419444,0.05,0.04761087098524064,6.543392831001539,0.0005034964284959644,0.49361184848926354,0.5063881515107365
plex,pinned_sig&splicing,pinned_sig&splicing,primary,miss0,True,101,101,False,101.0,228.0,0.44298245614035087,105.0,0.0,2.201428362806359,0.206468529975501,0.6460779965404979,3.087800301996214,0.009950248756218905,0.004975124378109453,8.227956916619062,0.9066995672589643,3.1064420021867716,2.3567983384870277,0.009950248756218905,0.004975124378109453,27.92916771336141,0.46665576639901546,2.6525163663671454,10.35338077275456,0.009950248756218905,0.004975124378109453,3.3722537187334556,0.3947957270120908,1.188044629929575,2.5061836203054617,0.07882183906802165,0.07882183906802165,0.07264302102748904,0.06772338942540641,0.07306288787786747,-0.001212922794409392,0.19432744651389047,0.050467306552759605,0.005610062485565155,0.19999465320483542,0.005610062485565155,0.19999465320483542,-0.0012149129930791845,0.16270867291291657,200,-0.08911930534845786,0.006615151721400413,-3.3271361160004713,0.24173499848475358,-0.011567949049989357,5.9511451622487135,0.0,0.1485148514851485,0.15886519533141077,2821.0,,,0.9958660832480021,,0.00030154677078854804,0.1651,transferred,0.9958660832480021,table,0.55,0.10876152832674574,True,-0.0361185072992567,0.08556591818714473,0.05,0.022643021027489038,7.35338077275456,0.00030154677078854804,0.6679109989081063,0.33208900109189365
plex,pinned_sig&splicing|depthT1,pinned_sig&splicing,depth,depthT1,True,34,101,False,34.0,86.0,0.3953488372093023,105.0,0.0,0.43835737998484886,0.03211936622527587,0.18906771549980728,2.1486376597171453,0.04975124378109453,0.024875621890547265,1.9098531794932598,0.10440594010859072,1.0066422323180417,1.7935341687653834,0.07960199004975124,0.03980099502487562,8.901988875683056,0.04866559807994177,0.8766839894580317,10.09864829751968,0.009950248756218905,0.004975124378109453,0.679984460521565,0.059993600504238104,0.3391307880021222,1.8281762728468263,0.04924263398961093,0.04924263398961093,0.04588536993642403,0.04387227439581955,0.04693159846390544,-0.026198525797515464,0.14817979700850814,0.046338727575353456,-0.02236376372401016,0.15139919960132522,-0.02236376372401016,0.15139919960132522,-0.026903541612859926,0.12905621981314547,200,-0.08842580915616202,0.0026090634530167483,-3.2648148735219245,0.2130046341131683,-0.010074801563113378,5.330206834324482,0.0,0.11764705882352941,0.12793488105411582,1010.0,,,0.9912680398646745,,0.0004041986677329138,0.1408,transferred,0.9912680398646745,table,0.55,0.09013035381750467,True,-0.04424498388108064,0.05804944319100347,0.1,-0.054114630063575975,7.098648297519681,0.0004041986677329138,0.5091000755342913,0.49089992446570874
plex,pinned_sig&splicing|depthT2,pinned_sig&splicing,depth,depthT2,True,33,101,False,33.0,91.0,0.3626373626373626,105.0,0.0,0.6670404452174036,0.10320533438963256,0.25176721690862025,2.239509646056964,0.01990049751243781,0.009950248756218905,2.4243112875421584,0.4709444377354581,1.1765153313362706,1.660298678460987,0.09950248756218906,0.04975124378109453,8.900891837007027,0.31008144918504427,0.9622078400730346,8.928227385021009,0.009950248756218905,0.004975124378109453,1.0262675045490053,0.1979428219636069,0.4720110200280009,1.7548842027803928,0.07494085507747272,0.07494085507747272,0.06563235426858484,0.06159005402349363,0.06971625901414978,-0.0004381682617985376,0.2098032655623101,0.05746461348288738,0.010407325517856489,0.21458660668384183,0.010407325517856489,0.21458660668384183,-0.00043843611608519533,0.1734193049164142,200,-0.09616807189225227,0.008611568574801706,-3.152628545585795,0.2527036648866295,-0.013182740379064648,5.719297395003221,0.0,0.06060606060606061,0.16776832508359463,2821.0,,,0.9960544959135341,,0.00025997846807927766,0.1736,transferred,0.9960544959135341,table,0.55,0.11553727008712489,True,-0.04990491581854005,0.09426599547518522,0.1,-0.03436764573141517,5.9282273850210085,0.00025997846807927766,0.56806218650564,0.43193781349436
plex,pinned_sig&splicing|depthT3,pinned_sig&splicing,depth,depthT3,True,34,101,False,34.0,51.0,0.6666666666666666,105.0,0.0,1.0960305376041073,0.0711438293605925,0.2756392680719289,3.718217347667849,0.009950248756218905,0.004975124378109453,3.893792449583644,0.33134918941491553,1.2353144989411922,2.8838350583775676,0.009950248756218905,0.004975124378109453,10.12628700067133,0.10790871913402958,1.0056652163401874,9.961941726488405,0.009950248756218905,0.004975124378109453,1.6660017536628846,0.13685930454424575,0.5121350278570882,2.9858189070116636,0.10823617161269922,0.10823617161269922,0.10230065979164123,0.09280649420184352,0.09766525798846155,0.017021127224545938,0.25983938352176006,0.0677649997595896,0.023139674087263994,0.26543111697221033,0.023139674087263994,0.26543111697221033,0.016734240827115592,0.2062479006253171,200,-0.08297135166001211,0.008683541279129882,-2.6009880610020044,0.25981930428981215,-0.011493799070409911,5.382089007073798,0.0,0.2647058823529412,0.18115423661393903,7850.0,,,0.998493010727725,,0.0001543986739980257,0.1857,transferred,0.998493010727725,table,0.65,0.14823160997175489,True,-0.04593095018011366,0.11160777355000517,0.1,0.0023006597916412214,6.961941726488405,0.0001543986739980257,0.690140650912004,0.30985934908799595
plex,pinned_sig&splicing|miss<=5,pinned_sig&splicing,miss,miss<=5,True,101,101,False,101.0,231.0,0.43722943722943725,105.0,0.0,2.201428362806359,0.206468529975501,0.6460779965404979,3.087800301996214,0.009950248756218905,0.004975124378109453,8.227956916619062,0.9066995672589643,3.1064420021867716,2.3567983384870277,0.009950248756218905,0.004975124378109453,27.92916771336141,0.46665576639901546,2.6525163663671454,10.35338077275456,0.009950248756218905,0.004975124378109453,3.3722537187334556,0.3947957270120908,1.188044629929575,2.5061836203054617,0.07882183906802165,0.07882183906802165,0.07264302102748904,0.06772338942540641,0.07306288787786747,-0.001212922794409392,0.19432744651389047,0.050467306552759605,0.005610062485565155,0.19999465320483542,0.005610062485565155,0.19999465320483542,-0.0012149129930791845,0.16270867291291657,200,-0.08911930534845786,0.006615151721400413,-3.3271361160004713,0.24173499848475358,-0.011567949049989357,5.9511451622487135,0.0,0.1485148514851485,0.15886519533141077,2821.0,,,0.9958660832480021,,0.00030154677078854804,0.1651,transferred,0.9958660832480021,table,0.55,0.10876152832674574,True,-0.0361185072992567,0.08556591818714473,0.05,0.022643021027489038,7.35338077275456,0.00030154677078854804,0.6679109989081063,0.33208900109189365
plex,translation,translation,primary,miss0,False,1219,1219,False,,1220.0,,105.0,0.0,12.376137653712723,0.49676191708830414,3.461503933943507,3.4318538887491252,0.009950248756218905,0.004975124378109453,47.17626895627881,2.3138467544272197,15.548323967662954,2.8853542217897843,0.029850746268656716,0.014925373134328358,180.20368097262622,-0.23390348231201763,12.855145078131486,14.03621533310343,0.009950248756218905,0.004975124378109453,22.665038788783363,0.9459907032222773,7.064228123929212,3.074511143261421,0.06867860626882931,0.06867860626882931,0.06583648175356242,0.061769776959825266,0.064264977202653,0.011154353877815703,0.17882542548555003,0.04445125337993321,0.013856162770088706,0.18207724313584217,0.013856162770088706,0.18207724313584217,0.011030940136740457,0.15169791196040444,200,-0.06728714348704783,0.00423820561168862,-5.160680079375665,0.21916559090194038,-0.014208204086086435,8.62159964680817,0.030352748154224774,0.11812961443806398,0.2178116483418752,1955.0,,,0.9954546803452986,,0.0003006142423350257,0.1651,transferred,0.9954546803452986,unselected,1.0,0.19774823332135585,True,-0.13191175156779344,-0.018922807835805827,0.05,0.01583648175356242,11.03621533310343,0.0003006142423350257,0.3329308214176212,0.6670691785823788
plex,translation|depthT1,translation,depth,depthT1,False,406,1219,False,,407.0,,105.0,0.0,4.406687730456845,0.25574950020634846,1.095885254374593,3.78774895791383,0.009950248756218905,0.004975124378109453,18.438722495156973,0.9793937795771778,5.397952038503889,3.23443568802417,0.009950248756218905,0.004975124378109453,54.226931122437975,-0.47212792719305974,4.733987188216871,11.554543110251693,0.009950248756218905,0.004975124378109453,8.19905348287919,0.5407267103996959,2.165287669077809,3.536863430133123,0.08126382296108675,0.08126382296108675,0.0758868306397036,0.07053421278015143,0.07515633209529043,0.02643839083671709,0.19462480667888063,0.04511126009072314,0.03172720401277187,0.20257509060243906,0.03172720401277187,0.20257509060243906,0.025757336373688502,0.16291709231081145,200,-0.03642127261648229,0.005685635871357579,-3.1472780217366267,0.21966444014471592,-0.014024443553065695,9.00721061166322,0.024630541871921183,0.13054187192118227,0.1821942753407434,666.5,,,0.9880792764453893,,0.0009155398266684191,0.1408,transferred,0.9880792764453893,unselected,1.0,0.1638733705772812,True,-0.08798653993757762,0.030751436101599416,0.05,0.025886830639703595,8.554543110251693,0.0009155398266684191,0.4630821369718276,0.5369178630281723
plex,translation|depthT2,translation,depth,depthT2,False,406,1219,False,,406.0,,105.0,0.0,3.904052043152644,0.008038898703937626,1.371170361873945,2.841377886205271,0.029850746268656716,0.014925373134328358,14.353491771045373,0.09679131466360172,6.041114205262242,2.359945528585301,0.04975124378109453,0.024875621890547265,54.96332934683958,-0.36401311985056084,4.0874507374209,13.535904411070797,0.009950248756218905,0.004975124378109453,7.087517637005644,-0.053930735074056865,2.8013991505549685,2.549243427401251,0.07103012298466467,0.07103012298466467,0.07041750011387776,0.0657850792857799,0.06631944467324913,-0.011653134326439624,0.2303155277184574,0.058494988857066554,-0.011577900711136187,0.2324589606020178,-0.011577900711136187,0.2324589606020178,-0.011791379405039413,0.1872000711999782,200,-0.0710718944195864,0.003530441804431526,-4.616614411407765,0.21997374068419953,-0.013710888358419404,7.344022459185883,0.029556650246305417,0.1206896551724138,0.22485502849484706,1950.0,,,0.995248104420262,,0.0003362142625956078,0.1736,transferred,0.995248104420262,unselected,1.0,0.21006776379477252,True,-0.13965026368089475,0.02024776392368488,0.05,0.02041750011387776,10.535904411070797,0.0003362142625956078,0.33521326091076376,0.6647867390892362
plex,translation|depthT3,translation,depth,depthT3,False,407,1219,False,,407.0,,105.0,0.0,4.065397880103235,0.23297351817801815,1.3315493855271703,2.8781691490983876,0.009950248756218905,0.004975124378109453,14.384054690076464,1.2376616601864412,5.949956061350133,2.2094941364839107,0.04975124378109453,0.024875621890547265,71.01342050334866,0.6022375647316032,5.658973095877088,12.442395774935907,0.009950248756218905,0.004975124378109453,7.378467668898528,0.459194727896638,2.770079153040084,2.497861093033454,0.057248303930262444,0.057248303930262444,0.054429200050029575,0.05161958721121065,0.0541483998767792,-0.006418670509812117,0.1666632736696191,0.047071752854213784,-0.001481546930858005,0.1688580051212118,-0.001481546930858005,0.1688580051212118,-0.006460206909143405,0.14285463647372404,200,-0.0943017250468487,0.003500356521567696,-5.719940565667302,0.21786180317672152,-0.014887606940728295,8.328282624876682,0.036855036855036855,0.10319410319410319,0.2463154348194008,5889.0,,,0.9987214180340874,,6.968128683973039e-05,0.1857,transferred,0.9987214180340874,unselected,1.0,0.22804863072577675,True,-0.17361943067574717,-0.061385357056157636,0.05,0.004429200050029572,9.442395774935907,6.968128683973039e-05,0.23867365428507853,0.7613263457149215
plex,translation|miss0-5,translation,miss,miss0-5,False,56,1219,False,,56.0,,101.0,0.03809523809523807,0.25196781581340666,0.02836262057866539,0.17215123665692808,1.2988881147589622,0.208955223880597,0.1044776119402985,1.025489581073447,0.04469538518643553,0.782182426163201,1.253920010320419,0.1791044776119403,0.08955223880597014,1.7485736067507158,-0.7061922619296435,0.5716588566790622,4.294109747447683,0.009950248756218905,0.004975124378109453,0.5450715477544913,0.053353275339103036,0.3122955267706938,1.5745287084321176,0.14409906156688793,0.14409906156688793,0.09109023312066321,0.08348551783855038,0.1259498118716562,-1.3434354556195025,1.1502602891916185,268.03448776436534,-1.7214415637548517,2.5806356384672053,-1.7214415637548517,2.5806356384672053,-0.4866358612075496,0.5409627460386279,200,-0.01984972173064589,0.009034655657377854,-1.8314265704834047,0.18740572337672964,-0.01280938119063837,7.056959353127229,0.05357142857142857,0.125,0.17385192476908015,1317.75,,,0.9943381658374317,,0.0005186744424363156,0.1651,transferred,0.9943381658374317,unselected,1.0,0.19774823332135585,True,-0.10665800020069265,0.9525120558702627,0.1,-0.008909766879336797,1.294109747447683,0.0005186744424363156,0.46063740540546155,0.5393625945945384
plex,translation|miss5-20,translation,miss,miss5-20,False,95,1219,False,,95.0,,93.0,0.11428571428571432,0.3333436195826932,-0.03421384751174224,0.24840307112785903,1.4796816537958373,0.11940298507462686,0.05970149253731343,1.5929838429321426,-0.19186139812050412,0.9843816311841314,1.8131639036230516,0.06965174129353234,0.03482587064676617,4.791824524047442,-1.1119853527895527,0.7725897050357274,7.6415849685234685,0.009950248756218905,0.004975124378109453,0.6875523348059274,-0.0662449776054126,0.4362396784292192,1.7279430315132263,0.06956507232471289,0.06956507232471289,0.06225767339434663,0.058608824349941344,0.06504052359667312,-0.09884558822183166,0.8524900495569986,0.3329520005404905,-0.26809341118736857,0.9392475633661024,-0.26809341118736857,0.9392475633661024,-0.10968789012755743,0.4600272255056045,200,-0.014699176267245897,0.008247812569625987,-2.15085521914051,0.21041561344196522,-0.010586608622095917,9.030317496171191,0.06315789473684211,0.08421052631578947,0.1665237831474364,917.0,,,0.992737050631847,,0.0004554824758019746,0.1651,transferred,0.992737050631847,unselected,1.0,0.19774823332135585,True,-0.13549055992700923,0.6547418162356428,0.1,-0.037742326605653374,4.6415849685234685,0.0004554824758019746,0.31483301948479714,0.6851669805152029
plex,translation|miss20+,translation,miss,miss20+,False,115,1219,False,,115.0,,61.0,0.419047619047619,-0.6846745830868552,-0.19485908092343188,0.48957591894934566,-1.0004893688696779,0.30845771144278605,0.8507462686567164,-0.6559017645967624,-0.42079677801588616,1.2948523215923473,-0.18156895783432309,0.835820895522388,0.5870646766169154,2.5229133774080674,-1.4937103501626168,1.5654988823732068,2.5657148483438785,0.009950248756218905,0.004975124378109453,-0.7488499690030631,-0.2149643677358396,0.5728783425447884,-0.931935389450481,-0.27138251721914464,-0.27138251721914464,-0.12194707181587841,-0.13888350907054542,-0.3724622639898523,-0.9721989187703229,1.7748801434081618,3.3864679370374233,-3.3889990310285643,5.728767180534922,-3.3889990310285643,5.728767180534922,-4.2228128764585025,0.6554454577397435,200,-0.01502413453181086,0.001464901195832335,-1.2669509686579952,0.16390266909368453,-0.011126331012176633,8.758881157944302,0.008695652173913044,0.05217391304347826,0.19378565862951974,770.0,,,0.9914104145246775,,-0.0010565501244305395,0.1651,transferred,0.9914104145246775,unselected,1.0,0.19774823332135585,True,-0.31969530513723426,1.577131910086806,0.05,0.07194707181587841,-0.43428515165612147,0.0,0.0,1.0
plex,translation|miss<=5,translation,miss,miss<=5,False,1275,1219,False,,1276.0,,105.0,0.0,12.62810546952613,0.5251245376669696,3.5292354945203535,3.4293492034325226,0.009950248756218905,0.004975124378109453,48.20175853735226,2.3585421396136557,15.895062986831693,2.884116686779885,0.029850746268656716,0.014925373134328358,181.95225457937693,-0.9400957442416606,13.102381889522706,13.958710092999816,0.009950248756218905,0.004975124378109453,23.210110336537852,0.9993439785613806,7.187879464991173,3.0900304416837834,0.06940340200080951,0.06940340200080951,0.06617543549767696,0.06206805493205452,0.06489917824364372,0.011970437162906973,0.1780742140570645,0.044790036813434374,0.014862717309075912,0.18217268065102024,0.014862717309075912,0.18217268065102024,0.011827443663739353,0.15115642116740924,200,-0.06520361751186468,0.0044488732215385,-5.1501802313450815,0.21777064770083313,-0.014146765590286365,8.682224429617762,0.03137254901960784,0.11843137254901961,0.21588086832612893,1900.0,,,0.9953872655774093,,0.0003066642700848636,0.1651,transferred,0.9953872655774093,unselected,1.0,0.19774823332135585,True,-0.1315727978236789,-0.019674019264291354,0.05,0.016175435497676957,10.958710092999816,0.0003066642700848636,0.3346448885342852,0.6653551114657148
plex,pinned_sig&translation,pinned_sig&translation,primary,miss0,True,436,436,False,436.0,1220.0,0.35737704918032787,105.0,0.0,7.979795511068905,0.5820454118886811,1.3726655763656523,5.389331696338542,0.009950248756218905,0.004975124378109453,30.334843686438695,2.7938935425647746,6.585969142466356,4.181761187778692,0.009950248756218905,0.004975124378109453,114.96617793157192,2.8434078142658348,7.417376951146413,15.116229208221196,0.009950248756218905,0.004975124378109453,13.799714411578105,1.120401999065452,2.7037200486364497,4.689580350194589,0.06940993998964194,0.06940993998964194,0.06597901649629671,0.061895230089199345,0.06490489511469683,0.031057839486349485,0.1262093554103855,0.02601252858934566,0.03594089765224269,0.1282905990835724,0.03594089765224269,0.1282905990835724,0.030122258203520772,0.1120656121523872,200,-0.09846230507104302,0.0036891765082907946,-6.7925273286744385,0.21742962654382564,-0.015249230153213349,8.048443699501158,0.01834862385321101,0.17889908256880735,0.18361859061490587,2319.5,,,0.996318687898051,,0.00024378680722624707,0.1651,transferred,0.996318687898051,table,0.55,0.10876152832674574,True,-0.042782511830449024,0.01744782708363976,0.05,0.01597901649629671,12.116229208221196,0.00024378680722624707,0.6066392915892089,0.39336070841079107
plex,pinned_sig&translation|depthT1,pinned_sig&translation,depth,depthT1,True,145,436,False,145.0,452.0,0.32079646017699115,105.0,0.0,2.3495887589545976,0.20708594313498566,0.42601883725561795,5.029126950398385,0.009950248756218905,0.004975124378109453,9.954889245770667,0.9103321857520319,2.181866089298301,4.145330964343192,0.009950248756218905,0.004975124378109453,36.86673690218281,0.9327444100826529,2.4985619826589214,14.381869547962902,0.009950248756218905,0.004975124378109453,3.8885589288988434,0.39668433865200575,0.7986245507659164,4.372360688007869,0.06373194256895252,0.06373194256895252,0.0596232889036927,0.056268382856496234,0.05991353650153393,0.03270130494036677,0.1259396100950571,0.025718400303784732,0.03861194305613788,0.12891339509488517,0.03861194305613788,0.12891339509488517,0.03166568797052709,0.11185289048952003,200,-0.07048067793879557,0.005301121033365706,-5.221483243477806,0.20110792271516056,-0.014767410199762855,7.900261846660386,0.013793103448275862,0.1724137931034483,0.14942451675667462,679.0,,,0.9879301933868372,,0.0007284336196277403,0.1408,transferred,0.9879301933868372,table,0.55,0.09013035381750467,True,-0.03050706491381197,0.03580925627755244,0.05,0.009623288903692698,11.381869547962902,0.0007284336196277403,0.6615228541587391,0.3384771458412609
plex,pinned_sig&translation|depthT2,pinned_sig&translation,depth,depthT2,True,145,436,False,145.0,477.0,0.3039832285115304,105.0,0.0,2.852171322560447,0.06013617315626489,0.6092131689589159,4.5830183779111175,0.009950248756218905,0.004975124378109453,9.797264320189473,0.3282726946231658,2.6955913930116977,3.5127696468072287,0.009950248756218905,0.004975124378109453,36.537881432924095,1.1465107803061747,2.362715430368951,14.979108443496036,0.009950248756218905,0.004975124378109453,5.133053007399289,0.10581382750711775,1.2326612977021043,4.078362149654428,0.07806066500589086,0.07806066500589086,0.07889028025529872,0.07312168966489424,0.0724084159080828,0.023437582201533313,0.15233231147859938,0.03476459434081429,0.024271044888948025,0.14893642769861054,0.024271044888948025,0.14893642769861054,0.022900653105286602,0.13219448952286336,200,-0.12796737608498426,-0.0016065027590236442,-6.411406585214558,0.24003077785381527,-0.015032200545042822,7.741405307579149,0.027586206896551724,0.19310344827586207,0.21833880323271126,2316.0,,,0.9959916895080092,,0.00031748933389154084,0.1736,transferred,0.9959916895080092,table,0.55,0.11553727008712489,True,-0.03664698983182617,0.03679504139147449,0.05,0.028890280255298717,11.979108443496036,0.00031748933389154084,0.6828123963445628,0.3171876036554372
plex,pinned_sig&translation|depthT3,pinned_sig&translation,depth,depthT3,True,146,436,False,146.0,291.0,0.5017182130584192,105.0,0.0,2.778035429553861,0.31482329559743055,0.5481357806750359,4.493799202312527,0.009950248756218905,0.004975124378109453,10.582690120478553,1.5552886621895765,3.041115451933847,2.9684507546559757,0.01990049751243781,0.009950248756218905,41.56155959646502,0.7641526238770076,3.4731891586102703,11.74638210287179,0.009950248756218905,0.004975124378109453,4.7781024752799715,0.6179038329063283,1.0586410218180113,3.929753860500613,0.06684146255642785,0.06684146255642785,0.06037668363608196,0.056938901588299215,0.06265360402871711,0.013913602269145953,0.13725312259019112,0.03337144252306426,0.02215625925324001,0.14271854929208666,0.02215625925324001,0.14271854929208666,0.01372172057330859,0.12068798236442436,200,-0.09694929573648409,0.007347680190651966,-4.936514214217391,0.21119318897675685,-0.01594329307400135,6.237744657827124,0.0136986301369863,0.17123287671232876,0.18309605554546576,9334.5,,,0.9991863672901037,,4.916444652323323e-05,0.1857,transferred,0.9991863672901037,table,0.65,0.14823160997175489,True,-0.08785492633567293,-0.010978487381563762,0.05,0.010376683636081956,8.74638210287179,4.916444652323323e-05,0.40731314763151105,0.592686852368489
plex,pinned_sig&translation|miss<=5,pinned_sig&translation,miss,miss<=5,True,437,436,False,437.0,1276.0,0.34247648902821315,105.0,0.0,7.976992760697886,0.584927166773706,1.372615178922236,5.385388204528204,0.009950248756218905,0.004975124378109453,30.297376746027055,2.8371097659996805,6.583142024202913,4.171301010834908,0.009950248756218905,0.004975124378109453,115.20821551235994,2.834229655877913,7.421017102543226,15.142666335854528,0.009950248756218905,0.004975124378109453,13.795558903423201,1.1251951678413061,2.7038021549058056,4.686128277763467,0.06923979097516779,0.06923979097516779,0.06578093263831476,0.06172087586092919,0.06475609265534323,0.030965415585833947,0.12607752634855757,0.025957462180334137,0.03584059440995611,0.12819880959889787,0.03584059440995611,0.12819880959889787,0.030035298978635463,0.1119616554183451,200,-0.09841384276092384,0.0037837007602772575,-6.813608122179101,0.21750885010204543,-0.015069712818923378,8.049052138666708,0.018306636155606407,0.17848970251716248,0.18322656025400727,2323.0,,,0.9963078090686331,,0.00024377582985230696,0.1651,transferred,0.9963078090686331,table,0.55,0.10876152832674574,True,-0.042980595688430975,0.01731599802181183,0.05,0.01578093263831476,12.142666335854528,0.00024377582985230696,0.6048180238943779,0.3951819761056221
