arm,set,parent,kind,stratum,selected,n_genes,n_complete,mnar_exposed,n_sel,G_tested,s,median_n_fit,median_miss_frac,N_set,N_null_mean,N_null_sd,N_z,N_p2,N_p_up,Nc_set,Nc_null_mean,Nc_null_sd,Nc_z,Nc_p2,Nc_p_up,D_set,D_null_mean,D_null_sd,D_z,D_p2,D_p_up,Nc_rhow_set,Nc_rhow_null_mean,Nc_rhow_null_sd,Nc_rhow_z,theta_raw,theta_set,theta_pc,lambda_hat_noise,lambda_hat_noise_raw,theta_pc_ci_lo,theta_pc_ci_hi,theta_pc_boot_se,theta_raw_ci_lo,theta_raw_ci_hi,theta_ci_lo,theta_ci_hi,lambda_ci_lo,lambda_ci_hi,n_boot,S_cross_mean,S_cross_null_mean,S_cross_z,Wm_mean,Wm_null_mean,Wm_z,frac_Nc_below_band,frac_Nc_above_band,rho2bar,median_cnt_depth,median_icc,mean_icc,median_lambda_poisson_ub,fX_if_lambda_icc,fX_if_lambda_poisson,lambda_lo,lambda_lo_source,lambda_hi,kappa_source,kappa,theta_noise_min,theta_reading_ok,margin_theta_pc_minus_tnm,margin_ci_hi_minus_tnm,r1_band_limit,margin_abs_theta_pc_minus_band,z_D_minus_gate,fX_lo,fX_hi,post_share_lb
operator,all,all,primary,miss0,False,7494,7494,False,,7510.0,,103.0,0.0,95.46499335973107,-6.010735303869629,20.013376061641374,5.070395337151241,0.009950248756218905,0.004975124378109453,330.6206192058094,-25.413274943544284,85.2043235378246,4.178589528867044,0.009950248756218905,0.004975124378109453,1080.0302575336032,100.41642205821401,78.7121947440235,12.445515446001075,0.009950248756218905,0.004975124378109453,164.96625379260865,-11.324334718240852,39.776796938169014,4.431995587399462,0.08839103598610139,0.08839103598610139,0.10358748007510156,0.0938643124766622,0.0812125725622295,0.024340031054241276,0.22177585783644604,0.05813250254824616,0.015285778365863575,0.18941628477224068,0.015285778365863575,0.18941628477224068,0.023760975518836967,0.1815173248511339,200,-0.050438613122294106,-0.011808854346711733,-3.208138794855749,0.1970417881145321,0.006795553937693983,6.518508477394525,0.03669602348545503,0.14718441419802508,0.20822110014734593,1693.0,0.7006528537652407,0.6804825572111103,0.9924465643150069,0.044256747659692446,0.0007883964705523784,0.7006528537652407,icc,0.9924465643150069,unselected,1.0,2.340603084339285,True,-2.2370156042641836,-2.118827226502839,0.05,0.05358748007510156,9.445515446001075,0.0007883964705523784,0.044256747659692446,0.9557432523403075
operator,all|depthT1,all,depth,depthT1,False,2497,7494,False,,2513.0,,103.0,0.0,25.637240316514124,-1.3175716091860266,5.212036395257009,5.171646911412442,0.009950248756218905,0.004975124378109453,97.39655116225708,-4.256517925905622,23.030856800870566,4.4137771324391295,0.009950248756218905,0.004975124378109453,351.02672873947824,39.79427484346742,26.059066293924147,11.943346334268963,0.009950248756218905,0.004975124378109453,44.49776254789428,-2.5903677415420536,10.470110421654029,4.4973862159132345,0.07303500906776057,0.07303500906776057,0.08660668766473276,0.07970380510988981,0.06806395732718216,0.031906249106136764,0.18150626441166215,0.044462671118016196,0.02379883504390718,0.15025539707207738,0.02379883504390718,0.15025539707207738,0.030919714632649295,0.1536227643349088,200,-0.040223640471886916,-0.010231003257186701,-3.177243910282042,0.19014254778657302,0.012478400675185557,7.102489288513777,0.0368442130556668,0.13295955146175412,0.18527961263776452,503.0,0.6857898471481003,0.6546467837398944,0.9775415907752416,0.03968081575179061,0.00198973470953075,0.6857898471481003,icc,0.9775415907752416,unselected,1.0,2.1825833472393925,True,-2.0959766595746596,-2.0010770828277304,0.05,0.036606687664732754,8.943346334268963,0.00198973470953075,0.03968081575179061,0.9603191842482094
operator,all|depthT2,all,depth,depthT2,False,2499,7494,False,,2499.0,,103.0,0.0,31.918815124606112,-2.399242821416533,7.154287529787641,4.796851930137801,0.009950248756218905,0.004975124378109453,112.52528477679212,-11.222513133792841,31.839804410192112,3.886575316743232,0.009950248756218905,0.004975124378109453,350.0662871329582,29.177021882390964,26.373997326945442,12.16688017643519,0.009950248756218905,0.004975124378109453,55.20000867057913,-4.313203691053564,13.896857115959532,4.282494370132516,0.09117934602049545,0.09117934602049545,0.10694673104513266,0.09661416222274585,0.08356036645398789,0.008718805999178864,0.2522073142126813,0.06469318979682114,-0.00010109641423247297,0.2183477831727556,-0.00010109641423247297,0.2183477831727556,0.0086427257676805,0.2014091735587944,200,-0.047875483924493124,-0.011670394758813657,-2.6137800029463163,0.19923729133921705,0.005083761892376271,6.154752390389441,0.03721488595438175,0.15886354541816727,0.20110623601369995,1693.0,0.7035060324670722,0.6909005920502609,0.9913558861173625,0.04507290504823422,0.0009325205362431168,0.7035060324670722,icc,0.9913558861173625,unselected,1.0,2.372749902201443,True,-2.2658031711563105,-2.120542587988762,0.05,0.05694673104513266,9.16688017643519,0.0009325205362431168,0.04507290504823422,0.9549270949517658
operator,all|depthT3,all,depth,depthT3,False,2498,7494,False,,2498.0,,103.0,0.0,37.908937918610846,-2.293920873267077,8.68493145770073,4.629035817689841,0.009950248756218905,0.004975124378109453,120.6987832667602,-9.93424388384581,35.459730661323924,3.6839824982959612,0.009950248756218905,0.004975124378109453,378.9372416611665,31.44512533235565,28.203176895045917,12.321027436800932,0.009950248756218905,0.004975124378109453,65.26848257413523,-4.420763285645247,17.42391375876206,3.9996321621332336,0.10004014847531877,0.10004014847531877,0.1156943047129057,0.1036971365939495,0.09094227025620541,0.00715980621726881,0.2814689745617489,0.07139126733725999,0.0018153030423133888,0.24392776839664926,0.0018153030423133888,0.24392776839664926,0.007108882813494366,0.21964551945683747,200,-0.06321365178257088,-0.013524588806560132,-3.280772743996248,0.2017418844077372,0.0028274594692121974,5.991008173945997,0.036028823058446756,0.14971977582065651,0.23827111607264873,4713.166666666666,0.7072622599701813,0.6958857827093446,0.9974391208982016,0.04788618199054635,0.0002970398101786608,0.7072622599701813,icc,0.9974391208982016,unselected,1.0,2.4160269184907235,True,-2.300332613777818,-2.1345579439289746,0.05,0.0656943047129057,9.321027436800932,0.0002970398101786608,0.04788618199054635,0.9521138180094536
operator,all|miss0-5,all,miss,miss0-5,False,365,7494,False,,366.0,,99.0,0.03883495145631066,1.1774046932446056,-0.578724765891631,0.5948743043633015,2.9521017234318694,0.01990049751243781,0.009950248756218905,4.8168980388672065,-3.125464812278984,2.9123855359891384,2.7270987144388195,0.01990049751243781,0.009950248756218905,39.907325472587814,2.6788499471085445,3.2032537389870606,11.62208134571685,0.009950248756218905,0.004975124378109453,2.1080213774911645,-1.0590496210816298,1.123980020934575,2.817728909397709,0.029503472841179504,0.029503472841179504,0.04717167260674794,0.04504674242125213,0.02865796339642943,-0.014881679062540855,0.13404187450998162,0.03773646506732109,-0.031913382755039764,0.09773613455187674,-0.031913382755039764,0.09773613455187674,-0.015107397453869027,0.11819818555873222,200,-0.03774754229648925,-0.011396479248077874,-3.35123916409308,0.2220091962525868,0.028142471510215844,7.482395208441224,0.0547945205479452,0.12054794520547946,0.13973476064055104,927.0,0.6958456904885719,0.6717981198521706,0.9881989198764682,0.020618748820777816,0.0005633245258584468,0.6958456904885719,icc,0.9881989198764682,unselected,1.0,2.2878048041020005,True,-2.2406331314952523,-2.153762929592019,0.05,-0.0028283273932520614,8.62208134571685,0.0005633245258584468,0.020618748820777816,0.9793812511792221
operator,all|miss5-20,all,miss,miss5-20,False,594,7494,False,,594.0,,91.0,0.11650485436893199,2.783886178083078,-0.3051267280522347,0.7955512803420302,3.8828583178286857,0.009950248756218905,0.004975124378109453,12.525498356131184,-1.5655054467689589,3.924725334934361,3.5903159075807807,0.009950248756218905,0.004975124378109453,66.39657061972825,7.731291815444382,5.5754279677800636,10.52211222946573,0.009950248756218905,0.004975124378109453,4.400142105253016,-0.623643113726886,1.4136341555602927,3.5538085997849485,0.04192816213396281,0.04192816213396281,0.05265487472480478,0.050021023973854994,0.04024093373970251,-0.0014963652597330425,0.13987091178435188,0.03542860566471004,-0.007177751964934063,0.11286424755849807,-0.007177751964934063,0.11286424755849807,-0.0014987125648183613,0.12270623171336656,200,-0.02563669077919596,-0.007198164734914303,-2.61132231913739,0.2218736822462954,0.01869272419596643,8.038433603516646,0.03872053872053872,0.09427609427609428,0.13024315871000888,875.6666666666667,0.699711269190022,0.6782940595980252,0.9883555917283809,0.022597414388328237,0.0006203585672180658,0.699711269190022,icc,0.9883555917283809,unselected,1.0,2.3301282978640905,True,-2.277473423139286,-2.1902573860797387,0.05,0.00265487472480478,7.52211222946573,0.0006203585672180658,0.022597414388328237,0.9774025856116718
operator,all|miss20+,all,miss,miss20+,False,1160,7494,False,,1165.0,,61.0,0.4077669902912622,5.691150831905366,1.2679236600009898,1.7629053126728909,2.509055443935299,0.01990049751243781,0.009950248756218905,17.25723351299542,2.6302037707883112,6.032841107631944,2.4245673773345278,0.029850746268656716,0.014925373134328358,87.40072537597288,1.081306273713405,11.833491423684219,7.294501344674566,0.009950248756218905,0.004975124378109453,7.185529451211597,1.622502916987542,2.067374938507431,2.690864840530744,0.06511560181478661,0.06511560181478661,0.0512425502616548,0.048744745205471854,0.061134774200884895,-0.03621172228307305,0.265664796584947,0.07304314342417176,-0.014853143946034101,0.2864920864315435,-0.014853143946034101,0.2864920864315435,-0.03757251229279928,0.20988663708880295,200,-0.011285361934385504,0.0003900958736813055,-2.095255329472749,0.18768082024947466,0.021990779689459457,9.794781048706511,0.045689655172413794,0.06379310344827586,0.11318726769876039,695.75,0.7104241800060886,0.6896863917030068,0.9878441705187249,0.020886962927515688,0.0006305606914087056,0.7104241800060886,icc,0.9878441705187249,unselected,1.0,2.4533270078317524,True,-2.4020844575700977,-2.1876622112468054,0.05,0.001242550261654797,4.294501344674566,0.0006305606914087056,0.020886962927515688,0.9791130370724843
operator,all|miss<=5,all,miss,miss<=5,False,7859,7494,False,,7876.0,,103.0,0.0,96.64239805297568,-6.589460069761262,20.389379333691412,5.0630211166926795,0.009950248756218905,0.004975124378109453,335.43751724467666,-28.538739755823272,86.88743788789573,4.189055010116777,0.009950248756218905,0.004975124378109453,1119.9375830061908,103.09527200532257,81.09229823189209,12.539320418482887,0.009950248756218905,0.004975124378109453,167.07427517009984,-12.383384339322479,40.47868409811341,4.433386694944125,0.08629266444792706,0.08629266444792706,0.10152199314083105,0.09216519849173027,0.07943776780613951,0.023112069549405787,0.22044312308362693,0.05668578746797932,0.01413774361991828,0.18724195666364415,0.01413774361991828,0.18724195666364415,0.02258978382195866,0.18062444372181588,200,-0.04984919451287576,-0.011789702175824677,-3.2614285532739538,0.19820136362927826,0.007786980953086593,6.596555320033201,0.03753658226237435,0.14594732154218093,0.20504035018933855,1639.5,0.7005685541713118,0.6800792209550965,0.9922429275780394,0.0433917237771647,0.0007936700089538017,0.7005685541713118,icc,0.9922429275780394,unselected,1.0,2.3396625970009963,True,-2.2381406038601654,-2.1192194739173695,0.05,0.05152199314083104,9.539320418482887,0.0007936700089538017,0.0433917237771647,0.9566082762228353
operator,pinned_sig,pinned_sig,primary,miss0,True,1946,1946,False,1946.0,7510.0,0.25912117177097205,103.0,0.0,26.744635845270878,-4.078956418136529,5.6251092463792665,5.47964331239393,0.009950248756218905,0.004975124378109453,94.67760362577062,-17.326376029953796,24.248775340668125,4.618954074265359,0.009950248756218905,0.004975124378109453,524.7098297254515,55.32064218365884,31.556777007481287,14.874433705017239,0.009950248756218905,0.004975124378109453,43.61409842232155,-7.819169093162081,10.532257979584477,4.883403693223321,0.050970335088375805,0.050970335088375805,0.06566745268426744,0.06162096113460189,0.048498357552679845,0.025452046160499342,0.1284751907101438,0.027484865046531845,0.013613990114550235,0.10316272239539831,0.013613990114550235,0.10316272239539831,0.024820304234004175,0.11384833355233757,200,-0.10922193164093526,-0.02637211996006954,-6.024663397363077,0.20220128936581003,0.009706297923366533,6.493446226809133,0.030318602261048305,0.1721479958890031,0.1774909707290845,1918.3333333333335,0.6930307877122837,0.6694222041310327,0.9929766454593243,0.029086566687711337,0.00046446792489395915,0.6930307877122837,icc,0.9929766454593243,table,0.35,0.7901794902869663,True,-0.7245120376026989,-0.6617042995768225,0.05,0.015667452684267433,11.874433705017239,0.00046446792489395915,0.08310447625060383,0.9168955237493962
operator,pinned_sig|depthT1,pinned_sig,depth,depthT1,True,649,1946,False,649.0,2865.0,0.22652705061082024,103.0,0.0,8.186501869395727,-1.0080236856789764,1.471739373451128,6.247387085604818,0.009950248756218905,0.004975124378109453,32.558928522203885,-4.375870410834536,6.72623389803751,5.491155896885293,0.009950248756218905,0.004975124378109453,184.12520167762366,23.717947732808756,10.733712339448713,14.944247514001615,0.009950248756218905,0.004975124378109453,13.103632558405192,-1.9929186256432596,2.7759087132417575,5.43841773759859,0.04446160435837076,0.04446160435837076,0.05731988628293523,0.05421243563709595,0.042568921799364966,0.03650458218711456,0.10520296026679177,0.018722613676775204,0.026079484193493513,0.08348248911610553,0.026079484193493513,0.08348248911610553,0.035218503156339086,0.09518880139892619,200,-0.08911909144759078,-0.025638587198205574,-5.941151169230939,0.19254285176867633,0.014850322342734005,6.867850759140396,0.02465331278890601,0.16640986132511557,0.1456174532240976,571.0,0.6761936450974118,0.6410607800351893,0.978690677087846,0.02744856236860125,0.0012480429155874958,0.6761936450974118,icc,0.978690677087846,table,0.35,0.7308929309163548,True,-0.6735730446334195,-0.625689970649563,0.05,0.0073198862829352285,11.944247514001615,0.0012480429155874958,0.07842446391028929,0.9215755360897107
operator,pinned_sig|depthT2,pinned_sig,depth,depthT2,True,648,1946,False,648.0,2423.0,0.2674370614940157,103.0,0.0,8.842037572499352,-1.4557572441509778,2.1236139190572496,4.849184083904433,0.009950248756218905,0.004975124378109453,32.169906349885224,-5.90273907475803,9.296118045355048,4.095542380043986,0.009950248756218905,0.004975124378109453,169.05009105436244,16.770001678285855,10.328662968210597,14.743446450403303,0.009950248756218905,0.004975124378109453,14.68015333805585,-2.715748500880094,3.9480729895183533,4.40617533797372,0.052304246140015186,0.052304246140015186,0.06762403974703819,0.0633406866363378,0.04970449024782877,0.01804786654974083,0.13878983414080664,0.03302514541905432,0.005976981457406214,0.11236393436804265,0.005976981457406214,0.11236393436804265,0.017726115957509874,0.12187452126082146,200,-0.11440335507511172,-0.025807002290293438,-5.548200055509877,0.20632364267370243,0.008980009427742953,6.165988518808529,0.024691358024691357,0.19598765432098766,0.1895715637708828,1918.3333333333335,0.6963994522486401,0.6796520040302753,0.9924338066418272,0.02948120571041219,0.000515557367113664,0.6963994522486401,icc,0.9924338066418272,table,0.35,0.8028305946491239,True,-0.7352065549020856,-0.6640407605083172,0.05,0.01762403974703819,11.743446450403303,0.000515557367113664,0.0842320163154634,0.9157679836845366
operator,pinned_sig|depthT3,pinned_sig,depth,depthT3,True,649,1946,False,649.0,2222.0,0.29207920792079206,103.0,0.0,9.716096403375799,-1.615175488306574,2.3758425387933553,4.76936990000916,0.009950248756218905,0.004975124378109453,29.94876875368152,-7.0477665443612265,10.006562480953084,3.697227231475696,0.009950248756218905,0.004975124378109453,171.53453699346542,14.832692772564224,11.252865257087315,13.925506139177019,0.009950248756218905,0.004975124378109453,15.830312525860506,-3.1105019666387284,4.456721408121248,4.2499435701734445,0.05664221662688215,0.05664221662688215,0.07231103084982701,0.06743475425457401,0.05360586179085391,0.011106802071274856,0.15510932863002067,0.03662334097063654,0.0011728868217495162,0.1270865544996122,0.0011728868217495162,0.1270865544996122,0.010984754011464627,0.1342810417287795,200,-0.12415133210339166,-0.027669899640292383,-5.513967727321694,0.2077437255091466,0.005287442911031539,5.970482773893518,0.04160246533127889,0.15408320493066255,0.1973025093572065,5369.0,0.701392926014847,0.6875695907311762,0.9975073411651896,0.03078529100885158,0.0001806971462400708,0.701392926014847,icc,0.9975073411651896,table,0.35,0.8221088697898775,True,-0.7497978389400505,-0.6669995411598568,0.05,0.02231103084982701,10.925506139177019,0.0001806971462400708,0.08795797431100452,0.9120420256889955
operator,pinned_sig|miss0-5,pinned_sig,miss,miss0-5,True,76,1946,False,76.0,366.0,0.20765027322404372,99.0,0.03883495145631066,0.3075125108967999,-0.028999158335451886,0.1798125931097552,1.8714577405980097,0.10945273631840796,0.05472636815920398,1.7414582246076125,-0.16195366306651757,0.9638628785986912,1.9747745555274405,0.05970149253731343,0.029850746268656716,20.00531381211184,1.787740555373518,1.3139061378731516,13.865201426205,0.009950248756218905,0.004975124378109453,0.5189940408569866,-0.058195656834333406,0.3297507511921392,1.7503817522920608,0.015371541470677767,0.015371541470677767,0.0184718164428285,0.018136796860363007,0.015138834252153077,-0.011194744436124405,0.06993551959150476,0.021845221156724843,-0.011686757828158461,0.05967480973041776,-0.011686757828158461,0.05967480973041776,-0.011321637195340682,0.06536422720711194,200,-0.08946784328199468,-0.01110570971441342,-6.035733439548014,0.18480257618413828,0.013168799173477541,6.475098205838055,0.07894736842105263,0.13157894736842105,0.11925438567682431,890.5833333333334,0.6924999099964873,0.6722039653264179,0.9873295622093501,0.008202290190517056,0.00023704952234534263,0.6924999099964873,icc,0.9873295622093501,table,0.35,0.7882110489658775,True,-0.769739232523049,-0.7182755293743727,0.1,-0.08152818355717151,10.865201426205,0.00023704952234534263,0.02343511483004873,0.9765648851699513
operator,pinned_sig|miss5-20,pinned_sig,miss,miss5-20,True,94,1946,False,94.0,594.0,0.15824915824915825,93.0,0.09708737864077666,0.9352559668140602,0.054184644204133346,0.22138137761464677,3.979880024703733,0.009950248756218905,0.004975124378109453,4.49788936963871,0.25800699744213224,1.1709750848089533,3.6208134803212504,0.009950248756218905,0.004975124378109453,29.731756951638147,4.292306904997764,1.9064047383703129,13.3442020650805,0.009950248756218905,0.004975124378109453,1.410067539618926,0.08331772557046635,0.3634743982247317,3.6501878000996006,0.031456464827670734,0.031456464827670734,0.03463405541372087,0.033474691106965056,0.03049713284110957,0.010357388970735137,0.09791485781109721,0.02321933556741613,0.010726020586011385,0.08367695757306963,0.010726020586011385,0.08367695757306963,0.010251155901694588,0.0891825583319952,200,-0.07005168517433902,-0.018071156339573746,-4.207166216405397,0.2162991532394012,0.014289888734218017,7.423268008255057,0.010638297872340425,0.1595744680851064,0.10226525720588892,797.75,0.6984947642982937,0.6791091348957279,0.9847672949016113,0.014949788566146559,0.0005357309845786181,0.6984947642982937,icc,0.9847672949016113,table,0.25,0.5791729973383848,True,-0.5445389419246639,-0.4812581395272876,0.1,-0.06536594458627915,10.3442020650805,0.0005357309845786181,0.059799154264586235,0.9402008457354137
operator,pinned_sig|miss20+,pinned_sig,miss,miss20+,True,69,1946,False,69.0,1165.0,0.0592274678111588,70.0,0.3203883495145631,1.1421974964359343,0.0810940654676393,0.282948297594385,3.7501672213254276,0.009950248756218905,0.004975124378109453,3.098756643765135,-0.13256192536720549,1.0867017035122144,2.973510171824278,0.009950248756218905,0.004975124378109453,24.76020479660093,2.6187096495372617,1.6684439892905338,13.270745250776331,0.009950248756218905,0.004975124378109453,1.5455810344819427,0.1235847258902551,0.3435439382000133,4.139197786583541,0.046130373549767026,0.046130373549767026,0.04792374787341382,0.045732094506558386,0.04409619939934999,0.008718946909004429,0.1339163292581378,0.03346066732086212,0.011692985330616072,0.11798968085868541,0.011692985330616072,0.11798968085868541,0.008639238486480478,0.11810041926006545,200,-0.07028390011993371,-0.019730982089322308,-3.2724753945966705,0.21522861310614286,0.036429653124329546,6.547091042592942,0.043478260869565216,0.13043478260869565,0.09187958287684798,755.1666666666667,0.7175856687151919,0.6930594407278902,0.9864289612586365,0.018860958068692507,0.0006593227333791838,0.7175856687151919,icc,0.9864289612586365,table,0.25,0.6352241982999121,True,-0.5873004504264983,-0.5013078690417743,0.1,-0.05207625212658618,10.270745250776331,0.0006593227333791838,0.07544383227477003,0.92455616772523
operator,pinned_sig|miss<=5,pinned_sig,miss,miss<=5,True,2022,1946,False,2022.0,7876.0,0.25672930421533774,103.0,0.0,27.052148356167677,-4.107955576471981,5.706042227296524,5.460896132800451,0.009950248756218905,0.004975124378109453,96.41906185037823,-17.488329693020315,24.613274444554886,4.627884510043234,0.009950248756218905,0.004975124378109453,544.7151435375633,57.10838273903235,32.56800590719894,14.971956287036562,0.009950248756218905,0.004975124378109453,44.133092463178535,-7.8773647499964135,10.67769198962129,4.870945637290257,0.04966292690245754,0.04966292690245754,0.0639041671235448,0.06006571747558913,0.04731321420392757,0.02601121322664841,0.12416085485933114,0.02672302718460987,0.014410512182067427,0.1011769084489647,0.014410512182067427,0.1011769084489647,0.025351747388964833,0.1104471298616887,200,-0.1084794436511828,-0.0257983082990063,-6.165212883846613,0.2015473317981507,0.009836441392707996,6.551078296905987,0.03214638971315529,0.17062314540059348,0.17530205853127453,1882.0,0.6930307877122837,0.6695267609316505,0.9928512603992214,0.02830554167524386,0.0004601235536400129,0.6930307877122837,icc,0.9928512603992214,table,0.35,0.7901794902869663,True,-0.7262753231634216,-0.6660186354276352,0.05,0.013904167123544794,11.971956287036562,0.0004601235536400129,0.08087297621498246,0.9191270237850175
operator,ecm,ecm,primary,miss0,False,179,179,False,,179.0,,103.0,0.0,4.44148214703663,-0.2136029070888558,1.0528897443143572,4.421246459340224,0.009950248756218905,0.004975124378109453,13.475014284924484,-0.5980766775721368,3.773451589141035,3.7295008641412384,0.009950248756218905,0.004975124378109453,21.275459273839623,1.2103475004777824,2.077668643170215,9.657512924075059,0.009950248756218905,0.004975124378109453,7.908153738248993,-0.4419467956796271,2.2690073292550568,3.6800676781727546,0.20876081168775948,0.20876081168775948,0.23199895952264318,0.18831100280517665,0.17270646902944553,0.01743360495517078,0.46549251792333846,0.14526827739057105,0.00561172223451703,0.43129641074184916,0.00561172223451703,0.43129641074184916,0.017134833875760345,0.31761423384662607,200,-0.06071697534179696,-0.0022529400166932207,-3.1111198631344603,0.25387930106415063,0.048993630627534805,5.209256607537059,0.027932960893854747,0.18435754189944134,0.3387371411198782,2492.0,0.7025385239802489,0.7004205871194293,0.9978403106714461,0.09823056043057948,0.0005021301221830912,0.7025385239802489,icc,0.9978403106714461,unselected,1.0,2.3617798626589246,True,-2.1297809031362815,-1.8962873447355861,0.05,0.18199895952264317,6.657512924075059,0.0005021301221830912,0.09823056043057948,0.9017694395694205
operator,ecm|depthT1,ecm,depth,depthT1,False,60,179,False,,60.0,,103.0,0.0,0.83828708422979,-0.027783876316169822,0.3607586460102596,2.4006935665273836,0.01990049751243781,0.009950248756218905,2.69649056875566,0.012089427071632654,1.335847111782,2.0095122548141577,0.04975124378109453,0.024875621890547265,7.090409944155653,0.4515518338888049,0.8681425875919404,7.6471978280454564,0.009950248756218905,0.004975124378109453,1.4931172555565386,-0.08312925564819777,0.7943672617963028,1.9842792962544427,0.11822829580125437,0.11822829580125437,0.13045480806504964,0.11540028591531533,0.10572822763042243,-0.08647628531232171,0.3374870455909857,0.3430961812297939,-0.07947036128159518,0.32886087136565295,-0.07947036128159518,0.32886087136565295,-0.08825128765908175,0.25265492446710525,200,-0.07002339068707643,-0.00021689635718096935,-3.599209557922871,0.26492390925294373,0.05479244289539665,5.292529829763699,0.03333333333333333,0.11666666666666667,0.29379352534148384,340.5,0.6987088114258464,0.6875140489170601,0.9922733501791249,0.056253597399069426,0.0010158275632275663,0.6987088114258464,icc,0.9922733501791249,unselected,1.0,2.319048275963373,True,-2.188593467898323,-1.9815612303723873,0.1,0.030454808065049632,4.6471978280454564,0.0010158275632275663,0.056253597399069426,0.9437464026009306
operator,ecm|depthT2,ecm,depth,depthT2,False,59,179,False,,59.0,,103.0,0.0,1.3739470467671822,-0.16986948482506697,0.41149342926004173,3.7517404211493255,0.009950248756218905,0.004975124378109453,4.097847078920546,-0.5714369335611473,1.486695966319945,3.1407121013718,0.009950248756218905,0.004975124378109453,7.570895320210955,0.5953830239839891,0.7376611706869299,9.456255220443799,0.009950248756218905,0.004975124378109453,2.398139815350047,-0.3361289418617859,0.8882132655920786,3.0783921645092556,0.1814774856415395,0.1814774856415395,0.22131944809663587,0.18121339870707123,0.1536021531066228,-0.028493193457780078,0.614196615637573,0.186951771936846,-0.051965519724260154,0.5119658502109371,-0.051965519724260154,0.5119658502109371,-0.02933032036236984,0.3804962415358501,200,-0.08170645802477199,-0.015343870782800292,-3.0676185504613636,0.26280485368771395,0.05099807779649889,4.984385050412241,0.01694915254237288,0.15254237288135594,0.3323143918695938,2492.0,0.695422082069522,0.693258234240387,0.9980498060320585,0.09693252261733168,0.0004324592320519281,0.695422082069522,icc,0.9980498060320585,unselected,1.0,2.2832321095196964,True,-2.0619126614230603,-1.6690354938821232,0.1,0.12131944809663586,6.456255220443799,0.0004324592320519281,0.09693252261733168,0.9030674773826683
operator,ecm|depthT3,ecm,depth,depthT3,False,60,179,False,,60.0,,103.0,0.0,2.229248016039657,-0.015949545947619003,0.4204250484873202,5.340303985372532,0.009950248756218905,0.004975124378109453,6.680676637248277,-0.03872917108262206,1.505843485796554,4.462220590459639,0.009950248756218905,0.004975124378109453,6.614154009473015,0.16341264260498867,0.8049835371457529,8.013507195116755,0.009950248756218905,0.004975124378109453,4.016896667342406,-0.02268859816964351,0.897588750466579,4.500485621519005,0.33704204843837204,0.33704204843837204,0.34805263989019103,0.2581892053700088,0.25208036563399616,0.05786833777254019,0.9460128294771535,0.22899315890473604,0.05374114217650749,0.9100390198597477,0.05374114217650749,0.9100390198597477,0.05469793572144281,0.4861191858370735,200,-0.030770902024925384,0.00858376491046648,-1.6025604978991634,0.23405789946218689,0.041223778643524944,4.372182357930272,0.03333333333333333,0.2833333333333333,0.38999646032771906,9139.375,0.7171418667084032,0.7203701056528565,0.999508367762356,0.1372803967761965,0.00017119806465473476,0.7171418667084032,icc,0.999508367762356,unselected,1.0,2.535341156229387,True,-2.187288516339196,-1.5893283267522336,0.1,0.24805263989019102,5.013507195116755,0.00017119806465473476,0.1372803967761965,0.8627196032238035
operator,ecm|miss20+,ecm,miss,miss20+,False,25,179,False,,25.0,,55.0,0.46601941747572817,-0.17092055472194728,0.23416962717237255,0.23978767485058317,-1.6893703237530462,0.08955223880597014,0.9601990049751243,0.139167643658717,0.6088285376431533,0.7068270401486215,-0.6644636768362493,0.5074626865671642,0.7512437810945274,0.7089132186578155,-0.08886213185807099,0.6618101365828379,1.2054444415661048,0.26865671641791045,0.13432835820895522,-0.22147402183568654,0.31708295530989655,0.2716849307000445,-1.9822850526081641,-0.24110222552423405,-0.24110222552423405,-0.5077747534219573,-1.0315902261251633,-0.31770053047102886,-5.074137174063284,3.3344259546099755,3.849675970452061,-4.055914866237255,4.512337788777572,-4.055914866237255,4.512337788777572,-5.852594934166863,0.7703051936109736,200,-0.018502975170010594,0.022167938076997372,-1.397476027676399,0.2328390745220207,0.045749774895567016,4.568851141989029,0.04,0.08,0.18633532386920443,407.0,0.7342175652966503,0.6893114708248393,0.990175931921018,-0.18381147036553555,-0.005037906482666846,0.7342175652966503,icc,0.990175931921018,unselected,1.0,2.7624758803799034,True,-3.2702506338018607,0.571950074230072,0.1,0.40777475342195735,-1.7945555584338952,0.0,0.0,1.0
operator,ecm|miss<=5,ecm,miss,miss<=5,False,187,179,False,,187.0,,103.0,0.0,4.459202025578133,-0.23020036703623745,1.0559170252671888,4.441070917885585,0.009950248756218905,0.004975124378109453,13.429373941535632,-0.5763614125982933,3.7826570902884016,3.702618297093931,0.009950248756218905,0.004975124378109453,21.89353919447916,1.2235692019405549,2.1184622644566313,9.757063101541856,0.009950248756218905,0.004975124378109453,8.021501578523363,-0.47665122871986454,2.2783894073122446,3.729894801990092,0.2036766182921489,0.2036766182921489,0.2268703048096896,0.184917919946625,0.16921207506808428,0.020152200375503207,0.4820280281500441,0.14126624942260313,0.005880497132403851,0.44574109502736725,0.005880497132403851,0.44574109502736725,0.01975382417875069,0.3252419209005891,200,-0.062411599829046364,-0.0025106202955408356,-3.255762808057513,0.250921867978174,0.04800349071915208,5.28409971389841,0.03208556149732621,0.18716577540106952,0.33649152211126787,2559.0,0.7029082570044346,0.7023883245854502,0.9980120268894559,0.09588917702729541,0.00045191045136830203,0.7029082570044346,icc,0.9980120268894559,unselected,1.0,2.3659636242900453,True,-2.139093319480356,-1.883935596140001,0.05,0.17687030480968957,6.757063101541856,0.00045191045136830203,0.09588917702729541,0.9041108229727046
operator,pinned_sig&ecm,pinned_sig&ecm,primary,miss0,True,52,52,False,52.0,179.0,0.2905027932960894,103.0,0.0,0.4950288085060215,-0.4502599773131611,0.3707188904942604,2.549880273322133,0.03980099502487562,0.01990049751243781,1.9111300633092225,-1.6204365999170296,1.3861804537874314,2.5476961917743304,0.029850746268656716,0.014925373134328358,11.93594213874298,0.9178623677373514,0.9214563933764459,11.95724491164757,0.009950248756218905,0.004975124378109453,0.7451950426821595,-0.9731601000836082,0.7535821090532347,2.280249387720508,0.041473794255352754,0.041473794255352754,0.08579433126875113,0.07901526909658889,0.039822215867664976,-0.019925186395584278,0.2106388891403535,0.06124240986794993,-0.05954130259585071,0.15472330480470464,-0.05954130259585071,0.15472330480470464,-0.02033045437942907,0.17398822896957136,200,-0.1880459382575434,-0.044788436073286114,-5.823610461865684,0.24393513432924013,0.02817820252402732,5.376430253614564,0.019230769230769232,0.1346153846153846,0.31085758311397876,3492.5,0.6893836236118819,0.6972327891116916,0.9981261960456056,0.03865645103914532,0.00016106355872926506,0.6893836236118819,icc,0.9981261960456056,table,0.35,0.7767918455228892,True,-0.690997514254138,-0.5661529563825356,0.1,-0.014205668731248872,8.95724491164757,0.00016106355872926506,0.11044700296898663,0.8895529970310134
operator,pinned_sig&ecm|depthT1,pinned_sig&ecm,depth,depthT1,True,17,52,False,17.0,75.0,0.22666666666666666,103.0,0.0,-0.08043459500478284,-0.27655615058624045,0.14241547239318683,1.3771084860779501,0.1791044776119403,0.08955223880597014,0.019328355637794684,-0.9572285362002526,0.5155300199929713,1.8942774503245448,0.10945273631840796,0.05472636815920398,3.843420575088588,0.519302975961179,0.3010048791807131,11.043401051089678,0.009950248756218905,0.004975124378109453,-0.27453788555255704,-0.6120081855013128,0.3103596821216956,1.0873522541385698,-0.020927867099980044,-0.020927867099980044,0.0589995840198133,0.055712565812216085,-0.021375204539824378,-0.09987470429915006,0.22024206680775096,0.07891979988741586,-0.1670021685025672,0.10150561136854572,-0.1670021685025672,0.10150561136854572,-0.1109570031873947,0.18049042986083147,200,-0.22331882452349064,-0.08176958193922616,-4.501251994620285,0.28593692692036327,0.038227231914120426,5.908318264926793,0.058823529411764705,0.11764705882352941,0.36151240370607024,948.0,0.6684063975388141,0.6886414048658137,0.9941188583225645,0.02926944547640305,0.0003490376524148915,0.6684063975388141,icc,0.9941188583225645,table,0.35,0.7055089042798064,False,-0.6465093202599931,-0.48526683747205546,0.1,-0.04100041598018671,8.043401051089678,0.0003490376524148915,0.0836269870754373,0.9163730129245627
operator,pinned_sig&ecm|depthT2,pinned_sig&ecm,depth,depthT2,True,17,52,False,17.0,47.0,0.3617021276595745,103.0,0.0,0.10391773744393691,-0.10242197445146516,0.1562654400481813,1.3204436747612356,0.19900497512437812,0.09950248756218906,0.3194826584765148,-0.4208756005507759,0.6387122284863782,1.1591421394605101,0.25870646766169153,0.12935323383084577,4.100496387585578,0.18004369619810054,0.3812194230214042,10.283979395161504,0.009950248756218905,0.004975124378109453,0.17385418180962506,-0.19060228914734537,0.3017453149279228,1.2078281018017705,0.02534272137357617,0.02534272137357617,0.052631603576977964,0.05000002222822209,0.024716342004775134,-0.0935467273935247,0.2465195999636542,0.08166533213743013,-0.1211139233469573,0.2000745588741771,-0.1211139233469573,0.2000745588741771,-0.10321062106773596,0.19776630500500053,200,-0.19605800579690869,-0.03428146984806259,-4.479036487006658,0.23647785145318542,0.02425955034778593,4.453224294009495,0.0,0.0,0.27192223372586255,3359.0,0.6691917077534641,0.6877390493447326,0.9981160001821352,0.026017911901429443,9.934509769892944e-05,0.6691917077534641,icc,0.9981160001821352,table,0.35,0.7080145909376463,False,-0.6553829873606684,-0.4614949909739921,0.1,-0.04736839642302204,7.283979395161504,9.934509769892944e-05,0.07433689114694127,0.9256631088530587
operator,pinned_sig&ecm|depthT3,pinned_sig&ecm,depth,depthT3,True,18,52,False,18.0,57.0,0.3157894736842105,103.0,0.0,0.47154566606686743,-0.0712818522754555,0.14651759529658967,3.704862322122466,0.009950248756218905,0.004975124378109453,1.572319049194913,-0.24233246316600102,0.5620250259637728,3.2287735039006673,0.009950248756218905,0.004975124378109453,3.992025176068813,0.21851569557807185,0.4008799683201109,9.413065702194219,0.009950248756218905,0.004975124378109453,0.8458787464250915,-0.17054962543494995,0.2905744276148493,3.4979966413537853,0.11812191688911812,0.11812191688911812,0.1438521676303643,0.12576115314654027,0.10564314597978856,-0.006056636593074162,0.3714226843765911,0.09482490677408043,-0.022152119753474,0.31640561516025795,-0.022152119753474,0.31640561516025795,-0.006093785847165099,0.2708275619399097,200,-0.14716570410808158,-0.019785044190387194,-3.954163330759035,0.21130976404278667,0.02238840182205626,3.9373224075537867,0.0,0.2777777777777778,0.29978919364355766,11720.5,0.7037932220550247,0.7143131840127043,0.9995074602415004,0.060543332528512614,7.088782697748516e-05,0.7037932220550247,icc,0.9995074602415004,table,0.35,0.8316069923457915,False,-0.6877548247154273,-0.4601843079692004,0.1,0.043852167630364286,6.413065702194219,7.088782697748516e-05,0.17298095008146464,0.8270190499185354
operator,pinned_sig&ecm|miss<=5,pinned_sig&ecm,miss,miss<=5,True,53,52,False,53.0,187.0,0.28342245989304815,103.0,0.0,0.4952154526085575,-0.452886426777697,0.36865300796295325,2.5718001993938198,0.03980099502487562,0.01990049751243781,1.9117064257380825,-1.6297859833483654,1.3796216587353307,2.5670026174660503,0.029850746268656716,0.014925373134328358,12.127294440736495,0.9183659629760662,0.931620610822414,12.031645014664752,0.009950248756218905,0.004975124378109453,0.745527611846003,-0.9785548247820267,0.74930269071048,2.3009158488317656,0.04083478429822661,0.04083478429822661,0.08458452395939345,0.07798795030802069,0.03923272445756998,-0.018364711242343332,0.20817089664895924,0.06039212890638515,-0.05542238261738414,0.15104294542474178,-0.05542238261738414,0.15104294542474178,-0.018708283502510033,0.17230235508741065,200,-0.18903399025598813,-0.04406853582559304,-5.9568854717383655,0.23889428999171985,0.027734294728686475,5.339608962921625,0.018867924528301886,0.1320754716981132,0.31127432876787026,3626.0,0.6889465997219758,0.6967952362223944,0.9981363919090761,0.03818917721501906,0.00015792671672473305,0.6889465997219758,icc,0.9981363919090761,table,0.35,0.7752087252129851,True,-0.6906242012535917,-0.5670378285640258,0.1,-0.015415476040606557,9.031645014664752,0.00015792671672473305,0.10911193490005447,0.8908880650999456
operator,folding,folding,primary,miss0,False,165,165,False,,165.0,,103.0,0.0,3.259852973166882,0.3418494350090755,0.5706363868599323,5.11359528650958,0.009950248756218905,0.004975124378109453,11.275447587026505,1.7831548715985444,2.5320105428669692,3.7489151623673482,0.009950248756218905,0.004975124378109453,30.406992803205746,4.228867753216044,2.37499615341474,11.02238629412141,0.009950248756218905,0.004975124378109453,4.971151094287574,0.5555331990983173,1.052835469249084,4.194024635528871,0.10720734517433775,0.10720734517433775,0.1114672472755628,0.10028837786159887,0.09682680090733789,0.007923664939064717,0.24614510253013883,0.06011437678402201,0.01941478846550763,0.21242729524481252,0.01941478846550763,0.21242729524481252,0.007861297031007028,0.1975247116995594,200,-0.0228537924856982,0.0006112195299293369,-1.5287026216743025,0.20421404336162552,0.015453513304181628,5.862325668715995,0.024242424242424242,0.19393939393939394,0.15793672532897435,2720.0,0.7034141824295265,0.6854223641011654,0.9952464165263044,0.04699877467833839,0.0005323996707838943,0.7034141824295265,icc,0.9952464165263044,unselected,1.0,2.3717053910117736,True,-2.2602381437362107,-2.1255602884816347,0.05,0.0614672472755628,8.02238629412141,0.0005323996707838943,0.04699877467833839,0.9530012253216616
operator,folding|depthT1,folding,depth,depthT1,False,55,165,False,,55.0,,103.0,0.0,0.5658517892993494,0.18111408032870321,0.1530536177741945,2.5137446246991924,0.009950248756218905,0.004975124378109453,2.6255919717316623,1.0740540267553862,0.8406408701873049,1.8456608523334996,0.08955223880597014,0.04477611940298507,11.587974586606446,2.237864732774795,0.9495950114439711,9.846418463818283,0.009950248756218905,0.004975124378109453,0.7895144119316819,0.32388158689913615,0.2805326252173235,1.6598170165478208,0.0488309484172816,0.0488309484172816,0.04114793462164316,0.03952169836133466,0.04655750146481567,-0.03966522874417998,0.1420517063729162,0.046691437899958034,-0.014286848924002643,0.12800010593195144,-0.014286848924002643,0.12800010593195144,-0.041305199718882225,0.1243812043798462,200,-0.026624866028932864,0.006013288308990538,-2.0856468173082687,0.1911157107843607,0.02195162452285697,5.6770118982093205,0.01818181818181818,0.12727272727272726,0.10965286409568917,484.6666666666667,0.6937777507578441,0.6562995102140031,0.9823126606554557,0.018162031108297665,0.000740902069300924,0.6937777507578441,icc,0.9823126606554557,unselected,1.0,2.265602034061265,True,-2.2244540994396216,-2.1235503276883487,0.1,-0.05885206537835685,6.846418463818283,0.000740902069300924,0.018162031108297665,0.9818379688917024
operator,folding|depthT2,folding,depth,depthT2,False,55,165,False,,55.0,,103.0,0.0,1.052001425377383,0.010308655987671002,0.23725973055865976,4.390516531974925,0.009950248756218905,0.004975124378109453,3.91252856815509,0.17263391785593954,0.9958669714460957,3.7554158914101348,0.009950248756218905,0.004975124378109453,8.635446862991865,1.1796994316765341,0.8172371009745701,9.123114237501229,0.009950248756218905,0.004975124378109453,1.7909492448235478,0.014044276600756972,0.44406728145180935,4.001431860535806,0.12182362326677594,0.12182362326677594,0.13971674590456698,0.12258900854674817,0.10859427519632968,0.0006698357859793336,0.4280208802202945,0.1065358669251117,0.0016005902721756987,0.3441033838187425,0.0016005902721756987,0.3441033838187425,0.000662467955039538,0.2997300991714894,200,-0.03178932095966147,-0.008476488352069322,-1.2101696571573484,0.2314616965739554,0.012628185265623456,5.826320421000823,0.01818181818181818,0.2,0.17332612989905713,2720.0,0.7113194817408953,0.6939609656439614,0.9952464165263044,0.056702373058155446,0.00066732741088239,0.7113194817408953,icc,0.9952464165263044,unselected,1.0,2.464037012371066,True,-2.3243202664664993,-2.0360161321507717,0.1,0.039716745904566975,6.123114237501229,0.00066732741088239,0.056702373058155446,0.9432976269418446
operator,folding|depthT3,folding,depth,depthT3,False,55,165,False,,55.0,,103.0,0.0,1.64199975849015,0.15042669869270126,0.2731495104770243,5.460647017791054,0.009950248756218905,0.004975124378109453,4.737327047139752,0.5364669269872183,1.2052803206537896,3.485380162744073,0.009950248756218905,0.004975124378109453,10.183571353607439,0.8113035887647146,1.0155687704855698,9.228589965760369,0.009950248756218905,0.004975124378109453,2.390687437532344,0.21760733559842416,0.5100584875430135,4.260452781409039,0.16124007005739557,0.16124007005739557,0.1591475080761821,0.13729702817574665,0.13885162440995177,0.01901554917286518,0.3408914042911399,0.09231333756264196,0.03332552821957053,0.32363504028708534,0.03332552821957053,0.32363504028708534,0.018655338813935433,0.2542274074369075,200,-0.01014719046850029,0.004296858632866794,-0.6534499222982347,0.19006472272656028,0.011780730124064465,4.548643326462358,0.03636363636363636,0.2545454545454545,0.19083118199217664,7928.75,0.7063300801668602,0.7060066164455319,0.9984673290365353,0.06616854817698756,0.00024429518867832243,0.7063300801668602,icc,0.9984673290365353,unselected,1.0,2.405183617607787,True,-2.2460361095316053,-2.0642922133166475,0.1,0.059147508076182104,6.228589965760369,0.00024429518867832243,0.06616854817698756,0.9338314518230124
operator,folding|miss<=5,folding,miss,miss<=5,False,169,165,False,,169.0,,103.0,0.0,3.306879313046551,0.3547708280380489,0.5719023223555572,5.161910294137864,0.009950248756218905,0.004975124378109453,11.683443140488812,1.8659774402002016,2.5649007314701406,3.827620141330566,0.009950248756218905,0.004975124378109453,31.313464191475383,4.259495027970575,2.411491683536823,11.218769423175454,0.009950248756218905,0.004975124378109453,5.0424205708587895,0.575345106862371,1.0540309196014723,4.238087688817909,0.10560566831014497,0.10560566831014497,0.1091192374459726,0.09838368478509779,0.09551838538559339,0.0061392502941212505,0.23718135597169288,0.05829726693650533,0.01756588931377084,0.21088072089303692,0.01756588931377084,0.21088072089303692,0.006101789098706265,0.19170951089787477,200,-0.021203912548039404,0.0010606111414551468,-1.4636011025579023,0.2065416737446146,0.014795983662086098,5.99160257079559,0.023668639053254437,0.1952662721893491,0.1554884411115331,2720.0,0.7029199220535106,0.6832928006275577,0.9952464165263044,0.04611784436441571,0.0005211848997114482,0.7029199220535106,icc,0.9952464165263044,unselected,1.0,2.3660957911156935,True,-2.256976553669721,-2.128914435144001,0.05,0.0591192374459726,8.218769423175454,0.0005211848997114482,0.04611784436441571,0.9538821556355843
operator,pinned_sig&folding,pinned_sig&folding,primary,miss0,True,59,59,False,59.0,165.0,0.3575757575757576,103.0,0.0,1.2566158237592802,0.023285223785196433,0.23437487935116175,5.262213268710406,0.009950248756218905,0.004975124378109453,4.001965571680705,0.3875068286566681,1.1644623394954876,3.103972211407051,0.01990049751243781,0.009950248756218905,17.478259867109436,1.9523283032714607,1.3347823911029277,11.631807302319094,0.009950248756218905,0.004975124378109453,1.8870422909058395,0.009845925515247784,0.41303909305482345,4.544839452137349,0.07189593433863391,0.07189593433863391,0.07943681800367329,0.07359098437144745,0.06707361417784846,0.03096721549172553,0.15406716860148903,0.03342819445485983,0.028847162632584383,0.1354067340275911,0.028847162632584383,0.1354067340275911,0.030037051622816745,0.13349814502478463,200,-0.07360676885602194,-0.009774580489154954,-3.257577262069518,0.2114040916046786,0.00802455854184666,5.937761590008902,0.01694915254237288,0.2542372881355932,0.13387317155001444,2719.25,0.7216546498172138,0.6877974298254411,0.9955969047218585,0.030639127635689874,0.00035131475058199123,0.7216546498172138,icc,0.9955969047218585,table,0.35,0.9074307412362342,True,-0.8279939232325609,-0.7533635726347452,0.1,-0.020563181996326715,8.631807302319094,0.00035131475058199123,0.08754036467339964,0.9124596353266003
operator,pinned_sig&folding|depthT1,pinned_sig&folding,depth,depthT1,True,20,59,False,20.0,52.0,0.38461538461538464,103.0,0.0,0.3134380276150176,0.04932039654940082,0.07521192640458864,3.511645608501568,0.009950248756218905,0.004975124378109453,1.328117052870491,0.4313473597801372,0.43198305373305496,2.0759372048064533,0.07960199004975124,0.03980099502487562,6.35320910032064,0.8711209753003062,0.5420393482076419,10.113819491422387,0.009950248756218905,0.004975124378109453,0.4619520407032888,0.07425549936657815,0.1304658805010024,2.9716316622239933,0.04933538667870993,0.04933538667870993,0.04817828992207912,0.04596383113951031,0.04701584193673596,-0.012282215093589234,0.12844053225062388,0.03523309029163136,3.908965285340594e-05,0.11564393740735782,3.908965285340594e-05,0.11564393740735782,-0.01243497152429555,0.11382119439447401,200,-0.0369487702075965,0.00654955777943048,-1.9632885971371536,0.2190871950849155,0.019331550217674697,5.426075672454335,0.0,0.15,0.07705979189894421,567.5,0.7239659212780107,0.6464702999133969,0.9752138583485577,0.018369441823401944,0.0012245046646026014,0.7239659212780107,icc,0.9752138583485577,table,0.35,0.9179593824808361,True,-0.869781092558757,-0.7895188502302122,0.1,-0.051821710077920885,7.113819491422387,0.0012245046646026014,0.05248411949543413,0.9475158805045659
operator,pinned_sig&folding|depthT2,pinned_sig&folding,depth,depthT2,True,19,59,False,19.0,62.0,0.3064516129032258,103.0,0.0,0.48571980669347853,-0.018371710959481286,0.12044762472404442,4.185151170958129,0.009950248756218905,0.004975124378109453,1.7377151014153005,0.11689305103380358,0.5532798195915595,2.9294797912167034,0.009950248756218905,0.004975124378109453,4.935347033810515,0.5420359308589707,0.4818932246037172,9.116772925297642,0.009950248756218905,0.004975124378109453,0.7415786730954117,-0.03727307041861303,0.21695645909154385,3.589898852402415,0.09841654565848448,0.09841654565848448,0.11474068324328261,0.1029303810007636,0.08959856444941407,0.020387470274987014,0.29796521231514933,0.067192452129519,0.014858079473177055,0.2458465259246005,0.014858079473177055,0.2458465259246005,0.019979722106780885,0.2295568931037505,200,-0.07555247273760973,-0.010883242804677258,-2.329313952471202,0.24467020973116374,0.0024929896464650062,5.480854048339415,0.0,0.3157894736842105,0.18192872623975234,2719.25,0.6964484524432678,0.7119348831814505,0.995503758611285,0.05001046645164661,0.0005182319047067756,0.6964484524432678,icc,0.995503758611285,table,0.35,0.8030166879962515,False,-0.6882760047529689,-0.5050514756811022,0.1,0.014740683243282607,6.116772925297642,0.0005182319047067756,0.14288704700470461,0.8571129529952954
operator,pinned_sig&folding|depthT3,pinned_sig&folding,depth,depthT3,True,20,59,False,20.0,51.0,0.39215686274509803,103.0,0.0,0.45745798945078414,-0.007663461804723104,0.10157763781977276,4.578974873197615,0.009950248756218905,0.004975124378109453,0.9361334173949135,-0.16073358215727265,0.5412623889570244,2.026497724450749,0.03980099502487562,0.01990049751243781,6.18970373297828,0.5391713971121839,0.5085650424833967,11.110736806198334,0.009950248756218905,0.004975124378109453,0.6835115771071386,-0.02713650343271733,0.1832388475358631,3.8782610243211093,0.07390628197816353,0.07390628197816353,0.08231462517313687,0.07605424823670759,0.06882004809770385,0.020059497343403943,0.19377935706342925,0.044040481310008865,0.016477515275837056,0.16973776538176985,0.016477515275837056,0.16973776538176985,0.0196650008716034,0.16232350102113682,200,-0.10841634881693893,-0.025045489557994197,-2.961534891594247,0.17211817590428077,0.0019725573166311967,3.979313421432083,0.05,0.3,0.14503377424583372,10012.5,0.7125344161233702,0.7061939790492762,0.9981480932705508,0.03320909313506718,0.00015272183488397926,0.7125344161233702,icc,0.9981480932705508,table,0.35,0.8675370535841529,True,-0.7852224284110161,-0.6737576965207237,0.1,-0.017685374826863137,8.110736806198334,0.00015272183488397926,0.0948831232430491,0.9051168767569508
operator,pinned_sig&folding|miss<=5,pinned_sig&folding,miss,miss<=5,True,61,59,False,61.0,169.0,0.3609467455621302,103.0,0.0,1.2688026623288633,0.02549864329679985,0.23534555656075035,5.282887160485336,0.009950248756218905,0.004975124378109453,4.216705101476814,0.39142765821642334,1.1884971594078733,3.218583580936954,0.009950248756218905,0.004975124378109453,18.267136765900073,1.9692853376245396,1.3677985208463097,11.91538898447662,0.009950248756218905,0.004975124378109453,1.9037082118633646,0.013005491875779547,0.41456047855206385,4.560740393274453,0.06945821223046751,0.06945821223046751,0.07628637581485284,0.07087925437790353,0.06494710259469148,0.0302456598587,0.15222611450354395,0.03226324482482406,0.02831251897082697,0.13449372640852802,0.02831251897082697,0.13449372640852802,0.029357714462446026,0.13211474596560804,200,-0.06981898240535067,-0.00942351898196478,-3.1325013737146037,0.2118119395856759,0.00877776186565456,6.000580202593856,0.01639344262295082,0.26229508196721313,0.12998445894347593,2719.25,0.7034141824295265,0.6803367302490837,0.9955969047218585,0.03216519897621388,0.00033738170492881236,0.7034141824295265,icc,0.9955969047218585,table,0.35,0.8300968868541206,True,-0.7538105110392678,-0.6778707723505767,0.1,-0.023713624185147164,8.91538898447662,0.00033738170492881236,0.09190056850346824,0.9080994314965317
operator,ptm,ptm,primary,miss0,False,824,824,False,,825.0,,103.0,0.0,10.037795059946049,-0.14832046806039514,2.0795182631196254,4.898305395368621,0.009950248756218905,0.004975124378109453,36.45261619175664,0.13125819884658008,9.899461742660511,3.6690235223989642,0.009950248756218905,0.004975124378109453,133.13413996934045,8.570082641695501,10.779678084267013,11.555452431315803,0.009950248756218905,0.004975124378109453,16.282313974810123,-0.25774655043696243,3.8528391590653652,4.292953804295176,0.07539610097197953,0.07539610097197953,0.08177411483325057,0.07559259711613234,0.07011007470069305,-0.003191225536115058,0.18312654253741928,0.051989791732384806,-0.004389760317893001,0.16593597206200777,-0.004389760317893001,0.16593597206200777,-0.0032037068024160617,0.15478031802117112,200,-0.037670340217167884,-0.002232821117271271,-2.63346019081798,0.2031547621468358,0.011907084054144859,6.2684616878789114,0.04247572815533981,0.14805825242718446,0.15440376762958766,2085.333333333333,0.7000458880015561,0.6805356297729896,0.9926761174680531,0.035038391653565336,0.0006033226755976034,0.7000458880015561,icc,0.9926761174680531,unselected,1.0,2.3338432780184317,True,-2.252069163185181,-2.1507167354810126,0.05,0.03177411483325057,8.555452431315803,0.0006033226755976034,0.035038391653565336,0.9649616083464346
operator,ptm|depthT1,ptm,depth,depthT1,False,275,824,False,,276.0,,103.0,0.0,2.4116755351021837,0.08290865814174093,0.5264543952495132,4.423492135262206,0.009950248756218905,0.004975124378109453,9.68580508143026,0.7714585235761985,2.600856563594353,3.427465659826523,0.009950248756218905,0.004975124378109453,44.985952776124016,3.450367608474041,3.4772018184013254,11.945117751821012,0.009950248756218905,0.004975124378109453,4.106054963037559,0.1283557362675912,0.9988868808577672,3.9821318139189352,0.05360952444653265,0.05360952444653265,0.05606678869602648,0.0530901921129957,0.05088177660001133,-0.011243506558089322,0.13415306257202647,0.04276655125360278,-0.00776694282621181,0.12422658682953454,-0.00776694282621181,0.12422658682953454,-0.011371364321998876,0.11827639506796031,200,-0.03349282089262538,-0.001003719231113937,-3.094155355604036,0.1941227488679359,0.017115322337433334,6.7100256581593465,0.04727272727272727,0.12727272727272726,0.13709306000328594,672.6666666666666,0.700032404652573,0.6582743902402006,0.9813081369418096,0.024024916092771832,0.0010679548013171804,0.700032404652573,icc,0.9813081369418096,unselected,1.0,2.333693423923957,True,-2.2776266352279304,-2.1995403613519304,0.05,0.006066788696026476,8.945117751821012,0.0010679548013171804,0.024024916092771832,0.9759750839072282
operator,ptm|depthT2,ptm,depth,depthT2,False,274,824,False,,274.0,,103.0,0.0,3.349414617776971,-0.35397730578164227,0.7777615115439076,4.761603484604345,0.009950248756218905,0.004975124378109453,11.565795413524281,-1.4559496494021658,3.8508479039410988,3.3815267150903354,0.009950248756218905,0.004975124378109453,43.27014258318746,3.4110562947796517,3.550609047750707,11.225985669601766,0.009950248756218905,0.004975124378109453,5.651648403222429,-0.6683315995991771,1.4647317329951943,4.314769633547866,0.0774070621869959,0.0774070621869959,0.092912112855825,0.08501334349112644,0.0718456977902759,-0.0073983506792860195,0.2191372248050582,0.058988379161782574,-0.01360236022523912,0.19215301404831586,-0.01360236022523912,0.19215301404831586,-0.0074535211854427925,0.17974730389679883,200,-0.045691688553424134,-0.008500472202051277,-2.3437933950255294,0.20595904137542012,0.012772114607930587,5.94794104161105,0.032846715328467155,0.1386861313868613,0.1547454185168297,2085.333333333333,0.691540242172178,0.6802642950551822,0.9920686791084729,0.04144321050754329,0.0007428072242252078,0.691540242172178,icc,0.9920686791084729,unselected,1.0,2.241913976208807,True,-2.149001863352982,-2.022776751403749,0.05,0.042912112855824996,8.225985669601766,0.0007428072242252078,0.04144321050754329,0.9585567894924567
operator,ptm|depthT3,ptm,depth,depthT3,False,275,824,False,,275.0,,103.0,0.0,4.276704907066895,0.12274817957950644,0.9940029404550089,4.179018550574808,0.009950248756218905,0.004975124378109453,15.201015696802099,0.8157493246725477,4.566770306983934,3.1499868408380975,0.009950248756218905,0.004975124378109453,44.878044610028965,1.708658738441808,4.234809354889024,10.193938440640485,0.009950248756218905,0.004975124378109453,6.524610608550132,0.28222931289462333,1.8174457831821018,3.4347001453468082,0.09529615080669475,0.09529615080669475,0.09622459628783839,0.08777817667445628,0.08700491710530375,-0.02371302626306161,0.23185647384504615,0.06653286329790438,-0.019659808247056314,0.22535826122285194,-0.019659808247056314,0.22535826122285194,-0.024289128479573905,0.18821267192816438,200,-0.033855679744858716,0.0027829366228612896,-2.0313059538604574,0.20939269357616444,0.005836960782720784,5.57528658171028,0.04727272727272727,0.1781818181818182,0.17137406673550998,5469.0,0.7113132918761927,0.7030672173518856,0.9973291905571084,0.03905278062442478,0.0002576857900453383,0.7113132918761927,icc,0.9973291905571084,unselected,1.0,2.4639627383576532,True,-2.3677381420698147,-2.2321062645126073,0.05,0.046224596287838385,7.193938440640485,0.0002576857900453383,0.03905278062442478,0.9609472193755753
operator,ptm|miss0-5,ptm,miss,miss0-5,False,35,824,False,,35.0,,99.0,0.03883495145631066,-0.23140983954751265,-0.06771514812327654,0.09040218301627712,-1.8107382583312452,0.08955223880597014,0.9601990049751243,-0.8574286312808469,-0.27885289678642783,0.5773074658598264,-1.0021968685831975,0.3681592039800995,0.8208955223880597,4.0426772917113265,0.11772340673835446,0.5519624513588252,7.1109074092096165,0.009950248756218905,0.004975124378109453,-0.38776813254795733,-0.1319596615733608,0.1644940322749522,-1.5551231095545885,-0.05724172939105742,-0.05724172939105742,-0.041706143873678485,-0.04352124727405204,-0.06071729220055962,-0.1492728145174285,0.10544644703077337,0.11641366200007008,-0.1697660112235431,0.07955781456940351,-0.1697660112235431,0.07955781456940351,-0.17546693700537017,0.09538418340275397,200,-0.04766310234597651,-0.0075745343231282646,-2.3506513071050494,0.19399655344543215,0.03769709124803116,5.207127227551645,0.08571428571428572,0.05714285714285714,0.06876469499918574,1073.6666666666667,0.6833663346816398,0.6412141535994551,0.9854537038862005,-0.019324289961064264,-0.0006156249818320351,0.6833663346816398,icc,0.9854537038862005,unselected,1.0,2.1582238704609855,True,-2.199930014334664,-2.052777423430212,0.1,-0.05829385612632152,4.1109074092096165,0.0,0.0,1.0
operator,ptm|miss5-20,ptm,miss,miss5-20,False,51,824,False,,51.0,,91.0,0.11650485436893199,0.4293448097997759,0.023274392743272435,0.1326454539040731,3.0613217800149157,0.029850746268656716,0.014925373134328358,1.3107387489310491,-0.07525259148849561,0.6581896553077058,2.1057628743368646,0.04975124378109453,0.024875621890547265,6.46492599881401,0.7262666805239636,0.7941904967678481,7.225797011730712,0.009950248756218905,0.004975124378109453,0.7053821797414292,0.04058325193506793,0.25908266850565426,2.565972211266817,0.06641140360748742,0.06641140360748742,0.07076050250313529,0.06608434130481769,0.06227559399949118,-0.04619655966025774,0.2717891394432204,0.08472985889397974,-0.03468753892829782,0.2241164947658432,-0.03468753892829782,0.2241164947658432,-0.04843419606947755,0.2136937335113244,200,-0.02368733725653759,-0.002598150939122761,-1.5246450177945734,0.23667498809564155,0.033746372837001604,7.5934891602563495,0.0196078431372549,0.09803921568627451,0.1348878522120231,1080.25,0.7183328856215623,0.6877310219327414,0.9862102128497165,0.027746058896886548,0.0009894161056655248,0.7183328856215623,icc,0.9862102128497165,unselected,1.0,2.550290214769042,True,-2.4795297122659066,-2.2785010753258215,0.1,-0.02923949749686472,4.225797011730712,0.0009894161056655248,0.027746058896886548,0.9722539411031135
operator,ptm|miss20+,ptm,miss,miss20+,False,119,824,False,,119.0,,61.0,0.4077669902912622,-0.019056258026487905,0.3381069626751718,0.3780572063672293,-0.94473326969127,0.3582089552238806,0.8258706467661692,0.05262623448071553,1.021934059211419,1.4505325297078497,-0.6682427349119366,0.47761194029850745,0.7661691542288557,10.048096913043507,0.7896946047505667,2.242637940216203,4.128353552870142,0.009950248756218905,0.004975124378109453,-0.06466143796482644,0.3978806421973766,0.4019836223243417,-1.1506490674612597,-0.0018965042028755554,-0.0018965042028755554,-0.03857719818264339,-0.040125112603655484,-0.0019001077652382463,-0.5711610746273843,0.39468973857555667,0.35643869874905887,-0.35557435314383434,0.4018813351299956,-0.35557435314383434,0.4018813351299956,-1.0153199699564053,0.28413144607676655,200,-0.023020248484535565,0.004084731356433717,-2.088937502545749,0.1818945631069027,0.022374291648183973,7.122765117209497,0.08403361344537816,0.04201680672268908,0.07846969851541503,976.375,0.711410204358536,0.689823035832361,0.9875351248620503,-0.015649179153942133,-0.0004869294736081022,0.711410204358536,icc,0.9875351248620503,unselected,1.0,2.465125985405154,True,-2.503703183587797,-2.070436246829597,0.05,-0.011422801817356616,1.1283535528701423,0.0,0.0,1.0
operator,ptm|miss<=5,ptm,miss,miss<=5,False,859,824,False,,860.0,,103.0,0.0,9.806385220398537,-0.2160356161836717,2.106505691092055,4.757841803591988,0.009950248756218905,0.004975124378109453,35.59518756047579,-0.14759469793984778,10.02925482085322,3.5638522399588295,0.009950248756218905,0.004975124378109453,137.17681726105178,8.687806048433856,11.029974455145735,11.649076045926368,0.009950248756218905,0.004975124378109453,15.894545842262161,-0.3897062120103233,3.8992213989425304,4.176283003239769,0.07148719015500031,0.07148719015500031,0.07800216331338677,0.07235807679052933,0.06671772729700953,-0.0046982669569970315,0.17567933090835006,0.050338709138559284,-0.006400811267689783,0.1596855948006345,-0.006400811267689783,0.1596855948006345,-0.004721816815020752,0.14942654452418347,200,-0.03807749583359198,-0.0024504695016775518,-2.7282362400620483,0.20278161045353063,0.012957899248307862,6.307747859540359,0.04423748544819558,0.14435389988358557,0.150914399128931,2034.0,0.6990182591777431,0.6789334741663847,0.9925269508454145,0.033585999498184006,0.0005873029443769038,0.6990182591777431,icc,0.9925269508454145,unselected,1.0,2.3224606823925056,True,-2.2444585190791186,-2.1467813514841554,0.05,0.02800216331338677,8.649076045926368,0.0005873029443769038,0.033585999498184006,0.966414000501816
operator,pinned_sig&ptm,pinned_sig&ptm,primary,miss0,True,236,236,False,236.0,825.0,0.28606060606060607,103.0,0.0,2.918222553854999,-0.4059506631421778,0.7293383650036899,4.5577928935362655,0.009950248756218905,0.004975124378109453,10.804741685160447,-1.7075494571538667,3.4308566803986422,3.6469874168163945,0.009950248756218905,0.004975124378109453,67.91857590513263,4.753229454898143,4.720412122766928,13.381320276164644,0.009950248756218905,0.004975124378109453,4.632213610926912,-0.7292253284508977,1.307413520678255,4.100798144259992,0.042966486192689265,0.042966486192689265,0.052626533436591905,0.049995446404697746,0.04119642074937311,-0.002153811375369314,0.1109755515588373,0.028707483449542204,-0.007719159781691086,0.09560955895807104,-0.007719159781691086,0.09560955895807104,-0.0021584734122056374,0.09989011073988492,200,-0.08635312614945387,-0.01482602971656687,-4.423529129041393,0.22784918499168846,0.014519165472185791,6.419335926935775,0.025423728813559324,0.15677966101694915,0.12911100236585366,2308.5,0.69623511605528,0.6800036006356899,0.9934014244143958,0.0229607677825173,0.00034956680165259955,0.69623511605528,icc,0.9934014244143958,table,0.35,0.8022069156081055,True,-0.7495803821715137,-0.6912313640492682,0.05,0.002626533436591902,10.381320276164644,0.00034956680165259955,0.06560219366433515,0.9343978063356648
operator,pinned_sig&ptm|depthT1,pinned_sig&ptm,depth,depthT1,True,79,236,False,79.0,300.0,0.2633333333333333,103.0,0.0,0.7640202919158359,0.009924081135623115,0.1712856710033811,4.402564478177087,0.009950248756218905,0.004975124378109453,3.70119271832644,0.1229457033818342,1.013581915264472,3.5302987958412224,0.009950248756218905,0.004975124378109453,25.049138444231584,2.033804715735535,1.654192897447279,13.913331246925859,0.009950248756218905,0.004975124378109453,1.1392268592768817,0.016406491221797173,0.30557464293393494,3.6744553058279696,0.030500861082181353,0.030500861082181353,0.03276494791151089,0.03172546471272982,0.029598093736817307,0.005564922930880584,0.08403495039625784,0.01995490263990471,0.005502026260286236,0.07636128354610024,0.005502026260286236,0.07636128354610024,0.005534059435656766,0.07752051573713856,200,-0.06524280197063521,-0.008377617043123778,-4.139879992538735,0.20334215341209466,0.01032676612660067,6.781788495741187,0.012658227848101266,0.1518987341772152,0.09501096556144147,803.0,0.6821614260892713,0.6473654758912718,0.9809022708016613,0.015266128983803171,0.0006379189049081462,0.6821614260892713,icc,0.9809022708016613,table,0.35,0.7511879259762363,True,-0.7184229780647254,-0.6671529755799784,0.1,-0.06723505208848912,10.913331246925859,0.0006379189049081462,0.04361751138229478,0.9563824886177053
operator,pinned_sig&ptm|depthT2,pinned_sig&ptm,depth,depthT2,True,78,236,False,78.0,271.0,0.2878228782287823,103.0,0.0,1.1638815569682146,-0.22200712582152032,0.32393130142831683,4.278341354104738,0.009950248756218905,0.004975124378109453,3.8294524530213834,-0.8017218286137217,1.4726378413386496,3.144815481194819,0.009950248756218905,0.004975124378109453,21.122001102295748,2.01584685345662,1.5965261603027872,11.96732927020474,0.009950248756218905,0.004975124378109453,1.9480228506779154,-0.39435443858570696,0.5954919348514551,3.9335163957307433,0.05510280732073783,0.05510280732073783,0.07253624485283008,0.0676305767762499,0.05222505990734918,-0.017891052307190052,0.15984815562220392,0.0422835124847785,-0.025339866549265424,0.129046628187673,-0.025339866549265424,0.129046628187673,-0.018217840959284397,0.13781816379135647,200,-0.09952054924720781,-0.021261161193600914,-3.8037766285775305,0.2488149290349511,0.02726176971873265,5.881799370080897,0.02564102564102564,0.15384615384615385,0.15575506291386837,2308.5,0.6765958058211492,0.6787970249307292,0.9930452168755469,0.034671402946281835,0.0005080069296349898,0.6765958058211492,icc,0.9930452168755469,table,0.35,0.7322370467045984,True,-0.6597008018517684,-0.5723888910823945,0.1,-0.02746375514716992,8.96732927020474,0.0005080069296349898,0.09906115127509096,0.900938848724909
operator,pinned_sig&ptm|depthT3,pinned_sig&ptm,depth,depthT3,True,79,236,False,79.0,254.0,0.3110236220472441,103.0,0.0,0.9903207049709487,-0.19386761845628062,0.3782973224751074,3.1303111417214717,0.009950248756218905,0.004975124378109453,3.2740965138126246,-1.0287733319219794,1.7363097528534857,2.4781694848302167,0.009950248756218905,0.004975124378109453,21.747436358605295,0.7035778857059889,1.8012907861874297,11.682654813018974,0.009950248756218905,0.004975124378109453,1.5449639009721143,-0.3512773810869881,0.6696142417028444,2.8318413258907356,0.04553735385822092,0.04553735385822092,0.0562723953381577,0.05327451099405331,0.0435540190794522,-0.017743820884272798,0.13844756740005862,0.04091907697739797,-0.025562910048494206,0.12287349805445116,-0.025562910048494206,0.12287349805445116,-0.018065451442268766,0.12160835369884429,200,-0.09446270347226236,-0.014920768273444702,-3.3308678180498648,0.23165586169312422,0.006130259359155023,5.552537405408652,0.0379746835443038,0.16455696202531644,0.13690424521146644,6816.0,0.7135591984784819,0.7138330279748788,0.9973823368237059,0.02258916997856304,0.00014768877659059133,0.7135591984784819,icc,0.9973823368237059,table,0.35,0.8718929640640152,True,-0.8156205687258575,-0.7334453966639566,0.1,-0.043727604661842306,8.682654813018974,0.00014768877659059133,0.06454048565303726,0.9354595143469627
operator,pinned_sig&ptm|miss<=5,pinned_sig&ptm,miss,miss<=5,True,243,236,False,243.0,860.0,0.28255813953488373,103.0,0.0,2.9083157623257074,-0.4395944824587989,0.739999929868572,4.524203462261291,0.009950248756218905,0.004975124378109453,11.13860520320938,-1.8033635300661326,3.4447280137165075,3.7570364573754715,0.009950248756218905,0.004975124378109453,69.7230288245342,4.8360411098983365,4.834007259414337,13.42302239788056,0.009950248756218905,0.004975124378109453,4.612444930505362,-0.7933702615801289,1.328533718913277,4.069008648502633,0.04171241283342422,0.04171241283342422,0.051596018904563105,0.04906448672020474,0.040042157815867625,-0.0017216270007026984,0.10834979185791879,0.02844434032436448,-0.00764160963731635,0.09373591313509684,-0.00764160963731635,0.09373591313509684,-0.0017246069064101588,0.0977572437837557,200,-0.08481346300730869,-0.014515762973144095,-4.449835893667107,0.2271396104509115,0.013576934270654808,6.476897897430865,0.024691358024691357,0.16049382716049382,0.12839886984440427,2304.25,0.6964484524432678,0.6799285099878934,0.9933414222300286,0.02248845744620613,0.00034585903377075584,0.6964484524432678,icc,0.9933414222300286,table,0.35,0.8030166879962515,True,-0.7514206690916884,-0.6946668961383327,0.05,0.0015960189045631026,10.42302239788056,0.00034585903377075584,0.06425273556058894,0.935747264439411
operator,secretion,secretion,primary,miss0,False,1350,1350,False,,1351.0,,103.0,0.0,18.20995602114397,-0.06886132832944598,3.5839093565207047,5.100245439024908,0.009950248756218905,0.004975124378109453,60.51887817336983,0.06321087278384219,15.775420422738142,3.8322698020426316,0.009950248756218905,0.004975124378109453,207.16982108326292,17.277646338359215,17.422188939929615,10.899444116903881,0.009950248756218905,0.004975124378109453,30.751659178967337,-0.13443097704325083,6.854769524413551,4.505780981549923,0.08789869067766037,0.08789869067766037,0.09625892891072901,0.08780674562566561,0.0807967611606441,0.017570965787096878,0.23540380206999809,0.0684441756730015,0.0157643417454859,0.2042387497023815,0.0157643417454859,0.2042387497023815,0.017267555174896886,0.19054720404142556,200,-0.04801217172655956,-0.006729095065041715,-3.0009788754919904,0.20629894715206606,0.008990138424320525,6.913746990487224,0.0362962962962963,0.1325925925925926,0.1923973824089726,2364.375,0.6951205264366553,0.6767414792701654,0.9944697751218449,0.04221911230634452,0.0005352938185994212,0.6951205264366553,icc,0.9944697751218449,unselected,1.0,2.2799846716877465,True,-2.1837257427770176,-2.0445808696177483,0.05,0.04625892891072901,7.899444116903881,0.0005352938185994212,0.04221911230634452,0.9577808876936554
operator,secretion|depthT1,secretion,depth,depthT1,False,450,1350,False,,451.0,,103.0,0.0,4.7225311820114655,0.18909555465434574,0.9050763294976464,5.008898674737586,0.009950248756218905,0.004975124378109453,18.757482848299933,1.3079096621211754,4.43827741105625,3.9316093993381083,0.009950248756218905,0.004975124378109453,68.84373999819205,6.9465828852820115,5.786498768697299,10.696823690302937,0.009950248756218905,0.004975124378109453,7.965394434131045,0.32342894249923837,1.7135201047994684,4.459804977033601,0.06859783013147581,0.06859783013147581,0.07324141913476621,0.06824319098103065,0.06419424426777642,0.015226959291360963,0.17263787609518202,0.0748957036329131,0.01670398314446901,0.14927844391292044,0.01670398314446901,0.14927844391292044,0.014998257723935232,0.14722180969896567,200,-0.03592883552915339,-0.004227133879764318,-2.8076113231795765,0.18174567773670136,0.012316937203757865,6.818210033993115,0.042222222222222223,0.11777777777777777,0.16050360840883937,560.5,0.6933943338352219,0.6671780852108077,0.9830492986555498,0.032385949825204687,0.0012629004705003396,0.6933943338352219,icc,0.9830492986555498,unselected,1.0,2.2615183290923695,True,-2.188276909957603,-2.0888804529971874,0.05,0.02324141913476621,7.696823690302937,0.0012629004705003396,0.032385949825204687,0.9676140501747953
operator,secretion|depthT2,secretion,depth,depthT2,False,450,1350,False,,450.0,,103.0,0.0,6.208095966569452,-0.8188996958423389,1.4472735214699153,4.8553335345172774,0.009950248756218905,0.004975124378109453,17.921074398402787,-3.4839548870115697,6.426718047666312,3.330631455535382,0.009950248756218905,0.004975124378109453,67.05720930046758,5.153465043538399,5.6332688912936115,10.98895604869906,0.009950248756218905,0.004975124378109453,10.55796091513985,-1.6548332068635876,2.8022996506137168,4.358132835412079,0.0925790982257021,0.0925790982257021,0.1135148729170001,0.10194284394211352,0.08473445847174477,0.011042224815734851,0.27836873870712464,0.07344653567538187,0.0008288825352928408,0.23642676732277834,0.0008288825352928408,0.23642676732277834,0.01091295179870681,0.21775152641676898,200,-0.06015754239949323,-0.012016755780911633,-2.877586672310223,0.20995086264064053,0.008695165523548206,6.39102153920246,0.03111111111111111,0.13555555555555557,0.2027997213065421,2364.375,0.6962971712175905,0.6818586862182391,0.993590503527352,0.049511601423690696,0.0007322666379878178,0.6962971712175905,icc,0.993590503527352,unselected,1.0,2.292692412544035,True,-2.179177539627035,-2.0143236738369104,0.05,0.0635148729170001,7.988956048699061,0.0007322666379878178,0.049511601423690696,0.9504883985763093
operator,secretion|depthT3,secretion,depth,depthT3,False,450,1350,False,,450.0,,103.0,0.0,7.279328872563051,0.5609428128585476,1.5086237537034404,4.4533211433347075,0.009950248756218905,0.004975124378109453,23.84032092666711,2.2392560976742333,6.403444239584367,3.373350968758487,0.009950248756218905,0.004975124378109453,71.26887178460328,5.177598409538802,6.915931546870275,9.556380500176195,0.009950248756218905,0.004975124378109453,12.228303829696442,1.1969732873210983,2.8885045654900385,3.8190455622506048,0.10213896600697496,0.10213896600697496,0.10165314899560217,0.09227327956016035,0.09267340068469059,-0.010725109676367585,0.2764714805662465,0.08093525117050229,-0.001386161192351051,0.2611867704490008,-0.001386161192351051,0.2611867704490008,-0.01084140578993761,0.21657256678141223,200,-0.04795013725103203,-0.003943395534449191,-2.7172030103619194,0.22720030107885625,0.005958312545655509,6.5832164365933945,0.035555555555555556,0.14444444444444443,0.21388881751153632,7104.166666666666,0.6967452408117876,0.6811876663814493,0.9986068812424405,0.044244006867514556,0.0001418124702431198,0.6967452408117876,icc,0.9986068812424405,unselected,1.0,2.297557481626723,True,-2.1959043326311205,-2.0210860010604765,0.05,0.051653148995602166,6.556380500176195,0.0001418124702431198,0.044244006867514556,0.9557559931324855
operator,secretion|miss0-5,secretion,miss,miss0-5,False,41,1350,False,,42.0,,99.0,0.03883495145631066,0.3095139914164927,-0.08477322222339563,0.15607924345512655,2.526198903272155,0.01990049751243781,0.009950248756218905,0.7210624416919678,-0.24327159857815647,0.7063400134834574,1.3652547241580122,0.21890547263681592,0.10945273631840796,5.687595840690909,0.2860742568276877,0.5656650649652494,9.548975035598238,0.009950248756218905,0.004975124378109453,0.5446339354529064,-0.16501557846308124,0.3086664928264305,2.2990817934845884,0.0544191254241606,0.0544191254241606,0.07299558235920076,0.068029713783821,0.05161052575015599,-0.04386685400945186,0.21850434644070008,0.0669832089089704,-0.058889452990676244,0.16742324830455635,-0.058889452990676244,0.16742324830455635,-0.045879724572749324,0.17932173670756604,200,-0.04978303183513073,-0.012547909136007819,-2.153495422608272,0.21499399589455276,0.05441318011842335,5.54808057811659,0.024390243902439025,0.14634146341463414,0.14768370170946696,736.0,0.6478197095636566,0.636145560592763,0.9859232904792454,0.039683271466298665,0.001042208475133306,0.6478197095636566,icc,0.9859232904792454,unselected,1.0,1.8394547541573742,True,-1.7664591717981735,-1.620950407716674,0.1,-0.02700441764079925,6.548975035598238,0.001042208475133306,0.039683271466298665,0.9603167285337013
operator,secretion|miss5-20,secretion,miss,miss5-20,False,54,1350,False,,54.0,,91.0,0.11650485436893199,0.20552038047602073,0.03250216079364369,0.15507510328035054,1.115705977442351,0.23880597014925373,0.11940298507462686,0.832305042553444,0.06705472386150758,0.7780616251634256,0.9835343293421028,0.2885572139303483,0.14427860696517414,6.71333408373633,0.6457735601646971,0.6971855033925898,8.702935580338579,0.009950248756218905,0.004975124378109453,0.3299416424923824,0.03101504594742702,0.27646660628895225,1.08123943270215,0.03061375732423518,0.03061375732423518,0.028515285345770382,0.027724707403044575,0.029704394208473556,-0.07531139308236195,0.16414605837912824,0.060981775572451755,-0.06015368955183325,0.15188901025304366,-0.06015368955183325,0.15188901025304366,-0.0814458940780288,0.14100061606594827,200,-0.03313075663000156,-0.005371125367926749,-1.9181907931429762,0.22434629513017365,0.03225698649850736,6.715052696560632,0.09259259259259259,0.12962962962962962,0.13929956074488561,1190.5,0.6939967004140257,0.6469879171919106,0.9890226460991924,0.012573217421978635,0.0003164966748310829,0.6939967004140257,icc,0.9890226460991924,unselected,1.0,2.2679386181554597,True,-2.2394233328096895,-2.1037925597763314,0.1,-0.07148471465422962,5.702935580338579,0.0003164966748310829,0.012573217421978635,0.9874267825780214
operator,secretion|miss20+,secretion,miss,miss20+,False,99,1350,False,,99.0,,61.0,0.4077669902912622,0.18495202312043296,0.3051374565766367,0.4095041849700873,-0.29349012261006036,0.7661691542288557,0.6218905472636815,0.3555400569941716,0.8276878399298908,1.2144701259917305,-0.38876854426548,0.6766169154228856,0.6666666666666666,11.844844245160111,0.6838823052129045,1.7884098369302655,6.240718267969581,0.009950248756218905,0.004975124378109453,0.3546017240592691,0.36837222845188805,0.44800481449056034,-0.030737402695722827,0.015614559321538204,0.015614559321538204,-0.010768375889361043,-0.010885596079727302,0.015374493382577353,-0.3316926030242981,0.2839928892211003,0.25271520190318897,-0.24255382490267097,0.3005564241850361,-0.24255382490267097,0.3005564241850361,-0.4963509301204437,0.22116321066195804,200,-0.0364004987005875,0.0069397831613303256,-3.120033168213764,0.1771638842694743,0.0188040720425465,7.423713765496724,0.06060606060606061,0.0707070707070707,0.12883317894951943,601.0,0.710899059099596,0.687909565462791,0.9909757071080759,-0.004379169674983849,-9.806191746063595e-05,0.710899059099596,icc,0.9909757071080759,unselected,1.0,2.4589994653268965,True,-2.4697678412162576,-2.175006576105796,0.1,-0.08923162411063897,3.240718267969581,0.0,0.0,1.0
operator,secretion|miss<=5,secretion,miss,miss<=5,False,1391,1350,False,,1393.0,,103.0,0.0,18.51947001256046,-0.15363455055284153,3.6498408519593926,5.116142133454606,0.009950248756218905,0.004975124378109453,61.2399406150618,-0.18006072579431356,16.01496463507779,3.835163095291954,0.009950248756218905,0.004975124378109453,212.8574169239538,17.5637205951869,17.784698400882835,10.980995681044131,0.009950248756218905,0.004975124378109453,31.296293114420244,-0.2994465555063318,6.980828015904537,4.526073353754236,0.08700410951231638,0.08700410951231638,0.09561550072603517,0.08727103683972465,0.08004027652788794,0.019387485560413413,0.2309986577859779,0.06648870994888689,0.017037063269966637,0.20011635879958287,0.017037063269966637,0.20011635879958287,0.019018604133621542,0.18765062217984346,200,-0.04806436817835783,-0.0069006057601600545,-3.045466993007115,0.20655523543275758,0.010328991558366689,6.940366775619303,0.035945363048166784,0.13299784327821712,0.1910794378304825,2264.0,0.6939859351905215,0.6755449065413562,0.9942918581910879,0.04216178823268937,0.000548920151339965,0.6939859351905215,icc,0.9942918581910879,unselected,1.0,2.2678236558263776,True,-2.1722081551003423,-2.0368249980404,0.05,0.045615500726035166,7.980995681044131,0.000548920151339965,0.04216178823268937,0.9578382117673107
operator,pinned_sig&secretion,pinned_sig&secretion,primary,miss0,True,381,381,False,381.0,1351.0,0.2820133234641007,103.0,0.0,4.05151557403486,-0.4843702016129237,1.1107568763021332,4.083599095734063,0.009950248756218905,0.004975124378109453,13.963263598980348,-2.0512352152943745,5.258875663389215,3.0452324487842666,0.009950248756218905,0.004975124378109453,104.10441224594548,9.310167694587012,7.47491118316955,12.681654969332135,0.009950248756218905,0.004975124378109453,6.505088271543881,-0.9728219019337087,2.0123350624025376,3.7160363168098227,0.038917808444691095,0.038917808444691095,0.04784980140002372,0.045664752081922416,0.037459949312980675,0.010094009605397867,0.1128773225075676,0.027853548639246887,0.004146962403711985,0.09701499157210375,0.004146962403711985,0.09701499157210375,0.009993061232101166,0.10142823369456479,200,-0.10742873254817961,-0.018652372438167263,-5.2245158266656375,0.20671210643295013,0.00741954332865161,6.783900593955912,0.04199475065616798,0.13123359580052493,0.154520039330595,2530.0,0.6901458095101782,0.66643318793008,0.9942507273185082,0.021483085564811256,0.000276692335690731,0.6901458095101782,icc,0.9942507273185082,table,0.35,0.7795635519620218,True,-0.731713750561998,-0.6666862294544542,0.05,-0.002150198599976283,9.681654969332135,0.000276692335690731,0.06138024447088931,0.9386197555291107
operator,pinned_sig&secretion|depthT1,pinned_sig&secretion,depth,depthT1,True,127,381,False,127.0,506.0,0.2509881422924901,103.0,0.0,0.7241086061198765,-0.273991851079762,0.3182271257625588,3.1364405369527133,0.029850746268656716,0.014925373134328358,3.597700285944995,-1.217064163530079,1.8806903882810415,2.560104778264852,0.03980099502487562,0.01990049751243781,36.84243005848999,3.7350775095521023,2.647889616660812,12.503297849208966,0.009950248756218905,0.004975124378109453,1.0595839615297202,-0.5373045419636884,0.5657435264244692,2.8226368113937306,0.019654203182860153,0.019654203182860153,0.030147395679684406,0.029265128277874596,0.01927536131514917,-0.0008977901687138186,0.08926628536606207,0.02359062806721578,-0.008641059395612386,0.06826989558332557,-0.008641059395612386,0.06826989558332557,-0.0008986031207579918,0.08195069602162997,200,-0.09037646072534239,-0.02230639015572172,-3.867377435839326,0.1819036648585952,0.006013468827559776,6.591840668287475,0.031496062992125984,0.10236220472440945,0.11232144578313226,771.3333333333334,0.6948440844859416,0.6546343713742513,0.9839152995169592,0.013239885514467234,0.0004928389975127968,0.6948440844859416,icc,0.9839152995169592,table,0.35,0.7969546622106221,True,-0.7668072665309377,-0.70768837684456,0.05,-0.019852604320315596,9.503297849208966,0.0004928389975127968,0.037828244327049246,0.9621717556729508
operator,pinned_sig&secretion|depthT2,pinned_sig&secretion,depth,depthT2,True,127,381,False,127.0,416.0,0.30528846153846156,103.0,0.0,1.9614179816732968,-0.252021006223117,0.479986689367387,4.611459102779877,0.009950248756218905,0.004975124378109453,6.6312273684668215,-0.6865296404994575,2.110674578258367,3.46702285816346,0.009950248756218905,0.004975124378109453,31.914558308446527,2.505977722349684,2.285349388376743,12.868308336427026,0.009950248756218905,0.004975124378109453,3.2977141473446765,-0.4822760220396691,0.8896659664628312,4.24877460965825,0.0614584091284192,0.0614584091284192,0.075265073790839,0.06999676231042504,0.05789996913669345,-0.0021739638651029638,0.17237709968373127,0.04136153472624572,-0.009115894252040452,0.1495601616315638,-0.009115894252040452,0.1495601616315638,-0.002178848951343564,0.14703181484020017,200,-0.10502506992083874,-0.015061092970362386,-4.5385099174028,0.190253649725131,0.007037424489602092,5.471123484355379,0.023622047244094488,0.1732283464566929,0.1764405528423551,2530.0,0.6892837593725532,0.676437889616935,0.9937633451370311,0.03392808906469078,0.00047234816092418916,0.6892837593725532,icc,0.9937633451370311,table,0.35,0.7764296944801636,True,-0.7011646206893246,-0.6040525947964324,0.05,0.02526507379083899,9.868308336427026,0.00047234816092418916,0.09693739732768797,0.9030626026723121
operator,pinned_sig&secretion|depthT3,pinned_sig&secretion,depth,depthT3,True,127,381,False,127.0,429.0,0.29603729603729606,103.0,0.0,1.3659889862416865,0.041642655689955274,0.4502939743008346,2.941070514230234,0.01990049751243781,0.009950248756218905,3.7343359445685307,-0.14764141126483785,2.037134732907864,1.9056065821881714,0.08955223880597014,0.04477611940298507,35.34742387900897,3.069112462685227,2.939991484022853,10.979049290359388,0.009950248756218905,0.004975124378109453,2.1477901626694846,0.046758662069648925,0.8352413227527249,2.5154783933287876,0.03864465458408915,0.03864465458408915,0.041028984244881675,0.039411951891658775,0.03720681025366069,-0.017180304340031077,0.1119850013035474,0.036456652856555506,-0.014347722313464118,0.1037682103055954,-0.014347722313464118,0.1037682103055954,-0.017480654530853953,0.10070704457897235,200,-0.12688466699835774,-0.018589634188417685,-5.4982297811511955,0.2479790047151242,0.009207736668792954,6.932562271096947,0.07086614173228346,0.11811023622047244,0.17479811936629766,7554.0,0.6874608576264013,0.668227302799054,0.9987066898569879,0.018652936245170084,5.313191752924941e-05,0.6874608576264013,icc,0.9987066898569879,table,0.35,0.7698597313024614,True,-0.7288307470575798,-0.657874729998914,0.05,-0.008971015755118328,7.979049290359388,5.313191752924941e-05,0.05329410355762882,0.9467058964423711
operator,pinned_sig&secretion|miss<=5,pinned_sig&secretion,miss,miss<=5,True,392,381,False,392.0,1393.0,0.2814070351758794,103.0,0.0,4.223493683328285,-0.5219763814059611,1.1360449083577402,4.177185276587586,0.009950248756218905,0.004975124378109453,14.352923965384294,-2.257815117110247,5.32993980016857,3.1164965656777572,0.009950248756218905,0.004975124378109453,106.89793617883615,9.436425894702383,7.652139886125913,12.73650400208197,0.009950248756218905,0.004975124378109453,6.789947252669161,-1.040420319909288,2.0585711302429845,3.803787713497268,0.03950959049632672,0.03950959049632672,0.04869070929538822,0.04642999967845938,0.03800791340218648,0.011313235196955821,0.11242375482944583,0.027461211139770854,0.005174340462931388,0.09728770764984919,0.005174340462931388,0.09728770764984919,0.011186677030910148,0.10106177215746137,200,-0.10689863146702332,-0.018827875479189748,-5.2775254101184395,0.20772435419636892,0.008924059329633012,6.821137602052345,0.04081632653061224,0.1326530612244898,0.15394370427916695,2479.333333333333,0.6879915149959805,0.6653233154323015,0.9941345522718485,0.02208154331832706,0.0002872778232745919,0.6879915149959805,icc,0.9941345522718485,table,0.35,0.7717643648232551,True,-0.7230736555278668,-0.6593406099938093,0.05,-0.0013092907046117833,9.73650400208197,0.0002872778232745919,0.06309012376664876,0.9369098762333512
operator,splicing,splicing,primary,miss0,False,224,224,False,,224.0,,103.0,0.0,3.5323565305285256,-0.06822686754686233,0.781189614042313,4.609103005663313,0.009950248756218905,0.004975124378109453,18.721183097653345,-0.3570152180407797,5.539304328584268,3.4441505979813387,0.009950248756218905,0.004975124378109453,42.402031775762694,3.8031241725143072,6.5543139034974365,5.889084375811126,0.009950248756218905,0.004975124378109453,5.177910654316303,-0.12021212593939151,1.3125154075033787,4.036617589376418,0.08330630355660565,0.08330630355660565,0.0932820025655952,0.08532291060009325,0.07690004505937287,-0.06334580409383593,0.3214238243649112,0.4430089261250863,-0.05513457390827878,0.2686428183068779,-0.05513457390827878,0.2686428183068779,-0.06763011310063745,0.24322242048353626,200,0.022635784303286794,-0.00717355389568635,1.1771353129436233,0.21308860043994288,0.0051182834425772305,5.3483579079657995,0.03125,0.27232142857142855,0.06660220650095632,2045.0,0.6597637262765956,0.6345361586317182,0.9897883544481734,0.048104980153257974,0.0009623903355536176,0.6597637262765956,icc,0.9897883544481734,unselected,1.0,1.9391339996068486,True,-1.8458519970412535,-1.6177101752419374,0.05,0.043282002565595196,2.8890843758111258,0.0009623903355536176,0.048104980153257974,0.9518950198467421
operator,splicing|depthT1,splicing,depth,depthT1,False,75,224,False,,75.0,,103.0,0.0,1.009843930223199,-0.05489734211048978,0.21954296366073325,4.8498082315180335,0.009950248756218905,0.004975124378109453,4.873866913930213,-0.13858866099843975,1.4826821013995395,3.380667757570739,0.009950248756218905,0.004975124378109453,14.687213494345105,1.3305658668459923,2.0214948002781514,6.60731238371787,0.009950248756218905,0.004975124378109453,1.470901098751978,-0.09344466277274634,0.37532267821847054,4.1680022346375205,0.06875667263991299,0.06875667263991299,0.07971620589447638,0.07383070241910146,0.06433332712681794,-0.008247399826561754,0.21777397328825102,0.06597234999852121,-0.010527948732260676,0.18651371315580345,-0.010527948732260676,0.18651371315580345,-0.008316167257755065,0.17882955013882013,200,0.0011919359996030413,-0.008545404814291464,0.5113796889340877,0.2251592318760497,0.022521700352932238,6.284354508036515,0.05333333333333334,0.24,0.06627477506256857,851.6666666666666,0.6419934534026996,0.6092689444463195,0.9772112229801541,0.04445360529590852,0.001858999158295836,0.6419934534026996,icc,0.9772112229801541,unselected,1.0,1.7932450104741766,True,-1.7135288045797001,-1.5754710371859255,0.1,-0.020283794105523625,3.60731238371787,0.001858999158295836,0.04445360529590852,0.9555463947040915
operator,splicing|depthT2,splicing,depth,depthT2,False,74,224,False,,74.0,,103.0,0.0,1.0441927959003732,-0.012494432104075843,0.27509830146338404,3.8411259625501377,0.009950248756218905,0.004975124378109453,6.0493653315723295,-0.2441104963256406,1.8795217426072446,3.348445343956359,0.009950248756218905,0.004975124378109453,12.85431230090903,1.3125565480965542,2.134676100622359,5.406794852599655,0.009950248756218905,0.004975124378109453,1.5129531851454125,-0.025210294338407716,0.4689799423066594,3.2798065348347816,0.08123287901030148,0.08123287901030148,0.09155342138885214,0.08387443032551074,0.07512986386860285,-0.04261043596653195,0.37168225400123844,0.6486772176876058,-0.03141032817727833,0.35623952051955643,-0.03141032817727833,0.35623952051955643,-0.034293539534103745,0.2717095236672594,200,0.02756163387018825,-0.00895940175964051,1.3229424113076815,0.22423086180928217,0.002880013166717399,5.36412094954388,0.02702702702702703,0.28378378378378377,0.06705344652656912,2045.0,0.6822192445779021,0.6615699902379972,0.9898771791075043,0.04264599048129737,0.0009362564430974577,0.6822192445779021,icc,0.9898771791075043,unselected,1.0,2.1468236604565063,True,-2.0552702390676543,-1.7751414064552677,0.1,-0.008446578611147865,2.4067948525996554,0.0009362564430974577,0.04264599048129737,0.9573540095187026
operator,splicing|depthT3,splicing,depth,depthT3,False,75,224,False,,75.0,,103.0,0.0,1.4783198044049533,-0.000835093332296708,0.36768903879721526,4.022841971509031,0.009950248756218905,0.004975124378109453,7.7979508521508,0.025683939283300202,2.650733235552184,2.93211961453693,0.01990049751243781,0.009950248756218905,14.860505980508558,1.160001757571761,2.6513105450947196,5.16744605730346,0.009950248756218905,0.004975124378109453,2.194056370418912,-0.0015571688282374585,0.6134299237800436,3.5792410088465574,0.09947977588003784,0.09947977588003784,0.10796353722959424,0.09744322227385886,0.09047895019297916,-0.19101693466420355,0.4359773270234583,0.2865158536287025,-0.12442996665050199,0.40288773398975636,-0.12442996665050199,0.40288773398975636,-0.11992786174199829,0.3049029190620918,200,0.03921946103429443,-0.004039666417979798,1.2084008993652442,0.1900242711194213,-0.010076706795596078,3.8132114494717877,0.013333333333333334,0.29333333333333333,0.06648441444740612,4765.6,0.655407904294019,0.6331299922989213,0.9951880494517186,0.056763705945613654,0.000522027171098534,0.655407904294019,icc,0.9951880494517186,unselected,1.0,1.9019818285479122,True,-1.794018291318318,-1.4660045015244538,0.1,0.00796353722959424,2.1674460573034597,0.000522027171098534,0.056763705945613654,0.9432362940543864
operator,splicing|miss<=5,splicing,miss,miss<=5,False,225,224,False,,225.0,,103.0,0.0,3.532520843143831,-0.06924148923703495,0.7813041031794038,4.609936537801371,0.009950248756218905,0.004975124378109453,18.726035881575946,-0.39195687543770064,5.544712194583423,3.447968458252862,0.009950248756218905,0.004975124378109453,42.5252845496334,3.857761588306362,6.567633327491874,5.887588577679297,0.009950248756218905,0.004975124378109453,5.178138317416467,-0.12185137593995232,1.3126664894429447,4.037575222633719,0.0830687173655675,0.0830687173655675,0.09314696304656325,0.08520991796653384,0.07669755024189233,-0.06146041869195877,0.3192297767056964,0.49856042849953425,-0.05355536819792461,0.26754203439412527,-0.05355536819792461,0.26754203439412527,-0.06548589523853812,0.24196273931440537,200,0.022521078566696287,-0.007314287315315519,1.1820618191814434,0.21238659802161783,0.005260239460838396,5.338226565514432,0.03111111111111111,0.27111111111111114,0.06631597854126148,2044.0,0.6595892424337845,0.6345639055490542,0.9897705154168482,0.048072688600369395,0.0009626932785029755,0.6595892424337845,icc,0.9897705154168482,unselected,1.0,1.9376274920027563,True,-1.844480528956193,-1.61839771529706,0.05,0.04314696304656325,2.8875885776792973,0.0009626932785029755,0.048072688600369395,0.9519273113996306
operator,pinned_sig&splicing,pinned_sig&splicing,primary,miss0,True,74,74,False,74.0,224.0,0.33035714285714285,103.0,0.0,1.1733402302637284,-0.09458038712776137,0.29368915637671084,4.317219719767747,0.009950248756218905,0.004975124378109453,6.241194586753861,-0.4903895426673756,2.0191872020911816,3.333808832806407,0.009950248756218905,0.004975124378109453,21.89093175993025,2.169154169222204,2.5736577841892108,7.662937050864,0.009950248756218905,0.004975124378109453,1.6803436181438565,-0.16099422295594423,0.48972816167570904,3.759918226469296,0.05359937361878044,0.05359937361878044,0.06429038211996026,0.06040680551101122,0.05087263238842251,-0.008055301581890321,0.18258719616327976,0.053986053497159917,-0.011740127727828393,0.15222371230120782,-0.011740127727828393,0.15222371230120782,-0.008123395882872324,0.15439454331996158,200,-0.009950193509232846,-0.016212734141671833,0.2198508763735026,0.23575190526492137,0.022114477254093944,5.477194413450886,0.013513513513513514,0.28378378378378377,0.06916420216678112,1967.875,0.6715293872778302,0.642674088713741,0.9895542579953012,0.03144687575429798,0.0006786497451580836,0.6715293872778302,icc,0.9895542579953012,table,0.35,0.7155443331730877,True,-0.6512539510531274,-0.532957137009808,0.1,-0.03570961788003975,4.662937050864,0.0006786497451580836,0.08984821644085138,0.9101517835591486
operator,pinned_sig&splicing|depthT1,pinned_sig&splicing,depth,depthT1,True,25,74,False,25.0,69.0,0.36231884057971014,103.0,0.0,0.30838376422000263,-0.03138736828942451,0.09725963745820262,3.4934443659163747,0.009950248756218905,0.004975124378109453,1.9362233564637905,-0.15678899523708922,0.6213050349143447,3.368735539040706,0.009950248756218905,0.004975124378109453,7.5482316997562835,0.6695246850164611,0.8672271928837358,7.931839627706428,0.009950248756218905,0.004975124378109453,0.4237908259047816,-0.04713273897287051,0.16357455870647186,2.8789536013525554,0.04085510043762431,0.04085510043762431,0.04939462195167772,0.047069635119544415,0.03925147738666689,-0.017819824625153864,0.1385715798726869,0.03903476094595832,-0.020401564431651174,0.11843138261050315,-0.020401564431651174,0.11843138261050315,-0.018143132056772353,0.12170438410605706,200,-0.024024796007497375,-0.016707464917637912,-0.29078564692517445,0.2627361339647113,0.048127312033667914,6.0084202028594165,0.04,0.24,0.07391591566618025,876.0,0.6690636815274137,0.6267159248971857,0.9772112229801541,0.024431866192042965,0.0011518932643891989,0.6690636815274137,icc,0.9772112229801541,table,0.35,0.7076052867675593,True,-0.6582106648158815,-0.5690337068948724,0.1,-0.05060537804832228,4.931839627706428,0.0011518932643891989,0.06980533197726563,0.9301946680227344
operator,pinned_sig&splicing|depthT2,pinned_sig&splicing,depth,depthT2,True,24,74,False,24.0,79.0,0.3037974683544304,103.0,0.0,0.40790394078391823,-0.061745030402226495,0.11800249876365006,3.9799917468427135,0.009950248756218905,0.004975124378109453,2.276110029917297,-0.2003759728153136,0.7959440001478438,3.1113822106487548,0.009950248756218905,0.004975124378109453,6.775392252052494,0.7615819046056803,0.9054142545529342,6.642053973864425,0.009950248756218905,0.004975124378109453,0.5661938704780052,-0.11160578440439617,0.19716658781021998,3.437700385294532,0.06020373811720649,0.06020373811720649,0.07809507517734345,0.07243802237432263,0.05678506493867022,-0.021212815270890254,0.2519611937449596,0.11476879785445812,-0.03148141059200409,0.18228339068528426,-0.03148141059200409,0.18228339068528426,-0.021672656731408523,0.20125156475205191,200,0.007144358413470696,-0.01674273823733439,0.6628416843761986,0.2360654844867652,0.004559192967634745,5.107665836098389,0.0,0.375,0.06498154112019272,1967.875,0.7012040025091465,0.6708449108174827,0.9893672349385301,0.03327775626385297,0.0008392905662275303,0.7012040025091465,icc,0.9893672349385301,table,0.35,0.8213677657637093,True,-0.7432726905863658,-0.5694065720187497,0.1,-0.02190492482265656,3.6420539738644253,0.0008392905662275303,0.09507930361100851,0.9049206963889915
operator,pinned_sig&splicing|depthT3,pinned_sig&splicing,depth,depthT3,True,25,74,False,25.0,76.0,0.32894736842105265,103.0,0.0,0.45705252525980733,-0.0014479884361103495,0.1311007674748736,3.4973137268917407,0.009950248756218905,0.004975124378109453,2.028861200372774,-0.13322457461497275,0.9306798606772484,2.3231251328619207,0.029850746268656716,0.014925373134328358,7.567307808121473,0.7380475796000624,0.9815782937273082,6.957427922116057,0.009950248756218905,0.004975124378109453,0.6903589217610694,-0.0022556995786775567,0.22168742437003472,3.124284669317341,0.060398299745291734,0.060398299745291734,0.06713765449748964,0.06291377144695026,0.05695812579084618,-0.059016971527006724,0.2758502222065984,0.07753738668858992,-0.05162296725830275,0.23544274481753028,-0.05162296725830275,0.23544274481753028,-0.0627196531866671,0.21620893724531745,200,-0.01228636085676372,-0.015209199433869695,0.07716726200375941,0.2084666405121614,0.0129547153895208,3.5830850644878987,0.0,0.24,0.06842784327210694,5085.0,0.642976063260902,0.631588263310704,0.9958451680054493,0.03727938111810688,0.0002801094827863176,0.642976063260902,icc,0.9958451680054493,table,0.45,0.8104196909319443,True,-0.7432820364344547,-0.5345694687253459,0.1,-0.03286234550251037,3.9574279221160573,0.0002801094827863176,0.0828430691513486,0.9171569308486514
operator,pinned_sig&splicing|miss<=5,pinned_sig&splicing,miss,miss<=5,True,74,74,False,74.0,225.0,0.3288888888888889,103.0,0.0,1.1733402302637284,-0.09458038712776137,0.29368915637671084,4.317219719767747,0.009950248756218905,0.004975124378109453,6.241194586753861,-0.4903895426673756,2.0191872020911816,3.333808832806407,0.009950248756218905,0.004975124378109453,21.89093175993025,2.169154169222204,2.5736577841892108,7.662937050864,0.009950248756218905,0.004975124378109453,1.6803436181438565,-0.16099422295594423,0.48972816167570904,3.759918226469296,0.05359937361878044,0.05359937361878044,0.06429038211996026,0.06040680551101122,0.05087263238842251,-0.008055301581890321,0.18258719616327976,0.053986053497159917,-0.011740127727828393,0.15222371230120782,-0.011740127727828393,0.15222371230120782,-0.008123395882872324,0.15439454331996158,200,-0.009950193509232846,-0.016212734141671833,0.2198508763735026,0.23575190526492137,0.022114477254093944,5.477194413450886,0.013513513513513514,0.28378378378378377,0.06916420216678112,1967.875,0.6715293872778302,0.642674088713741,0.9895542579953012,0.03144687575429798,0.0006786497451580836,0.6715293872778302,icc,0.9895542579953012,table,0.35,0.7155443331730877,True,-0.6512539510531274,-0.532957137009808,0.1,-0.03570961788003975,4.662937050864,0.0006786497451580836,0.08984821644085138,0.9101517835591486
operator,translation,translation,primary,miss0,False,1162,1162,False,,1163.0,,103.0,0.0,13.255788603729275,0.06476018759415464,2.5137462206742853,5.247557731820983,0.009950248756218905,0.004975124378109453,51.963971774907165,0.9891198283518687,12.658686886828047,4.0268672732238135,0.009950248756218905,0.004975124378109453,184.65388192363002,8.56795709942309,16.5442251699816,10.643346727636612,0.009950248756218905,0.004975124378109453,21.153088908620376,0.1543403601335637,4.604641433074907,4.560343916825719,0.071787218690651,0.071787218690651,0.07491245214121578,0.06969167767290337,0.06697898373741559,0.005962305424829207,0.17511378627871937,0.043333059865983015,0.006047575214016355,0.16533815457226828,0.006047575214016355,0.16533815457226828,0.005926962466554896,0.14901851180215925,200,-0.025118613684251032,-0.0004379024858619759,-2.0730588691023875,0.21080319256227759,0.010341424452659863,6.581126610025873,0.04130808950086059,0.14802065404475043,0.12544147612364315,1910.625,0.6912453868354834,0.672281386758366,0.9916128171359273,0.03346071543125,0.0006336187108988777,0.6912453868354834,icc,0.9916128171359273,unselected,1.0,2.238818004209578,True,-2.1639055520683623,-2.0637042179308587,0.05,0.024912452141215777,7.643346727636612,0.0006336187108988777,0.03346071543125,0.96653928456875
operator,translation|depthT1,translation,depth,depthT1,False,387,1162,False,,388.0,,103.0,0.0,3.281201899541448,0.2634225081008685,0.6915247861891888,4.3639497118689965,0.009950248756218905,0.004975124378109453,15.630882139133696,1.9863410450958534,3.7006298427434285,3.687086164749346,0.009950248756218905,0.004975124378109453,56.01278218246708,2.7260683714912624,5.274429742400399,10.102838868553203,0.009950248756218905,0.004975124378109453,5.292148371973264,0.4392267173574168,1.2743032160723635,3.808294284600052,0.058579520096905986,0.058579520096905986,0.056632867287436064,0.053597487869956835,0.05533785510184763,0.006609919367252317,0.15174605513398404,0.03783528029289952,0.01185399668091506,0.1483829078059404,0.01185399668091506,0.1483829078059404,0.006566394104691656,0.13175289973445892,200,-0.013999311062199505,0.0028909179950750703,-1.6836968202841822,0.18653945718243448,0.00945047288480461,6.837894734249386,0.05426356589147287,0.13695090439276486,0.10679499117040042,593.0,0.679333125742459,0.6492358681391861,0.9772426440198639,0.026732517295482205,0.0013188273443885733,0.679333125742459,icc,0.9772426440198639,unselected,1.0,2.1185010996703637,True,-2.0618682323829276,-1.9667550445363797,0.05,0.006632867287436062,7.102838868553203,0.0013188273443885733,0.026732517295482205,0.9732674827045178
operator,translation|depthT2,translation,depth,depthT2,False,387,1162,False,,387.0,,103.0,0.0,4.615775427973169,-0.10297735089856715,1.007014622275164,4.685883079046642,0.009950248756218905,0.004975124378109453,16.94138347844147,-0.25520635427616023,5.291185151111314,3.250044997783873,0.009950248756218905,0.004975124378109453,59.42628530283069,2.5843518240738708,5.321045025366871,10.682475567820953,0.009950248756218905,0.004975124378109453,7.397237941479352,-0.1620893119809822,1.8394996346178887,4.109447542799105,0.07767228600023739,0.07767228600023739,0.08301534606726997,0.07665204963966742,0.07207412402569688,-0.004388380847186661,0.22212380853746375,0.05598796349312158,-0.006057302645799911,0.20776521030266254,-0.006057302645799911,0.20776521030266254,-0.00440778088779409,0.18175196660227338,200,-0.03233313551932675,-0.0019879624199125438,-1.9526104435439477,0.19981276197698608,0.01056754971846235,5.875660987323086,0.028423772609819122,0.1343669250645995,0.13175014595880566,1908.25,0.70157397492756,0.6875276166417461,0.9908922108797664,0.03531194233569794,0.000763035835202109,0.70157397492756,icc,0.9908922108797664,unselected,1.0,2.3509141830283062,True,-2.2678988369610362,-2.1287903744908423,0.05,0.03301534606726997,7.682475567820953,0.000763035835202109,0.03531194233569794,0.9646880576643021
operator,translation|depthT3,translation,depth,depthT3,False,388,1162,False,,388.0,,103.0,0.0,5.358811276214659,-0.09568496960814678,1.0918329006904917,4.995724384540254,0.009950248756218905,0.004975124378109453,19.391706157332,-0.7420148624678246,5.280991429508768,3.812488864741945,0.009950248756218905,0.004975124378109453,69.21481443833224,3.2575369038579574,6.966264283912335,9.468098660395915,0.009950248756218905,0.004975124378109453,8.463702595167764,-0.12279704524287077,2.0154662487934534,4.260304356647446,0.0774228945017133,0.0774228945017133,0.08269741338204677,0.07638090971670741,0.07185933666048544,0.00905148962600387,0.17865369691337604,0.04600292936654328,0.007154522874582405,0.1658345685063689,0.007154522874582405,0.1658345685063689,0.008970289267716692,0.15156925625585238,200,-0.029013330603219176,-0.002212078598349261,-1.872432923718761,0.24596649727492478,0.011004537284861983,6.2150199280234,0.041237113402061855,0.17268041237113402,0.13774749274915093,5790.666666666666,0.6925441954193627,0.6800605742345373,0.9976605495157452,0.03671361327737131,0.0001939201704198415,0.6925441954193627,icc,0.9976605495157452,unselected,1.0,2.252499985693805,True,-2.169802572311758,-2.073846288780429,0.05,0.032697413382046764,6.468098660395915,0.0001939201704198415,0.03671361327737131,0.9632863867226287
operator,translation|miss0-5,translation,miss,miss0-5,False,36,1162,False,,36.0,,99.0,0.03883495145631066,-0.1306790712265834,-0.07749458891714177,0.09489806911360468,-0.5604379815755076,0.5472636815920398,0.7313432835820896,-0.9070212746280248,-0.327512860969917,0.6075557996741027,-0.9538357035995054,0.3681592039800995,0.8208955223880597,4.279377574554093,-0.07876593727030297,0.5547489765492128,7.8560640867406395,0.009950248756218905,0.004975124378109453,-0.22458715140410618,-0.15074902538563478,0.1736546233927811,-0.4252010374147106,-0.030536934156879116,-0.030536934156879116,-0.012203471997914465,-0.012354236578050314,-0.03149881128304956,-0.10407389575426634,0.1342768603287953,0.06061000666277546,-0.12616535443690058,0.11158796588321211,-0.12616535443690058,0.11158796588321211,-0.11616355264460043,0.11837653355122058,200,-0.05343709599869902,-0.007976201522175203,-2.65784736239181,0.2142699004296413,0.04669050473566955,5.690360689891718,0.1111111111111111,0.05555555555555555,0.06825960669664319,909.8333333333333,0.6770450516695035,0.6270546629968473,0.9848138489444989,-0.00582113650904134,-0.0001881815221836423,0.6770450516695035,icc,0.9848138489444989,unselected,1.0,2.096407115510886,True,-2.1086105875088004,-1.9621302551820905,0.1,-0.08779652800208554,4.8560640867406395,0.0,0.0,1.0
operator,translation|miss5-20,translation,miss,miss5-20,False,63,1162,False,,63.0,,91.0,0.11650485436893199,0.47791833832226904,0.057884256446744754,0.16588199273839674,2.532125850079078,0.04975124378109453,0.024875621890547265,1.6291227307386515,0.010076233664098688,0.7885800392039466,2.053116255274408,0.06965174129353234,0.03482587064676617,7.370381696183806,0.8991028234206673,0.878570176509924,7.3656937667403755,0.009950248756218905,0.004975124378109453,0.780154035462701,0.09270198491229373,0.3124845850879598,2.199955080526291,0.06484309198935014,0.06484309198935014,0.06490743022115752,0.06095124175035354,0.060894504060884355,-0.050233857401099945,0.26968398513166275,0.08943574482714615,-0.03259625457527058,0.2349746199194341,-0.03259625457527058,0.2349746199194341,-0.05289076610380172,0.2124008006448045,200,-0.021631799016508975,-0.0023135467850857335,-1.514696164293179,0.25470084324199194,0.028118505324484747,7.882139576186597,0.031746031746031744,0.09523809523809523,0.1200328597407742,1099.25,0.7194834344539093,0.7007257446084446,0.9877269732104859,0.025306502599161704,0.0008065089357168211,0.7194834344539093,icc,0.9877269732104859,unselected,1.0,2.564851858403683,True,-2.499944428182525,-2.29516787327202,0.1,-0.03509256977884248,4.3656937667403755,0.0008065089357168211,0.025306502599161704,0.9746934974008383
operator,translation|miss20+,translation,miss,miss20+,False,131,1162,False,,131.0,,62.0,0.3980582524271845,-0.0044700996196867515,0.3376176914710615,0.37253502447618086,-0.9182701453957403,0.3681592039800995,0.8208955223880597,0.014552650478646179,1.0048858090062445,1.463117230009125,-0.6768652150459754,0.46766169154228854,0.7711442786069652,10.826863192483867,0.28041375731109125,2.287491882364174,4.610486059636979,0.009950248756218905,0.004975124378109453,-0.17306134941919657,0.3961196685871668,0.4049287063925518,-1.4056326682222913,-0.0004128711650101893,-0.0004128711650101893,-0.03243629936250143,-0.033523683599467544,-0.00041304169801724747,-0.5155746312120879,0.22760314990882693,33.750091748154496,-0.32150110832508255,0.3058762699151031,-0.32150110832508255,0.3058762699151031,-0.5316187007856283,0.18595935834840155,200,-0.019614259263262494,0.005359384029880492,-2.073760455176432,0.196448441450859,0.027319142218958477,7.648507028287661,0.07633587786259542,0.030534351145038167,0.07865857307356737,880.125,0.7113190815569783,0.6877221754104028,0.9861098876006456,-0.01316391044981359,-0.0004568900987906077,0.7113190815569783,icc,0.9861098876006456,unselected,1.0,2.464032210349832,True,-2.496468509712334,-2.2364290604410053,0.05,-0.01756370063749857,1.6104860596369788,0.0,0.0,1.0
operator,translation|miss<=5,translation,miss,miss<=5,False,1198,1162,False,,1199.0,,103.0,0.0,13.125109532502693,-0.012734401322987011,2.547671804741033,5.156803913823241,0.009950248756218905,0.004975124378109453,51.05695050027914,0.6616069673819511,12.843728547082446,3.923731597733346,0.009950248756218905,0.004975124378109453,188.9332594981841,8.489191162152787,16.82194920080349,10.726703914158325,0.009950248756218905,0.004975124378109453,20.92850175721627,0.0035913347479288402,4.663892024470337,4.486576943179708,0.06946955537295879,0.06946955537295879,0.07280840015954294,0.06786710483317918,0.06495702007032123,0.004742124684449873,0.17082186085471535,0.04227948747248799,0.004420149104958073,0.16049312414514325,0.004420149104958073,0.16049312414514325,0.004719742719380355,0.14589908634646623,200,-0.025969586441613412,-0.0006644290011435089,-2.168464282706501,0.21090736742306648,0.011433717349311241,6.622190439224367,0.04340567612687813,0.14524207011686144,0.12372315617425081,1874.0,0.6905093660689584,0.6709223199341466,0.9914371945984305,0.03263318215242219,0.0006288286999543999,0.6905093660689584,icc,0.9914371945984305,unselected,1.0,2.231115550407295,True,-2.1583071502477518,-2.0602936895525796,0.05,0.02280840015954294,7.726703914158325,0.0006288286999543999,0.03263318215242219,0.9673668178475778
operator,pinned_sig&translation,pinned_sig&translation,primary,miss0,True,306,306,False,306.0,1163.0,0.26311263972484955,103.0,0.0,3.7844673707473993,-0.3386629915357484,0.8322576023927433,4.954151635778555,0.009950248756218905,0.004975124378109453,14.790774707742075,-1.6322478632141986,4.112588418035616,3.993354282410968,0.009950248756218905,0.004975124378109453,89.97455206282291,6.703864090723617,6.526556712058669,12.758747322036715,0.009950248756218905,0.004975124378109453,5.885764464639269,-0.5981009289723237,1.4768073085702165,4.390461339122842,0.04206153055482812,0.04206153055482812,0.04951478680786983,0.04717874148154741,0.04036376866578422,0.003841660208718045,0.09423774535324285,0.023149094110466464,-6.350364856951354e-05,0.08289516908256027,-6.350364856951354e-05,0.08289516908256027,0.0038269244252548034,0.08612178353210273,200,-0.07188798674164817,-0.012211557227169805,-4.030970591019274,0.23166311208737433,0.015733728326018364,6.533622224283333,0.029411764705882353,0.16993464052287582,0.11106005821497136,2325.375,0.6890844897199031,0.6677564580266468,0.9931861004183887,0.022341114096236205,0.00033970349058609205,0.6890844897199031,icc,0.9931861004183887,table,0.35,0.7757077515518371,True,-0.7261929647439673,-0.6814700061985943,0.05,-0.0004852131921301711,9.758747322036715,0.00033970349058609205,0.06383175456067487,0.9361682454393251
operator,pinned_sig&translation|depthT1,pinned_sig&translation,depth,depthT1,True,102,306,False,102.0,477.0,0.2138364779874214,103.0,0.0,1.04677118946003,0.05039046279073733,0.2009766869493909,4.9576930627789535,0.009950248756218905,0.004975124378109453,5.625288297338341,0.33603437658259677,1.2261113612233643,4.313844637634171,0.009950248756218905,0.004975124378109453,31.121180889184277,2.604841421008862,2.08135861216125,13.700829497404342,0.009950248756218905,0.004975124378109453,1.5407032092140447,0.08466294168549884,0.35881234965036374,4.05794357119355,0.033635330008438734,0.033635330008438734,0.034940695238295426,0.03376106031877539,0.032540809153808754,0.013034533867999541,0.07670828412940811,0.01832278134842921,0.013604517400146192,0.07149906028150035,0.013604517400146192,0.07149906028150035,0.012866816262158435,0.07124323234734631,200,-0.0497249648573391,-0.005969101852493377,-3.490513074046711,0.18517928827803493,0.01189263071123778,5.98785243899013,0.0196078431372549,0.18627450980392157,0.0862523463870025,764.0,0.67977306182303,0.6460299333909091,0.9798464092589592,0.016459834145129564,0.0007186641348949779,0.67977306182303,icc,0.9798464092589592,table,0.35,0.7429748821024427,True,-0.7080341868641472,-0.6662665979730346,0.05,-0.015059304761704577,10.700829497404342,0.0007186641348949779,0.04702809755751305,0.952971902442487
operator,pinned_sig&translation|depthT2,pinned_sig&translation,depth,depthT2,True,102,306,False,102.0,351.0,0.2905982905982906,103.0,0.0,1.540319588127263,-0.174557266247372,0.37401285233409926,4.585074667013756,0.009950248756218905,0.004975124378109453,5.001917887150073,-0.5513522855860473,1.7008566288512876,3.2649842899966517,0.009950248756218905,0.004975124378109453,28.4599723306809,2.310909097937598,2.0806954717842006,12.567462940802399,0.009950248756218905,0.004975124378109453,2.542863053505915,-0.29636051580727923,0.6848522167517083,4.145746337479621,0.05412231502652383,0.05412231502652383,0.06558081408542783,0.06154466486121455,0.05134348666659429,-0.009342273790833406,0.13369459774873704,0.034949445938545876,-0.015108159073286357,0.11428612535800951,-0.015108159073286357,0.11428612535800951,-0.009431279187462152,0.11792803105037562,200,-0.09254942393114599,-0.013614182609648981,-4.271169317417818,0.2368447029369333,0.021991043599503577,5.833065170209766,0.0196078431372549,0.1568627450980392,0.14472997269422747,2325.375,0.6932971309767231,0.679747686448131,0.9929228202822569,0.029011837687177956,0.0004674353311635401,0.6932971309767231,icc,0.9929228202822569,table,0.35,0.7911696314240774,True,-0.7255888173386495,-0.6574750336753403,0.05,0.01558081408542783,9.567462940802399,0.0004674353311635401,0.08289096482050845,0.9171090351794915
operator,pinned_sig&translation|depthT3,pinned_sig&translation,depth,depthT3,True,102,306,False,102.0,335.0,0.3044776119402985,103.0,0.0,1.1973765931601066,-0.21449618807911386,0.40722068591794447,3.467094944002218,0.009950248756218905,0.004975124378109453,4.163568523253661,-1.4169299542107479,2.006371567498884,2.7813883369674057,0.009950248756218905,0.004975124378109453,30.393398842957733,1.788113571777158,2.7509103663406984,10.398479580136865,0.009950248756218905,0.004975124378109453,1.802198201919309,-0.3864033548505434,0.7070889763682895,3.0952279414831554,0.03939594249879504,0.03939594249879504,0.04935705999274415,0.04703552477465147,0.03790272877541151,-0.008145998235965114,0.12161091190563808,0.030584024603614094,-0.015601759026300706,0.1024872699161,-0.015601759026300706,0.1024872699161,-0.008212983537271897,0.10842521728692732,200,-0.07338957143645942,-0.017051387219367057,-2.6457778277794772,0.2729653450471548,0.01331751066731373,6.374707344481914,0.049019607843137254,0.16666666666666666,0.102197855563684,7586.0,0.6922493400826681,0.677491754240901,0.9981808608247003,0.0219424806999923,8.995099478889827e-05,0.6922493400826681,icc,0.9981808608247003,table,0.35,0.7872843200206855,True,-0.7379272600279413,-0.6656734081150474,0.05,-0.0006429400072558503,7.398479580136865,8.995099478889827e-05,0.06269280199997801,0.937307198000022
operator,pinned_sig&translation|miss<=5,pinned_sig&translation,miss,miss<=5,True,312,306,False,312.0,1199.0,0.2602168473728107,103.0,0.0,3.7723595964131773,-0.3724056977466869,0.8436789615003653,4.912728043839066,0.009950248756218905,0.004975124378109453,14.87839870990738,-1.7389342984119711,4.152530989158603,4.001736062103753,0.009950248756218905,0.004975124378109453,91.48663206104756,6.7039498405625135,6.633984373192111,12.780054557121257,0.009950248756218905,0.004975124378109453,5.863162311464432,-0.6623709701378881,1.498906290004376,4.353529853813122,0.04123399792328066,0.04123399792328066,0.04888693286892041,0.04660839155961706,0.039601086792710384,0.004162524165382315,0.09432796520186264,0.023023614606726556,-7.339520110944187e-05,0.08290026209581698,-7.339520110944187e-05,0.08290026209581698,0.004145260644768296,0.08619714614100922,200,-0.07201906885431905,-0.0120982111692578,-4.086645646858635,0.23062144874828142,0.01515269842700326,6.563742533088072,0.028846153846153848,0.16987179487179488,0.11126594300346661,2308.5,0.6890844897199031,0.6675035199918771,0.9931168309742802,0.022057825862758222,0.00033882924102261296,0.6890844897199031,icc,0.9931168309742802,table,0.35,0.7757077515518371,True,-0.7268208186829167,-0.6813797863499745,0.05,-0.001113067131079594,9.780054557121257,0.00033882924102261296,0.06302235960788063,0.9369776403921194
none,all,all,primary,miss0,False,7494,7494,False,,7510.0,,103.0,0.0,95.46499335973107,3.425253398741733,18.90306672110098,4.869037459315947,0.009950248756218905,0.004975124378109453,330.6206192058094,14.970256828770083,84.85213956034308,3.720004751943383,0.009950248756218905,0.004975124378109453,1080.0302575336032,-61.27567357606596,76.94392614530746,14.832956781466152,0.009950248756218905,0.004975124378109453,164.96625379260865,7.076261218111398,39.149368529511285,4.033015052477227,0.08839103598610139,0.08839103598610139,0.0806442317105116,0.0746260696574143,0.0812125725622295,0.010902299151644876,0.1739913319032065,0.04682120255909268,0.015285778365863575,0.18941628477224068,0.015285778365863575,0.18941628477224068,0.010784213933446722,0.14820493210248484,200,-0.050438613122294106,0.010303685489004394,-4.702876715507608,0.1970417881145321,-0.026438416525538563,7.722779221012787,0.046570589805177476,0.14678409394182013,0.20822110014734593,1693.0,0.7006528537652407,0.6804825572111103,0.9924465643150069,0.03445446699190187,0.000613777143771428,0.7006528537652407,icc,0.9924465643150069,unselected,1.0,2.340603084339285,True,-2.2599588526287735,-2.1666117524360784,0.05,0.030644231710511602,11.832956781466152,0.000613777143771428,0.03445446699190187,0.9655455330080981
none,all|depthT1,all,depth,depthT1,False,2497,7494,False,,2513.0,,103.0,0.0,25.637240316514124,0.7639535448062577,4.908371877631512,5.0675228755711625,0.009950248756218905,0.004975124378109453,97.39655116225708,3.5442120425212438,22.678256138528337,4.138428393543412,0.009950248756218905,0.004975124378109453,351.02672873947824,-20.955193875739123,25.470476909178444,14.604434928392383,0.009950248756218905,0.004975124378109453,44.49776254789428,1.590244216738167,10.267011242453474,4.179163470059924,0.07303500906776057,0.07303500906776057,0.06686692352369257,0.06267597396575171,0.06806395732718216,0.02015036948376116,0.1382138480331466,0.03372586201613935,0.02379883504390718,0.15025539707207738,0.02379883504390718,0.15025539707207738,0.019752348731580903,0.12143009819464522,200,-0.040223640471886916,0.008943226795838161,-5.060611745412133,0.19014254778657302,-0.023819473456030586,8.777855396103142,0.0460552663195835,0.13336003203844612,0.18527961263776452,503.0,0.6857898471481003,0.6546467837398944,0.9775415907752416,0.030636595669195493,0.00153622592252547,0.6857898471481003,icc,0.9775415907752416,unselected,1.0,2.1825833472393925,True,-2.1157164237157,-2.0443694992062458,0.05,0.016866923523692567,11.604434928392383,0.00153622592252547,0.030636595669195493,0.9693634043308045
none,all|depthT2,all,depth,depthT2,False,2499,7494,False,,2499.0,,103.0,0.0,31.918815124606112,1.2097843720522894,6.94839601737888,4.419585567049773,0.009950248756218905,0.004975124378109453,112.52528477679212,5.144487159206958,32.449361745944614,3.309180576749099,0.009950248756218905,0.004975124378109453,350.0662871329582,-20.650797513756576,25.873502465278953,14.328059571532691,0.009950248756218905,0.004975124378109453,55.20000867057913,2.37541302565446,14.00152897969111,3.772773367933281,0.09117934602049545,0.09117934602049545,0.08283683710401114,0.07649983290700915,0.08356036645398789,-0.0038573759668121383,0.1981759294076882,0.05279373332359856,-0.00010109641423247297,0.2183477831727556,-0.00010109641423247297,0.2183477831727556,-0.003872688719467412,0.16539777495514046,200,-0.047875483924493124,0.01031979820190837,-3.9246326281706567,0.19923729133921705,-0.026503640740474007,7.092876079310727,0.04481792717086835,0.15886354541816727,0.20110623601369995,1693.0,0.7035060324670722,0.6909005920502609,0.9913558861173625,0.03491174397569458,0.000722294650823101,0.7035060324670722,icc,0.9913558861173625,unselected,1.0,2.372749902201443,True,-2.2899130650974318,-2.174573972793755,0.05,0.03283683710401114,11.328059571532691,0.000722294650823101,0.03491174397569458,0.9650882560243054
none,all|depthT3,all,depth,depthT3,False,2498,7494,False,,2498.0,,103.0,0.0,37.908937918610846,1.4515154818831877,7.838336468368125,4.65116834214158,0.009950248756218905,0.004975124378109453,120.6987832667602,6.281557627041882,33.93581110422417,3.371577749779383,0.009950248756218905,0.004975124378109453,378.9372416611665,-19.669682186570256,27.929630669257804,14.271829390371572,0.009950248756218905,0.004975124378109453,65.26848257413523,3.1106039757187722,16.530747559562556,3.7601371852333405,0.10004014847531877,0.10004014847531877,0.09146209023367084,0.08379777094602502,0.09094227025620541,-0.0012134114688089929,0.21915965484369612,0.05908488544977055,0.0018153030423133888,0.24392776839664926,0.0018153030423133888,0.24392776839664926,-0.0012150068516321175,0.1797621475384573,200,-0.06321365178257088,0.011647480399848689,-4.636060438847494,0.2017418844077372,-0.028991060853576115,6.974080522014233,0.0488390712570056,0.14811849479583666,0.23827111607264873,4713.166666666666,0.7072622599701813,0.6958857827093446,0.9974391208982016,0.03785640364090257,0.0002348247131867897,0.7072622599701813,icc,0.9974391208982016,unselected,1.0,2.4160269184907235,True,-2.324564828257053,-2.1968672636470274,0.05,0.04146209023367084,11.271829390371572,0.0002348247131867897,0.03785640364090257,0.9621435963590974
none,all|miss0-5,all,miss,miss0-5,False,365,7494,False,,366.0,,99.0,0.03883495145631066,1.1774046932446056,0.03854430724132259,0.6258874260720912,1.8195930107599037,0.08955223880597014,0.04477611940298507,4.8168980388672065,0.2129271148991368,3.1375393968265097,1.4673826657363391,0.13930348258706468,0.06965174129353234,39.907325472587814,-3.4463430250138014,3.2867662612072355,13.190371645617944,0.009950248756218905,0.004975124378109453,2.1080213774911645,0.10397268660350029,1.2078734557353354,1.6591545094164097,0.029503472841179504,0.029503472841179504,0.026269066159102232,0.025596665655544318,0.02865796339642943,-0.02953615564473661,0.08720526196770807,0.03077680701250387,-0.031913382755039764,0.09773613455187674,-0.031913382755039764,0.09773613455187674,-0.030435303727318615,0.08020944272190503,200,-0.03774754229648925,0.007575150505500594,-5.230112388107578,0.2220091962525868,-0.02259279944008849,9.35059135859486,0.06301369863013699,0.1095890410958904,0.13973476064055104,927.0,0.6958456904885719,0.6717981198521706,0.9881989198764682,0.011482214790353697,0.0003137054172784106,0.6958456904885719,icc,0.9881989198764682,unselected,1.0,2.2878048041020005,True,-2.261535737942898,-2.2005995421342925,0.05,-0.02373093384089777,10.190371645617944,0.0003137054172784106,0.011482214790353697,0.9885177852096463
none,all|miss5-20,all,miss,miss5-20,False,594,7494,False,,594.0,,91.0,0.11650485436893199,2.783886178083078,0.08783078281598178,0.7985740288841726,3.376086997262141,0.01990049751243781,0.009950248756218905,12.525498356131184,0.31308766267045507,3.9326863460480426,3.105360971828578,0.01990049751243781,0.009950248756218905,66.39657061972825,-6.35551326301649,5.1633725183158985,14.090031975162193,0.009950248756218905,0.004975124378109453,4.400142105253016,0.1345190823200992,1.4315362735631194,2.9797519641718226,0.04192816213396281,0.04192816213396281,0.037058119182020344,0.035733888483752425,0.04024093373970251,-0.007905419888372612,0.0989104249312967,0.02682990359461939,-0.007177751964934063,0.11286424755849807,-0.007177751964934063,0.11286424755849807,-0.00796843142492717,0.09000763396984984,200,-0.02563669077919596,0.007035628075112584,-4.457124014405054,0.2218736822462954,-0.020509093163600268,9.721200766000663,0.05218855218855219,0.09090909090909091,0.13024315871000888,875.6666666666667,0.699711269190022,0.6782940595980252,0.9883555917283809,0.015903896457542543,0.0004366038631694739,0.699711269190022,icc,0.9883555917283809,unselected,1.0,2.3301282978640905,True,-2.29307017868207,-2.2312178729327936,0.05,-0.012941880817979659,11.090031975162193,0.0004366038631694739,0.015903896457542543,0.9840961035424575
none,all|miss20+,all,miss,miss20+,False,1160,7494,False,,1165.0,,61.0,0.4077669902912622,5.691150831905366,0.04449293039846772,1.8038962218616026,3.1302565153551933,0.009950248756218905,0.004975124378109453,17.25723351299542,0.5298633319632055,6.193732976862762,2.7006928202295426,0.009950248756218905,0.004975124378109453,87.40072537597288,-19.72322216316016,11.593029948639268,9.240375295649669,0.009950248756218905,0.004975124378109453,7.185529451211597,0.10173148512873313,2.0805138249169524,3.404830999556385,0.06511560181478661,0.06511560181478661,0.05271144343746425,0.05007207223409987,0.061134774200884895,-0.012266415257606932,0.19935844773684994,0.04709721782758541,-0.014853143946034101,0.2864920864315435,-0.014853143946034101,0.2864920864315435,-0.012418757880060293,0.16622087374225045,200,-0.011285361934385504,0.0051029132641589895,-2.9228223600067835,0.18768082024947466,-0.0165542852077375,12.51030471430091,0.05086206896551724,0.07327586206896551,0.11318726769876039,695.75,0.7104241800060886,0.6896863917030068,0.9878441705187249,0.021485698102696293,0.00064863602707827,0.7104241800060886,icc,0.9878441705187249,unselected,1.0,2.4533270078317524,True,-2.4006155643942884,-2.2539685600949024,0.05,0.0027114434374642463,6.2403752956496685,0.00064863602707827,0.021485698102696293,0.9785143018973037
none,all|miss<=5,all,miss,miss<=5,False,7859,7494,False,,7876.0,,103.0,0.0,96.64239805297568,3.4637977059830565,19.25764279241561,4.838525740216237,0.009950248756218905,0.004975124378109453,335.43751724467666,15.183183943669224,86.44509934780788,3.704713577949385,0.009950248756218905,0.004975124378109453,1119.9375830061908,-64.72201660107976,79.18619575440206,14.960430771059157,0.009950248756218905,0.004975124378109453,167.07427517009984,7.180233904714896,39.83310137735564,4.014099724514086,0.08629266444792706,0.08629266444792706,0.07865432431213362,0.07291893476836715,0.07943776780613951,0.009898662173657622,0.17085939296588423,0.045676895648988074,0.01413774361991828,0.18724195666364415,0.01413774361991828,0.18724195666364415,0.009801476621325984,0.145926481624634,200,-0.04984919451287576,0.01017696258927429,-4.799807826071129,0.19820136362927826,-0.02625981234737477,7.847022200872798,0.04733426644611274,0.1450566229800229,0.20504035018933855,1639.5,0.7005685541713118,0.6800792209550965,0.9922429275780394,0.033617806436258606,0.0006148970912585386,0.7005685541713118,icc,0.9922429275780394,unselected,1.0,2.3396625970009963,True,-2.2610082726888625,-2.168803204035112,0.05,0.02865432431213362,11.960430771059157,0.0006148970912585386,0.033617806436258606,0.9663821935637414
none,pinned_sig,pinned_sig,primary,miss0,True,1946,1946,False,1946.0,7510.0,0.25912117177097205,103.0,0.0,26.744635845270878,0.8700296176267929,5.2200910539487095,4.956734654670703,0.009950248756218905,0.004975124378109453,94.67760362577062,4.300750021965482,24.083908777420778,3.7525824582318434,0.009950248756218905,0.004975124378109453,524.7098297254515,-17.610819150308963,29.910719780436022,18.13131388534759,0.009950248756218905,0.004975124378109453,43.61409842232155,1.7515240219105181,10.376061887496466,4.034533993176829,0.050970335088375805,0.050970335088375805,0.04771089996532967,0.04553823002787171,0.048498357552679845,0.01130729615287953,0.09763860372223855,0.0229304583259292,0.013613990114550235,0.10316272239539831,0.013613990114550235,0.10316272239539831,0.011180863238554764,0.0889532513731207,200,-0.10922193164093526,0.01029846233111697,-8.308617520566408,0.20220128936581003,-0.026988767777012167,7.730373395242537,0.04162384378211716,0.15981500513874614,0.1774909707290845,1918.3333333333335,0.6930307877122837,0.6694222041310327,0.9929766454593243,0.021132939026044503,0.0003374606718531822,0.6930307877122837,icc,0.9929766454593243,table,0.35,0.7901794902869663,True,-0.7424685903216367,-0.6925408865647278,0.05,-0.0022891000346703314,15.131313885347591,0.0003374606718531822,0.060379825788698584,0.9396201742113014
none,pinned_sig|depthT1,pinned_sig,depth,depthT1,True,649,1946,False,649.0,2865.0,0.22652705061082024,103.0,0.0,8.186501869395727,0.2521755041090812,1.375026342353286,5.770308626747804,0.009950248756218905,0.004975124378109453,32.558928522203885,1.4901106082597215,6.7619065184241816,4.594683145839252,0.009950248756218905,0.004975124378109453,184.12520167762366,-6.023556793075797,10.568573072328759,17.991904599548807,0.009950248756218905,0.004975124378109453,13.103632558405192,0.5139418126127547,2.712692498649938,4.641031282409679,0.04446160435837076,0.04446160435837076,0.04172694278468964,0.04005554725612393,0.042568921799364966,0.023638863374691933,0.07934441966713725,0.015092474039824406,0.026079484193493513,0.08348248911610553,0.026079484193493513,0.08348248911610553,0.023092653440842766,0.07351166844852342,200,-0.08911909144759078,0.009196578358286352,-8.64532231275183,0.19254285176867633,-0.023033362766178057,8.473436774762016,0.03543913713405239,0.16486902927580893,0.1456174532240976,571.0,0.6761936450974118,0.6410607800351893,0.978690677087846,0.019981627071329194,0.0009085331236440466,0.6761936450974118,icc,0.978690677087846,table,0.35,0.7308929309163548,True,-0.6891659881316651,-0.6515485112492175,0.05,-0.00827305721531036,14.991904599548807,0.0009085331236440466,0.05709036306094056,0.9429096369390595
none,pinned_sig|depthT2,pinned_sig,depth,depthT2,True,648,1946,False,648.0,2423.0,0.2674370614940157,103.0,0.0,8.842037572499352,0.31244140422322425,2.016307594472749,4.230305034637615,0.009950248756218905,0.004975124378109453,32.169906349885224,1.3569095866346006,9.369878693873913,3.288516081152295,0.009950248756218905,0.004975124378109453,169.05009105436244,-5.8936742706360485,9.674093359871208,18.083737546990918,0.009950248756218905,0.004975124378109453,14.68015333805585,0.5953953752589809,3.9816226987856407,3.537441648374316,0.052304246140015186,0.052304246140015186,0.048756216904503186,0.046489561748116706,0.04970449024782877,0.0036830844936329484,0.10589686329377518,0.027696410658053703,0.005976981457406214,0.11236393436804265,0.005976981457406214,0.11236393436804265,0.0036684119857103457,0.09575653419427287,200,-0.11440335507511172,0.010690200789131299,-7.5751392674841656,0.20632364267370243,-0.027978885683191256,7.2729880032542145,0.038580246913580245,0.15895061728395063,0.1895715637708828,1918.3333333333335,0.6963994522486401,0.6796520040302753,0.9924338066418272,0.021255637279287056,0.0003717114048752067,0.6963994522486401,icc,0.9924338066418272,table,0.35,0.8028305946491239,True,-0.7540743777446207,-0.6969337313553488,0.05,-0.001243783095496817,15.083737546990918,0.0003717114048752067,0.06073039222653445,0.9392696077734656
none,pinned_sig|depthT3,pinned_sig,depth,depthT3,True,649,1946,False,649.0,2222.0,0.29207920792079206,103.0,0.0,9.716096403375799,0.30541270929448816,2.1290437819768315,4.420145688757714,0.009950248756218905,0.004975124378109453,29.94876875368152,1.4537298270711596,9.586482651038516,2.9724185568231802,0.009950248756218905,0.004975124378109453,171.53453699346542,-5.693588086597116,10.614496435803929,16.69680009333759,0.009950248756218905,0.004975124378109453,15.830312525860506,0.6421868340387824,4.285779192435229,3.5438423236152903,0.05664221662688215,0.05664221662688215,0.053099267905870176,0.05042190183216078,0.05360586179085391,-0.0005152827347046832,0.12092667030317568,0.03129749769320295,0.0011728868217495162,0.1270865544996122,0.0011728868217495162,0.1270865544996122,-0.0005155598012041872,0.10788088334616695,200,-0.12415133210339166,0.011009211449104307,-7.497612044874511,0.2077437255091466,-0.029955580487069602,6.838370536435947,0.05084745762711865,0.15562403697996918,0.1973025093572065,5369.0,0.701392926014847,0.6875695907311762,0.9975073411651896,0.02260618325624516,0.00013268910794473444,0.701392926014847,icc,0.9975073411651896,table,0.35,0.8221088697898775,True,-0.7690096018840074,-0.7011821994867018,0.05,0.0030992679058701733,13.69680009333759,0.00013268910794473444,0.06458909501784332,0.9354109049821566
none,pinned_sig|miss0-5,pinned_sig,miss,miss0-5,True,76,1946,False,76.0,366.0,0.20765027322404372,99.0,0.03883495145631066,0.3075125108967999,-0.003934285691993662,0.19616143015573667,1.587706596253552,0.09950248756218906,0.04975124378109453,1.7414582246076125,0.018545288117840186,1.0683199253155902,1.6127312574281623,0.05970149253731343,0.029850746268656716,20.00531381211184,-0.7485879305220712,1.261507514650575,16.451667153471167,0.009950248756218905,0.004975124378109453,0.5189940408569866,-0.006485551975598223,0.3695328921048731,1.422010338076899,0.015371541470677767,0.015371541470677767,0.015006662383343602,0.014784792001371068,0.015138834252153077,-0.011019607671939454,0.05755736012617439,0.018759057469891732,-0.011686757828158461,0.05967480973041776,-0.011686757828158461,0.05967480973041776,-0.011142505951618684,0.054424661641766695,200,-0.08946784328199468,0.0067395124498670364,-6.7921249610431005,0.18480257618413828,-0.02357042787282413,7.061909525018799,0.06578947368421052,0.17105263157894737,0.11925438567682431,890.5833333333334,0.6924999099964873,0.6722039653264179,0.9873295622093501,0.006663611022785396,0.000192581068623087,0.6924999099964873,icc,0.9873295622093501,table,0.35,0.7882110489658775,True,-0.7732043865825339,-0.730653688839703,0.1,-0.08499333761665641,13.451667153471167,0.000192581068623087,0.019038888636529704,0.9809611113634703
none,pinned_sig|miss5-20,pinned_sig,miss,miss5-20,True,94,1946,False,94.0,594.0,0.15824915824915825,93.0,0.09708737864077666,0.9352559668140602,0.006036258849218457,0.2091549599645833,4.4427333118095245,0.009950248756218905,0.004975124378109453,4.49788936963871,0.07738358931374986,1.1164830861593438,3.9593128056523623,0.009950248756218905,0.004975124378109453,29.731756951638147,-1.056346494481022,1.70531867577137,18.054164235428154,0.009950248756218905,0.004975124378109453,1.410067539618926,0.003309206941309548,0.36627436462650487,3.8407228802706617,0.031456464827670734,0.031456464827670734,0.030181128551520754,0.02929691460564486,0.03049713284110957,0.010093029823699366,0.08015656663399139,0.018561177590240677,0.010726020586011385,0.08367695757306963,0.010726020586011385,0.08367695757306963,0.009992141310221308,0.0742082760068618,200,-0.07005168517433902,0.006764433148353034,-6.061312211397926,0.2162991532394012,-0.020866357956736536,8.407744938016235,0.05319148936170213,0.1276595744680851,0.10226525720588892,797.75,0.6984947642982937,0.6791091348957279,0.9847672949016113,0.013027682872915116,0.0004668516441824034,0.6984947642982937,icc,0.9847672949016113,table,0.25,0.5791729973383848,True,-0.548991868786864,-0.4990164307043934,0.1,-0.06981887144847926,15.054164235428154,0.0004668516441824034,0.05211073149166046,0.9478892685083395
none,pinned_sig|miss20+,pinned_sig,miss,miss20+,True,69,1946,False,69.0,1165.0,0.0592274678111588,70.0,0.3203883495145631,1.1421974964359343,0.025928120479677123,0.26849359769201797,4.157526978489449,0.009950248756218905,0.004975124378109453,3.098756643765135,0.20584271015901723,1.1033621553872535,2.621907883536911,0.009950248756218905,0.004975124378109453,24.76020479660093,-1.0285336897448776,1.547016349066746,16.66998445226719,0.009950248756218905,0.004975124378109453,1.5455810344819427,0.051241365050411575,0.33652969623051243,4.440439242568224,0.046130373549767026,0.046130373549767026,0.04328514853672587,0.04148927893532852,0.04409619939934999,0.00988725192065886,0.10978755770573732,0.027574752246561876,0.011692985330616072,0.11798968085868541,0.011692985330616072,0.11798968085868541,0.009787565910970556,0.09892562523352415,200,-0.07028390011993371,0.007852075149453863,-4.744859004058112,0.21522861310614286,-0.01683970439211884,8.371258460387962,0.07246376811594203,0.14492753623188406,0.09187958287684798,755.1666666666667,0.7175856687151919,0.6930594407278902,0.9864289612586365,0.01703538241008941,0.0005955060635770998,0.7175856687151919,icc,0.9864289612586365,table,0.25,0.6352241982999121,True,-0.5919390497631862,-0.5254366405941747,0.1,-0.05671485146327414,13.66998445226719,0.0005955060635770998,0.06814152964035763,0.9318584703596424
none,pinned_sig|miss<=5,pinned_sig,miss,miss<=5,True,2022,1946,False,2022.0,7876.0,0.25672930421533774,103.0,0.0,27.052148356167677,0.8660953319347995,5.285824786420295,4.954014573374988,0.009950248756218905,0.004975124378109453,96.41906185037823,4.319295310083321,24.44027446873034,3.7683605664138615,0.009950248756218905,0.004975124378109453,544.7151435375633,-18.359407080831033,30.776222062061372,18.295765785772343,0.009950248756218905,0.004975124378109453,44.133092463178535,1.7450384699349195,10.49931453588459,4.037221082230616,0.04966292690245754,0.04966292690245754,0.04650548137093773,0.044438832092895356,0.04731321420392757,0.01215153795393116,0.09510596938134544,0.02231765948084041,0.014410512182067427,0.1011769084489647,0.014410512182067427,0.1011769084489647,0.01200562748021048,0.08684633494011026,200,-0.1084794436511828,0.010164693690674345,-8.44668286200154,0.2015473317981507,-0.026860284180217756,7.771694738609778,0.04253214638971316,0.16023738872403562,0.17530205853127453,1882.0,0.6930307877122837,0.6695267609316505,0.9928512603992214,0.020599014122622928,0.00033484932697372296,0.6930307877122837,icc,0.9928512603992214,table,0.35,0.7901794902869663,True,-0.7436740089160286,-0.6950735209056209,0.05,-0.0034945186290622696,15.295765785772343,0.00033484932697372296,0.05885432606463694,0.9411456739353631
none,ecm,ecm,primary,miss0,False,179,179,False,,179.0,,103.0,0.0,4.44148214703663,-0.022909043849381628,0.8634935573710822,5.170149971330313,0.009950248756218905,0.004975124378109453,13.475014284924484,-0.08044634882856538,3.1936024678707735,4.244567309215131,0.009950248756218905,0.004975124378109453,21.275459273839623,-1.293403378626191,2.1747770506023065,10.377552331727681,0.009950248756218905,0.004975124378109453,7.908153738248993,-0.06843028424664874,1.934369074751878,4.123610187222829,0.20876081168775948,0.20876081168775948,0.19781197039622392,0.1651444260744779,0.17270646902944553,0.006276149542861645,0.4010782802711703,0.11308148522041797,0.00561172223451703,0.43129641074184916,0.00561172223451703,0.43129641074184916,0.0062368879024970155,0.286263397296047,200,-0.06071697534179696,0.01213739352706225,-4.22174681243438,0.25387930106415063,-0.02372971178962984,8.204011865208043,0.01675977653631285,0.24022346368715083,0.3387371411198782,2492.0,0.7025385239802489,0.7004205871194293,0.9978403106714461,0.08375546490328885,0.0004281370445311826,0.7025385239802489,icc,0.9978403106714461,unselected,1.0,2.3617798626589246,True,-2.1639678922627006,-1.9607015823877543,0.05,0.1478119703962239,7.377552331727681,0.0004281370445311826,0.08375546490328885,0.9162445350967111
none,ecm|depthT1,ecm,depth,depthT1,False,60,179,False,,60.0,,103.0,0.0,0.83828708422979,-0.025313711448223933,0.31046582209005363,2.781629197907389,0.01990049751243781,0.009950248756218905,2.69649056875566,-0.1214188738152797,1.1855245345662953,2.3769305150667552,0.01990049751243781,0.009950248756218905,7.090409944155653,-0.49322765085651626,0.9051936366180676,8.37791748442435,0.009950248756218905,0.004975124378109453,1.4931172555565386,-0.06469351174268795,0.6935056991411711,2.246284016452064,0.11822829580125437,0.11822829580125437,0.11387685459099633,0.10223468969809119,0.10572822763042243,-0.06848841170965483,0.30733882607709473,0.1849069740267555,-0.07947036128159518,0.32886087136565295,-0.07947036128159518,0.32886087136565295,-0.07352397842733467,0.2350830135900243,200,-0.07002339068707643,0.010419343185781188,-5.005012060076097,0.26492390925294373,-0.01827714834876281,8.46948407001425,0.03333333333333333,0.16666666666666666,0.29379352534148384,340.5,0.6987088114258464,0.6875140489170601,0.9922733501791249,0.049104995256595035,0.0008867380928536548,0.6987088114258464,icc,0.9922733501791249,unselected,1.0,2.319048275963373,True,-2.2051714213723765,-2.011709449886278,0.1,0.01387685459099633,5.37791748442435,0.0008867380928536548,0.049104995256595035,0.9508950047434049
none,ecm|depthT2,ecm,depth,depthT2,False,59,179,False,,59.0,,103.0,0.0,1.3739470467671822,0.013517565193392698,0.35820319319637367,3.797926728218686,0.009950248756218905,0.004975124378109453,4.097847078920546,0.05406645964519207,1.3733807460708263,2.9443987989815708,0.009950248756218905,0.004975124378109453,7.570895320210955,-0.3993772829803804,0.7850727773204448,10.152272290468293,0.009950248756218905,0.004975124378109453,2.398139815350047,0.020226930430308734,0.8131982007186761,2.9241492207166986,0.1814774856415395,0.1814774856415395,0.17068794874457202,0.1458014058550916,0.1536021531066228,-0.05119745896411211,0.479944229685289,0.14040886251073634,-0.051965519724260154,0.5119658502109371,-0.051965519724260154,0.5119658502109371,-0.05396015295423209,0.324298275389735,200,-0.08170645802477199,0.012850872614349815,-4.11287100878881,0.26280485368771395,-0.02310099578827805,7.2628498067506255,0.0,0.23728813559322035,0.3323143918695938,2492.0,0.695422082069522,0.693258234240387,0.9980498060320585,0.07475716026982389,0.00033352504657596107,0.695422082069522,icc,0.9980498060320585,unselected,1.0,2.2832321095196964,True,-2.1125441607751245,-1.8032878798344074,0.1,0.07068794874457202,7.152272290468293,0.00033352504657596107,0.07475716026982389,0.9252428397301761
none,ecm|depthT3,ecm,depth,depthT3,False,60,179,False,,60.0,,103.0,0.0,2.229248016039657,-0.011112897594550405,0.36713152898461965,6.1023386355032,0.009950248756218905,0.004975124378109453,6.680676637248277,-0.013093934658477729,1.3420576421545258,4.987692302962966,0.009950248756218905,0.004975124378109453,6.614154009473015,-0.40079844478929433,0.8281936912970822,8.470183397890638,0.009950248756218905,0.004975124378109453,4.016896667342406,-0.02396370293426954,0.8044727572891425,5.022992181728181,0.33704204843837204,0.33704204843837204,0.31936936540075284,0.2420621349683572,0.25208036563399616,0.05214750101035449,0.8201716486150084,0.19514879544589425,0.05374114217650749,0.9100390198597477,0.05374114217650749,0.9100390198597477,0.04955933612190399,0.45059928001963895,200,-0.030770902024925384,0.0131538560991772,-1.7365346249761433,0.23405789946218689,-0.029800512631826138,6.42163848818358,0.016666666666666666,0.31666666666666665,0.38999646032771906,9139.375,0.7171418667084032,0.7203701056528565,0.999508367762356,0.12596701813326205,0.00015708950601227883,0.7171418667084032,icc,0.999508367762356,unselected,1.0,2.535341156229387,True,-2.2159717908286343,-1.7151695076143787,0.1,0.21936936540075283,5.470183397890638,0.00015708950601227883,0.12596701813326205,0.874032981866738
none,ecm|miss20+,ecm,miss,miss20+,False,25,179,False,,25.0,,55.0,0.46601941747572817,-0.17092055472194728,0.02600201785602052,0.26516821896824844,-0.7426326327648923,0.44776119402985076,0.7810945273631841,0.139167643658717,0.08369938680573938,0.7801863449161284,0.07109616467196767,0.9850746268656716,0.4925373134328358,0.7089132186578155,-0.5462947358226878,0.8987949411013905,1.396545415511976,0.19900497512437812,0.09950248756218906,-0.22147402183568654,0.03767991632177856,0.32433077734464033,-0.7990420775950072,-0.24110222552423405,-0.24110222552423405,-0.15688442052573567,-0.18607700337308794,-0.31770053047102886,-5.4985291899876,3.0461850000655852,4.746399709454317,-4.055914866237255,4.512337788777572,-4.055914866237255,4.512337788777572,-3.099935324058447,0.7612600546343911,200,-0.018502975170010594,0.011270383991294698,-0.9182371162133951,0.2328390745220207,-0.01755070059635157,6.717907959412501,0.0,0.12,0.18633532386920443,407.0,0.7342175652966503,0.6893114708248393,0.990175931921018,-0.05679123631087069,-0.0015565347309405202,0.7342175652966503,icc,0.990175931921018,unselected,1.0,2.7624758803799034,True,-2.9193603009056392,0.2837091196856818,0.1,0.05688442052573567,-1.603454584488024,0.0,0.0,1.0
none,ecm|miss<=5,ecm,miss,miss<=5,False,187,179,False,,187.0,,103.0,0.0,4.459202025578133,-0.03678382039708464,0.8718974979856832,5.156553214525961,0.009950248756218905,0.004975124378109453,13.429373941535632,-0.12319197501445672,3.217482714413451,4.212164328292507,0.009950248756218905,0.004975124378109453,21.89353919447916,-1.3590814590766445,2.2379196999847735,10.390283732572716,0.009950248756218905,0.004975124378109453,8.021501578523363,-0.09863234688353874,1.9531749958298248,4.157402149189908,0.2036766182921489,0.2036766182921489,0.19335394117340868,0.1620256442805949,0.16921207506808428,0.007378438510055063,0.4003936968367661,0.11088636467359796,0.005880497132403851,0.44574109502736725,0.005880497132403851,0.44574109502736725,0.00732438865642918,0.2859099375687349,200,-0.062411599829046364,0.011967742951769177,-4.398159901366916,0.250921867978174,-0.023268083160164467,8.259159355175349,0.0213903743315508,0.24064171122994651,0.33649152211126787,2559.0,0.7029082570044346,0.7023883245854502,0.9980120268894559,0.0817231250676681,0.0003851480999367146,0.7029082570044346,icc,0.9980120268894559,unselected,1.0,2.3659636242900453,True,-2.1726096831166366,-1.9655699274532792,0.05,0.14335394117340866,7.3902837325727155,0.0003851480999367146,0.0817231250676681,0.9182768749323319
none,pinned_sig&ecm,pinned_sig&ecm,primary,miss0,True,52,52,False,52.0,179.0,0.2905027932960894,103.0,0.0,0.4950288085060215,-0.011123111868846096,0.3200264682622298,1.581593932287271,0.15920398009950248,0.07960199004975124,1.9111300633092225,-0.035094138060908706,1.2421748604443008,1.5667876265616953,0.13930348258706468,0.06965174129353234,11.93594213874298,-0.397376234874061,0.9281116681183773,13.288614718766762,0.009950248756218905,0.004975124378109453,0.7451950426821595,-0.02861004555878518,0.6771497116502818,1.142738562725079,0.041473794255352754,0.041473794255352754,0.041039394673992056,0.03942155780458606,0.039822215867664976,-0.05613482158899019,0.15077437084945566,0.053650472239524155,-0.05954130259585071,0.15472330480470464,-0.05954130259585071,0.15472330480470464,-0.05947337584864647,0.13101963704008585,200,-0.1880459382575434,0.012452370473908623,-7.890291248774108,0.24393513432924013,-0.02550548636061012,7.0357045877963795,0.0,0.11538461538461539,0.31085758311397876,3492.5,0.6893836236118819,0.6972327891116916,0.9981261960456056,0.018491167509911727,7.704414565086248e-05,0.6893836236118819,icc,0.9981261960456056,table,0.35,0.7767918455228892,True,-0.7357524508488971,-0.6260174746734335,0.1,-0.05896060532600795,10.288614718766762,7.704414565086248e-05,0.05283190717117637,0.9471680928288236
none,pinned_sig&ecm|depthT1,pinned_sig&ecm,depth,depthT1,True,17,52,False,17.0,75.0,0.22666666666666666,103.0,0.0,-0.08043459500478284,-0.012323794489461293,0.13819508215522658,-0.49285979973452754,0.6169154228855721,0.6965174129353234,0.019328355637794684,-0.07431582378352228,0.5241518983035192,0.17865847614862723,0.8955223880597015,0.44776119402985076,3.843420575088588,-0.10645818818781255,0.31057376797538266,12.718005094330708,0.009950248756218905,0.004975124378109453,-0.27453788555255704,-0.02897740628377181,0.3158745595036764,-0.7773987232609887,-0.020927867099980044,-0.020927867099980044,-0.01724376989708516,-0.017546334857912203,-0.021375204539824378,-0.15831508462123176,0.10190049619752323,0.06566336691852694,-0.1670021685025672,0.10150561136854572,-0.1670021685025672,0.10150561136854572,-0.18809343963700548,0.09247701172247966,200,-0.22331882452349064,0.010455375630478958,-6.819759154915118,0.28593692692036327,-0.02253708154975282,7.274328544811789,0.0,0.11764705882352941,0.36151240370607024,948.0,0.6684063975388141,0.6886414048658137,0.9941188583225645,-0.008554561717602624,-0.00010201300676357252,0.6684063975388141,icc,0.9941188583225645,table,0.35,0.7055089042798064,False,-0.7227526741768916,-0.6036084080822832,0.1,-0.08275623010291484,9.718005094330708,0.0,0.0,1.0
none,pinned_sig&ecm|depthT2,pinned_sig&ecm,depth,depthT2,True,17,52,False,17.0,47.0,0.3617021276595745,103.0,0.0,0.10391773744393691,0.012446590734682607,0.1381013239912159,0.6623480794077863,0.46766169154228854,0.23383084577114427,0.3194826584765148,0.07363897807472386,0.5828178062378987,0.4218190964149107,0.6069651741293532,0.3034825870646766,4.100496387585578,-0.14605548237214333,0.39900833119559526,10.64276491980326,0.009950248756218905,0.004975124378109453,0.17385418180962506,0.024448217387928864,0.28003901388838104,0.5335183921239165,0.02534272137357617,0.02534272137357617,0.021540098769631883,0.021085906266014726,0.024716342004775134,-0.11950257619712892,0.1865912071292187,0.07362417949586109,-0.1211139233469573,0.2000745588741771,-0.1211139233469573,0.2000745588741771,-0.13572784184400738,0.1572497259996262,200,-0.19605800579690869,0.015010036247463021,-5.86556622270075,0.23647785145318542,-0.022425150841366186,5.660928308547916,0.0,0.0,0.27192223372586255,3359.0,0.6691917077534641,0.6877390493447326,0.9981160001821352,0.010648134467662558,4.065814209107059e-05,0.6691917077534641,icc,0.9981160001821352,table,0.35,0.7080145909376463,False,-0.6864744921680144,-0.5214233838084276,0.1,-0.07845990123036813,7.642764919803261,4.065814209107059e-05,0.03042324133617874,0.9695767586638213
none,pinned_sig&ecm|depthT3,pinned_sig&ecm,depth,depthT3,True,18,52,False,18.0,57.0,0.3157894736842105,103.0,0.0,0.47154566606686743,-0.011245908114067407,0.13692085035325136,3.526063217803192,0.009950248756218905,0.004975124378109453,1.572319049194913,-0.03441729235211024,0.5421354230673151,2.9637176859913845,0.009950248756218905,0.004975124378109453,3.992025176068813,-0.14486256431410507,0.39252113267987887,10.539273929377867,0.009950248756218905,0.004975124378109453,0.8458787464250915,-0.024080856662942258,0.28288212754393693,3.0753431142549386,0.11812191688911812,0.11812191688911812,0.11670405495128246,0.10450759485813257,0.10564314597978856,-0.018563225291804947,0.3045445358231299,0.0832672978003848,-0.022152119753474,0.31640561516025795,-0.022152119753474,0.31640561516025795,-0.01891526790382403,0.23344386655065005,200,-0.14716570410808158,0.011922847928790822,-4.773607340025055,0.21130976404278667,-0.03121818556126129,5.147666497569595,0.0,0.2222222222222222,0.29978919364355766,11720.5,0.7037932220550247,0.7143131840127043,0.9995074602415004,0.04911745525098286,5.7509712861714226e-05,0.7037932220550247,icc,0.9995074602415004,table,0.35,0.8316069923457915,False,-0.714902937394509,-0.5270624565226616,0.1,0.01670405495128245,7.539273929377867,5.7509712861714226e-05,0.1403355864313796,0.8596644135686204
none,pinned_sig&ecm|miss<=5,pinned_sig&ecm,miss,miss<=5,True,53,52,False,53.0,187.0,0.28342245989304815,103.0,0.0,0.4952154526085575,-0.011202411506268092,0.32080464401174413,1.57858644994019,0.15920398009950248,0.07960199004975124,1.9117064257380825,-0.03522820961846005,1.2449015536766843,1.5639265848825379,0.12935323383084577,0.06467661691542288,12.127294440736495,-0.40164507393249976,0.9391050546106934,13.341360961860518,0.009950248756218905,0.004975124378109453,0.745527611846003,-0.02868740671828727,0.6791772939980284,1.1399306564075709,0.04083478429822661,0.04083478429822661,0.040419850660297865,0.03884955735383709,0.03923272445756998,-0.05231755154737547,0.14707623349587204,0.052962186297559985,-0.05542238261738414,0.15104294542474178,-0.05542238261738414,0.15104294542474178,-0.05520578670847464,0.12821834890946462,200,-0.18903399025598813,0.012376463961226864,-7.961038324103523,0.23889428999171985,-0.02514382494383874,6.998612890386484,0.0,0.11320754716981132,0.31127432876787026,3626.0,0.6889465997219758,0.6967952362223944,0.9981363919090761,0.018249211174987023,7.546740238615454e-05,0.6889465997219758,icc,0.9981363919090761,table,0.35,0.7752087252129851,True,-0.7347888745526873,-0.628132491717113,0.1,-0.05958014933970214,10.341360961860518,7.546740238615454e-05,0.05214060335710578,0.9478593966428942
none,folding,folding,primary,miss0,False,165,165,False,,165.0,,103.0,0.0,3.259852973166882,0.05549546765606106,0.5362320865786875,5.9756914696312355,0.009950248756218905,0.004975124378109453,11.275447587026505,0.30769478711748965,2.501871492237149,4.3838194063683735,0.009950248756218905,0.004975124378109453,30.406992803205746,-1.3422244277066466,2.331843151338451,13.615502917805046,0.009950248756218905,0.004975124378109453,4.971151094287574,0.10341722860130488,1.044316641217292,4.661166617063833,0.10720734517433775,0.10720734517433775,0.1009271341150081,0.09167467218086094,0.09682680090733789,0.016519336791218982,0.19931872967910405,0.04658821796719993,0.01941478846550763,0.21242729524481252,0.01941478846550763,0.21242729524481252,0.016250678326100002,0.1661930692540036,200,-0.0228537924856982,0.009343309671462064,-1.802497324344975,0.20421404336162552,-0.028245015618129653,7.480527178371778,0.05454545454545454,0.20606060606060606,0.15793672532897435,2720.0,0.7034141824295265,0.6854223641011654,0.9952464165263044,0.042554667412529015,0.0004820570552276693,0.7034141824295265,icc,0.9952464165263044,unselected,1.0,2.3717053910117736,True,-2.2707782568967656,-2.1723866613326694,0.05,0.0509271341150081,10.615502917805046,0.0004820570552276693,0.042554667412529015,0.957445332587471
none,folding|depthT1,folding,depth,depthT1,False,55,165,False,,55.0,,103.0,0.0,0.5658517892993494,0.00022125956619465482,0.15934270015567836,3.5497737215481586,0.009950248756218905,0.004975124378109453,2.6255919717316623,-0.0032817663257135488,0.8897909379369596,2.954484728910138,0.009950248756218905,0.004975124378109453,11.587974586606446,-0.3290669124795553,0.9352127821076625,12.742599039577822,0.009950248756218905,0.004975124378109453,0.7895144119316819,-0.007117111310074885,0.30792380668873576,2.587105985108291,0.0488309484172816,0.0488309484172816,0.04746400604349131,0.045313257324014034,0.04655750146481567,-0.013914424585520595,0.12379387230213486,0.03535325372929963,-0.014286848924002643,0.12800010593195144,-0.014286848924002643,0.12800010593195144,-0.014110772813449449,0.11015661135888259,200,-0.026624866028932864,0.005127659373298903,-1.9563514906451063,0.1911157107843607,-0.02572055806616033,7.699655121128225,0.03636363636363636,0.16363636363636364,0.10965286409568917,484.6666666666667,0.6937777507578441,0.6562995102140031,0.9823126606554557,0.02094984261574326,0.0008546280783783841,0.6937777507578441,icc,0.9823126606554557,unselected,1.0,2.265602034061265,True,-2.2181380280177736,-2.14180816175913,0.1,-0.052535993956508695,9.742599039577822,0.0008546280783783841,0.02094984261574326,0.9790501573842567
none,folding|depthT2,folding,depth,depthT2,False,55,165,False,,55.0,,103.0,0.0,1.052001425377383,-0.0023276865208041457,0.22826159447468738,4.6189509642416215,0.009950248756218905,0.004975124378109453,3.91252856815509,0.041626599387359665,1.0123574676301288,3.823651321335429,0.009950248756218905,0.004975124378109453,8.635446862991865,-0.5051410056419825,0.8868809975020191,10.306442346131155,0.009950248756218905,0.004975124378109453,1.7909492448235478,-0.00802563631694598,0.44208150037072885,4.069328573197196,0.12182362326677594,0.12182362326677594,0.11534587567569297,0.10341713560900088,0.10859427519632968,0.0017417323296350128,0.3167371372077873,0.07538316668336059,0.0016005902721756987,0.3441033838187425,0.0016005902721756987,0.3441033838187425,0.0017337144317486827,0.2405469734569385,200,-0.03178932095966147,0.009496199982499549,-1.8412152879987276,0.2314616965739554,-0.02879454296131774,6.985427265405682,0.03636363636363636,0.18181818181818182,0.17332612989905713,2720.0,0.7113194817408953,0.6939609656439614,0.9952464165263044,0.04681174637255112,0.0005509251169018687,0.7113194817408953,icc,0.9952464165263044,unselected,1.0,2.464037012371066,True,-2.3486911366953733,-2.147299875163279,0.1,0.015345875675692969,7.3064423461311545,0.0005509251169018687,0.04681174637255112,0.9531882536274489
none,folding|depthT3,folding,depth,depthT3,False,55,165,False,,55.0,,103.0,0.0,1.64199975849015,0.05760189461067054,0.2870524415853971,5.51954149955602,0.009950248756218905,0.004975124378109453,4.737327047139752,0.2693499540558436,1.2668741179373155,3.526772731262778,0.009950248756218905,0.004975124378109453,10.183571353607439,-0.5080165095851088,1.0054065359102127,10.634094250753265,0.009950248756218905,0.004975124378109453,2.390687437532344,0.11855997622832572,0.5745261244577211,3.954785282303072,0.16124007005739557,0.16124007005739557,0.1481910717241557,0.12906481801990313,0.13885162440995177,0.026427553920714452,0.29523631968319036,0.07630191512706525,0.03332552821957053,0.32363504028708534,0.03332552821957053,0.32363504028708534,0.02574321347669043,0.22793988634229193,200,-0.01014719046850029,0.01340606965858774,-0.8670741624730217,0.19006472272656028,-0.030219945826910878,5.60406119257477,0.09090909090909091,0.2727272727272727,0.19083118199217664,7928.75,0.7063300801668602,0.7060066164455319,0.9984673290365353,0.06161320517871629,0.00022747679976217887,0.7063300801668602,icc,0.9984673290365353,unselected,1.0,2.405183617607787,True,-2.2569925458836315,-2.109947297924597,0.1,0.04819107172415568,7.6340942507532645,0.00022747679976217887,0.06161320517871629,0.9383867948212837
none,folding|miss<=5,folding,miss,miss<=5,False,169,165,False,,169.0,,103.0,0.0,3.306879313046551,0.04925692416886171,0.5379389984015581,6.0557468385029685,0.009950248756218905,0.004975124378109453,11.683443140488812,0.2655418553616053,2.515678230160161,4.538697019451604,0.009950248756218905,0.004975124378109453,31.313464191475383,-1.3828631647228173,2.374902019192512,13.767442653198488,0.009950248756218905,0.004975124378109453,5.0424205708587895,0.09273400709006321,1.0468276758822064,4.728272549345253,0.10560566831014497,0.10560566831014497,0.09963266985275475,0.0906054108651537,0.09551838538559339,0.015292438848675486,0.19777764574532683,0.045552835255522554,0.01756588931377084,0.21088072089303692,0.01756588931377084,0.21088072089303692,0.015062101916632663,0.16512036048844125,200,-0.021203912548039404,0.009009478934549293,-1.7281338241874744,0.2065416737446146,-0.02801023954129743,7.562570337857954,0.05325443786982249,0.20710059171597633,0.1554884411115331,2720.0,0.7029199220535106,0.6832928006275577,0.9952464165263044,0.042108468400501496,0.00047587432116084997,0.7029199220535106,icc,0.9952464165263044,unselected,1.0,2.3660957911156935,True,-2.2664631212629387,-2.1683181453703666,0.05,0.049632669852754746,10.767442653198488,0.00047587432116084997,0.042108468400501496,0.9578915315994985
none,pinned_sig&folding,pinned_sig&folding,primary,miss0,True,59,59,False,59.0,165.0,0.3575757575757576,103.0,0.0,1.2566158237592802,-0.0032226360738682415,0.2142421634984638,5.8804412691724055,0.009950248756218905,0.004975124378109453,4.001965571680705,0.013644926722776009,1.1386735948711135,3.502602205691234,0.009950248756218905,0.004975124378109453,17.478259867109436,-0.4474308190342687,1.129691980810553,15.867768374598924,0.009950248756218905,0.004975124378109453,1.8870422909058395,-0.00924915033140659,0.40207990577812036,4.71620544569983,0.07189593433863391,0.07189593433863391,0.07028116695146285,0.06566607833682463,0.06707361417784846,0.028308581517813063,0.1316621404064326,0.028189700339899884,0.028847162632584383,0.1354067340275911,0.028847162632584383,0.1354067340275911,0.027529266737628812,0.11634327185054581,200,-0.07360676885602194,0.007038847841233534,-3.9620746492086694,0.2114040916046786,-0.027121734132480667,7.162888466949517,0.06779661016949153,0.23728813559322035,0.13387317155001444,2719.25,0.7216546498172138,0.6877974298254411,0.9955969047218585,0.027107753038540953,0.00031082325876928644,0.7216546498172138,icc,0.9955969047218585,table,0.35,0.9074307412362342,True,-0.8371495742847714,-0.7757686008298017,0.1,-0.02971883304853716,12.867768374598924,0.00031082325876928644,0.07745072296725987,0.9225492770327401
none,pinned_sig&folding|depthT1,pinned_sig&folding,depth,depthT1,True,20,59,False,20.0,52.0,0.38461538461538464,103.0,0.0,0.3134380276150176,-0.0038481636727635423,0.07207770948297106,4.402001583620558,0.009950248756218905,0.004975124378109453,1.328117052870491,-0.03759892079691722,0.4612458384976219,2.9609285541000054,0.009950248756218905,0.004975124378109453,6.35320910032064,-0.06291549529673178,0.5127849887321533,12.512309713825795,0.009950248756218905,0.004975124378109453,0.4619520407032888,-0.008219424561160787,0.13092412302763679,3.5911752119599925,0.04933538667870993,0.04933538667870993,0.049451376225534666,0.04712116954231066,0.04701584193673596,0.000711293113578954,0.11495181024241112,0.029550744907600002,3.908965285340594e-05,0.11564393740735782,3.908965285340594e-05,0.11564393740735782,0.0007106729048421291,0.10310016020860217,200,-0.0369487702075965,0.0005676759047402309,-1.605228394297466,0.2190871950849155,-0.02749987221642338,6.967110685178658,0.0,0.2,0.07705979189894421,567.5,0.7239659212780107,0.6464702999133969,0.9752138583485577,0.018854844788623818,0.0012568615647653985,0.7239659212780107,icc,0.9752138583485577,table,0.35,0.9179593824808361,True,-0.8685080062553014,-0.803007572238425,0.1,-0.05054862377446534,9.512309713825795,0.0012568615647653985,0.05387098511035377,0.9461290148896462
none,pinned_sig&folding|depthT2,pinned_sig&folding,depth,depthT2,True,19,59,False,19.0,62.0,0.3064516129032258,103.0,0.0,0.48571980669347853,-0.007385041710860898,0.11041940152632541,4.465744620856117,0.009950248756218905,0.004975124378109453,1.7377151014153005,-0.03302456024414051,0.5344025909831982,3.3134937807872897,0.009950248756218905,0.004975124378109453,4.935347033810515,-0.16402980572734946,0.4057604744399103,12.567455828655481,0.009950248756218905,0.004975124378109453,0.7415786730954117,-0.01695412602871347,0.20995524503569216,3.6128309106789662,0.09841654565848448,0.09841654565848448,0.09669904067121807,0.08817281413142741,0.08959856444941407,0.015761665958568913,0.23803999841724433,0.05451580073448391,0.014858079473177055,0.2458465259246005,0.014858079473177055,0.2458465259246005,0.015516546817336852,0.19226929620928576,200,-0.07555247273760973,0.008656905428363677,-2.8920506158657826,0.24467020973116374,-0.027117364555879115,6.31179647011476,0.05263157894736842,0.21052631578947367,0.18192872623975234,2719.25,0.6964484524432678,0.7119348831814505,0.995503758611285,0.04214690023364036,0.0004367459441052012,0.6964484524432678,icc,0.995503758611285,table,0.35,0.8030166879962515,False,-0.7063176473250334,-0.5649766895790072,0.1,-0.0033009593287819383,9.567455828655481,0.0004367459441052012,0.12041971495325818,0.8795802850467418
none,pinned_sig&folding|depthT3,pinned_sig&folding,depth,depthT3,True,20,59,False,20.0,51.0,0.39215686274509803,103.0,0.0,0.45745798945078414,0.0080105693097562,0.10071874097431385,4.462401096292991,0.009950248756218905,0.004975124378109453,0.9361334173949135,0.08426840776383376,0.5258753229532235,1.6198991898824144,0.11940298507462686,0.05970149253731343,6.18970373297828,-0.2204855180101875,0.4500638415294086,14.242844368935168,0.009950248756218905,0.004975124378109453,0.6835115771071386,0.015924400258467666,0.1952824681903588,3.4185719948905793,0.07390628197816353,0.07390628197816353,0.07011453212114167,0.06552058683117146,0.06882004809770385,0.014353669993295104,0.1604374724399039,0.0377630362238616,0.016477515275837056,0.16973776538176985,0.016477515275837056,0.16973776538176985,0.014150557517676748,0.138254242413445,200,-0.10841634881693893,0.011972865069953202,-4.187687873193061,0.17211817590428077,-0.026747747146309425,4.440852468318833,0.15,0.3,0.14503377424583372,10012.5,0.7125344161233702,0.7061939790492762,0.9981480932705508,0.028287075625201694,0.0001300864818985653,0.7125344161233702,icc,0.9981480932705508,table,0.35,0.8675370535841529,True,-0.7974225214630112,-0.707099581144249,0.1,-0.029885467878858332,11.242844368935168,0.0001300864818985653,0.08082021607200485,0.9191797839279952
none,pinned_sig&folding|miss<=5,pinned_sig&folding,miss,miss<=5,True,61,59,False,61.0,169.0,0.3609467455621302,103.0,0.0,1.2688026623288633,-0.003215397742469015,0.21477275878604943,5.922622902741966,0.009950248756218905,0.004975124378109453,4.216705101476814,0.004878411076071165,1.1488938057294247,3.6659843315341774,0.009950248756218905,0.004975124378109453,18.267136765900073,-0.4661037466256107,1.1681720389292032,16.0363712606042,0.009950248756218905,0.004975124378109453,1.9037082118633646,-0.009157440267739396,0.4028617697398347,4.748193538856813,0.06945821223046751,0.06945821223046751,0.06790165637497782,0.06358418490095043,0.06494710259469148,0.027760676189463922,0.13047874344250898,0.027416643637790724,0.02831251897082697,0.13449372640852802,0.02831251897082697,0.13449372640852802,0.02701083512272469,0.11541901385770176,200,-0.06981898240535067,0.006751263787853828,-3.8989297094174287,0.2118119395856759,-0.0270865394094497,7.202864035254775,0.06557377049180328,0.2459016393442623,0.12998445894347593,2719.25,0.7034141824295265,0.6803367302490837,0.9955969047218585,0.02862988659228491,0.0003002997108013103,0.7034141824295265,icc,0.9955969047218585,table,0.35,0.8300968868541206,True,-0.7621952304791428,-0.6996181434116117,0.1,-0.03209834362502219,13.036371260604199,0.0003002997108013103,0.0817996759779569,0.9182003240220431
none,ptm,ptm,primary,miss0,False,824,824,False,,825.0,,103.0,0.0,10.037795059946049,0.2951691845577829,1.9649254606890343,4.958267410292423,0.009950248756218905,0.004975124378109453,36.45261619175664,1.4045061917239803,9.61075719771296,3.6467584477498756,0.009950248756218905,0.004975124378109453,133.13413996934045,-7.35239672849121,11.299614315878003,12.43286122610598,0.009950248756218905,0.004975124378109453,16.282313974810123,0.600688299144559,3.8294328629052106,4.095025617910599,0.07539610097197953,0.07539610097197953,0.06934917825146043,0.06485176185841963,0.07011007470069305,-0.006814049929873156,0.15397242764195987,0.04318101713088053,-0.004389760317893001,0.16593597206200777,-0.004389760317893001,0.16593597206200777,-0.0068623397247370935,0.13342648311132632,200,-0.037670340217167884,0.00918684429435029,-3.285545031998911,0.2031547621468358,-0.028437492103695606,7.602215252872355,0.055825242718446605,0.15655339805825244,0.15440376762958766,2085.333333333333,0.7000458880015561,0.6805356297729896,0.9926761174680531,0.029714582339197135,0.0005116525181407832,0.7000458880015561,icc,0.9926761174680531,unselected,1.0,2.3338432780184317,True,-2.264494099766971,-2.1798708503764717,0.05,0.01934917825146043,9.43286122610598,0.0005116525181407832,0.029714582339197135,0.9702854176608029
none,ptm|depthT1,ptm,depth,depthT1,False,275,824,False,,276.0,,103.0,0.0,2.4116755351021837,0.05836194191425184,0.519260231911722,4.53205049908003,0.009950248756218905,0.004975124378109453,9.68580508143026,0.40293039041472034,2.6319468146901075,3.5269993448209287,0.009950248756218905,0.004975124378109453,44.985952776124016,-2.3477347502334123,3.7138351365331874,12.74523121953732,0.009950248756218905,0.004975124378109453,4.106054963037559,0.133143663845113,1.0236012250867879,3.8813076829363857,0.05360952444653265,0.05360952444653265,0.0497175207800471,0.04736276169145192,0.05088177660001133,-0.008935925515451136,0.11561230371414022,0.034428556850616104,-0.00776694282621181,0.12422658682953454,-0.00776694282621181,0.12422658682953454,-0.009016499872990863,0.10362575286534273,200,-0.03349282089262538,0.007945673626035996,-3.8171373542718783,0.1941227488679359,-0.02568920929426475,8.367844588084049,0.05818181818181818,0.13818181818181818,0.13709306000328594,672.6666666666666,0.700032404652573,0.6582743902402006,0.9813081369418096,0.02130422114163147,0.0009470145564160156,0.700032404652573,icc,0.9813081369418096,unselected,1.0,2.333693423923957,True,-2.2839759031439097,-2.218081120209817,0.05,-0.00028247921995290526,9.74523121953732,0.0009470145564160156,0.02130422114163147,0.9786957788583686
none,ptm|depthT2,ptm,depth,depthT2,False,274,824,False,,274.0,,103.0,0.0,3.349414617776971,0.12177928995062029,0.7570523360911335,4.2634243023296206,0.009950248756218905,0.004975124378109453,11.565795413524281,0.44088284573091696,3.7915637701952902,2.934122499862467,0.01990049751243781,0.009950248756218905,43.27014258318746,-2.4868263548751766,3.827266517319653,11.95552197135923,0.009950248756218905,0.004975124378109453,5.651648403222429,0.21591776039083277,1.47724293559858,3.679645718277903,0.0774070621869959,0.0774070621869959,0.07053866116427705,0.06589081153553286,0.0718456977902759,-0.015187712295879322,0.17583948172581684,0.047803316577854804,-0.01360236022523912,0.19215301404831586,-0.01360236022523912,0.19215301404831586,-0.015421989854941911,0.1495430578094556,200,-0.045691688553424134,0.009011827710795447,-3.271753088596876,0.20595904137542012,-0.02797376240045178,6.964518458085995,0.040145985401459854,0.15328467153284672,0.1547454185168297,2085.333333333333,0.691540242172178,0.6802642950551822,0.9920686791084729,0.031463589554654364,0.0005639375264375356,0.691540242172178,icc,0.9920686791084729,unselected,1.0,2.241913976208807,True,-2.17137531504453,-2.06607449448299,0.05,0.02053866116427705,8.95552197135923,0.0005639375264375356,0.031463589554654364,0.9685364104453457
none,ptm|depthT3,ptm,depth,depthT3,False,275,824,False,,275.0,,103.0,0.0,4.276704907066895,0.11502795269291077,0.862263147811028,4.826458100336267,0.009950248756218905,0.004975124378109453,15.201015696802099,0.5606929555783416,4.178574426962781,3.5036644667030985,0.009950248756218905,0.004975124378109453,44.878044610028965,-2.5178356233826213,4.33537356937903,10.932363607180513,0.009950248756218905,0.004975124378109453,6.524610608550132,0.2516268749086136,1.6820968783820685,3.729264238142581,0.09529615080669475,0.09529615080669475,0.0878067235776375,0.08071904840673719,0.08700491710530375,-0.021191223685347545,0.21006928061107538,0.057849026569248965,-0.019659808247056314,0.22535826122285194,-0.019659808247056314,0.22535826122285194,-0.021650147876104395,0.17360041028241766,200,-0.033855679744858716,0.010602395122279227,-2.34159040004703,0.20939269357616444,-0.0316478183265403,6.673690565532181,0.06909090909090909,0.1781818181818182,0.17137406673550998,5469.0,0.7113132918761927,0.7030672173518856,0.9973291905571084,0.035636384516173646,0.00023514304875556927,0.7113132918761927,icc,0.9973291905571084,unselected,1.0,2.4639627383576532,True,-2.376156014780016,-2.2538934577465777,0.05,0.037806723577637494,7.932363607180513,0.00023514304875556927,0.035636384516173646,0.9643636154838263
none,ptm|miss0-5,ptm,miss,miss0-5,False,35,824,False,,35.0,,99.0,0.03883495145631066,-0.23140983954751265,0.012818391643256504,0.0897522327715671,-2.7211382229606103,0.009950248756218905,1.0,-0.8574286312808469,0.09579179819902597,0.656528872415659,-1.4519093821000664,0.11940298507462686,0.945273631840796,4.0426772917113265,-0.30982771050201857,0.594257390135732,7.324275767473765,0.009950248756218905,0.004975124378109453,-0.38776813254795733,0.019397559886950536,0.16132711938641564,-2.523851501120851,-0.05724172939105742,-0.05724172939105742,-0.05611210810017995,-0.05944785242158338,-0.06071729220055962,-0.15460603088151,0.0685522443890132,0.06346461925160599,-0.1697660112235431,0.07955781456940351,-0.1697660112235431,0.07955781456940351,-0.18288332585778516,0.0641528411703681,200,-0.04766310234597651,0.006407642142028779,-2.8146480847019792,0.19399655344543215,-0.023888740121354442,6.51805618626079,0.05714285714285714,0.05714285714285714,0.06876469499918574,1073.6666666666667,0.6833663346816398,0.6412141535994551,0.9854537038862005,-0.02599920650872733,-0.0008282716243045387,0.6833663346816398,icc,0.9854537038862005,unselected,1.0,2.1582238704609855,True,-2.2143359785611656,-2.089671626071972,0.1,-0.04388789189982006,4.324275767473765,0.0,0.0,1.0
none,ptm|miss5-20,ptm,miss,miss5-20,False,51,824,False,,51.0,,91.0,0.11650485436893199,0.4293448097997759,-0.0016581035633446606,0.14649899431496607,2.9420196048341754,0.009950248756218905,0.004975124378109453,1.3107387489310491,-0.042550846451713954,0.8234525244019186,1.6434336592333239,0.11940298507462686,0.05970149253731343,6.46492599881401,-0.47891550825991913,0.7792020475130096,8.911477490641468,0.009950248756218905,0.004975124378109453,0.7053821797414292,-0.010777354162766801,0.27910280239430973,2.5659345866847407,0.06641140360748742,0.06641140360748742,0.062069808610124975,0.05844230587003737,0.06227559399949118,-0.031286354423522726,0.20763091223938077,0.06207062915855237,-0.03468753892829782,0.2241164947658432,-0.03468753892829782,0.2241164947658432,-0.03229715200578534,0.17192331161002242,200,-0.02368733725653759,0.004424598603476982,-1.6447355805010253,0.23667498809564155,-0.01775097713446662,9.310867053097283,0.0,0.09803921568627451,0.1348878522120231,1080.25,0.7183328856215623,0.6877310219327414,0.9862102128497165,0.02433833147720645,0.0008678975719782827,0.7183328856215623,icc,0.9862102128497165,unselected,1.0,2.550290214769042,True,-2.4882204061589173,-2.342659302529661,0.1,-0.03793019138987503,5.911477490641468,0.0008678975719782827,0.02433833147720645,0.9756616685227936
none,ptm|miss20+,ptm,miss,miss20+,False,119,824,False,,119.0,,61.0,0.4077669902912622,-0.019056258026487905,0.03631508097994151,0.41043794843996484,-0.13490794215517973,0.9154228855721394,0.5472636815920398,0.05262623448071553,0.06218763855367211,1.5816466282587416,-0.006045221418062815,0.9950248756218906,0.5074626865671642,10.048096913043507,-2.243258180995287,2.3163114522298422,5.306434539364852,0.009950248756218905,0.004975124378109453,-0.06466143796482644,0.06871318038898389,0.45001728672011004,-0.2963766554967102,-0.0018965042028755554,-0.0018965042028755554,-0.004504901093719444,-0.004525287064365097,-0.0019001077652382463,-0.2434446993757913,0.23237370851077452,0.11743754868835023,-0.35557435314383434,0.4018813351299956,-0.35557435314383434,0.4018813351299956,-0.3217855711246569,0.18855644804239205,200,-0.023020248484535565,0.0044505539732566214,-2.0196720657187677,0.1818945631069027,-0.01762252488639033,8.832468771834106,0.07563025210084033,0.05042016806722689,0.07846969851541503,976.375,0.711410204358536,0.689823035832361,0.9875351248620503,-0.0018274526820904226,-5.686180494073054e-05,0.711410204358536,icc,0.9875351248620503,unselected,1.0,2.465125985405154,True,-2.4696308864988734,-2.2327522768943795,0.05,-0.04549509890628056,2.3064345393648518,0.0,0.0,1.0
none,ptm|miss<=5,ptm,miss,miss<=5,False,859,824,False,,860.0,,103.0,0.0,9.806385220398537,0.3079875762010394,1.992089544810569,4.768057574992551,0.009950248756218905,0.004975124378109453,35.59518756047579,1.5002979899230062,9.758681295506554,3.493800907941526,0.009950248756218905,0.004975124378109453,137.17681726105178,-7.6622244389932295,11.544594310556779,12.54604863573241,0.009950248756218905,0.004975124378109453,15.894545842262161,0.6200858590315095,3.8739977719510446,3.942815892621963,0.07148719015500031,0.07148719015500031,0.06557898707910705,0.061543055816882915,0.06671772729700953,-0.008741031937091484,0.14756826439028148,0.041890210153482446,-0.006400811267689783,0.1596855948006345,-0.006400811267689783,0.1596855948006345,-0.008818982435233182,0.1285908107483675,200,-0.03807749583359198,0.009073605557061286,-3.4139474848158184,0.20278161045353063,-0.02825215296588194,7.674360767457465,0.05587892898719441,0.15250291036088476,0.150914399128931,2034.0,0.6990182591777431,0.6789334741663847,0.9925269508454145,0.028236855666185147,0.0004937649234941741,0.6990182591777431,icc,0.9925269508454145,unselected,1.0,2.3224606823925056,True,-2.2568816953133983,-2.174892418002224,0.05,0.015578987079107043,9.54604863573241,0.0004937649234941741,0.028236855666185147,0.9717631443338148
none,pinned_sig&ptm,pinned_sig&ptm,primary,miss0,True,236,236,False,236.0,825.0,0.28606060606060607,103.0,0.0,2.918222553854999,0.03881951832083883,0.6592456042989203,4.367724284785004,0.009950248756218905,0.004975124378109453,10.804741685160447,0.3975135311016931,3.3578644590785935,3.099359215027555,0.029850746268656716,0.014925373134328358,67.91857590513263,-2.271309711444909,4.72872273486679,14.843307495920422,0.009950248756218905,0.004975124378109453,4.632213610926912,0.07982607790247431,1.243743734599631,3.6602295202635773,0.042966486192689265,0.042966486192689265,0.041023047840016695,0.03940647416513402,0.04119642074937311,-0.008009144967293585,0.09187757413918908,0.025288775272532343,-0.007719159781691086,0.09560955895807104,-0.007719159781691086,0.09560955895807104,-0.008073857529937035,0.08414640482192655,200,-0.08635312614945387,0.008648702083133748,-5.710034537531877,0.22784918499168846,-0.02873891119999951,7.700172329208246,0.046610169491525424,0.1440677966101695,0.12911100236585366,2308.5,0.69623511605528,0.6800036006356899,0.9934014244143958,0.017898208635015123,0.00027249173926218037,0.69623511605528,icc,0.9934014244143958,table,0.35,0.8022069156081055,True,-0.7611838677680889,-0.7103293414689165,0.05,-0.008976952159983308,11.843307495920422,0.00027249173926218037,0.05113773895718607,0.9488622610428139
none,pinned_sig&ptm|depthT1,pinned_sig&ptm,depth,depthT1,True,79,236,False,79.0,300.0,0.2633333333333333,103.0,0.0,0.7640202919158359,0.03194935096705218,0.1867777186191357,3.91947683246722,0.009950248756218905,0.004975124378109453,3.70119271832644,0.31901817284799194,1.0874432678879726,3.110207810700132,0.009950248756218905,0.004975124378109453,25.049138444231584,-0.7600268845090656,1.7745279776813636,14.544242555399697,0.009950248756218905,0.004975124378109453,1.1392268592768817,0.06490885000585869,0.34863443508125236,3.0815028613586137,0.030500861082181353,0.030500861082181353,0.028364766222546602,0.027582397952759335,0.029598093736817307,0.003892476058434987,0.07220200027120817,0.017467752659945525,0.005502026260286236,0.07636128354610024,0.005502026260286236,0.07636128354610024,0.0038773333417471403,0.06733991894580012,200,-0.06524280197063521,0.00953622678100206,-5.068391183653612,0.20334215341209466,-0.025124655376593346,7.750519718192531,0.012658227848101266,0.1518987341772152,0.09501096556144147,803.0,0.6821614260892713,0.6473654758912718,0.9809022708016613,0.01321595813056954,0.0005522493322904267,0.6821614260892713,icc,0.9809022708016613,table,0.35,0.7511879259762363,True,-0.7228231597536897,-0.6789859257050281,0.1,-0.0716352337774534,11.544242555399697,0.0005522493322904267,0.03775988037305583,0.9622401196269441
none,pinned_sig&ptm|depthT2,pinned_sig&ptm,depth,depthT2,True,78,236,False,78.0,271.0,0.2878228782287823,103.0,0.0,1.1638815569682146,0.02439977082454165,0.31681475868214026,3.596681514723603,0.009950248756218905,0.004975124378109453,3.8294524530213834,0.05887387079745519,1.575026725771066,2.393977524653122,0.029850746268656716,0.014925373134328358,21.122001102295748,-0.7469476254753414,1.5788270536732092,13.851389661009444,0.009950248756218905,0.004975124378109453,1.9480228506779154,0.04587239954761548,0.6193465544444423,3.071221495430035,0.05510280732073783,0.05510280732073783,0.05210500972534908,0.04952453342936846,0.05222505990734918,-0.025552012602857322,0.12248782538647093,0.03606555783677977,-0.025339866549265424,0.129046628187673,-0.025339866549265424,0.129046628187673,-0.02622309770794588,0.10912156782569266,200,-0.09952054924720781,0.008497438365923702,-4.822727722495192,0.2488149290349511,-0.030712743055060557,7.345586302452568,0.02564102564102564,0.11538461538461539,0.15575506291386837,2308.5,0.6765958058211492,0.6787970249307292,0.9930452168755469,0.02490553228076332,0.00036491696065712624,0.6765958058211492,icc,0.9930452168755469,table,0.35,0.7322370467045984,True,-0.6801320369792494,-0.6097492213181275,0.1,-0.047894990274650925,10.851389661009444,0.00036491696065712624,0.07115866365932377,0.9288413363406762
none,pinned_sig&ptm|depthT3,pinned_sig&ptm,depth,depthT3,True,79,236,False,79.0,254.0,0.3110236220472441,103.0,0.0,0.9903207049709487,-0.01752960347075499,0.3155946337805197,3.193496341710972,0.009950248756218905,0.004975124378109453,3.2740965138126246,0.019621487456246055,1.5643417432038045,2.080411802916635,0.04975124378109453,0.024875621890547265,21.747436358605295,-0.7643352014605023,1.7190699210938483,13.095320489198894,0.009950248756218905,0.004975124378109453,1.5449639009721143,-0.03095517165099996,0.5912986999707365,2.665182711717626,0.04553735385822092,0.04553735385822092,0.04476992429283331,0.04285146734400537,0.0435540190794522,-0.024012390214059064,0.11894442754370284,0.03751954358693362,-0.025562910048494206,0.12287349805445116,-0.025562910048494206,0.12287349805445116,-0.024605179374731678,0.10629788142501795,200,-0.09446270347226236,0.00791052637187789,-4.473288547861995,0.23165586169312422,-0.030404320381699834,6.426707881893848,0.10126582278481013,0.16455696202531644,0.13690424521146644,6816.0,0.7135591984784819,0.7138330279748788,0.9973823368237059,0.017971785698847765,0.00011750015806379599,0.7135591984784819,icc,0.9973823368237059,table,0.35,0.8718929640640152,True,-0.8271230397711818,-0.7529485365203124,0.1,-0.0552300757071667,10.095320489198894,0.00011750015806379599,0.05134795913956505,0.948652040860435
none,pinned_sig&ptm|miss<=5,pinned_sig&ptm,miss,miss<=5,True,243,236,False,243.0,860.0,0.28255813953488373,103.0,0.0,2.9083157623257074,0.037904956679737624,0.6655257744317591,4.312997206001212,0.009950248756218905,0.004975124378109453,11.13860520320938,0.4027078006140654,3.354822099953563,3.200139108045079,0.029850746268656716,0.014925373134328358,69.7230288245342,-2.337967926489307,4.8319163741133195,14.913543855412245,0.009950248756218905,0.004975124378109453,4.612444930505362,0.07690183875752027,1.2560968812284872,3.610822667843894,0.04171241283342422,0.04171241283342422,0.039833071079539296,0.03830717851489873,0.040042157815867625,-0.00790799610421397,0.09035876747167566,0.025038145806370062,-0.00764160963731635,0.09373591313509684,-0.00764160963731635,0.09373591313509684,-0.007971079435954584,0.08287038769018558,200,-0.08481346300730869,0.008554671285062241,-5.771302439266559,0.2271396104509115,-0.02893374242662822,7.7682693527090745,0.04526748971193416,0.14814814814814814,0.12839886984440427,2304.25,0.6964484524432678,0.6799285099878934,0.9933414222300286,0.01736150080844127,0.0002670095051553078,0.6964484524432678,icc,0.9933414222300286,table,0.35,0.8030166879962515,True,-0.7631836169167122,-0.7126579205245758,0.05,-0.010166928920460706,11.913543855412245,0.0002670095051553078,0.04960428802411792,0.9503957119758821
none,secretion,secretion,primary,miss0,False,1350,1350,False,,1351.0,,103.0,0.0,18.20995602114397,0.5257213778274648,3.439925573140472,5.140877111236951,0.009950248756218905,0.004975124378109453,60.51887817336983,2.142444134744488,15.585540320706745,3.745550865571672,0.009950248756218905,0.004975124378109453,207.16982108326292,-11.073276090729367,16.566599669003867,13.173680872021398,0.009950248756218905,0.004975124378109453,30.751659178967337,1.0866300716184782,7.065472628088164,4.198590903801417,0.08789869067766037,0.08789869067766037,0.08102998386802544,0.0749562778805567,0.0807967611606441,0.012540608075728226,0.184857370512777,0.05286265950952952,0.0157643417454859,0.2042387497023815,0.0157643417454859,0.2042387497023815,0.012385272798709353,0.15601253604676443,200,-0.04801217172655956,0.009511814027841526,-4.110269229962395,0.20629894715206606,-0.026871339132427615,8.370111455125254,0.05037037037037037,0.15185185185185185,0.1923973824089726,2364.375,0.6951205264366553,0.6767414792701654,0.9944697751218449,0.035539705540232176,0.0004506059850924673,0.6951205264366553,icc,0.9944697751218449,unselected,1.0,2.2799846716877465,True,-2.1989546878197213,-2.0951273011749696,0.05,0.03102998386802544,10.173680872021398,0.0004506059850924673,0.035539705540232176,0.9644602944597678
none,secretion|depthT1,secretion,depth,depthT1,False,450,1350,False,,451.0,,103.0,0.0,4.7225311820114655,0.10849679512863906,0.8988773982535149,5.133107580463946,0.009950248756218905,0.004975124378109453,18.757482848299933,0.40311107888875847,4.39578824603082,4.175444935498034,0.009950248756218905,0.004975124378109453,68.84373999819205,-3.788027820455625,5.723346214948061,12.690437567615643,0.009950248756218905,0.004975124378109453,7.965394434131045,0.2112276226622563,1.8379803446418579,4.2188518686143714,0.06859783013147581,0.06859783013147581,0.06352639520496714,0.05973184632876373,0.06419424426777642,0.013849756447327999,0.13880175066337241,0.04552897636374383,0.01670398314446901,0.14927844391292044,0.01670398314446901,0.14927844391292044,0.013660348330974466,0.1218838203583794,200,-0.03592883552915339,0.007916898875793069,-3.9761628339675554,0.18174567773670136,-0.02423960803709648,8.714567275515845,0.04888888888888889,0.14666666666666667,0.16050360840883937,560.5,0.6933943338352219,0.6671780852108077,0.9830492986555498,0.028090152703057075,0.001095384487921004,0.6933943338352219,icc,0.9830492986555498,unselected,1.0,2.2615183290923695,True,-2.1979919338874025,-2.122716578428997,0.05,0.013526395204967137,9.690437567615643,0.001095384487921004,0.028090152703057075,0.971909847296943
none,secretion|depthT2,secretion,depth,depthT2,False,450,1350,False,,450.0,,103.0,0.0,6.208095966569452,0.17453730692474603,1.408364922530881,4.284087570714407,0.009950248756218905,0.004975124378109453,17.921074398402787,0.6797454624781488,6.451603415003731,2.6724099153132257,0.01990049751243781,0.009950248756218905,67.05720930046758,-3.6023215125759713,5.466623894566274,12.925625061434692,0.009950248756218905,0.004975124378109453,10.55796091513985,0.36200314947667356,2.885000678910902,3.534126643433646,0.0925790982257021,0.0925790982257021,0.08538916958858335,0.07867147745812694,0.08473445847174477,-0.0011530326598636542,0.21848878282008924,0.05919113539743417,0.0008288825352928408,0.23642676732277834,0.0008288825352928408,0.23642676732277834,-0.0011631534119157282,0.17931124325228429,200,-0.06015754239949323,0.009329538695756654,-3.9752935863896663,0.20995086264064053,-0.02759760568576719,7.386228070631023,0.04666666666666667,0.14888888888888888,0.2027997213065421,2364.375,0.6962971712175905,0.6818586862182391,0.993590503527352,0.037244058174307454,0.0005508321379254202,0.6962971712175905,icc,0.993590503527352,unselected,1.0,2.292692412544035,True,-2.2073032429554518,-2.0742036297239457,0.05,0.03538916958858335,9.925625061434692,0.0005508321379254202,0.037244058174307454,0.9627559418256926
none,secretion|depthT3,secretion,depth,depthT3,False,450,1350,False,,450.0,,103.0,0.0,7.279328872563051,0.24268727577407978,1.3942915483677825,5.046750520023137,0.009950248756218905,0.004975124378109453,23.84032092666711,1.0595875933775785,6.211928528848887,3.667256187429278,0.009950248756218905,0.004975124378109453,71.26887178460328,-3.682926757697772,6.573773571836879,11.401639822735424,0.009950248756218905,0.004975124378109453,12.228303829696442,0.5133992994795481,2.8760015000905925,4.073330465873498,0.10213896600697496,0.10213896600697496,0.09388222475832457,0.08582480145800551,0.09267340068469059,-0.004795170110761964,0.24111803130762174,0.06596118555230308,-0.001386161192351051,0.2611867704490008,-0.001386161192351051,0.2611867704490008,-0.004818299979729027,0.19427395758635632,200,-0.04795013725103203,0.011289004511974853,-3.5435630043180746,0.22720030107885625,-0.02877680367441917,7.973631420477073,0.05555555555555555,0.16,0.21388881751153632,7104.166666666666,0.6967452408117876,0.6811876663814493,0.9986068812424405,0.04086175232136252,0.00013097154723139742,0.6967452408117876,icc,0.9986068812424405,unselected,1.0,2.297557481626723,True,-2.203675256868398,-2.0564394503191012,0.05,0.04388222475832457,8.401639822735424,0.00013097154723139742,0.04086175232136252,0.9591382476786374
none,secretion|miss0-5,secretion,miss,miss0-5,False,41,1350,False,,42.0,,99.0,0.03883495145631066,0.3095139914164927,0.01934162788260275,0.15155078928102736,1.9146872471631307,0.05970149253731343,0.029850746268656716,0.7210624416919678,0.0956739794455661,0.7448697348429514,0.839594405561744,0.42786069651741293,0.21393034825870647,5.687595840690909,-0.38642275208553756,0.6324306464522592,9.604244555272292,0.009950248756218905,0.004975124378109453,0.5446339354529064,0.03416051314424744,0.293207920995631,1.7409946517654462,0.0544191254241606,0.0544191254241606,0.047772715723817305,0.04559454069274479,0.05161052575015599,-0.05822645686678807,0.14692162720991062,0.05524815565890205,-0.058889452990676244,0.16742324830455635,-0.058889452990676244,0.16742324830455635,-0.06182814659896651,0.12810073878296338,200,-0.04978303183513073,0.009224896970506267,-3.1776136481971347,0.21499399589455276,-0.02074772243450204,8.172630438923948,0.07317073170731707,0.12195121951219512,0.14768370170946696,736.0,0.6478197095636566,0.636145560592763,0.9859232904792454,0.02597112846393509,0.0006820841426059374,0.6478197095636566,icc,0.9859232904792454,unselected,1.0,1.8394547541573742,True,-1.791682038433557,-1.6925331269474637,0.1,-0.0522272842761827,6.604244555272292,0.0006820841426059374,0.02597112846393509,0.9740288715360649
none,secretion|miss5-20,secretion,miss,miss5-20,False,54,1350,False,,54.0,,91.0,0.11650485436893199,0.20552038047602073,0.00596038376972385,0.1775003530899445,1.1242794351241325,0.2885572139303483,0.14427860696517414,0.832305042553444,0.025228213568662478,0.8324016203535498,0.96957623489727,0.3681592039800995,0.18407960199004975,6.71333408373633,-0.6258705997494877,0.7709415075656326,9.5197944480386,0.009950248756218905,0.004975124378109453,0.3299416424923824,0.001046191943944682,0.3236197615554495,1.0163021224897735,0.03061375732423518,0.03061375732423518,0.027190956692532818,0.02647117998398796,0.029704394208473556,-0.05360693606801444,0.13135348675511108,0.0485628701705545,-0.06015368955183325,0.15188901025304366,-0.06015368955183325,0.15188901025304366,-0.05664432643445164,0.11610292862880547,200,-0.03313075663000156,0.006987365008189028,-2.5312029186522547,0.22434629513017365,-0.017723086250646156,8.799896485267084,0.05555555555555555,0.14814814814814814,0.13929956074488561,1190.5,0.6939967004140257,0.6469879171919106,0.9890226460991924,0.011989282458908667,0.00030179769461570916,0.6939967004140257,icc,0.9890226460991924,unselected,1.0,2.2679386181554597,True,-2.240747661462927,-2.1365851314003486,0.1,-0.07280904330746718,6.519794448038599,0.00030179769461570916,0.011989282458908667,0.9880107175410914
none,secretion|miss20+,secretion,miss,miss20+,False,99,1350,False,,99.0,,61.0,0.4077669902912622,0.18495202312043296,0.018464908258930168,0.44670314234923575,0.37270191113037204,0.6368159203980099,0.31840796019900497,0.3555400569941716,0.07318818272101119,1.3235988745253757,0.21332133149056048,0.8258706467661692,0.4129353233830846,11.844844245160111,-1.9223868375823263,1.8507900136996585,7.438570005693012,0.009950248756218905,0.004975124378109453,0.3546017240592691,0.0048261457523820096,0.488251809606133,0.7163835779513996,0.015614559321538204,0.015614559321538204,0.01209299922845041,0.011948505955153602,0.015374493382577353,-0.18610941249801596,0.25433394808361093,0.10863133702286018,-0.24255382490267097,0.3005564241850361,-0.24255382490267097,0.3005564241850361,-0.2286683126911928,0.20276402476998406,200,-0.0364004987005875,0.0068321916804853665,-2.962796967510635,0.1771638842694743,-0.015717977634587137,8.259328932856159,0.050505050505050504,0.0707070707070707,0.12883317894951943,601.0,0.710899059099596,0.687909565462791,0.9909757071080759,0.004917853541234007,0.00011012456329310058,0.710899059099596,icc,0.9909757071080759,unselected,1.0,2.4589994653268965,True,-2.4469064660984463,-2.2046655172432854,0.1,-0.0879070007715496,4.438570005693012,0.00011012456329310058,0.004917853541234007,0.995082146458766
none,secretion|miss<=5,secretion,miss,miss<=5,False,1391,1350,False,,1393.0,,103.0,0.0,18.51947001256046,0.5450630057100675,3.508757405424103,5.12272720224664,0.009950248756218905,0.004975124378109453,61.2399406150618,2.238118114190054,15.918480508423249,3.70649839786222,0.009950248756218905,0.004975124378109453,212.8574169239538,-11.459698842814905,16.91576218190054,13.260834088030785,0.009950248756218905,0.004975124378109453,31.296293114420244,1.1207905847627258,7.198457223780636,4.19194024380259,0.08700410951231638,0.08700410951231638,0.08012944953134603,0.07418504288177045,0.08004027652788794,0.013697428569858837,0.18091714227202027,0.05145984688809839,0.017037063269966637,0.20011635879958287,0.017037063269966637,0.20011635879958287,0.013512154820925047,0.15319673926465788,200,-0.04806436817835783,0.00950335709085321,-4.172983150884844,0.20655523543275758,-0.02669084431962032,8.459648829880768,0.051042415528396834,0.1509705248023005,0.1910794378304825,2264.0,0.6939859351905215,0.6755449065413562,0.9942918581910879,0.03533319238710713,0.00046001609811742537,0.6939859351905215,icc,0.9942918581910879,unselected,1.0,2.2678236558263776,True,-2.1876942062950318,-2.086906513554357,0.05,0.030129449531346025,10.260834088030785,0.00046001609811742537,0.03533319238710713,0.9646668076128929
none,pinned_sig&secretion,pinned_sig&secretion,primary,miss0,True,381,381,False,381.0,1351.0,0.2820133234641007,103.0,0.0,4.05151557403486,0.12772439359195883,1.0220752481605468,3.8390433458834283,0.009950248756218905,0.004975124378109453,13.963263598980348,0.5779856984073312,5.030244418860052,2.660959743901743,0.01990049751243781,0.009950248756218905,104.10441224594548,-3.4703764021047876,6.828426709251921,15.753964013745048,0.009950248756218905,0.004975124378109453,6.505088271543881,0.2481330222764116,1.9841817504069263,3.153418404329271,0.038917808444691095,0.038917808444691095,0.036475007106732696,0.03519140052257586,0.037459949312980675,0.002735954594296156,0.09028120914314518,0.023724629502996614,0.004146962403711985,0.09701499157210375,0.004146962403711985,0.09701499157210375,0.002728445012535044,0.08280524041597519,200,-0.10742873254817961,0.009042761341602196,-7.047754777621986,0.20671210643295013,-0.027632493679535037,8.211145374147382,0.06824146981627296,0.14173228346456693,0.154520039330595,2530.0,0.6901458095101782,0.66643318793008,0.9942507273185082,0.016376153624968835,0.0002109173834667761,0.6901458095101782,icc,0.9942507273185082,table,0.35,0.7795635519620218,True,-0.7430885448552891,-0.6892823428188766,0.05,-0.013524992893267307,12.753964013745048,0.0002109173834667761,0.04678901035705381,0.9532109896429461
none,pinned_sig&secretion|depthT1,pinned_sig&secretion,depth,depthT1,True,127,381,False,127.0,506.0,0.2509881422924901,103.0,0.0,0.7241086061198765,-0.01121454094773382,0.3062334486164619,2.401184946940777,0.03980099502487562,0.01990049751243781,3.597700285944995,-0.08571836473206879,1.8013716118935812,2.044785554716884,0.05970149253731343,0.029850746268656716,36.84243005848999,-1.1188231104742763,2.528560905376389,15.01298746185967,0.009950248756218905,0.004975124378109453,1.0595839615297202,-0.024000515874579697,0.581036840239232,1.8649152727702303,0.019654203182860153,0.019654203182860153,0.01937036018791876,0.01900227919551033,0.01927536131514917,-0.008093334342407004,0.06639284281808827,0.019884812934643694,-0.008641059395612386,0.06826989558332557,-0.008641059395612386,0.06826989558332557,-0.008159371623670562,0.06225899069757381,200,-0.09037646072534239,0.005029974423164196,-5.80942172141604,0.1819036648585952,-0.02489333999548853,7.8847227674291,0.03937007874015748,0.11811023622047244,0.11232144578313226,771.3333333333334,0.6948440844859416,0.6546343713742513,0.9839152995169592,0.008506915621731843,0.00031665982023478076,0.6948440844859416,icc,0.9839152995169592,table,0.35,0.7969546622106221,True,-0.7775843020227033,-0.7305618193925338,0.05,-0.030629639812081243,12.01298746185967,0.00031665982023478076,0.02430547320494813,0.9756945267950519
none,pinned_sig&secretion|depthT2,pinned_sig&secretion,depth,depthT2,True,127,381,False,127.0,416.0,0.30528846153846156,103.0,0.0,1.9614179816732968,0.0729822145305767,0.4891015038417835,3.8610303838967517,0.009950248756218905,0.004975124378109453,6.6312273684668215,0.27688953785158327,2.261370498090807,2.809949911339152,0.009950248756218905,0.004975124378109453,31.914558308446527,-1.1847101474452477,2.2550497662592486,14.67784390000312,0.009950248756218905,0.004975124378109453,3.2977141473446765,0.14331652161355588,0.9580164419176858,3.292634121619962,0.0614584091284192,0.0614584091284192,0.05705370104053078,0.05397426922054092,0.05789996913669345,-0.010809012384732005,0.1416421263297367,0.03528765608293143,-0.009115894252040452,0.1495601616315638,-0.009115894252040452,0.1495601616315638,-0.01092727590751554,0.12406855168288343,200,-0.10502506992083874,0.010568769740736865,-5.353838572947381,0.190253649725131,-0.030095759198158947,6.68398727364078,0.047244094488188976,0.16535433070866143,0.1764405528423551,2530.0,0.6892837593725532,0.676437889616935,0.9937633451370311,0.02571874247745677,0.0003580573219831663,0.6892837593725532,icc,0.9937633451370311,table,0.35,0.7764296944801636,True,-0.7193759934396329,-0.6347875681504269,0.05,0.007053701040530776,11.67784390000312,0.0003580573219831663,0.07348212136416221,0.9265178786358378
none,pinned_sig&secretion|depthT3,pinned_sig&secretion,depth,depthT3,True,127,381,False,127.0,429.0,0.29603729603729606,103.0,0.0,1.3659889862416865,0.06595672000911594,0.4080450000553075,3.186002195974367,0.009950248756218905,0.004975124378109453,3.7343359445685307,0.3868145252878168,1.955126131313143,1.712176705976704,0.08955223880597014,0.04477611940298507,35.34742387900897,-1.1668431441852638,2.54224074935077,14.363024836463323,0.009950248756218905,0.004975124378109453,2.1477901626694846,0.1288170165374355,0.8086284546774489,2.496787164059655,0.03864465458408915,0.03864465458408915,0.035603405797705774,0.034379382684900636,0.03720681025366069,-0.01577515135438722,0.09883755360339135,0.0315228885046408,-0.014347722313464118,0.1037682103055954,-0.014347722313464118,0.1037682103055954,-0.016028024121420754,0.08994736870967653,200,-0.12688466699835774,0.011529539860905531,-7.313718947120658,0.2479790047151242,-0.027908381844957635,8.174357789629346,0.11811023622047244,0.14173228346456693,0.17479811936629766,7554.0,0.6874608576264013,0.668227302799054,0.9987066898569879,0.016186314886368937,4.6105875039791866e-05,0.6874608576264013,icc,0.9987066898569879,table,0.35,0.7698597313024614,True,-0.7342563255047556,-0.6710221776990701,0.05,-0.014396594202294229,11.363024836463323,4.6105875039791866e-05,0.0462466139610541,0.9537533860389459
none,pinned_sig&secretion|miss<=5,pinned_sig&secretion,miss,miss<=5,True,392,381,False,392.0,1393.0,0.2814070351758794,103.0,0.0,4.223493683328285,0.12934106531621864,1.0466506442862362,3.9116706614212,0.009950248756218905,0.004975124378109453,14.352923965384294,0.5806012383679429,5.124906137454576,2.687331700841013,0.01990049751243781,0.009950248756218905,106.89793617883615,-3.593080312647783,6.9774373738602495,15.8354723333554,0.009950248756218905,0.004975124378109453,6.789947252669161,0.24968377217244497,2.031537913786573,3.219365701281131,0.03950959049632672,0.03950959049632672,0.037054167370499505,0.03573021403930338,0.03800791340218648,0.0037788920732752165,0.09285702174350675,0.023392551967492684,0.005174340462931388,0.09728770764984919,0.005174340462931388,0.09728770764984919,0.0037646654394969535,0.08496718968668446,200,-0.10689863146702332,0.009007740538070628,-7.12644149597686,0.20772435419636892,-0.02763563449176892,8.3089002338222,0.06887755102040816,0.14540816326530612,0.15394370427916695,2479.333333333333,0.6879915149959805,0.6653233154323015,0.9941345522718485,0.016804298268740227,0.00021862159536167896,0.6879915149959805,icc,0.9941345522718485,table,0.35,0.7717643648232551,True,-0.7347101974527556,-0.6789073430797483,0.05,-0.012945832629500498,12.8354723333554,0.00021862159536167896,0.04801228076782923,0.9519877192321707
none,splicing,splicing,primary,miss0,False,224,224,False,,224.0,,103.0,0.0,3.5323565305285256,0.11733823215125735,0.8901698348485751,3.836367134321272,0.009950248756218905,0.004975124378109453,18.721183097653345,0.8968244928670097,6.524388544558512,2.731958479029005,0.01990049751243781,0.009950248756218905,42.402031775762694,-1.5256376833877874,6.68573842430529,6.570354188470209,0.009950248756218905,0.004975124378109453,5.177910654316303,0.19835703485766984,1.5478078737100454,3.2171651947491418,0.08330630355660565,0.08330630355660565,0.07774185019200679,0.07213401815857533,0.07690004505937287,-0.056610592171400645,0.2579314231133667,0.1997244130737689,-0.05513457390827878,0.2686428183068779,-0.05513457390827878,0.2686428183068779,-0.04241802506922116,0.20549496887276633,200,0.022635784303286794,0.00778055594024337,0.478263914037177,0.21308860043994288,-0.028196543398779347,5.561501937442768,0.026785714285714284,0.22321428571428573,0.06660220650095632,2045.0,0.6597637262765956,0.6345361586317182,0.9897883544481734,0.04009101496222985,0.0008020625976616769,0.6597637262765956,icc,0.9897883544481734,unselected,1.0,1.9391339996068486,True,-1.8613921494148418,-1.681202576493482,0.05,0.027741850192006784,3.5703541884702092,0.0008020625976616769,0.04009101496222985,0.9599089850377701
none,splicing|depthT1,splicing,depth,depthT1,False,75,224,False,,75.0,,103.0,0.0,1.009843930223199,0.04871632143260887,0.2570668416111049,3.7388237345857323,0.009950248756218905,0.004975124378109453,4.873866913930213,0.3061666707804945,1.8209007271570599,2.5084839469975875,0.01990049751243781,0.009950248756218905,14.687213494345105,-0.5826071356301691,1.977896403186417,7.720232771228763,0.009950248756218905,0.004975124378109453,1.470901098751978,0.08083119082899781,0.4513281960511993,3.0799536126594864,0.06875667263991299,0.06875667263991299,0.06294295342958107,0.05921573987248882,0.06433332712681794,-0.012674072258789514,0.16971544440040554,0.0507833694859836,-0.010527948732260676,0.18651371315580345,-0.010527948732260676,0.18651371315580345,-0.012837563305703136,0.14509109508759208,200,0.0011919359996030413,0.007922149017659495,-0.2749828259019869,0.2251592318760497,-0.027068542752237863,6.911961426397084,0.06666666666666667,0.14666666666666667,0.06627477506256857,851.6666666666666,0.6419934534026996,0.6092689444463195,0.9772112229801541,0.03510002986872244,0.001467843283975875,0.6419934534026996,icc,0.9772112229801541,unselected,1.0,1.7932450104741766,True,-1.7303020570445955,-1.623529566073771,0.1,-0.03705704657041893,4.720232771228763,0.001467843283975875,0.03510002986872244,0.9648999701312776
none,splicing|depthT2,splicing,depth,depthT2,False,74,224,False,,74.0,,103.0,0.0,1.0441927959003732,0.0322722921324686,0.28617232240955154,3.5360530160555106,0.009950248756218905,0.004975124378109453,6.0493653315723295,0.29978769250038445,2.0640196663096986,2.78562153884499,0.01990049751243781,0.009950248756218905,12.85431230090903,-0.44482260934184764,2.205190313331466,6.0308331801799735,0.009950248756218905,0.004975124378109453,1.5129531851454125,0.05658861286053826,0.5035005003782761,2.8924788976192053,0.08123287901030148,0.08123287901030148,0.07608919757539444,0.07070900604414197,0.07512986386860285,-0.032288072816934715,0.3326718722897673,1.1275340389318356,-0.03141032817727833,0.35623952051955643,-0.03141032817727833,0.35623952051955643,-0.033366919240269396,0.24962323200887132,200,0.02756163387018825,0.007559252938566163,0.6490117949635402,0.22423086180928217,-0.025343443878187665,5.622928357417107,0.013513513513513514,0.24324324324324326,0.06705344652656912,2045.0,0.6822192445779021,0.6615699902379972,0.9898771791075043,0.03544268631696309,0.000778114027847274,0.6822192445779021,icc,0.9898771791075043,unselected,1.0,2.1468236604565063,True,-2.070734462881112,-1.814151788166739,0.1,-0.023910802424605568,3.0308331801799735,0.000778114027847274,0.03544268631696309,0.9645573136830369
none,splicing|depthT3,splicing,depth,depthT3,False,75,224,False,,75.0,,103.0,0.0,1.4783198044049533,0.03634961858617984,0.41367672999284777,3.4857415978986883,0.009950248756218905,0.004975124378109453,7.7979508521508,0.2908701295861308,3.0832631021106334,2.434784341766271,0.01990049751243781,0.009950248756218905,14.860505980508558,-0.4982079384157705,2.727480958136438,5.631098495154382,0.009950248756218905,0.004975124378109453,2.194056370418912,0.06093723116813383,0.7158339900517973,2.979907588764299,0.09947977588003784,0.09947977588003784,0.09388612831977042,0.08582806371626749,0.09047895019297916,-0.1226864181581208,0.38792480957095354,1.2603246151053997,-0.12442996665050199,0.40288773398975636,-0.12442996665050199,0.40288773398975636,-0.09907098034566607,0.27958854134258276,200,0.03921946103429443,0.007857315157815424,0.7144477546774051,0.1900242711194213,-0.032139602238971283,3.8816060337975213,0.0,0.28,0.06648441444740612,4765.6,0.655407904294019,0.6331299922989213,0.9951880494517186,0.04936226356665497,0.0004539598389402261,0.655407904294019,icc,0.9951880494517186,unselected,1.0,1.9019818285479122,True,-1.8080957002281417,-1.5140570189769587,0.1,-0.006113871680229588,2.631098495154382,0.0004539598389402261,0.04936226356665497,0.950637736433345
none,splicing|miss<=5,splicing,miss,miss<=5,False,225,224,False,,225.0,,103.0,0.0,3.532520843143831,0.11799042608667712,0.8901703775217273,3.8358167192255412,0.009950248756218905,0.004975124378109453,18.726035881575946,0.9209771800817473,6.525283608111271,2.7286260292750457,0.01990049751243781,0.009950248756218905,42.5252845496334,-1.5360867896471078,6.695604425477304,6.580641349065291,0.009950248756218905,0.004975124378109453,5.178138317416467,0.19949013201103477,1.5477603768035968,3.2166789252527805,0.0830687173655675,0.0830687173655675,0.07749487392856327,0.07192133884221254,0.07669755024189233,-0.05512890409404123,0.2568558771834068,0.19028102021712168,-0.05355536819792461,0.26754203439412527,-0.05355536819792461,0.26754203439412527,-0.04255050798763677,0.2048105527619515,200,0.022521078566696287,0.007858241673557117,0.47400572620488696,0.21238659802161783,-0.028146513813122036,5.555294639807482,0.02666666666666667,0.2222222222222222,0.06631597854126148,2044.0,0.6595892424337845,0.6345639055490542,0.9897705154168482,0.039994722540019075,0.0008009256749698821,0.6595892424337845,icc,0.9897705154168482,unselected,1.0,1.9376274920027563,True,-1.860132618074193,-1.6807716148193494,0.05,0.02749487392856327,3.5806413490652913,0.0008009256749698821,0.039994722540019075,0.9600052774599809
none,pinned_sig&splicing,pinned_sig&splicing,primary,miss0,True,74,74,False,74.0,224.0,0.33035714285714285,103.0,0.0,1.1733402302637284,0.0525692968161677,0.32831132763306475,3.41374433080842,0.009950248756218905,0.004975124378109453,6.241194586753861,0.37143227499325815,2.359275349738066,2.487951358628946,0.01990049751243781,0.009950248756218905,21.89093175993025,-0.44648175723863415,2.5479321409817177,8.766879289242876,0.009950248756218905,0.004975124378109453,1.6803436181438565,0.09368888986097955,0.5741875225122809,2.763304088080286,0.05359937361878044,0.05359937361878044,0.05017460649981336,0.047777394529699355,0.05087263238842251,-0.01486378835681945,0.14532238844831258,0.04451290720978996,-0.011740127727828393,0.15222371230120782,-0.011740127727828393,0.15222371230120782,-0.015090447143192395,0.12688182356943828,200,-0.009950193509232846,0.008593742688873262,-0.5563735666588626,0.23575190526492137,-0.02643503931962722,6.0129441288106555,0.013513513513513514,0.17567567567567569,0.06916420216678112,1967.875,0.6715293872778302,0.642674088713741,0.9895542579953012,0.02454231200051542,0.0005296435141880054,0.6715293872778302,icc,0.9895542579953012,table,0.35,0.7155443331730877,True,-0.6653697266732744,-0.5702219447247752,0.1,-0.049825393500186645,5.766879289242876,0.0005296435141880054,0.07012089143004406,0.9298791085699559
none,pinned_sig&splicing|depthT1,pinned_sig&splicing,depth,depthT1,True,25,74,False,25.0,69.0,0.36231884057971014,103.0,0.0,0.30838376422000263,0.023938316652866023,0.11197955530967091,2.5401551808321123,0.01990049751243781,0.009950248756218905,1.9362233564637905,0.15500827459254574,0.7513084232054813,2.3708173991602997,0.01990049751243781,0.009950248756218905,7.5482316997562835,-0.1730409629485214,0.8393053571357696,9.19959892672981,0.009950248756218905,0.004975124378109453,0.4237908259047816,0.04328084447490376,0.1992780013822499,1.909442983121822,0.04085510043762431,0.04085510043762431,0.03683919218926972,0.035530285184807046,0.03925147738666689,-0.023045942227762226,0.11142101876568351,0.033621727325786145,-0.020401564431651174,0.11843138261050315,-0.020401564431651174,0.11843138261050315,-0.023589657258216157,0.10024912904871326,200,-0.024024796007497375,0.009546867455304236,-1.132312368446779,0.2627361339647113,-0.02393423032226248,7.422209520696165,0.04,0.04,0.07391591566618025,876.0,0.6690636815274137,0.6267159248971857,0.9772112229801541,0.018221623703724314,0.0008590979275005393,0.6690636815274137,icc,0.9772112229801541,table,0.35,0.7076052867675593,True,-0.6707660945782896,-0.5961842680018757,0.1,-0.06316080781073029,6.199598926729809,0.0008590979275005393,0.052061782010640906,0.9479382179893591
none,pinned_sig&splicing|depthT2,pinned_sig&splicing,depth,depthT2,True,24,74,False,24.0,79.0,0.3037974683544304,103.0,0.0,0.40790394078391823,0.014081282590279066,0.1185074590652651,3.323188779001252,0.01990049751243781,0.009950248756218905,2.276110029917297,0.11492919017083468,0.8456020908810126,2.5557893754671066,0.029850746268656716,0.014925373134328358,6.775392252052494,-0.1299151864672479,0.8870653600695297,7.784440413701299,0.009950248756218905,0.004975124378109453,0.5661938704780052,0.02544698621969026,0.20593441739915186,2.6258208369813856,0.06020373811720649,0.06020373811720649,0.05703187898583427,0.05395473884908118,0.05678506493867022,-0.03366787989002958,0.17438584260413806,0.060027513081887404,-0.03148141059200409,0.18228339068528426,-0.03148141059200409,0.18228339068528426,-0.034840973094600776,0.1484800414959322,200,0.007144358413470696,0.00839400276720622,-0.03320486897809757,0.2360654844867652,-0.02680527963473273,5.261252712155774,0.0,0.3333333333333333,0.06498154112019272,1967.875,0.7012040025091465,0.6708449108174827,0.9893672349385301,0.024302338705101324,0.0006129236433711452,0.7012040025091465,icc,0.9893672349385301,table,0.35,0.8213677657637093,True,-0.764335886777875,-0.6469819231595713,0.1,-0.042968121014165736,4.784440413701299,0.0006129236433711452,0.06943525344314665,0.9305647465568534
none,pinned_sig&splicing|depthT3,pinned_sig&splicing,depth,depthT3,True,25,74,False,25.0,76.0,0.32894736842105265,103.0,0.0,0.45705252525980733,0.014549697573022607,0.14110703389779666,3.1359374190183034,0.009950248756218905,0.004975124378109453,2.028861200372774,0.10149481022987786,1.0431663470053232,1.847611740616342,0.03980099502487562,0.01990049751243781,7.567307808121473,-0.14352560782286491,1.0013793999404248,7.700211744322961,0.009950248756218905,0.004975124378109453,0.6903589217610694,0.02496105916638552,0.24755181801891776,2.6879134555329123,0.060398299745291734,0.060398299745291734,0.05738715957367,0.05427260871676184,0.05695812579084618,-0.05285465332593612,0.22539821736230733,0.06300365569485195,-0.05162296725830275,0.23544274481753028,-0.05162296725830275,0.23544274481753028,-0.055805465469285526,0.18393874861183823,200,-0.01228636085676372,0.007832368247242651,-0.4536503940482459,0.2084666405121614,-0.028580417614490674,3.8465975069570706,0.0,0.16,0.06842784327210694,5085.0,0.642976063260902,0.631588263310704,0.9958451680054493,0.031865244757879545,0.00023942879308298787,0.642976063260902,icc,0.9958451680054493,table,0.45,0.8104196909319443,True,-0.7530325313582743,-0.585021473569637,0.1,-0.042612840426330005,4.700211744322961,0.00023942879308298787,0.0708116550175101,0.9291883449824899
none,pinned_sig&splicing|miss<=5,pinned_sig&splicing,miss,miss<=5,True,74,74,False,74.0,225.0,0.3288888888888889,103.0,0.0,1.1733402302637284,0.0525692968161677,0.32831132763306475,3.41374433080842,0.009950248756218905,0.004975124378109453,6.241194586753861,0.37143227499325815,2.359275349738066,2.487951358628946,0.01990049751243781,0.009950248756218905,21.89093175993025,-0.44648175723863415,2.5479321409817177,8.766879289242876,0.009950248756218905,0.004975124378109453,1.6803436181438565,0.09368888986097955,0.5741875225122809,2.763304088080286,0.05359937361878044,0.05359937361878044,0.05017460649981336,0.047777394529699355,0.05087263238842251,-0.01486378835681945,0.14532238844831258,0.04451290720978996,-0.011740127727828393,0.15222371230120782,-0.011740127727828393,0.15222371230120782,-0.015090447143192395,0.12688182356943828,200,-0.009950193509232846,0.008593742688873262,-0.5563735666588626,0.23575190526492137,-0.02643503931962722,6.0129441288106555,0.013513513513513514,0.17567567567567569,0.06916420216678112,1967.875,0.6715293872778302,0.642674088713741,0.9895542579953012,0.02454231200051542,0.0005296435141880054,0.6715293872778302,icc,0.9895542579953012,table,0.35,0.7155443331730877,True,-0.6653697266732744,-0.5702219447247752,0.1,-0.049825393500186645,5.766879289242876,0.0005296435141880054,0.07012089143004406,0.9298791085699559
none,translation,translation,primary,miss0,False,1162,1162,False,,1163.0,,103.0,0.0,13.255788603729275,0.32772560753665003,2.4250764779264395,5.33099187339723,0.009950248756218905,0.004975124378109453,51.963971774907165,1.4773519551350187,12.648561930079994,3.9914908982425996,0.009950248756218905,0.004975124378109453,184.65388192363002,-11.276256281263267,16.39072511965398,11.953719971177794,0.009950248756218905,0.004975124378109453,21.153088908620376,0.6655705756646207,4.629635159904041,4.425298673725384,0.071787218690651,0.071787218690651,0.06598302392188968,0.06189875677300149,0.06697898373741559,0.0037409554975251047,0.15147560242799205,0.03710184127344329,0.006047575214016355,0.16533815457226828,0.006047575214016355,0.16533815457226828,0.003727009623810148,0.13154909703924844,200,-0.025118613684251032,0.007809243234581358,-2.545007134003228,0.21080319256227759,-0.028652317674763776,7.802339001544628,0.04991394148020654,0.15834767641996558,0.12544147612364315,1910.625,0.6912453868354834,0.672281386758366,0.9916128171359273,0.029472258932090014,0.000558092511506446,0.6912453868354834,icc,0.9916128171359273,unselected,1.0,2.238818004209578,True,-2.1728349802876887,-2.0873424017815863,0.05,0.015983023921889675,8.953719971177794,0.000558092511506446,0.029472258932090014,0.97052774106791
none,translation|depthT1,translation,depth,depthT1,False,387,1162,False,,388.0,,103.0,0.0,3.281201899541448,0.07680974438649935,0.6582707021197501,4.86789423384062,0.009950248756218905,0.004975124378109453,15.630882139133696,0.31795369923189926,3.760425392155774,4.072126646055651,0.009950248756218905,0.004975124378109453,56.01278218246708,-3.9899920923752967,5.40978880950171,11.091518798193006,0.009950248756218905,0.004975124378109453,5.292148371973264,0.17079973473941146,1.2570557353991934,4.074082391905643,0.058579520096905986,0.058579520096905986,0.05340406662660709,0.05069665887813291,0.05533785510184763,0.009410379110732798,0.13124880481361054,0.032019264527651164,0.01185399668091506,0.1483829078059404,0.01185399668091506,0.1483829078059404,0.009322563940577403,0.1160209505369797,200,-0.013999311062199505,0.00655875775405779,-1.907665157020078,0.18653945718243448,-0.026262988580719862,8.069816351071859,0.05167958656330749,0.1524547803617571,0.10679499117040042,593.0,0.679333125742459,0.6492358681391861,0.9772426440198639,0.02520842053606519,0.0012436372506313775,0.679333125742459,icc,0.9772426440198639,unselected,1.0,2.1185010996703637,True,-2.065097033043757,-1.9872522948567533,0.05,0.00340406662660709,8.091518798193006,0.0012436372506313775,0.02520842053606519,0.9747915794639348
none,translation|depthT2,translation,depth,depthT2,False,387,1162,False,,387.0,,103.0,0.0,4.615775427973169,0.11638151596374807,1.0108803353527014,4.450965910262325,0.009950248756218905,0.004975124378109453,16.94138347844147,0.4311833101210149,5.296801455747986,3.1170132213288655,0.01990049751243781,0.009950248756218905,59.42628530283069,-3.7104316600951934,5.369235620582178,11.75897677518575,0.009950248756218905,0.004975124378109453,7.397237941479352,0.20752669580135114,1.9024029666369227,3.7792788235544057,0.07767228600023739,0.07767228600023739,0.0712642995778745,0.0665235456889171,0.07207412402569688,-0.0076591634567260624,0.1903201962866176,0.04834516711323676,-0.006057302645799911,0.20776521030266254,-0.006057302645799911,0.20776521030266254,-0.007718354694247453,0.15988969193328678,200,-0.03233313551932675,0.007637191851690223,-2.4709694225963243,0.19981276197698608,-0.028198293690317896,6.710226973972235,0.03875968992248062,0.15503875968992248,0.13175014595880566,1908.25,0.70157397492756,0.6875276166417461,0.9908922108797664,0.030313441508135412,0.0006550260515017691,0.70157397492756,icc,0.9908922108797664,unselected,1.0,2.3509141830283062,True,-2.279649883450432,-2.160593986741689,0.05,0.0212642995778745,8.75897677518575,0.0006550260515017691,0.030313441508135412,0.9696865584918646
none,translation|depthT3,translation,depth,depthT3,False,388,1162,False,,388.0,,103.0,0.0,5.358811276214659,0.1345343471864027,0.9823866641830963,5.317943656505664,0.009950248756218905,0.004975124378109453,19.391706157332,0.7282149457821047,5.068163786062903,3.6824956728654255,0.009950248756218905,0.004975124378109453,69.21481443833224,-3.575832528792781,6.761107923078489,10.766082688705517,0.009950248756218905,0.004975124378109453,8.463702595167764,0.2872441451238583,1.917673779751615,4.263737939360548,0.0774228945017133,0.0774228945017133,0.07177126659401359,0.06696509678048732,0.07185933666048544,0.004852683884579056,0.15457402738346088,0.03931095211104074,0.007154522874582405,0.1658345685063689,0.007154522874582405,0.1658345685063689,0.004829247028570797,0.13387692053506955,200,-0.029013330603219176,0.00922811376587386,-2.4843421360143445,0.24596649727492478,-0.031488342523669846,7.553543902699567,0.059278350515463915,0.16752577319587628,0.13774749274915093,5790.666666666666,0.6925441954193627,0.6800605742345373,0.9976605495157452,0.03186293764699267,0.00016829905168691173,0.6925441954193627,icc,0.9976605495157452,unselected,1.0,2.252499985693805,True,-2.1807287190997915,-2.097925958310344,0.05,0.021771266594013586,7.7660826887055165,0.00016829905168691173,0.03186293764699267,0.9681370623530073
none,translation|miss0-5,translation,miss,miss0-5,False,36,1162,False,,36.0,,99.0,0.03883495145631066,-0.1306790712265834,0.014395827004007867,0.09441996122005225,-1.5364854672253485,0.12935323383084577,0.9402985074626866,-0.9070212746280248,0.09788414492479536,0.6289211890044812,-1.5978240789493579,0.09950248756218906,0.9552238805970149,4.279377574554093,-0.31179063236846133,0.6017570386943646,7.629604494338839,0.009950248756218905,0.004975124378109453,-0.22458715140410618,0.022978579680481816,0.16917695363704177,-1.4633537592580386,-0.030536934156879116,-0.030536934156879116,-0.03159868941674749,-0.03262974664678645,-0.03149881128304956,-0.12011758670858791,0.09087541906875396,0.05258937230165456,-0.12616535443690058,0.11158796588321211,-0.12616535443690058,0.11158796588321211,-0.13651550016176286,0.08330444788981534,200,-0.05343709599869902,0.006213519599086962,-3.414746902548673,0.2142699004296413,-0.02691975555660708,7.234548130767512,0.05555555555555555,0.08333333333333333,0.06825960669664319,909.8333333333333,0.6770450516695035,0.6270546629968473,0.9848138489444989,-0.01507278294514232,-0.0004872621065929346,0.6770450516695035,icc,0.9848138489444989,unselected,1.0,2.096407115510886,True,-2.1280058049276334,-2.005531696442132,0.1,-0.06840131058325252,4.629604494338839,0.0,0.0,1.0
none,translation|miss5-20,translation,miss,miss5-20,False,63,1162,False,,63.0,,91.0,0.11650485436893199,0.47791833832226904,-0.004969151144854843,0.16450108907803243,2.9354668237975146,0.029850746268656716,0.014925373134328358,1.6291227307386515,-0.06098344602431916,0.906126459148588,1.8651990124546451,0.05970149253731343,0.029850746268656716,7.370381696183806,-0.6130505534030739,0.8684294316662439,9.192954497487696,0.009950248756218905,0.004975124378109453,0.780154035462701,-0.013318335814971114,0.3019473997690468,2.6278496582006747,0.06484309198935014,0.06484309198935014,0.06048620121904485,0.0570362925510158,0.060894504060884355,-0.029396179405250147,0.2115258184783019,0.0643612914464484,-0.03259625457527058,0.2349746199194341,-0.03259625457527058,0.2349746199194341,-0.030286541084613944,0.17459394016812924,200,-0.021631799016508975,0.004056918229518706,-1.739087776932525,0.25470084324199194,-0.019583042196791575,9.151028896207128,0.015873015873015872,0.09523809523809523,0.1200328597407742,1099.25,0.7194834344539093,0.7007257446084446,0.9877269732104859,0.02358272701827324,0.0007515728415762165,0.7194834344539093,icc,0.9877269732104859,unselected,1.0,2.564851858403683,True,-2.5043656571846378,-2.353326039925381,0.1,-0.03951379878095516,6.192954497487696,0.0007515728415762165,0.02358272701827324,0.9764172729817268
none,translation|miss20+,translation,miss,miss20+,False,131,1162,False,,131.0,,62.0,0.3980582524271845,-0.0044700996196867515,0.07071971037540785,0.4269515592064524,-0.1761085265383387,0.8756218905472637,0.5671641791044776,0.014552650478646179,0.10951522226833361,1.589425424917553,-0.059746478382031266,0.9353233830845771,0.5373134328358209,10.826863192483867,-2.2963210874328785,2.4443385171199195,5.368808038658797,0.009950248756218905,0.004975124378109453,-0.17306134941919657,0.09693826246037919,0.4685186467603535,-0.5762835988418624,-0.0004128711650101893,-0.0004128711650101893,-0.0057295400560794085,-0.005762556856413666,-0.00041304169801724747,-0.20771294767841275,0.2092510298649035,0.10515324909453276,-0.32150110832508255,0.3058762699151031,-0.32150110832508255,0.3058762699151031,-0.26218647621422764,0.17303464460936155,200,-0.019614259263262494,0.004908504927506686,-1.9718563905054844,0.196448441450859,-0.01884868792483163,9.113740414378286,0.07633587786259542,0.03816793893129771,0.07865857307356737,880.125,0.7113190815569783,0.6877221754104028,0.9861098876006456,-0.002325269950617226,-8.070495628959403e-05,0.7113190815569783,icc,0.9861098876006456,unselected,1.0,2.464032210349832,True,-2.4697617504059117,-2.2547811804849287,0.05,-0.04427045994392059,2.3688080386587966,0.0,0.0,1.0
none,translation|miss<=5,translation,miss,miss<=5,False,1198,1162,False,,1199.0,,103.0,0.0,13.125109532502693,0.3421214345406578,2.450899361387603,5.215631575637119,0.009950248756218905,0.004975124378109453,51.05695050027914,1.5752361000598152,12.754260362989914,3.879622415722709,0.009950248756218905,0.004975124378109453,188.9332594981841,-11.588046913631729,16.630285641773526,12.057598452075137,0.009950248756218905,0.004975124378109453,20.92850175721627,0.6885491553451026,4.675261802195796,4.329159191120638,0.06946955537295879,0.06946955537295879,0.06374877725815968,0.05992841413409077,0.06495702007032123,0.002187405976455277,0.1458924373410402,0.03625442346096298,0.004420149104958073,0.16049312414514325,0.004420149104958073,0.16049312414514325,0.00218263147951359,0.12731772750741524,200,-0.025969586441613412,0.007761291606135785,-2.6730160574390296,0.21090736742306648,-0.028600254038491958,7.883543229777138,0.05008347245409015,0.15609348914858096,0.12372315617425081,1874.0,0.6905093660689584,0.6709223199341466,0.9914371945984305,0.028572602278049745,0.0005505829085529904,0.6905093660689584,icc,0.9914371945984305,unselected,1.0,2.231115550407295,True,-2.1673667731491353,-2.0852231130662546,0.05,0.013748777258159678,9.057598452075137,0.0005505829085529904,0.028572602278049745,0.9714273977219503
none,pinned_sig&translation,pinned_sig&translation,primary,miss0,True,306,306,False,306.0,1163.0,0.26311263972484955,103.0,0.0,3.7844673707473993,0.061345512505172374,0.7515731064448375,4.953772063310902,0.009950248756218905,0.004975124378109453,14.790774707742075,0.5681673574305384,3.934376971035753,3.614957960311397,0.009950248756218905,0.004975124378109453,89.97455206282291,-3.0843727053991334,6.295117317884689,14.782714931116182,0.009950248756218905,0.004975124378109453,5.885764464639269,0.11840852621689696,1.3996286628552312,4.120632916060044,0.04206153055482812,0.04206153055482812,0.040008219174197966,0.03846913749005355,0.04036376866578422,-0.0006978031807160067,0.07936485886548458,0.020247683982140288,-6.350364856951354e-05,0.08289516908256027,-6.350364856951354e-05,0.08289516908256027,-0.0006983279575322587,0.07352902662733826,200,-0.07188798674164817,0.008301601704473652,-5.333157172258988,0.23166311208737433,-0.029829374449114276,8.06002662420929,0.0392156862745098,0.1568627450980392,0.11106005821497136,2325.375,0.6890844897199031,0.6677564580266468,0.9931861004183887,0.018051742660758412,0.0002744822826026656,0.6890844897199031,icc,0.9931861004183887,table,0.35,0.7757077515518371,True,-0.7356995323776392,-0.6963428926863525,0.05,-0.009991780825802037,11.782714931116182,0.0002744822826026656,0.0515764076021669,0.9484235923978331
none,pinned_sig&translation|depthT1,pinned_sig&translation,depth,depthT1,True,102,306,False,102.0,477.0,0.2138364779874214,103.0,0.0,1.04677118946003,0.03702392265749446,0.21501774489570735,4.696111324636511,0.009950248756218905,0.004975124378109453,5.625288297338341,0.37510053608674626,1.2962589152933481,4.0502616408724625,0.009950248756218905,0.004975124378109453,31.121180889184277,-1.0888653743005954,2.109059977005641,15.27222867754354,0.009950248756218905,0.004975124378109453,1.5407032092140447,0.07247769487321834,0.3971139020592686,3.697240279746479,0.033635330008438734,0.033635330008438734,0.031348830068190316,0.030395952517944493,0.032540809153808754,0.011872892810401926,0.06763637585917762,0.015863660849926204,0.013604517400146192,0.07149906028150035,0.013604517400146192,0.07149906028150035,0.011733574418731359,0.06335150824866609,200,-0.0497249648573391,0.009210006786411293,-4.278010185978873,0.18517928827803493,-0.02619911551773277,7.419580515632027,0.00980392156862745,0.18627450980392157,0.0862523463870025,764.0,0.67977306182303,0.6460299333909091,0.9798464092589592,0.014767781237527434,0.0006447862495945216,0.67977306182303,icc,0.9798464092589592,table,0.35,0.7429748821024427,True,-0.7116260520342523,-0.6753385062432651,0.05,-0.018651169931809687,12.27222867754354,0.0006447862495945216,0.04219366067864981,0.9578063393213502
none,pinned_sig&translation|depthT2,pinned_sig&translation,depth,depthT2,True,102,306,False,102.0,351.0,0.2905982905982906,103.0,0.0,1.540319588127263,0.04747727212837881,0.3612264354971496,4.132705055055873,0.009950248756218905,0.004975124378109453,5.001917887150073,0.12596945942336737,1.7291612677578498,2.8198344010152376,0.01990049751243781,0.009950248756218905,28.4599723306809,-0.9840653754307442,2.0756686088595795,14.185326877535081,0.009950248756218905,0.004975124378109453,2.542863053505915,0.09054357576902118,0.7034324945861269,3.4862186444482437,0.05412231502652383,0.05412231502652383,0.0507010054429124,0.04825445600629258,0.05134348666659429,-0.016293570720082154,0.10868015351892765,0.03040740072062669,-0.015108159073286357,0.11428612535800951,-0.015108159073286357,0.11428612535800951,-0.016563914142938306,0.09802657221146098,200,-0.09254942393114599,0.008532820157917951,-5.133681362623746,0.2368447029369333,-0.030518262808883943,7.148276960313501,0.0196078431372549,0.12745098039215685,0.14472997269422747,2325.375,0.6932971309767231,0.679747686448131,0.9929228202822569,0.022429263207535324,0.00036137766205006995,0.6932971309767231,icc,0.9929228202822569,table,0.35,0.7911696314240774,True,-0.7404686259811649,-0.6824894779051497,0.05,0.0007010054429123988,11.185326877535081,0.00036137766205006995,0.06408360916438663,0.9359163908356134
none,pinned_sig&translation|depthT3,pinned_sig&translation,depth,depthT3,True,102,306,False,102.0,335.0,0.3044776119402985,103.0,0.0,1.1973765931601066,-0.023155682280700925,0.33515697611963025,3.641673491543715,0.009950248756218905,0.004975124378109453,4.163568523253661,0.06709736192042497,1.823700674519899,2.246240964083461,0.04975124378109453,0.024875621890547265,30.393398842957733,-1.0114419556677934,2.5395600834378205,12.366252329857293,0.009950248756218905,0.004975124378109453,1.802198201919309,-0.04461274442534266,0.6134390868388561,3.010585706009616,0.03939594249879504,0.03939594249879504,0.03886446307010814,0.037410523173787076,0.03790272877541151,-0.014202523764169583,0.09937837307395553,0.027030435147778944,-0.015601759026300706,0.1024872699161,-0.015601759026300706,0.1024872699161,-0.014407214455186746,0.09039497942244158,200,-0.07338957143645942,0.007161978169091716,-4.026169319150301,0.2729653450471548,-0.032770745020726105,7.569275803918634,0.08823529411764706,0.1568627450980392,0.102197855563684,7586.0,0.6922493400826681,0.677491754240901,0.9981808608247003,0.017277826737588844,7.082871458726572e-05,0.6922493400826681,icc,0.9981808608247003,table,0.35,0.7872843200206855,True,-0.7484198569505773,-0.6879059469467299,0.05,-0.01113553692989186,9.366252329857293,7.082871458726572e-05,0.04936521925025384,0.9506347807497462
none,pinned_sig&translation|miss<=5,pinned_sig&translation,miss,miss<=5,True,312,306,False,312.0,1199.0,0.2602168473728107,103.0,0.0,3.7723595964131773,0.06038886532737018,0.7580916963298999,4.896466679501081,0.009950248756218905,0.004975124378109453,14.87839870990738,0.568632507464162,3.9351706434633082,3.636377554862353,0.009950248756218905,0.004975124378109453,91.48663206104756,-3.145382642677701,6.38591656452319,14.818861747967583,0.009950248756218905,0.004975124378109453,5.863162311464432,0.11542986919696471,1.4127060575650696,4.0685975766071385,0.04123399792328066,0.04123399792328066,0.03922531653486695,0.03774476613566111,0.039601086792710384,-0.0006893074343383032,0.07935646416963595,0.020151433949343364,-7.339520110944187e-05,0.08290026209581698,-7.339520110944187e-05,0.08290026209581698,-0.000689825409233234,0.07352201529324139,200,-0.07201906885431905,0.008247070990069962,-5.433581405204551,0.23062144874828142,-0.02993261541614757,8.09789316961696,0.038461538461538464,0.15705128205128205,0.11126594300346661,2308.5,0.6890844897199031,0.6675035199918771,0.9931168309742802,0.017698496321247596,0.0002718657819261596,0.6890844897199031,icc,0.9931168309742802,table,0.35,0.7757077515518371,True,-0.7364824350169702,-0.6963512873822012,0.05,-0.01077468346513305,11.818861747967583,0.0002718657819261596,0.0505671323464217,0.9494328676535783
plex,all,all,primary,miss0,False,7494,7494,False,,7510.0,,103.0,0.0,95.46499335973107,-2.2522601411517074,21.731251744007498,4.4966233262577155,0.009950248756218905,0.004975124378109453,330.6206192058094,-7.923757108703053,89.7608030140366,3.771628204591392,0.009950248756218905,0.004975124378109453,1080.0302575336032,125.44817709022776,81.68054556090026,11.686774052355561,0.009950248756218905,0.004975124378109453,164.96625379260865,-4.005279909834762,43.119521686657286,3.918678294493448,0.08839103598610139,0.08839103598610139,0.10236652824605295,0.0928607007044433,0.0812125725622295,0.020444209356919207,0.2242316822887587,0.06003725738545116,0.015285778365863575,0.18941628477224068,0.015285778365863575,0.18941628477224068,0.020033869499861898,0.18315884973927268,200,-0.050438613122294106,-0.010860940170401494,-2.777401223525392,0.1970417881145321,0.006420538558050177,5.929704307738094,0.03549506271684014,0.13957832933013078,0.20822110014734593,1693.0,0.7006528537652407,0.6804825572111103,0.9924465643150069,0.04373510781515072,0.0007791038985925382,0.7006528537652407,icc,0.9924465643150069,unselected,1.0,2.340603084339285,True,-2.238236556093232,-2.116371402050526,0.05,0.05236652824605295,8.686774052355561,0.0007791038985925382,0.04373510781515072,0.9562648921848493
plex,all|depthT1,all,depth,depthT1,False,2497,7494,False,,2513.0,,103.0,0.0,25.637240316514124,-2.5775810569176816,5.521126589751819,5.110337702780347,0.009950248756218905,0.004975124378109453,97.39655116225708,-8.46728677466442,23.141861366657864,4.574560198923631,0.009950248756218905,0.004975124378109453,351.02672873947824,49.291368585902816,25.66438670360459,11.7569674911108,0.009950248756218905,0.004975124378109453,44.49776254789428,-5.147964496899622,10.947454496671611,4.534910563902124,0.07303500906776057,0.07303500906776057,0.09350850148643897,0.08551236808797559,0.06806395732718216,0.038330390598739855,0.1934281155629788,0.04718924018200336,0.02379883504390718,0.15025539707207738,0.02379883504390718,0.15025539707207738,0.036915390948980185,0.16207760994842,200,-0.040223640471886916,-0.013808580890197692,-2.4929921250774827,0.19014254778657302,0.007410931369472419,6.91698548122944,0.03364036844213056,0.12575090108129755,0.18527961263776452,503.0,0.6857898471481003,0.6546467837398944,0.9775415907752416,0.04284303809277744,0.002148299583561374,0.6857898471481003,icc,0.9775415907752416,unselected,1.0,2.1825833472393925,True,-2.0890748457529535,-1.9891552316764138,0.05,0.043508501486438964,8.7569674911108,0.002148299583561374,0.04284303809277744,0.9571569619072225
plex,all|depthT2,all,depth,depthT2,False,2499,7494,False,,2499.0,,103.0,0.0,31.918815124606112,-0.7139997005790771,7.765209814287488,4.202438260604744,0.009950248756218905,0.004975124378109453,112.52528477679212,-3.567186644460983,33.121867281955176,3.5050098604948037,0.009950248756218905,0.004975124378109453,350.0662871329582,39.87381951668081,27.645667959378564,11.220292020871474,0.009950248756218905,0.004975124378109453,55.20000867057913,-1.255564424939245,15.075068437552815,3.7449629717689685,0.09117934602049545,0.09117934602049545,0.1052018286451543,0.09518788869008586,0.08356036645398789,0.00262014380658207,0.25646128993767897,0.06742846596286729,-0.00010109641423247297,0.2183477831727556,-0.00010109641423247297,0.2183477831727556,0.0026126314785139544,0.20411263844905994,200,-0.047875483924493124,-0.010565938507348074,-2.385950749650354,0.19923729133921705,0.0075991754660197745,5.382055041733001,0.03481392557022809,0.15286114445778312,0.20110623601369995,1693.0,0.7035060324670722,0.6909005920502609,0.9913558861173625,0.04433751258299402,0.0009173058839969154,0.7035060324670722,icc,0.9913558861173625,unselected,1.0,2.372749902201443,True,-2.2675480735562887,-2.116288612263764,0.05,0.0552018286451543,8.220292020871474,0.0009173058839969154,0.04433751258299402,0.955662487417006
plex,all|depthT3,all,depth,depthT3,False,2498,7494,False,,2498.0,,103.0,0.0,37.908937918610846,1.0393206163450512,9.237916310163227,3.991118350109229,0.009950248756218905,0.004975124378109453,120.6987832667602,4.110716310422339,37.33575867235314,3.1226917866991277,0.009950248756218905,0.004975124378109453,378.9372416611665,36.28298898764413,31.06833683761446,11.029050395084894,0.009950248756218905,0.004975124378109453,65.26848257413523,2.3982490120041144,18.614840555844456,3.3774253060895494,0.10004014847531877,0.10004014847531877,0.10760005753494851,0.09714703137016889,0.09094227025620541,-0.0004231874613645103,0.27449979666913077,0.0719671077027303,0.0018153030423133888,0.24392776839664926,0.0018153030423133888,0.24392776839664926,-0.00042350931967212083,0.2153784293122361,200,-0.06321365178257088,-0.00820959920908819,-3.005984959016405,0.2017418844077372,0.004251433480733406,5.395883652436411,0.038030424339471576,0.14011208967173738,0.23827111607264873,4713.166666666666,0.7072622599701813,0.6958857827093446,0.9974391208982016,0.04453595144633801,0.0002762582025511648,0.7072622599701813,icc,0.9974391208982016,unselected,1.0,2.4160269184907235,True,-2.308426860955775,-2.1415271218215928,0.05,0.05760005753494851,8.029050395084894,0.0002762582025511648,0.04453595144633801,0.955464048553662
plex,all|miss0-5,all,miss,miss0-5,False,365,7494,False,,366.0,,99.0,0.03883495145631066,1.1774046932446056,-0.5498214848676297,0.6327137177497465,2.729869970664039,0.01990049751243781,0.009950248756218905,4.8168980388672065,-2.5952703904613172,3.1380214627990917,2.3620515401819224,0.03980099502487562,0.01990049751243781,39.907325472587814,4.963120307186827,3.1789990744651115,10.992203629779475,0.009950248756218905,0.004975124378109453,2.1080213774911645,-1.0065356588484327,1.1606398811378174,2.6834826951545763,0.029503472841179504,0.029503472841179504,0.04942811461690934,0.047100048043741356,0.02865796339642943,-0.01685767001439835,0.147465940329389,0.04101618001126734,-0.031913382755039764,0.09773613455187674,-0.031913382755039764,0.09773613455187674,-0.01714772561098196,0.12851443113951366,200,-0.03774754229648925,-0.011046013758599255,-3.0075177294678883,0.2220091962525868,0.014303161123418125,7.519340332390819,0.0547945205479452,0.12602739726027398,0.13973476064055104,927.0,0.6958456904885719,0.6717981198521706,0.9881989198764682,0.02160504013641612,0.0005902709760320074,0.6958456904885719,icc,0.9881989198764682,unselected,1.0,2.2878048041020005,True,-2.238376689485091,-2.1403388637726115,0.05,-0.0005718853830906645,7.992203629779475,0.0005902709760320074,0.02160504013641612,0.9783949598635839
plex,all|miss5-20,all,miss,miss5-20,False,594,7494,False,,594.0,,91.0,0.11650485436893199,2.783886178083078,-0.5595561719042835,0.8246734645159352,4.054262073231478,0.009950248756218905,0.004975124378109453,12.525498356131184,-1.93672532107591,3.9748457633882044,3.6384364420921145,0.009950248756218905,0.004975124378109453,66.39657061972825,13.030526795842183,4.587012867897589,11.63416047889699,0.009950248756218905,0.004975124378109453,4.400142105253016,-1.0006144421319594,1.473697950911777,3.664764916069488,0.04192816213396281,0.04192816213396281,0.06265111877172488,0.05895737337023722,0.04024093373970251,0.004883980643924075,0.16581619349550067,0.04064956214425001,-0.007177751964934063,0.11286424755849807,-0.007177751964934063,0.11286424755849807,0.004859964296589035,0.1422290072711272,200,-0.02563669077919596,-0.009624866202191723,-2.197542986497214,0.2218736822462954,0.007477913721068074,8.3760325005407,0.03872053872053872,0.08417508417508418,0.13024315871000888,875.6666666666667,0.699711269190022,0.6782940595980252,0.9883555917283809,0.02688741166276293,0.0007381302961780089,0.699711269190022,icc,0.9883555917283809,unselected,1.0,2.3301282978640905,True,-2.267477179092366,-2.16431210436859,0.05,0.012651118771724881,8.63416047889699,0.0007381302961780089,0.02688741166276293,0.973112588337237
plex,all|miss20+,all,miss,miss20+,False,1160,7494,False,,1165.0,,61.0,0.4077669902912622,5.691150831905366,1.0892357453881614,1.626535972948645,2.8292734763035594,0.009950248756218905,0.004975124378109453,17.25723351299542,1.9705465390814703,5.403044191789258,2.8292729859852677,0.01990049751243781,0.009950248756218905,87.40072537597288,11.883656964422693,10.499131103835706,7.19269696365265,0.009950248756218905,0.004975124378109453,7.185529451211597,1.0292038448416108,1.8677432838680457,3.2961305012005733,0.06511560181478661,0.06511560181478661,0.060938741178853166,0.05743851064496108,0.061134774200884895,-0.044630095972557356,0.35222059688913404,5.007868240974425,-0.014853143946034101,0.2864920864315435,-0.014853143946034101,0.2864920864315435,-0.04402820963020137,0.26127890967036865,200,-0.011285361934385504,-0.001947676907286993,-1.8438996677031052,0.18768082024947466,0.008926483650936623,10.853779069303666,0.04482758620689655,0.06637931034482758,0.11318726769876039,695.75,0.7104241800060886,0.6896863917030068,0.9878441705187249,0.024839224850302676,0.0007498763151932345,0.7104241800060886,icc,0.9878441705187249,unselected,1.0,2.4533270078317524,True,-2.3923882666528993,-2.1011064109426183,0.05,0.010938741178853163,4.19269696365265,0.0007498763151932345,0.024839224850302676,0.9751607751496973
plex,all|miss<=5,all,miss,miss<=5,False,7859,7494,False,,7876.0,,103.0,0.0,96.64239805297568,-2.8020816260193384,22.125796197796387,4.4945040074489695,0.009950248756218905,0.004975124378109453,335.43751724467666,-10.519027499164377,91.52101223756546,3.780077779797989,0.009950248756218905,0.004975124378109453,1119.9375830061908,130.4112973974146,83.76824981013996,11.812665154775578,0.009950248756218905,0.004975124378109453,167.07427517009984,-5.011815568683197,43.86498500679972,3.9230855934889104,0.08629266444792706,0.08629266444792706,0.10049705715277164,0.09131969640407732,0.07943776780613951,0.019682801070698325,0.22341387322215672,0.05865567511044953,0.01413774361991828,0.18724195666364415,0.01413774361991828,0.18724195666364415,0.019302620383124323,0.18261382274710747,200,-0.04984919451287576,-0.010869535648158483,-2.8208763747264367,0.19820136362927826,0.00678663567426844,6.02696771283322,0.03639139839674259,0.13894897569665351,0.20504035018933855,1639.5,0.7005685541713118,0.6800792209550965,0.9922429275780394,0.04295365377964746,0.0007856573515024084,0.7005685541713118,icc,0.9922429275780394,unselected,1.0,2.3396625970009963,True,-2.2391655398482246,-2.1162487237788397,0.05,0.05049705715277164,8.812665154775578,0.0007856573515024084,0.04295365377964746,0.9570463462203526
plex,pinned_sig,pinned_sig,primary,miss0,True,1946,1946,False,1946.0,7510.0,0.25912117177097205,103.0,0.0,26.744635845270878,-2.6119751500991013,5.996823492021718,4.895360191012216,0.009950248756218905,0.004975124378109453,94.67760362577062,-11.72727949174089,25.305550760933833,4.20480408123648,0.009950248756218905,0.004975124378109453,524.7098297254515,68.40614728282833,32.07726817872933,14.22514161430996,0.009950248756218905,0.004975124378109453,43.61409842232155,-4.7229858318365014,11.146906673613584,4.336367538500995,0.050970335088375805,0.050970335088375805,0.0643356872296584,0.060446800761812934,0.048498357552679845,0.022582058397799563,0.12900046347527003,0.028336460240665207,0.013613990114550235,0.10316272239539831,0.013613990114550235,0.10316272239539831,0.022083356282633575,0.11426059330970978,200,-0.10922193164093526,-0.025844766176145076,-5.529643319143259,0.20220128936581003,0.012946703493996625,5.7475390867406135,0.029290853031860225,0.15981500513874614,0.1774909707290845,1918.3333333333335,0.6930307877122837,0.6694222041310327,0.9929766454593243,0.028496678042355734,0.00045504830662245713,0.6930307877122837,icc,0.9929766454593243,table,0.35,0.7901794902869663,True,-0.7258438030573079,-0.6611790268116963,0.05,0.014335687229658403,11.22514161430996,0.00045504830662245713,0.08141908012101638,0.9185809198789836
plex,pinned_sig|depthT1,pinned_sig,depth,depthT1,True,649,1946,False,649.0,2865.0,0.22652705061082024,103.0,0.0,8.186501869395727,-1.2357307539598106,1.435371305335778,6.564317252497523,0.009950248756218905,0.004975124378109453,32.558928522203885,-4.396169106804465,6.3478620604267535,5.821660470442538,0.009950248756218905,0.004975124378109453,184.12520167762366,26.026941993628146,10.73202714463813,14.731444260554596,0.009950248756218905,0.004975124378109453,13.103632558405192,-2.3619434027981203,2.6610132223740672,5.81191248174462,0.04446160435837076,0.04446160435837076,0.05959732031325682,0.05624525390045117,0.042568921799364966,0.03851631912180007,0.10910159225432021,0.01911438362521069,0.026079484193493513,0.08348248911610553,0.026079484193493513,0.08348248911610553,0.03708741091342026,0.09836933777255637,200,-0.08911909144759078,-0.02643666147327867,-5.6195554333611994,0.19254285176867633,0.01500599644543141,6.503299681776857,0.026194144838212634,0.15562403697996918,0.1456174532240976,571.0,0.6761936450974118,0.6410607800351893,0.978690677087846,0.028539148796374182,0.00129763016342729,0.6761936450974118,icc,0.978690677087846,table,0.35,0.7308929309163548,True,-0.671295610603098,-0.6217913386620345,0.05,0.009597320313256816,11.731444260554596,0.00129763016342729,0.08154042513249767,0.9184595748675023
plex,pinned_sig|depthT2,pinned_sig,depth,depthT2,True,648,1946,False,648.0,2423.0,0.2674370614940157,103.0,0.0,8.842037572499352,-1.4450385523271714,2.3350232050990303,4.40555627128778,0.009950248756218905,0.004975124378109453,32.169906349885224,-6.904468640285581,9.882996869650716,3.9536969914624454,0.009950248756218905,0.004975124378109453,169.05009105436244,23.004425240491145,10.600485963582454,13.777261374205423,0.009950248756218905,0.004975124378109453,14.68015333805585,-2.55500053813589,4.329225718772896,3.981116946953042,0.052304246140015186,0.052304246140015186,0.07043739413627614,0.06580244162070896,0.04970449024782877,0.018878226776631615,0.14633080317538738,0.03475423030379708,0.005976981457406214,0.11236393436804265,0.005976981457406214,0.11236393436804265,0.018526450277173093,0.12765112957720373,200,-0.11440335507511172,-0.031226390058925607,-4.834887967963165,0.20632364267370243,0.012273319028741079,5.393983063786112,0.024691358024691357,0.17592592592592593,0.1895715637708828,1918.3333333333335,0.6963994522486401,0.6796520040302753,0.9924338066418272,0.030707708590093342,0.0005370060351775492,0.6963994522486401,icc,0.9924338066418272,table,0.35,0.8028305946491239,True,-0.7323932005128477,-0.6564997914737365,0.05,0.02043739413627614,10.777261374205423,0.0005370060351775492,0.08773631025740955,0.9122636897425904
plex,pinned_sig|depthT3,pinned_sig,depth,depthT3,True,649,1946,False,649.0,2222.0,0.29207920792079206,103.0,0.0,9.716096403375799,0.06879415618788032,2.5232560629671106,3.823354430324286,0.009950248756218905,0.004975124378109453,29.94876875368152,-0.42664174465084304,10.559094123657864,2.876706102114919,0.01990049751243781,0.009950248756218905,171.53453699346542,19.37478004870904,11.805067654084507,12.889359163656273,0.009950248756218905,0.004975124378109453,15.830312525860506,0.1939581090975069,4.723469116929678,3.310353900847954,0.05664221662688215,0.05664221662688215,0.06340245568800756,0.05962225811015925,0.05360586179085391,0.0008847111647772252,0.14657494919583985,0.03747814392496768,0.0011728868217495162,0.1270865544996122,0.0011728868217495162,0.1270865544996122,0.000883911307181389,0.12783710882555774,200,-0.12415133210339166,-0.019879539174786832,-5.461392711958568,0.2077437255091466,0.011559757435451824,5.0689572127789475,0.03697996918335902,0.14791987673343607,0.1973025093572065,5369.0,0.701392926014847,0.6875695907311762,0.9975073411651896,0.026992604393715397,0.0001584356172605015,0.701392926014847,icc,0.9975073411651896,table,0.35,0.8221088697898775,True,-0.75870641410187,-0.6755339205940376,0.05,0.013402455688007561,9.889359163656273,0.0001584356172605015,0.07712172683918685,0.9228782731608132
plex,pinned_sig|miss0-5,pinned_sig,miss,miss0-5,True,76,1946,False,76.0,366.0,0.20765027322404372,99.0,0.03883495145631066,0.3075125108967999,-0.18263339825986502,0.1992672171993687,2.4597418283122274,0.01990049751243781,0.009950248756218905,1.7414582246076125,-0.7992588244114264,0.9967455131657336,2.5490127775439326,0.029850746268656716,0.014925373134328358,20.00531381211184,3.3061868093932993,1.2103120493235582,13.797373175001985,0.009950248756218905,0.004975124378109453,0.5189940408569866,-0.3203943154044315,0.3522566734355066,2.382888443460813,0.015371541470677767,0.015371541470677767,0.029351588803227344,0.028514638848862982,0.015138834252153077,-0.002058969210506108,0.09163968674019807,0.024598127888562197,-0.011686757828158461,0.05967480973041776,-0.011686757828158461,0.05967480973041776,-0.002063388294740621,0.08394675390374699,200,-0.08946784328199468,-0.023042531638234554,-4.749268773742858,0.18480257618413828,0.01927049908195683,5.427599847786196,0.06578947368421052,0.19736842105263158,0.11925438567682431,890.5833333333334,0.6924999099964873,0.6722039653264179,0.9873295622093501,0.01303338248633749,0.0003766700544809299,0.6924999099964873,icc,0.9873295622093501,table,0.35,0.7882110489658775,True,-0.7588594601626502,-0.6965713622256794,0.1,-0.07064841119677266,10.797373175001985,0.0003766700544809299,0.037238235675249975,0.96276176432475
plex,pinned_sig|miss5-20,pinned_sig,miss,miss5-20,True,94,1946,False,94.0,594.0,0.15824915824915825,93.0,0.09708737864077666,0.9352559668140602,-0.015918276801556597,0.20337603553257824,4.67692391153554,0.009950248756218905,0.004975124378109453,4.49788936963871,0.4201552742820981,1.0612933452893598,3.842230909536915,0.009950248756218905,0.004975124378109453,29.731756951638147,7.6948285917940895,1.6466634036780987,13.382776535034958,0.009950248756218905,0.004975124378109453,1.410067539618926,-0.058678687462893245,0.3407662709849796,4.310127944401397,0.031456464827670734,0.031456464827670734,0.04316274156197092,0.041376805211947615,0.03049713284110957,0.01599530450468803,0.12157028974496308,0.027948404835459295,0.010726020586011385,0.08367695757306963,0.010726020586011385,0.08367695757306963,0.015743392110001576,0.10839292946756954,200,-0.07005168517433902,-0.02801201922137669,-3.414849239175788,0.2162991532394012,0.0027836637182590703,7.557488720664776,0.0425531914893617,0.11702127659574468,0.10226525720588892,797.75,0.6984947642982937,0.6791091348957279,0.9847672949016113,0.01863119558418953,0.0006676555129881298,0.6984947642982937,icc,0.9847672949016113,table,0.25,0.5791729973383848,True,-0.5360102557764139,-0.4576027075934217,0.1,-0.05683725843802909,10.382776535034958,0.0006676555129881298,0.07452478233675812,0.9254752176632419
plex,pinned_sig|miss20+,pinned_sig,miss,miss20+,True,69,1946,False,69.0,1165.0,0.0592274678111588,70.0,0.3203883495145631,1.1421974964359343,0.1413219804554463,0.22338356059698117,4.4805244992321684,0.009950248756218905,0.004975124378109453,3.098756643765135,-0.1212380400227108,1.0015182148839945,3.215113450693272,0.009950248756218905,0.004975124378109453,24.76020479660093,4.880244749746354,1.516363255759503,13.110288693257258,0.009950248756218905,0.004975124378109453,1.5455810344819427,0.14965269386505084,0.2842481042132502,4.910950398352106,0.046130373549767026,0.046130373549767026,0.05034595208549462,0.047932733006235864,0.04409619939934999,0.005844294514623906,0.15312203348807515,0.03861752232652622,0.011692985330616072,0.11798968085868541,0.011692985330616072,0.11798968085868541,0.005804413798501425,0.1327890821645244,200,-0.07028390011993371,-0.027770817519397636,-2.8666369470678017,0.21522861310614286,0.02053951808738188,7.895925710248546,0.07246376811594203,0.14492753623188406,0.09187958287684798,755.1666666666667,0.7175856687151919,0.6930594407278902,0.9864289612586365,0.019814245198875632,0.0006926468028182029,0.7175856687151919,icc,0.9864289612586365,table,0.25,0.6352241982999121,True,-0.5848782462144174,-0.4821021648118369,0.1,-0.04965404791450539,10.110288693257258,0.0006926468028182029,0.07925698079550253,0.9207430192044974
plex,pinned_sig|miss<=5,pinned_sig,miss,miss<=5,True,2022,1946,False,2022.0,7876.0,0.25672930421533774,103.0,0.0,27.052148356167677,-2.794608548358967,6.082102451899562,4.907309132092128,0.009950248756218905,0.004975124378109453,96.41906185037823,-12.526538316152317,25.713964865179438,4.236826204661234,0.009950248756218905,0.004975124378109453,544.7151435375633,71.71233409222162,32.878862327232895,14.386227988599321,0.009950248756218905,0.004975124378109453,44.133092463178535,-5.043380147240933,11.292632014438757,4.354739669861059,0.04966292690245754,0.04966292690245754,0.06310059117730381,0.05935524041748925,0.04731321420392757,0.023736934092939265,0.12534173296536422,0.02763570073434867,0.014410512182067427,0.1011769084489647,0.014410512182067427,0.1011769084489647,0.023186519087034625,0.11138048572539946,200,-0.1084794436511828,-0.02573943985325625,-5.629869647365805,0.2015473317981507,0.01318439314023054,5.782926515485736,0.03066271018793274,0.16122650840751732,0.17530205853127453,1882.0,0.6930307877122837,0.6695267609316505,0.9928512603992214,0.027949607884704443,0.00045433763643543964,0.6930307877122837,icc,0.9928512603992214,table,0.35,0.7901794902869663,True,-0.7270788991096625,-0.6648377573216021,0.05,0.013100591177303805,11.386227988599321,0.00045433763643543964,0.07985602252772699,0.9201439774722731
plex,ecm,ecm,primary,miss0,False,179,179,False,,179.0,,103.0,0.0,4.44148214703663,-0.47581833697023174,0.9511222800514872,5.169998208580155,0.009950248756218905,0.004975124378109453,13.475014284924484,-1.7458478941316855,3.3219271830838153,4.5819373334144915,0.009950248756218905,0.004975124378109453,21.275459273839623,0.7294443413514733,2.166106189809607,9.485229777351808,0.009950248756218905,0.004975124378109453,7.908153738248993,-1.0715291802222544,2.0472486076269947,4.386220063854273,0.20876081168775948,0.20876081168775948,0.2393311063076975,0.19311312779094975,0.17270646902944553,0.033652593237729664,0.46719860541746533,0.13968285764986704,0.00561172223451703,0.43129641074184916,0.00561172223451703,0.43129641074184916,0.03255614171633881,0.31840842492567945,200,-0.06071697534179696,-0.008160678660652043,-2.647392657021633,0.25387930106415063,-0.001992900580930803,6.985259627177673,0.0223463687150838,0.21787709497206703,0.3387371411198782,2492.0,0.7025385239802489,0.7004205871194293,0.9978403106714461,0.10133506093927619,0.000517999554393559,0.7025385239802489,icc,0.9978403106714461,unselected,1.0,2.3617798626589246,True,-2.1224487563512273,-1.8945812572414593,0.05,0.1893311063076975,6.485229777351808,0.000517999554393559,0.10133506093927619,0.8986649390607238
plex,ecm|depthT1,ecm,depth,depthT1,False,60,179,False,,60.0,,103.0,0.0,0.83828708422979,-0.14094956974061654,0.2940637396549788,3.3300149658687346,0.009950248756218905,0.004975124378109453,2.69649056875566,-0.46847245200266774,1.0860770910154114,2.9141237274412015,0.009950248756218905,0.004975124378109453,7.090409944155653,0.08677084445375398,0.8075542929802633,8.672654161561208,0.009950248756218905,0.004975124378109453,1.4931172555565386,-0.3604602214968875,0.6390530345820739,2.900506494371979,0.11822829580125437,0.11822829580125437,0.13981826305300146,0.12266715456769263,0.10572822763042243,-0.049044146669552015,0.35818761957788103,3.4137880515353336,-0.07947036128159518,0.32886087136565295,-0.07947036128159518,0.32886087136565295,-0.051575272300284275,0.26372236775437324,200,-0.07002339068707643,-0.006211760680028346,-3.5208864268680466,0.26492390925294373,-0.00390909893407331,7.551355273468402,0.016666666666666666,0.11666666666666667,0.29379352534148384,340.5,0.6987088114258464,0.6875140489170601,0.9922733501791249,0.06029122571625574,0.0010887390626570024,0.6987088114258464,icc,0.9922733501791249,unselected,1.0,2.319048275963373,True,-2.1792300129103714,-1.960860656385492,0.1,0.03981826305300146,5.6726541615612085,0.0010887390626570024,0.06029122571625574,0.9397087742837442
plex,ecm|depthT2,ecm,depth,depthT2,False,59,179,False,,59.0,,103.0,0.0,1.3739470467671822,-0.31203030828068906,0.3898570796871939,4.324603663477482,0.009950248756218905,0.004975124378109453,4.097847078920546,-1.0878478059011283,1.3663189981040318,3.795376403327179,0.009950248756218905,0.004975124378109453,7.570895320210955,0.5799101062044485,0.787593264180827,8.876390304426748,0.009950248756218905,0.004975124378109453,2.398139815350047,-0.6587450612251812,0.8342316660429857,3.6643117265914418,0.1814774856415395,0.1814774856415395,0.24116448589678025,0.19430501648823068,0.1536021531066228,-0.0020712102047899567,0.6483846635219345,0.19049749309504085,-0.051965519724260154,0.5119658502109371,-0.051965519724260154,0.5119658502109371,-0.0020802204697640213,0.39334543580919673,200,-0.08170645802477199,-0.021461732665999104,-2.646697603173488,0.26280485368771395,0.005036036863175885,6.0566530379274255,0.03389830508474576,0.23728813559322035,0.3323143918695938,2492.0,0.695422082069522,0.693258234240387,0.9980498060320585,0.10562416536245714,0.00047123652831260117,0.695422082069522,icc,0.9980498060320585,unselected,1.0,2.2832321095196964,True,-2.0420676236229163,-1.634847445997762,0.1,0.14116448589678024,5.876390304426748,0.00047123652831260117,0.10562416536245714,0.8943758346375429
plex,ecm|depthT3,ecm,depth,depthT3,False,60,179,False,,60.0,,103.0,0.0,2.229248016039657,-0.022838458948926096,0.41247168578308835,5.459978351515056,0.009950248756218905,0.004975124378109453,6.680676637248277,-0.18952763622788954,1.4424411562820825,4.762900894469928,0.009950248756218905,0.004975124378109453,6.614154009473015,0.06276339069327101,0.9117455448914744,7.185547168820617,0.009950248756218905,0.004975124378109453,4.016896667342406,-0.05232389750018552,0.877461017136877,4.637494413279247,0.33704204843837204,0.33704204843837204,0.34375701374497714,0.25581783777034595,0.25208036563399616,0.058041629451308516,0.9271242057936467,0.22222130494277634,0.05374114217650749,0.9100390198597477,0.05374114217650749,0.9100390198597477,0.05485286687245921,0.4810871652354267,200,-0.030770902024925384,0.002969773130648866,-1.1705560221217568,0.23405789946218689,-0.006988490714493203,5.817959994339139,0.016666666666666666,0.3,0.38999646032771906,9139.375,0.7171418667084032,0.7203701056528565,0.999508367762356,0.13558609771326388,0.0001690851575876517,0.7171418667084032,icc,0.999508367762356,unselected,1.0,2.535341156229387,True,-2.19158414248441,-1.6082169504357404,0.1,0.24375701374497713,4.185547168820617,0.0001690851575876517,0.13558609771326388,0.8644139022867361
plex,ecm|miss20+,ecm,miss,miss20+,False,25,179,False,,25.0,,55.0,0.46601941747572817,-0.17092055472194728,-0.03359412482494002,0.2277613074099275,-0.6029401194551695,0.47761194029850745,0.7661691542288557,0.139167643658717,-0.062459210949082605,0.6898507836789172,0.29227603907694394,0.6865671641791045,0.34328358208955223,0.7089132186578155,-0.2725271081593023,0.8108420830392492,1.210396385863967,0.22885572139303484,0.11442786069651742,-0.22147402183568654,-0.032591354371356095,0.28787094256349516,-0.6561366207451416,-0.24110222552423405,-0.24110222552423405,-0.13992336176195944,-0.1626870857097194,-0.31770053047102886,-2.237887308633879,6.769757609392994,4.516431065632224,-4.055914866237255,4.512337788777572,-4.055914866237255,4.512337788777572,-1.8758045348738832,0.8747710764576566,200,-0.018502975170010594,-0.00033969917174815986,-0.6118194503919021,0.2328390745220207,-0.005218737813719763,6.169730179394129,0.0,0.08,0.18633532386920443,407.0,0.7342175652966503,0.6893114708248393,0.990175931921018,-0.050651432924987846,-0.001388254942859141,0.7342175652966503,icc,0.990175931921018,unselected,1.0,2.7624758803799034,True,-2.902399242141863,4.007281729013091,0.1,0.03992336176195943,-1.789603614136033,0.0,0.0,1.0
plex,ecm|miss<=5,ecm,miss,miss<=5,False,187,179,False,,187.0,,103.0,0.0,4.459202025578133,-0.556660385580599,0.9652195652579388,5.196602505481048,0.009950248756218905,0.004975124378109453,13.429373941535632,-2.03688371455719,3.3663214312778273,4.594409052085665,0.009950248756218905,0.004975124378109453,21.89353919447916,0.646399313220538,2.220199276214816,9.569924694995194,0.009950248756218905,0.004975124378109453,8.021501578523363,-1.2511101116551329,2.0793650450772874,4.459347680259695,0.2036766182921489,0.2036766182921489,0.23607235793571696,0.19098587264742808,0.16921207506808428,0.038442784891366925,0.4841309783445669,0.13547789940298466,0.005880497132403851,0.44574109502736725,0.005880497132403851,0.44574109502736725,0.03701841336198523,0.3261981005369314,200,-0.062411599829046364,-0.008796642533511322,-2.7525482553029246,0.250921867978174,-0.0017190015824837903,7.062231896662686,0.0213903743315508,0.2192513368983957,0.33649152211126787,2559.0,0.7029082570044346,0.7023883245854502,0.9980120268894559,0.09977852385898588,0.0004702403248402246,0.7029082570044346,icc,0.9980120268894559,unselected,1.0,2.3659636242900453,True,-2.129891266354328,-1.8818326459454784,0.05,0.18607235793571697,6.569924694995194,0.0004702403248402246,0.09977852385898588,0.9002214761410141
plex,pinned_sig&ecm,pinned_sig&ecm,primary,miss0,True,52,52,False,52.0,179.0,0.2905027932960894,103.0,0.0,0.4950288085060215,-0.22799422932019028,0.32974631582379754,2.1926644912465516,0.03980099502487562,0.01990049751243781,1.9111300633092225,-0.751083212802515,1.2168642247116217,2.1877652593021555,0.01990049751243781,0.009950248756218905,11.93594213874298,1.189951532380438,0.9636621061056616,11.151201793945283,0.009950248756218905,0.004975124378109453,0.7451950426821595,-0.5063965053767779,0.6551174646519116,1.9104841735885563,0.041473794255352754,0.041473794255352754,0.06728305135481139,0.06304143148286871,0.039822215867664976,-0.04276985977495443,0.19422595173207866,0.06265845365393923,-0.05954130259585071,0.15472330480470464,-0.05954130259585071,0.15472330480470464,-0.04468086484687299,0.16263607225858398,200,-0.1880459382575434,-0.03730310830991398,-5.927535749409282,0.24393513432924013,0.006314930242269479,5.774855494991235,0.019230769230769232,0.07692307692307693,0.31085758311397876,3492.5,0.6893836236118819,0.6972327891116916,0.9981261960456056,0.03031580224472127,0.00012631193148907876,0.6893836236118819,icc,0.9981261960456056,table,0.35,0.7767918455228892,True,-0.7095087941680778,-0.5825658937908105,0.1,-0.03271694864518862,8.151201793945283,0.00012631193148907876,0.08661657784206078,0.9133834221579392
plex,pinned_sig&ecm|depthT1,pinned_sig&ecm,depth,depthT1,True,17,52,False,17.0,75.0,0.22666666666666666,103.0,0.0,-0.08043459500478284,-0.13508895824599432,0.14010242553190097,0.3901029053117058,0.6965174129353234,0.3482587064676617,0.019328355637794684,-0.42060499914796423,0.4944571354962049,0.8897300154122976,0.3880597014925373,0.19402985074626866,3.843420575088588,0.48975530511483334,0.3054820059483026,10.978274348968702,0.009950248756218905,0.004975124378109453,-0.27453788555255704,-0.3250612384590269,0.3080589057152401,0.16400549365442482,-0.020927867099980044,-0.020927867099980044,0.01629690468233259,0.01603557445393044,-0.021375204539824378,-0.14842006672520375,0.1655288215041874,0.07813345073553715,-0.1670021685025672,0.10150561136854572,-0.1670021685025672,0.10150561136854572,-0.17428905243950235,0.14202016176667204,200,-0.22331882452349064,-0.05247301021610513,-5.350184521864486,0.28593692692036327,0.025445098345924712,5.868499987541336,0.058823529411764705,0.058823529411764705,0.36151240370607024,948.0,0.6684063975388141,0.6886414048658137,0.9941188583225645,0.008084825867136356,9.641141452862435e-05,0.6684063975388141,icc,0.9941188583225645,table,0.35,0.7055089042798064,False,-0.6892119995974738,-0.5399800827756189,0.1,-0.08370309531766741,7.978274348968702,9.641141452862435e-05,0.02309950247753245,0.9769004975224675
plex,pinned_sig&ecm|depthT2,pinned_sig&ecm,depth,depthT2,True,17,52,False,17.0,47.0,0.3617021276595745,103.0,0.0,0.10391773744393691,-0.11167484597213471,0.13866270478628084,1.5547986298721195,0.14925373134328357,0.07462686567164178,0.3194826584765148,-0.3843765912688596,0.5463627942281357,1.2882635076565545,0.21890547263681592,0.10945273631840796,4.100496387585578,0.4284908919075092,0.3933347113753503,9.335574485247905,0.009950248756218905,0.004975124378109453,0.17385418180962506,-0.2019739339340028,0.26254546888377484,1.431478202010036,0.02534272137357617,0.02534272137357617,0.05871248931131039,0.055456500139620245,0.024716342004775134,-0.09876953233372593,0.2719162717467212,0.08909450997596725,-0.1211139233469573,0.2000745588741771,-0.1211139233469573,0.2000745588741771,-0.10960503089703193,0.2137841525338113,200,-0.19605800579690869,-0.045478374967641955,-4.601878114673193,0.23647785145318542,-0.000587424525810073,5.034968526544292,0.0,0.0,0.27192223372586255,3359.0,0.6691917077534641,0.6877390493447326,0.9981160001821352,0.02902393753177381,0.00011082310988774156,0.6691917077534641,icc,0.9981160001821352,table,0.35,0.7080145909376463,False,-0.649302101626336,-0.43609831919092507,0.1,-0.04128751068868962,6.335574485247905,0.00011082310988774156,0.08292553580506803,0.917074464194932
plex,pinned_sig&ecm|depthT3,pinned_sig&ecm,depth,depthT3,True,18,52,False,18.0,57.0,0.3157894736842105,103.0,0.0,0.47154566606686743,0.01876957489793877,0.14806895662849162,3.0578731793521996,0.009950248756218905,0.004975124378109453,1.572319049194913,0.05389837761430891,0.5591712559059915,2.7154841303857773,0.009950248756218905,0.004975124378109453,3.992025176068813,0.2717053353580953,0.41475069437211703,8.970014737028558,0.009950248756218905,0.004975124378109453,0.8458787464250915,0.020638667016251774,0.28992168836342724,2.8464240949589525,0.11812191688911812,0.11812191688911812,0.12170353909206683,0.10849884559567007,0.10564314597978856,-0.03202406638337196,0.34329086866796554,0.0944644544792134,-0.022152119753474,0.31640561516025795,-0.022152119753474,0.31640561516025795,-0.03308413563100618,0.2555554725833866,200,-0.14716570410808158,-0.015254893555101474,-3.7231572505414445,0.21130976404278667,-0.0052335601302186665,4.439325860683845,0.0,0.16666666666666666,0.29978919364355766,11720.5,0.7037932220550247,0.7143131840127043,0.9995074602415004,0.051221597550626885,5.99733710226344e-05,0.7037932220550247,icc,0.9995074602415004,table,0.35,0.8316069923457915,False,-0.7099034532537247,-0.48831612367782595,0.1,0.02170353909206682,5.970014737028558,5.99733710226344e-05,0.1463474215732197,0.8536525784267803
plex,pinned_sig&ecm|miss<=5,pinned_sig&ecm,miss,miss<=5,True,53,52,False,53.0,187.0,0.28342245989304815,103.0,0.0,0.4952154526085575,-0.23604270935487573,0.3274453113312651,2.2332222715006127,0.03980099502487562,0.01990049751243781,1.9117064257380825,-0.7788254182159189,1.20560054484334,2.231694283369471,0.01990049751243781,0.009950248756218905,12.127294440736495,1.1753255793953898,0.9707057542949651,11.282480620809391,0.009950248756218905,0.004975124378109453,0.745527611846003,-0.522404145006861,0.6505974123937525,1.9488730399153364,0.04083478429822661,0.04083478429822661,0.06676956182231951,0.06259042647247992,0.03923272445756998,-0.038104237002580435,0.19231333797668773,0.06164536415849166,-0.05542238261738414,0.15104294542474178,-0.05542238261738414,0.15104294542474178,-0.039613727473688194,0.16129422102414726,200,-0.18903399025598813,-0.03657983854535584,-6.0871871920842535,0.23889428999171985,0.0050901239976031305,5.755397450246017,0.018867924528301886,0.07547169811320754,0.31127432876787026,3626.0,0.6889465997219758,0.6967952362223944,0.9981363919090761,0.030145876688102556,0.0001246646216370527,0.6889465997219758,icc,0.9981363919090761,table,0.35,0.7752087252129851,True,-0.7084391633906656,-0.5828953872362974,0.1,-0.033230438177680496,8.282480620809391,0.0001246646216370527,0.0861310762517216,0.9138689237482784
plex,folding,folding,primary,miss0,False,165,165,False,,165.0,,103.0,0.0,3.259852973166882,-0.04087752728333745,0.6695532381567041,4.9297506342247095,0.009950248756218905,0.004975124378109453,11.275447587026505,-0.31824804619655006,2.887101543158862,4.015686826358748,0.009950248756218905,0.004975124378109453,30.406992803205746,2.6280439595033465,2.4654573867474676,11.267259776227373,0.009950248756218905,0.004975124378109453,4.971151094287574,-0.05968345071396133,1.2567350078066355,4.00309891405173,0.10720734517433775,0.10720734517433775,0.11882128870396436,0.10620220575316922,0.09682680090733789,0.02321418885849929,0.24560384305444447,0.05654858757785596,0.01941478846550763,0.21242729524481252,0.01941478846550763,0.21242729524481252,0.02268702098811763,0.1971761521091598,200,-0.0228537924856982,-0.0062180503209541904,-0.8213303414433017,0.20421404336162552,0.01873047976746254,5.515905279649893,0.024242424242424242,0.18787878787878787,0.15793672532897435,2720.0,0.7034141824295265,0.6854223641011654,0.9952464165263044,0.05009951453256806,0.0005675246902950782,0.7034141824295265,icc,0.9952464165263044,unselected,1.0,2.3717053910117736,True,-2.2528841023078092,-2.126101547957329,0.05,0.06882128870396435,8.267259776227373,0.0005675246902950782,0.05009951453256806,0.949900485467432
plex,folding|depthT1,folding,depth,depthT1,False,55,165,False,,55.0,,103.0,0.0,0.5658517892993494,-0.08881042256804626,0.1634518625738553,4.00522943916646,0.009950248756218905,0.004975124378109453,2.6255919717316623,-0.2950761842422807,0.8274891235952907,3.529554736966412,0.009950248756218905,0.004975124378109453,11.587974586606446,1.0073186213205452,1.0306657449182761,10.265846146002326,0.009950248756218905,0.004975124378109453,0.7895144119316819,-0.17183800050948023,0.2995788447086481,3.209013017511681,0.0488309484172816,0.0488309484172816,0.06187349952737132,0.05826823963015421,0.04655750146481567,-0.007325621074880643,0.15291560201881205,0.040627081915906915,-0.014286848924002643,0.12800010593195144,-0.014286848924002643,0.12800010593195144,-0.007379752107043463,0.13263255542933922,200,-0.026624866028932864,-0.008874660239077787,-1.0901623824378952,0.1911157107843607,0.009792562846560332,6.08839924758094,0.03636363636363636,0.14545454545454545,0.10965286409568917,484.6666666666667,0.6937777507578441,0.6562995102140031,0.9823126606554557,0.027309959382609814,0.0011140827420924035,0.6937777507578441,icc,0.9823126606554557,unselected,1.0,2.265602034061265,True,-2.2037285345338935,-2.1126864320424525,0.1,-0.03812650047262869,7.2658461460023265,0.0011140827420924035,0.027309959382609814,0.9726900406173902
plex,folding|depthT2,folding,depth,depthT2,False,55,165,False,,55.0,,103.0,0.0,1.052001425377383,-0.0554175716480671,0.26950465240231675,4.109090463389457,0.009950248756218905,0.004975124378109453,3.91252856815509,-0.009803544711172823,1.142193143979406,3.4340357701682924,0.009950248756218905,0.004975124378109453,8.635446862991865,0.48850616425026255,0.8733836693825238,9.328020415702795,0.009950248756218905,0.004975124378109453,1.7909492448235478,-0.08094830387050331,0.5081315204988294,3.6838839418118,0.12182362326677594,0.12182362326677594,0.13593065642376714,0.11966457252920307,0.10859427519632968,0.007385909462974085,0.3854238188921965,0.09205065190951661,0.0016005902721756987,0.3441033838187425,0.0016005902721756987,0.3441033838187425,0.0073256390792746165,0.278199210037934,200,-0.03178932095966147,-0.0028548659197575447,-1.204813949739823,0.2314616965739554,0.026027521745971085,5.313253931493589,0.01818181818181818,0.18181818181818182,0.17332612989905713,2720.0,0.7113194817408953,0.6939609656439614,0.9952464165263044,0.05516583384961628,0.0006492439572903849,0.7113194817408953,icc,0.9952464165263044,unselected,1.0,2.464037012371066,True,-2.328106355947299,-2.0786131934788696,0.1,0.03593065642376714,6.328020415702795,0.0006492439572903849,0.05516583384961628,0.9448341661503837
plex,folding|depthT3,folding,depth,depthT3,False,55,165,False,,55.0,,103.0,0.0,1.64199975849015,0.10335046693277589,0.33249499137308086,4.6275863741685965,0.009950248756218905,0.004975124378109453,4.737327047139752,-0.01336831724309654,1.4369569022551565,3.3060806186512064,0.009950248756218905,0.004975124378109453,10.183571353607439,1.1322191739325387,0.9956716998608862,9.090699455392317,0.009950248756218905,0.004975124378109453,2.390687437532344,0.1931028536660223,0.6228102743372295,3.5284976411233835,0.16124007005739557,0.16124007005739557,0.16999109757462097,0.1452926419072852,0.13885162440995177,0.026108363877556003,0.36650483585740545,0.09885701048270953,0.03332552821957053,0.32363504028708534,0.03332552821957053,0.32363504028708534,0.025438270447480805,0.2682060080598941,200,-0.01014719046850029,-0.006924624804027241,-0.10734581462689069,0.19006472272656028,0.020371354709856196,3.918965390147176,0.01818181818181818,0.23636363636363636,0.19083118199217664,7928.75,0.7063300801668602,0.7060066164455319,0.9984673290365353,0.0706769729887381,0.0002609403550054215,0.7063300801668602,icc,0.9984673290365353,unselected,1.0,2.405183617607787,True,-2.2351925200331664,-2.0386787817503818,0.1,0.06999109757462096,6.090699455392317,0.0002609403550054215,0.0706769729887381,0.9293230270112619
plex,folding|miss<=5,folding,miss,miss<=5,False,169,165,False,,169.0,,103.0,0.0,3.306879313046551,-0.03643672603444704,0.6751306571022672,4.952102239632943,0.009950248756218905,0.004975124378109453,11.683443140488812,-0.2985536037111216,2.9384319089777056,4.077683987705037,0.009950248756218905,0.004975124378109453,31.313464191475383,2.728994945567813,2.5007411914033346,11.430398853016412,0.009950248756218905,0.004975124378109453,5.0424205708587895,-0.05212871272956352,1.2662958463649938,4.0231903928396155,0.10560566831014497,0.10560566831014497,0.11696267684101426,0.10471493745145294,0.09551838538559339,0.0207953176093394,0.2388722455841885,0.055230300308886725,0.01756588931377084,0.21088072089303692,0.01756588931377084,0.21088072089303692,0.020371672121673266,0.19281303644089126,200,-0.021203912548039404,-0.006112895414641551,-0.7536351983683889,0.2065416737446146,0.018492770471088195,5.617596600352695,0.023668639053254437,0.1893491124260355,0.1554884411115331,2720.0,0.7029199220535106,0.6832928006275577,0.9952464165263044,0.04943277329691815,0.0005586474248369707,0.7029199220535106,icc,0.9952464165263044,unselected,1.0,2.3660957911156935,True,-2.249133114274679,-2.127223545531505,0.05,0.06696267684101426,8.430398853016412,0.0005586474248369707,0.04943277329691815,0.9505672267030818
plex,pinned_sig&folding,pinned_sig&folding,primary,miss0,True,59,59,False,59.0,165.0,0.3575757575757576,103.0,0.0,1.2566158237592802,-0.1865183751991515,0.23881427738125416,6.042914246096541,0.009950248756218905,0.004975124378109453,4.001965571680705,-1.2220930008868884,1.1937083294151054,4.376327486235505,0.009950248756218905,0.004975124378109453,17.478259867109436,2.2949722474824488,1.1159113410426693,13.606177355846429,0.009950248756218905,0.004975124378109453,1.8870422909058395,-0.333521157044186,0.4251767904421408,5.2226826531167525,0.07189593433863391,0.07189593433863391,0.09504754405712071,0.08679764141104979,0.06707361417784846,0.045817062510145626,0.18088759558781392,0.03498009986499199,0.028847162632584383,0.1354067340275911,0.028847162632584383,0.1354067340275911,0.04380982144335855,0.15317919324707283,200,-0.07360676885602194,-0.04005826109819369,-1.6653408750019412,0.2114040916046786,0.02565182328256459,5.200231157295114,0.0,0.2711864406779661,0.13387317155001444,2719.25,0.7216546498172138,0.6877974298254411,0.9955969047218585,0.03666025285265472,0.00042035425226013087,0.7216546498172138,icc,0.9955969047218585,table,0.35,0.9074307412362342,True,-0.8123831971791136,-0.7265431456484204,0.1,-0.004952455942879297,10.606177355846429,0.00042035425226013087,0.1047435795790135,0.8952564204209865
plex,pinned_sig&folding|depthT1,pinned_sig&folding,depth,depthT1,True,20,59,False,20.0,52.0,0.38461538461538464,103.0,0.0,0.3134380276150176,-0.04844830673566619,0.07610837963520516,4.754881605484706,0.009950248756218905,0.004975124378109453,1.328117052870491,-0.3870686048266213,0.45742060761768494,3.749690392459702,0.009950248756218905,0.004975124378109453,6.35320910032064,0.815251779729628,0.5140563680502825,10.77305460020936,0.009950248756218905,0.004975124378109453,0.4619520407032888,-0.08117531147744927,0.12901251893654922,4.209880999593987,0.04933538667870993,0.04933538667870993,0.06534653725212589,0.061338292252468195,0.04701584193673596,0.008582808396472467,0.14975838725487958,0.03566693094971636,3.908965285340594e-05,0.11564393740735782,3.908965285340594e-05,0.11564393740735782,0.008509770557817983,0.13025203674871827,200,-0.0369487702075965,-0.03414556624160027,-0.12087647004875247,0.2190871950849155,0.010782798571986727,5.831303184427944,0.0,0.2,0.07705979189894421,567.5,0.7239659212780107,0.6464702999133969,0.9752138583485577,0.024915359518885398,0.001660854708838173,0.7239659212780107,icc,0.9752138583485577,table,0.35,0.9179593824808361,True,-0.8526128452287102,-0.7682009952259565,0.1,-0.03465346274787412,7.77305460020936,0.001660854708838173,0.0711867414825297,0.9288132585174703
plex,pinned_sig&folding|depthT2,pinned_sig&folding,depth,depthT2,True,19,59,False,19.0,62.0,0.3064516129032258,103.0,0.0,0.48571980669347853,-0.10929763014326627,0.12064390035426331,4.932014259233274,0.009950248756218905,0.004975124378109453,1.7377151014153005,-0.38638494375928334,0.563225733778945,3.771312136118147,0.009950248756218905,0.004975124378109453,4.935347033810515,0.5925407729102445,0.39243606013417964,11.066277292192266,0.009950248756218905,0.004975124378109453,0.7415786730954117,-0.19678996527492085,0.21698225525452583,4.324633077804458,0.09841654565848448,0.09841654565848448,0.1370121992762801,0.12050196063286725,0.08959856444941407,0.04222460374590053,0.3363428864914528,0.07058848661300027,0.014858079473177055,0.2458465259246005,0.014858079473177055,0.2458465259246005,0.040513784977265946,0.251685019065034,200,-0.07555247273760973,-0.037358650264415774,-1.2935001774404793,0.24467020973116374,0.032430553115753366,4.432956209860555,0.0,0.3684210526315789,0.18192872623975234,2719.25,0.6964484524432678,0.7119348831814505,0.995503758611285,0.059717650284899046,0.0006188222955624402,0.6964484524432678,icc,0.995503758611285,table,0.35,0.8030166879962515,False,-0.6660044887199714,-0.4666738015047987,0.1,0.037012199276280106,8.066277292192266,0.0006188222955624402,0.17062185795685442,0.8293781420431456
plex,pinned_sig&folding|depthT3,pinned_sig&folding,depth,depthT3,True,20,59,False,20.0,51.0,0.39215686274509803,103.0,0.0,0.45745798945078414,-0.028772438320219047,0.11010386518682475,4.416106800119734,0.009950248756218905,0.004975124378109453,0.9361334173949135,-0.4486394523009839,0.5189499340048984,2.6684132301726557,0.009950248756218905,0.004975124378109453,6.18970373297828,0.887179694842576,0.42816773551927856,12.384221411977348,0.009950248756218905,0.004975124378109453,0.6835115771071386,-0.05555588029181587,0.19821110272633521,3.728688490368601,0.07390628197816353,0.07390628197816353,0.09169792051370979,0.0839956903742753,0.06882004809770385,0.026641218385610257,0.21722409470511622,0.04789305078593638,0.016477515275837056,0.16973776538176985,0.016477515275837056,0.16973776538176985,0.025949765359895065,0.1784583706511592,200,-0.10841634881693893,-0.04853558624687612,-2.372005481676803,0.17211817590428077,0.03408105465161311,2.965932525215872,0.0,0.25,0.14503377424583372,10012.5,0.7125344161233702,0.7061939790492762,0.9981480932705508,0.03699469901280155,0.0001701310629361803,0.7125344161233702,icc,0.9981480932705508,table,0.35,0.8675370535841529,True,-0.775839133070443,-0.6503129588790366,0.1,-0.00830207948629022,9.384221411977348,0.0001701310629361803,0.10569914003657586,0.8943008599634241
plex,pinned_sig&folding|miss<=5,pinned_sig&folding,miss,miss<=5,True,61,59,False,61.0,169.0,0.3609467455621302,103.0,0.0,1.2688026623288633,-0.1882999831050838,0.24137766915108522,6.036609146813431,0.009950248756218905,0.004975124378109453,4.216705101476814,-1.2563440613320482,1.2406163830031798,4.411556414852563,0.009950248756218905,0.004975124378109453,18.267136765900073,2.379070152215219,1.142653042354074,13.904541470394665,0.009950248756218905,0.004975124378109453,1.9037082118633646,-0.3362512309971585,0.4289063836427404,5.222490334222463,0.06945821223046751,0.06945821223046751,0.09171050706565531,0.08400625117381953,0.06494710259469148,0.04479704578824964,0.17332716108729104,0.03381028176714599,0.02831251897082697,0.13449372640852802,0.02831251897082697,0.13449372640852802,0.042876313038642797,0.14772256234094427,200,-0.06981898240535067,-0.03948717132261171,-1.5103446241705343,0.2118119395856759,0.024166585239324467,5.299196871259623,0.0,0.2786885245901639,0.12998445894347593,2719.25,0.7034141824295265,0.6803367302490837,0.9955969047218585,0.038668591559987746,0.00040559597835387575,0.7034141824295265,icc,0.9955969047218585,table,0.35,0.8300968868541206,True,-0.7383863797884653,-0.6567697257668296,0.1,-0.008289492934344694,10.904541470394665,0.00040559597835387575,0.11048169017139359,0.8895183098286064
plex,ptm,ptm,primary,miss0,False,824,824,False,,825.0,,103.0,0.0,10.037795059946049,-0.3641905493758891,2.260504190380007,4.6016219096560445,0.009950248756218905,0.004975124378109453,36.45261619175664,-1.5040930178880447,10.174811324960821,3.730458285406176,0.009950248756218905,0.004975124378109453,133.13413996934045,9.921640116362457,12.240483885785201,10.065982766912011,0.009950248756218905,0.004975124378109453,16.282313974810123,-0.4941593239962714,4.200057820999623,3.994343414732694,0.07539610097197953,0.07539610097197953,0.08442313581604137,0.07785073282534861,0.07011007470069305,-0.0008721399633619326,0.18844338965577062,0.053092607671421,-0.004389760317893001,0.16593597206200777,-0.004389760317893001,0.16593597206200777,-0.0008753859198196115,0.15856187636684865,200,-0.037670340217167884,-0.007117857548602929,-1.993334845069751,0.2031547621468358,0.017479631972296187,5.550940573804066,0.03762135922330097,0.154126213592233,0.15440376762958766,2085.333333333333,0.7000458880015561,0.6805356297729896,0.9926761174680531,0.03617343829861683,0.0006228669339525917,0.7000458880015561,icc,0.9926761174680531,unselected,1.0,2.3338432780184317,True,-2.2494201422023905,-2.145399888362661,0.05,0.03442313581604137,7.065982766912011,0.0006228669339525917,0.03617343829861683,0.9638265617013831
plex,ptm|depthT1,ptm,depth,depthT1,False,275,824,False,,276.0,,103.0,0.0,2.4116755351021837,-0.3849760818817318,0.5530937577180267,5.056378919412211,0.009950248756218905,0.004975124378109453,9.68580508143026,-1.717919533279779,2.471313072860959,4.61443948156205,0.009950248756218905,0.004975124378109453,44.985952776124016,4.556837105985942,3.8089202250819,10.614324606724669,0.009950248756218905,0.004975124378109453,4.106054963037559,-0.5969455791855349,1.0497242830726636,4.480224586647525,0.05360952444653265,0.05360952444653265,0.06917419712570141,0.06469871543071731,0.05088177660001133,0.004984427029950198,0.1524238615773349,0.04644824944623781,-0.00776694282621181,0.12422658682953454,-0.00776694282621181,0.12422658682953454,0.004959139210190868,0.1322539188092305,200,-0.03349282089262538,-0.01471557028716234,-1.7136265249105134,0.1941227488679359,0.012779002875390076,6.345921585822688,0.03272727272727273,0.14909090909090908,0.13709306000328594,672.6666666666666,0.700032404652573,0.6582743902402006,0.9813081369418096,0.029641510070071417,0.001317623457055416,0.700032404652573,icc,0.9813081369418096,unselected,1.0,2.333693423923957,True,-2.2645192267982557,-2.181269562346622,0.05,0.01917419712570141,7.614324606724669,0.001317623457055416,0.029641510070071417,0.9703584899299286
plex,ptm|depthT2,ptm,depth,depthT2,False,274,824,False,,274.0,,103.0,0.0,3.349414617776971,-0.0894428997814126,0.8428649876402182,4.07996247084151,0.009950248756218905,0.004975124378109453,11.565795413524281,-0.5225070442531927,3.884937803980122,3.111581978324852,0.009950248756218905,0.004975124378109453,43.27014258318746,2.980385717092624,4.044327433210368,9.962041286581243,0.009950248756218905,0.004975124378109453,5.651648403222429,-0.14366013371915176,1.5595213649191282,3.7160815281566255,0.0774070621869959,0.0774070621869959,0.0853531464334126,0.07864089832317918,0.0718456977902759,-0.012624594077144244,0.21073655031503194,0.05743578167437593,-0.01360236022523912,0.19215301404831586,-0.01360236022523912,0.19215301404831586,-0.012786063753867824,0.1740563853224021,200,-0.045691688553424134,-0.007837119079071258,-2.240506402973143,0.20595904137542012,0.01937726226817106,4.946475662576382,0.029197080291970802,0.12043795620437957,0.1547454185168297,2085.333333333333,0.691540242172178,0.6802642950551822,0.9920686791084729,0.03807155285134946,0.0006823753311849917,0.691540242172178,icc,0.9920686791084729,unselected,1.0,2.241913976208807,True,-2.1565608297753944,-2.031177425893775,0.05,0.0353531464334126,6.962041286581243,0.0006823753311849917,0.03807155285134946,0.9619284471486506
plex,ptm|depthT3,ptm,depth,depthT3,False,275,824,False,,275.0,,103.0,0.0,4.276704907066895,0.11022843228725536,1.0515524435797319,3.9622146286836384,0.009950248756218905,0.004975124378109453,15.201015696802099,0.7363335596449277,4.845512465724299,2.985170761498601,0.009950248756218905,0.004975124378109453,44.878044610028965,2.384417293283891,4.9217279154002975,8.633883881264687,0.009950248756218905,0.004975124378109453,6.524610608550132,0.24644638890841525,1.9475229780219385,3.2236663138210195,0.09529615080669475,0.09529615080669475,0.09804944265461175,0.08929419645946939,0.08700491710530375,-0.023805423978229028,0.2361187940385851,0.06827502104151772,-0.019659808247056314,0.22535826122285194,-0.019659808247056314,0.22535826122285194,-0.0243860819656081,0.1910105425470543,200,-0.033855679744858716,0.00119650122395038,-1.5876815127001498,0.20939269357616444,0.020289531247130607,5.004959905451433,0.05090909090909091,0.19272727272727272,0.17137406673550998,5469.0,0.7113132918761927,0.7030672173518856,0.9973291905571084,0.039793395057575544,0.00026257265884888965,0.7113132918761927,icc,0.9973291905571084,unselected,1.0,2.4639627383576532,True,-2.3659132957030415,-2.2278439443190683,0.05,0.04804944265461175,5.633883881264687,0.00026257265884888965,0.039793395057575544,0.9602066049424245
plex,ptm|miss0-5,ptm,miss,miss0-5,False,35,824,False,,35.0,,99.0,0.03883495145631066,-0.23140983954751265,-0.10733807217083935,0.09991618566147646,-1.2417584453938,0.21890547263681592,0.8955223880597015,-0.8574286312808469,-0.5063258166323746,0.7292413960998478,-0.4814630882534255,0.6467661691542289,0.681592039800995,4.0426772917113265,0.5019043054869147,0.5449793875094919,6.497076893871958,0.009950248756218905,0.004975124378109453,-0.38776813254795733,-0.18621335688764432,0.1748869944727601,-1.152485788139647,-0.05724172939105742,-0.05724172939105742,-0.03504087041428013,-0.03631332078211853,-0.06071729220055962,-0.1725619350776768,0.13635602090766283,0.23689133376013194,-0.1697660112235431,0.07955781456940351,-0.1697660112235431,0.07955781456940351,-0.18679308286754817,0.12040577703579673,200,-0.04766310234597651,-0.014885119854284421,-1.4721042227044687,0.19399655344543215,0.022500898767625593,4.8270860235746955,0.02857142857142857,0.02857142857142857,0.06876469499918574,1073.6666666666667,0.6833663346816398,0.6412141535994551,0.9854537038862005,-0.016235975745553948,-0.0005172387856692838,0.6833663346816398,icc,0.9854537038862005,unselected,1.0,2.1582238704609855,True,-2.1932647408752657,-2.0218678495533227,0.1,-0.06495912958571987,3.4970768938719576,0.0,0.0,1.0
plex,ptm|miss5-20,ptm,miss,miss5-20,False,51,824,False,,51.0,,91.0,0.11650485436893199,0.4293448097997759,0.011618599243799013,0.16425623399524245,2.5431376356046007,0.01990049751243781,0.009950248756218905,1.3107387489310491,0.1741299730641877,0.8753022105883395,1.2985329662344658,0.1691542288557214,0.0845771144278607,6.46492599881401,1.2713974988330818,0.6103455363595379,8.50916110726099,0.009950248756218905,0.004975124378109453,0.7053821797414292,0.0006483878354554029,0.3097481712530136,2.2751830593709026,0.06641140360748742,0.06641140360748742,0.08043206281769916,0.07444435016852183,0.06227559399949118,-0.04986689224895468,0.3389585889624712,0.10837649954138528,-0.03468753892829782,0.2241164947658432,-0.03468753892829782,0.2241164947658432,-0.052484129946373866,0.2531455746470793,200,-0.02368733725653759,0.0014996123747634425,-1.4020262411627615,0.23667498809564155,0.017920865842557043,8.130605332724453,0.0,0.0392156862745098,0.1348878522120231,1080.25,0.7183328856215623,0.6877310219327414,0.9862102128497165,0.031538396042892394,0.0011246497063839627,0.7183328856215623,icc,0.9862102128497165,unselected,1.0,2.550290214769042,True,-2.469858151951343,-2.211331625806571,0.1,-0.01956793718230085,5.50916110726099,0.0011246497063839627,0.031538396042892394,0.9684616039571076
plex,ptm|miss20+,ptm,miss,miss20+,False,119,824,False,,119.0,,61.0,0.4077669902912622,-0.019056258026487905,0.137406117626281,0.3975741935885439,-0.39354258444323076,0.7064676616915423,0.6517412935323383,0.05262623448071553,0.22170272575312017,1.5293517649080337,-0.11055435064186944,0.8855721393034826,0.5621890547263682,10.048096913043507,1.3304461339817761,1.7773491678365037,4.904861091348404,0.009950248756218905,0.004975124378109453,-0.06466143796482644,0.14824115238093688,0.4372540882089014,-0.4869081755595788,-0.0018965042028755554,-0.0018965042028755554,-0.017947768225421934,-0.018275777646765426,-0.0019001077652382463,-0.6088984463781101,0.8220882131831703,0.5256435048481826,-0.35557435314383434,0.4018813351299956,-0.35557435314383434,0.4018813351299956,-0.8630412240288544,0.4593056398858183,200,-0.023020248484535565,-5.240054210998067e-05,-1.7662047096565525,0.1818945631069027,0.0038488112660832437,7.883102859193019,0.058823529411764705,0.05042016806722689,0.07846969851541503,976.375,0.711410204358536,0.689823035832361,0.9875351248620503,-0.007280669763607293,-0.0002265404888418491,0.711410204358536,icc,0.9875351248620503,unselected,1.0,2.465125985405154,True,-2.483073753630576,-1.6430377722219838,0.05,-0.03205223177457807,1.9048610913484039,0.0,0.0,1.0
plex,ptm|miss<=5,ptm,miss,miss<=5,False,859,824,False,,860.0,,103.0,0.0,9.806385220398537,-0.4715286215467286,2.286346617783045,4.495343690236802,0.009950248756218905,0.004975124378109453,35.59518756047579,-2.010418834520419,10.324781373272307,3.642266604535143,0.009950248756218905,0.004975124378109453,137.17681726105178,10.423544421849375,12.475362665697356,10.160287619351312,0.009950248756218905,0.004975124378109453,15.894545842262161,-0.6803726808839159,4.245508484749279,3.9041067949072583,0.07148719015500031,0.07148719015500031,0.08108598390973065,0.07500419496373864,0.06671772729700953,-0.0020275186869498636,0.18136843820940632,0.05164042136140307,-0.006400811267689783,0.1596855948006345,-0.006400811267689783,0.1596855948006345,-0.0020332191357698,0.15352272812913095,200,-0.03807749583359198,-0.007434335058147576,-2.0541916509425833,0.20278161045353063,0.01768422375091846,5.592570468914816,0.037252619324796274,0.1490104772991851,0.150914399128931,2034.0,0.6990182591777431,0.6789334741663847,0.9925269508454145,0.03491382417126611,0.0006105220044545885,0.6990182591777431,icc,0.9925269508454145,unselected,1.0,2.3224606823925056,True,-2.241374698482775,-2.141092244183099,0.05,0.03108598390973065,7.160287619351312,0.0006105220044545885,0.03491382417126611,0.9650861758287339
plex,pinned_sig&ptm,pinned_sig&ptm,primary,miss0,True,236,236,False,236.0,825.0,0.28606060606060607,103.0,0.0,2.918222553854999,-0.4191569006665217,0.7379770786898625,4.52233484059749,0.009950248756218905,0.004975124378109453,10.804741685160447,-2.3022446215237147,3.397901948435502,3.8573762591116023,0.009950248756218905,0.004975124378109453,67.91857590513263,6.308463536770523,5.249586424353721,11.736184032049144,0.009950248756218905,0.004975124378109453,4.632213610926912,-0.6576121568478474,1.3064710417886485,4.048942225717169,0.042966486192689265,0.042966486192689265,0.05416934535953427,0.051385809687967465,0.04119642074937311,-0.002001741688873201,0.11426961593145589,0.02957283597576768,-0.007719159781691086,0.09560955895807104,-0.007719159781691086,0.09560955895807104,-0.002005769736525342,0.10255101086653723,200,-0.08635312614945387,-0.022000748751961535,-3.844130430136657,0.22784918499168846,0.023985272210188268,5.743736294384228,0.01694915254237288,0.1694915254237288,0.12911100236585366,2308.5,0.69623511605528,0.6800036006356899,0.9934014244143958,0.023633891090885317,0.0003598147848321161,0.69623511605528,icc,0.9934014244143958,table,0.35,0.8022069156081055,True,-0.7480375702485713,-0.6879372996766496,0.05,0.004169345359534268,8.736184032049144,0.0003598147848321161,0.0675254031168152,0.9324745968831848
plex,pinned_sig&ptm|depthT1,pinned_sig&ptm,depth,depthT1,True,79,236,False,79.0,300.0,0.2633333333333333,103.0,0.0,0.7640202919158359,-0.059848475699790064,0.17777433139397716,4.6343516589568665,0.009950248756218905,0.004975124378109453,3.70119271832644,-0.4672166397355799,0.97168847136355,4.289861906267735,0.009950248756218905,0.004975124378109453,25.049138444231584,2.339602220930081,1.7830236866175277,12.736530868180704,0.009950248756218905,0.004975124378109453,1.1392268592768817,-0.09202472231359712,0.31437909143432863,3.916455054224488,0.030500861082181353,0.030500861082181353,0.03627853776997354,0.03500848126030226,0.029598093736817307,0.008904437499473821,0.08898543425441327,0.02033933007652387,0.005502026260286236,0.07636128354610024,0.005502026260286236,0.07636128354610024,0.008825803169060578,0.08171407145100415,200,-0.06524280197063521,-0.0179773293377275,-3.3708320277579618,0.20334215341209466,0.016621045613899186,6.363741408036095,0.0,0.16455696202531644,0.09501096556144147,803.0,0.6821614260892713,0.6473654758912718,0.9809022708016613,0.016903211274314895,0.0007063269304865852,0.6821614260892713,icc,0.9809022708016613,table,0.35,0.7511879259762363,True,-0.7149093882062627,-0.662202491721823,0.1,-0.06372146223002646,9.736530868180704,0.0007063269304865852,0.048294889355185416,0.9517051106448146
plex,pinned_sig&ptm|depthT2,pinned_sig&ptm,depth,depthT2,True,78,236,False,78.0,271.0,0.2878228782287823,103.0,0.0,1.1638815569682146,-0.2554834718035494,0.33723533052728316,4.208826597594388,0.009950248756218905,0.004975124378109453,3.8294524530213834,-1.188160390165787,1.516457698977083,3.308772045914482,0.009950248756218905,0.004975124378109453,21.122001102295748,2.086093099845045,1.7706229366823427,10.750966571188062,0.009950248756218905,0.004975124378109453,1.9480228506779154,-0.42287377757634276,0.610926213297873,3.8808232101480735,0.05510280732073783,0.05510280732073783,0.07456250726726739,0.06938871099912855,0.05222505990734918,-0.016482222730110928,0.16271704212757276,0.04250526763495293,-0.025339866549265424,0.129046628187673,-0.025339866549265424,0.129046628187673,-0.016759232203719297,0.13994551504042074,200,-0.09952054924720781,-0.03318565834225521,-3.089236519448277,0.2488149290349511,0.026454285668230725,5.1142221710668085,0.0,0.1282051282051282,0.15575506291386837,2308.5,0.6765958058211492,0.6787970249307292,0.9930452168755469,0.03563993062218235,0.000522197839984451,0.6765958058211492,icc,0.9930452168755469,table,0.35,0.7322370467045984,True,-0.657674539437331,-0.5695200045770257,0.1,-0.025437492732732617,7.750966571188062,0.000522197839984451,0.10182837320623528,0.8981716267937647
plex,pinned_sig&ptm|depthT3,pinned_sig&ptm,depth,depthT3,True,79,236,False,79.0,254.0,0.3110236220472441,103.0,0.0,0.9903207049709487,-0.10382495316318233,0.36011620494490226,3.038312753244568,0.01990049751243781,0.009950248756218905,3.2740965138126246,-0.6468675916223477,1.7117864292762897,2.290568518581305,0.029850746268656716,0.014925373134328358,21.747436358605295,1.8827682159953962,2.0660724752359525,9.614700539651345,0.009950248756218905,0.004975124378109453,1.5449639009721143,-0.14271365695790753,0.6256510707687964,2.697474098232124,0.04553735385822092,0.04553735385822092,0.05507998675231721,0.05220456026453602,0.0435540190794522,-0.022958790054526397,0.14279807026869576,0.043646401745035195,-0.025562910048494206,0.12287349805445116,-0.025562910048494206,0.12287349805445116,-0.023500804714945825,0.12495213183088809,200,-0.09446270347226236,-0.014980839709956244,-3.27016277729929,0.23165586169312422,0.028911738683346823,4.9226262799123655,0.05063291139240506,0.21518987341772153,0.13690424521146644,6816.0,0.7135591984784819,0.7138330279748788,0.9973823368237059,0.022110506860215488,0.00014455926052537625,0.7135591984784819,icc,0.9973823368237059,table,0.35,0.8718929640640152,True,-0.816812977311698,-0.7290948937953194,0.1,-0.04492001324768279,6.614700539651345,0.00014455926052537625,0.06317287674347283,0.9368271232565272
plex,pinned_sig&ptm|miss<=5,pinned_sig&ptm,miss,miss<=5,True,243,236,False,243.0,860.0,0.28255813953488373,103.0,0.0,2.9083157623257074,-0.4433158416313201,0.7428033501419324,4.512138513264121,0.009950248756218905,0.004975124378109453,11.13860520320938,-2.310496266651538,3.4305889140299786,3.920347732384525,0.009950248756218905,0.004975124378109453,69.7230288245342,6.660477334924038,5.33585696603865,11.81863604871476,0.009950248756218905,0.004975124378109453,4.612444930505362,-0.7017027594937368,1.315067160360696,4.0409705680290395,0.04171241283342422,0.04171241283342422,0.05314773228782575,0.05046560008477562,0.040042157815867625,-0.0017129247077997598,0.11242303610290756,0.02943056083739356,-0.00764160963731635,0.09373591313509684,-0.00764160963731635,0.09373591313509684,-0.0017158752941214624,0.10106097267650836,200,-0.08481346300730869,-0.02153132873436405,-3.8498742190099247,0.2271396104509115,0.023563545962947775,5.810922064800808,0.01646090534979424,0.16872427983539096,0.12839886984440427,2304.25,0.6964484524432678,0.6799285099878934,0.9933414222300286,0.023164781727208445,0.0003562604969614926,0.6964484524432678,icc,0.9933414222300286,table,0.35,0.8030166879962515,True,-0.7498689557084257,-0.6905936518933439,0.05,0.0031477322878257497,8.81863604871476,0.0003562604969614926,0.06618509064916699,0.933814909350833
plex,secretion,secretion,primary,miss0,False,1350,1350,False,,1351.0,,103.0,0.0,18.20995602114397,-1.153432085324028,4.130580503349109,4.687812788243202,0.009950248756218905,0.004975124378109453,60.51887817336983,-5.15092665082811,17.448203680858114,3.7637000361385198,0.009950248756218905,0.004975124378109453,207.16982108326292,20.488961609668845,18.451209300756204,10.117540613771215,0.009950248756218905,0.004975124378109453,30.751659178967337,-2.0328988445036775,8.02667898662649,4.084448634123083,0.08789869067766037,0.08789869067766037,0.10372454980692299,0.09397684397349661,0.0807967611606441,0.02409769916199197,0.2518094810893095,0.07182433951217963,0.0157643417454859,0.2042387497023815,0.0157643417454859,0.2042387497023815,0.02353066064449993,0.20115614528251965,200,-0.04801217172655956,-0.011837845978561272,-2.2556893358991905,0.20629894715206606,0.011170162250486601,6.332514820216355,0.03185185185185185,0.14222222222222222,0.1923973824089726,2364.375,0.6951205264366553,0.6767414792701654,0.9944697751218449,0.04549352944997715,0.0005768099746896835,0.6951205264366553,icc,0.9944697751218449,unselected,1.0,2.2799846716877465,True,-2.1762601218808237,-2.028175190598437,0.05,0.05372454980692298,7.117540613771215,0.0005768099746896835,0.04549352944997715,0.9545064705500228
plex,secretion|depthT1,secretion,depth,depthT1,False,450,1350,False,,451.0,,103.0,0.0,4.7225311820114655,-0.35057514368009296,1.0145107197290468,5.000544821297178,0.009950248756218905,0.004975124378109453,18.757482848299933,-0.7181478243586522,4.597795221941275,4.235863002275167,0.009950248756218905,0.004975124378109453,68.84373999819205,7.176648743112428,5.863816100986684,10.516545913624936,0.009950248756218905,0.004975124378109453,7.965394434131045,-0.7501816151188235,1.9631387612943787,4.439612838933162,0.06859783013147581,0.06859783013147581,0.08226602264580914,0.07601275557435859,0.06419424426777642,0.026262621216257425,0.18487956762348554,0.07853504056006656,0.01670398314446901,0.14927844391292044,0.01670398314446901,0.14927844391292044,0.025590160604789358,0.15603228578668826,200,-0.03592883552915339,-0.008405691087311646,-2.3097733672091976,0.18174567773670136,0.005593095161387491,6.47572877111296,0.04,0.1288888888888889,0.16050360840883937,560.5,0.6933943338352219,0.6671780852108077,0.9830492986555498,0.03637645628935739,0.0014185115462388366,0.6933943338352219,icc,0.9830492986555498,unselected,1.0,2.2615183290923695,True,-2.1792523064465605,-2.076638761468884,0.05,0.032266022645809134,7.516545913624936,0.0014185115462388366,0.03637645628935739,0.9636235437106426
plex,secretion|depthT2,secretion,depth,depthT2,False,450,1350,False,,450.0,,103.0,0.0,6.208095966569452,-0.5542833622591793,1.6262654082159356,4.158226138651731,0.009950248756218905,0.004975124378109453,17.921074398402787,-3.0661510211287504,6.946738242291417,3.021162549606705,0.009950248756218905,0.004975124378109453,67.05720930046758,6.862740554273379,6.125663830031087,9.826603355393193,0.009950248756218905,0.004975124378109453,10.55796091513985,-1.0175289050550829,3.1485128683669523,3.6764943654808127,0.0925790982257021,0.0925790982257021,0.11234220468564536,0.10099608215206934,0.08473445847174477,0.007910360408059668,0.28286313570757193,0.07626563107131237,0.0008288825352928408,0.23642676732277834,0.0008288825352928408,0.23642676732277834,0.007837958752547497,0.2204919237409887,200,-0.06015754239949323,-0.015966956018290773,-2.31949473982036,0.20995086264064053,0.01219871465501841,5.601003871336798,0.03111111111111111,0.13111111111111112,0.2027997213065421,2364.375,0.6962971712175905,0.6818586862182391,0.993590503527352,0.049000120587910576,0.0007247019391850704,0.6962971712175905,icc,0.993590503527352,unselected,1.0,2.292692412544035,True,-2.18035020785839,-2.009829276836463,0.05,0.06234220468564536,6.826603355393193,0.0007247019391850704,0.049000120587910576,0.9509998794120894
plex,secretion|depthT3,secretion,depth,depthT3,False,450,1350,False,,450.0,,103.0,0.0,7.279328872563051,-0.2485735793847558,1.7075055356884667,4.408713350913122,0.009950248756218905,0.004975124378109453,23.84032092666711,-1.3666278053407075,7.093387500985954,3.553584056771768,0.009950248756218905,0.004975124378109453,71.26887178460328,6.4495723122830375,7.395374451080066,8.764843470887891,0.009950248756218905,0.004975124378109453,12.228303829696442,-0.26518832432977196,3.3391097214132324,3.74156382879761,0.10213896600697496,0.10213896600697496,0.1161367449699521,0.10405243398117733,0.09267340068469059,0.0026373180044767077,0.2997999451751006,0.08628182612578818,-0.001386161192351051,0.2611867704490008,-0.001386161192351051,0.2611867704490008,0.0026303272957594334,0.23062661471610346,200,-0.04795013725103203,-0.011140890830081398,-1.8600207350408464,0.22720030107885625,0.01571867693505391,6.205920653053067,0.024444444444444446,0.16666666666666666,0.21388881751153632,7104.166666666666,0.6967452408117876,0.6811876663814493,0.9986068812424405,0.05054791703741169,0.00016201798815791387,0.6967452408117876,icc,0.9986068812424405,unselected,1.0,2.297557481626723,True,-2.181420736656771,-1.9977575364516222,0.05,0.0661367449699521,5.764843470887891,0.00016201798815791387,0.05054791703741169,0.9494520829625883
plex,secretion|miss0-5,secretion,miss,miss0-5,False,41,1350,False,,42.0,,99.0,0.03883495145631066,0.3095139914164927,-0.09577582479316611,0.1478355832444484,2.74149029154575,0.009950248756218905,0.004975124378109453,0.7210624416919678,-0.44467879389573783,0.6599864198006122,1.766310943094687,0.08955223880597014,0.04477611940298507,5.687595840690909,0.8785223717111131,0.6348529746833381,7.575097953000127,0.009950248756218905,0.004975124378109453,0.5446339354529064,-0.17160210683089452,0.28262869403698815,2.534194359579306,0.0544191254241606,0.0544191254241606,0.084276070811544,0.07772565777317783,0.05161052575015599,-0.0476919894862646,0.26242104045405934,0.08214461351905317,-0.058889452990676244,0.16742324830455635,-0.058889452990676244,0.16742324830455635,-0.05008141756646254,0.20786684439303196,200,-0.04978303183513073,-0.016982995371484177,-1.8672666058083374,0.21499399589455276,0.030008546647739956,6.149263753623889,0.0,0.14634146341463414,0.14768370170946696,736.0,0.6478197095636566,0.636145560592763,0.9859232904792454,0.04581578895652128,0.0012032678199416379,0.6478197095636566,icc,0.9859232904792454,unselected,1.0,1.8394547541573742,True,-1.7551786833458303,-1.5770337137033148,0.1,-0.015723929188456012,4.575097953000127,0.0012032678199416379,0.04581578895652128,0.9541842110434787
plex,secretion|miss5-20,secretion,miss,miss5-20,False,54,1350,False,,54.0,,91.0,0.11650485436893199,0.20552038047602073,0.004470319500791113,0.1760149524790011,1.1422328509233628,0.27860696517412936,0.13930348258706468,0.832305042553444,0.037807515233270965,0.8430936996894511,0.9423597016711449,0.39800995024875624,0.19900497512437812,6.71333408373633,1.075758258507889,0.6342448691044693,8.888642383798063,0.009950248756218905,0.004975124378109453,0.3299416424923824,-0.01737385117016748,0.31999958188103744,1.0853623358535116,0.03061375732423518,0.03061375732423518,0.03566250232511647,0.034434482512451965,0.029704394208473556,-0.0760495825714248,0.18414909976559335,0.06726256965605684,-0.06015368955183325,0.15188901025304366,-0.06015368955183325,0.15188901025304366,-0.08231000843677422,0.1555076468287553,200,-0.03313075663000156,-0.0008474678782468087,-1.9853467219753245,0.22434629513017365,0.012616255614196152,7.20598821200354,0.05555555555555555,0.07407407407407407,0.13929956074488561,1190.5,0.6939967004140257,0.6469879171919106,0.9890226460991924,0.015724632950657715,0.00039582502034226746,0.6939967004140257,icc,0.9890226460991924,unselected,1.0,2.2679386181554597,True,-2.2322761158303432,-2.0837895183898665,0.1,-0.06433749767488353,5.888642383798063,0.00039582502034226746,0.015724632950657715,0.9842753670493423
plex,secretion|miss20+,secretion,miss,miss20+,False,99,1350,False,,99.0,,61.0,0.4077669902912622,0.18495202312043296,-0.14676889399261672,0.4530409859462551,0.7322095073146477,0.4975124378109453,0.24875621890547264,0.3555400569941716,-0.3583236303518463,1.4468229798098065,0.49340084952193636,0.6069651741293532,0.3034825870646766,11.844844245160111,2.0656838543902545,1.6553853496956288,5.907482745674851,0.009950248756218905,0.004975124378109453,0.3546017240592691,-0.15557239321396676,0.4982919062441127,1.0238458840696123,0.015614559321538204,0.015614559321538204,0.0339212063058243,0.03280830889137477,0.015374493382577353,-0.3567749191902083,0.46568120505073324,0.23544711301337184,-0.24255382490267097,0.3005564241850361,-0.24255382490267097,0.3005564241850361,-0.5012523974856067,0.31799299666923053,200,-0.0364004987005875,-0.010620818610583555,-1.8082630344726258,0.1771638842694743,-0.0004455961090985427,7.903410993864546,0.04040404040404041,0.0707070707070707,0.12883317894951943,601.0,0.710899059099596,0.687909565462791,0.9909757071080759,0.013794718861931453,0.0003089025278374009,0.710899059099596,icc,0.9909757071080759,unselected,1.0,2.4589994653268965,True,-2.425078259021072,-1.9933182602761632,0.1,-0.06607879369417571,2.9074827456748507,0.0003089025278374009,0.013794718861931453,0.9862052811380686
plex,secretion|miss<=5,secretion,miss,miss<=5,False,1391,1350,False,,1393.0,,103.0,0.0,18.51947001256046,-1.2492079101171942,4.203539538973651,4.70286474990656,0.009950248756218905,0.004975124378109453,61.2399406150618,-5.595605444723848,17.696845793466494,3.776692572213105,0.009950248756218905,0.004975124378109453,212.8574169239538,21.367483981379955,18.82816688365355,10.170397050645631,0.009950248756218905,0.004975124378109453,31.296293114420244,-2.204500951334572,8.16019524827297,4.105391237157585,0.08700410951231638,0.08700410951231638,0.10323612118348859,0.09357572617613605,0.08004027652788794,0.02558044093365391,0.24817390651357696,0.07013092211173978,0.017037063269966637,0.20011635879958287,0.017037063269966637,0.20011635879958287,0.024942325876027686,0.19882938018669286,200,-0.04806436817835783,-0.01198950027411112,-2.2917427344768635,0.20655523543275758,0.011725427354934759,6.381250324254416,0.030913012221423435,0.14234363767074049,0.1910794378304825,2264.0,0.6939859351905215,0.6755449065413562,0.9942918581910879,0.04552211143854134,0.0005926694608457064,0.6939859351905215,icc,0.9942918581910879,unselected,1.0,2.2678236558263776,True,-2.164587534642889,-2.0196497493128005,0.05,0.05323612118348858,7.170397050645631,0.0005926694608457064,0.04552211143854134,0.9544778885614587
plex,pinned_sig&secretion,pinned_sig&secretion,primary,miss0,True,381,381,False,381.0,1351.0,0.2820133234641007,103.0,0.0,4.05151557403486,-0.925005376895139,1.2108713362400625,4.1098676647040335,0.009950248756218905,0.004975124378109453,13.963263598980348,-4.741436735845755,5.569514872256026,3.358407467049181,0.009950248756218905,0.004975124378109453,104.10441224594548,12.520503282615477,7.741391758173857,11.83041910605155,0.009950248756218905,0.004975124378109453,6.505088271543881,-1.6197639358524987,2.1949863184343887,3.7015502735304375,0.038917808444691095,0.038917808444691095,0.054338376765754634,0.051537891404883525,0.037459949312980675,0.015676931498503778,0.12302822670711186,0.029311294935985704,0.004146962403711985,0.09701499157210375,0.004146962403711985,0.09701499157210375,0.01543485775808092,0.10955032703058878,200,-0.10742873254817961,-0.028427631123644933,-4.507854124629453,0.20671210643295013,0.016593867599756628,5.911886557474179,0.028871391076115485,0.15748031496062992,0.154520039330595,2530.0,0.6901458095101782,0.66643318793008,0.9942507273185082,0.024396255853866098,0.0003142126392389195,0.6901458095101782,icc,0.9942507273185082,table,0.35,0.7795635519620218,True,-0.7252251751962672,-0.6565353252549099,0.05,0.004338376765754631,8.83041910605155,0.0003142126392389195,0.06970358815390314,0.9302964118460969
plex,pinned_sig&secretion|depthT1,pinned_sig&secretion,depth,depthT1,True,127,381,False,127.0,506.0,0.2509881422924901,103.0,0.0,0.7241086061198765,-0.36245943767244215,0.334594482855902,3.2474176935555303,0.009950248756218905,0.004975124378109453,3.597700285944995,-1.878801500638591,1.8793722567784836,2.914005869157132,0.009950248756218905,0.004975124378109453,36.84243005848999,4.1204959684120475,2.738721209692935,11.947887931881432,0.009950248756218905,0.004975124378109453,1.0595839615297202,-0.6926924072851347,0.5861110735816183,2.989666033960103,0.019654203182860153,0.019654203182860153,0.033206106974030966,0.032138899247587956,0.01927536131514917,0.0018835441254043141,0.09443079698392316,0.024032593877201833,-0.008641059395612386,0.06826989558332557,-0.008641059395612386,0.06826989558332557,0.0018799937006196636,0.08628293770263203,200,-0.09037646072534239,-0.027092242520753665,-3.681188549437042,0.1819036648585952,0.01455242050032287,5.7423648360534845,0.023622047244094488,0.11811023622047244,0.11232144578313226,771.3333333333334,0.6948440844859416,0.6546343713742513,0.9839152995169592,0.014583185207390503,0.000542841731546724,0.6948440844859416,icc,0.9839152995169592,table,0.35,0.7969546622106221,True,-0.7637485552365911,-0.7025238652266989,0.05,-0.016793893025969037,8.947887931881432,0.000542841731546724,0.041666243449687154,0.9583337565503128
plex,pinned_sig&secretion|depthT2,pinned_sig&secretion,depth,depthT2,True,127,381,False,127.0,416.0,0.30528846153846156,103.0,0.0,1.9614179816732968,-0.3615918874058056,0.5512497269645574,4.214078947250817,0.009950248756218905,0.004975124378109453,6.6312273684668215,-1.5143009782089225,2.43881614721077,3.3399517860301353,0.009950248756218905,0.004975124378109453,31.914558308446527,3.515536584410813,2.480574185646039,11.44856779062203,0.009950248756218905,0.004975124378109453,3.2977141473446765,-0.6177233551325447,1.015763996532615,3.8546724591960877,0.0614584091284192,0.0614584091284192,0.0817989398245013,0.07561381030542647,0.05789996913669345,0.0012227777192840594,0.1875520578958018,0.04350593207828186,-0.009115894252040452,0.1495601616315638,-0.009115894252040452,0.1495601616315638,0.0012212709146834392,0.15793165131478812,200,-0.10502506992083874,-0.02846209039726147,-3.418535835715367,0.190253649725131,0.013634638209970977,4.810274912349539,0.023622047244094488,0.1732283464566929,0.1764405528423551,2530.0,0.6892837593725532,0.676437889616935,0.9937633451370311,0.03687343379846336,0.000513353363593652,0.6892837593725532,icc,0.9937633451370311,table,0.35,0.7764296944801636,True,-0.6946307546556624,-0.5888776365843619,0.05,0.0317989398245013,8.44856779062203,0.000513353363593652,0.10535266799560962,0.8946473320043904
plex,pinned_sig&secretion|depthT3,pinned_sig&secretion,depth,depthT3,True,127,381,False,127.0,429.0,0.29603729603729606,103.0,0.0,1.3659889862416865,-0.2009540518168912,0.46941801906809344,3.33805472821289,0.009950248756218905,0.004975124378109453,3.7343359445685307,-1.348334256998242,2.022746129165905,2.5127573491699877,0.009950248756218905,0.004975124378109453,35.34742387900897,4.884470729792616,2.919239395552859,10.435236382334152,0.009950248756218905,0.004975124378109453,2.1477901626694846,-0.3093481734348193,0.8654216397462517,2.8392383819114526,0.03864465458408915,0.03864465458408915,0.05143766037334718,0.04892126496123657,0.03720681025366069,-0.009743394901937331,0.1291505912900315,0.03957194707589693,-0.014347722313464118,0.1037682103055954,-0.014347722313464118,0.1037682103055954,-0.009839359148482132,0.11437822660071154,200,-0.12688466699835774,-0.029728560452919654,-5.088012026807251,0.2479790047151242,0.021594544088976035,6.151110685464862,0.03937007874015748,0.18110236220472442,0.17479811936629766,7554.0,0.6874608576264013,0.668227302799054,0.9987066898569879,0.02338501469639597,6.661099657116567e-05,0.6874608576264013,icc,0.9987066898569879,table,0.35,0.7698597313024614,True,-0.7184220709291143,-0.64070914001243,0.05,0.0014376603733471799,7.435236382334152,6.661099657116567e-05,0.0668143277039885,0.9331856722960115
plex,pinned_sig&secretion|miss<=5,pinned_sig&secretion,miss,miss<=5,True,392,381,False,392.0,1393.0,0.2814070351758794,103.0,0.0,4.223493683328285,-1.0113999969650325,1.239273415120359,4.224163623960981,0.009950248756218905,0.004975124378109453,14.352923965384294,-5.070342152338912,5.663175459029221,3.429748249589416,0.009950248756218905,0.004975124378109453,106.89793617883615,13.022185778022813,7.920005948909592,11.852989884905064,0.009950248756218905,0.004975124378109453,6.789947252669161,-1.7777438070272955,2.244744477417478,3.8167778764527216,0.03950959049632672,0.03950959049632672,0.05576406748220212,0.052818682885456485,0.03800791340218648,0.01724181856914943,0.12284872056447488,0.02904299505770208,0.005174340462931388,0.09728770764984919,0.005174340462931388,0.09728770764984919,0.016949576170321567,0.10940781340732668,200,-0.10689863146702332,-0.028785839251927528,-4.522471457041811,0.20772435419636892,0.01740609025348987,5.952497403686905,0.02806122448979592,0.16326530612244897,0.15394370427916695,2479.333333333333,0.6879915149959805,0.6653233154323015,0.9941345522718485,0.02528935580387999,0.00032901101986497044,0.6879915149959805,icc,0.9941345522718485,table,0.35,0.7717643648232551,True,-0.716000297341053,-0.6489156442587802,0.05,0.005764067482202116,8.852989884905064,0.00032901101986497044,0.07225530229679998,0.9277446977032
plex,splicing,splicing,primary,miss0,False,224,224,False,,224.0,,103.0,0.0,3.5323565305285256,0.26029065830612885,1.0591193220994204,3.0894213748611468,0.01990049751243781,0.009950248756218905,18.721183097653345,1.330475826605562,7.337429735522682,2.370136123669327,0.01990049751243781,0.009950248756218905,42.402031775762694,3.546822504477127,6.39077834237963,6.07988686035662,0.009950248756218905,0.004975124378109453,5.177910654316303,0.4232902540097905,1.738899862381623,2.73426923721445,0.08330630355660565,0.08330630355660565,0.0842117680894976,0.07767095927937413,0.07690004505937287,-0.07754237875748735,0.2990816084523088,0.3586210558318962,-0.05513457390827878,0.2686428183068779,-0.05513457390827878,0.2686428183068779,-0.08406072182714765,0.23020250062077402,200,0.022635784303286794,0.000869497548889393,0.667647121333829,0.21308860043994288,0.020372423673547402,4.143251286691159,0.022321428571428572,0.23214285714285715,0.06660220650095632,2045.0,0.6597637262765956,0.6345361586317182,0.9897883544481734,0.043427513573879466,0.0008688127347204524,0.6597637262765956,icc,0.9897883544481734,unselected,1.0,1.9391339996068486,True,-1.854922231517351,-1.6400523911545397,0.05,0.03421176808949759,3.07988686035662,0.0008688127347204524,0.043427513573879466,0.9565724864261206
plex,splicing|depthT1,splicing,depth,depthT1,False,75,224,False,,75.0,,103.0,0.0,1.009843930223199,0.011455356751594724,0.2702923239859661,3.6937363175857034,0.009950248756218905,0.004975124378109453,4.873866913930213,0.1741132193730673,1.8566054948679513,2.5313690536563933,0.009950248756218905,0.004975124378109453,14.687213494345105,2.1134894112060785,1.940422946552522,6.479888369429098,0.009950248756218905,0.004975124378109453,1.470901098751978,0.0044707533651642175,0.4422301103604154,3.3159893707637416,0.06875667263991299,0.06875667263991299,0.07940277413995527,0.07356176586003467,0.06433332712681794,-0.01251424097689945,0.23005575030780867,0.07631970075118771,-0.010527948732260676,0.18651371315580345,-0.010527948732260676,0.18651371315580345,-0.012674125533594547,0.18702865711059566,200,0.0011919359996030413,-0.007777140636860429,0.36953739846582057,0.2251592318760497,0.04398242756640045,4.524545130745457,0.02666666666666667,0.18666666666666668,0.06627477506256857,851.6666666666666,0.6419934534026996,0.6092689444463195,0.9772112229801541,0.04427882061635252,0.0018516898620078359,0.6419934534026996,icc,0.9772112229801541,unselected,1.0,1.7932450104741766,True,-1.7138422363342214,-1.563189260166368,0.1,-0.02059722586004474,3.479888369429098,0.0018516898620078359,0.04427882061635252,0.9557211793836475
plex,splicing|depthT2,splicing,depth,depthT2,False,74,224,False,,74.0,,103.0,0.0,1.0441927959003732,0.1656701768080763,0.3312316358452629,2.652290795987569,0.009950248756218905,0.004975124378109453,6.0493653315723295,0.706691592468509,2.237070766678182,2.388245297683245,0.009950248756218905,0.004975124378109453,12.85431230090903,1.0020303679091525,2.065708176277696,5.737636162314613,0.009950248756218905,0.004975124378109453,1.5129531851454125,0.2843665994708958,0.5527530065225064,2.2226683006282166,0.08123287901030148,0.08123287901030148,0.07412265621578394,0.06900762756175698,0.07512986386860285,-0.05645820104690378,0.3254326300347216,0.851252252587136,-0.03141032817727833,0.35623952051955643,-0.03141032817727833,0.35623952051955643,-0.04928976615997607,0.24631482631829546,200,0.02756163387018825,0.005317980265145878,0.7192920878181402,0.22423086180928217,0.012321515963052332,4.465908646385408,0.02702702702702703,0.24324324324324326,0.06705344652656912,2045.0,0.6822192445779021,0.6615699902379972,0.9898771791075043,0.034526662613743646,0.0007580035066824456,0.6822192445779021,icc,0.9898771791075043,unselected,1.0,2.1468236604565063,True,-2.0727010042407223,-1.8213910304217846,0.1,-0.025877343784216064,2.7376361623146126,0.0007580035066824456,0.034526662613743646,0.9654733373862564
plex,splicing|depthT3,splicing,depth,depthT3,False,75,224,False,,75.0,,103.0,0.0,1.4783198044049533,0.08316512474645782,0.5052194437553318,2.761482553577535,0.01990049751243781,0.009950248756218905,7.7979508521508,0.4496710147639855,3.567578503132555,2.059738792274527,0.04975124378109453,0.024875621890547265,14.860505980508558,0.43130272536189723,2.5709116379454056,5.61248509757342,0.009950248756218905,0.004975124378109453,2.194056370418912,0.13445290117373043,0.8316383915332144,2.476561315847964,0.09947977588003784,0.09947977588003784,0.09668965465302921,0.08816501025864049,0.09047895019297916,-0.18300473204647827,0.40847094044817667,6.597285631654747,-0.12442996665050199,0.40288773398975636,-0.12442996665050199,0.40288773398975636,-0.12102334261698854,0.29017451156274643,200,0.03921946103429443,0.005126966121266142,0.7231647271462094,0.1900242711194213,0.004705982055049498,3.068338172374281,0.013333333333333334,0.26666666666666666,0.06648441444740612,4765.6,0.655407904294019,0.6331299922989213,0.9951880494517186,0.050836266257521474,0.00046751549817857646,0.655407904294019,icc,0.9951880494517186,unselected,1.0,1.9019818285479122,True,-1.805292173894883,-1.4935108880997356,0.1,-0.0033103453469707916,2.61248509757342,0.00046751549817857646,0.050836266257521474,0.9491637337424785
plex,splicing|miss<=5,splicing,miss,miss<=5,False,225,224,False,,225.0,,103.0,0.0,3.532520843143831,0.2592918017471539,1.058541150805565,3.0922076471998303,0.01990049751243781,0.009950248756218905,18.726035881575946,1.2969937868425747,7.319231968875799,2.3812665275329965,0.01990049751243781,0.009950248756218905,42.5252845496334,3.6215450692480773,6.379937962957076,6.097824102094182,0.009950248756218905,0.004975124378109453,5.178138317416467,0.42171948038915824,1.7380166560620836,2.736693472089145,0.0830687173655675,0.0830687173655675,0.08413661733075789,0.0776070247843024,0.07669755024189233,-0.07770104475929232,0.2964562966061875,0.3994346870081619,-0.05355536819792461,0.26754203439412527,-0.05355536819792461,0.26754203439412527,-0.08424718722766826,0.228641596953927,200,0.022521078566696287,0.0006937156225572328,0.6743504938072739,0.21238659802161783,0.020472196102072075,4.124012549676138,0.022222222222222223,0.2311111111111111,0.06631597854126148,2044.0,0.6595892424337845,0.6345639055490542,0.9897705154168482,0.04342249357939963,0.0008695694774268443,0.6595892424337845,icc,0.9897705154168482,unselected,1.0,1.9376274920027563,True,-1.8534908746719985,-1.6411711953965689,0.05,0.03413661733075789,3.097824102094182,0.0008695694774268443,0.04342249357939963,0.9565775064206004
plex,pinned_sig&splicing,pinned_sig&splicing,primary,miss0,True,74,74,False,74.0,224.0,0.33035714285714285,103.0,0.0,1.1733402302637284,0.09074380371911502,0.39453160748890825,2.7440042977419727,0.01990049751243781,0.009950248756218905,6.241194586753861,0.7540937972817666,2.635341134030286,2.08212163450754,0.04975124378109453,0.024875621890547265,21.89093175993025,1.9962958284882282,2.5909854771365493,7.678405034299442,0.009950248756218905,0.004975124378109453,1.6803436181438565,0.13733109573869184,0.6467778151836326,2.3856917880942987,0.05359937361878044,0.05359937361878044,0.05441649851122174,0.051608162986879334,0.05087263238842251,-0.02072024122137381,0.1718599772415137,0.053269277203785895,-0.011740127727828393,0.15222371230120782,-0.011740127727828393,0.15222371230120782,-0.021161772513948893,0.14665474000066211,200,-0.009950193509232846,0.002140790156405687,-0.34270117167364944,0.23575190526492137,0.03088674024973242,4.2869425362674765,0.0,0.20270270270270271,0.06916420216678112,1967.875,0.6715293872778302,0.642674088713741,0.9895542579953012,0.026617183025500254,0.0005744209573700803,0.6715293872778302,icc,0.9895542579953012,table,0.35,0.7155443331730877,True,-0.661127834661866,-0.543684355931574,0.1,-0.045583501488778266,4.678405034299442,0.0005744209573700803,0.07604909435857216,0.9239509056414279
plex,pinned_sig&splicing|depthT1,pinned_sig&splicing,depth,depthT1,True,25,74,False,25.0,69.0,0.36231884057971014,103.0,0.0,0.30838376422000263,-0.008799830152170817,0.11585748621933982,2.737704784753277,0.01990049751243781,0.009950248756218905,1.9362233564637905,0.17941176513178259,0.7731122752582817,2.2723886912092963,0.01990049751243781,0.009950248756218905,7.5482316997562835,1.065358795650728,0.8252319982961983,7.855818627356079,0.009950248756218905,0.004975124378109453,0.4237908259047816,-0.01772640054506246,0.1884999044843106,2.3422676401758755,0.04085510043762431,0.04085510043762431,0.048926394063857626,0.046644258682729874,0.03925147738666689,-0.022400635461418694,0.14489810829981814,0.04203348448301208,-0.020401564431651174,0.11843138261050315,-0.020401564431651174,0.11843138261050315,-0.02291400839521701,0.12655743078703496,200,-0.024024796007497375,-0.006481750493763839,-0.5801627796989076,0.2627361339647113,0.055932127893921706,4.45309777569362,0.0,0.16,0.07391591566618025,876.0,0.6690636815274137,0.6267159248971857,0.9772112229801541,0.0242002684866532,0.0011409740888014845,0.6690636815274137,icc,0.9772112229801541,table,0.35,0.7076052867675593,True,-0.6586788927037017,-0.5627071784677411,0.1,-0.05107360593614238,4.855818627356079,0.0011409740888014845,0.06914362424758058,0.9308563757524194
plex,pinned_sig&splicing|depthT2,pinned_sig&splicing,depth,depthT2,True,24,74,False,24.0,79.0,0.3037974683544304,103.0,0.0,0.40790394078391823,0.040704717980775004,0.14136058319452793,2.597606875304385,0.009950248756218905,0.004975124378109453,2.276110029917297,0.34398223632337427,0.9211764465211681,2.097456791139876,0.009950248756218905,0.004975124378109453,6.775392252052494,0.6846660615760003,0.9177435035503444,6.636632312747694,0.009950248756218905,0.004975124378109453,0.5661938704780052,0.061162487772049634,0.2319896190931588,2.1769568167752924,0.06020373811720649,0.06020373811720649,0.06028824992614161,0.05686024524966792,0.05678506493867022,-0.04806150831232577,0.20347964256388779,0.09490668583532305,-0.03148141059200409,0.18228339068528426,-0.03148141059200409,0.18228339068528426,-0.05048815993933316,0.16906283126940105,200,0.007144358413470696,0.005425435744796675,0.04421977056230031,0.2360654844867652,0.0028682606347818452,4.462528569390122,0.0,0.2916666666666667,0.06498154112019272,1967.875,0.7012040025091465,0.6708449108174827,0.9893672349385301,0.025689938604456817,0.0006479199783401692,0.7012040025091465,icc,0.9893672349385301,table,0.35,0.8213677657637093,True,-0.7610795158375677,-0.6178881231998214,0.1,-0.039711750073858396,3.636632312747694,0.0006479199783401692,0.07339982458416235,0.9266001754158376
plex,pinned_sig&splicing|depthT3,pinned_sig&splicing,depth,depthT3,True,25,74,False,25.0,76.0,0.32894736842105265,103.0,0.0,0.45705252525980733,0.05883891589051084,0.17251179799600777,2.308326815876743,0.05970149253731343,0.029850746268656716,2.028861200372774,0.23069979582660977,1.189964976786972,1.5111044775463773,0.12935323383084577,0.06467661691542288,7.567307808121473,0.24627097126150022,0.9933021650219425,7.370402577042856,0.009950248756218905,0.004975124378109453,0.6903589217610694,0.09389500851170468,0.2866636711086139,2.0807098121037133,0.060398299745291734,0.060398299745291734,0.054393061835773006,0.05158708246910391,0.05695812579084618,-0.06474451364599809,0.23525004835895064,0.06811611514510447,-0.05162296725830275,0.23544274481753028,-0.05162296725830275,0.23544274481753028,-0.06922718401607976,0.19044727349163923,200,-0.01228636085676372,0.007610071041719866,-0.4145240041339604,0.2084666405121614,0.032739093035895686,2.760370908520353,0.0,0.16,0.06842784327210694,5085.0,0.642976063260902,0.631588263310704,0.9958451680054493,0.03020271854198236,0.0002269369183660156,0.642976063260902,icc,0.9958451680054493,table,0.45,0.8104196909319443,True,-0.7560266290961714,-0.5751696425729937,0.1,-0.045606938164227,4.370402577042856,0.0002269369183660156,0.06711715231551636,0.9328828476844836
plex,pinned_sig&splicing|miss<=5,pinned_sig&splicing,miss,miss<=5,True,74,74,False,74.0,225.0,0.3288888888888889,103.0,0.0,1.1733402302637284,0.09074380371911502,0.39453160748890825,2.7440042977419727,0.01990049751243781,0.009950248756218905,6.241194586753861,0.7540937972817666,2.635341134030286,2.08212163450754,0.04975124378109453,0.024875621890547265,21.89093175993025,1.9962958284882282,2.5909854771365493,7.678405034299442,0.009950248756218905,0.004975124378109453,1.6803436181438565,0.13733109573869184,0.6467778151836326,2.3856917880942987,0.05359937361878044,0.05359937361878044,0.05441649851122174,0.051608162986879334,0.05087263238842251,-0.02072024122137381,0.1718599772415137,0.053269277203785895,-0.011740127727828393,0.15222371230120782,-0.011740127727828393,0.15222371230120782,-0.021161772513948893,0.14665474000066211,200,-0.009950193509232846,0.002140790156405687,-0.34270117167364944,0.23575190526492137,0.03088674024973242,4.2869425362674765,0.0,0.20270270270270271,0.06916420216678112,1967.875,0.6715293872778302,0.642674088713741,0.9895542579953012,0.026617183025500254,0.0005744209573700803,0.6715293872778302,icc,0.9895542579953012,table,0.35,0.7155443331730877,True,-0.661127834661866,-0.543684355931574,0.1,-0.045583501488778266,4.678405034299442,0.0005744209573700803,0.07604909435857216,0.9239509056414279
plex,translation,translation,primary,miss0,False,1162,1162,False,,1163.0,,103.0,0.0,13.255788603729275,-0.029510825703765224,2.6895711860563813,4.939560439340066,0.009950248756218905,0.004975124378109453,51.963971774907165,0.5777668391197659,12.873461852824528,3.9916384204387807,0.009950248756218905,0.004975124378109453,184.65388192363002,15.194836815762587,16.968968207300456,9.98640830943169,0.009950248756218905,0.004975124378109453,21.153088908620376,0.09301122137214403,4.921528199990574,4.279174441647732,0.071787218690651,0.071787218690651,0.0783982904009427,0.0726988266754342,0.06697898373741559,0.00688384078498928,0.18548043199124944,0.045958602332818406,0.006047575214016355,0.16533815457226828,0.006047575214016355,0.16533815457226828,0.0068367723271975656,0.15646009707908437,200,-0.025118613684251032,-0.00387289227193395,-1.594688514309369,0.21080319256227759,0.019397066560052464,5.4756660355839815,0.03700516351118761,0.14716006884681584,0.12544147612364315,1910.625,0.6912453868354834,0.672281386758366,0.9916128171359273,0.03501771481805707,0.0006631023585622409,0.6912453868354834,icc,0.9916128171359273,unselected,1.0,2.238818004209578,True,-2.1604197138086354,-2.0533375722183287,0.05,0.028398290400942702,6.98640830943169,0.0006631023585622409,0.03501771481805707,0.964982285181943
plex,translation|depthT1,translation,depth,depthT1,False,387,1162,False,,388.0,,103.0,0.0,3.281201899541448,0.09878440661899869,0.677264571326189,4.698928052135936,0.009950248756218905,0.004975124378109453,15.630882139133696,1.4925983154548164,3.5728540921344862,3.9571399948304125,0.009950248756218905,0.004975124378109453,56.01278218246708,6.123942527550015,5.5200520022129576,9.03774812898808,0.009950248756218905,0.004975124378109453,5.292148371973264,0.24592363735709127,1.2487910280308687,4.040888043993407,0.058579520096905986,0.058579520096905986,0.06379016860154191,0.059964991672559295,0.05533785510184763,0.011209886263170703,0.1702720558496304,0.042302143165359574,0.01185399668091506,0.1483829078059404,0.01185399668091506,0.1483829078059404,0.011085488379364225,0.14549783605153194,200,-0.013999311062199505,-0.00273766012579707,-1.0651982116794014,0.18653945718243448,0.011164564072580327,5.618345212919723,0.046511627906976744,0.13953488372093023,0.10679499117040042,593.0,0.679333125742459,0.6492358681391861,0.9772426440198639,0.0301109914984078,0.0014855016650999519,0.679333125742459,icc,0.9772426440198639,unselected,1.0,2.1185010996703637,True,-2.0547109310688216,-1.9482290438207333,0.05,0.013790168601541905,6.037748128988079,0.0014855016650999519,0.0301109914984078,0.9698890085015922
plex,translation|depthT2,translation,depth,depthT2,False,387,1162,False,,387.0,,103.0,0.0,4.615775427973169,-0.09459105339316501,1.0686539971156785,4.407756387081057,0.009950248756218905,0.004975124378109453,16.94138347844147,-1.058479780412527,5.188831338365065,3.468962871420971,0.009950248756218905,0.004975124378109453,59.42628530283069,3.985796802757039,5.458630113174221,10.156483833969604,0.009950248756218905,0.004975124378109453,7.397237941479352,-0.11495128872767385,1.9175741029208861,3.9175483329506346,0.07767228600023739,0.07767228600023739,0.08496257173780271,0.0783092190928916,0.07207412402569688,-0.004674045845401637,0.22914122099483306,0.05796290415536509,-0.006057302645799911,0.20776521030266254,-0.006057302645799911,0.20776521030266254,-0.004696059339396478,0.18642347544681445,200,-0.03233313551932675,-0.007641852000128433,-1.545595211931307,0.19981276197698608,0.01644095373414,4.600931247649944,0.031007751937984496,0.13178294573643412,0.13175014595880566,1908.25,0.70157397492756,0.6875276166417461,0.9908922108797664,0.03614022678971592,0.0007809337665633531,0.70157397492756,icc,0.9908922108797664,unselected,1.0,2.3509141830283062,True,-2.2659516112905034,-2.1217729620334733,0.05,0.034962571737802706,7.156483833969604,0.0007809337665633531,0.03614022678971592,0.963859773210284
plex,translation|depthT3,translation,depth,depthT3,False,388,1162,False,,388.0,,103.0,0.0,5.358811276214659,-0.0337041789295989,1.182866346073957,4.558854407382979,0.009950248756218905,0.004975124378109453,19.391706157332,0.1436483040774765,5.532183368252471,3.479287755303505,0.009950248756218905,0.004975124378109453,69.21481443833224,5.085097485455528,7.250535224224562,8.844825239744328,0.009950248756218905,0.004975124378109453,8.463702595167764,-0.037961127257272985,2.2084444442140305,3.8496162965288976,0.0774228945017133,0.0774228945017133,0.08408762288950604,0.07756533799858403,0.07185933666048544,0.008305387066512987,0.18578371976226632,0.04799698555641588,0.007154522874582405,0.1658345685063689,0.007154522874582405,0.1658345685063689,0.008236970361445503,0.15667114830175163,200,-0.029013330603219176,-0.00124595264756206,-1.6334900746529124,0.24596649727492478,0.030556845236031447,5.706051437556702,0.03350515463917526,0.17010309278350516,0.13774749274915093,5790.666666666666,0.6925441954193627,0.6800605742345373,0.9976605495157452,0.03733079841223872,0.00019718012322344775,0.6925441954193627,icc,0.9976605495157452,unselected,1.0,2.252499985693805,True,-2.168412362804299,-2.0667162659315386,0.05,0.034087622889506036,5.844825239744328,0.00019718012322344775,0.03733079841223872,0.9626692015877613
plex,translation|miss0-5,translation,miss,miss0-5,False,36,1162,False,,36.0,,99.0,0.03883495145631066,-0.1306790712265834,-0.10412444611554539,0.09383198962633156,-0.2830018335621664,0.8159203980099502,0.5970149253731343,-0.9070212746280248,-0.5761206787652045,0.6465164854027572,-0.5118208171546946,0.5970149253731343,0.7064676616915423,4.279377574554093,0.692158451827732,0.579286149133168,6.192482123203193,0.009950248756218905,0.004975124378109453,-0.22458715140410618,-0.1802062534895517,0.1666161663754647,-0.2663660968800796,-0.030536934156879116,-0.030536934156879116,-0.007402565665087094,-0.007457772314359408,-0.03149881128304956,-0.12078731771759262,0.19520912899320297,0.18787471999247798,-0.12616535443690058,0.11158796588321211,-0.12616535443690058,0.11158796588321211,-0.13738127639349337,0.16320123257199312,200,-0.05343709599869902,-0.01810438434543626,-1.7896340529143258,0.2142699004296413,0.018382946027902664,5.295349451990068,0.027777777777777776,0.08333333333333333,0.06825960669664319,909.8333333333333,0.6770450516695035,0.6270546629968473,0.9848138489444989,-0.0035310725718859805,-0.00011414997921562973,0.6770450516695035,icc,0.9848138489444989,unselected,1.0,2.096407115510886,True,-2.103809681175973,-1.901197986517683,0.1,-0.09259743433491291,3.1924821232031926,0.0,0.0,1.0
plex,translation|miss5-20,translation,miss,miss5-20,False,63,1162,False,,63.0,,91.0,0.11650485436893199,0.47791833832226904,0.02773926557740844,0.1758809049496631,2.559567639669021,0.01990049751243781,0.009950248756218905,1.6291227307386515,0.335222192105476,0.9058472025653638,1.4283871882242865,0.15920398009950248,0.07960199004975124,7.370381696183806,1.4039686785201382,0.7209830177598808,8.275386341555615,0.009950248756218905,0.004975124378109453,0.780154035462701,0.025891990813403654,0.3198586728163568,2.3581103429462056,0.06484309198935014,0.06484309198935014,0.07545221415481929,0.07015859297301831,0.060894504060884355,-0.049138465768574384,0.3121699965728079,0.10817347365596114,-0.03259625457527058,0.2349746199194341,-0.03259625457527058,0.2349746199194341,-0.05167784013504392,0.23790102480140468,200,-0.021631799016508975,0.0029932398367137248,-1.6034596690348186,0.25470084324199194,0.01439349383911383,7.3185731355880135,0.015873015873015872,0.047619047619047616,0.1200328597407742,1099.25,0.7194834344539093,0.7007257446084446,0.9877269732104859,0.029417766919988653,0.0009375334184104716,0.7194834344539093,icc,0.9877269732104859,unselected,1.0,2.564851858403683,True,-2.4893996442488637,-2.252681861830875,0.1,-0.02454778584518072,5.275386341555615,0.0009375334184104716,0.029417766919988653,0.9705822330800113
plex,translation|miss20+,translation,miss,miss20+,False,131,1162,False,,131.0,,62.0,0.3980582524271845,-0.0044700996196867515,0.24507283518430426,0.41664819061607766,-0.5989296015782617,0.527363184079602,0.7412935323383084,0.014552650478646179,0.5222585233714367,1.6668453126961176,-0.30459087536537977,0.8159203980099502,0.5970149253731343,10.826863192483867,1.3677217366694747,1.8492764413861944,5.115049996918761,0.009950248756218905,0.004975124378109453,-0.17306134941919657,0.2470298280445212,0.45852156431403523,-0.9161863043283238,-0.0004128711650101893,-0.0004128711650101893,-0.0263811399765674,-0.027095962352180064,-0.00041304169801724747,-0.6538471279720429,0.3870913366654337,0.2807656926672448,-0.32150110832508255,0.3058762699151031,-0.32150110832508255,0.3058762699151031,-0.6305554248463091,0.28498550331475053,200,-0.019614259263262494,0.0023271793258131234,-1.7488514438188172,0.196448441450859,0.009355998827214444,8.38703113969306,0.06870229007633588,0.03816793893129771,0.07865857307356737,880.125,0.7113190815569783,0.6877221754104028,0.9861098876006456,-0.010706491524646882,-0.00037159854505588704,0.7113190815569783,icc,0.9861098876006456,unselected,1.0,2.464032210349832,True,-2.4904133503263997,-2.0769408736843986,0.05,-0.0236188600234326,2.115049996918761,0.0,0.0,1.0
plex,translation|miss<=5,translation,miss,miss<=5,False,1198,1162,False,,1199.0,,103.0,0.0,13.125109532502693,-0.1336352718193108,2.7174954678344934,4.879031064176006,0.009950248756218905,0.004975124378109453,51.05695050027914,0.0016461603545612036,13.018237277125191,3.9218292963238333,0.009950248756218905,0.004975124378109453,188.9332594981841,15.886995267590319,17.21456727886488,10.052315659601312,0.009950248756218905,0.004975124378109453,20.92850175721627,-0.08719503211740776,4.969790551351685,4.228688628259761,0.06946955537295879,0.06946955537295879,0.0766196534971364,0.07116687239384506,0.06495702007032123,0.005791133426838813,0.18149177587970844,0.045083805648443796,0.004420149104958073,0.16049312414514325,0.004420149104958073,0.16049312414514325,0.005757788856024523,0.15361227825281346,200,-0.025969586441613412,-0.004300549796680262,-1.6576226638226537,0.21090736742306648,0.019366592153410238,5.522362230384631,0.03672787979966611,0.14524207011686144,0.12372315617425081,1874.0,0.6905093660689584,0.6709223199341466,0.9914371945984305,0.03434140983112655,0.0006617455814711494,0.6905093660689584,icc,0.9914371945984305,unselected,1.0,2.231115550407295,True,-2.1544958969101584,-2.0496237745275865,0.05,0.026619653497136395,7.052315659601312,0.0006617455814711494,0.03434140983112655,0.9656585901688735
plex,pinned_sig&translation,pinned_sig&translation,primary,miss0,True,306,306,False,306.0,1163.0,0.26311263972484955,103.0,0.0,3.7844673707473993,-0.3948664115822092,0.8435570100546875,4.954417700895715,0.009950248756218905,0.004975124378109453,14.790774707742075,-1.827488029808214,3.9909493529224007,4.163987379439293,0.009950248756218905,0.004975124378109453,89.97455206282291,9.213755353477502,6.786932995951196,11.899453959177727,0.009950248756218905,0.004975124378109453,5.885764464639269,-0.6276210179647186,1.4828376333179496,4.392514282248048,0.04206153055482812,0.04206153055482812,0.051749536317365084,0.049203288929950795,0.04036376866578422,0.004624560262571728,0.09816715248635702,0.024030055907902602,-6.350364856951354e-05,0.08289516908256027,-6.350364856951354e-05,0.08289516908256027,0.004603238232098073,0.08939180240982691,200,-0.07188798674164817,-0.017004912909599147,-3.7643461452288984,0.23166311208737433,0.029719706173221366,5.775164352629302,0.02287581699346405,0.16993464052287582,0.11106005821497136,2325.375,0.6890844897199031,0.6677564580266468,0.9931861004183887,0.02334943498352731,0.0003550353188721917,0.6890844897199031,icc,0.9931861004183887,table,0.35,0.7757077515518371,True,-0.723958215234472,-0.6775405990654801,0.05,0.0017495363173650816,8.899453959177727,0.0003550353188721917,0.0667126713815066,0.9332873286184934
plex,pinned_sig&translation|depthT1,pinned_sig&translation,depth,depthT1,True,102,306,False,102.0,477.0,0.2138364779874214,103.0,0.0,1.04677118946003,-0.029887018593155738,0.2135739007634885,5.041150647173297,0.009950248756218905,0.004975124378109453,5.625288297338341,0.05609260356891399,1.2098803976031234,4.603096062059093,0.009950248756218905,0.004975124378109453,31.121180889184277,3.0524883335544906,2.135536902255083,13.143623285549326,0.009950248756218905,0.004975124378109453,1.5407032092140447,-0.049768765768082195,0.3757140557341767,4.233197961876117,0.033635330008438734,0.033635330008438734,0.038357975025710214,0.036940993326276,0.032540809153808754,0.016456134401436676,0.08117263778388485,0.018755666535218856,0.013604517400146192,0.07149906028150035,0.013604517400146192,0.07149906028150035,0.01618971411070434,0.0750781714546942,200,-0.0497249648573391,-0.009843673274693763,-2.9685648316107014,0.18517928827803493,0.016593692769432705,5.745531185095768,0.0196078431372549,0.17647058823529413,0.0862523463870025,764.0,0.67977306182303,0.6460299333909091,0.9798464092589592,0.018069643513396016,0.0007889511284813241,0.67977306182303,icc,0.9798464092589592,table,0.35,0.7429748821024427,True,-0.7046169070767324,-0.6618022443185578,0.05,-0.011642024974289789,10.143623285549326,0.0007889511284813241,0.0516275528954172,0.9483724471045828
plex,pinned_sig&translation|depthT2,pinned_sig&translation,depth,depthT2,True,102,306,False,102.0,351.0,0.2905982905982906,103.0,0.0,1.540319588127263,-0.24487410371495075,0.39436499959216015,4.52675489378724,0.009950248756218905,0.004975124378109453,5.001917887150073,-0.9667929555890131,1.74059219417747,3.429126513783802,0.01990049751243781,0.009950248756218905,28.4599723306809,2.698142496339119,2.282436775346507,11.286985082174185,0.009950248756218905,0.004975124378109453,2.542863053505915,-0.3842011780721363,0.7221490064008589,4.053269070003071,0.05412231502652383,0.05412231502652383,0.06929607498076333,0.06480532062367288,0.05134348666659429,-0.00654399487100712,0.13982774166817882,0.035626726727580875,-0.015108159073286357,0.11428612535800951,-0.015108159073286357,0.11428612535800951,-0.0065881839631885064,0.12267429004151567,200,-0.09254942393114599,-0.024375964553848144,-3.468182364430856,0.2368447029369333,0.02766681367760188,4.923179792536472,0.00980392156862745,0.13725490196078433,0.14472997269422747,2325.375,0.6932971309767231,0.679747686448131,0.9929228202822569,0.03065540597104504,0.0004939163108706216,0.6932971309767231,icc,0.9929228202822569,table,0.35,0.7911696314240774,True,-0.7218735564433141,-0.6513418897558986,0.05,0.019296074980763328,8.286985082174185,0.0004939163108706216,0.08758687420298583,0.9124131257970142
plex,pinned_sig&translation|depthT3,pinned_sig&translation,depth,depthT3,True,102,306,False,102.0,335.0,0.3044776119402985,103.0,0.0,1.1973765931601066,-0.12010528927410259,0.38432890151302496,3.4280062655906183,0.009950248756218905,0.004975124378109453,4.163568523253661,-0.9167876777881143,1.8895802717197816,2.688616237730902,0.009950248756218905,0.004975124378109453,30.393398842957733,3.463124523583892,2.792646890865578,9.643279430514335,0.009950248756218905,0.004975124378109453,1.802198201919309,-0.1936510741245,0.6529360171989282,3.0567302514661847,0.03939594249879504,0.03939594249879504,0.04892196294808638,0.04664023128144533,0.03790272877541151,-0.012772366021690948,0.12728598965966156,0.03276535026377364,-0.015601759026300706,0.1024872699161,-0.015601759026300706,0.1024872699161,-0.01293771179794108,0.11291366228102911,200,-0.07338957143645942,-0.016795100900255537,-2.9443023308759266,0.2729653450471548,0.044898612072629504,5.62259495303785,0.0392156862745098,0.19607843137254902,0.102197855563684,7586.0,0.6922493400826681,0.677491754240901,0.9981808608247003,0.021749051259372654,8.915805023339942e-05,0.6922493400826681,icc,0.9981808608247003,table,0.35,0.7872843200206855,True,-0.7383623570725991,-0.659998330361024,0.05,-0.0010780370519136231,6.643279430514335,8.915805023339942e-05,0.06214014645535044,0.9378598535446495
plex,pinned_sig&translation|miss<=5,pinned_sig&translation,miss,miss<=5,True,312,306,False,312.0,1199.0,0.2602168473728107,103.0,0.0,3.7723595964131773,-0.41954560965214704,0.8482683430348816,4.941720671866389,0.009950248756218905,0.004975124378109453,14.87839870990738,-1.9056328024139235,4.022714671024487,4.172314689186449,0.009950248756218905,0.004975124378109453,91.48663206104756,9.549660877511572,6.8584103830015755,11.946933269933078,0.009950248756218905,0.004975124378109453,5.863162311464432,-0.6725158793082419,1.4910830082540727,4.383175285744406,0.04123399792328066,0.04123399792328066,0.051160119119800035,0.048670148523746785,0.039601086792710384,0.00485684106356429,0.09834220495517951,0.02400140367927177,-7.339520110944187e-05,0.08290026209581698,-7.339520110944187e-05,0.08290026209581698,0.004833360313304851,0.08953694100750088,200,-0.07201906885431905,-0.017029036410184245,-3.803141535740689,0.23062144874828142,0.029324543848080323,5.7989446106109614,0.022435897435897436,0.16987179487179488,0.11126594300346661,2308.5,0.6890844897199031,0.6675035199918771,0.9931168309742802,0.023083489440589185,0.0003545844117172803,0.6890844897199031,icc,0.9931168309742802,table,0.35,0.7757077515518371,True,-0.7245476324320371,-0.6773655465966576,0.05,0.0011601191198000321,8.946933269933078,0.0003545844117172803,0.06595282697311196,0.934047173026888
