slide_submitter_id	case_submitter_id	disease_type	embedding_medium
C3L-00001-21	C3L-00001	Lung Adenocarcinoma	FFPE
C3L-00001-26	C3L-00001	Lung Adenocarcinoma	FFPE
C3L-00004-21	C3L-00004	Clear Cell Renal Cell Carcinoma	FFPE
C3L-00004-26	C3L-00004	Clear Cell Renal Cell Carcinoma	FFPE
C3L-00006-21	C3L-00006	Uterine Corpus Endometrial Carcinoma	FFPE
C3L-00006-26	C3L-00006	Uterine Corpus Endometrial Carcinoma	FFPE
C3L-00008-21	C3L-00008	Uterine Corpus Endometrial Carcinoma	FFPE
C3L-00008-26	C3L-00008	Uterine Corpus Endometrial Carcinoma	FFPE
C3L-00009-21	C3L-00009	Lung Adenocarcinoma	FFPE
C3L-00009-26	C3L-00009	Lung Adenocarcinoma	FFPE
C3L-00010-21	C3L-00010	Clear Cell Renal Cell Carcinoma	FFPE
C3L-00010-26	C3L-00010	Clear Cell Renal Cell Carcinoma	FFPE
C3L-00011-21	C3L-00011	Clear Cell Renal Cell Carcinoma	FFPE
C3L-00011-26	C3L-00011	Clear Cell Renal Cell Carcinoma	FFPE
C3L-00016-21	C3L-00016	Glioblastoma	OCT
C3L-00016-22	C3L-00016	Glioblastoma	OCT
C3L-00016-23	C3L-00016	Glioblastoma	OCT
C3L-00016-24	C3L-00016	Glioblastoma	OCT
C3L-00017-21	C3L-00017	Pancreatic Ductal Adenocarcinoma	OCT
C3L-00017-22	C3L-00017	Pancreatic Ductal Adenocarcinoma	OCT
C3L-00017-23	C3L-00017	Pancreatic Ductal Adenocarcinoma	OCT
C3L-00017-24	C3L-00017	Pancreatic Ductal Adenocarcinoma	OCT
C3L-00017-25	C3L-00017	Pancreatic Ductal Adenocarcinoma	OCT
C3L-00017-26	C3L-00017	Pancreatic Ductal Adenocarcinoma	OCT
C3L-00019-21	C3L-00019	Glioblastoma	OCT
C3L-00019-22	C3L-00019	Glioblastoma	OCT
C3L-00019-23	C3L-00019	Glioblastoma	OCT
C3L-00026-21	C3L-00026	Clear Cell Renal Cell Carcinoma	FFPE
C3L-00026-26	C3L-00026	Clear Cell Renal Cell Carcinoma	FFPE
C3L-00032-21	C3L-00032	Uterine Corpus Endometrial Carcinoma	FFPE
C3L-00032-26	C3L-00032	Uterine Corpus Endometrial Carcinoma	FFPE
C3L-00079-21	C3L-00079	Clear Cell Renal Cell Carcinoma	FFPE
C3L-00079-26	C3L-00079	Clear Cell Renal Cell Carcinoma	FFPE
C3L-00080-21	C3L-00080	Lung Adenocarcinoma	FFPE
C3L-00080-26	C3L-00080	Lung Adenocarcinoma	FFPE
C3L-00083-21	C3L-00083	Lung Adenocarcinoma	FFPE
C3L-00083-26	C3L-00083	Lung Adenocarcinoma	FFPE
C3L-00086-21	C3L-00086	Uterine Corpus Endometrial Carcinoma	FFPE
C3L-00086-26	C3L-00086	Uterine Corpus Endometrial Carcinoma	FFPE
C3L-00088-21	C3L-00088	Clear Cell Renal Cell Carcinoma	FFPE
C3L-00088-22	C3L-00088	Clear Cell Renal Cell Carcinoma	FFPE
C3L-00088-26	C3L-00088	Clear Cell Renal Cell Carcinoma	FFPE
C3L-00090-21	C3L-00090	Uterine Corpus Endometrial Carcinoma	FFPE
C3L-00090-26	C3L-00090	Uterine Corpus Endometrial Carcinoma	FFPE
C3L-00093-21	C3L-00093	Lung Adenocarcinoma	FFPE
C3L-00093-26	C3L-00093	Lung Adenocarcinoma	FFPE
C3L-00094-21	C3L-00094	Lung Adenocarcinoma	FFPE
C3L-00094-26	C3L-00094	Lung Adenocarcinoma	FFPE
C3L-00095-21	C3L-00095	Lung Adenocarcinoma	FFPE
C3L-00095-22	C3L-00095	Lung Adenocarcinoma	FFPE
C3L-00095-23	C3L-00095	Lung Adenocarcinoma	FFPE
C3L-00095-26	C3L-00095	Lung Adenocarcinoma	FFPE
C3L-00096-21	C3L-00096	Clear Cell Renal Cell Carcinoma	FFPE
C3L-00096-26	C3L-00096	Clear Cell Renal Cell Carcinoma	FFPE
C3L-00097-21	C3L-00097	Clear Cell Renal Cell Carcinoma	FFPE
C3L-00097-26	C3L-00097	Clear Cell Renal Cell Carcinoma	FFPE
C3L-00098-21	C3L-00098	Uterine Corpus Endometrial Carcinoma	FFPE
C3L-00098-22	C3L-00098	Uterine Corpus Endometrial Carcinoma	FFPE
C3L-00098-26	C3L-00098	Uterine Corpus Endometrial Carcinoma	FFPE
C3L-00102-21	C3L-00102	Pancreatic Ductal Adenocarcinoma	FFPE
C3L-00102-22	C3L-00102	Pancreatic Ductal Adenocarcinoma	FFPE
C3L-00102-26	C3L-00102	Pancreatic Ductal Adenocarcinoma	FFPE
C3L-00103-21	C3L-00103	Clear Cell Renal Cell Carcinoma	FFPE
C3L-00103-22	C3L-00103	Clear Cell Renal Cell Carcinoma	FFPE
C3L-00103-23	C3L-00103	Clear Cell Renal Cell Carcinoma	FFPE
C3L-00103-26	C3L-00103	Clear Cell Renal Cell Carcinoma	FFPE
C3L-00104-21	C3L-00104	Glioblastoma	FFPE
C3L-00136-21	C3L-00136	Uterine Corpus Endometrial Carcinoma	FFPE
C3L-00136-22	C3L-00136	Uterine Corpus Endometrial Carcinoma	FFPE
C3L-00136-23	C3L-00136	Uterine Corpus Endometrial Carcinoma	FFPE
C3L-00136-26	C3L-00136	Uterine Corpus Endometrial Carcinoma	FFPE
C3L-00137-22	C3L-00137	Uterine Corpus Endometrial Carcinoma	FFPE
C3L-00137-23	C3L-00137	Uterine Corpus Endometrial Carcinoma	FFPE
C3L-00137-26	C3L-00137	Uterine Corpus Endometrial Carcinoma	FFPE
C3L-00139-21	C3L-00139	Uterine Corpus Endometrial Carcinoma	FFPE
C3L-00139-22	C3L-00139	Uterine Corpus Endometrial Carcinoma	FFPE
C3L-00139-26	C3L-00139	Uterine Corpus Endometrial Carcinoma	FFPE
C3L-00140-21	C3L-00140	Lung Adenocarcinoma	FFPE
C3L-00140-22	C3L-00140	Lung Adenocarcinoma	FFPE
C3L-00140-26	C3L-00140	Lung Adenocarcinoma	FFPE
C3L-00143-21	C3L-00143	Uterine Corpus Endometrial Carcinoma	FFPE
C3L-00143-22	C3L-00143	Uterine Corpus Endometrial Carcinoma	FFPE
C3L-00143-26	C3L-00143	Uterine Corpus Endometrial Carcinoma	FFPE
C3L-00144-21	C3L-00144	Lung Adenocarcinoma	FFPE
C3L-00144-26	C3L-00144	Lung Adenocarcinoma	FFPE
C3L-00145-21	C3L-00145	Uterine Corpus Endometrial Carcinoma	FFPE
C3L-00145-22	C3L-00145	Uterine Corpus Endometrial Carcinoma	FFPE
C3L-00145-26	C3L-00145	Uterine Corpus Endometrial Carcinoma	FFPE
C3L-00156-21	C3L-00156	Uterine Corpus Endometrial Carcinoma	FFPE
C3L-00156-22	C3L-00156	Uterine Corpus Endometrial Carcinoma	FFPE
C3L-00156-26	C3L-00156	Uterine Corpus Endometrial Carcinoma	FFPE
C3L-00157-22	C3L-00157	Uterine Corpus Endometrial Carcinoma	FFPE
C3L-00157-26	C3L-00157	Uterine Corpus Endometrial Carcinoma	FFPE
C3L-00161-21	C3L-00161	Uterine Corpus Endometrial Carcinoma	FFPE
C3L-00161-22	C3L-00161	Uterine Corpus Endometrial Carcinoma	FFPE
C3L-00161-23	C3L-00161	Uterine Corpus Endometrial Carcinoma	FFPE
C3L-00161-24	C3L-00161	Uterine Corpus Endometrial Carcinoma	FFPE
C3L-00161-25	C3L-00161	Uterine Corpus Endometrial Carcinoma	FFPE
C3L-00161-27	C3L-00161	Uterine Corpus Endometrial Carcinoma	FFPE
C3L-00161-28	C3L-00161	Uterine Corpus Endometrial Carcinoma	FFPE
C3L-00165-21	C3L-00165	Clear Cell Renal Cell Carcinoma	FFPE
C3L-00165-22	C3L-00165	Clear Cell Renal Cell Carcinoma	FFPE
C3L-00165-23	C3L-00165	Clear Cell Renal Cell Carcinoma	FFPE
C3L-00165-24	C3L-00165	Clear Cell Renal Cell Carcinoma	FFPE
C3L-00165-25	C3L-00165	Clear Cell Renal Cell Carcinoma	FFPE
C3L-00165-26	C3L-00165	Clear Cell Renal Cell Carcinoma	FFPE
C3L-00183-21	C3L-00183	Clear Cell Renal Cell Carcinoma	FFPE
C3L-00183-22	C3L-00183	Clear Cell Renal Cell Carcinoma	FFPE
C3L-00183-23	C3L-00183	Clear Cell Renal Cell Carcinoma	FFPE
C3L-00183-24	C3L-00183	Clear Cell Renal Cell Carcinoma	FFPE
C3L-00183-25	C3L-00183	Clear Cell Renal Cell Carcinoma	FFPE
C3L-00183-26	C3L-00183	Clear Cell Renal Cell Carcinoma	FFPE
C3L-00189-21	C3L-00189	Pancreatic Ductal Adenocarcinoma	FFPE
C3L-00189-22	C3L-00189	Pancreatic Ductal Adenocarcinoma	FFPE
C3L-00189-23	C3L-00189	Pancreatic Ductal Adenocarcinoma	FFPE
C3L-00189-24	C3L-00189	Pancreatic Ductal Adenocarcinoma	FFPE
C3L-00263-21	C3L-00263	Lung Adenocarcinoma	OCT
C3L-00263-22	C3L-00263	Lung Adenocarcinoma	OCT
C3L-00263-23	C3L-00263	Lung Adenocarcinoma	OCT
C3L-00263-24	C3L-00263	Lung Adenocarcinoma	OCT
C3L-00263-25	C3L-00263	Lung Adenocarcinoma	OCT
C3L-00263-26	C3L-00263	Lung Adenocarcinoma	OCT
C3L-00263-27	C3L-00263	Lung Adenocarcinoma	OCT
C3L-00263-28	C3L-00263	Lung Adenocarcinoma	OCT
C3L-00265-21	C3L-00265	Glioblastoma	OCT
C3L-00265-22	C3L-00265	Glioblastoma	OCT
C3L-00265-23	C3L-00265	Glioblastoma	OCT
C3L-00265-24	C3L-00265	Glioblastoma	OCT
C3L-00277-21	C3L-00277	Pancreatic Ductal Adenocarcinoma	OCT
C3L-00277-22	C3L-00277	Pancreatic Ductal Adenocarcinoma	OCT
C3L-00277-23	C3L-00277	Pancreatic Ductal Adenocarcinoma	OCT
C3L-00277-24	C3L-00277	Pancreatic Ductal Adenocarcinoma	OCT
C3L-00277-25	C3L-00277	Pancreatic Ductal Adenocarcinoma	OCT
C3L-00277-26	C3L-00277	Pancreatic Ductal Adenocarcinoma	OCT
C3L-00278-21	C3L-00278	Glioblastoma	OCT
C3L-00278-22	C3L-00278	Glioblastoma	OCT
C3L-00278-23	C3L-00278	Glioblastoma	OCT
C3L-00279-21	C3L-00279	Lung Adenocarcinoma	OCT
C3L-00279-22	C3L-00279	Lung Adenocarcinoma	OCT
C3L-00279-23	C3L-00279	Lung Adenocarcinoma	OCT
C3L-00279-24	C3L-00279	Lung Adenocarcinoma	OCT
C3L-00279-25	C3L-00279	Lung Adenocarcinoma	OCT
C3L-00279-26	C3L-00279	Lung Adenocarcinoma	OCT
C3L-00349-21	C3L-00349	Glioblastoma	OCT
C3L-00349-22	C3L-00349	Glioblastoma	OCT
C3L-00349-23	C3L-00349	Glioblastoma	OCT
C3L-00349-24	C3L-00349	Glioblastoma	OCT
C3L-00356-21	C3L-00356	Uterine Corpus Endometrial Carcinoma	FFPE
C3L-00356-22	C3L-00356	Uterine Corpus Endometrial Carcinoma	FFPE
C3L-00356-23	C3L-00356	Uterine Corpus Endometrial Carcinoma	FFPE
C3L-00356-26	C3L-00356	Uterine Corpus Endometrial Carcinoma	FFPE
C3L-00358-21	C3L-00358	Uterine Corpus Endometrial Carcinoma	FFPE
C3L-00358-22	C3L-00358	Uterine Corpus Endometrial Carcinoma	FFPE
C3L-00358-26	C3L-00358	Uterine Corpus Endometrial Carcinoma	FFPE
C3L-00359-21	C3L-00359	Clear Cell Renal Cell Carcinoma	FFPE
C3L-00359-22	C3L-00359	Clear Cell Renal Cell Carcinoma	FFPE
C3L-00359-23	C3L-00359	Clear Cell Renal Cell Carcinoma	FFPE
C3L-00359-26	C3L-00359	Clear Cell Renal Cell Carcinoma	FFPE
C3L-00360-21	C3L-00360	Clear Cell Renal Cell Carcinoma	FFPE
C3L-00360-22	C3L-00360	Clear Cell Renal Cell Carcinoma	FFPE
C3L-00360-26	C3L-00360	Clear Cell Renal Cell Carcinoma	FFPE
C3L-00361-21	C3L-00361	Uterine Corpus Endometrial Carcinoma	FFPE
C3L-00361-22	C3L-00361	Uterine Corpus Endometrial Carcinoma	FFPE
C3L-00361-26	C3L-00361	Uterine Corpus Endometrial Carcinoma	FFPE
C3L-00362-21	C3L-00362	Uterine Corpus Endometrial Carcinoma	FFPE
C3L-00362-22	C3L-00362	Uterine Corpus Endometrial Carcinoma	FFPE
C3L-00362-26	C3L-00362	Uterine Corpus Endometrial Carcinoma	FFPE
C3L-00365-21	C3L-00365	Glioblastoma	FFPE
C3L-00368-21	C3L-00368	Lung Adenocarcinoma	FFPE
C3L-00368-22	C3L-00368	Lung Adenocarcinoma	FFPE
C3L-00368-26	C3L-00368	Lung Adenocarcinoma	FFPE
C3L-00369-21	C3L-00369	Clear Cell Renal Cell Carcinoma	FFPE
C3L-00369-22	C3L-00369	Clear Cell Renal Cell Carcinoma	FFPE
C3L-00369-23	C3L-00369	Clear Cell Renal Cell Carcinoma	FFPE
C3L-00369-26	C3L-00369	Clear Cell Renal Cell Carcinoma	FFPE
C3L-00395-21	C3L-00395	Pancreatic Ductal Adenocarcinoma	OCT
C3L-00395-22	C3L-00395	Pancreatic Ductal Adenocarcinoma	OCT
C3L-00395-23	C3L-00395	Pancreatic Ductal Adenocarcinoma	OCT
C3L-00395-24	C3L-00395	Pancreatic Ductal Adenocarcinoma	OCT
C3L-00401-22	C3L-00401	Pancreatic Ductal Adenocarcinoma	OCT
C3L-00401-24	C3L-00401	Pancreatic Ductal Adenocarcinoma	OCT
C3L-00401-25	C3L-00401	Pancreatic Ductal Adenocarcinoma	OCT
C3L-00401-28	C3L-00401	Pancreatic Ductal Adenocarcinoma	OCT
C3L-00412-21	C3L-00412	Lung Adenocarcinoma	FFPE
C3L-00412-26	C3L-00412	Lung Adenocarcinoma	FFPE
C3L-00413-21	C3L-00413	Uterine Corpus Endometrial Carcinoma	FFPE
C3L-00413-22	C3L-00413	Uterine Corpus Endometrial Carcinoma	FFPE
C3L-00413-26	C3L-00413	Uterine Corpus Endometrial Carcinoma	FFPE
C3L-00416-21	C3L-00416	Clear Cell Renal Cell Carcinoma	FFPE
C3L-00416-22	C3L-00416	Clear Cell Renal Cell Carcinoma	FFPE
C3L-00416-26	C3L-00416	Clear Cell Renal Cell Carcinoma	FFPE
C3L-00418-21	C3L-00418	Clear Cell Renal Cell Carcinoma	FFPE
C3L-00418-22	C3L-00418	Clear Cell Renal Cell Carcinoma	FFPE
C3L-00418-23	C3L-00418	Clear Cell Renal Cell Carcinoma	FFPE
C3L-00418-26	C3L-00418	Clear Cell Renal Cell Carcinoma	FFPE
C3L-00422-21	C3L-00422	Lung Adenocarcinoma	OCT
C3L-00422-22	C3L-00422	Lung Adenocarcinoma	OCT
C3L-00422-23	C3L-00422	Lung Adenocarcinoma	OCT
C3L-00422-24	C3L-00422	Lung Adenocarcinoma	OCT
C3L-00422-25	C3L-00422	Lung Adenocarcinoma	OCT
C3L-00422-26	C3L-00422	Lung Adenocarcinoma	OCT
C3L-00424-21	C3L-00424	Glioblastoma	OCT
C3L-00424-22	C3L-00424	Glioblastoma	OCT
C3L-00424-23	C3L-00424	Glioblastoma	OCT
C3L-00429-21	C3L-00429	Glioblastoma	OCT
C3L-00429-22	C3L-00429	Glioblastoma	OCT
C3L-00429-23	C3L-00429	Glioblastoma	OCT
C3L-00444-21	C3L-00444	Lung Adenocarcinoma	FFPE
C3L-00444-22	C3L-00444	Lung Adenocarcinoma	FFPE
C3L-00444-23	C3L-00444	Lung Adenocarcinoma	FFPE
C3L-00444-26	C3L-00444	Lung Adenocarcinoma	FFPE
C3L-00444-27	C3L-00444	Lung Adenocarcinoma	FFPE
C3L-00444-28	C3L-00444	Lung Adenocarcinoma	FFPE
C3L-00446-21	C3L-00446	Lung Adenocarcinoma	FFPE
C3L-00446-22	C3L-00446	Lung Adenocarcinoma	FFPE
C3L-00446-23	C3L-00446	Lung Adenocarcinoma	FFPE
C3L-00446-24	C3L-00446	Lung Adenocarcinoma	FFPE
C3L-00446-25	C3L-00446	Lung Adenocarcinoma	FFPE
C3L-00446-26	C3L-00446	Lung Adenocarcinoma	FFPE
C3L-00446-27	C3L-00446	Lung Adenocarcinoma	FFPE
C3L-00447-21	C3L-00447	Clear Cell Renal Cell Carcinoma	FFPE
C3L-00447-22	C3L-00447	Clear Cell Renal Cell Carcinoma	FFPE
C3L-00447-23	C3L-00447	Clear Cell Renal Cell Carcinoma	FFPE
C3L-00447-26	C3L-00447	Clear Cell Renal Cell Carcinoma	FFPE
C3L-00448-21	C3L-00448	Clear Cell Renal Cell Carcinoma	FFPE
C3L-00448-26	C3L-00448	Clear Cell Renal Cell Carcinoma	FFPE
C3L-00449-21	C3L-00449	Uterine Corpus Endometrial Carcinoma	FFPE
C3L-00449-26	C3L-00449	Uterine Corpus Endometrial Carcinoma	FFPE
C3L-00506-21	C3L-00506	Glioblastoma	OCT
C3L-00506-22	C3L-00506	Glioblastoma	OCT
C3L-00506-23	C3L-00506	Glioblastoma	OCT
C3L-00510-21	C3L-00510	Lung Adenocarcinoma	OCT
C3L-00510-22	C3L-00510	Lung Adenocarcinoma	OCT
C3L-00510-23	C3L-00510	Lung Adenocarcinoma	OCT
C3L-00510-24	C3L-00510	Lung Adenocarcinoma	OCT
C3L-00510-25	C3L-00510	Lung Adenocarcinoma	OCT
C3L-00510-26	C3L-00510	Lung Adenocarcinoma	OCT
C3L-00528-21	C3L-00528	Glioblastoma	OCT
C3L-00528-22	C3L-00528	Glioblastoma	OCT
C3L-00528-23	C3L-00528	Glioblastoma	OCT
C3L-00561-21	C3L-00561	Clear Cell Renal Cell Carcinoma	FFPE
C3L-00561-22	C3L-00561	Clear Cell Renal Cell Carcinoma	FFPE
C3L-00561-26	C3L-00561	Clear Cell Renal Cell Carcinoma	FFPE
C3L-00563-21	C3L-00563	Uterine Corpus Endometrial Carcinoma	FFPE
C3L-00563-22	C3L-00563	Uterine Corpus Endometrial Carcinoma	FFPE
C3L-00563-23	C3L-00563	Uterine Corpus Endometrial Carcinoma	FFPE
C3L-00563-26	C3L-00563	Uterine Corpus Endometrial Carcinoma	FFPE
C3L-00581-21	C3L-00581	Clear Cell Renal Cell Carcinoma	FFPE
C3L-00581-22	C3L-00581	Clear Cell Renal Cell Carcinoma	FFPE
C3L-00581-23	C3L-00581	Clear Cell Renal Cell Carcinoma	FFPE
C3L-00581-26	C3L-00581	Clear Cell Renal Cell Carcinoma	FFPE
C3L-00583-21	C3L-00583	Clear Cell Renal Cell Carcinoma	FFPE
C3L-00583-22	C3L-00583	Clear Cell Renal Cell Carcinoma	FFPE
C3L-00583-23	C3L-00583	Clear Cell Renal Cell Carcinoma	FFPE
C3L-00583-26	C3L-00583	Clear Cell Renal Cell Carcinoma	FFPE
C3L-00586-21	C3L-00586	Uterine Corpus Endometrial Carcinoma	FFPE
C3L-00586-22	C3L-00586	Uterine Corpus Endometrial Carcinoma	FFPE
C3L-00586-23	C3L-00586	Uterine Corpus Endometrial Carcinoma	FFPE
C3L-00586-26	C3L-00586	Uterine Corpus Endometrial Carcinoma	FFPE
C3L-00589-21	C3L-00589	Pancreatic Ductal Adenocarcinoma	FFPE
C3L-00589-22	C3L-00589	Pancreatic Ductal Adenocarcinoma	FFPE
C3L-00589-26	C3L-00589	Pancreatic Ductal Adenocarcinoma	FFPE
C3L-00591-21	C3L-00591	Glioblastoma	OCT
C3L-00591-22	C3L-00591	Glioblastoma	OCT
C3L-00591-23	C3L-00591	Glioblastoma	OCT
C3L-00598-21	C3L-00598	Pancreatic Ductal Adenocarcinoma	OCT
C3L-00598-22	C3L-00598	Pancreatic Ductal Adenocarcinoma	OCT
C3L-00598-23	C3L-00598	Pancreatic Ductal Adenocarcinoma	OCT
C3L-00598-24	C3L-00598	Pancreatic Ductal Adenocarcinoma	OCT
C3L-00599-21	C3L-00599	Pancreatic Ductal Adenocarcinoma	OCT
C3L-00599-22	C3L-00599	Pancreatic Ductal Adenocarcinoma	OCT
C3L-00599-23	C3L-00599	Pancreatic Ductal Adenocarcinoma	OCT
C3L-00599-24	C3L-00599	Pancreatic Ductal Adenocarcinoma	OCT
C3L-00601-21	C3L-00601	Uterine Corpus Endometrial Carcinoma	FFPE
C3L-00601-22	C3L-00601	Uterine Corpus Endometrial Carcinoma	FFPE
C3L-00601-23	C3L-00601	Uterine Corpus Endometrial Carcinoma	FFPE
C3L-00601-26	C3L-00601	Uterine Corpus Endometrial Carcinoma	FFPE
C3L-00604-21	C3L-00604	Lung Adenocarcinoma	FFPE
C3L-00604-22	C3L-00604	Lung Adenocarcinoma	FFPE
C3L-00604-23	C3L-00604	Lung Adenocarcinoma	FFPE
C3L-00604-26	C3L-00604	Lung Adenocarcinoma	FFPE
C3L-00605-21	C3L-00605	Uterine Corpus Endometrial Carcinoma	FFPE
C3L-00605-26	C3L-00605	Uterine Corpus Endometrial Carcinoma	FFPE
C3L-00606-21	C3L-00606	Clear Cell Renal Cell Carcinoma	FFPE
C3L-00606-22	C3L-00606	Clear Cell Renal Cell Carcinoma	FFPE
C3L-00606-23	C3L-00606	Clear Cell Renal Cell Carcinoma	FFPE
C3L-00606-26	C3L-00606	Clear Cell Renal Cell Carcinoma	FFPE
C3L-00607-21	C3L-00607	Clear Cell Renal Cell Carcinoma	FFPE
C3L-00607-22	C3L-00607	Clear Cell Renal Cell Carcinoma	FFPE
C3L-00610-21	C3L-00610	Clear Cell Renal Cell Carcinoma	FFPE
C3L-00610-22	C3L-00610	Clear Cell Renal Cell Carcinoma	FFPE
C3L-00622-21	C3L-00622	Pancreatic Ductal Adenocarcinoma	FFPE
C3L-00622-22	C3L-00622	Pancreatic Ductal Adenocarcinoma	FFPE
C3L-00622-23	C3L-00622	Pancreatic Ductal Adenocarcinoma	FFPE
C3L-00622-24	C3L-00622	Pancreatic Ductal Adenocarcinoma	FFPE
C3L-00625-21	C3L-00625	Pancreatic Ductal Adenocarcinoma	FFPE
C3L-00625-22	C3L-00625	Pancreatic Ductal Adenocarcinoma	FFPE
C3L-00625-23	C3L-00625	Pancreatic Ductal Adenocarcinoma	FFPE
C3L-00625-24	C3L-00625	Pancreatic Ductal Adenocarcinoma	FFPE
C3L-00625-25	C3L-00625	Pancreatic Ductal Adenocarcinoma	FFPE
C3L-00631-21	C3L-00631	Glioblastoma	OCT
C3L-00631-22	C3L-00631	Glioblastoma	OCT
C3L-00631-23	C3L-00631	Glioblastoma	OCT
C3L-00636-21	C3L-00636	Glioblastoma	OCT
C3L-00636-22	C3L-00636	Glioblastoma	OCT
C3L-00636-23	C3L-00636	Glioblastoma	OCT
C3L-00640-21	C3L-00640	Pancreatic Ductal Adenocarcinoma	OCT
C3L-00640-22	C3L-00640	Pancreatic Ductal Adenocarcinoma	OCT
C3L-00640-23	C3L-00640	Pancreatic Ductal Adenocarcinoma	OCT
C3L-00640-24	C3L-00640	Pancreatic Ductal Adenocarcinoma	OCT
C3L-00640-25	C3L-00640	Pancreatic Ductal Adenocarcinoma	OCT
C3L-00640-26	C3L-00640	Pancreatic Ductal Adenocarcinoma	OCT
C3L-00671-21	C3L-00671	Glioblastoma	OCT
C3L-00671-22	C3L-00671	Glioblastoma	OCT
C3L-00671-23	C3L-00671	Glioblastoma	OCT
C3L-00674-21	C3L-00674	Glioblastoma	FFPE
C3L-00674-22	C3L-00674	Glioblastoma	FFPE
C3L-00677-21	C3L-00677	Glioblastoma	FFPE
C3L-00677-22	C3L-00677	Glioblastoma	FFPE
C3L-00765-21	C3L-00765	Clear Cell Renal Cell Carcinoma	FFPE
C3L-00765-22	C3L-00765	Clear Cell Renal Cell Carcinoma	FFPE
C3L-00766-21	C3L-00766	Clear Cell Renal Cell Carcinoma	FFPE
C3L-00766-22	C3L-00766	Clear Cell Renal Cell Carcinoma	FFPE
C3L-00767-21	C3L-00767	Uterine Corpus Endometrial Carcinoma	FFPE
C3L-00767-22	C3L-00767	Uterine Corpus Endometrial Carcinoma	FFPE
C3L-00769-21	C3L-00769	Uterine Corpus Endometrial Carcinoma	FFPE
C3L-00769-22	C3L-00769	Uterine Corpus Endometrial Carcinoma	FFPE
C3L-00770-21	C3L-00770	Uterine Corpus Endometrial Carcinoma	FFPE
C3L-00770-22	C3L-00770	Uterine Corpus Endometrial Carcinoma	FFPE
C3L-00771-21	C3L-00771	Uterine Corpus Endometrial Carcinoma	FFPE
C3L-00771-22	C3L-00771	Uterine Corpus Endometrial Carcinoma	FFPE
C3L-00780-21	C3L-00780	Uterine Corpus Endometrial Carcinoma	FFPE
C3L-00780-22	C3L-00780	Uterine Corpus Endometrial Carcinoma	FFPE
C3L-00780-23	C3L-00780	Uterine Corpus Endometrial Carcinoma	FFPE
C3L-00780-24	C3L-00780	Uterine Corpus Endometrial Carcinoma	FFPE
C3L-00780-25	C3L-00780	Uterine Corpus Endometrial Carcinoma	FFPE
C3L-00780-26	C3L-00780	Uterine Corpus Endometrial Carcinoma	FFPE
C3L-00780-27	C3L-00780	Uterine Corpus Endometrial Carcinoma	FFPE
C3L-00781-21	C3L-00781	Uterine Corpus Endometrial Carcinoma	FFPE
C3L-00781-22	C3L-00781	Uterine Corpus Endometrial Carcinoma	FFPE
C3L-00781-23	C3L-00781	Uterine Corpus Endometrial Carcinoma	FFPE
C3L-00781-24	C3L-00781	Uterine Corpus Endometrial Carcinoma	FFPE
C3L-00781-25	C3L-00781	Uterine Corpus Endometrial Carcinoma	FFPE
C3L-00781-26	C3L-00781	Uterine Corpus Endometrial Carcinoma	FFPE
C3L-00781-27	C3L-00781	Uterine Corpus Endometrial Carcinoma	FFPE
C3L-00781-28	C3L-00781	Uterine Corpus Endometrial Carcinoma	FFPE
C3L-00789-21	C3L-00789	Clear Cell Renal Cell Carcinoma	FFPE
C3L-00789-22	C3L-00789	Clear Cell Renal Cell Carcinoma	FFPE
C3L-00790-21	C3L-00790	Clear Cell Renal Cell Carcinoma	FFPE
C3L-00790-22	C3L-00790	Clear Cell Renal Cell Carcinoma	FFPE
C3L-00791-21	C3L-00791	Clear Cell Renal Cell Carcinoma	FFPE
C3L-00791-22	C3L-00791	Clear Cell Renal Cell Carcinoma	FFPE
C3L-00792-21	C3L-00792	Clear Cell Renal Cell Carcinoma	FFPE
C3L-00792-22	C3L-00792	Clear Cell Renal Cell Carcinoma	FFPE
C3L-00796-21	C3L-00796	Clear Cell Renal Cell Carcinoma	FFPE
C3L-00796-22	C3L-00796	Clear Cell Renal Cell Carcinoma	FFPE
C3L-00799-21	C3L-00799	Clear Cell Renal Cell Carcinoma	FFPE
C3L-00799-22	C3L-00799	Clear Cell Renal Cell Carcinoma	FFPE
C3L-00800-21	C3L-00800	Clear Cell Renal Cell Carcinoma	FFPE
C3L-00800-22	C3L-00800	Clear Cell Renal Cell Carcinoma	FFPE
C3L-00812-21	C3L-00812	Clear Cell Renal Cell Carcinoma	FFPE
C3L-00812-22	C3L-00812	Clear Cell Renal Cell Carcinoma	FFPE
C3L-00813-21	C3L-00813	Clear Cell Renal Cell Carcinoma	FFPE
C3L-00813-22	C3L-00813	Clear Cell Renal Cell Carcinoma	FFPE
C3L-00814-21	C3L-00814	Clear Cell Renal Cell Carcinoma	FFPE
C3L-00814-22	C3L-00814	Clear Cell Renal Cell Carcinoma	FFPE
C3L-00815-21	C3L-00815	Clear Cell Renal Cell Carcinoma	FFPE
C3L-00815-22	C3L-00815	Clear Cell Renal Cell Carcinoma	FFPE
C3L-00817-21	C3L-00817	Clear Cell Renal Cell Carcinoma	FFPE
C3L-00817-22	C3L-00817	Clear Cell Renal Cell Carcinoma	FFPE
C3L-00819-21	C3L-00819	Pancreatic Ductal Adenocarcinoma	FFPE
C3L-00819-22	C3L-00819	Pancreatic Ductal Adenocarcinoma	FFPE
C3L-00819-26	C3L-00819	Pancreatic Ductal Adenocarcinoma	FFPE
C3L-00881-21	C3L-00881	Pancreatic Ductal Adenocarcinoma	FFPE
C3L-00881-22	C3L-00881	Pancreatic Ductal Adenocarcinoma	FFPE
C3L-00881-23	C3L-00881	Pancreatic Ductal Adenocarcinoma	FFPE
C3L-00881-24	C3L-00881	Pancreatic Ductal Adenocarcinoma	FFPE
C3L-00881-25	C3L-00881	Pancreatic Ductal Adenocarcinoma	FFPE
C3L-00881-26	C3L-00881	Pancreatic Ductal Adenocarcinoma	FFPE
C3L-00885-21	C3L-00885	Pancreatic Ductal Adenocarcinoma	FFPE
C3L-00885-22	C3L-00885	Pancreatic Ductal Adenocarcinoma	FFPE
C3L-00885-23	C3L-00885	Pancreatic Ductal Adenocarcinoma	FFPE
C3L-00885-24	C3L-00885	Pancreatic Ductal Adenocarcinoma	FFPE
C3L-00885-25	C3L-00885	Pancreatic Ductal Adenocarcinoma	FFPE
C3L-00885-26	C3L-00885	Pancreatic Ductal Adenocarcinoma	FFPE
C3L-00893-21	C3L-00893	Lung Adenocarcinoma	FFPE
C3L-00893-22	C3L-00893	Lung Adenocarcinoma	FFPE
C3L-00893-23	C3L-00893	Lung Adenocarcinoma	FFPE
C3L-00893-24	C3L-00893	Lung Adenocarcinoma	FFPE
C3L-00893-25	C3L-00893	Lung Adenocarcinoma	FFPE
C3L-00893-26	C3L-00893	Lung Adenocarcinoma	FFPE
C3L-00898-21	C3L-00898	Uterine Corpus Endometrial Carcinoma	FFPE
C3L-00898-22	C3L-00898	Uterine Corpus Endometrial Carcinoma	FFPE
C3L-00898-23	C3L-00898	Uterine Corpus Endometrial Carcinoma	FFPE
C3L-00898-24	C3L-00898	Uterine Corpus Endometrial Carcinoma	FFPE
C3L-00898-25	C3L-00898	Uterine Corpus Endometrial Carcinoma	FFPE
C3L-00898-26	C3L-00898	Uterine Corpus Endometrial Carcinoma	FFPE
C3L-00898-27	C3L-00898	Uterine Corpus Endometrial Carcinoma	FFPE
C3L-00898-28	C3L-00898	Uterine Corpus Endometrial Carcinoma	FFPE
C3L-00902-21	C3L-00902	Clear Cell Renal Cell Carcinoma	FFPE
C3L-00902-22	C3L-00902	Clear Cell Renal Cell Carcinoma	FFPE
C3L-00902-26	C3L-00902	Clear Cell Renal Cell Carcinoma	FFPE
C3L-00905-21	C3L-00905	Uterine Corpus Endometrial Carcinoma	FFPE
C3L-00905-22	C3L-00905	Uterine Corpus Endometrial Carcinoma	FFPE
C3L-00905-23	C3L-00905	Uterine Corpus Endometrial Carcinoma	FFPE
C3L-00907-21	C3L-00907	Clear Cell Renal Cell Carcinoma	FFPE
C3L-00907-22	C3L-00907	Clear Cell Renal Cell Carcinoma	FFPE
C3L-00907-23	C3L-00907	Clear Cell Renal Cell Carcinoma	FFPE
C3L-00907-26	C3L-00907	Clear Cell Renal Cell Carcinoma	FFPE
C3L-00908-21	C3L-00908	Clear Cell Renal Cell Carcinoma	FFPE
C3L-00908-23	C3L-00908	Clear Cell Renal Cell Carcinoma	FFPE
C3L-00908-26	C3L-00908	Clear Cell Renal Cell Carcinoma	FFPE
C3L-00910-21	C3L-00910	Clear Cell Renal Cell Carcinoma	FFPE
C3L-00910-22	C3L-00910	Clear Cell Renal Cell Carcinoma	FFPE
C3L-00910-26	C3L-00910	Clear Cell Renal Cell Carcinoma	FFPE
C3L-00913-21	C3L-00913	Lung Adenocarcinoma	FFPE
C3L-00913-22	C3L-00913	Lung Adenocarcinoma	FFPE
C3L-00913-23	C3L-00913	Lung Adenocarcinoma	FFPE
C3L-00913-26	C3L-00913	Lung Adenocarcinoma	FFPE
C3L-00917-21	C3L-00917	Clear Cell Renal Cell Carcinoma	FFPE
C3L-00917-23	C3L-00917	Clear Cell Renal Cell Carcinoma	FFPE
C3L-00917-26	C3L-00917	Clear Cell Renal Cell Carcinoma	FFPE
C3L-00918-21	C3L-00918	Uterine Corpus Endometrial Carcinoma	FFPE
C3L-00921-22	C3L-00921	Uterine Corpus Endometrial Carcinoma	FFPE
C3L-00921-23	C3L-00921	Uterine Corpus Endometrial Carcinoma	FFPE
C3L-00921-26	C3L-00921	Uterine Corpus Endometrial Carcinoma	FFPE
C3L-00928-21	C3L-00928	Pancreatic Ductal Adenocarcinoma	FFPE
C3L-00928-22	C3L-00928	Pancreatic Ductal Adenocarcinoma	FFPE
C3L-00928-23	C3L-00928	Pancreatic Ductal Adenocarcinoma	FFPE
C3L-00928-26	C3L-00928	Pancreatic Ductal Adenocarcinoma	FFPE
C3L-00932-21	C3L-00932	Uterine Corpus Endometrial Carcinoma	FFPE
C3L-00932-22	C3L-00932	Uterine Corpus Endometrial Carcinoma	FFPE
C3L-00938-21	C3L-00938	Uterine Corpus Endometrial Carcinoma	FFPE
C3L-00938-22	C3L-00938	Uterine Corpus Endometrial Carcinoma	FFPE
C3L-00942-21	C3L-00942	Uterine Corpus Endometrial Carcinoma	FFPE
C3L-00942-22	C3L-00942	Uterine Corpus Endometrial Carcinoma	FFPE
C3L-00943-21	C3L-00943	Uterine Corpus Endometrial Carcinoma	FFPE
C3L-00943-22	C3L-00943	Uterine Corpus Endometrial Carcinoma	FFPE
C3L-00946-21	C3L-00946	Uterine Corpus Endometrial Carcinoma	FFPE
C3L-00946-22	C3L-00946	Uterine Corpus Endometrial Carcinoma	FFPE
C3L-00947-21	C3L-00947	Uterine Corpus Endometrial Carcinoma	FFPE
C3L-00947-22	C3L-00947	Uterine Corpus Endometrial Carcinoma	FFPE
C3L-00949-21	C3L-00949	Uterine Corpus Endometrial Carcinoma	FFPE
C3L-00949-22	C3L-00949	Uterine Corpus Endometrial Carcinoma	FFPE
C3L-00961-21	C3L-00961	Uterine Corpus Endometrial Carcinoma	FFPE
C3L-00961-22	C3L-00961	Uterine Corpus Endometrial Carcinoma	FFPE
C3L-00962-21	C3L-00962	Uterine Corpus Endometrial Carcinoma	FFPE
C3L-00962-22	C3L-00962	Uterine Corpus Endometrial Carcinoma	FFPE
C3L-00963-21	C3L-00963	Uterine Corpus Endometrial Carcinoma	FFPE
C3L-00963-22	C3L-00963	Uterine Corpus Endometrial Carcinoma	FFPE
C3L-00966-21	C3L-00966	Clear Cell Renal Cell Carcinoma	FFPE
C3L-00966-22	C3L-00966	Clear Cell Renal Cell Carcinoma	FFPE
C3L-00966-23	C3L-00966	Clear Cell Renal Cell Carcinoma	FFPE
C3L-00966-24	C3L-00966	Clear Cell Renal Cell Carcinoma	FFPE
C3L-00966-25	C3L-00966	Clear Cell Renal Cell Carcinoma	FFPE
C3L-00966-26	C3L-00966	Clear Cell Renal Cell Carcinoma	FFPE
C3L-00966-27	C3L-00966	Clear Cell Renal Cell Carcinoma	FFPE
C3L-00968-21	C3L-00968	Clear Cell Renal Cell Carcinoma	FFPE
C3L-00968-22	C3L-00968	Clear Cell Renal Cell Carcinoma	FFPE
C3L-00968-23	C3L-00968	Clear Cell Renal Cell Carcinoma	FFPE
C3L-00968-24	C3L-00968	Clear Cell Renal Cell Carcinoma	FFPE
C3L-00968-25	C3L-00968	Clear Cell Renal Cell Carcinoma	FFPE
C3L-00968-26	C3L-00968	Clear Cell Renal Cell Carcinoma	FFPE
C3L-00968-27	C3L-00968	Clear Cell Renal Cell Carcinoma	FFPE
C3L-00969-21	C3L-00969	Clear Cell Renal Cell Carcinoma	FFPE
C3L-00969-22	C3L-00969	Clear Cell Renal Cell Carcinoma	FFPE
C3L-00969-23	C3L-00969	Clear Cell Renal Cell Carcinoma	FFPE
C3L-00969-24	C3L-00969	Clear Cell Renal Cell Carcinoma	FFPE
C3L-00969-25	C3L-00969	Clear Cell Renal Cell Carcinoma	FFPE
C3L-00969-26	C3L-00969	Clear Cell Renal Cell Carcinoma	FFPE
C3L-00969-27	C3L-00969	Clear Cell Renal Cell Carcinoma	FFPE
C3L-00970-21	C3L-00970	Clear Cell Renal Cell Carcinoma	FFPE
C3L-00970-22	C3L-00970	Clear Cell Renal Cell Carcinoma	FFPE
C3L-00970-23	C3L-00970	Clear Cell Renal Cell Carcinoma	FFPE
C3L-00970-24	C3L-00970	Clear Cell Renal Cell Carcinoma	FFPE
C3L-00970-25	C3L-00970	Clear Cell Renal Cell Carcinoma	FFPE
C3L-00970-26	C3L-00970	Clear Cell Renal Cell Carcinoma	FFPE
C3L-00970-27	C3L-00970	Clear Cell Renal Cell Carcinoma	FFPE
C3L-00973-21	C3L-00973	Lung Adenocarcinoma	FFPE
C3L-00973-22	C3L-00973	Lung Adenocarcinoma	FFPE
C3L-00973-23	C3L-00973	Lung Adenocarcinoma	FFPE
C3L-00973-24	C3L-00973	Lung Adenocarcinoma	FFPE
C3L-00973-25	C3L-00973	Lung Adenocarcinoma	FFPE
C3L-00973-27	C3L-00973	Lung Adenocarcinoma	FFPE
C3L-00973-28	C3L-00973	Lung Adenocarcinoma	FFPE
C3L-00976-22	C3L-00976	Clear Cell Renal Cell Carcinoma	FFPE
C3L-00976-23	C3L-00976	Clear Cell Renal Cell Carcinoma	FFPE
C3L-00976-24	C3L-00976	Clear Cell Renal Cell Carcinoma	FFPE
C3L-00976-28	C3L-00976	Clear Cell Renal Cell Carcinoma	FFPE
C3L-00980-22	C3L-00980	Clear Cell Renal Cell Carcinoma	FFPE
C3L-00980-26	C3L-00980	Clear Cell Renal Cell Carcinoma	FFPE
C3L-00981-21	C3L-00981	Clear Cell Renal Cell Carcinoma	FFPE
C3L-00981-26	C3L-00981	Clear Cell Renal Cell Carcinoma	FFPE
C3L-00982-21	C3L-00982	Clear Cell Renal Cell Carcinoma	FFPE
C3L-00982-22	C3L-00982	Clear Cell Renal Cell Carcinoma	FFPE
C3L-00982-23	C3L-00982	Clear Cell Renal Cell Carcinoma	FFPE
C3L-00982-24	C3L-00982	Clear Cell Renal Cell Carcinoma	FFPE
C3L-00982-26	C3L-00982	Clear Cell Renal Cell Carcinoma	FFPE
C3L-00982-27	C3L-00982	Clear Cell Renal Cell Carcinoma	FFPE
C3L-00991-21	C3L-00991	Clear Cell Renal Cell Carcinoma	FFPE
C3L-00991-22	C3L-00991	Clear Cell Renal Cell Carcinoma	FFPE
C3L-00991-23	C3L-00991	Clear Cell Renal Cell Carcinoma	FFPE
C3L-00991-24	C3L-00991	Clear Cell Renal Cell Carcinoma	FFPE
C3L-00991-26	C3L-00991	Clear Cell Renal Cell Carcinoma	FFPE
C3L-00991-27	C3L-00991	Clear Cell Renal Cell Carcinoma	FFPE
C3L-01031-21	C3L-01031	Pancreatic Ductal Adenocarcinoma	FFPE
C3L-01031-23	C3L-01031	Pancreatic Ductal Adenocarcinoma	FFPE
C3L-01031-25	C3L-01031	Pancreatic Ductal Adenocarcinoma	FFPE
C3L-01032-21	C3L-01032	Pancreatic Ductal Adenocarcinoma	FFPE
C3L-01032-24	C3L-01032	Pancreatic Ductal Adenocarcinoma	FFPE
C3L-01032-25	C3L-01032	Pancreatic Ductal Adenocarcinoma	FFPE
C3L-01033-22	C3L-01033	Clear Cell Renal Cell Carcinoma	FFPE
C3L-01033-23	C3L-01033	Clear Cell Renal Cell Carcinoma	FFPE
C3L-01033-25	C3L-01033	Clear Cell Renal Cell Carcinoma	FFPE
C3L-01034-22	C3L-01034	Clear Cell Renal Cell Carcinoma	FFPE
C3L-01034-23	C3L-01034	Clear Cell Renal Cell Carcinoma	FFPE
C3L-01034-25	C3L-01034	Clear Cell Renal Cell Carcinoma	FFPE
C3L-01036-21	C3L-01036	Pancreatic Ductal Adenocarcinoma	FFPE
C3L-01036-22	C3L-01036	Pancreatic Ductal Adenocarcinoma	FFPE
C3L-01036-25	C3L-01036	Pancreatic Ductal Adenocarcinoma	FFPE
C3L-01037-21	C3L-01037	Pancreatic Ductal Adenocarcinoma	FFPE
C3L-01037-23	C3L-01037	Pancreatic Ductal Adenocarcinoma	FFPE
C3L-01037-25	C3L-01037	Pancreatic Ductal Adenocarcinoma	FFPE
C3L-01040-22	C3L-01040	Glioblastoma	FFPE
C3L-01040-23	C3L-01040	Glioblastoma	FFPE
C3L-01043-21	C3L-01043	Glioblastoma	FFPE
C3L-01043-24	C3L-01043	Glioblastoma	FFPE
C3L-01045-23	C3L-01045	Glioblastoma	FFPE
C3L-01045-24	C3L-01045	Glioblastoma	FFPE
C3L-01046-21	C3L-01046	Glioblastoma	FFPE
C3L-01046-24	C3L-01046	Glioblastoma	FFPE
C3L-01048-21	C3L-01048	Glioblastoma	FFPE
C3L-01048-22	C3L-01048	Glioblastoma	FFPE
C3L-01049-21	C3L-01049	Glioblastoma	FFPE
C3L-01049-22	C3L-01049	Glioblastoma	FFPE
C3L-01051-22	C3L-01051	Pancreatic Ductal Adenocarcinoma	FFPE
C3L-01051-23	C3L-01051	Pancreatic Ductal Adenocarcinoma	FFPE
C3L-01051-24	C3L-01051	Pancreatic Ductal Adenocarcinoma	FFPE
C3L-01052-21	C3L-01052	Pancreatic Ductal Adenocarcinoma	FFPE
C3L-01052-22	C3L-01052	Pancreatic Ductal Adenocarcinoma	FFPE
C3L-01052-23	C3L-01052	Pancreatic Ductal Adenocarcinoma	FFPE
C3L-01052-24	C3L-01052	Pancreatic Ductal Adenocarcinoma	FFPE
C3L-01053-23	C3L-01053	Pancreatic Ductal Adenocarcinoma	FFPE
C3L-01053-25	C3L-01053	Pancreatic Ductal Adenocarcinoma	FFPE
C3L-01053-27	C3L-01053	Pancreatic Ductal Adenocarcinoma	FFPE
C3L-01053-28	C3L-01053	Pancreatic Ductal Adenocarcinoma	FFPE
C3L-01054-23	C3L-01054	Pancreatic Ductal Adenocarcinoma	FFPE
C3L-01054-24	C3L-01054	Pancreatic Ductal Adenocarcinoma	FFPE
C3L-01054-25	C3L-01054	Pancreatic Ductal Adenocarcinoma	FFPE
C3L-01061-21	C3L-01061	Glioblastoma	FFPE
C3L-01061-22	C3L-01061	Glioblastoma	FFPE
C3L-01064-21	C3L-01064	Uterine Corpus Endometrial Carcinoma	FFPE
C3L-01064-22	C3L-01064	Uterine Corpus Endometrial Carcinoma	FFPE
C3L-01064-23	C3L-01064	Uterine Corpus Endometrial Carcinoma	FFPE
C3L-01064-24	C3L-01064	Uterine Corpus Endometrial Carcinoma	FFPE
C3L-01064-25	C3L-01064	Uterine Corpus Endometrial Carcinoma	FFPE
C3L-01102-21	C3L-01102	Clear Cell Renal Cell Carcinoma	FFPE
C3L-01102-23	C3L-01102	Clear Cell Renal Cell Carcinoma	FFPE
C3L-01102-26	C3L-01102	Clear Cell Renal Cell Carcinoma	FFPE
C3L-01106-21	C3L-01106	Clear Cell Renal Cell Carcinoma	FFPE
C3L-01106-22	C3L-01106	Clear Cell Renal Cell Carcinoma	FFPE
C3L-01106-26	C3L-01106	Clear Cell Renal Cell Carcinoma	FFPE
C3L-01107-21	C3L-01107	Clear Cell Renal Cell Carcinoma	FFPE
C3L-01107-22	C3L-01107	Clear Cell Renal Cell Carcinoma	FFPE
C3L-01107-27	C3L-01107	Clear Cell Renal Cell Carcinoma	FFPE
C3L-01124-21	C3L-01124	Pancreatic Ductal Adenocarcinoma	FFPE
C3L-01124-22	C3L-01124	Pancreatic Ductal Adenocarcinoma	FFPE
C3L-01124-24	C3L-01124	Pancreatic Ductal Adenocarcinoma	FFPE
C3L-01142-21	C3L-01142	Glioblastoma	FFPE
C3L-01142-22	C3L-01142	Glioblastoma	FFPE
C3L-01146-22	C3L-01146	Glioblastoma	FFPE
C3L-01146-25	C3L-01146	Glioblastoma	FFPE
C3L-01149-21	C3L-01149	Glioblastoma	FFPE
C3L-01149-22	C3L-01149	Glioblastoma	FFPE
C3L-01154-22	C3L-01154	Glioblastoma	FFPE
C3L-01154-23	C3L-01154	Glioblastoma	FFPE
C3L-01155-21	C3L-01155	Glioblastoma	FFPE
C3L-01155-22	C3L-01155	Glioblastoma	FFPE
C3L-01156-21	C3L-01156	Glioblastoma	FFPE
C3L-01156-22	C3L-01156	Glioblastoma	FFPE
C3L-01157-21	C3L-01157	Glioblastoma	FFPE
C3L-01157-23	C3L-01157	Glioblastoma	FFPE
C3L-01158-21	C3L-01158	Pancreatic Ductal Adenocarcinoma	FFPE
C3L-01158-23	C3L-01158	Pancreatic Ductal Adenocarcinoma	FFPE
C3L-01158-25	C3L-01158	Pancreatic Ductal Adenocarcinoma	FFPE
C3L-01160-21	C3L-01160	Pancreatic Ductal Adenocarcinoma	FFPE
C3L-01160-24	C3L-01160	Pancreatic Ductal Adenocarcinoma	FFPE
C3L-01160-25	C3L-01160	Pancreatic Ductal Adenocarcinoma	FFPE
C3L-01232-22	C3L-01232	Glioblastoma	FFPE
C3L-01232-24	C3L-01232	Glioblastoma	FFPE
C3L-01246-21	C3L-01246	Uterine Corpus Endometrial Carcinoma	FFPE
C3L-01246-22	C3L-01246	Uterine Corpus Endometrial Carcinoma	FFPE
C3L-01247-21	C3L-01247	Uterine Corpus Endometrial Carcinoma	FFPE
C3L-01248-21	C3L-01248	Uterine Corpus Endometrial Carcinoma	FFPE
C3L-01248-22	C3L-01248	Uterine Corpus Endometrial Carcinoma	FFPE
C3L-01249-21	C3L-01249	Uterine Corpus Endometrial Carcinoma	FFPE
C3L-01249-22	C3L-01249	Uterine Corpus Endometrial Carcinoma	FFPE
C3L-01252-21	C3L-01252	Uterine Corpus Endometrial Carcinoma	FFPE
C3L-01252-22	C3L-01252	Uterine Corpus Endometrial Carcinoma	FFPE
C3L-01253-21	C3L-01253	Uterine Corpus Endometrial Carcinoma	FFPE
C3L-01253-22	C3L-01253	Uterine Corpus Endometrial Carcinoma	FFPE
C3L-01256-21	C3L-01256	Uterine Corpus Endometrial Carcinoma	FFPE
C3L-01256-22	C3L-01256	Uterine Corpus Endometrial Carcinoma	FFPE
C3L-01257-21	C3L-01257	Uterine Corpus Endometrial Carcinoma	FFPE
C3L-01257-22	C3L-01257	Uterine Corpus Endometrial Carcinoma	FFPE
C3L-01274-21	C3L-01274	Uterine Corpus Endometrial Carcinoma	FFPE
C3L-01275-21	C3L-01275	Uterine Corpus Endometrial Carcinoma	FFPE
C3L-01275-22	C3L-01275	Uterine Corpus Endometrial Carcinoma	FFPE
C3L-01277-21	C3L-01277	Uterine Corpus Endometrial Carcinoma	FFPE
C3L-01277-22	C3L-01277	Uterine Corpus Endometrial Carcinoma	FFPE
C3L-01279-21	C3L-01279	Clear Cell Renal Cell Carcinoma	FFPE
C3L-01279-22	C3L-01279	Clear Cell Renal Cell Carcinoma	FFPE
C3L-01279-23	C3L-01279	Clear Cell Renal Cell Carcinoma	FFPE
C3L-01279-26	C3L-01279	Clear Cell Renal Cell Carcinoma	FFPE
C3L-01281-21	C3L-01281	Clear Cell Renal Cell Carcinoma	FFPE
C3L-01281-22	C3L-01281	Clear Cell Renal Cell Carcinoma	FFPE
C3L-01281-23	C3L-01281	Clear Cell Renal Cell Carcinoma	FFPE
C3L-01281-26	C3L-01281	Clear Cell Renal Cell Carcinoma	FFPE
C3L-01282-21	C3L-01282	Uterine Corpus Endometrial Carcinoma	FFPE
C3L-01282-26	C3L-01282	Uterine Corpus Endometrial Carcinoma	FFPE
C3L-01283-21	C3L-01283	Clear Cell Renal Cell Carcinoma	FFPE
C3L-01284-21	C3L-01284	Uterine Corpus Endometrial Carcinoma	FFPE
C3L-01284-22	C3L-01284	Uterine Corpus Endometrial Carcinoma	FFPE
C3L-01284-23	C3L-01284	Uterine Corpus Endometrial Carcinoma	FFPE
C3L-01284-26	C3L-01284	Uterine Corpus Endometrial Carcinoma	FFPE
C3L-01286-21	C3L-01286	Clear Cell Renal Cell Carcinoma	FFPE
C3L-01286-22	C3L-01286	Clear Cell Renal Cell Carcinoma	FFPE
C3L-01286-23	C3L-01286	Clear Cell Renal Cell Carcinoma	FFPE
C3L-01286-26	C3L-01286	Clear Cell Renal Cell Carcinoma	FFPE
C3L-01287-21	C3L-01287	Clear Cell Renal Cell Carcinoma	FFPE
C3L-01287-22	C3L-01287	Clear Cell Renal Cell Carcinoma	FFPE
C3L-01287-23	C3L-01287	Clear Cell Renal Cell Carcinoma	FFPE
C3L-01287-26	C3L-01287	Clear Cell Renal Cell Carcinoma	FFPE
C3L-01288-22	C3L-01288	Clear Cell Renal Cell Carcinoma	FFPE
C3L-01288-23	C3L-01288	Clear Cell Renal Cell Carcinoma	FFPE
C3L-01302-23	C3L-01302	Clear Cell Renal Cell Carcinoma	FFPE
C3L-01302-26	C3L-01302	Clear Cell Renal Cell Carcinoma	FFPE
C3L-01304-21	C3L-01304	Uterine Corpus Endometrial Carcinoma	FFPE
C3L-01304-22	C3L-01304	Uterine Corpus Endometrial Carcinoma	FFPE
C3L-01304-23	C3L-01304	Uterine Corpus Endometrial Carcinoma	FFPE
C3L-01304-26	C3L-01304	Uterine Corpus Endometrial Carcinoma	FFPE
C3L-01307-21	C3L-01307	Uterine Corpus Endometrial Carcinoma	FFPE
C3L-01307-22	C3L-01307	Uterine Corpus Endometrial Carcinoma	FFPE
C3L-01307-23	C3L-01307	Uterine Corpus Endometrial Carcinoma	FFPE
C3L-01307-26	C3L-01307	Uterine Corpus Endometrial Carcinoma	FFPE
C3L-01311-21	C3L-01311	Uterine Corpus Endometrial Carcinoma	FFPE
C3L-01311-26	C3L-01311	Uterine Corpus Endometrial Carcinoma	FFPE
C3L-01312-21	C3L-01312	Uterine Corpus Endometrial Carcinoma	FFPE
C3L-01312-22	C3L-01312	Uterine Corpus Endometrial Carcinoma	FFPE
C3L-01312-26	C3L-01312	Uterine Corpus Endometrial Carcinoma	FFPE
C3L-01313-23	C3L-01313	Clear Cell Renal Cell Carcinoma	FFPE
C3L-01313-26	C3L-01313	Clear Cell Renal Cell Carcinoma	FFPE
C3L-01327-21	C3L-01327	Glioblastoma	FFPE
C3L-01328-21	C3L-01328	Pancreatic Ductal Adenocarcinoma	FFPE
C3L-01328-22	C3L-01328	Pancreatic Ductal Adenocarcinoma	FFPE
C3L-01328-23	C3L-01328	Pancreatic Ductal Adenocarcinoma	FFPE
C3L-01328-24	C3L-01328	Pancreatic Ductal Adenocarcinoma	FFPE
C3L-01330-21	C3L-01330	Lung Adenocarcinoma	FFPE
C3L-01330-22	C3L-01330	Lung Adenocarcinoma	FFPE
C3L-01330-23	C3L-01330	Lung Adenocarcinoma	FFPE
C3L-01330-24	C3L-01330	Lung Adenocarcinoma	FFPE
C3L-01330-25	C3L-01330	Lung Adenocarcinoma	FFPE
C3L-01330-26	C3L-01330	Lung Adenocarcinoma	FFPE
C3L-01352-21	C3L-01352	Clear Cell Renal Cell Carcinoma	FFPE
C3L-01352-22	C3L-01352	Clear Cell Renal Cell Carcinoma	FFPE
C3L-01352-23	C3L-01352	Clear Cell Renal Cell Carcinoma	FFPE
C3L-01355-21	C3L-01355	Uterine Corpus Endometrial Carcinoma	FFPE
C3L-01355-22	C3L-01355	Uterine Corpus Endometrial Carcinoma	FFPE
C3L-01355-23	C3L-01355	Uterine Corpus Endometrial Carcinoma	FFPE
C3L-01355-24	C3L-01355	Uterine Corpus Endometrial Carcinoma	FFPE
C3L-01355-25	C3L-01355	Uterine Corpus Endometrial Carcinoma	FFPE
C3L-01355-26	C3L-01355	Uterine Corpus Endometrial Carcinoma	FFPE
C3L-01453-21	C3L-01453	Pancreatic Ductal Adenocarcinoma	FFPE
C3L-01453-22	C3L-01453	Pancreatic Ductal Adenocarcinoma	FFPE
C3L-01453-23	C3L-01453	Pancreatic Ductal Adenocarcinoma	FFPE
C3L-01453-24	C3L-01453	Pancreatic Ductal Adenocarcinoma	FFPE
C3L-01453-25	C3L-01453	Pancreatic Ductal Adenocarcinoma	FFPE
C3L-01453-26	C3L-01453	Pancreatic Ductal Adenocarcinoma	FFPE
C3L-01459-21	C3L-01459	Clear Cell Renal Cell Carcinoma	FFPE
C3L-01462-21	C3L-01462	Clear Cell Renal Cell Carcinoma	FFPE
C3L-01462-22	C3L-01462	Clear Cell Renal Cell Carcinoma	FFPE
C3L-01464-21	C3L-01464	Clear Cell Renal Cell Carcinoma	FFPE
C3L-01464-22	C3L-01464	Clear Cell Renal Cell Carcinoma	FFPE
C3L-01465-21	C3L-01465	Clear Cell Renal Cell Carcinoma	FFPE
C3L-01465-22	C3L-01465	Clear Cell Renal Cell Carcinoma	FFPE
C3L-01470-21	C3L-01470	Clear Cell Renal Cell Carcinoma	FFPE
C3L-01470-22	C3L-01470	Clear Cell Renal Cell Carcinoma	FFPE
C3L-01553-21	C3L-01553	Clear Cell Renal Cell Carcinoma	FFPE
C3L-01553-22	C3L-01553	Clear Cell Renal Cell Carcinoma	FFPE
C3L-01557-21	C3L-01557	Clear Cell Renal Cell Carcinoma	FFPE
C3L-01557-22	C3L-01557	Clear Cell Renal Cell Carcinoma	FFPE
C3L-01560-21	C3L-01560	Clear Cell Renal Cell Carcinoma	FFPE
C3L-01560-22	C3L-01560	Clear Cell Renal Cell Carcinoma	FFPE
C3L-01598-22	C3L-01598	Pancreatic Ductal Adenocarcinoma	FFPE
C3L-01598-23	C3L-01598	Pancreatic Ductal Adenocarcinoma	FFPE
C3L-01598-26	C3L-01598	Pancreatic Ductal Adenocarcinoma	FFPE
C3L-01599-22	C3L-01599	Uterine Corpus Endometrial Carcinoma	FFPE
C3L-01599-23	C3L-01599	Uterine Corpus Endometrial Carcinoma	FFPE
C3L-01599-26	C3L-01599	Uterine Corpus Endometrial Carcinoma	FFPE
C3L-01603-21	C3L-01603	Clear Cell Renal Cell Carcinoma	FFPE
C3L-01603-22	C3L-01603	Clear Cell Renal Cell Carcinoma	FFPE
C3L-01603-23	C3L-01603	Clear Cell Renal Cell Carcinoma	FFPE
C3L-01603-26	C3L-01603	Clear Cell Renal Cell Carcinoma	FFPE
C3L-01604-21	C3L-01604	Uterine Corpus Endometrial Carcinoma	FFPE
C3L-01604-22	C3L-01604	Uterine Corpus Endometrial Carcinoma	FFPE
C3L-01604-23	C3L-01604	Uterine Corpus Endometrial Carcinoma	FFPE
C3L-01604-26	C3L-01604	Uterine Corpus Endometrial Carcinoma	FFPE
C3L-01607-21	C3L-01607	Clear Cell Renal Cell Carcinoma	FFPE
C3L-01607-22	C3L-01607	Clear Cell Renal Cell Carcinoma	FFPE
C3L-01607-23	C3L-01607	Clear Cell Renal Cell Carcinoma	FFPE
C3L-01607-26	C3L-01607	Clear Cell Renal Cell Carcinoma	FFPE
C3L-01631-21	C3L-01631	Uterine Corpus Endometrial Carcinoma	FFPE
C3L-01631-23	C3L-01631	Uterine Corpus Endometrial Carcinoma	FFPE
C3L-01631-26	C3L-01631	Uterine Corpus Endometrial Carcinoma	FFPE
C3L-01632-21	C3L-01632	Lung Adenocarcinoma	FFPE
C3L-01632-22	C3L-01632	Lung Adenocarcinoma	FFPE
C3L-01632-23	C3L-01632	Lung Adenocarcinoma	FFPE
C3L-01632-26	C3L-01632	Lung Adenocarcinoma	FFPE
C3L-01633-21	C3L-01633	Uterine Corpus Endometrial Carcinoma	FFPE
C3L-01633-22	C3L-01633	Uterine Corpus Endometrial Carcinoma	FFPE
C3L-01633-23	C3L-01633	Uterine Corpus Endometrial Carcinoma	FFPE
C3L-01633-26	C3L-01633	Uterine Corpus Endometrial Carcinoma	FFPE
C3L-01637-21	C3L-01637	Pancreatic Ductal Adenocarcinoma	FFPE
C3L-01637-22	C3L-01637	Pancreatic Ductal Adenocarcinoma	FFPE
C3L-01637-23	C3L-01637	Pancreatic Ductal Adenocarcinoma	FFPE
C3L-01637-26	C3L-01637	Pancreatic Ductal Adenocarcinoma	FFPE
C3L-01639-21	C3L-01639	Uterine Corpus Endometrial Carcinoma	FFPE
C3L-01639-26	C3L-01639	Uterine Corpus Endometrial Carcinoma	FFPE
C3L-01662-21	C3L-01662	Pancreatic Ductal Adenocarcinoma	FFPE
C3L-01662-22	C3L-01662	Pancreatic Ductal Adenocarcinoma	FFPE
C3L-01662-23	C3L-01662	Pancreatic Ductal Adenocarcinoma	FFPE
C3L-01662-26	C3L-01662	Pancreatic Ductal Adenocarcinoma	FFPE
C3L-01664-21	C3L-01664	Uterine Corpus Endometrial Carcinoma	FFPE
C3L-01664-22	C3L-01664	Uterine Corpus Endometrial Carcinoma	FFPE
C3L-01664-23	C3L-01664	Uterine Corpus Endometrial Carcinoma	FFPE
C3L-01664-26	C3L-01664	Uterine Corpus Endometrial Carcinoma	FFPE
C3L-01665-21	C3L-01665	Clear Cell Renal Cell Carcinoma	FFPE
C3L-01665-23	C3L-01665	Clear Cell Renal Cell Carcinoma	FFPE
C3L-01665-26	C3L-01665	Clear Cell Renal Cell Carcinoma	FFPE
C3L-01668-21	C3L-01668	Uterine Corpus Endometrial Carcinoma	FFPE
C3L-01668-26	C3L-01668	Uterine Corpus Endometrial Carcinoma	FFPE
C3L-01672-21	C3L-01672	Uterine Corpus Endometrial Carcinoma	FFPE
C3L-01676-21	C3L-01676	Clear Cell Renal Cell Carcinoma	FFPE
C3L-01676-22	C3L-01676	Clear Cell Renal Cell Carcinoma	FFPE
C3L-01676-23	C3L-01676	Clear Cell Renal Cell Carcinoma	FFPE
C3L-01676-24	C3L-01676	Clear Cell Renal Cell Carcinoma	FFPE
C3L-01676-25	C3L-01676	Clear Cell Renal Cell Carcinoma	FFPE
C3L-01676-26	C3L-01676	Clear Cell Renal Cell Carcinoma	FFPE
C3L-01676-27	C3L-01676	Clear Cell Renal Cell Carcinoma	FFPE
C3L-01681-26	C3L-01681	Clear Cell Renal Cell Carcinoma	FFPE
C3L-01681-27	C3L-01681	Clear Cell Renal Cell Carcinoma	FFPE
C3L-01681-28	C3L-01681	Clear Cell Renal Cell Carcinoma	FFPE
C3L-01681-29	C3L-01681	Clear Cell Renal Cell Carcinoma	FFPE
C3L-01682-21	C3L-01682	Lung Adenocarcinoma	FFPE
C3L-01682-22	C3L-01682	Lung Adenocarcinoma	FFPE
C3L-01682-23	C3L-01682	Lung Adenocarcinoma	FFPE
C3L-01682-24	C3L-01682	Lung Adenocarcinoma	FFPE
C3L-01683-26	C3L-01683	Lung Adenocarcinoma	FFPE
C3L-01683-27	C3L-01683	Lung Adenocarcinoma	FFPE
C3L-01683-28	C3L-01683	Lung Adenocarcinoma	FFPE
C3L-01683-29	C3L-01683	Lung Adenocarcinoma	FFPE
C3L-01687-21	C3L-01687	Pancreatic Ductal Adenocarcinoma	FFPE
C3L-01687-22	C3L-01687	Pancreatic Ductal Adenocarcinoma	FFPE
C3L-01687-23	C3L-01687	Pancreatic Ductal Adenocarcinoma	FFPE
C3L-01687-24	C3L-01687	Pancreatic Ductal Adenocarcinoma	FFPE
C3L-01689-21	C3L-01689	Pancreatic Ductal Adenocarcinoma	FFPE
C3L-01689-22	C3L-01689	Pancreatic Ductal Adenocarcinoma	FFPE
C3L-01689-23	C3L-01689	Pancreatic Ductal Adenocarcinoma	FFPE
C3L-01689-24	C3L-01689	Pancreatic Ductal Adenocarcinoma	FFPE
C3L-01702-21	C3L-01702	Pancreatic Ductal Adenocarcinoma	FFPE
C3L-01702-22	C3L-01702	Pancreatic Ductal Adenocarcinoma	FFPE
C3L-01702-23	C3L-01702	Pancreatic Ductal Adenocarcinoma	FFPE
C3L-01702-24	C3L-01702	Pancreatic Ductal Adenocarcinoma	FFPE
C3L-01703-26	C3L-01703	Pancreatic Ductal Adenocarcinoma	FFPE
C3L-01703-27	C3L-01703	Pancreatic Ductal Adenocarcinoma	FFPE
C3L-01703-28	C3L-01703	Pancreatic Ductal Adenocarcinoma	FFPE
C3L-01703-29	C3L-01703	Pancreatic Ductal Adenocarcinoma	FFPE
C3L-01729-21	C3L-01729	Uterine Corpus Endometrial Carcinoma	FFPE
C3L-01729-22	C3L-01729	Uterine Corpus Endometrial Carcinoma	FFPE
C3L-01732-21	C3L-01732	Uterine Corpus Endometrial Carcinoma	FFPE
C3L-01732-22	C3L-01732	Uterine Corpus Endometrial Carcinoma	FFPE
C3L-01739-21	C3L-01739	Uterine Corpus Endometrial Carcinoma	FFPE
C3L-01739-22	C3L-01739	Uterine Corpus Endometrial Carcinoma	FFPE
C3L-01744-21	C3L-01744	Uterine Corpus Endometrial Carcinoma	FFPE
C3L-01744-22	C3L-01744	Uterine Corpus Endometrial Carcinoma	FFPE
C3L-01749-21	C3L-01749	Uterine Corpus Endometrial Carcinoma	FFPE
C3L-01749-22	C3L-01749	Uterine Corpus Endometrial Carcinoma	FFPE
C3L-01833-21	C3L-01833	Uterine Corpus Endometrial Carcinoma	FFPE
C3L-01833-22	C3L-01833	Uterine Corpus Endometrial Carcinoma	FFPE
C3L-01834-22	C3L-01834	Glioblastoma	FFPE
C3L-01836-21	C3L-01836	Clear Cell Renal Cell Carcinoma	FFPE
C3L-01836-22	C3L-01836	Clear Cell Renal Cell Carcinoma	FFPE
C3L-01836-23	C3L-01836	Clear Cell Renal Cell Carcinoma	FFPE
C3L-01836-26	C3L-01836	Clear Cell Renal Cell Carcinoma	FFPE
C3L-01839-22	C3L-01839	Glioblastoma	FFPE
C3L-01839-23	C3L-01839	Glioblastoma	FFPE
C3L-01840-21	C3L-01840	Uterine Corpus Endometrial Carcinoma	FFPE
C3L-01840-22	C3L-01840	Uterine Corpus Endometrial Carcinoma	FFPE
C3L-01840-23	C3L-01840	Uterine Corpus Endometrial Carcinoma	FFPE
C3L-01840-26	C3L-01840	Uterine Corpus Endometrial Carcinoma	FFPE
C3L-01861-21	C3L-01861	Clear Cell Renal Cell Carcinoma	FFPE
C3L-01861-22	C3L-01861	Clear Cell Renal Cell Carcinoma	FFPE
C3L-01861-23	C3L-01861	Clear Cell Renal Cell Carcinoma	FFPE
C3L-01861-26	C3L-01861	Clear Cell Renal Cell Carcinoma	FFPE
C3L-01862-21	C3L-01862	Lung Adenocarcinoma	FFPE
C3L-01862-22	C3L-01862	Lung Adenocarcinoma	FFPE
C3L-01862-23	C3L-01862	Lung Adenocarcinoma	FFPE
C3L-01862-26	C3L-01862	Lung Adenocarcinoma	FFPE
C3L-01864-21	C3L-01864	Uterine Corpus Endometrial Carcinoma	FFPE
C3L-01864-22	C3L-01864	Uterine Corpus Endometrial Carcinoma	FFPE
C3L-01864-23	C3L-01864	Uterine Corpus Endometrial Carcinoma	FFPE
C3L-01864-26	C3L-01864	Uterine Corpus Endometrial Carcinoma	FFPE
C3L-01869-21	C3L-01869	Clear Cell Renal Cell Carcinoma	FFPE
C3L-01869-22	C3L-01869	Clear Cell Renal Cell Carcinoma	FFPE
C3L-01869-23	C3L-01869	Clear Cell Renal Cell Carcinoma	FFPE
C3L-01869-26	C3L-01869	Clear Cell Renal Cell Carcinoma	FFPE
C3L-01882-21	C3L-01882	Clear Cell Renal Cell Carcinoma	FFPE
C3L-01882-26	C3L-01882	Clear Cell Renal Cell Carcinoma	FFPE
C3L-01885-21	C3L-01885	Clear Cell Renal Cell Carcinoma	FFPE
C3L-01885-22	C3L-01885	Clear Cell Renal Cell Carcinoma	FFPE
C3L-01885-23	C3L-01885	Clear Cell Renal Cell Carcinoma	FFPE
C3L-01885-26	C3L-01885	Clear Cell Renal Cell Carcinoma	FFPE
C3L-01887-21	C3L-01887	Glioblastoma	FFPE
C3L-01889-21	C3L-01889	Lung Adenocarcinoma	FFPE
C3L-01889-26	C3L-01889	Lung Adenocarcinoma	FFPE
C3L-01890-22	C3L-01890	Lung Adenocarcinoma	FFPE
C3L-01890-26	C3L-01890	Lung Adenocarcinoma	FFPE
C3L-01913-21	C3L-01913	Uterine Corpus Endometrial Carcinoma	FFPE
C3L-01913-26	C3L-01913	Uterine Corpus Endometrial Carcinoma	FFPE
C3L-01924-21	C3L-01924	Lung Adenocarcinoma	FFPE
C3L-01924-22	C3L-01924	Lung Adenocarcinoma	FFPE
C3L-01924-23	C3L-01924	Lung Adenocarcinoma	FFPE
C3L-01924-24	C3L-01924	Lung Adenocarcinoma	FFPE
C3L-01924-25	C3L-01924	Lung Adenocarcinoma	FFPE
C3L-01924-27	C3L-01924	Lung Adenocarcinoma	FFPE
C3L-01924-28	C3L-01924	Lung Adenocarcinoma	FFPE
C3L-01925-22	C3L-01925	Uterine Corpus Endometrial Carcinoma	FFPE
C3L-01925-23	C3L-01925	Uterine Corpus Endometrial Carcinoma	FFPE
C3L-01925-27	C3L-01925	Uterine Corpus Endometrial Carcinoma	FFPE
C3L-01925-28	C3L-01925	Uterine Corpus Endometrial Carcinoma	FFPE
C3L-01929-21	C3L-01929	Clear Cell Renal Cell Carcinoma	FFPE
C3L-01929-22	C3L-01929	Clear Cell Renal Cell Carcinoma	FFPE
C3L-01951-21	C3L-01951	Clear Cell Renal Cell Carcinoma	FFPE
C3L-01951-22	C3L-01951	Clear Cell Renal Cell Carcinoma	FFPE
C3L-01952-21	C3L-01952	Clear Cell Renal Cell Carcinoma	FFPE
C3L-01954-21	C3L-01954	Clear Cell Renal Cell Carcinoma	FFPE
C3L-01954-22	C3L-01954	Clear Cell Renal Cell Carcinoma	FFPE
C3L-01958-21	C3L-01958	Clear Cell Renal Cell Carcinoma	FFPE
C3L-01963-21	C3L-01963	Clear Cell Renal Cell Carcinoma	FFPE
C3L-01963-22	C3L-01963	Clear Cell Renal Cell Carcinoma	FFPE
C3L-01967-21	C3L-01967	Uterine Corpus Endometrial Carcinoma	FFPE
C3L-01967-22	C3L-01967	Uterine Corpus Endometrial Carcinoma	FFPE
C3L-01967-23	C3L-01967	Uterine Corpus Endometrial Carcinoma	FFPE
C3L-01967-24	C3L-01967	Uterine Corpus Endometrial Carcinoma	FFPE
C3L-01967-25	C3L-01967	Uterine Corpus Endometrial Carcinoma	FFPE
C3L-01967-26	C3L-01967	Uterine Corpus Endometrial Carcinoma	FFPE
C3L-01971-21	C3L-01971	Pancreatic Ductal Adenocarcinoma	FFPE
C3L-01971-22	C3L-01971	Pancreatic Ductal Adenocarcinoma	FFPE
C3L-01971-23	C3L-01971	Pancreatic Ductal Adenocarcinoma	FFPE
C3L-01971-24	C3L-01971	Pancreatic Ductal Adenocarcinoma	FFPE
C3L-01971-25	C3L-01971	Pancreatic Ductal Adenocarcinoma	FFPE
C3L-01971-26	C3L-01971	Pancreatic Ductal Adenocarcinoma	FFPE
C3L-01976-21	C3L-01976	Clear Cell Renal Cell Carcinoma	FFPE
C3L-01976-22	C3L-01976	Clear Cell Renal Cell Carcinoma	FFPE
C3L-01976-23	C3L-01976	Clear Cell Renal Cell Carcinoma	FFPE
C3L-01976-24	C3L-01976	Clear Cell Renal Cell Carcinoma	FFPE
C3L-01976-25	C3L-01976	Clear Cell Renal Cell Carcinoma	FFPE
C3L-01976-26	C3L-01976	Clear Cell Renal Cell Carcinoma	FFPE
C3L-01978-21	C3L-01978	Clear Cell Renal Cell Carcinoma	FFPE
C3L-01978-22	C3L-01978	Clear Cell Renal Cell Carcinoma	FFPE
C3L-01978-23	C3L-01978	Clear Cell Renal Cell Carcinoma	FFPE
C3L-01978-24	C3L-01978	Clear Cell Renal Cell Carcinoma	FFPE
C3L-01978-25	C3L-01978	Clear Cell Renal Cell Carcinoma	FFPE
C3L-01978-26	C3L-01978	Clear Cell Renal Cell Carcinoma	FFPE
C3L-02041-21	C3L-02041	Glioblastoma	FFPE
C3L-02041-22	C3L-02041	Glioblastoma	FFPE
C3L-02109-21	C3L-02109	Pancreatic Ductal Adenocarcinoma	FFPE
C3L-02109-22	C3L-02109	Pancreatic Ductal Adenocarcinoma	FFPE
C3L-02109-23	C3L-02109	Pancreatic Ductal Adenocarcinoma	FFPE
C3L-02109-24	C3L-02109	Pancreatic Ductal Adenocarcinoma	FFPE
C3L-02112-21	C3L-02112	Pancreatic Ductal Adenocarcinoma	FFPE
C3L-02112-22	C3L-02112	Pancreatic Ductal Adenocarcinoma	FFPE
C3L-02112-23	C3L-02112	Pancreatic Ductal Adenocarcinoma	FFPE
C3L-02112-24	C3L-02112	Pancreatic Ductal Adenocarcinoma	FFPE
C3L-02115-26	C3L-02115	Pancreatic Ductal Adenocarcinoma	FFPE
C3L-02115-27	C3L-02115	Pancreatic Ductal Adenocarcinoma	FFPE
C3L-02115-28	C3L-02115	Pancreatic Ductal Adenocarcinoma	FFPE
C3L-02115-29	C3L-02115	Pancreatic Ductal Adenocarcinoma	FFPE
C3L-02116-21	C3L-02116	Pancreatic Ductal Adenocarcinoma	FFPE
C3L-02116-22	C3L-02116	Pancreatic Ductal Adenocarcinoma	FFPE
C3L-02116-23	C3L-02116	Pancreatic Ductal Adenocarcinoma	FFPE
C3L-02116-24	C3L-02116	Pancreatic Ductal Adenocarcinoma	FFPE
C3L-02118-21	C3L-02118	Pancreatic Ductal Adenocarcinoma	FFPE
C3L-02118-22	C3L-02118	Pancreatic Ductal Adenocarcinoma	FFPE
C3L-02118-23	C3L-02118	Pancreatic Ductal Adenocarcinoma	FFPE
C3L-02118-24	C3L-02118	Pancreatic Ductal Adenocarcinoma	FFPE
C3L-02119-21	C3L-02119	Uterine Corpus Endometrial Carcinoma	FFPE
C3L-02119-22	C3L-02119	Uterine Corpus Endometrial Carcinoma	FFPE
C3L-02119-23	C3L-02119	Uterine Corpus Endometrial Carcinoma	FFPE
C3L-02119-24	C3L-02119	Uterine Corpus Endometrial Carcinoma	FFPE
C3L-02119-25	C3L-02119	Uterine Corpus Endometrial Carcinoma	FFPE
C3L-02119-26	C3L-02119	Uterine Corpus Endometrial Carcinoma	FFPE
C3L-02119-27	C3L-02119	Uterine Corpus Endometrial Carcinoma	FFPE
C3L-02119-28	C3L-02119	Uterine Corpus Endometrial Carcinoma	FFPE
C3L-02121-21	C3L-02121	Uterine Corpus Endometrial Carcinoma	FFPE
C3L-02121-22	C3L-02121	Uterine Corpus Endometrial Carcinoma	FFPE
C3L-02121-23	C3L-02121	Uterine Corpus Endometrial Carcinoma	FFPE
C3L-02121-24	C3L-02121	Uterine Corpus Endometrial Carcinoma	FFPE
C3L-02121-25	C3L-02121	Uterine Corpus Endometrial Carcinoma	FFPE
C3L-02121-26	C3L-02121	Uterine Corpus Endometrial Carcinoma	FFPE
C3L-02121-27	C3L-02121	Uterine Corpus Endometrial Carcinoma	FFPE
C3L-02121-28	C3L-02121	Uterine Corpus Endometrial Carcinoma	FFPE
C3L-02125-24	C3L-02125	Uterine Corpus Endometrial Carcinoma	FFPE
C3L-02125-25	C3L-02125	Uterine Corpus Endometrial Carcinoma	FFPE
C3L-02125-26	C3L-02125	Uterine Corpus Endometrial Carcinoma	FFPE
C3L-02125-27	C3L-02125	Uterine Corpus Endometrial Carcinoma	FFPE
C3L-02125-28	C3L-02125	Uterine Corpus Endometrial Carcinoma	FFPE
C3L-02129-21	C3L-02129	Lung Adenocarcinoma	FFPE
C3L-02129-22	C3L-02129	Lung Adenocarcinoma	FFPE
C3L-02129-23	C3L-02129	Lung Adenocarcinoma	FFPE
C3L-02129-24	C3L-02129	Lung Adenocarcinoma	FFPE
C3L-02165-21	C3L-02165	Lung Adenocarcinoma	FFPE
C3L-02165-22	C3L-02165	Lung Adenocarcinoma	FFPE
C3L-02165-23	C3L-02165	Lung Adenocarcinoma	FFPE
C3L-02165-24	C3L-02165	Lung Adenocarcinoma	FFPE
C3L-02165-25	C3L-02165	Lung Adenocarcinoma	FFPE
C3L-02169-21	C3L-02169	Lung Adenocarcinoma	FFPE
C3L-02169-22	C3L-02169	Lung Adenocarcinoma	FFPE
C3L-02169-23	C3L-02169	Lung Adenocarcinoma	FFPE
C3L-02169-24	C3L-02169	Lung Adenocarcinoma	FFPE
C3L-02169-25	C3L-02169	Lung Adenocarcinoma	FFPE
C3L-02169-26	C3L-02169	Lung Adenocarcinoma	FFPE
C3L-02175-21	C3L-02175	Clear Cell Renal Cell Carcinoma	FFPE
C3L-02175-22	C3L-02175	Clear Cell Renal Cell Carcinoma	FFPE
C3L-02176-21	C3L-02176	Clear Cell Renal Cell Carcinoma	FFPE
C3L-02176-22	C3L-02176	Clear Cell Renal Cell Carcinoma	FFPE
C3L-02177-21	C3L-02177	Clear Cell Renal Cell Carcinoma	FFPE
C3L-02177-22	C3L-02177	Clear Cell Renal Cell Carcinoma	FFPE
C3L-02201-21	C3L-02201	Clear Cell Renal Cell Carcinoma	FFPE
C3L-02201-22	C3L-02201	Clear Cell Renal Cell Carcinoma	FFPE
C3L-02202-21	C3L-02202	Clear Cell Renal Cell Carcinoma	FFPE
C3L-02202-22	C3L-02202	Clear Cell Renal Cell Carcinoma	FFPE
C3L-02208-21	C3L-02208	Clear Cell Renal Cell Carcinoma	FFPE
C3L-02208-22	C3L-02208	Clear Cell Renal Cell Carcinoma	FFPE
C3L-02211-21	C3L-02211	Clear Cell Renal Cell Carcinoma	FFPE
C3L-02211-22	C3L-02211	Clear Cell Renal Cell Carcinoma	FFPE
C3L-02214-21	C3L-02214	Clear Cell Renal Cell Carcinoma	FFPE
C3L-02214-22	C3L-02214	Clear Cell Renal Cell Carcinoma	FFPE
C3L-02216-21	C3L-02216	Uterine Corpus Endometrial Carcinoma	FFPE
C3L-02216-22	C3L-02216	Uterine Corpus Endometrial Carcinoma	FFPE
C3L-02216-26	C3L-02216	Uterine Corpus Endometrial Carcinoma	FFPE
C3L-02219-21	C3L-02219	Lung Adenocarcinoma	FFPE
C3L-02219-22	C3L-02219	Lung Adenocarcinoma	FFPE
C3L-02219-26	C3L-02219	Lung Adenocarcinoma	FFPE
C3L-02220-21	C3L-02220	Clear Cell Renal Cell Carcinoma	FFPE
C3L-02220-22	C3L-02220	Clear Cell Renal Cell Carcinoma	FFPE
C3L-02220-23	C3L-02220	Clear Cell Renal Cell Carcinoma	FFPE
C3L-02220-26	C3L-02220	Clear Cell Renal Cell Carcinoma	FFPE
C3L-02345-21	C3L-02345	Lung Adenocarcinoma	FFPE
C3L-02345-22	C3L-02345	Lung Adenocarcinoma	FFPE
C3L-02345-23	C3L-02345	Lung Adenocarcinoma	FFPE
C3L-02345-26	C3L-02345	Lung Adenocarcinoma	FFPE
C3L-02346-21	C3L-02346	Clear Cell Renal Cell Carcinoma	FFPE
C3L-02346-22	C3L-02346	Clear Cell Renal Cell Carcinoma	FFPE
C3L-02346-23	C3L-02346	Clear Cell Renal Cell Carcinoma	FFPE
C3L-02346-26	C3L-02346	Clear Cell Renal Cell Carcinoma	FFPE
C3L-02347-21	C3L-02347	Uterine Corpus Endometrial Carcinoma	FFPE
C3L-02347-22	C3L-02347	Uterine Corpus Endometrial Carcinoma	FFPE
C3L-02347-26	C3L-02347	Uterine Corpus Endometrial Carcinoma	FFPE
C3L-02348-21	C3L-02348	Lung Adenocarcinoma	FFPE
C3L-02348-22	C3L-02348	Lung Adenocarcinoma	FFPE
C3L-02348-26	C3L-02348	Lung Adenocarcinoma	FFPE
C3L-02350-22	C3L-02350	Lung Adenocarcinoma	FFPE
C3L-02350-26	C3L-02350	Lung Adenocarcinoma	FFPE
C3L-02352-21	C3L-02352	Clear Cell Renal Cell Carcinoma	FFPE
C3L-02352-22	C3L-02352	Clear Cell Renal Cell Carcinoma	FFPE
C3L-02352-26	C3L-02352	Clear Cell Renal Cell Carcinoma	FFPE
C3L-02353-21	C3L-02353	Uterine Corpus Endometrial Carcinoma	FFPE
C3L-02353-26	C3L-02353	Uterine Corpus Endometrial Carcinoma	FFPE
C3L-02354-21	C3L-02354	Uterine Corpus Endometrial Carcinoma	FFPE
C3L-02354-22	C3L-02354	Uterine Corpus Endometrial Carcinoma	FFPE
C3L-02354-23	C3L-02354	Uterine Corpus Endometrial Carcinoma	FFPE
C3L-02357-21	C3L-02357	Uterine Corpus Endometrial Carcinoma	FFPE
C3L-02357-22	C3L-02357	Uterine Corpus Endometrial Carcinoma	FFPE
C3L-02357-23	C3L-02357	Uterine Corpus Endometrial Carcinoma	FFPE
C3L-02357-26	C3L-02357	Uterine Corpus Endometrial Carcinoma	FFPE
C3L-02364-21	C3L-02364	Clear Cell Renal Cell Carcinoma	FFPE
C3L-02364-22	C3L-02364	Clear Cell Renal Cell Carcinoma	FFPE
C3L-02364-26	C3L-02364	Clear Cell Renal Cell Carcinoma	FFPE
C3L-02365-21	C3L-02365	Lung Adenocarcinoma	FFPE
C3L-02365-22	C3L-02365	Lung Adenocarcinoma	FFPE
C3L-02365-23	C3L-02365	Lung Adenocarcinoma	FFPE
C3L-02365-24	C3L-02365	Lung Adenocarcinoma	FFPE
C3L-02365-25	C3L-02365	Lung Adenocarcinoma	FFPE
C3L-02382-26	C3L-02382	Uterine Corpus Endometrial Carcinoma	FFPE
C3L-02382-27	C3L-02382	Uterine Corpus Endometrial Carcinoma	FFPE
C3L-02382-28	C3L-02382	Uterine Corpus Endometrial Carcinoma	FFPE
C3L-02382-29	C3L-02382	Uterine Corpus Endometrial Carcinoma	FFPE
C3L-02382-30	C3L-02382	Uterine Corpus Endometrial Carcinoma	FFPE
C3L-02384-21	C3L-02384	Uterine Corpus Endometrial Carcinoma	FFPE
C3L-02384-22	C3L-02384	Uterine Corpus Endometrial Carcinoma	FFPE
C3L-02389-21	C3L-02389	Uterine Corpus Endometrial Carcinoma	FFPE
C3L-02389-22	C3L-02389	Uterine Corpus Endometrial Carcinoma	FFPE
C3L-02392-21	C3L-02392	Uterine Corpus Endometrial Carcinoma	FFPE
C3L-02392-22	C3L-02392	Uterine Corpus Endometrial Carcinoma	FFPE
C3L-02395-21	C3L-02395	Uterine Corpus Endometrial Carcinoma	FFPE
C3L-02399-21	C3L-02399	Uterine Corpus Endometrial Carcinoma	FFPE
C3L-02403-21	C3L-02403	Uterine Corpus Endometrial Carcinoma	FFPE
C3L-02403-22	C3L-02403	Uterine Corpus Endometrial Carcinoma	FFPE
C3L-02408-21	C3L-02408	Uterine Corpus Endometrial Carcinoma	FFPE
C3L-02408-23	C3L-02408	Uterine Corpus Endometrial Carcinoma	FFPE
C3L-02408-25	C3L-02408	Uterine Corpus Endometrial Carcinoma	FFPE
C3L-02408-27	C3L-02408	Uterine Corpus Endometrial Carcinoma	FFPE
C3L-02409-21	C3L-02409	Uterine Corpus Endometrial Carcinoma	FFPE
C3L-02409-23	C3L-02409	Uterine Corpus Endometrial Carcinoma	FFPE
C3L-02409-25	C3L-02409	Uterine Corpus Endometrial Carcinoma	FFPE
C3L-02409-27	C3L-02409	Uterine Corpus Endometrial Carcinoma	FFPE
C3L-02411-22	C3L-02411	Uterine Corpus Endometrial Carcinoma	FFPE
C3L-02411-24	C3L-02411	Uterine Corpus Endometrial Carcinoma	FFPE
C3L-02411-25	C3L-02411	Uterine Corpus Endometrial Carcinoma	FFPE
C3L-02411-27	C3L-02411	Uterine Corpus Endometrial Carcinoma	FFPE
C3L-02412-21	C3L-02412	Uterine Corpus Endometrial Carcinoma	FFPE
C3L-02412-23	C3L-02412	Uterine Corpus Endometrial Carcinoma	FFPE
C3L-02412-25	C3L-02412	Uterine Corpus Endometrial Carcinoma	FFPE
C3L-02412-27	C3L-02412	Uterine Corpus Endometrial Carcinoma	FFPE
C3L-02448-21	C3L-02448	Uterine Corpus Endometrial Carcinoma	FFPE
C3L-02448-26	C3L-02448	Uterine Corpus Endometrial Carcinoma	FFPE
C3L-02449-21	C3L-02449	Uterine Corpus Endometrial Carcinoma	FFPE
C3L-02449-26	C3L-02449	Uterine Corpus Endometrial Carcinoma	FFPE
C3L-02463-21	C3L-02463	Pancreatic Ductal Adenocarcinoma	FFPE
C3L-02463-22	C3L-02463	Pancreatic Ductal Adenocarcinoma	FFPE
C3L-02463-23	C3L-02463	Pancreatic Ductal Adenocarcinoma	FFPE
C3L-02463-24	C3L-02463	Pancreatic Ductal Adenocarcinoma	FFPE
C3L-02463-25	C3L-02463	Pancreatic Ductal Adenocarcinoma	FFPE
C3L-02463-26	C3L-02463	Pancreatic Ductal Adenocarcinoma	FFPE
C3L-02465-21	C3L-02465	Glioblastoma	FFPE
C3L-02465-22	C3L-02465	Glioblastoma	FFPE
C3L-02468-21	C3L-02468	Uterine Corpus Endometrial Carcinoma	FFPE
C3L-02468-22	C3L-02468	Uterine Corpus Endometrial Carcinoma	FFPE
C3L-02468-23	C3L-02468	Uterine Corpus Endometrial Carcinoma	FFPE
C3L-02468-24	C3L-02468	Uterine Corpus Endometrial Carcinoma	FFPE
C3L-02468-25	C3L-02468	Uterine Corpus Endometrial Carcinoma	FFPE
C3L-02468-26	C3L-02468	Uterine Corpus Endometrial Carcinoma	FFPE
C3L-02504-21	C3L-02504	Glioblastoma	FFPE
C3L-02504-22	C3L-02504	Glioblastoma	FFPE
C3L-02508-21	C3L-02508	Lung Adenocarcinoma	FFPE
C3L-02508-22	C3L-02508	Lung Adenocarcinoma	FFPE
C3L-02508-23	C3L-02508	Lung Adenocarcinoma	FFPE
C3L-02508-24	C3L-02508	Lung Adenocarcinoma	FFPE
C3L-02508-25	C3L-02508	Lung Adenocarcinoma	FFPE
C3L-02508-26	C3L-02508	Lung Adenocarcinoma	FFPE
C3L-02513-21	C3L-02513	Lung Adenocarcinoma	FFPE
C3L-02513-22	C3L-02513	Lung Adenocarcinoma	FFPE
C3L-02513-23	C3L-02513	Lung Adenocarcinoma	FFPE
C3L-02513-24	C3L-02513	Lung Adenocarcinoma	FFPE
C3L-02513-25	C3L-02513	Lung Adenocarcinoma	FFPE
C3L-02515-21	C3L-02515	Lung Adenocarcinoma	FFPE
C3L-02515-22	C3L-02515	Lung Adenocarcinoma	FFPE
C3L-02515-23	C3L-02515	Lung Adenocarcinoma	FFPE
C3L-02515-24	C3L-02515	Lung Adenocarcinoma	FFPE
C3L-02515-25	C3L-02515	Lung Adenocarcinoma	FFPE
C3L-02542-21	C3L-02542	Glioblastoma	FFPE
C3L-02542-22	C3L-02542	Glioblastoma	FFPE
C3L-02542-23	C3L-02542	Glioblastoma	FFPE
C3L-02544-21	C3L-02544	Clear Cell Renal Cell Carcinoma	FFPE
C3L-02544-22	C3L-02544	Clear Cell Renal Cell Carcinoma	FFPE
C3L-02544-23	C3L-02544	Clear Cell Renal Cell Carcinoma	FFPE
C3L-02544-26	C3L-02544	Clear Cell Renal Cell Carcinoma	FFPE
C3L-02545-21	C3L-02545	Uterine Corpus Endometrial Carcinoma	FFPE
C3L-02545-22	C3L-02545	Uterine Corpus Endometrial Carcinoma	FFPE
C3L-02545-23	C3L-02545	Uterine Corpus Endometrial Carcinoma	FFPE
C3L-02545-26	C3L-02545	Uterine Corpus Endometrial Carcinoma	FFPE
C3L-02549-21	C3L-02549	Lung Adenocarcinoma	FFPE
C3L-02549-22	C3L-02549	Lung Adenocarcinoma	FFPE
C3L-02549-26	C3L-02549	Lung Adenocarcinoma	FFPE
C3L-02551-21	C3L-02551	Clear Cell Renal Cell Carcinoma	FFPE
C3L-02551-22	C3L-02551	Clear Cell Renal Cell Carcinoma	FFPE
C3L-02551-23	C3L-02551	Clear Cell Renal Cell Carcinoma	FFPE
C3L-02551-26	C3L-02551	Clear Cell Renal Cell Carcinoma	FFPE
C3L-02553-21	C3L-02553	Clear Cell Renal Cell Carcinoma	FFPE
C3L-02555-23	C3L-02555	Uterine Corpus Endometrial Carcinoma	FFPE
C3L-02555-26	C3L-02555	Uterine Corpus Endometrial Carcinoma	FFPE
C3L-02556-21	C3L-02556	Clear Cell Renal Cell Carcinoma	FFPE
C3L-02556-22	C3L-02556	Clear Cell Renal Cell Carcinoma	FFPE
C3L-02556-23	C3L-02556	Clear Cell Renal Cell Carcinoma	FFPE
C3L-02556-26	C3L-02556	Clear Cell Renal Cell Carcinoma	FFPE
C3L-02557-21	C3L-02557	Uterine Corpus Endometrial Carcinoma	FFPE
C3L-02557-22	C3L-02557	Uterine Corpus Endometrial Carcinoma	FFPE
C3L-02557-23	C3L-02557	Uterine Corpus Endometrial Carcinoma	FFPE
C3L-02557-26	C3L-02557	Uterine Corpus Endometrial Carcinoma	FFPE
C3L-02559-21	C3L-02559	Lung Adenocarcinoma	FFPE
C3L-02559-26	C3L-02559	Lung Adenocarcinoma	FFPE
C3L-02560-21	C3L-02560	Lung Adenocarcinoma	FFPE
C3L-02560-22	C3L-02560	Lung Adenocarcinoma	FFPE
C3L-02560-26	C3L-02560	Lung Adenocarcinoma	FFPE
C3L-02601-21	C3L-02601	Lung Adenocarcinoma	FFPE
C3L-02601-26	C3L-02601	Lung Adenocarcinoma	FFPE
C3L-02602-21	C3L-02602	Uterine Corpus Endometrial Carcinoma	FFPE
C3L-02602-22	C3L-02602	Uterine Corpus Endometrial Carcinoma	FFPE
C3L-02602-23	C3L-02602	Uterine Corpus Endometrial Carcinoma	FFPE
C3L-02602-26	C3L-02602	Uterine Corpus Endometrial Carcinoma	FFPE
C3L-02604-21	C3L-02604	Pancreatic Ductal Adenocarcinoma	FFPE
C3L-02606-21	C3L-02606	Pancreatic Ductal Adenocarcinoma	FFPE
C3L-02606-22	C3L-02606	Pancreatic Ductal Adenocarcinoma	FFPE
C3L-02606-23	C3L-02606	Pancreatic Ductal Adenocarcinoma	FFPE
C3L-02606-24	C3L-02606	Pancreatic Ductal Adenocarcinoma	FFPE
C3L-02610-21	C3L-02610	Pancreatic Ductal Adenocarcinoma	FFPE
C3L-02610-22	C3L-02610	Pancreatic Ductal Adenocarcinoma	FFPE
C3L-02610-23	C3L-02610	Pancreatic Ductal Adenocarcinoma	FFPE
C3L-02610-24	C3L-02610	Pancreatic Ductal Adenocarcinoma	FFPE
C3L-02613-21	C3L-02613	Pancreatic Ductal Adenocarcinoma	FFPE
C3L-02613-22	C3L-02613	Pancreatic Ductal Adenocarcinoma	FFPE
C3L-02613-23	C3L-02613	Pancreatic Ductal Adenocarcinoma	FFPE
C3L-02613-24	C3L-02613	Pancreatic Ductal Adenocarcinoma	FFPE
C3L-02616-21	C3L-02616	Lung Adenocarcinoma	FFPE
C3L-02616-22	C3L-02616	Lung Adenocarcinoma	FFPE
C3L-02616-23	C3L-02616	Lung Adenocarcinoma	FFPE
C3L-02616-24	C3L-02616	Lung Adenocarcinoma	FFPE
C3L-02616-25	C3L-02616	Lung Adenocarcinoma	FFPE
C3L-02616-26	C3L-02616	Lung Adenocarcinoma	FFPE
C3L-02616-27	C3L-02616	Lung Adenocarcinoma	FFPE
C3L-02616-28	C3L-02616	Lung Adenocarcinoma	FFPE
C3L-02642-21	C3L-02642	Glioblastoma	FFPE
C3L-02642-22	C3L-02642	Glioblastoma	FFPE
C3L-02642-23	C3L-02642	Glioblastoma	FFPE
C3L-02642-24	C3L-02642	Glioblastoma	FFPE
C3L-02642-25	C3L-02642	Glioblastoma	FFPE
C3L-02643-21	C3L-02643	Lung Adenocarcinoma	FFPE
C3L-02643-22	C3L-02643	Lung Adenocarcinoma	FFPE
C3L-02643-23	C3L-02643	Lung Adenocarcinoma	FFPE
C3L-02643-24	C3L-02643	Lung Adenocarcinoma	FFPE
C3L-02643-25	C3L-02643	Lung Adenocarcinoma	FFPE
C3L-02643-26	C3L-02643	Lung Adenocarcinoma	FFPE
C3L-02643-27	C3L-02643	Lung Adenocarcinoma	FFPE
C3L-02644-21	C3L-02644	Glioblastoma	FFPE
C3L-02644-22	C3L-02644	Glioblastoma	FFPE
C3L-02644-23	C3L-02644	Glioblastoma	FFPE
C3L-02644-24	C3L-02644	Glioblastoma	FFPE
C3L-02644-25	C3L-02644	Glioblastoma	FFPE
C3L-02654-21	C3L-02654	Lung Adenocarcinoma	FFPE
C3L-02654-22	C3L-02654	Lung Adenocarcinoma	FFPE
C3L-02654-23	C3L-02654	Lung Adenocarcinoma	FFPE
C3L-02654-24	C3L-02654	Lung Adenocarcinoma	FFPE
C3L-02654-25	C3L-02654	Lung Adenocarcinoma	FFPE
C3L-02654-26	C3L-02654	Lung Adenocarcinoma	FFPE
C3L-02654-27	C3L-02654	Lung Adenocarcinoma	FFPE
C3L-02654-28	C3L-02654	Lung Adenocarcinoma	FFPE
C3L-02661-21	C3L-02661	Lung Adenocarcinoma	FFPE
C3L-02661-22	C3L-02661	Lung Adenocarcinoma	FFPE
C3L-02661-23	C3L-02661	Lung Adenocarcinoma	FFPE
C3L-02661-24	C3L-02661	Lung Adenocarcinoma	FFPE
C3L-02661-25	C3L-02661	Lung Adenocarcinoma	FFPE
C3L-02661-26	C3L-02661	Lung Adenocarcinoma	FFPE
C3L-02661-27	C3L-02661	Lung Adenocarcinoma	FFPE
C3L-02662-21	C3L-02662	Glioblastoma	FFPE
C3L-02662-22	C3L-02662	Glioblastoma	FFPE
C3L-02662-23	C3L-02662	Glioblastoma	FFPE
C3L-02662-24	C3L-02662	Glioblastoma	FFPE
C3L-02662-25	C3L-02662	Glioblastoma	FFPE
C3L-02701-21	C3L-02701	Pancreatic Ductal Adenocarcinoma	FFPE
C3L-02701-22	C3L-02701	Pancreatic Ductal Adenocarcinoma	FFPE
C3L-02701-23	C3L-02701	Pancreatic Ductal Adenocarcinoma	FFPE
C3L-02701-24	C3L-02701	Pancreatic Ductal Adenocarcinoma	FFPE
C3L-02701-25	C3L-02701	Pancreatic Ductal Adenocarcinoma	FFPE
C3L-02701-26	C3L-02701	Pancreatic Ductal Adenocarcinoma	FFPE
C3L-02701-27	C3L-02701	Pancreatic Ductal Adenocarcinoma	FFPE
C3L-02701-28	C3L-02701	Pancreatic Ductal Adenocarcinoma	FFPE
C3L-02704-21	C3L-02704	Glioblastoma	FFPE
C3L-02704-22	C3L-02704	Glioblastoma	FFPE
C3L-02704-23	C3L-02704	Glioblastoma	FFPE
C3L-02704-24	C3L-02704	Glioblastoma	FFPE
C3L-02704-25	C3L-02704	Glioblastoma	FFPE
C3L-02705-21	C3L-02705	Glioblastoma	FFPE
C3L-02705-22	C3L-02705	Glioblastoma	FFPE
C3L-02705-23	C3L-02705	Glioblastoma	FFPE
C3L-02705-24	C3L-02705	Glioblastoma	FFPE
C3L-02705-25	C3L-02705	Glioblastoma	FFPE
C3L-02706-21	C3L-02706	Glioblastoma	FFPE
C3L-02706-22	C3L-02706	Glioblastoma	FFPE
C3L-02706-23	C3L-02706	Glioblastoma	FFPE
C3L-02706-24	C3L-02706	Glioblastoma	FFPE
C3L-02706-25	C3L-02706	Glioblastoma	FFPE
C3L-02707-21	C3L-02707	Glioblastoma	FFPE
C3L-02707-22	C3L-02707	Glioblastoma	FFPE
C3L-02707-23	C3L-02707	Glioblastoma	FFPE
C3L-02707-24	C3L-02707	Glioblastoma	FFPE
C3L-02707-25	C3L-02707	Glioblastoma	FFPE
C3L-02708-21	C3L-02708	Glioblastoma	FFPE
C3L-02708-22	C3L-02708	Glioblastoma	FFPE
C3L-02708-23	C3L-02708	Glioblastoma	FFPE
C3L-02708-24	C3L-02708	Glioblastoma	FFPE
C3L-02741-21	C3L-02741	Uterine Corpus Endometrial Carcinoma	FFPE
C3L-02741-22	C3L-02741	Uterine Corpus Endometrial Carcinoma	FFPE
C3L-02741-23	C3L-02741	Uterine Corpus Endometrial Carcinoma	FFPE
C3L-02741-24	C3L-02741	Uterine Corpus Endometrial Carcinoma	FFPE
C3L-02744-21	C3L-02744	Uterine Corpus Endometrial Carcinoma	FFPE
C3L-02744-22	C3L-02744	Uterine Corpus Endometrial Carcinoma	FFPE
C3L-02744-23	C3L-02744	Uterine Corpus Endometrial Carcinoma	FFPE
C3L-02744-24	C3L-02744	Uterine Corpus Endometrial Carcinoma	FFPE
C3L-02744-25	C3L-02744	Uterine Corpus Endometrial Carcinoma	FFPE
C3L-02746-21	C3L-02746	Uterine Corpus Endometrial Carcinoma	FFPE
C3L-02746-22	C3L-02746	Uterine Corpus Endometrial Carcinoma	FFPE
C3L-02746-23	C3L-02746	Uterine Corpus Endometrial Carcinoma	FFPE
C3L-02746-24	C3L-02746	Uterine Corpus Endometrial Carcinoma	FFPE
C3L-02746-25	C3L-02746	Uterine Corpus Endometrial Carcinoma	FFPE
C3L-02747-21	C3L-02747	Uterine Corpus Endometrial Carcinoma	FFPE
C3L-02747-22	C3L-02747	Uterine Corpus Endometrial Carcinoma	FFPE
C3L-02747-23	C3L-02747	Uterine Corpus Endometrial Carcinoma	FFPE
C3L-02800-21	C3L-02800	Uterine Corpus Endometrial Carcinoma	FFPE
C3L-02802-21	C3L-02802	Uterine Corpus Endometrial Carcinoma	FFPE
C3L-02802-22	C3L-02802	Uterine Corpus Endometrial Carcinoma	FFPE
C3L-02802-23	C3L-02802	Uterine Corpus Endometrial Carcinoma	FFPE
C3L-02802-24	C3L-02802	Uterine Corpus Endometrial Carcinoma	FFPE
C3L-02802-25	C3L-02802	Uterine Corpus Endometrial Carcinoma	FFPE
C3L-02802-26	C3L-02802	Uterine Corpus Endometrial Carcinoma	FFPE
C3L-02809-21	C3L-02809	Pancreatic Ductal Adenocarcinoma	FFPE
C3L-02809-22	C3L-02809	Pancreatic Ductal Adenocarcinoma	FFPE
C3L-02809-23	C3L-02809	Pancreatic Ductal Adenocarcinoma	FFPE
C3L-02809-24	C3L-02809	Pancreatic Ductal Adenocarcinoma	FFPE
C3L-02809-25	C3L-02809	Pancreatic Ductal Adenocarcinoma	FFPE
C3L-02809-26	C3L-02809	Pancreatic Ductal Adenocarcinoma	FFPE
C3L-02809-27	C3L-02809	Pancreatic Ductal Adenocarcinoma	FFPE
C3L-02834-21	C3L-02834	Lung Adenocarcinoma	FFPE
C3L-02834-22	C3L-02834	Lung Adenocarcinoma	FFPE
C3L-02834-23	C3L-02834	Lung Adenocarcinoma	FFPE
C3L-02834-24	C3L-02834	Lung Adenocarcinoma	FFPE
C3L-02834-25	C3L-02834	Lung Adenocarcinoma	FFPE
C3L-02834-26	C3L-02834	Lung Adenocarcinoma	FFPE
C3L-02841-21	C3L-02841	Clear Cell Renal Cell Carcinoma	FFPE
C3L-02841-22	C3L-02841	Clear Cell Renal Cell Carcinoma	FFPE
C3L-02842-21	C3L-02842	Clear Cell Renal Cell Carcinoma	FFPE
C3L-02842-22	C3L-02842	Clear Cell Renal Cell Carcinoma	FFPE
C3L-02856-21	C3L-02856	Clear Cell Renal Cell Carcinoma	FFPE
C3L-02856-22	C3L-02856	Clear Cell Renal Cell Carcinoma	FFPE
C3L-02857-21	C3L-02857	Clear Cell Renal Cell Carcinoma	FFPE
C3L-02857-22	C3L-02857	Clear Cell Renal Cell Carcinoma	FFPE
C3L-02890-21	C3L-02890	Pancreatic Ductal Adenocarcinoma	FFPE
C3L-02890-22	C3L-02890	Pancreatic Ductal Adenocarcinoma	FFPE
C3L-02890-23	C3L-02890	Pancreatic Ductal Adenocarcinoma	FFPE
C3L-02890-24	C3L-02890	Pancreatic Ductal Adenocarcinoma	FFPE
C3L-02893-22	C3L-02893	Lung Adenocarcinoma	FFPE
C3L-02893-26	C3L-02893	Lung Adenocarcinoma	FFPE
C3L-02894-22	C3L-02894	Uterine Corpus Endometrial Carcinoma	FFPE
C3L-02897-21	C3L-02897	Pancreatic Ductal Adenocarcinoma	FFPE
C3L-02899-21	C3L-02899	Pancreatic Ductal Adenocarcinoma	FFPE
C3L-02899-22	C3L-02899	Pancreatic Ductal Adenocarcinoma	FFPE
C3L-02899-26	C3L-02899	Pancreatic Ductal Adenocarcinoma	FFPE
C3L-02900-21	C3L-02900	Glioblastoma	FFPE
C3L-02953-21	C3L-02953	Uterine Corpus Endometrial Carcinoma	FFPE
C3L-02953-26	C3L-02953	Uterine Corpus Endometrial Carcinoma	FFPE
C3L-02954-21	C3L-02954	Lung Adenocarcinoma	FFPE
C3L-02954-26	C3L-02954	Lung Adenocarcinoma	FFPE
C3L-02955-21	C3L-02955	Glioblastoma	FFPE
C3L-02957-21	C3L-02957	Lung Adenocarcinoma	FFPE
C3L-02957-22	C3L-02957	Lung Adenocarcinoma	FFPE
C3L-02957-23	C3L-02957	Lung Adenocarcinoma	FFPE
C3L-02957-26	C3L-02957	Lung Adenocarcinoma	FFPE
C3L-02958-21	C3L-02958	Lung Adenocarcinoma	FFPE
C3L-02958-26	C3L-02958	Lung Adenocarcinoma	FFPE
C3L-02961-21	C3L-02961	Lung Adenocarcinoma	FFPE
C3L-02961-26	C3L-02961	Lung Adenocarcinoma	FFPE
C3L-02967-21	C3L-02967	Lung Adenocarcinoma	FFPE
C3L-02967-26	C3L-02967	Lung Adenocarcinoma	FFPE
C3L-02970-21	C3L-02970	Glioblastoma	FFPE
C3L-02970-22	C3L-02970	Glioblastoma	FFPE
C3L-02970-23	C3L-02970	Glioblastoma	FFPE
C3L-02984-21	C3L-02984	Glioblastoma	FFPE
C3L-02984-22	C3L-02984	Glioblastoma	FFPE
C3L-02984-23	C3L-02984	Glioblastoma	FFPE
C3L-02984-25	C3L-02984	Glioblastoma	FFPE
C3L-02990-21	C3L-02990	Uterine Corpus Endometrial Carcinoma	FFPE
C3L-02990-22	C3L-02990	Uterine Corpus Endometrial Carcinoma	FFPE
C3L-02990-23	C3L-02990	Uterine Corpus Endometrial Carcinoma	FFPE
C3L-02990-24	C3L-02990	Uterine Corpus Endometrial Carcinoma	FFPE
C3L-02990-25	C3L-02990	Uterine Corpus Endometrial Carcinoma	FFPE
C3L-02990-26	C3L-02990	Uterine Corpus Endometrial Carcinoma	FFPE
C3L-02990-27	C3L-02990	Uterine Corpus Endometrial Carcinoma	FFPE
C3L-02990-28	C3L-02990	Uterine Corpus Endometrial Carcinoma	FFPE
C3L-03123-21	C3L-03123	Pancreatic Ductal Adenocarcinoma	FFPE
C3L-03123-22	C3L-03123	Pancreatic Ductal Adenocarcinoma	FFPE
C3L-03123-23	C3L-03123	Pancreatic Ductal Adenocarcinoma	FFPE
C3L-03123-24	C3L-03123	Pancreatic Ductal Adenocarcinoma	FFPE
C3L-03126-21	C3L-03126	Pancreatic Ductal Adenocarcinoma	FFPE
C3L-03126-22	C3L-03126	Pancreatic Ductal Adenocarcinoma	FFPE
C3L-03126-23	C3L-03126	Pancreatic Ductal Adenocarcinoma	FFPE
C3L-03129-21	C3L-03129	Pancreatic Ductal Adenocarcinoma	FFPE
C3L-03129-22	C3L-03129	Pancreatic Ductal Adenocarcinoma	FFPE
C3L-03129-23	C3L-03129	Pancreatic Ductal Adenocarcinoma	FFPE
C3L-03129-24	C3L-03129	Pancreatic Ductal Adenocarcinoma	FFPE
C3L-03143-21	C3L-03143	Uterine Corpus Endometrial Carcinoma	FFPE
C3L-03143-26	C3L-03143	Uterine Corpus Endometrial Carcinoma	FFPE
C3L-03152-21	C3L-03152	Uterine Corpus Endometrial Carcinoma	FFPE
C3L-03152-22	C3L-03152	Uterine Corpus Endometrial Carcinoma	FFPE
C3L-03260-21	C3L-03260	Glioblastoma	FFPE
C3L-03262-21	C3L-03262	Lung Adenocarcinoma	FFPE
C3L-03262-22	C3L-03262	Lung Adenocarcinoma	FFPE
C3L-03262-23	C3L-03262	Lung Adenocarcinoma	FFPE
C3L-03262-24	C3L-03262	Lung Adenocarcinoma	FFPE
C3L-03262-25	C3L-03262	Lung Adenocarcinoma	FFPE
C3L-03262-26	C3L-03262	Lung Adenocarcinoma	FFPE
C3L-03264-21	C3L-03264	Uterine Corpus Endometrial Carcinoma	FFPE
C3L-03264-22	C3L-03264	Uterine Corpus Endometrial Carcinoma	FFPE
C3L-03264-23	C3L-03264	Uterine Corpus Endometrial Carcinoma	FFPE
C3L-03264-24	C3L-03264	Uterine Corpus Endometrial Carcinoma	FFPE
C3L-03264-25	C3L-03264	Uterine Corpus Endometrial Carcinoma	FFPE
C3L-03264-26	C3L-03264	Uterine Corpus Endometrial Carcinoma	FFPE
C3L-03266-21	C3L-03266	Glioblastoma	FFPE
C3L-03268-21	C3L-03268	Lung Adenocarcinoma	FFPE
C3L-03268-22	C3L-03268	Lung Adenocarcinoma	FFPE
C3L-03268-23	C3L-03268	Lung Adenocarcinoma	FFPE
C3L-03268-24	C3L-03268	Lung Adenocarcinoma	FFPE
C3L-03268-25	C3L-03268	Lung Adenocarcinoma	FFPE
C3L-03268-26	C3L-03268	Lung Adenocarcinoma	FFPE
C3L-03271-21	C3L-03271	Lung Adenocarcinoma	FFPE
C3L-03271-22	C3L-03271	Lung Adenocarcinoma	FFPE
C3L-03271-23	C3L-03271	Lung Adenocarcinoma	FFPE
C3L-03271-24	C3L-03271	Lung Adenocarcinoma	FFPE
C3L-03271-25	C3L-03271	Lung Adenocarcinoma	FFPE
C3L-03271-26	C3L-03271	Lung Adenocarcinoma	FFPE
C3L-03350-21	C3L-03350	Pancreatic Ductal Adenocarcinoma	FFPE
C3L-03350-22	C3L-03350	Pancreatic Ductal Adenocarcinoma	FFPE
C3L-03350-23	C3L-03350	Pancreatic Ductal Adenocarcinoma	FFPE
C3L-03350-24	C3L-03350	Pancreatic Ductal Adenocarcinoma	FFPE
C3L-03356-26	C3L-03356	Pancreatic Ductal Adenocarcinoma	FFPE
C3L-03356-27	C3L-03356	Pancreatic Ductal Adenocarcinoma	FFPE
C3L-03356-28	C3L-03356	Pancreatic Ductal Adenocarcinoma	FFPE
C3L-03356-29	C3L-03356	Pancreatic Ductal Adenocarcinoma	FFPE
C3L-03371-22	C3L-03371	Pancreatic Ductal Adenocarcinoma	FFPE
C3L-03371-24	C3L-03371	Pancreatic Ductal Adenocarcinoma	FFPE
C3L-03371-25	C3L-03371	Pancreatic Ductal Adenocarcinoma	FFPE
C3L-03372-22	C3L-03372	Glioblastoma	FFPE
C3L-03372-24	C3L-03372	Glioblastoma	FFPE
C3L-03385-26	C3L-03385	Glioblastoma	FFPE
C3L-03385-29	C3L-03385	Glioblastoma	FFPE
C3L-03387-21	C3L-03387	Glioblastoma	FFPE
C3L-03387-24	C3L-03387	Glioblastoma	FFPE
C3L-03388-22	C3L-03388	Pancreatic Ductal Adenocarcinoma	FFPE
C3L-03388-26	C3L-03388	Pancreatic Ductal Adenocarcinoma	FFPE
C3L-03390-23	C3L-03390	Glioblastoma	FFPE
C3L-03390-24	C3L-03390	Glioblastoma	FFPE
C3L-03392-21	C3L-03392	Glioblastoma	FFPE
C3L-03392-23	C3L-03392	Glioblastoma	FFPE
C3L-03394-22	C3L-03394	Pancreatic Ductal Adenocarcinoma	FFPE
C3L-03394-23	C3L-03394	Pancreatic Ductal Adenocarcinoma	FFPE
C3L-03394-24	C3L-03394	Pancreatic Ductal Adenocarcinoma	FFPE
C3L-03395-22	C3L-03395	Pancreatic Ductal Adenocarcinoma	FFPE
C3L-03395-23	C3L-03395	Pancreatic Ductal Adenocarcinoma	FFPE
C3L-03395-25	C3L-03395	Pancreatic Ductal Adenocarcinoma	FFPE
C3L-03400-22	C3L-03400	Glioblastoma	FFPE
C3L-03400-25	C3L-03400	Glioblastoma	FFPE
C3L-03405-21	C3L-03405	Glioblastoma	FFPE
C3L-03405-26	C3L-03405	Glioblastoma	FFPE
C3L-03407-26	C3L-03407	Glioblastoma	FFPE
C3L-03407-27	C3L-03407	Glioblastoma	FFPE
C3L-03407-28	C3L-03407	Glioblastoma	FFPE
C3L-03407-29	C3L-03407	Glioblastoma	FFPE
C3L-03407-30	C3L-03407	Glioblastoma	FFPE
C3L-03462-21	C3L-03462	Lung Adenocarcinoma	FFPE
C3L-03462-22	C3L-03462	Lung Adenocarcinoma	FFPE
C3L-03462-23	C3L-03462	Lung Adenocarcinoma	FFPE
C3L-03462-24	C3L-03462	Lung Adenocarcinoma	FFPE
C3L-03463-26	C3L-03463	Lung Adenocarcinoma	FFPE
C3L-03463-27	C3L-03463	Lung Adenocarcinoma	FFPE
C3L-03467-21	C3L-03467	Uterine Corpus Endometrial Carcinoma	FFPE
C3L-03467-22	C3L-03467	Uterine Corpus Endometrial Carcinoma	FFPE
C3L-03467-23	C3L-03467	Uterine Corpus Endometrial Carcinoma	FFPE
C3L-03467-24	C3L-03467	Uterine Corpus Endometrial Carcinoma	FFPE
C3L-03513-21	C3L-03513	Pancreatic Ductal Adenocarcinoma	
C3L-03514-21	C3L-03514	Pancreatic Ductal Adenocarcinoma	
C3L-03515-21	C3L-03515	Pancreatic Ductal Adenocarcinoma	
C3L-03589-21	C3L-03589	Uterine Corpus Endometrial Carcinoma	FFPE
C3L-03589-22	C3L-03589	Uterine Corpus Endometrial Carcinoma	FFPE
C3L-03589-23	C3L-03589	Uterine Corpus Endometrial Carcinoma	FFPE
C3L-03589-24	C3L-03589	Uterine Corpus Endometrial Carcinoma	FFPE
C3L-03594-21	C3L-03594	Uterine Corpus Endometrial Carcinoma	FFPE
C3L-03594-22	C3L-03594	Uterine Corpus Endometrial Carcinoma	FFPE
C3L-03594-23	C3L-03594	Uterine Corpus Endometrial Carcinoma	FFPE
C3L-03594-24	C3L-03594	Uterine Corpus Endometrial Carcinoma	FFPE
C3L-03624-21	C3L-03624	Pancreatic Ductal Adenocarcinoma	FFPE
C3L-03624-22	C3L-03624	Pancreatic Ductal Adenocarcinoma	FFPE
C3L-03624-23	C3L-03624	Pancreatic Ductal Adenocarcinoma	FFPE
C3L-03624-24	C3L-03624	Pancreatic Ductal Adenocarcinoma	FFPE
C3L-03628-26	C3L-03628	Pancreatic Ductal Adenocarcinoma	FFPE
C3L-03628-27	C3L-03628	Pancreatic Ductal Adenocarcinoma	FFPE
C3L-03628-28	C3L-03628	Pancreatic Ductal Adenocarcinoma	FFPE
C3L-03628-29	C3L-03628	Pancreatic Ductal Adenocarcinoma	FFPE
C3L-03630-21	C3L-03630	Pancreatic Ductal Adenocarcinoma	FFPE
C3L-03630-22	C3L-03630	Pancreatic Ductal Adenocarcinoma	FFPE
C3L-03630-23	C3L-03630	Pancreatic Ductal Adenocarcinoma	FFPE
C3L-03630-24	C3L-03630	Pancreatic Ductal Adenocarcinoma	FFPE
C3L-03632-26	C3L-03632	Pancreatic Ductal Adenocarcinoma	FFPE
C3L-03632-27	C3L-03632	Pancreatic Ductal Adenocarcinoma	FFPE
C3L-03632-28	C3L-03632	Pancreatic Ductal Adenocarcinoma	FFPE
C3L-03632-29	C3L-03632	Pancreatic Ductal Adenocarcinoma	FFPE
C3L-03635-21	C3L-03635	Pancreatic Ductal Adenocarcinoma	FFPE
C3L-03635-22	C3L-03635	Pancreatic Ductal Adenocarcinoma	FFPE
C3L-03635-23	C3L-03635	Pancreatic Ductal Adenocarcinoma	FFPE
C3L-03639-21	C3L-03639	Pancreatic Ductal Adenocarcinoma	FFPE
C3L-03639-22	C3L-03639	Pancreatic Ductal Adenocarcinoma	FFPE
C3L-03639-23	C3L-03639	Pancreatic Ductal Adenocarcinoma	FFPE
C3L-03639-24	C3L-03639	Pancreatic Ductal Adenocarcinoma	FFPE
C3L-03642-21	C3L-03642	Lung Adenocarcinoma	FFPE
C3L-03642-22	C3L-03642	Lung Adenocarcinoma	FFPE
C3L-03679-21	C3L-03679	Lung Adenocarcinoma	FFPE
C3L-03679-22	C3L-03679	Lung Adenocarcinoma	FFPE
C3L-03681-21	C3L-03681	Glioblastoma	FFPE
C3L-03681-22	C3L-03681	Glioblastoma	FFPE
C3L-03681-23	C3L-03681	Glioblastoma	FFPE
C3L-03681-24	C3L-03681	Glioblastoma	FFPE
C3L-03717-21	C3L-03717	Lung Adenocarcinoma	FFPE
C3L-03717-22	C3L-03717	Lung Adenocarcinoma	FFPE
C3L-03721-21	C3L-03721	Lung Adenocarcinoma	FFPE
C3L-03721-22	C3L-03721	Lung Adenocarcinoma	FFPE
C3L-03726-21	C3L-03726	Lung Adenocarcinoma	FFPE
C3L-03726-22	C3L-03726	Lung Adenocarcinoma	FFPE
C3L-03726-23	C3L-03726	Lung Adenocarcinoma	FFPE
C3L-03726-24	C3L-03726	Lung Adenocarcinoma	FFPE
C3L-03726-25	C3L-03726	Lung Adenocarcinoma	FFPE
C3L-03726-26	C3L-03726	Lung Adenocarcinoma	FFPE
C3L-03727-21	C3L-03727	Glioblastoma	FFPE
C3L-03728-21	C3L-03728	Glioblastoma	FFPE
C3L-03733-21	C3L-03733	Glioblastoma	FFPE
C3L-03735-21	C3L-03735	Glioblastoma	FFPE
C3L-03740-21	C3L-03740	Glioblastoma	FFPE
C3L-03743-21	C3L-03743	Pancreatic Ductal Adenocarcinoma	FFPE
C3L-03743-22	C3L-03743	Pancreatic Ductal Adenocarcinoma	FFPE
C3L-03743-23	C3L-03743	Pancreatic Ductal Adenocarcinoma	FFPE
C3L-03743-24	C3L-03743	Pancreatic Ductal Adenocarcinoma	FFPE
C3L-03743-25	C3L-03743	Pancreatic Ductal Adenocarcinoma	FFPE
C3L-03743-26	C3L-03743	Pancreatic Ductal Adenocarcinoma	FFPE
C3L-03744-21	C3L-03744	Glioblastoma	FFPE
C3L-03744-22	C3L-03744	Glioblastoma	FFPE
C3L-03744-23	C3L-03744	Glioblastoma	FFPE
C3L-03747-21	C3L-03747	Glioblastoma	FFPE
C3L-03747-22	C3L-03747	Glioblastoma	FFPE
C3L-03747-23	C3L-03747	Glioblastoma	FFPE
C3L-03748-21	C3L-03748	Glioblastoma	FFPE
C3L-03748-22	C3L-03748	Glioblastoma	FFPE
C3L-03748-23	C3L-03748	Glioblastoma	FFPE
C3L-03748-24	C3L-03748	Glioblastoma	FFPE
C3L-03968-21	C3L-03968	Glioblastoma	FFPE
C3L-03968-22	C3L-03968	Glioblastoma	FFPE
C3L-03968-23	C3L-03968	Glioblastoma	FFPE
C3L-03968-24	C3L-03968	Glioblastoma	FFPE
C3L-03968-25	C3L-03968	Glioblastoma	FFPE
C3L-03969-21	C3L-03969	Lung Adenocarcinoma	FFPE
C3L-03969-22	C3L-03969	Lung Adenocarcinoma	FFPE
C3L-03969-23	C3L-03969	Lung Adenocarcinoma	FFPE
C3L-03969-24	C3L-03969	Lung Adenocarcinoma	FFPE
C3L-03969-25	C3L-03969	Lung Adenocarcinoma	FFPE
C3L-03969-26	C3L-03969	Lung Adenocarcinoma	FFPE
C3L-03969-27	C3L-03969	Lung Adenocarcinoma	FFPE
C3L-03969-28	C3L-03969	Lung Adenocarcinoma	FFPE
C3L-03976-21	C3L-03976	Lung Adenocarcinoma	FFPE
C3L-03976-22	C3L-03976	Lung Adenocarcinoma	FFPE
C3L-03976-23	C3L-03976	Lung Adenocarcinoma	FFPE
C3L-03976-24	C3L-03976	Lung Adenocarcinoma	FFPE
C3L-03976-25	C3L-03976	Lung Adenocarcinoma	FFPE
C3L-03976-26	C3L-03976	Lung Adenocarcinoma	FFPE
C3L-03976-27	C3L-03976	Lung Adenocarcinoma	FFPE
C3L-03976-28	C3L-03976	Lung Adenocarcinoma	FFPE
C3L-03984-21	C3L-03984	Lung Adenocarcinoma	FFPE
C3L-03984-22	C3L-03984	Lung Adenocarcinoma	FFPE
C3L-03984-23	C3L-03984	Lung Adenocarcinoma	FFPE
C3L-03984-24	C3L-03984	Lung Adenocarcinoma	FFPE
C3L-03984-25	C3L-03984	Lung Adenocarcinoma	FFPE
C3L-03984-26	C3L-03984	Lung Adenocarcinoma	FFPE
C3L-03984-27	C3L-03984	Lung Adenocarcinoma	FFPE
C3L-03984-28	C3L-03984	Lung Adenocarcinoma	FFPE
C3L-03985-21	C3L-03985	Lung Adenocarcinoma	FFPE
C3L-03985-22	C3L-03985	Lung Adenocarcinoma	FFPE
C3L-03985-23	C3L-03985	Lung Adenocarcinoma	FFPE
C3L-03985-24	C3L-03985	Lung Adenocarcinoma	FFPE
C3L-03985-25	C3L-03985	Lung Adenocarcinoma	FFPE
C3L-03985-26	C3L-03985	Lung Adenocarcinoma	FFPE
C3L-03985-27	C3L-03985	Lung Adenocarcinoma	FFPE
C3L-03985-28	C3L-03985	Lung Adenocarcinoma	FFPE
C3L-04027-21	C3L-04027	Pancreatic Ductal Adenocarcinoma	FFPE
C3L-04027-22	C3L-04027	Pancreatic Ductal Adenocarcinoma	FFPE
C3L-04027-23	C3L-04027	Pancreatic Ductal Adenocarcinoma	FFPE
C3L-04027-24	C3L-04027	Pancreatic Ductal Adenocarcinoma	FFPE
C3L-04027-25	C3L-04027	Pancreatic Ductal Adenocarcinoma	FFPE
C3L-04027-26	C3L-04027	Pancreatic Ductal Adenocarcinoma	FFPE
C3L-04027-27	C3L-04027	Pancreatic Ductal Adenocarcinoma	FFPE
C3L-04027-28	C3L-04027	Pancreatic Ductal Adenocarcinoma	FFPE
C3L-04031-21	C3L-04031	Lung Adenocarcinoma	FFPE
C3L-04031-22	C3L-04031	Lung Adenocarcinoma	FFPE
C3L-04031-23	C3L-04031	Lung Adenocarcinoma	FFPE
C3L-04031-24	C3L-04031	Lung Adenocarcinoma	FFPE
C3L-04031-25	C3L-04031	Lung Adenocarcinoma	FFPE
C3L-04031-26	C3L-04031	Lung Adenocarcinoma	FFPE
C3L-04031-27	C3L-04031	Lung Adenocarcinoma	FFPE
C3L-04031-28	C3L-04031	Lung Adenocarcinoma	FFPE
C3L-04033-21	C3L-04033	Lung Adenocarcinoma	FFPE
C3L-04033-22	C3L-04033	Lung Adenocarcinoma	FFPE
C3L-04033-23	C3L-04033	Lung Adenocarcinoma	FFPE
C3L-04033-24	C3L-04033	Lung Adenocarcinoma	FFPE
C3L-04033-25	C3L-04033	Lung Adenocarcinoma	FFPE
C3L-04033-26	C3L-04033	Lung Adenocarcinoma	FFPE
C3L-04033-27	C3L-04033	Lung Adenocarcinoma	FFPE
C3L-04033-28	C3L-04033	Lung Adenocarcinoma	FFPE
C3L-04036-21	C3L-04036	Glioblastoma	FFPE
C3L-04036-22	C3L-04036	Glioblastoma	FFPE
C3L-04036-23	C3L-04036	Glioblastoma	FFPE
C3L-04036-24	C3L-04036	Glioblastoma	FFPE
C3L-04036-25	C3L-04036	Glioblastoma	FFPE
C3L-04037-21	C3L-04037	Lung Adenocarcinoma	FFPE
C3L-04037-22	C3L-04037	Lung Adenocarcinoma	FFPE
C3L-04037-23	C3L-04037	Lung Adenocarcinoma	FFPE
C3L-04037-24	C3L-04037	Lung Adenocarcinoma	FFPE
C3L-04037-25	C3L-04037	Lung Adenocarcinoma	FFPE
C3L-04037-26	C3L-04037	Lung Adenocarcinoma	FFPE
C3L-04037-27	C3L-04037	Lung Adenocarcinoma	FFPE
C3L-04037-28	C3L-04037	Lung Adenocarcinoma	FFPE
C3L-04038-21	C3L-04038	Glioblastoma	FFPE
C3L-04038-22	C3L-04038	Glioblastoma	FFPE
C3L-04038-23	C3L-04038	Glioblastoma	FFPE
C3L-04038-24	C3L-04038	Glioblastoma	FFPE
C3L-04038-25	C3L-04038	Glioblastoma	FFPE
C3L-04040-21	C3L-04040	Lung Adenocarcinoma	FFPE
C3L-04040-22	C3L-04040	Lung Adenocarcinoma	FFPE
C3L-04040-23	C3L-04040	Lung Adenocarcinoma	FFPE
C3L-04040-24	C3L-04040	Lung Adenocarcinoma	FFPE
C3L-04040-25	C3L-04040	Lung Adenocarcinoma	FFPE
C3L-04040-26	C3L-04040	Lung Adenocarcinoma	FFPE
C3L-04040-27	C3L-04040	Lung Adenocarcinoma	FFPE
C3L-04040-28	C3L-04040	Lung Adenocarcinoma	FFPE
C3L-04072-21	C3L-04072	Pancreatic Ductal Adenocarcinoma	FFPE
C3L-04072-22	C3L-04072	Pancreatic Ductal Adenocarcinoma	FFPE
C3L-04080-21	C3L-04080	Pancreatic Ductal Adenocarcinoma	FFPE
C3L-04080-22	C3L-04080	Pancreatic Ductal Adenocarcinoma	FFPE
C3L-04080-23	C3L-04080	Pancreatic Ductal Adenocarcinoma	FFPE
C3L-04080-24	C3L-04080	Pancreatic Ductal Adenocarcinoma	FFPE
C3L-04081-21	C3L-04081	Glioblastoma	FFPE
C3L-04081-22	C3L-04081	Glioblastoma	FFPE
C3L-04081-23	C3L-04081	Glioblastoma	FFPE
C3L-04082-21	C3L-04082	Glioblastoma	FFPE
C3L-04082-22	C3L-04082	Glioblastoma	FFPE
C3L-04082-23	C3L-04082	Glioblastoma	FFPE
C3L-04083-21	C3L-04083	Glioblastoma	FFPE
C3L-04083-22	C3L-04083	Glioblastoma	FFPE
C3L-04083-23	C3L-04083	Glioblastoma	FFPE
C3L-04083-24	C3L-04083	Glioblastoma	FFPE
C3L-04083-25	C3L-04083	Glioblastoma	FFPE
C3L-04084-21	C3L-04084	Glioblastoma	FFPE
C3L-04084-22	C3L-04084	Glioblastoma	FFPE
C3L-04084-23	C3L-04084	Glioblastoma	FFPE
C3L-04084-24	C3L-04084	Glioblastoma	FFPE
C3L-04084-25	C3L-04084	Glioblastoma	FFPE
C3L-04085-21	C3L-04085	Glioblastoma	FFPE
C3L-04085-22	C3L-04085	Glioblastoma	FFPE
C3L-04085-23	C3L-04085	Glioblastoma	FFPE
C3L-04085-24	C3L-04085	Glioblastoma	FFPE
C3L-04085-25	C3L-04085	Glioblastoma	FFPE
C3L-04090-21	C3L-04090	Glioblastoma	FFPE
C3L-04090-22	C3L-04090	Glioblastoma	FFPE
C3L-04090-23	C3L-04090	Glioblastoma	FFPE
C3L-04090-24	C3L-04090	Glioblastoma	FFPE
C3L-04213-21	C3L-04213	Glioblastoma	FFPE
C3L-04213-22	C3L-04213	Glioblastoma	FFPE
C3L-04213-23	C3L-04213	Glioblastoma	FFPE
C3L-04213-24	C3L-04213	Glioblastoma	FFPE
C3L-04213-25	C3L-04213	Glioblastoma	FFPE
C3L-04339-21	C3L-04339	Glioblastoma	FFPE
C3L-04339-22	C3L-04339	Glioblastoma	FFPE
C3L-04339-23	C3L-04339	Glioblastoma	FFPE
C3L-04339-24	C3L-04339	Glioblastoma	FFPE
C3L-04339-25	C3L-04339	Glioblastoma	FFPE
C3L-04359-21	C3L-04359	Glioblastoma	FFPE
C3L-04359-22	C3L-04359	Glioblastoma	FFPE
C3L-04359-23	C3L-04359	Glioblastoma	FFPE
C3L-04359-24	C3L-04359	Glioblastoma	FFPE
C3L-04359-25	C3L-04359	Glioblastoma	FFPE
C3L-04362-21	C3L-04362	Glioblastoma	FFPE
C3L-04362-22	C3L-04362	Glioblastoma	FFPE
C3L-04362-23	C3L-04362	Glioblastoma	FFPE
C3L-04362-24	C3L-04362	Glioblastoma	FFPE
C3L-04362-25	C3L-04362	Glioblastoma	FFPE
C3L-04365-21	C3L-04365	Lung Adenocarcinoma	FFPE
C3L-04365-22	C3L-04365	Lung Adenocarcinoma	FFPE
C3L-04365-23	C3L-04365	Lung Adenocarcinoma	FFPE
C3L-04365-24	C3L-04365	Lung Adenocarcinoma	FFPE
C3L-04365-25	C3L-04365	Lung Adenocarcinoma	FFPE
C3L-04365-26	C3L-04365	Lung Adenocarcinoma	FFPE
C3L-04365-27	C3L-04365	Lung Adenocarcinoma	FFPE
C3L-04365-28	C3L-04365	Lung Adenocarcinoma	FFPE
C3L-04370-21	C3L-04370	Lung Adenocarcinoma	FFPE
C3L-04370-22	C3L-04370	Lung Adenocarcinoma	FFPE
C3L-04370-23	C3L-04370	Lung Adenocarcinoma	FFPE
C3L-04370-24	C3L-04370	Lung Adenocarcinoma	FFPE
C3L-04370-25	C3L-04370	Lung Adenocarcinoma	FFPE
C3L-04370-26	C3L-04370	Lung Adenocarcinoma	FFPE
C3L-04370-27	C3L-04370	Lung Adenocarcinoma	FFPE
C3L-04370-28	C3L-04370	Lung Adenocarcinoma	FFPE
C3L-04373-21	C3L-04373	Lung Adenocarcinoma	FFPE
C3L-04373-22	C3L-04373	Lung Adenocarcinoma	FFPE
C3L-04373-23	C3L-04373	Lung Adenocarcinoma	FFPE
C3L-04373-24	C3L-04373	Lung Adenocarcinoma	FFPE
C3L-04373-25	C3L-04373	Lung Adenocarcinoma	FFPE
C3L-04373-26	C3L-04373	Lung Adenocarcinoma	FFPE
C3L-04373-27	C3L-04373	Lung Adenocarcinoma	FFPE
C3L-04373-28	C3L-04373	Lung Adenocarcinoma	FFPE
C3L-04376-21	C3L-04376	Lung Adenocarcinoma	FFPE
C3L-04376-22	C3L-04376	Lung Adenocarcinoma	FFPE
C3L-04376-23	C3L-04376	Lung Adenocarcinoma	FFPE
C3L-04376-24	C3L-04376	Lung Adenocarcinoma	FFPE
C3L-04376-25	C3L-04376	Lung Adenocarcinoma	FFPE
C3L-04376-26	C3L-04376	Lung Adenocarcinoma	FFPE
C3L-04376-27	C3L-04376	Lung Adenocarcinoma	FFPE
C3L-04376-28	C3L-04376	Lung Adenocarcinoma	FFPE
C3L-04392-21	C3L-04392	Glioblastoma	FFPE
C3L-04473-21	C3L-04473	Pancreatic Ductal Adenocarcinoma	FFPE
C3L-04473-22	C3L-04473	Pancreatic Ductal Adenocarcinoma	FFPE
C3L-04473-23	C3L-04473	Pancreatic Ductal Adenocarcinoma	FFPE
C3L-04473-24	C3L-04473	Pancreatic Ductal Adenocarcinoma	FFPE
C3L-04475-21	C3L-04475	Pancreatic Ductal Adenocarcinoma	FFPE
C3L-04475-22	C3L-04475	Pancreatic Ductal Adenocarcinoma	FFPE
C3L-04475-23	C3L-04475	Pancreatic Ductal Adenocarcinoma	FFPE
C3L-04475-24	C3L-04475	Pancreatic Ductal Adenocarcinoma	FFPE
C3L-04479-21	C3L-04479	Pancreatic Ductal Adenocarcinoma	FFPE
C3L-04479-22	C3L-04479	Pancreatic Ductal Adenocarcinoma	FFPE
C3L-04479-23	C3L-04479	Pancreatic Ductal Adenocarcinoma	FFPE
C3L-04495-26	C3L-04495	Pancreatic Ductal Adenocarcinoma	FFPE
C3L-04495-27	C3L-04495	Pancreatic Ductal Adenocarcinoma	FFPE
C3L-04495-28	C3L-04495	Pancreatic Ductal Adenocarcinoma	FFPE
C3L-04495-29	C3L-04495	Pancreatic Ductal Adenocarcinoma	FFPE
C3L-04495-30	C3L-04495	Pancreatic Ductal Adenocarcinoma	FFPE
C3L-04537-21	C3L-04537	Glioblastoma	FFPE
C3L-04539-21	C3L-04539	Glioblastoma	FFPE
C3L-04731-21	C3L-04731	Glioblastoma	FFPE
C3L-04731-22	C3L-04731	Glioblastoma	FFPE
C3L-04731-23	C3L-04731	Glioblastoma	FFPE
C3L-04731-24	C3L-04731	Glioblastoma	FFPE
C3L-04731-25	C3L-04731	Glioblastoma	FFPE
C3L-04743-21	C3L-04743	Lung Adenocarcinoma	FFPE
C3L-04743-22	C3L-04743	Lung Adenocarcinoma	FFPE
C3L-04743-23	C3L-04743	Lung Adenocarcinoma	FFPE
C3L-04743-24	C3L-04743	Lung Adenocarcinoma	FFPE
C3L-04743-25	C3L-04743	Lung Adenocarcinoma	FFPE
C3L-04743-26	C3L-04743	Lung Adenocarcinoma	FFPE
C3L-04743-27	C3L-04743	Lung Adenocarcinoma	FFPE
C3L-04743-28	C3L-04743	Lung Adenocarcinoma	FFPE
C3L-04744-21	C3L-04744	Lung Adenocarcinoma	FFPE
C3L-04744-22	C3L-04744	Lung Adenocarcinoma	FFPE
C3L-04744-23	C3L-04744	Lung Adenocarcinoma	FFPE
C3L-04744-24	C3L-04744	Lung Adenocarcinoma	FFPE
C3L-04744-25	C3L-04744	Lung Adenocarcinoma	FFPE
C3L-04744-26	C3L-04744	Lung Adenocarcinoma	FFPE
C3L-04744-27	C3L-04744	Lung Adenocarcinoma	FFPE
C3L-04744-28	C3L-04744	Lung Adenocarcinoma	FFPE
C3L-04757-21	C3L-04757	Lung Adenocarcinoma	FFPE
C3L-04757-22	C3L-04757	Lung Adenocarcinoma	FFPE
C3L-04757-23	C3L-04757	Lung Adenocarcinoma	FFPE
C3L-04757-24	C3L-04757	Lung Adenocarcinoma	FFPE
C3L-04757-25	C3L-04757	Lung Adenocarcinoma	FFPE
C3L-04757-26	C3L-04757	Lung Adenocarcinoma	FFPE
C3L-04757-27	C3L-04757	Lung Adenocarcinoma	FFPE
C3L-04757-28	C3L-04757	Lung Adenocarcinoma	FFPE
C3L-04759-21	C3L-04759	Lung Adenocarcinoma	FFPE
C3L-04759-22	C3L-04759	Lung Adenocarcinoma	FFPE
C3L-04759-23	C3L-04759	Lung Adenocarcinoma	FFPE
C3L-04759-24	C3L-04759	Lung Adenocarcinoma	FFPE
C3L-04759-25	C3L-04759	Lung Adenocarcinoma	FFPE
C3L-04759-26	C3L-04759	Lung Adenocarcinoma	FFPE
C3L-04759-27	C3L-04759	Lung Adenocarcinoma	FFPE
C3L-04759-28	C3L-04759	Lung Adenocarcinoma	FFPE
C3L-04784-21	C3L-04784	Lung Adenocarcinoma	FFPE
C3L-04784-22	C3L-04784	Lung Adenocarcinoma	FFPE
C3L-04784-23	C3L-04784	Lung Adenocarcinoma	FFPE
C3L-04784-24	C3L-04784	Lung Adenocarcinoma	FFPE
C3L-04784-25	C3L-04784	Lung Adenocarcinoma	FFPE
C3L-04784-26	C3L-04784	Lung Adenocarcinoma	FFPE
C3L-04784-27	C3L-04784	Lung Adenocarcinoma	FFPE
C3L-04784-28	C3L-04784	Lung Adenocarcinoma	FFPE
C3L-04795-21	C3L-04795	Glioblastoma	FFPE
C3L-04795-22	C3L-04795	Glioblastoma	FFPE
C3L-04795-23	C3L-04795	Glioblastoma	FFPE
C3L-04795-24	C3L-04795	Glioblastoma	FFPE
C3L-04795-25	C3L-04795	Glioblastoma	FFPE
C3L-04848-21	C3L-04848	Pancreatic Ductal Adenocarcinoma	FFPE
C3L-04848-22	C3L-04848	Pancreatic Ductal Adenocarcinoma	FFPE
C3L-04848-23	C3L-04848	Pancreatic Ductal Adenocarcinoma	FFPE
C3L-04848-24	C3L-04848	Pancreatic Ductal Adenocarcinoma	FFPE
C3L-04853-21	C3L-04853	Pancreatic Ductal Adenocarcinoma	FFPE
C3L-04853-22	C3L-04853	Pancreatic Ductal Adenocarcinoma	FFPE
C3L-04853-23	C3L-04853	Pancreatic Ductal Adenocarcinoma	FFPE
C3L-04853-24	C3L-04853	Pancreatic Ductal Adenocarcinoma	FFPE
C3L-05239-21	C3L-05239	Glioblastoma	FFPE
C3L-05239-22	C3L-05239	Glioblastoma	FFPE
C3L-05239-23	C3L-05239	Glioblastoma	FFPE
C3L-05239-24	C3L-05239	Glioblastoma	FFPE
C3L-05239-25	C3L-05239	Glioblastoma	FFPE
C3L-05481-22	C3L-05481	Glioblastoma	FFPE
C3L-05481-23	C3L-05481	Glioblastoma	FFPE
C3L-05571-21	C3L-05571	Uterine Corpus Endometrial Carcinoma	FFPE
C3L-05571-22	C3L-05571	Uterine Corpus Endometrial Carcinoma	FFPE
C3L-05571-23	C3L-05571	Uterine Corpus Endometrial Carcinoma	FFPE
C3L-05571-25	C3L-05571	Uterine Corpus Endometrial Carcinoma	FFPE
C3L-05571-26	C3L-05571	Uterine Corpus Endometrial Carcinoma	FFPE
C3L-05848-21	C3L-05848	Uterine Corpus Endometrial Carcinoma	FFPE
C3L-05848-24	C3L-05848	Uterine Corpus Endometrial Carcinoma	FFPE
C3L-05849-21	C3L-05849	Uterine Corpus Endometrial Carcinoma	FFPE
C3L-05849-22	C3L-05849	Uterine Corpus Endometrial Carcinoma	FFPE
C3L-05849-23	C3L-05849	Uterine Corpus Endometrial Carcinoma	FFPE
C3L-05849-24	C3L-05849	Uterine Corpus Endometrial Carcinoma	FFPE
C3L-06625-21	C3L-06625	Glioblastoma	FFPE
C3L-06625-22	C3L-06625	Glioblastoma	FFPE
C3L-07031-21	C3L-07031	Pancreatic Ductal Adenocarcinoma	
C3L-07032-21	C3L-07032	Pancreatic Ductal Adenocarcinoma	
C3L-07033-21	C3L-07033	Pancreatic Ductal Adenocarcinoma	
C3L-07034-21	C3L-07034	Pancreatic Ductal Adenocarcinoma	
C3L-07035-21	C3L-07035	Pancreatic Ductal Adenocarcinoma	
C3L-07036-21	C3L-07036	Pancreatic Ductal Adenocarcinoma	
C3L-07037-21	C3L-07037	Pancreatic Ductal Adenocarcinoma	
C3L-07202-21	C3L-07202	Glioblastoma	FFPE
C3L-07213-21	C3L-07213	Glioblastoma	FFPE
C3L-07611-21	C3L-07611	Glioblastoma	FFPE
C3L-07611-22	C3L-07611	Glioblastoma	FFPE
C3L-07611-23	C3L-07611	Glioblastoma	FFPE
C3N-00148-21	C3N-00148	Clear Cell Renal Cell Carcinoma	FFPE
C3N-00148-22	C3N-00148	Clear Cell Renal Cell Carcinoma	FFPE
C3N-00148-23	C3N-00148	Clear Cell Renal Cell Carcinoma	FFPE
C3N-00148-24	C3N-00148	Clear Cell Renal Cell Carcinoma	FFPE
C3N-00148-26	C3N-00148	Clear Cell Renal Cell Carcinoma	FFPE
C3N-00148-27	C3N-00148	Clear Cell Renal Cell Carcinoma	FFPE
C3N-00149-21	C3N-00149	Clear Cell Renal Cell Carcinoma	FFPE
C3N-00149-22	C3N-00149	Clear Cell Renal Cell Carcinoma	FFPE
C3N-00149-23	C3N-00149	Clear Cell Renal Cell Carcinoma	FFPE
C3N-00149-24	C3N-00149	Clear Cell Renal Cell Carcinoma	FFPE
C3N-00149-26	C3N-00149	Clear Cell Renal Cell Carcinoma	FFPE
C3N-00149-27	C3N-00149	Clear Cell Renal Cell Carcinoma	FFPE
C3N-00150-21	C3N-00150	Clear Cell Renal Cell Carcinoma	FFPE
C3N-00150-22	C3N-00150	Clear Cell Renal Cell Carcinoma	FFPE
C3N-00150-23	C3N-00150	Clear Cell Renal Cell Carcinoma	FFPE
C3N-00150-24	C3N-00150	Clear Cell Renal Cell Carcinoma	FFPE
C3N-00150-26	C3N-00150	Clear Cell Renal Cell Carcinoma	FFPE
C3N-00150-27	C3N-00150	Clear Cell Renal Cell Carcinoma	FFPE
C3N-00151-21	C3N-00151	Uterine Corpus Endometrial Carcinoma	FFPE
C3N-00151-22	C3N-00151	Uterine Corpus Endometrial Carcinoma	FFPE
C3N-00151-23	C3N-00151	Uterine Corpus Endometrial Carcinoma	FFPE
C3N-00151-24	C3N-00151	Uterine Corpus Endometrial Carcinoma	FFPE
C3N-00151-26	C3N-00151	Uterine Corpus Endometrial Carcinoma	FFPE
C3N-00151-27	C3N-00151	Uterine Corpus Endometrial Carcinoma	FFPE
C3N-00154-21	C3N-00154	Clear Cell Renal Cell Carcinoma	FFPE
C3N-00154-22	C3N-00154	Clear Cell Renal Cell Carcinoma	FFPE
C3N-00154-23	C3N-00154	Clear Cell Renal Cell Carcinoma	FFPE
C3N-00154-24	C3N-00154	Clear Cell Renal Cell Carcinoma	FFPE
C3N-00154-26	C3N-00154	Clear Cell Renal Cell Carcinoma	FFPE
C3N-00154-27	C3N-00154	Clear Cell Renal Cell Carcinoma	FFPE
C3N-00155-21	C3N-00155	Uterine Corpus Endometrial Carcinoma	FFPE
C3N-00155-22	C3N-00155	Uterine Corpus Endometrial Carcinoma	FFPE
C3N-00155-23	C3N-00155	Uterine Corpus Endometrial Carcinoma	FFPE
C3N-00155-24	C3N-00155	Uterine Corpus Endometrial Carcinoma	FFPE
C3N-00155-26	C3N-00155	Uterine Corpus Endometrial Carcinoma	FFPE
C3N-00155-27	C3N-00155	Uterine Corpus Endometrial Carcinoma	FFPE
C3N-00167-21	C3N-00167	Lung Adenocarcinoma	FFPE
C3N-00167-22	C3N-00167	Lung Adenocarcinoma	FFPE
C3N-00167-23	C3N-00167	Lung Adenocarcinoma	FFPE
C3N-00167-24	C3N-00167	Lung Adenocarcinoma	FFPE
C3N-00167-26	C3N-00167	Lung Adenocarcinoma	FFPE
C3N-00167-27	C3N-00167	Lung Adenocarcinoma	FFPE
C3N-00168-21	C3N-00168	Clear Cell Renal Cell Carcinoma	FFPE
C3N-00168-22	C3N-00168	Clear Cell Renal Cell Carcinoma	FFPE
C3N-00168-23	C3N-00168	Clear Cell Renal Cell Carcinoma	FFPE
C3N-00168-24	C3N-00168	Clear Cell Renal Cell Carcinoma	FFPE
C3N-00168-26	C3N-00168	Clear Cell Renal Cell Carcinoma	FFPE
C3N-00168-27	C3N-00168	Clear Cell Renal Cell Carcinoma	FFPE
C3N-00169-21	C3N-00169	Lung Adenocarcinoma	FFPE
C3N-00169-22	C3N-00169	Lung Adenocarcinoma	FFPE
C3N-00169-23	C3N-00169	Lung Adenocarcinoma	FFPE
C3N-00169-24	C3N-00169	Lung Adenocarcinoma	FFPE
C3N-00169-26	C3N-00169	Lung Adenocarcinoma	FFPE
C3N-00169-27	C3N-00169	Lung Adenocarcinoma	FFPE
C3N-00175-21	C3N-00175	Lung Adenocarcinoma	FFPE
C3N-00175-22	C3N-00175	Lung Adenocarcinoma	FFPE
C3N-00175-23	C3N-00175	Lung Adenocarcinoma	FFPE
C3N-00175-24	C3N-00175	Lung Adenocarcinoma	FFPE
C3N-00175-26	C3N-00175	Lung Adenocarcinoma	FFPE
C3N-00175-27	C3N-00175	Lung Adenocarcinoma	FFPE
C3N-00177-21	C3N-00177	Clear Cell Renal Cell Carcinoma	FFPE
C3N-00177-22	C3N-00177	Clear Cell Renal Cell Carcinoma	FFPE
C3N-00177-23	C3N-00177	Clear Cell Renal Cell Carcinoma	FFPE
C3N-00177-26	C3N-00177	Clear Cell Renal Cell Carcinoma	FFPE
C3N-00177-27	C3N-00177	Clear Cell Renal Cell Carcinoma	FFPE
C3N-00180-21	C3N-00180	Lung Adenocarcinoma	FFPE
C3N-00180-22	C3N-00180	Lung Adenocarcinoma	FFPE
C3N-00180-23	C3N-00180	Lung Adenocarcinoma	FFPE
C3N-00180-24	C3N-00180	Lung Adenocarcinoma	FFPE
C3N-00180-26	C3N-00180	Lung Adenocarcinoma	FFPE
C3N-00180-27	C3N-00180	Lung Adenocarcinoma	FFPE
C3N-00194-21	C3N-00194	Clear Cell Renal Cell Carcinoma	FFPE
C3N-00194-22	C3N-00194	Clear Cell Renal Cell Carcinoma	FFPE
C3N-00194-23	C3N-00194	Clear Cell Renal Cell Carcinoma	FFPE
C3N-00194-24	C3N-00194	Clear Cell Renal Cell Carcinoma	FFPE
C3N-00194-26	C3N-00194	Clear Cell Renal Cell Carcinoma	FFPE
C3N-00194-27	C3N-00194	Clear Cell Renal Cell Carcinoma	FFPE
C3N-00198-21	C3N-00198	Pancreatic Ductal Adenocarcinoma	FFPE
C3N-00198-22	C3N-00198	Pancreatic Ductal Adenocarcinoma	FFPE
C3N-00198-23	C3N-00198	Pancreatic Ductal Adenocarcinoma	FFPE
C3N-00198-26	C3N-00198	Pancreatic Ductal Adenocarcinoma	FFPE
C3N-00198-27	C3N-00198	Pancreatic Ductal Adenocarcinoma	FFPE
C3N-00199-21	C3N-00199	Lung Adenocarcinoma	FFPE
C3N-00199-22	C3N-00199	Lung Adenocarcinoma	FFPE
C3N-00199-23	C3N-00199	Lung Adenocarcinoma	FFPE
C3N-00199-26	C3N-00199	Lung Adenocarcinoma	FFPE
C3N-00199-27	C3N-00199	Lung Adenocarcinoma	FFPE
C3N-00200-21	C3N-00200	Uterine Corpus Endometrial Carcinoma	FFPE
C3N-00200-22	C3N-00200	Uterine Corpus Endometrial Carcinoma	FFPE
C3N-00200-23	C3N-00200	Uterine Corpus Endometrial Carcinoma	FFPE
C3N-00200-26	C3N-00200	Uterine Corpus Endometrial Carcinoma	FFPE
C3N-00200-27	C3N-00200	Uterine Corpus Endometrial Carcinoma	FFPE
C3N-00203-21	C3N-00203	Lung Adenocarcinoma	FFPE
C3N-00203-22	C3N-00203	Lung Adenocarcinoma	FFPE
C3N-00203-23	C3N-00203	Lung Adenocarcinoma	FFPE
C3N-00203-24	C3N-00203	Lung Adenocarcinoma	FFPE
C3N-00203-26	C3N-00203	Lung Adenocarcinoma	FFPE
C3N-00203-27	C3N-00203	Lung Adenocarcinoma	FFPE
C3N-00217-21	C3N-00217	Lung Adenocarcinoma	FFPE
C3N-00217-22	C3N-00217	Lung Adenocarcinoma	FFPE
C3N-00217-23	C3N-00217	Lung Adenocarcinoma	FFPE
C3N-00217-24	C3N-00217	Lung Adenocarcinoma	FFPE
C3N-00217-26	C3N-00217	Lung Adenocarcinoma	FFPE
C3N-00217-27	C3N-00217	Lung Adenocarcinoma	FFPE
C3N-00223-21	C3N-00223	Lung Adenocarcinoma	FFPE
C3N-00223-22	C3N-00223	Lung Adenocarcinoma	FFPE
C3N-00223-23	C3N-00223	Lung Adenocarcinoma	FFPE
C3N-00223-24	C3N-00223	Lung Adenocarcinoma	FFPE
C3N-00223-25	C3N-00223	Lung Adenocarcinoma	FFPE
C3N-00223-26	C3N-00223	Lung Adenocarcinoma	FFPE
C3N-00223-27	C3N-00223	Lung Adenocarcinoma	FFPE
C3N-00223-28	C3N-00223	Lung Adenocarcinoma	FFPE
C3N-00242-21	C3N-00242	Clear Cell Renal Cell Carcinoma	FFPE
C3N-00242-22	C3N-00242	Clear Cell Renal Cell Carcinoma	FFPE
C3N-00242-26	C3N-00242	Clear Cell Renal Cell Carcinoma	FFPE
C3N-00244-21	C3N-00244	Clear Cell Renal Cell Carcinoma	FFPE
C3N-00244-22	C3N-00244	Clear Cell Renal Cell Carcinoma	FFPE
C3N-00244-23	C3N-00244	Clear Cell Renal Cell Carcinoma	FFPE
C3N-00244-26	C3N-00244	Clear Cell Renal Cell Carcinoma	FFPE
C3N-00244-27	C3N-00244	Clear Cell Renal Cell Carcinoma	FFPE
C3N-00246-21	C3N-00246	Clear Cell Renal Cell Carcinoma	FFPE
C3N-00246-22	C3N-00246	Clear Cell Renal Cell Carcinoma	FFPE
C3N-00246-23	C3N-00246	Clear Cell Renal Cell Carcinoma	FFPE
C3N-00246-26	C3N-00246	Clear Cell Renal Cell Carcinoma	FFPE
C3N-00246-27	C3N-00246	Clear Cell Renal Cell Carcinoma	FFPE
C3N-00249-21	C3N-00249	Pancreatic Ductal Adenocarcinoma	FFPE
C3N-00249-22	C3N-00249	Pancreatic Ductal Adenocarcinoma	FFPE
C3N-00249-23	C3N-00249	Pancreatic Ductal Adenocarcinoma	FFPE
C3N-00249-26	C3N-00249	Pancreatic Ductal Adenocarcinoma	FFPE
C3N-00249-27	C3N-00249	Pancreatic Ductal Adenocarcinoma	FFPE
C3N-00293-21	C3N-00293	Lung Adenocarcinoma	OCT
C3N-00293-22	C3N-00293	Lung Adenocarcinoma	OCT
C3N-00293-23	C3N-00293	Lung Adenocarcinoma	OCT
C3N-00293-24	C3N-00293	Lung Adenocarcinoma	OCT
C3N-00293-25	C3N-00293	Lung Adenocarcinoma	OCT
C3N-00294-21	C3N-00294	Lung Adenocarcinoma	OCT
C3N-00294-22	C3N-00294	Lung Adenocarcinoma	OCT
C3N-00294-23	C3N-00294	Lung Adenocarcinoma	OCT
C3N-00294-24	C3N-00294	Lung Adenocarcinoma	OCT
C3N-00294-25	C3N-00294	Lung Adenocarcinoma	OCT
C3N-00302-21	C3N-00302	Pancreatic Ductal Adenocarcinoma	OCT
C3N-00302-22	C3N-00302	Pancreatic Ductal Adenocarcinoma	OCT
C3N-00302-23	C3N-00302	Pancreatic Ductal Adenocarcinoma	OCT
C3N-00302-24	C3N-00302	Pancreatic Ductal Adenocarcinoma	OCT
C3N-00302-25	C3N-00302	Pancreatic Ductal Adenocarcinoma	OCT
C3N-00303-21	C3N-00303	Pancreatic Ductal Adenocarcinoma	OCT
C3N-00303-22	C3N-00303	Pancreatic Ductal Adenocarcinoma	OCT
C3N-00303-23	C3N-00303	Pancreatic Ductal Adenocarcinoma	OCT
C3N-00303-24	C3N-00303	Pancreatic Ductal Adenocarcinoma	OCT
C3N-00303-25	C3N-00303	Pancreatic Ductal Adenocarcinoma	OCT
C3N-00305-21	C3N-00305	Clear Cell Renal Cell Carcinoma	OCT
C3N-00305-22	C3N-00305	Clear Cell Renal Cell Carcinoma	OCT
C3N-00310-21	C3N-00310	Clear Cell Renal Cell Carcinoma	OCT
C3N-00310-22	C3N-00310	Clear Cell Renal Cell Carcinoma	OCT
C3N-00310-23	C3N-00310	Clear Cell Renal Cell Carcinoma	OCT
C3N-00310-24	C3N-00310	Clear Cell Renal Cell Carcinoma	OCT
C3N-00310-25	C3N-00310	Clear Cell Renal Cell Carcinoma	OCT
C3N-00312-21	C3N-00312	Clear Cell Renal Cell Carcinoma	OCT
C3N-00312-22	C3N-00312	Clear Cell Renal Cell Carcinoma	OCT
C3N-00312-23	C3N-00312	Clear Cell Renal Cell Carcinoma	OCT
C3N-00312-24	C3N-00312	Clear Cell Renal Cell Carcinoma	OCT
C3N-00312-25	C3N-00312	Clear Cell Renal Cell Carcinoma	OCT
C3N-00313-21	C3N-00313	Clear Cell Renal Cell Carcinoma	OCT
C3N-00313-22	C3N-00313	Clear Cell Renal Cell Carcinoma	OCT
C3N-00313-23	C3N-00313	Clear Cell Renal Cell Carcinoma	OCT
C3N-00313-24	C3N-00313	Clear Cell Renal Cell Carcinoma	OCT
C3N-00314-21	C3N-00314	Clear Cell Renal Cell Carcinoma	OCT
C3N-00314-22	C3N-00314	Clear Cell Renal Cell Carcinoma	OCT
C3N-00314-23	C3N-00314	Clear Cell Renal Cell Carcinoma	OCT
C3N-00314-24	C3N-00314	Clear Cell Renal Cell Carcinoma	OCT
C3N-00314-25	C3N-00314	Clear Cell Renal Cell Carcinoma	OCT
C3N-00315-21	C3N-00315	Clear Cell Renal Cell Carcinoma	OCT
C3N-00315-22	C3N-00315	Clear Cell Renal Cell Carcinoma	OCT
C3N-00315-23	C3N-00315	Clear Cell Renal Cell Carcinoma	OCT
C3N-00315-24	C3N-00315	Clear Cell Renal Cell Carcinoma	OCT
C3N-00317-21	C3N-00317	Clear Cell Renal Cell Carcinoma	OCT
C3N-00317-22	C3N-00317	Clear Cell Renal Cell Carcinoma	OCT
C3N-00317-23	C3N-00317	Clear Cell Renal Cell Carcinoma	OCT
C3N-00317-24	C3N-00317	Clear Cell Renal Cell Carcinoma	OCT
C3N-00317-25	C3N-00317	Clear Cell Renal Cell Carcinoma	OCT
C3N-00320-21	C3N-00320	Clear Cell Renal Cell Carcinoma	OCT
C3N-00320-22	C3N-00320	Clear Cell Renal Cell Carcinoma	OCT
C3N-00320-23	C3N-00320	Clear Cell Renal Cell Carcinoma	OCT
C3N-00320-24	C3N-00320	Clear Cell Renal Cell Carcinoma	OCT
C3N-00320-25	C3N-00320	Clear Cell Renal Cell Carcinoma	OCT
C3N-00321-21	C3N-00321	Uterine Corpus Endometrial Carcinoma	OCT
C3N-00321-22	C3N-00321	Uterine Corpus Endometrial Carcinoma	OCT
C3N-00321-23	C3N-00321	Uterine Corpus Endometrial Carcinoma	OCT
C3N-00321-26	C3N-00321	Uterine Corpus Endometrial Carcinoma	OCT
C3N-00321-27	C3N-00321	Uterine Corpus Endometrial Carcinoma	OCT
C3N-00321-28	C3N-00321	Uterine Corpus Endometrial Carcinoma	OCT
C3N-00322-21	C3N-00322	Uterine Corpus Endometrial Carcinoma	OCT
C3N-00322-22	C3N-00322	Uterine Corpus Endometrial Carcinoma	OCT
C3N-00322-23	C3N-00322	Uterine Corpus Endometrial Carcinoma	OCT
C3N-00322-24	C3N-00322	Uterine Corpus Endometrial Carcinoma	OCT
C3N-00322-25	C3N-00322	Uterine Corpus Endometrial Carcinoma	OCT
C3N-00322-26	C3N-00322	Uterine Corpus Endometrial Carcinoma	OCT
C3N-00322-27	C3N-00322	Uterine Corpus Endometrial Carcinoma	OCT
C3N-00322-28	C3N-00322	Uterine Corpus Endometrial Carcinoma	OCT
C3N-00323-21	C3N-00323	Uterine Corpus Endometrial Carcinoma	OCT
C3N-00323-22	C3N-00323	Uterine Corpus Endometrial Carcinoma	OCT
C3N-00323-23	C3N-00323	Uterine Corpus Endometrial Carcinoma	OCT
C3N-00323-24	C3N-00323	Uterine Corpus Endometrial Carcinoma	OCT
C3N-00323-25	C3N-00323	Uterine Corpus Endometrial Carcinoma	OCT
C3N-00323-26	C3N-00323	Uterine Corpus Endometrial Carcinoma	OCT
C3N-00323-27	C3N-00323	Uterine Corpus Endometrial Carcinoma	OCT
C3N-00323-28	C3N-00323	Uterine Corpus Endometrial Carcinoma	OCT
C3N-00324-21	C3N-00324	Uterine Corpus Endometrial Carcinoma	OCT
C3N-00324-22	C3N-00324	Uterine Corpus Endometrial Carcinoma	OCT
C3N-00324-23	C3N-00324	Uterine Corpus Endometrial Carcinoma	OCT
C3N-00324-24	C3N-00324	Uterine Corpus Endometrial Carcinoma	OCT
C3N-00324-25	C3N-00324	Uterine Corpus Endometrial Carcinoma	OCT
C3N-00324-26	C3N-00324	Uterine Corpus Endometrial Carcinoma	OCT
C3N-00324-27	C3N-00324	Uterine Corpus Endometrial Carcinoma	OCT
C3N-00324-28	C3N-00324	Uterine Corpus Endometrial Carcinoma	OCT
C3N-00326-21	C3N-00326	Uterine Corpus Endometrial Carcinoma	OCT
C3N-00326-22	C3N-00326	Uterine Corpus Endometrial Carcinoma	OCT
C3N-00326-23	C3N-00326	Uterine Corpus Endometrial Carcinoma	OCT
C3N-00326-24	C3N-00326	Uterine Corpus Endometrial Carcinoma	OCT
C3N-00326-25	C3N-00326	Uterine Corpus Endometrial Carcinoma	OCT
C3N-00326-26	C3N-00326	Uterine Corpus Endometrial Carcinoma	OCT
C3N-00326-27	C3N-00326	Uterine Corpus Endometrial Carcinoma	OCT
C3N-00326-28	C3N-00326	Uterine Corpus Endometrial Carcinoma	OCT
C3N-00328-21	C3N-00328	Uterine Corpus Endometrial Carcinoma	OCT
C3N-00328-22	C3N-00328	Uterine Corpus Endometrial Carcinoma	OCT
C3N-00328-23	C3N-00328	Uterine Corpus Endometrial Carcinoma	OCT
C3N-00328-24	C3N-00328	Uterine Corpus Endometrial Carcinoma	OCT
C3N-00328-25	C3N-00328	Uterine Corpus Endometrial Carcinoma	OCT
C3N-00328-26	C3N-00328	Uterine Corpus Endometrial Carcinoma	OCT
C3N-00328-27	C3N-00328	Uterine Corpus Endometrial Carcinoma	OCT
C3N-00328-28	C3N-00328	Uterine Corpus Endometrial Carcinoma	OCT
C3N-00333-21	C3N-00333	Uterine Corpus Endometrial Carcinoma	OCT
C3N-00333-22	C3N-00333	Uterine Corpus Endometrial Carcinoma	OCT
C3N-00333-23	C3N-00333	Uterine Corpus Endometrial Carcinoma	OCT
C3N-00333-26	C3N-00333	Uterine Corpus Endometrial Carcinoma	OCT
C3N-00333-27	C3N-00333	Uterine Corpus Endometrial Carcinoma	OCT
C3N-00333-28	C3N-00333	Uterine Corpus Endometrial Carcinoma	OCT
C3N-00334-21	C3N-00334	Uterine Corpus Endometrial Carcinoma	OCT
C3N-00334-22	C3N-00334	Uterine Corpus Endometrial Carcinoma	OCT
C3N-00334-23	C3N-00334	Uterine Corpus Endometrial Carcinoma	OCT
C3N-00334-24	C3N-00334	Uterine Corpus Endometrial Carcinoma	OCT
C3N-00334-25	C3N-00334	Uterine Corpus Endometrial Carcinoma	OCT
C3N-00334-26	C3N-00334	Uterine Corpus Endometrial Carcinoma	OCT
C3N-00334-27	C3N-00334	Uterine Corpus Endometrial Carcinoma	OCT
C3N-00334-28	C3N-00334	Uterine Corpus Endometrial Carcinoma	OCT
C3N-00335-21	C3N-00335	Uterine Corpus Endometrial Carcinoma	OCT
C3N-00335-22	C3N-00335	Uterine Corpus Endometrial Carcinoma	OCT
C3N-00335-23	C3N-00335	Uterine Corpus Endometrial Carcinoma	OCT
C3N-00335-24	C3N-00335	Uterine Corpus Endometrial Carcinoma	OCT
C3N-00335-25	C3N-00335	Uterine Corpus Endometrial Carcinoma	OCT
C3N-00335-26	C3N-00335	Uterine Corpus Endometrial Carcinoma	OCT
C3N-00335-27	C3N-00335	Uterine Corpus Endometrial Carcinoma	OCT
C3N-00335-28	C3N-00335	Uterine Corpus Endometrial Carcinoma	OCT
C3N-00337-21	C3N-00337	Uterine Corpus Endometrial Carcinoma	OCT
C3N-00337-22	C3N-00337	Uterine Corpus Endometrial Carcinoma	OCT
C3N-00337-23	C3N-00337	Uterine Corpus Endometrial Carcinoma	OCT
C3N-00337-24	C3N-00337	Uterine Corpus Endometrial Carcinoma	OCT
C3N-00337-25	C3N-00337	Uterine Corpus Endometrial Carcinoma	OCT
C3N-00337-26	C3N-00337	Uterine Corpus Endometrial Carcinoma	OCT
C3N-00337-27	C3N-00337	Uterine Corpus Endometrial Carcinoma	OCT
C3N-00337-28	C3N-00337	Uterine Corpus Endometrial Carcinoma	OCT
C3N-00339-21	C3N-00339	Uterine Corpus Endometrial Carcinoma	OCT
C3N-00339-22	C3N-00339	Uterine Corpus Endometrial Carcinoma	OCT
C3N-00339-23	C3N-00339	Uterine Corpus Endometrial Carcinoma	OCT
C3N-00339-24	C3N-00339	Uterine Corpus Endometrial Carcinoma	OCT
C3N-00339-25	C3N-00339	Uterine Corpus Endometrial Carcinoma	OCT
C3N-00339-26	C3N-00339	Uterine Corpus Endometrial Carcinoma	OCT
C3N-00339-27	C3N-00339	Uterine Corpus Endometrial Carcinoma	OCT
C3N-00339-28	C3N-00339	Uterine Corpus Endometrial Carcinoma	OCT
C3N-00340-21	C3N-00340	Uterine Corpus Endometrial Carcinoma	OCT
C3N-00340-22	C3N-00340	Uterine Corpus Endometrial Carcinoma	OCT
C3N-00340-23	C3N-00340	Uterine Corpus Endometrial Carcinoma	OCT
C3N-00340-24	C3N-00340	Uterine Corpus Endometrial Carcinoma	OCT
C3N-00340-26	C3N-00340	Uterine Corpus Endometrial Carcinoma	OCT
C3N-00377-21	C3N-00377	Uterine Corpus Endometrial Carcinoma	OCT
C3N-00377-22	C3N-00377	Uterine Corpus Endometrial Carcinoma	OCT
C3N-00377-23	C3N-00377	Uterine Corpus Endometrial Carcinoma	OCT
C3N-00377-24	C3N-00377	Uterine Corpus Endometrial Carcinoma	OCT
C3N-00377-25	C3N-00377	Uterine Corpus Endometrial Carcinoma	OCT
C3N-00377-26	C3N-00377	Uterine Corpus Endometrial Carcinoma	OCT
C3N-00377-27	C3N-00377	Uterine Corpus Endometrial Carcinoma	OCT
C3N-00379-21	C3N-00379	Uterine Corpus Endometrial Carcinoma	OCT
C3N-00379-22	C3N-00379	Uterine Corpus Endometrial Carcinoma	OCT
C3N-00379-23	C3N-00379	Uterine Corpus Endometrial Carcinoma	OCT
C3N-00379-26	C3N-00379	Uterine Corpus Endometrial Carcinoma	OCT
C3N-00380-21	C3N-00380	Clear Cell Renal Cell Carcinoma	OCT
C3N-00380-22	C3N-00380	Clear Cell Renal Cell Carcinoma	OCT
C3N-00380-23	C3N-00380	Clear Cell Renal Cell Carcinoma	OCT
C3N-00380-24	C3N-00380	Clear Cell Renal Cell Carcinoma	OCT
C3N-00380-25	C3N-00380	Clear Cell Renal Cell Carcinoma	OCT
C3N-00380-26	C3N-00380	Clear Cell Renal Cell Carcinoma	OCT
C3N-00383-21	C3N-00383	Uterine Corpus Endometrial Carcinoma	OCT
C3N-00383-22	C3N-00383	Uterine Corpus Endometrial Carcinoma	OCT
C3N-00383-23	C3N-00383	Uterine Corpus Endometrial Carcinoma	OCT
C3N-00383-24	C3N-00383	Uterine Corpus Endometrial Carcinoma	OCT
C3N-00383-25	C3N-00383	Uterine Corpus Endometrial Carcinoma	OCT
C3N-00383-26	C3N-00383	Uterine Corpus Endometrial Carcinoma	OCT
C3N-00383-27	C3N-00383	Uterine Corpus Endometrial Carcinoma	OCT
C3N-00383-28	C3N-00383	Uterine Corpus Endometrial Carcinoma	OCT
C3N-00386-21	C3N-00386	Uterine Corpus Endometrial Carcinoma	OCT
C3N-00386-22	C3N-00386	Uterine Corpus Endometrial Carcinoma	OCT
C3N-00386-23	C3N-00386	Uterine Corpus Endometrial Carcinoma	OCT
C3N-00386-26	C3N-00386	Uterine Corpus Endometrial Carcinoma	OCT
C3N-00386-27	C3N-00386	Uterine Corpus Endometrial Carcinoma	OCT
C3N-00388-21	C3N-00388	Uterine Corpus Endometrial Carcinoma	OCT
C3N-00388-22	C3N-00388	Uterine Corpus Endometrial Carcinoma	OCT
C3N-00388-23	C3N-00388	Uterine Corpus Endometrial Carcinoma	OCT
C3N-00388-24	C3N-00388	Uterine Corpus Endometrial Carcinoma	OCT
C3N-00388-26	C3N-00388	Uterine Corpus Endometrial Carcinoma	OCT
C3N-00389-21	C3N-00389	Uterine Corpus Endometrial Carcinoma	OCT
C3N-00389-22	C3N-00389	Uterine Corpus Endometrial Carcinoma	OCT
C3N-00389-23	C3N-00389	Uterine Corpus Endometrial Carcinoma	OCT
C3N-00389-24	C3N-00389	Uterine Corpus Endometrial Carcinoma	OCT
C3N-00389-25	C3N-00389	Uterine Corpus Endometrial Carcinoma	OCT
C3N-00389-26	C3N-00389	Uterine Corpus Endometrial Carcinoma	OCT
C3N-00389-27	C3N-00389	Uterine Corpus Endometrial Carcinoma	OCT
C3N-00390-21	C3N-00390	Clear Cell Renal Cell Carcinoma	OCT
C3N-00390-22	C3N-00390	Clear Cell Renal Cell Carcinoma	OCT
C3N-00390-23	C3N-00390	Clear Cell Renal Cell Carcinoma	OCT
C3N-00390-24	C3N-00390	Clear Cell Renal Cell Carcinoma	OCT
C3N-00390-26	C3N-00390	Clear Cell Renal Cell Carcinoma	OCT
C3N-00390-27	C3N-00390	Clear Cell Renal Cell Carcinoma	OCT
C3N-00433-21	C3N-00433	Lung Adenocarcinoma	OCT
C3N-00433-22	C3N-00433	Lung Adenocarcinoma	OCT
C3N-00433-23	C3N-00433	Lung Adenocarcinoma	OCT
C3N-00433-24	C3N-00433	Lung Adenocarcinoma	OCT
C3N-00433-25	C3N-00433	Lung Adenocarcinoma	OCT
C3N-00433-26	C3N-00433	Lung Adenocarcinoma	OCT
C3N-00433-27	C3N-00433	Lung Adenocarcinoma	OCT
C3N-00435-21	C3N-00435	Clear Cell Renal Cell Carcinoma	OCT
C3N-00435-22	C3N-00435	Clear Cell Renal Cell Carcinoma	OCT
C3N-00435-23	C3N-00435	Clear Cell Renal Cell Carcinoma	OCT
C3N-00435-24	C3N-00435	Clear Cell Renal Cell Carcinoma	OCT
C3N-00435-25	C3N-00435	Clear Cell Renal Cell Carcinoma	OCT
C3N-00435-26	C3N-00435	Clear Cell Renal Cell Carcinoma	OCT
C3N-00435-27	C3N-00435	Clear Cell Renal Cell Carcinoma	OCT
C3N-00436-21	C3N-00436	Pancreatic Ductal Adenocarcinoma	OCT
C3N-00436-22	C3N-00436	Pancreatic Ductal Adenocarcinoma	OCT
C3N-00436-25	C3N-00436	Pancreatic Ductal Adenocarcinoma	OCT
C3N-00437-21	C3N-00437	Clear Cell Renal Cell Carcinoma	OCT
C3N-00437-22	C3N-00437	Clear Cell Renal Cell Carcinoma	OCT
C3N-00437-23	C3N-00437	Clear Cell Renal Cell Carcinoma	OCT
C3N-00437-25	C3N-00437	Clear Cell Renal Cell Carcinoma	OCT
C3N-00491-21	C3N-00491	Clear Cell Renal Cell Carcinoma	OCT
C3N-00491-22	C3N-00491	Clear Cell Renal Cell Carcinoma	OCT
C3N-00491-23	C3N-00491	Clear Cell Renal Cell Carcinoma	OCT
C3N-00491-24	C3N-00491	Clear Cell Renal Cell Carcinoma	OCT
C3N-00491-25	C3N-00491	Clear Cell Renal Cell Carcinoma	OCT
C3N-00492-21	C3N-00492	Clear Cell Renal Cell Carcinoma	OCT
C3N-00492-22	C3N-00492	Clear Cell Renal Cell Carcinoma	OCT
C3N-00492-23	C3N-00492	Clear Cell Renal Cell Carcinoma	OCT
C3N-00492-24	C3N-00492	Clear Cell Renal Cell Carcinoma	OCT
C3N-00492-25	C3N-00492	Clear Cell Renal Cell Carcinoma	OCT
C3N-00494-21	C3N-00494	Clear Cell Renal Cell Carcinoma	OCT
C3N-00494-22	C3N-00494	Clear Cell Renal Cell Carcinoma	OCT
C3N-00494-23	C3N-00494	Clear Cell Renal Cell Carcinoma	OCT
C3N-00494-24	C3N-00494	Clear Cell Renal Cell Carcinoma	OCT
C3N-00494-25	C3N-00494	Clear Cell Renal Cell Carcinoma	OCT
C3N-00495-21	C3N-00495	Clear Cell Renal Cell Carcinoma	FFPE
C3N-00495-22	C3N-00495	Clear Cell Renal Cell Carcinoma	FFPE
C3N-00495-25	C3N-00495	Clear Cell Renal Cell Carcinoma	FFPE
C3N-00511-21	C3N-00511	Pancreatic Ductal Adenocarcinoma	FFPE
C3N-00511-22	C3N-00511	Pancreatic Ductal Adenocarcinoma	FFPE
C3N-00511-23	C3N-00511	Pancreatic Ductal Adenocarcinoma	FFPE
C3N-00511-25	C3N-00511	Pancreatic Ductal Adenocarcinoma	FFPE
C3N-00512-21	C3N-00512	Pancreatic Ductal Adenocarcinoma	FFPE
C3N-00512-22	C3N-00512	Pancreatic Ductal Adenocarcinoma	FFPE
C3N-00512-25	C3N-00512	Pancreatic Ductal Adenocarcinoma	FFPE
C3N-00513-23	C3N-00513	Pancreatic Ductal Adenocarcinoma	FFPE
C3N-00513-24	C3N-00513	Pancreatic Ductal Adenocarcinoma	FFPE
C3N-00513-25	C3N-00513	Pancreatic Ductal Adenocarcinoma	FFPE
C3N-00514-21	C3N-00514	Pancreatic Ductal Adenocarcinoma	FFPE
C3N-00514-22	C3N-00514	Pancreatic Ductal Adenocarcinoma	FFPE
C3N-00514-25	C3N-00514	Pancreatic Ductal Adenocarcinoma	FFPE
C3N-00516-21	C3N-00516	Pancreatic Ductal Adenocarcinoma	FFPE
C3N-00516-22	C3N-00516	Pancreatic Ductal Adenocarcinoma	FFPE
C3N-00516-25	C3N-00516	Pancreatic Ductal Adenocarcinoma	FFPE
C3N-00517-21	C3N-00517	Pancreatic Ductal Adenocarcinoma	FFPE
C3N-00517-22	C3N-00517	Pancreatic Ductal Adenocarcinoma	FFPE
C3N-00517-25	C3N-00517	Pancreatic Ductal Adenocarcinoma	FFPE
C3N-00518-21	C3N-00518	Pancreatic Ductal Adenocarcinoma	FFPE
C3N-00518-22	C3N-00518	Pancreatic Ductal Adenocarcinoma	FFPE
C3N-00518-23	C3N-00518	Pancreatic Ductal Adenocarcinoma	FFPE
C3N-00518-25	C3N-00518	Pancreatic Ductal Adenocarcinoma	FFPE
C3N-00520-21	C3N-00520	Uterine Corpus Endometrial Carcinoma	FFPE
C3N-00520-22	C3N-00520	Uterine Corpus Endometrial Carcinoma	FFPE
C3N-00520-23	C3N-00520	Uterine Corpus Endometrial Carcinoma	FFPE
C3N-00520-24	C3N-00520	Uterine Corpus Endometrial Carcinoma	FFPE
C3N-00520-25	C3N-00520	Uterine Corpus Endometrial Carcinoma	FFPE
C3N-00545-21	C3N-00545	Lung Adenocarcinoma	FFPE
C3N-00545-22	C3N-00545	Lung Adenocarcinoma	FFPE
C3N-00545-23	C3N-00545	Lung Adenocarcinoma	FFPE
C3N-00545-24	C3N-00545	Lung Adenocarcinoma	FFPE
C3N-00545-26	C3N-00545	Lung Adenocarcinoma	FFPE
C3N-00545-27	C3N-00545	Lung Adenocarcinoma	FFPE
C3N-00546-21	C3N-00546	Lung Adenocarcinoma	FFPE
C3N-00546-22	C3N-00546	Lung Adenocarcinoma	FFPE
C3N-00546-23	C3N-00546	Lung Adenocarcinoma	FFPE
C3N-00546-24	C3N-00546	Lung Adenocarcinoma	FFPE
C3N-00546-26	C3N-00546	Lung Adenocarcinoma	FFPE
C3N-00546-27	C3N-00546	Lung Adenocarcinoma	FFPE
C3N-00547-21	C3N-00547	Lung Adenocarcinoma	FFPE
C3N-00547-22	C3N-00547	Lung Adenocarcinoma	FFPE
C3N-00547-23	C3N-00547	Lung Adenocarcinoma	FFPE
C3N-00547-24	C3N-00547	Lung Adenocarcinoma	FFPE
C3N-00547-26	C3N-00547	Lung Adenocarcinoma	FFPE
C3N-00547-27	C3N-00547	Lung Adenocarcinoma	FFPE
C3N-00549-21	C3N-00549	Lung Adenocarcinoma	FFPE
C3N-00549-22	C3N-00549	Lung Adenocarcinoma	FFPE
C3N-00549-23	C3N-00549	Lung Adenocarcinoma	FFPE
C3N-00549-24	C3N-00549	Lung Adenocarcinoma	FFPE
C3N-00549-26	C3N-00549	Lung Adenocarcinoma	FFPE
C3N-00549-27	C3N-00549	Lung Adenocarcinoma	FFPE
C3N-00550-21	C3N-00550	Lung Adenocarcinoma	FFPE
C3N-00550-22	C3N-00550	Lung Adenocarcinoma	FFPE
C3N-00550-23	C3N-00550	Lung Adenocarcinoma	FFPE
C3N-00550-24	C3N-00550	Lung Adenocarcinoma	FFPE
C3N-00550-26	C3N-00550	Lung Adenocarcinoma	FFPE
C3N-00550-27	C3N-00550	Lung Adenocarcinoma	FFPE
C3N-00551-21	C3N-00551	Lung Adenocarcinoma	FFPE
C3N-00551-22	C3N-00551	Lung Adenocarcinoma	FFPE
C3N-00551-23	C3N-00551	Lung Adenocarcinoma	FFPE
C3N-00551-24	C3N-00551	Lung Adenocarcinoma	FFPE
C3N-00551-26	C3N-00551	Lung Adenocarcinoma	FFPE
C3N-00551-27	C3N-00551	Lung Adenocarcinoma	FFPE
C3N-00552-21	C3N-00552	Lung Adenocarcinoma	FFPE
C3N-00552-22	C3N-00552	Lung Adenocarcinoma	FFPE
C3N-00552-23	C3N-00552	Lung Adenocarcinoma	FFPE
C3N-00552-24	C3N-00552	Lung Adenocarcinoma	FFPE
C3N-00552-26	C3N-00552	Lung Adenocarcinoma	FFPE
C3N-00552-27	C3N-00552	Lung Adenocarcinoma	FFPE
C3N-00556-21	C3N-00556	Lung Adenocarcinoma	FFPE
C3N-00556-22	C3N-00556	Lung Adenocarcinoma	FFPE
C3N-00556-23	C3N-00556	Lung Adenocarcinoma	FFPE
C3N-00556-24	C3N-00556	Lung Adenocarcinoma	FFPE
C3N-00556-26	C3N-00556	Lung Adenocarcinoma	FFPE
C3N-00556-27	C3N-00556	Lung Adenocarcinoma	FFPE
C3N-00559-21	C3N-00559	Lung Adenocarcinoma	FFPE
C3N-00559-22	C3N-00559	Lung Adenocarcinoma	FFPE
C3N-00559-23	C3N-00559	Lung Adenocarcinoma	FFPE
C3N-00559-24	C3N-00559	Lung Adenocarcinoma	FFPE
C3N-00559-26	C3N-00559	Lung Adenocarcinoma	FFPE
C3N-00559-27	C3N-00559	Lung Adenocarcinoma	FFPE
C3N-00560-21	C3N-00560	Lung Adenocarcinoma	FFPE
C3N-00560-22	C3N-00560	Lung Adenocarcinoma	FFPE
C3N-00560-23	C3N-00560	Lung Adenocarcinoma	FFPE
C3N-00560-24	C3N-00560	Lung Adenocarcinoma	FFPE
C3N-00560-26	C3N-00560	Lung Adenocarcinoma	FFPE
C3N-00560-27	C3N-00560	Lung Adenocarcinoma	FFPE
C3N-00572-21	C3N-00572	Lung Adenocarcinoma	FFPE
C3N-00572-22	C3N-00572	Lung Adenocarcinoma	FFPE
C3N-00572-23	C3N-00572	Lung Adenocarcinoma	FFPE
C3N-00572-24	C3N-00572	Lung Adenocarcinoma	FFPE
C3N-00572-26	C3N-00572	Lung Adenocarcinoma	FFPE
C3N-00572-27	C3N-00572	Lung Adenocarcinoma	FFPE
C3N-00573-21	C3N-00573	Clear Cell Renal Cell Carcinoma	FFPE
C3N-00573-22	C3N-00573	Clear Cell Renal Cell Carcinoma	FFPE
C3N-00573-23	C3N-00573	Clear Cell Renal Cell Carcinoma	FFPE
C3N-00573-24	C3N-00573	Clear Cell Renal Cell Carcinoma	FFPE
C3N-00573-26	C3N-00573	Clear Cell Renal Cell Carcinoma	FFPE
C3N-00573-27	C3N-00573	Clear Cell Renal Cell Carcinoma	FFPE
C3N-00574-21	C3N-00574	Lung Adenocarcinoma	FFPE
C3N-00574-22	C3N-00574	Lung Adenocarcinoma	FFPE
C3N-00574-23	C3N-00574	Lung Adenocarcinoma	FFPE
C3N-00574-24	C3N-00574	Lung Adenocarcinoma	FFPE
C3N-00574-26	C3N-00574	Lung Adenocarcinoma	FFPE
C3N-00574-27	C3N-00574	Lung Adenocarcinoma	FFPE
C3N-00577-21	C3N-00577	Clear Cell Renal Cell Carcinoma	FFPE
C3N-00577-22	C3N-00577	Clear Cell Renal Cell Carcinoma	FFPE
C3N-00577-23	C3N-00577	Clear Cell Renal Cell Carcinoma	FFPE
C3N-00577-24	C3N-00577	Clear Cell Renal Cell Carcinoma	FFPE
C3N-00577-26	C3N-00577	Clear Cell Renal Cell Carcinoma	FFPE
C3N-00577-27	C3N-00577	Clear Cell Renal Cell Carcinoma	FFPE
C3N-00578-21	C3N-00578	Lung Adenocarcinoma	FFPE
C3N-00578-22	C3N-00578	Lung Adenocarcinoma	FFPE
C3N-00578-23	C3N-00578	Lung Adenocarcinoma	FFPE
C3N-00578-24	C3N-00578	Lung Adenocarcinoma	FFPE
C3N-00578-26	C3N-00578	Lung Adenocarcinoma	FFPE
C3N-00578-27	C3N-00578	Lung Adenocarcinoma	FFPE
C3N-00579-21	C3N-00579	Lung Adenocarcinoma	FFPE
C3N-00579-22	C3N-00579	Lung Adenocarcinoma	FFPE
C3N-00579-23	C3N-00579	Lung Adenocarcinoma	FFPE
C3N-00579-24	C3N-00579	Lung Adenocarcinoma	FFPE
C3N-00579-26	C3N-00579	Lung Adenocarcinoma	FFPE
C3N-00579-27	C3N-00579	Lung Adenocarcinoma	FFPE
C3N-00580-21	C3N-00580	Lung Adenocarcinoma	FFPE
C3N-00580-22	C3N-00580	Lung Adenocarcinoma	FFPE
C3N-00580-23	C3N-00580	Lung Adenocarcinoma	FFPE
C3N-00580-24	C3N-00580	Lung Adenocarcinoma	FFPE
C3N-00580-26	C3N-00580	Lung Adenocarcinoma	FFPE
C3N-00580-27	C3N-00580	Lung Adenocarcinoma	FFPE
C3N-00646-21	C3N-00646	Clear Cell Renal Cell Carcinoma	FFPE
C3N-00646-22	C3N-00646	Clear Cell Renal Cell Carcinoma	FFPE
C3N-00646-23	C3N-00646	Clear Cell Renal Cell Carcinoma	FFPE
C3N-00646-24	C3N-00646	Clear Cell Renal Cell Carcinoma	FFPE
C3N-00646-26	C3N-00646	Clear Cell Renal Cell Carcinoma	FFPE
C3N-00646-27	C3N-00646	Clear Cell Renal Cell Carcinoma	FFPE
C3N-00647-21	C3N-00647	Clear Cell Renal Cell Carcinoma	FFPE
C3N-00647-22	C3N-00647	Clear Cell Renal Cell Carcinoma	FFPE
C3N-00647-23	C3N-00647	Clear Cell Renal Cell Carcinoma	FFPE
C3N-00647-24	C3N-00647	Clear Cell Renal Cell Carcinoma	FFPE
C3N-00647-26	C3N-00647	Clear Cell Renal Cell Carcinoma	FFPE
C3N-00647-27	C3N-00647	Clear Cell Renal Cell Carcinoma	FFPE
C3N-00661-21	C3N-00661	Glioblastoma	FFPE
C3N-00661-22	C3N-00661	Glioblastoma	FFPE
C3N-00661-23	C3N-00661	Glioblastoma	FFPE
C3N-00661-24	C3N-00661	Glioblastoma	FFPE
C3N-00662-21	C3N-00662	Glioblastoma	FFPE
C3N-00662-22	C3N-00662	Glioblastoma	FFPE
C3N-00662-23	C3N-00662	Glioblastoma	FFPE
C3N-00663-21	C3N-00663	Glioblastoma	FFPE
C3N-00663-22	C3N-00663	Glioblastoma	FFPE
C3N-00663-23	C3N-00663	Glioblastoma	FFPE
C3N-00663-24	C3N-00663	Glioblastoma	FFPE
C3N-00665-21	C3N-00665	Glioblastoma	FFPE
C3N-00665-22	C3N-00665	Glioblastoma	FFPE
C3N-00665-23	C3N-00665	Glioblastoma	FFPE
C3N-00665-24	C3N-00665	Glioblastoma	FFPE
C3N-00704-21	C3N-00704	Lung Adenocarcinoma	FFPE
C3N-00704-22	C3N-00704	Lung Adenocarcinoma	FFPE
C3N-00704-23	C3N-00704	Lung Adenocarcinoma	FFPE
C3N-00704-24	C3N-00704	Lung Adenocarcinoma	FFPE
C3N-00709-21	C3N-00709	Pancreatic Ductal Adenocarcinoma	FFPE
C3N-00709-26	C3N-00709	Pancreatic Ductal Adenocarcinoma	FFPE
C3N-00715-21	C3N-00715	Clear Cell Renal Cell Carcinoma	FFPE
C3N-00715-26	C3N-00715	Clear Cell Renal Cell Carcinoma	FFPE
C3N-00721-21	C3N-00721	Clear Cell Renal Cell Carcinoma	FFPE
C3N-00721-26	C3N-00721	Clear Cell Renal Cell Carcinoma	FFPE
C3N-00729-21	C3N-00729	Uterine Corpus Endometrial Carcinoma	FFPE
C3N-00729-22	C3N-00729	Uterine Corpus Endometrial Carcinoma	FFPE
C3N-00729-23	C3N-00729	Uterine Corpus Endometrial Carcinoma	FFPE
C3N-00729-26	C3N-00729	Uterine Corpus Endometrial Carcinoma	FFPE
C3N-00729-27	C3N-00729	Uterine Corpus Endometrial Carcinoma	FFPE
C3N-00732-21	C3N-00732	Uterine Corpus Endometrial Carcinoma	FFPE
C3N-00732-22	C3N-00732	Uterine Corpus Endometrial Carcinoma	FFPE
C3N-00732-23	C3N-00732	Uterine Corpus Endometrial Carcinoma	FFPE
C3N-00732-26	C3N-00732	Uterine Corpus Endometrial Carcinoma	FFPE
C3N-00733-21	C3N-00733	Clear Cell Renal Cell Carcinoma	FFPE
C3N-00733-22	C3N-00733	Clear Cell Renal Cell Carcinoma	FFPE
C3N-00733-23	C3N-00733	Clear Cell Renal Cell Carcinoma	FFPE
C3N-00733-26	C3N-00733	Clear Cell Renal Cell Carcinoma	FFPE
C3N-00733-27	C3N-00733	Clear Cell Renal Cell Carcinoma	FFPE
C3N-00734-21	C3N-00734	Uterine Corpus Endometrial Carcinoma	FFPE
C3N-00734-22	C3N-00734	Uterine Corpus Endometrial Carcinoma	FFPE
C3N-00734-23	C3N-00734	Uterine Corpus Endometrial Carcinoma	FFPE
C3N-00734-26	C3N-00734	Uterine Corpus Endometrial Carcinoma	FFPE
C3N-00737-21	C3N-00737	Lung Adenocarcinoma	FFPE
C3N-00737-22	C3N-00737	Lung Adenocarcinoma	FFPE
C3N-00737-23	C3N-00737	Lung Adenocarcinoma	FFPE
C3N-00737-26	C3N-00737	Lung Adenocarcinoma	FFPE
C3N-00737-27	C3N-00737	Lung Adenocarcinoma	FFPE
C3N-00738-21	C3N-00738	Lung Adenocarcinoma	FFPE
C3N-00738-22	C3N-00738	Lung Adenocarcinoma	FFPE
C3N-00738-23	C3N-00738	Lung Adenocarcinoma	FFPE
C3N-00738-24	C3N-00738	Lung Adenocarcinoma	FFPE
C3N-00743-21	C3N-00743	Uterine Corpus Endometrial Carcinoma	FFPE
C3N-00743-22	C3N-00743	Uterine Corpus Endometrial Carcinoma	FFPE
C3N-00743-23	C3N-00743	Uterine Corpus Endometrial Carcinoma	FFPE
C3N-00743-24	C3N-00743	Uterine Corpus Endometrial Carcinoma	FFPE
C3N-00750-29	C3N-00750	Uterine Corpus Endometrial Carcinoma	FFPE
C3N-00750-30	C3N-00750	Uterine Corpus Endometrial Carcinoma	FFPE
C3N-00753-27	C3N-00753	Uterine Corpus Endometrial Carcinoma	FFPE
C3N-00753-28	C3N-00753	Uterine Corpus Endometrial Carcinoma	FFPE
C3N-00753-29	C3N-00753	Uterine Corpus Endometrial Carcinoma	FFPE
C3N-00753-30	C3N-00753	Uterine Corpus Endometrial Carcinoma	FFPE
C3N-00755-21	C3N-00755	Uterine Corpus Endometrial Carcinoma	FFPE
C3N-00755-22	C3N-00755	Uterine Corpus Endometrial Carcinoma	FFPE
C3N-00755-23	C3N-00755	Uterine Corpus Endometrial Carcinoma	FFPE
C3N-00755-24	C3N-00755	Uterine Corpus Endometrial Carcinoma	FFPE
C3N-00831-21	C3N-00831	Clear Cell Renal Cell Carcinoma	FFPE
C3N-00831-22	C3N-00831	Clear Cell Renal Cell Carcinoma	FFPE
C3N-00831-25	C3N-00831	Clear Cell Renal Cell Carcinoma	FFPE
C3N-00832-21	C3N-00832	Clear Cell Renal Cell Carcinoma	FFPE
C3N-00834-21	C3N-00834	Clear Cell Renal Cell Carcinoma	FFPE
C3N-00834-25	C3N-00834	Clear Cell Renal Cell Carcinoma	FFPE
C3N-00836-21	C3N-00836	Uterine Corpus Endometrial Carcinoma	OCT
C3N-00836-22	C3N-00836	Uterine Corpus Endometrial Carcinoma	OCT
C3N-00836-23	C3N-00836	Uterine Corpus Endometrial Carcinoma	OCT
C3N-00836-24	C3N-00836	Uterine Corpus Endometrial Carcinoma	OCT
C3N-00836-26	C3N-00836	Uterine Corpus Endometrial Carcinoma	OCT
C3N-00847-21	C3N-00847	Uterine Corpus Endometrial Carcinoma	OCT
C3N-00847-22	C3N-00847	Uterine Corpus Endometrial Carcinoma	OCT
C3N-00847-23	C3N-00847	Uterine Corpus Endometrial Carcinoma	OCT
C3N-00847-26	C3N-00847	Uterine Corpus Endometrial Carcinoma	OCT
C3N-00848-21	C3N-00848	Uterine Corpus Endometrial Carcinoma	OCT
C3N-00848-22	C3N-00848	Uterine Corpus Endometrial Carcinoma	OCT
C3N-00848-23	C3N-00848	Uterine Corpus Endometrial Carcinoma	OCT
C3N-00848-26	C3N-00848	Uterine Corpus Endometrial Carcinoma	OCT
C3N-00850-21	C3N-00850	Uterine Corpus Endometrial Carcinoma	OCT
C3N-00850-22	C3N-00850	Uterine Corpus Endometrial Carcinoma	OCT
C3N-00850-23	C3N-00850	Uterine Corpus Endometrial Carcinoma	OCT
C3N-00850-26	C3N-00850	Uterine Corpus Endometrial Carcinoma	OCT
C3N-00852-21	C3N-00852	Clear Cell Renal Cell Carcinoma	OCT
C3N-00852-22	C3N-00852	Clear Cell Renal Cell Carcinoma	OCT
C3N-00852-23	C3N-00852	Clear Cell Renal Cell Carcinoma	OCT
C3N-00852-26	C3N-00852	Clear Cell Renal Cell Carcinoma	OCT
C3N-00858-21	C3N-00858	Uterine Corpus Endometrial Carcinoma	FFPE
C3N-00858-22	C3N-00858	Uterine Corpus Endometrial Carcinoma	FFPE
C3N-00858-23	C3N-00858	Uterine Corpus Endometrial Carcinoma	FFPE
C3N-00858-24	C3N-00858	Uterine Corpus Endometrial Carcinoma	FFPE
C3N-00858-25	C3N-00858	Uterine Corpus Endometrial Carcinoma	FFPE
C3N-00859-21	C3N-00859	Uterine Corpus Endometrial Carcinoma	FFPE
C3N-00859-22	C3N-00859	Uterine Corpus Endometrial Carcinoma	FFPE
C3N-00859-23	C3N-00859	Uterine Corpus Endometrial Carcinoma	FFPE
C3N-00859-24	C3N-00859	Uterine Corpus Endometrial Carcinoma	FFPE
C3N-00859-25	C3N-00859	Uterine Corpus Endometrial Carcinoma	FFPE
C3N-00860-21	C3N-00860	Uterine Corpus Endometrial Carcinoma	FFPE
C3N-00860-22	C3N-00860	Uterine Corpus Endometrial Carcinoma	FFPE
C3N-00860-23	C3N-00860	Uterine Corpus Endometrial Carcinoma	FFPE
C3N-00860-24	C3N-00860	Uterine Corpus Endometrial Carcinoma	FFPE
C3N-00860-25	C3N-00860	Uterine Corpus Endometrial Carcinoma	FFPE
C3N-00866-21	C3N-00866	Uterine Corpus Endometrial Carcinoma	FFPE
C3N-00866-22	C3N-00866	Uterine Corpus Endometrial Carcinoma	FFPE
C3N-00866-23	C3N-00866	Uterine Corpus Endometrial Carcinoma	FFPE
C3N-00866-24	C3N-00866	Uterine Corpus Endometrial Carcinoma	FFPE
C3N-00872-22	C3N-00872	Uterine Corpus Endometrial Carcinoma	FFPE
C3N-00872-23	C3N-00872	Uterine Corpus Endometrial Carcinoma	FFPE
C3N-00872-24	C3N-00872	Uterine Corpus Endometrial Carcinoma	FFPE
C3N-00872-25	C3N-00872	Uterine Corpus Endometrial Carcinoma	FFPE
C3N-00880-21	C3N-00880	Uterine Corpus Endometrial Carcinoma	FFPE
C3N-00880-23	C3N-00880	Uterine Corpus Endometrial Carcinoma	FFPE
C3N-00880-24	C3N-00880	Uterine Corpus Endometrial Carcinoma	FFPE
C3N-00880-25	C3N-00880	Uterine Corpus Endometrial Carcinoma	FFPE
C3N-00953-21	C3N-00953	Clear Cell Renal Cell Carcinoma	FFPE
C3N-00953-22	C3N-00953	Clear Cell Renal Cell Carcinoma	FFPE
C3N-00953-23	C3N-00953	Clear Cell Renal Cell Carcinoma	FFPE
C3N-00953-26	C3N-00953	Clear Cell Renal Cell Carcinoma	FFPE
C3N-00953-27	C3N-00953	Clear Cell Renal Cell Carcinoma	FFPE
C3N-00954-21	C3N-00954	Pancreatic Ductal Adenocarcinoma	FFPE
C3N-00954-22	C3N-00954	Pancreatic Ductal Adenocarcinoma	FFPE
C3N-00954-23	C3N-00954	Pancreatic Ductal Adenocarcinoma	FFPE
C3N-00954-26	C3N-00954	Pancreatic Ductal Adenocarcinoma	FFPE
C3N-00954-27	C3N-00954	Pancreatic Ductal Adenocarcinoma	FFPE
C3N-00957-21	C3N-00957	Pancreatic Ductal Adenocarcinoma	FFPE
C3N-00957-22	C3N-00957	Pancreatic Ductal Adenocarcinoma	FFPE
C3N-00957-23	C3N-00957	Pancreatic Ductal Adenocarcinoma	FFPE
C3N-00957-26	C3N-00957	Pancreatic Ductal Adenocarcinoma	FFPE
C3N-00957-27	C3N-00957	Pancreatic Ductal Adenocarcinoma	FFPE
C3N-00959-21	C3N-00959	Lung Adenocarcinoma	FFPE
C3N-00959-22	C3N-00959	Lung Adenocarcinoma	FFPE
C3N-00959-23	C3N-00959	Lung Adenocarcinoma	FFPE
C3N-00959-26	C3N-00959	Lung Adenocarcinoma	FFPE
C3N-00959-27	C3N-00959	Lung Adenocarcinoma	FFPE
C3N-01001-23	C3N-01001	Uterine Corpus Endometrial Carcinoma	FFPE
C3N-01001-25	C3N-01001	Uterine Corpus Endometrial Carcinoma	FFPE
C3N-01003-21	C3N-01003	Uterine Corpus Endometrial Carcinoma	FFPE
C3N-01003-25	C3N-01003	Uterine Corpus Endometrial Carcinoma	FFPE
C3N-01007-21	C3N-01007	Uterine Corpus Endometrial Carcinoma	FFPE
C3N-01008-22	C3N-01008	Uterine Corpus Endometrial Carcinoma	FFPE
C3N-01008-23	C3N-01008	Uterine Corpus Endometrial Carcinoma	FFPE
C3N-01011-21	C3N-01011	Pancreatic Ductal Adenocarcinoma	FFPE
C3N-01011-22	C3N-01011	Pancreatic Ductal Adenocarcinoma	FFPE
C3N-01011-23	C3N-01011	Pancreatic Ductal Adenocarcinoma	FFPE
C3N-01011-26	C3N-01011	Pancreatic Ductal Adenocarcinoma	FFPE
C3N-01011-27	C3N-01011	Pancreatic Ductal Adenocarcinoma	FFPE
C3N-01012-21	C3N-01012	Pancreatic Ductal Adenocarcinoma	FFPE
C3N-01012-22	C3N-01012	Pancreatic Ductal Adenocarcinoma	FFPE
C3N-01012-26	C3N-01012	Pancreatic Ductal Adenocarcinoma	FFPE
C3N-01012-27	C3N-01012	Pancreatic Ductal Adenocarcinoma	FFPE
C3N-01016-21	C3N-01016	Lung Adenocarcinoma	FFPE
C3N-01016-22	C3N-01016	Lung Adenocarcinoma	FFPE
C3N-01016-23	C3N-01016	Lung Adenocarcinoma	FFPE
C3N-01016-24	C3N-01016	Lung Adenocarcinoma	FFPE
C3N-01016-26	C3N-01016	Lung Adenocarcinoma	FFPE
C3N-01016-27	C3N-01016	Lung Adenocarcinoma	FFPE
C3N-01019-21	C3N-01019	Lung Adenocarcinoma	FFPE
C3N-01019-22	C3N-01019	Lung Adenocarcinoma	FFPE
C3N-01019-23	C3N-01019	Lung Adenocarcinoma	FFPE
C3N-01019-24	C3N-01019	Lung Adenocarcinoma	FFPE
C3N-01019-26	C3N-01019	Lung Adenocarcinoma	FFPE
C3N-01019-27	C3N-01019	Lung Adenocarcinoma	FFPE
C3N-01021-21	C3N-01021	Lung Adenocarcinoma	FFPE
C3N-01021-22	C3N-01021	Lung Adenocarcinoma	FFPE
C3N-01021-23	C3N-01021	Lung Adenocarcinoma	FFPE
C3N-01021-24	C3N-01021	Lung Adenocarcinoma	FFPE
C3N-01021-26	C3N-01021	Lung Adenocarcinoma	FFPE
C3N-01021-27	C3N-01021	Lung Adenocarcinoma	FFPE
C3N-01022-21	C3N-01022	Lung Adenocarcinoma	FFPE
C3N-01022-22	C3N-01022	Lung Adenocarcinoma	FFPE
C3N-01022-23	C3N-01022	Lung Adenocarcinoma	FFPE
C3N-01022-24	C3N-01022	Lung Adenocarcinoma	FFPE
C3N-01022-26	C3N-01022	Lung Adenocarcinoma	FFPE
C3N-01022-27	C3N-01022	Lung Adenocarcinoma	FFPE
C3N-01023-21	C3N-01023	Lung Adenocarcinoma	FFPE
C3N-01023-22	C3N-01023	Lung Adenocarcinoma	FFPE
C3N-01023-23	C3N-01023	Lung Adenocarcinoma	FFPE
C3N-01023-24	C3N-01023	Lung Adenocarcinoma	FFPE
C3N-01023-26	C3N-01023	Lung Adenocarcinoma	FFPE
C3N-01023-27	C3N-01023	Lung Adenocarcinoma	FFPE
C3N-01024-21	C3N-01024	Lung Adenocarcinoma	FFPE
C3N-01024-22	C3N-01024	Lung Adenocarcinoma	FFPE
C3N-01024-23	C3N-01024	Lung Adenocarcinoma	FFPE
C3N-01024-24	C3N-01024	Lung Adenocarcinoma	FFPE
C3N-01024-26	C3N-01024	Lung Adenocarcinoma	FFPE
C3N-01024-27	C3N-01024	Lung Adenocarcinoma	FFPE
C3N-01030-21	C3N-01030	Lung Adenocarcinoma	FFPE
C3N-01030-22	C3N-01030	Lung Adenocarcinoma	FFPE
C3N-01030-23	C3N-01030	Lung Adenocarcinoma	FFPE
C3N-01030-24	C3N-01030	Lung Adenocarcinoma	FFPE
C3N-01030-26	C3N-01030	Lung Adenocarcinoma	FFPE
C3N-01030-27	C3N-01030	Lung Adenocarcinoma	FFPE
C3N-01071-21	C3N-01071	Lung Adenocarcinoma	FFPE
C3N-01071-22	C3N-01071	Lung Adenocarcinoma	FFPE
C3N-01071-23	C3N-01071	Lung Adenocarcinoma	FFPE
C3N-01071-24	C3N-01071	Lung Adenocarcinoma	FFPE
C3N-01071-26	C3N-01071	Lung Adenocarcinoma	FFPE
C3N-01071-27	C3N-01071	Lung Adenocarcinoma	FFPE
C3N-01072-21	C3N-01072	Lung Adenocarcinoma	FFPE
C3N-01072-22	C3N-01072	Lung Adenocarcinoma	FFPE
C3N-01072-23	C3N-01072	Lung Adenocarcinoma	FFPE
C3N-01072-24	C3N-01072	Lung Adenocarcinoma	FFPE
C3N-01072-26	C3N-01072	Lung Adenocarcinoma	FFPE
C3N-01072-27	C3N-01072	Lung Adenocarcinoma	FFPE
C3N-01074-21	C3N-01074	Lung Adenocarcinoma	FFPE
C3N-01074-22	C3N-01074	Lung Adenocarcinoma	FFPE
C3N-01074-23	C3N-01074	Lung Adenocarcinoma	FFPE
C3N-01074-24	C3N-01074	Lung Adenocarcinoma	FFPE
C3N-01074-26	C3N-01074	Lung Adenocarcinoma	FFPE
C3N-01074-27	C3N-01074	Lung Adenocarcinoma	FFPE
C3N-01077-21	C3N-01077	Clear Cell Renal Cell Carcinoma	FFPE
C3N-01077-22	C3N-01077	Clear Cell Renal Cell Carcinoma	FFPE
C3N-01077-23	C3N-01077	Clear Cell Renal Cell Carcinoma	FFPE
C3N-01077-24	C3N-01077	Clear Cell Renal Cell Carcinoma	FFPE
C3N-01077-26	C3N-01077	Clear Cell Renal Cell Carcinoma	FFPE
C3N-01077-27	C3N-01077	Clear Cell Renal Cell Carcinoma	FFPE
C3N-01078-21	C3N-01078	Clear Cell Renal Cell Carcinoma	FFPE
C3N-01078-22	C3N-01078	Clear Cell Renal Cell Carcinoma	FFPE
C3N-01078-23	C3N-01078	Clear Cell Renal Cell Carcinoma	FFPE
C3N-01078-24	C3N-01078	Clear Cell Renal Cell Carcinoma	FFPE
C3N-01078-26	C3N-01078	Clear Cell Renal Cell Carcinoma	FFPE
C3N-01078-27	C3N-01078	Clear Cell Renal Cell Carcinoma	FFPE
C3N-01079-21	C3N-01079	Uterine Corpus Endometrial Carcinoma	FFPE
C3N-01079-22	C3N-01079	Uterine Corpus Endometrial Carcinoma	FFPE
C3N-01079-23	C3N-01079	Uterine Corpus Endometrial Carcinoma	FFPE
C3N-01079-24	C3N-01079	Uterine Corpus Endometrial Carcinoma	FFPE
C3N-01079-26	C3N-01079	Uterine Corpus Endometrial Carcinoma	FFPE
C3N-01079-27	C3N-01079	Uterine Corpus Endometrial Carcinoma	FFPE
C3N-01080-21	C3N-01080	Clear Cell Renal Cell Carcinoma	FFPE
C3N-01080-22	C3N-01080	Clear Cell Renal Cell Carcinoma	FFPE
C3N-01080-23	C3N-01080	Clear Cell Renal Cell Carcinoma	FFPE
C3N-01080-24	C3N-01080	Clear Cell Renal Cell Carcinoma	FFPE
C3N-01080-26	C3N-01080	Clear Cell Renal Cell Carcinoma	FFPE
C3N-01080-27	C3N-01080	Clear Cell Renal Cell Carcinoma	FFPE
C3N-01081-21	C3N-01081	Clear Cell Renal Cell Carcinoma	FFPE
C3N-01081-22	C3N-01081	Clear Cell Renal Cell Carcinoma	FFPE
C3N-01081-23	C3N-01081	Clear Cell Renal Cell Carcinoma	FFPE
C3N-01081-24	C3N-01081	Clear Cell Renal Cell Carcinoma	FFPE
C3N-01081-26	C3N-01081	Clear Cell Renal Cell Carcinoma	FFPE
C3N-01081-27	C3N-01081	Clear Cell Renal Cell Carcinoma	FFPE
C3N-01082-21	C3N-01082	Clear Cell Renal Cell Carcinoma	FFPE
C3N-01082-22	C3N-01082	Clear Cell Renal Cell Carcinoma	FFPE
C3N-01082-23	C3N-01082	Clear Cell Renal Cell Carcinoma	FFPE
C3N-01082-24	C3N-01082	Clear Cell Renal Cell Carcinoma	FFPE
C3N-01082-26	C3N-01082	Clear Cell Renal Cell Carcinoma	FFPE
C3N-01082-27	C3N-01082	Clear Cell Renal Cell Carcinoma	FFPE
C3N-01083-21	C3N-01083	Clear Cell Renal Cell Carcinoma	FFPE
C3N-01083-22	C3N-01083	Clear Cell Renal Cell Carcinoma	FFPE
C3N-01083-23	C3N-01083	Clear Cell Renal Cell Carcinoma	FFPE
C3N-01083-24	C3N-01083	Clear Cell Renal Cell Carcinoma	FFPE
C3N-01083-26	C3N-01083	Clear Cell Renal Cell Carcinoma	FFPE
C3N-01083-27	C3N-01083	Clear Cell Renal Cell Carcinoma	FFPE
C3N-01085-21	C3N-01085	Clear Cell Renal Cell Carcinoma	FFPE
C3N-01085-22	C3N-01085	Clear Cell Renal Cell Carcinoma	FFPE
C3N-01085-23	C3N-01085	Clear Cell Renal Cell Carcinoma	FFPE
C3N-01085-24	C3N-01085	Clear Cell Renal Cell Carcinoma	FFPE
C3N-01085-26	C3N-01085	Clear Cell Renal Cell Carcinoma	FFPE
C3N-01085-27	C3N-01085	Clear Cell Renal Cell Carcinoma	FFPE
C3N-01086-21	C3N-01086	Clear Cell Renal Cell Carcinoma	FFPE
C3N-01086-22	C3N-01086	Clear Cell Renal Cell Carcinoma	FFPE
C3N-01086-23	C3N-01086	Clear Cell Renal Cell Carcinoma	FFPE
C3N-01086-24	C3N-01086	Clear Cell Renal Cell Carcinoma	FFPE
C3N-01086-26	C3N-01086	Clear Cell Renal Cell Carcinoma	FFPE
C3N-01086-27	C3N-01086	Clear Cell Renal Cell Carcinoma	FFPE
C3N-01088-21	C3N-01088	Clear Cell Renal Cell Carcinoma	FFPE
C3N-01088-22	C3N-01088	Clear Cell Renal Cell Carcinoma	FFPE
C3N-01088-23	C3N-01088	Clear Cell Renal Cell Carcinoma	FFPE
C3N-01088-24	C3N-01088	Clear Cell Renal Cell Carcinoma	FFPE
C3N-01088-26	C3N-01088	Clear Cell Renal Cell Carcinoma	FFPE
C3N-01088-27	C3N-01088	Clear Cell Renal Cell Carcinoma	FFPE
C3N-01090-21	C3N-01090	Clear Cell Renal Cell Carcinoma	FFPE
C3N-01090-22	C3N-01090	Clear Cell Renal Cell Carcinoma	FFPE
C3N-01090-23	C3N-01090	Clear Cell Renal Cell Carcinoma	FFPE
C3N-01090-24	C3N-01090	Clear Cell Renal Cell Carcinoma	FFPE
C3N-01090-26	C3N-01090	Clear Cell Renal Cell Carcinoma	FFPE
C3N-01091-21	C3N-01091	Clear Cell Renal Cell Carcinoma	FFPE
C3N-01091-22	C3N-01091	Clear Cell Renal Cell Carcinoma	FFPE
C3N-01091-23	C3N-01091	Clear Cell Renal Cell Carcinoma	FFPE
C3N-01091-24	C3N-01091	Clear Cell Renal Cell Carcinoma	FFPE
C3N-01091-26	C3N-01091	Clear Cell Renal Cell Carcinoma	FFPE
C3N-01091-27	C3N-01091	Clear Cell Renal Cell Carcinoma	FFPE
C3N-01165-22	C3N-01165	Pancreatic Ductal Adenocarcinoma	FFPE
C3N-01165-23	C3N-01165	Pancreatic Ductal Adenocarcinoma	FFPE
C3N-01166-21	C3N-01166	Pancreatic Ductal Adenocarcinoma	FFPE
C3N-01166-22	C3N-01166	Pancreatic Ductal Adenocarcinoma	FFPE
C3N-01167-21	C3N-01167	Pancreatic Ductal Adenocarcinoma	FFPE
C3N-01167-22	C3N-01167	Pancreatic Ductal Adenocarcinoma	FFPE
C3N-01168-22	C3N-01168	Pancreatic Ductal Adenocarcinoma	FFPE
C3N-01168-23	C3N-01168	Pancreatic Ductal Adenocarcinoma	FFPE
C3N-01169-21	C3N-01169	Pancreatic Ductal Adenocarcinoma	FFPE
C3N-01169-22	C3N-01169	Pancreatic Ductal Adenocarcinoma	FFPE
C3N-01171-21	C3N-01171	Uterine Corpus Endometrial Carcinoma	FFPE
C3N-01171-23	C3N-01171	Uterine Corpus Endometrial Carcinoma	FFPE
C3N-01172-21	C3N-01172	Uterine Corpus Endometrial Carcinoma	FFPE
C3N-01172-22	C3N-01172	Uterine Corpus Endometrial Carcinoma	FFPE
C3N-01175-21	C3N-01175	Clear Cell Renal Cell Carcinoma	FFPE
C3N-01175-25	C3N-01175	Clear Cell Renal Cell Carcinoma	FFPE
C3N-01176-21	C3N-01176	Clear Cell Renal Cell Carcinoma	FFPE
C3N-01176-25	C3N-01176	Clear Cell Renal Cell Carcinoma	FFPE
C3N-01178-21	C3N-01178	Clear Cell Renal Cell Carcinoma	FFPE
C3N-01178-22	C3N-01178	Clear Cell Renal Cell Carcinoma	FFPE
C3N-01178-25	C3N-01178	Clear Cell Renal Cell Carcinoma	FFPE
C3N-01179-21	C3N-01179	Clear Cell Renal Cell Carcinoma	FFPE
C3N-01179-22	C3N-01179	Clear Cell Renal Cell Carcinoma	FFPE
C3N-01179-25	C3N-01179	Clear Cell Renal Cell Carcinoma	FFPE
C3N-01180-21	C3N-01180	Clear Cell Renal Cell Carcinoma	FFPE
C3N-01180-22	C3N-01180	Clear Cell Renal Cell Carcinoma	FFPE
C3N-01192-21	C3N-01192	Glioblastoma	FFPE
C3N-01192-23	C3N-01192	Glioblastoma	FFPE
C3N-01192-25	C3N-01192	Glioblastoma	FFPE
C3N-01196-24	C3N-01196	Glioblastoma	FFPE
C3N-01197-21	C3N-01197	Glioblastoma	FFPE
C3N-01200-21	C3N-01200	Clear Cell Renal Cell Carcinoma	FFPE
C3N-01200-22	C3N-01200	Clear Cell Renal Cell Carcinoma	FFPE
C3N-01200-23	C3N-01200	Clear Cell Renal Cell Carcinoma	FFPE
C3N-01200-24	C3N-01200	Clear Cell Renal Cell Carcinoma	FFPE
C3N-01200-25	C3N-01200	Clear Cell Renal Cell Carcinoma	FFPE
C3N-01200-26	C3N-01200	Clear Cell Renal Cell Carcinoma	FFPE
C3N-01211-21	C3N-01211	Uterine Corpus Endometrial Carcinoma	FFPE
C3N-01211-22	C3N-01211	Uterine Corpus Endometrial Carcinoma	FFPE
C3N-01211-23	C3N-01211	Uterine Corpus Endometrial Carcinoma	FFPE
C3N-01211-24	C3N-01211	Uterine Corpus Endometrial Carcinoma	FFPE
C3N-01211-26	C3N-01211	Uterine Corpus Endometrial Carcinoma	FFPE
C3N-01211-27	C3N-01211	Uterine Corpus Endometrial Carcinoma	FFPE
C3N-01212-21	C3N-01212	Uterine Corpus Endometrial Carcinoma	FFPE
C3N-01212-22	C3N-01212	Uterine Corpus Endometrial Carcinoma	FFPE
C3N-01212-23	C3N-01212	Uterine Corpus Endometrial Carcinoma	FFPE
C3N-01212-26	C3N-01212	Uterine Corpus Endometrial Carcinoma	FFPE
C3N-01213-21	C3N-01213	Clear Cell Renal Cell Carcinoma	FFPE
C3N-01213-22	C3N-01213	Clear Cell Renal Cell Carcinoma	FFPE
C3N-01213-23	C3N-01213	Clear Cell Renal Cell Carcinoma	FFPE
C3N-01213-26	C3N-01213	Clear Cell Renal Cell Carcinoma	FFPE
C3N-01214-21	C3N-01214	Clear Cell Renal Cell Carcinoma	FFPE
C3N-01214-22	C3N-01214	Clear Cell Renal Cell Carcinoma	FFPE
C3N-01214-23	C3N-01214	Clear Cell Renal Cell Carcinoma	FFPE
C3N-01214-26	C3N-01214	Clear Cell Renal Cell Carcinoma	FFPE
C3N-01217-21	C3N-01217	Uterine Corpus Endometrial Carcinoma	FFPE
C3N-01217-22	C3N-01217	Uterine Corpus Endometrial Carcinoma	FFPE
C3N-01217-23	C3N-01217	Uterine Corpus Endometrial Carcinoma	FFPE
C3N-01217-26	C3N-01217	Uterine Corpus Endometrial Carcinoma	FFPE
C3N-01219-21	C3N-01219	Uterine Corpus Endometrial Carcinoma	FFPE
C3N-01219-22	C3N-01219	Uterine Corpus Endometrial Carcinoma	FFPE
C3N-01219-23	C3N-01219	Uterine Corpus Endometrial Carcinoma	FFPE
C3N-01219-26	C3N-01219	Uterine Corpus Endometrial Carcinoma	FFPE
C3N-01220-21	C3N-01220	Clear Cell Renal Cell Carcinoma	FFPE
C3N-01220-22	C3N-01220	Clear Cell Renal Cell Carcinoma	FFPE
C3N-01220-23	C3N-01220	Clear Cell Renal Cell Carcinoma	FFPE
C3N-01220-26	C3N-01220	Clear Cell Renal Cell Carcinoma	FFPE
C3N-01261-21	C3N-01261	Clear Cell Renal Cell Carcinoma	FFPE
C3N-01261-22	C3N-01261	Clear Cell Renal Cell Carcinoma	FFPE
C3N-01261-23	C3N-01261	Clear Cell Renal Cell Carcinoma	FFPE
C3N-01261-26	C3N-01261	Clear Cell Renal Cell Carcinoma	FFPE
C3N-01267-21	C3N-01267	Uterine Corpus Endometrial Carcinoma	FFPE
C3N-01267-22	C3N-01267	Uterine Corpus Endometrial Carcinoma	FFPE
C3N-01267-23	C3N-01267	Uterine Corpus Endometrial Carcinoma	FFPE
C3N-01267-24	C3N-01267	Uterine Corpus Endometrial Carcinoma	FFPE
C3N-01267-26	C3N-01267	Uterine Corpus Endometrial Carcinoma	FFPE
C3N-01334-22	C3N-01334	Glioblastoma	FFPE
C3N-01334-23	C3N-01334	Glioblastoma	FFPE
C3N-01341-22	C3N-01341	Uterine Corpus Endometrial Carcinoma	FFPE
C3N-01342-21	C3N-01342	Uterine Corpus Endometrial Carcinoma	FFPE
C3N-01342-22	C3N-01342	Uterine Corpus Endometrial Carcinoma	FFPE
C3N-01344-21	C3N-01344	Uterine Corpus Endometrial Carcinoma	FFPE
C3N-01344-22	C3N-01344	Uterine Corpus Endometrial Carcinoma	FFPE
C3N-01344-23	C3N-01344	Uterine Corpus Endometrial Carcinoma	FFPE
C3N-01344-24	C3N-01344	Uterine Corpus Endometrial Carcinoma	FFPE
C3N-01344-25	C3N-01344	Uterine Corpus Endometrial Carcinoma	FFPE
C3N-01346-23	C3N-01346	Uterine Corpus Endometrial Carcinoma	FFPE
C3N-01346-24	C3N-01346	Uterine Corpus Endometrial Carcinoma	FFPE
C3N-01346-25	C3N-01346	Uterine Corpus Endometrial Carcinoma	FFPE
C3N-01349-21	C3N-01349	Uterine Corpus Endometrial Carcinoma	FFPE
C3N-01349-22	C3N-01349	Uterine Corpus Endometrial Carcinoma	FFPE
C3N-01361-21	C3N-01361	Clear Cell Renal Cell Carcinoma	FFPE
C3N-01361-22	C3N-01361	Clear Cell Renal Cell Carcinoma	FFPE
C3N-01361-26	C3N-01361	Clear Cell Renal Cell Carcinoma	FFPE
C3N-01364-22	C3N-01364	Glioblastoma	FFPE
C3N-01364-23	C3N-01364	Glioblastoma	FFPE
C3N-01365-22	C3N-01365	Glioblastoma	FFPE
C3N-01365-23	C3N-01365	Glioblastoma	FFPE
C3N-01365-24	C3N-01365	Glioblastoma	FFPE
C3N-01365-25	C3N-01365	Glioblastoma	FFPE
C3N-01365-26	C3N-01365	Glioblastoma	FFPE
C3N-01366-21	C3N-01366	Glioblastoma	FFPE
C3N-01366-22	C3N-01366	Glioblastoma	FFPE
C3N-01367-22	C3N-01367	Glioblastoma	FFPE
C3N-01368-21	C3N-01368	Glioblastoma	FFPE
C3N-01368-23	C3N-01368	Glioblastoma	FFPE
C3N-01369-21	C3N-01369	Glioblastoma	FFPE
C3N-01370-24	C3N-01370	Glioblastoma	FFPE
C3N-01370-26	C3N-01370	Glioblastoma	FFPE
C3N-01375-22	C3N-01375	Pancreatic Ductal Adenocarcinoma	FFPE
C3N-01375-23	C3N-01375	Pancreatic Ductal Adenocarcinoma	FFPE
C3N-01378-22	C3N-01378	Pancreatic Ductal Adenocarcinoma	FFPE
C3N-01379-21	C3N-01379	Pancreatic Ductal Adenocarcinoma	FFPE
C3N-01379-22	C3N-01379	Pancreatic Ductal Adenocarcinoma	FFPE
C3N-01379-23	C3N-01379	Pancreatic Ductal Adenocarcinoma	FFPE
C3N-01380-21	C3N-01380	Pancreatic Ductal Adenocarcinoma	FFPE
C3N-01380-23	C3N-01380	Pancreatic Ductal Adenocarcinoma	FFPE
C3N-01381-21	C3N-01381	Pancreatic Ductal Adenocarcinoma	FFPE
C3N-01381-22	C3N-01381	Pancreatic Ductal Adenocarcinoma	FFPE
C3N-01382-21	C3N-01382	Pancreatic Ductal Adenocarcinoma	FFPE
C3N-01382-22	C3N-01382	Pancreatic Ductal Adenocarcinoma	FFPE
C3N-01383-21	C3N-01383	Pancreatic Ductal Adenocarcinoma	FFPE
C3N-01383-23	C3N-01383	Pancreatic Ductal Adenocarcinoma	FFPE
C3N-01388-22	C3N-01388	Pancreatic Ductal Adenocarcinoma	FFPE
C3N-01388-23	C3N-01388	Pancreatic Ductal Adenocarcinoma	FFPE
C3N-01389-21	C3N-01389	Pancreatic Ductal Adenocarcinoma	FFPE
C3N-01389-22	C3N-01389	Pancreatic Ductal Adenocarcinoma	FFPE
C3N-01405-21	C3N-01405	Lung Adenocarcinoma	FFPE
C3N-01405-22	C3N-01405	Lung Adenocarcinoma	FFPE
C3N-01405-23	C3N-01405	Lung Adenocarcinoma	FFPE
C3N-01405-24	C3N-01405	Lung Adenocarcinoma	FFPE
C3N-01405-26	C3N-01405	Lung Adenocarcinoma	FFPE
C3N-01405-27	C3N-01405	Lung Adenocarcinoma	FFPE
C3N-01408-21	C3N-01408	Lung Adenocarcinoma	FFPE
C3N-01408-22	C3N-01408	Lung Adenocarcinoma	FFPE
C3N-01408-23	C3N-01408	Lung Adenocarcinoma	FFPE
C3N-01408-24	C3N-01408	Lung Adenocarcinoma	FFPE
C3N-01408-26	C3N-01408	Lung Adenocarcinoma	FFPE
C3N-01408-27	C3N-01408	Lung Adenocarcinoma	FFPE
C3N-01409-21	C3N-01409	Lung Adenocarcinoma	FFPE
C3N-01409-22	C3N-01409	Lung Adenocarcinoma	FFPE
C3N-01409-23	C3N-01409	Lung Adenocarcinoma	FFPE
C3N-01409-24	C3N-01409	Lung Adenocarcinoma	FFPE
C3N-01409-26	C3N-01409	Lung Adenocarcinoma	FFPE
C3N-01409-27	C3N-01409	Lung Adenocarcinoma	FFPE
C3N-01410-21	C3N-01410	Lung Adenocarcinoma	FFPE
C3N-01410-22	C3N-01410	Lung Adenocarcinoma	FFPE
C3N-01410-23	C3N-01410	Lung Adenocarcinoma	FFPE
C3N-01410-24	C3N-01410	Lung Adenocarcinoma	FFPE
C3N-01410-26	C3N-01410	Lung Adenocarcinoma	FFPE
C3N-01410-27	C3N-01410	Lung Adenocarcinoma	FFPE
C3N-01413-21	C3N-01413	Lung Adenocarcinoma	FFPE
C3N-01413-22	C3N-01413	Lung Adenocarcinoma	FFPE
C3N-01413-23	C3N-01413	Lung Adenocarcinoma	FFPE
C3N-01413-24	C3N-01413	Lung Adenocarcinoma	FFPE
C3N-01413-26	C3N-01413	Lung Adenocarcinoma	FFPE
C3N-01413-27	C3N-01413	Lung Adenocarcinoma	FFPE
C3N-01414-21	C3N-01414	Lung Adenocarcinoma	FFPE
C3N-01414-22	C3N-01414	Lung Adenocarcinoma	FFPE
C3N-01414-23	C3N-01414	Lung Adenocarcinoma	FFPE
C3N-01414-24	C3N-01414	Lung Adenocarcinoma	FFPE
C3N-01414-26	C3N-01414	Lung Adenocarcinoma	FFPE
C3N-01414-27	C3N-01414	Lung Adenocarcinoma	FFPE
C3N-01415-21	C3N-01415	Lung Adenocarcinoma	FFPE
C3N-01415-22	C3N-01415	Lung Adenocarcinoma	FFPE
C3N-01415-23	C3N-01415	Lung Adenocarcinoma	FFPE
C3N-01415-24	C3N-01415	Lung Adenocarcinoma	FFPE
C3N-01415-26	C3N-01415	Lung Adenocarcinoma	FFPE
C3N-01415-27	C3N-01415	Lung Adenocarcinoma	FFPE
C3N-01416-21	C3N-01416	Lung Adenocarcinoma	FFPE
C3N-01416-22	C3N-01416	Lung Adenocarcinoma	FFPE
C3N-01416-23	C3N-01416	Lung Adenocarcinoma	FFPE
C3N-01416-24	C3N-01416	Lung Adenocarcinoma	FFPE
C3N-01416-26	C3N-01416	Lung Adenocarcinoma	FFPE
C3N-01416-27	C3N-01416	Lung Adenocarcinoma	FFPE
C3N-01417-21	C3N-01417	Lung Adenocarcinoma	FFPE
C3N-01417-22	C3N-01417	Lung Adenocarcinoma	FFPE
C3N-01417-23	C3N-01417	Lung Adenocarcinoma	FFPE
C3N-01417-24	C3N-01417	Lung Adenocarcinoma	FFPE
C3N-01417-26	C3N-01417	Lung Adenocarcinoma	FFPE
C3N-01417-27	C3N-01417	Lung Adenocarcinoma	FFPE
C3N-01419-21	C3N-01419	Lung Adenocarcinoma	FFPE
C3N-01419-22	C3N-01419	Lung Adenocarcinoma	FFPE
C3N-01419-23	C3N-01419	Lung Adenocarcinoma	FFPE
C3N-01419-24	C3N-01419	Lung Adenocarcinoma	FFPE
C3N-01419-26	C3N-01419	Lung Adenocarcinoma	FFPE
C3N-01419-27	C3N-01419	Lung Adenocarcinoma	FFPE
C3N-01488-21	C3N-01488	Lung Adenocarcinoma	FFPE
C3N-01488-22	C3N-01488	Lung Adenocarcinoma	FFPE
C3N-01488-23	C3N-01488	Lung Adenocarcinoma	FFPE
C3N-01488-24	C3N-01488	Lung Adenocarcinoma	FFPE
C3N-01488-26	C3N-01488	Lung Adenocarcinoma	FFPE
C3N-01488-27	C3N-01488	Lung Adenocarcinoma	FFPE
C3N-01489-21	C3N-01489	Lung Adenocarcinoma	FFPE
C3N-01489-22	C3N-01489	Lung Adenocarcinoma	FFPE
C3N-01489-23	C3N-01489	Lung Adenocarcinoma	FFPE
C3N-01489-24	C3N-01489	Lung Adenocarcinoma	FFPE
C3N-01489-26	C3N-01489	Lung Adenocarcinoma	FFPE
C3N-01489-27	C3N-01489	Lung Adenocarcinoma	FFPE
C3N-01502-21	C3N-01502	Pancreatic Ductal Adenocarcinoma	FFPE
C3N-01502-26	C3N-01502	Pancreatic Ductal Adenocarcinoma	FFPE
C3N-01505-21	C3N-01505	Glioblastoma	FFPE
C3N-01510-21	C3N-01510	Uterine Corpus Endometrial Carcinoma	FFPE
C3N-01510-22	C3N-01510	Uterine Corpus Endometrial Carcinoma	FFPE
C3N-01510-23	C3N-01510	Uterine Corpus Endometrial Carcinoma	FFPE
C3N-01510-26	C3N-01510	Uterine Corpus Endometrial Carcinoma	FFPE
C3N-01510-27	C3N-01510	Uterine Corpus Endometrial Carcinoma	FFPE
C3N-01515-21	C3N-01515	Glioblastoma	FFPE
C3N-01517-21	C3N-01517	Glioblastoma	FFPE
C3N-01517-22	C3N-01517	Glioblastoma	FFPE
C3N-01517-23	C3N-01517	Glioblastoma	FFPE
C3N-01518-21	C3N-01518	Glioblastoma	FFPE
C3N-01518-22	C3N-01518	Glioblastoma	FFPE
C3N-01518-23	C3N-01518	Glioblastoma	FFPE
C3N-01520-21	C3N-01520	Uterine Corpus Endometrial Carcinoma	FFPE
C3N-01520-22	C3N-01520	Uterine Corpus Endometrial Carcinoma	FFPE
C3N-01520-23	C3N-01520	Uterine Corpus Endometrial Carcinoma	FFPE
C3N-01520-26	C3N-01520	Uterine Corpus Endometrial Carcinoma	FFPE
C3N-01521-21	C3N-01521	Uterine Corpus Endometrial Carcinoma	FFPE
C3N-01521-22	C3N-01521	Uterine Corpus Endometrial Carcinoma	FFPE
C3N-01521-23	C3N-01521	Uterine Corpus Endometrial Carcinoma	FFPE
C3N-01521-26	C3N-01521	Uterine Corpus Endometrial Carcinoma	FFPE
C3N-01522-21	C3N-01522	Clear Cell Renal Cell Carcinoma	FFPE
C3N-01522-22	C3N-01522	Clear Cell Renal Cell Carcinoma	FFPE
C3N-01522-23	C3N-01522	Clear Cell Renal Cell Carcinoma	FFPE
C3N-01522-26	C3N-01522	Clear Cell Renal Cell Carcinoma	FFPE
C3N-01524-21	C3N-01524	Clear Cell Renal Cell Carcinoma	FFPE
C3N-01524-22	C3N-01524	Clear Cell Renal Cell Carcinoma	FFPE
C3N-01524-23	C3N-01524	Clear Cell Renal Cell Carcinoma	FFPE
C3N-01524-26	C3N-01524	Clear Cell Renal Cell Carcinoma	FFPE
C3N-01525-21	C3N-01525	Uterine Corpus Endometrial Carcinoma	FFPE
C3N-01525-22	C3N-01525	Uterine Corpus Endometrial Carcinoma	FFPE
C3N-01525-23	C3N-01525	Uterine Corpus Endometrial Carcinoma	FFPE
C3N-01525-26	C3N-01525	Uterine Corpus Endometrial Carcinoma	FFPE
C3N-01526-21	C3N-01526	Uterine Corpus Endometrial Carcinoma	FFPE
C3N-01526-22	C3N-01526	Uterine Corpus Endometrial Carcinoma	FFPE
C3N-01526-23	C3N-01526	Uterine Corpus Endometrial Carcinoma	FFPE
C3N-01526-26	C3N-01526	Uterine Corpus Endometrial Carcinoma	FFPE
C3N-01529-21	C3N-01529	Uterine Corpus Endometrial Carcinoma	FFPE
C3N-01529-22	C3N-01529	Uterine Corpus Endometrial Carcinoma	FFPE
C3N-01529-23	C3N-01529	Uterine Corpus Endometrial Carcinoma	FFPE
C3N-01529-26	C3N-01529	Uterine Corpus Endometrial Carcinoma	FFPE
C3N-01536-21	C3N-01536	Clear Cell Renal Cell Carcinoma	FFPE
C3N-01536-22	C3N-01536	Clear Cell Renal Cell Carcinoma	FFPE
C3N-01536-23	C3N-01536	Clear Cell Renal Cell Carcinoma	FFPE
C3N-01536-26	C3N-01536	Clear Cell Renal Cell Carcinoma	FFPE
C3N-01537-21	C3N-01537	Uterine Corpus Endometrial Carcinoma	FFPE
C3N-01537-22	C3N-01537	Uterine Corpus Endometrial Carcinoma	FFPE
C3N-01537-23	C3N-01537	Uterine Corpus Endometrial Carcinoma	FFPE
C3N-01537-26	C3N-01537	Uterine Corpus Endometrial Carcinoma	FFPE
C3N-01646-21	C3N-01646	Clear Cell Renal Cell Carcinoma	FFPE
C3N-01646-22	C3N-01646	Clear Cell Renal Cell Carcinoma	FFPE
C3N-01646-30	C3N-01646	Clear Cell Renal Cell Carcinoma	FFPE
C3N-01648-21	C3N-01648	Clear Cell Renal Cell Carcinoma	FFPE
C3N-01648-22	C3N-01648	Clear Cell Renal Cell Carcinoma	FFPE
C3N-01648-28	C3N-01648	Clear Cell Renal Cell Carcinoma	FFPE
C3N-01649-21	C3N-01649	Clear Cell Renal Cell Carcinoma	FFPE
C3N-01649-22	C3N-01649	Clear Cell Renal Cell Carcinoma	FFPE
C3N-01649-30	C3N-01649	Clear Cell Renal Cell Carcinoma	FFPE
C3N-01651-21	C3N-01651	Clear Cell Renal Cell Carcinoma	FFPE
C3N-01651-25	C3N-01651	Clear Cell Renal Cell Carcinoma	FFPE
C3N-01651-30	C3N-01651	Clear Cell Renal Cell Carcinoma	FFPE
C3N-01654-21	C3N-01654	Clear Cell Renal Cell Carcinoma	FFPE
C3N-01654-22	C3N-01654	Clear Cell Renal Cell Carcinoma	FFPE
C3N-01654-29	C3N-01654	Clear Cell Renal Cell Carcinoma	FFPE
C3N-01655-21	C3N-01655	Clear Cell Renal Cell Carcinoma	FFPE
C3N-01655-22	C3N-01655	Clear Cell Renal Cell Carcinoma	FFPE
C3N-01656-21	C3N-01656	Clear Cell Renal Cell Carcinoma	FFPE
C3N-01656-22	C3N-01656	Clear Cell Renal Cell Carcinoma	FFPE
C3N-01656-27	C3N-01656	Clear Cell Renal Cell Carcinoma	FFPE
C3N-01657-21	C3N-01657	Clear Cell Renal Cell Carcinoma	FFPE
C3N-01657-22	C3N-01657	Clear Cell Renal Cell Carcinoma	FFPE
C3N-01657-23	C3N-01657	Clear Cell Renal Cell Carcinoma	FFPE
C3N-01714-21	C3N-01714	Pancreatic Ductal Adenocarcinoma	FFPE
C3N-01714-22	C3N-01714	Pancreatic Ductal Adenocarcinoma	FFPE
C3N-01715-21	C3N-01715	Pancreatic Ductal Adenocarcinoma	FFPE
C3N-01715-22	C3N-01715	Pancreatic Ductal Adenocarcinoma	FFPE
C3N-01716-23	C3N-01716	Pancreatic Ductal Adenocarcinoma	FFPE
C3N-01719-21	C3N-01719	Pancreatic Ductal Adenocarcinoma	FFPE
C3N-01719-22	C3N-01719	Pancreatic Ductal Adenocarcinoma	FFPE
C3N-01719-24	C3N-01719	Pancreatic Ductal Adenocarcinoma	FFPE
C3N-01761-21	C3N-01761	Uterine Corpus Endometrial Carcinoma	FFPE
C3N-01761-22	C3N-01761	Uterine Corpus Endometrial Carcinoma	FFPE
C3N-01761-25	C3N-01761	Uterine Corpus Endometrial Carcinoma	FFPE
C3N-01763-23	C3N-01763	Uterine Corpus Endometrial Carcinoma	FFPE
C3N-01763-24	C3N-01763	Uterine Corpus Endometrial Carcinoma	FFPE
C3N-01763-25	C3N-01763	Uterine Corpus Endometrial Carcinoma	FFPE
C3N-01764-21	C3N-01764	Uterine Corpus Endometrial Carcinoma	FFPE
C3N-01764-22	C3N-01764	Uterine Corpus Endometrial Carcinoma	FFPE
C3N-01764-23	C3N-01764	Uterine Corpus Endometrial Carcinoma	FFPE
C3N-01764-24	C3N-01764	Uterine Corpus Endometrial Carcinoma	FFPE
C3N-01764-25	C3N-01764	Uterine Corpus Endometrial Carcinoma	FFPE
C3N-01765-21	C3N-01765	Uterine Corpus Endometrial Carcinoma	FFPE
C3N-01765-24	C3N-01765	Uterine Corpus Endometrial Carcinoma	FFPE
C3N-01765-25	C3N-01765	Uterine Corpus Endometrial Carcinoma	FFPE
C3N-01766-24	C3N-01766	Uterine Corpus Endometrial Carcinoma	FFPE
C3N-01766-25	C3N-01766	Uterine Corpus Endometrial Carcinoma	FFPE
C3N-01798-21	C3N-01798	Glioblastoma	FFPE
C3N-01798-22	C3N-01798	Glioblastoma	FFPE
C3N-01798-23	C3N-01798	Glioblastoma	FFPE
C3N-01799-21	C3N-01799	Lung Adenocarcinoma	FFPE
C3N-01799-22	C3N-01799	Lung Adenocarcinoma	FFPE
C3N-01799-26	C3N-01799	Lung Adenocarcinoma	FFPE
C3N-01799-27	C3N-01799	Lung Adenocarcinoma	FFPE
C3N-01802-21	C3N-01802	Uterine Corpus Endometrial Carcinoma	FFPE
C3N-01802-26	C3N-01802	Uterine Corpus Endometrial Carcinoma	FFPE
C3N-01806-21	C3N-01806	Clear Cell Renal Cell Carcinoma	FFPE
C3N-01806-22	C3N-01806	Clear Cell Renal Cell Carcinoma	FFPE
C3N-01806-23	C3N-01806	Clear Cell Renal Cell Carcinoma	FFPE
C3N-01806-26	C3N-01806	Clear Cell Renal Cell Carcinoma	FFPE
C3N-01806-27	C3N-01806	Clear Cell Renal Cell Carcinoma	FFPE
C3N-01808-21	C3N-01808	Clear Cell Renal Cell Carcinoma	FFPE
C3N-01808-22	C3N-01808	Clear Cell Renal Cell Carcinoma	FFPE
C3N-01808-23	C3N-01808	Clear Cell Renal Cell Carcinoma	FFPE
C3N-01808-26	C3N-01808	Clear Cell Renal Cell Carcinoma	FFPE
C3N-01808-27	C3N-01808	Clear Cell Renal Cell Carcinoma	FFPE
C3N-01814-21	C3N-01814	Glioblastoma	FFPE
C3N-01814-22	C3N-01814	Glioblastoma	FFPE
C3N-01814-23	C3N-01814	Glioblastoma	FFPE
C3N-01815-21	C3N-01815	Glioblastoma	FFPE
C3N-01815-22	C3N-01815	Glioblastoma	FFPE
C3N-01815-23	C3N-01815	Glioblastoma	FFPE
C3N-01816-21	C3N-01816	Glioblastoma	FFPE
C3N-01816-22	C3N-01816	Glioblastoma	FFPE
C3N-01817-21	C3N-01817	Glioblastoma	FFPE
C3N-01817-22	C3N-01817	Glioblastoma	FFPE
C3N-01818-21	C3N-01818	Glioblastoma	FFPE
C3N-01818-22	C3N-01818	Glioblastoma	FFPE
C3N-01818-23	C3N-01818	Glioblastoma	FFPE
C3N-01821-21	C3N-01821	Uterine Corpus Endometrial Carcinoma	FFPE
C3N-01821-22	C3N-01821	Uterine Corpus Endometrial Carcinoma	FFPE
C3N-01821-23	C3N-01821	Uterine Corpus Endometrial Carcinoma	FFPE
C3N-01821-26	C3N-01821	Uterine Corpus Endometrial Carcinoma	FFPE
C3N-01823-21	C3N-01823	Lung Adenocarcinoma	FFPE
C3N-01823-22	C3N-01823	Lung Adenocarcinoma	FFPE
C3N-01823-23	C3N-01823	Lung Adenocarcinoma	FFPE
C3N-01823-26	C3N-01823	Lung Adenocarcinoma	FFPE
C3N-01825-21	C3N-01825	Uterine Corpus Endometrial Carcinoma	FFPE
C3N-01825-22	C3N-01825	Uterine Corpus Endometrial Carcinoma	FFPE
C3N-01825-23	C3N-01825	Uterine Corpus Endometrial Carcinoma	FFPE
C3N-01825-26	C3N-01825	Uterine Corpus Endometrial Carcinoma	FFPE
C3N-01828-21	C3N-01828	Clear Cell Renal Cell Carcinoma	FFPE
C3N-01828-22	C3N-01828	Clear Cell Renal Cell Carcinoma	FFPE
C3N-01828-23	C3N-01828	Clear Cell Renal Cell Carcinoma	FFPE
C3N-01828-26	C3N-01828	Clear Cell Renal Cell Carcinoma	FFPE
C3N-01830-21	C3N-01830	Uterine Corpus Endometrial Carcinoma	FFPE
C3N-01830-22	C3N-01830	Uterine Corpus Endometrial Carcinoma	FFPE
C3N-01830-23	C3N-01830	Uterine Corpus Endometrial Carcinoma	FFPE
C3N-01830-26	C3N-01830	Uterine Corpus Endometrial Carcinoma	FFPE
C3N-01842-21	C3N-01842	Lung Adenocarcinoma	FFPE
C3N-01842-22	C3N-01842	Lung Adenocarcinoma	FFPE
C3N-01842-23	C3N-01842	Lung Adenocarcinoma	FFPE
C3N-01842-26	C3N-01842	Lung Adenocarcinoma	FFPE
C3N-01843-21	C3N-01843	Uterine Corpus Endometrial Carcinoma	FFPE
C3N-01843-22	C3N-01843	Uterine Corpus Endometrial Carcinoma	FFPE
C3N-01843-23	C3N-01843	Uterine Corpus Endometrial Carcinoma	FFPE
C3N-01843-26	C3N-01843	Uterine Corpus Endometrial Carcinoma	FFPE
C3N-01847-21	C3N-01847	Uterine Corpus Endometrial Carcinoma	FFPE
C3N-01847-22	C3N-01847	Uterine Corpus Endometrial Carcinoma	FFPE
C3N-01847-23	C3N-01847	Uterine Corpus Endometrial Carcinoma	FFPE
C3N-01847-26	C3N-01847	Uterine Corpus Endometrial Carcinoma	FFPE
C3N-01848-21	C3N-01848	Uterine Corpus Endometrial Carcinoma	FFPE
C3N-01848-22	C3N-01848	Uterine Corpus Endometrial Carcinoma	FFPE
C3N-01848-23	C3N-01848	Uterine Corpus Endometrial Carcinoma	FFPE
C3N-01848-26	C3N-01848	Uterine Corpus Endometrial Carcinoma	FFPE
C3N-01849-21	C3N-01849	Glioblastoma	FFPE
C3N-01849-22	C3N-01849	Glioblastoma	FFPE
C3N-01849-23	C3N-01849	Glioblastoma	FFPE
C3N-01849-24	C3N-01849	Glioblastoma	FFPE
C3N-01850-21	C3N-01850	Glioblastoma	FFPE
C3N-01850-23	C3N-01850	Glioblastoma	FFPE
C3N-01851-21	C3N-01851	Glioblastoma	FFPE
C3N-01852-24	C3N-01852	Glioblastoma	FFPE
C3N-01852-25	C3N-01852	Glioblastoma	FFPE
C3N-01856-23	C3N-01856	Glioblastoma	FFPE
C3N-01857-21	C3N-01857	Glioblastoma	FFPE
C3N-01857-22	C3N-01857	Glioblastoma	FFPE
C3N-01871-21	C3N-01871	Uterine Corpus Endometrial Carcinoma	FFPE
C3N-01871-22	C3N-01871	Uterine Corpus Endometrial Carcinoma	FFPE
C3N-01871-23	C3N-01871	Uterine Corpus Endometrial Carcinoma	FFPE
C3N-01871-24	C3N-01871	Uterine Corpus Endometrial Carcinoma	FFPE
C3N-01871-25	C3N-01871	Uterine Corpus Endometrial Carcinoma	FFPE
C3N-01873-21	C3N-01873	Uterine Corpus Endometrial Carcinoma	FFPE
C3N-01873-22	C3N-01873	Uterine Corpus Endometrial Carcinoma	FFPE
C3N-01873-23	C3N-01873	Uterine Corpus Endometrial Carcinoma	FFPE
C3N-01873-25	C3N-01873	Uterine Corpus Endometrial Carcinoma	FFPE
C3N-01874-21	C3N-01874	Uterine Corpus Endometrial Carcinoma	FFPE
C3N-01874-23	C3N-01874	Uterine Corpus Endometrial Carcinoma	FFPE
C3N-01874-25	C3N-01874	Uterine Corpus Endometrial Carcinoma	FFPE
C3N-01875-21	C3N-01875	Uterine Corpus Endometrial Carcinoma	FFPE
C3N-01875-22	C3N-01875	Uterine Corpus Endometrial Carcinoma	FFPE
C3N-01875-25	C3N-01875	Uterine Corpus Endometrial Carcinoma	FFPE
C3N-01876-21	C3N-01876	Uterine Corpus Endometrial Carcinoma	FFPE
C3N-01876-22	C3N-01876	Uterine Corpus Endometrial Carcinoma	FFPE
C3N-01876-25	C3N-01876	Uterine Corpus Endometrial Carcinoma	FFPE
C3N-01877-24	C3N-01877	Uterine Corpus Endometrial Carcinoma	FFPE
C3N-01877-25	C3N-01877	Uterine Corpus Endometrial Carcinoma	FFPE
C3N-01878-21	C3N-01878	Uterine Corpus Endometrial Carcinoma	FFPE
C3N-01878-22	C3N-01878	Uterine Corpus Endometrial Carcinoma	FFPE
C3N-01878-25	C3N-01878	Uterine Corpus Endometrial Carcinoma	FFPE
C3N-01879-21	C3N-01879	Uterine Corpus Endometrial Carcinoma	FFPE
C3N-01879-22	C3N-01879	Uterine Corpus Endometrial Carcinoma	FFPE
C3N-01879-25	C3N-01879	Uterine Corpus Endometrial Carcinoma	FFPE
C3N-01880-23	C3N-01880	Uterine Corpus Endometrial Carcinoma	FFPE
C3N-01880-24	C3N-01880	Uterine Corpus Endometrial Carcinoma	FFPE
C3N-01880-25	C3N-01880	Uterine Corpus Endometrial Carcinoma	FFPE
C3N-01897-21	C3N-01897	Pancreatic Ductal Adenocarcinoma	FFPE
C3N-01897-22	C3N-01897	Pancreatic Ductal Adenocarcinoma	FFPE
C3N-01897-23	C3N-01897	Pancreatic Ductal Adenocarcinoma	FFPE
C3N-01900-22	C3N-01900	Pancreatic Ductal Adenocarcinoma	FFPE
C3N-01900-23	C3N-01900	Pancreatic Ductal Adenocarcinoma	FFPE
C3N-01900-24	C3N-01900	Pancreatic Ductal Adenocarcinoma	FFPE
C3N-01902-22	C3N-01902	Clear Cell Renal Cell Carcinoma	FFPE
C3N-01902-25	C3N-01902	Clear Cell Renal Cell Carcinoma	FFPE
C3N-01902-29	C3N-01902	Clear Cell Renal Cell Carcinoma	FFPE
C3N-01905-21	C3N-01905	Clear Cell Renal Cell Carcinoma	FFPE
C3N-01905-22	C3N-01905	Clear Cell Renal Cell Carcinoma	FFPE
C3N-01905-29	C3N-01905	Clear Cell Renal Cell Carcinoma	FFPE
C3N-01907-21	C3N-01907	Pancreatic Ductal Adenocarcinoma	FFPE
C3N-01907-22	C3N-01907	Pancreatic Ductal Adenocarcinoma	FFPE
C3N-01989-21	C3N-01989	Clear Cell Renal Cell Carcinoma	FFPE
C3N-01989-22	C3N-01989	Clear Cell Renal Cell Carcinoma	FFPE
C3N-01989-23	C3N-01989	Clear Cell Renal Cell Carcinoma	FFPE
C3N-01989-24	C3N-01989	Clear Cell Renal Cell Carcinoma	FFPE
C3N-01997-21	C3N-01997	Pancreatic Ductal Adenocarcinoma	FFPE
C3N-01997-22	C3N-01997	Pancreatic Ductal Adenocarcinoma	FFPE
C3N-01997-23	C3N-01997	Pancreatic Ductal Adenocarcinoma	FFPE
C3N-01998-21	C3N-01998	Pancreatic Ductal Adenocarcinoma	FFPE
C3N-01998-22	C3N-01998	Pancreatic Ductal Adenocarcinoma	FFPE
C3N-01998-23	C3N-01998	Pancreatic Ductal Adenocarcinoma	FFPE
C3N-02000-21	C3N-02000	Lung Adenocarcinoma	FFPE
C3N-02000-22	C3N-02000	Lung Adenocarcinoma	FFPE
C3N-02000-23	C3N-02000	Lung Adenocarcinoma	FFPE
C3N-02002-21	C3N-02002	Lung Adenocarcinoma	FFPE
C3N-02002-22	C3N-02002	Lung Adenocarcinoma	FFPE
C3N-02002-23	C3N-02002	Lung Adenocarcinoma	FFPE
C3N-02003-21	C3N-02003	Lung Adenocarcinoma	FFPE
C3N-02003-22	C3N-02003	Lung Adenocarcinoma	FFPE
C3N-02003-23	C3N-02003	Lung Adenocarcinoma	FFPE
C3N-02005-21	C3N-02005	Clear Cell Renal Cell Carcinoma	FFPE
C3N-02005-22	C3N-02005	Clear Cell Renal Cell Carcinoma	FFPE
C3N-02005-23	C3N-02005	Clear Cell Renal Cell Carcinoma	FFPE
C3N-02010-21	C3N-02010	Pancreatic Ductal Adenocarcinoma	FFPE
C3N-02010-22	C3N-02010	Pancreatic Ductal Adenocarcinoma	FFPE
C3N-02010-23	C3N-02010	Pancreatic Ductal Adenocarcinoma	FFPE
C3N-02010-26	C3N-02010	Pancreatic Ductal Adenocarcinoma	FFPE
C3N-02010-27	C3N-02010	Pancreatic Ductal Adenocarcinoma	FFPE
C3N-02012-21	C3N-02012	Uterine Corpus Endometrial Carcinoma	FFPE
C3N-02012-26	C3N-02012	Uterine Corpus Endometrial Carcinoma	FFPE
C3N-02015-21	C3N-02015	Clear Cell Renal Cell Carcinoma	FFPE
C3N-02015-22	C3N-02015	Clear Cell Renal Cell Carcinoma	FFPE
C3N-02015-23	C3N-02015	Clear Cell Renal Cell Carcinoma	FFPE
C3N-02015-26	C3N-02015	Clear Cell Renal Cell Carcinoma	FFPE
C3N-02027-21	C3N-02027	Uterine Corpus Endometrial Carcinoma	FFPE
C3N-02027-22	C3N-02027	Uterine Corpus Endometrial Carcinoma	FFPE
C3N-02027-23	C3N-02027	Uterine Corpus Endometrial Carcinoma	FFPE
C3N-02027-26	C3N-02027	Uterine Corpus Endometrial Carcinoma	FFPE
C3N-02028-21	C3N-02028	Uterine Corpus Endometrial Carcinoma	FFPE
C3N-02028-22	C3N-02028	Uterine Corpus Endometrial Carcinoma	FFPE
C3N-02028-23	C3N-02028	Uterine Corpus Endometrial Carcinoma	FFPE
C3N-02028-26	C3N-02028	Uterine Corpus Endometrial Carcinoma	FFPE
C3N-02030-21	C3N-02030	Uterine Corpus Endometrial Carcinoma	FFPE
C3N-02030-22	C3N-02030	Uterine Corpus Endometrial Carcinoma	FFPE
C3N-02030-23	C3N-02030	Uterine Corpus Endometrial Carcinoma	FFPE
C3N-02030-26	C3N-02030	Uterine Corpus Endometrial Carcinoma	FFPE
C3N-02061-21	C3N-02061	Uterine Corpus Endometrial Carcinoma	FFPE
C3N-02061-22	C3N-02061	Uterine Corpus Endometrial Carcinoma	FFPE
C3N-02061-23	C3N-02061	Uterine Corpus Endometrial Carcinoma	FFPE
C3N-02061-26	C3N-02061	Uterine Corpus Endometrial Carcinoma	FFPE
C3N-02062-21	C3N-02062	Uterine Corpus Endometrial Carcinoma	FFPE
C3N-02062-22	C3N-02062	Uterine Corpus Endometrial Carcinoma	FFPE
C3N-02062-23	C3N-02062	Uterine Corpus Endometrial Carcinoma	FFPE
C3N-02062-26	C3N-02062	Uterine Corpus Endometrial Carcinoma	FFPE
C3N-02063-21	C3N-02063	Clear Cell Renal Cell Carcinoma	FFPE
C3N-02063-22	C3N-02063	Clear Cell Renal Cell Carcinoma	FFPE
C3N-02063-23	C3N-02063	Clear Cell Renal Cell Carcinoma	FFPE
C3N-02063-26	C3N-02063	Clear Cell Renal Cell Carcinoma	FFPE
C3N-02066-21	C3N-02066	Clear Cell Renal Cell Carcinoma	FFPE
C3N-02066-22	C3N-02066	Clear Cell Renal Cell Carcinoma	FFPE
C3N-02066-23	C3N-02066	Clear Cell Renal Cell Carcinoma	FFPE
C3N-02067-21	C3N-02067	Lung Adenocarcinoma	FFPE
C3N-02067-22	C3N-02067	Lung Adenocarcinoma	FFPE
C3N-02067-23	C3N-02067	Lung Adenocarcinoma	FFPE
C3N-02068-21	C3N-02068	Clear Cell Renal Cell Carcinoma	FFPE
C3N-02068-22	C3N-02068	Clear Cell Renal Cell Carcinoma	FFPE
C3N-02068-23	C3N-02068	Clear Cell Renal Cell Carcinoma	FFPE
C3N-02069-21	C3N-02069	Pancreatic Ductal Adenocarcinoma	FFPE
C3N-02069-22	C3N-02069	Pancreatic Ductal Adenocarcinoma	FFPE
C3N-02069-23	C3N-02069	Pancreatic Ductal Adenocarcinoma	FFPE
C3N-02070-21	C3N-02070	Clear Cell Renal Cell Carcinoma	FFPE
C3N-02070-22	C3N-02070	Clear Cell Renal Cell Carcinoma	FFPE
C3N-02070-23	C3N-02070	Clear Cell Renal Cell Carcinoma	FFPE
C3N-02082-21	C3N-02082	Clear Cell Renal Cell Carcinoma	FFPE
C3N-02082-22	C3N-02082	Clear Cell Renal Cell Carcinoma	FFPE
C3N-02082-23	C3N-02082	Clear Cell Renal Cell Carcinoma	FFPE
C3N-02084-21	C3N-02084	Clear Cell Renal Cell Carcinoma	FFPE
C3N-02084-22	C3N-02084	Clear Cell Renal Cell Carcinoma	FFPE
C3N-02084-23	C3N-02084	Clear Cell Renal Cell Carcinoma	FFPE
C3N-02085-21	C3N-02085	Clear Cell Renal Cell Carcinoma	FFPE
C3N-02085-22	C3N-02085	Clear Cell Renal Cell Carcinoma	FFPE
C3N-02085-23	C3N-02085	Clear Cell Renal Cell Carcinoma	FFPE
C3N-02087-21	C3N-02087	Lung Adenocarcinoma	FFPE
C3N-02087-22	C3N-02087	Lung Adenocarcinoma	FFPE
C3N-02087-23	C3N-02087	Lung Adenocarcinoma	FFPE
C3N-02087-24	C3N-02087	Lung Adenocarcinoma	FFPE
C3N-02087-26	C3N-02087	Lung Adenocarcinoma	FFPE
C3N-02087-27	C3N-02087	Lung Adenocarcinoma	FFPE
C3N-02088-21	C3N-02088	Lung Adenocarcinoma	FFPE
C3N-02088-22	C3N-02088	Lung Adenocarcinoma	FFPE
C3N-02088-23	C3N-02088	Lung Adenocarcinoma	FFPE
C3N-02088-24	C3N-02088	Lung Adenocarcinoma	FFPE
C3N-02088-26	C3N-02088	Lung Adenocarcinoma	FFPE
C3N-02088-27	C3N-02088	Lung Adenocarcinoma	FFPE
C3N-02089-21	C3N-02089	Lung Adenocarcinoma	FFPE
C3N-02089-22	C3N-02089	Lung Adenocarcinoma	FFPE
C3N-02089-23	C3N-02089	Lung Adenocarcinoma	FFPE
C3N-02089-24	C3N-02089	Lung Adenocarcinoma	FFPE
C3N-02089-26	C3N-02089	Lung Adenocarcinoma	FFPE
C3N-02089-27	C3N-02089	Lung Adenocarcinoma	FFPE
C3N-02090-21	C3N-02090	Lung Adenocarcinoma	FFPE
C3N-02090-22	C3N-02090	Lung Adenocarcinoma	FFPE
C3N-02090-23	C3N-02090	Lung Adenocarcinoma	FFPE
C3N-02090-26	C3N-02090	Lung Adenocarcinoma	FFPE
C3N-02090-27	C3N-02090	Lung Adenocarcinoma	FFPE
C3N-02141-21	C3N-02141	Lung Adenocarcinoma	FFPE
C3N-02141-22	C3N-02141	Lung Adenocarcinoma	FFPE
C3N-02141-23	C3N-02141	Lung Adenocarcinoma	FFPE
C3N-02141-24	C3N-02141	Lung Adenocarcinoma	FFPE
C3N-02141-26	C3N-02141	Lung Adenocarcinoma	FFPE
C3N-02141-27	C3N-02141	Lung Adenocarcinoma	FFPE
C3N-02142-21	C3N-02142	Lung Adenocarcinoma	FFPE
C3N-02142-22	C3N-02142	Lung Adenocarcinoma	FFPE
C3N-02142-23	C3N-02142	Lung Adenocarcinoma	FFPE
C3N-02142-24	C3N-02142	Lung Adenocarcinoma	FFPE
C3N-02142-26	C3N-02142	Lung Adenocarcinoma	FFPE
C3N-02142-27	C3N-02142	Lung Adenocarcinoma	FFPE
C3N-02143-21	C3N-02143	Lung Adenocarcinoma	FFPE
C3N-02143-22	C3N-02143	Lung Adenocarcinoma	FFPE
C3N-02143-23	C3N-02143	Lung Adenocarcinoma	FFPE
C3N-02143-24	C3N-02143	Lung Adenocarcinoma	FFPE
C3N-02143-26	C3N-02143	Lung Adenocarcinoma	FFPE
C3N-02143-27	C3N-02143	Lung Adenocarcinoma	FFPE
C3N-02144-21	C3N-02144	Lung Adenocarcinoma	FFPE
C3N-02144-22	C3N-02144	Lung Adenocarcinoma	FFPE
C3N-02144-23	C3N-02144	Lung Adenocarcinoma	FFPE
C3N-02144-24	C3N-02144	Lung Adenocarcinoma	FFPE
C3N-02144-26	C3N-02144	Lung Adenocarcinoma	FFPE
C3N-02144-27	C3N-02144	Lung Adenocarcinoma	FFPE
C3N-02145-21	C3N-02145	Lung Adenocarcinoma	FFPE
C3N-02145-22	C3N-02145	Lung Adenocarcinoma	FFPE
C3N-02145-23	C3N-02145	Lung Adenocarcinoma	FFPE
C3N-02145-24	C3N-02145	Lung Adenocarcinoma	FFPE
C3N-02145-26	C3N-02145	Lung Adenocarcinoma	FFPE
C3N-02145-27	C3N-02145	Lung Adenocarcinoma	FFPE
C3N-02146-21	C3N-02146	Lung Adenocarcinoma	FFPE
C3N-02146-22	C3N-02146	Lung Adenocarcinoma	FFPE
C3N-02146-23	C3N-02146	Lung Adenocarcinoma	FFPE
C3N-02146-24	C3N-02146	Lung Adenocarcinoma	FFPE
C3N-02146-26	C3N-02146	Lung Adenocarcinoma	FFPE
C3N-02146-27	C3N-02146	Lung Adenocarcinoma	FFPE
C3N-02149-21	C3N-02149	Lung Adenocarcinoma	FFPE
C3N-02149-22	C3N-02149	Lung Adenocarcinoma	FFPE
C3N-02149-23	C3N-02149	Lung Adenocarcinoma	FFPE
C3N-02149-24	C3N-02149	Lung Adenocarcinoma	FFPE
C3N-02149-26	C3N-02149	Lung Adenocarcinoma	FFPE
C3N-02149-27	C3N-02149	Lung Adenocarcinoma	FFPE
C3N-02150-21	C3N-02150	Lung Adenocarcinoma	FFPE
C3N-02150-22	C3N-02150	Lung Adenocarcinoma	FFPE
C3N-02150-23	C3N-02150	Lung Adenocarcinoma	FFPE
C3N-02150-24	C3N-02150	Lung Adenocarcinoma	FFPE
C3N-02150-26	C3N-02150	Lung Adenocarcinoma	FFPE
C3N-02150-27	C3N-02150	Lung Adenocarcinoma	FFPE
C3N-02152-21	C3N-02152	Lung Adenocarcinoma	FFPE
C3N-02152-22	C3N-02152	Lung Adenocarcinoma	FFPE
C3N-02152-23	C3N-02152	Lung Adenocarcinoma	FFPE
C3N-02152-24	C3N-02152	Lung Adenocarcinoma	FFPE
C3N-02152-26	C3N-02152	Lung Adenocarcinoma	FFPE
C3N-02152-27	C3N-02152	Lung Adenocarcinoma	FFPE
C3N-02153-21	C3N-02153	Lung Adenocarcinoma	FFPE
C3N-02153-22	C3N-02153	Lung Adenocarcinoma	FFPE
C3N-02153-23	C3N-02153	Lung Adenocarcinoma	FFPE
C3N-02153-24	C3N-02153	Lung Adenocarcinoma	FFPE
C3N-02153-26	C3N-02153	Lung Adenocarcinoma	FFPE
C3N-02153-27	C3N-02153	Lung Adenocarcinoma	FFPE
C3N-02155-21	C3N-02155	Lung Adenocarcinoma	FFPE
C3N-02155-22	C3N-02155	Lung Adenocarcinoma	FFPE
C3N-02155-23	C3N-02155	Lung Adenocarcinoma	FFPE
C3N-02155-24	C3N-02155	Lung Adenocarcinoma	FFPE
C3N-02155-26	C3N-02155	Lung Adenocarcinoma	FFPE
C3N-02155-27	C3N-02155	Lung Adenocarcinoma	FFPE
C3N-02158-21	C3N-02158	Lung Adenocarcinoma	FFPE
C3N-02158-22	C3N-02158	Lung Adenocarcinoma	FFPE
C3N-02158-23	C3N-02158	Lung Adenocarcinoma	FFPE
C3N-02158-24	C3N-02158	Lung Adenocarcinoma	FFPE
C3N-02158-26	C3N-02158	Lung Adenocarcinoma	FFPE
C3N-02158-27	C3N-02158	Lung Adenocarcinoma	FFPE
C3N-02160-21	C3N-02160	Clear Cell Renal Cell Carcinoma	FFPE
C3N-02160-22	C3N-02160	Clear Cell Renal Cell Carcinoma	FFPE
C3N-02160-23	C3N-02160	Clear Cell Renal Cell Carcinoma	FFPE
C3N-02160-24	C3N-02160	Clear Cell Renal Cell Carcinoma	FFPE
C3N-02160-26	C3N-02160	Clear Cell Renal Cell Carcinoma	FFPE
C3N-02160-27	C3N-02160	Clear Cell Renal Cell Carcinoma	FFPE
C3N-02181-21	C3N-02181	Glioblastoma	FFPE
C3N-02181-22	C3N-02181	Glioblastoma	FFPE
C3N-02181-23	C3N-02181	Glioblastoma	FFPE
C3N-02183-21	C3N-02183	Glioblastoma	FFPE
C3N-02183-22	C3N-02183	Glioblastoma	FFPE
C3N-02183-23	C3N-02183	Glioblastoma	FFPE
C3N-02185-21	C3N-02185	Glioblastoma	FFPE
C3N-02185-22	C3N-02185	Glioblastoma	FFPE
C3N-02185-23	C3N-02185	Glioblastoma	FFPE
C3N-02186-21	C3N-02186	Glioblastoma	FFPE
C3N-02186-22	C3N-02186	Glioblastoma	FFPE
C3N-02186-23	C3N-02186	Glioblastoma	FFPE
C3N-02188-21	C3N-02188	Glioblastoma	FFPE
C3N-02188-22	C3N-02188	Glioblastoma	FFPE
C3N-02188-23	C3N-02188	Glioblastoma	FFPE
C3N-02190-21	C3N-02190	Glioblastoma	FFPE
C3N-02190-22	C3N-02190	Glioblastoma	FFPE
C3N-02190-23	C3N-02190	Glioblastoma	FFPE
C3N-02192-21	C3N-02192	Lung Adenocarcinoma	FFPE
C3N-02192-22	C3N-02192	Lung Adenocarcinoma	FFPE
C3N-02192-23	C3N-02192	Lung Adenocarcinoma	FFPE
C3N-02192-24	C3N-02192	Lung Adenocarcinoma	FFPE
C3N-02192-25	C3N-02192	Lung Adenocarcinoma	FFPE
C3N-02192-26	C3N-02192	Lung Adenocarcinoma	FFPE
C3N-02192-27	C3N-02192	Lung Adenocarcinoma	FFPE
C3N-02193-21	C3N-02193	Lung Adenocarcinoma	FFPE
C3N-02193-22	C3N-02193	Lung Adenocarcinoma	FFPE
C3N-02193-23	C3N-02193	Lung Adenocarcinoma	FFPE
C3N-02193-24	C3N-02193	Lung Adenocarcinoma	FFPE
C3N-02193-25	C3N-02193	Lung Adenocarcinoma	FFPE
C3N-02193-26	C3N-02193	Lung Adenocarcinoma	FFPE
C3N-02193-27	C3N-02193	Lung Adenocarcinoma	FFPE
C3N-02224-21	C3N-02224	Clear Cell Renal Cell Carcinoma	FFPE
C3N-02224-22	C3N-02224	Clear Cell Renal Cell Carcinoma	FFPE
C3N-02224-23	C3N-02224	Clear Cell Renal Cell Carcinoma	FFPE
C3N-02224-24	C3N-02224	Clear Cell Renal Cell Carcinoma	FFPE
C3N-02224-26	C3N-02224	Clear Cell Renal Cell Carcinoma	FFPE
C3N-02224-27	C3N-02224	Clear Cell Renal Cell Carcinoma	FFPE
C3N-02230-21	C3N-02230	Lung Adenocarcinoma	FFPE
C3N-02230-22	C3N-02230	Lung Adenocarcinoma	FFPE
C3N-02230-23	C3N-02230	Lung Adenocarcinoma	FFPE
C3N-02230-24	C3N-02230	Lung Adenocarcinoma	FFPE
C3N-02230-26	C3N-02230	Lung Adenocarcinoma	FFPE
C3N-02230-27	C3N-02230	Lung Adenocarcinoma	FFPE
C3N-02231-21	C3N-02231	Lung Adenocarcinoma	FFPE
C3N-02231-22	C3N-02231	Lung Adenocarcinoma	FFPE
C3N-02231-23	C3N-02231	Lung Adenocarcinoma	FFPE
C3N-02231-24	C3N-02231	Lung Adenocarcinoma	FFPE
C3N-02231-26	C3N-02231	Lung Adenocarcinoma	FFPE
C3N-02231-27	C3N-02231	Lung Adenocarcinoma	FFPE
C3N-02234-21	C3N-02234	Lung Adenocarcinoma	FFPE
C3N-02234-22	C3N-02234	Lung Adenocarcinoma	FFPE
C3N-02234-23	C3N-02234	Lung Adenocarcinoma	FFPE
C3N-02234-24	C3N-02234	Lung Adenocarcinoma	FFPE
C3N-02234-26	C3N-02234	Lung Adenocarcinoma	FFPE
C3N-02234-27	C3N-02234	Lung Adenocarcinoma	FFPE
C3N-02237-21	C3N-02237	Lung Adenocarcinoma	FFPE
C3N-02237-22	C3N-02237	Lung Adenocarcinoma	FFPE
C3N-02237-23	C3N-02237	Lung Adenocarcinoma	FFPE
C3N-02237-24	C3N-02237	Lung Adenocarcinoma	FFPE
C3N-02237-26	C3N-02237	Lung Adenocarcinoma	FFPE
C3N-02237-27	C3N-02237	Lung Adenocarcinoma	FFPE
C3N-02240-21	C3N-02240	Lung Adenocarcinoma	FFPE
C3N-02240-22	C3N-02240	Lung Adenocarcinoma	FFPE
C3N-02240-23	C3N-02240	Lung Adenocarcinoma	FFPE
C3N-02240-24	C3N-02240	Lung Adenocarcinoma	FFPE
C3N-02240-26	C3N-02240	Lung Adenocarcinoma	FFPE
C3N-02240-27	C3N-02240	Lung Adenocarcinoma	FFPE
C3N-02242-21	C3N-02242	Lung Adenocarcinoma	FFPE
C3N-02242-22	C3N-02242	Lung Adenocarcinoma	FFPE
C3N-02242-23	C3N-02242	Lung Adenocarcinoma	FFPE
C3N-02242-24	C3N-02242	Lung Adenocarcinoma	FFPE
C3N-02242-26	C3N-02242	Lung Adenocarcinoma	FFPE
C3N-02242-27	C3N-02242	Lung Adenocarcinoma	FFPE
C3N-02244-21	C3N-02244	Uterine Corpus Endometrial Carcinoma	FFPE
C3N-02244-22	C3N-02244	Uterine Corpus Endometrial Carcinoma	FFPE
C3N-02244-23	C3N-02244	Uterine Corpus Endometrial Carcinoma	FFPE
C3N-02244-25	C3N-02244	Uterine Corpus Endometrial Carcinoma	FFPE
C3N-02247-21	C3N-02247	Uterine Corpus Endometrial Carcinoma	FFPE
C3N-02247-22	C3N-02247	Uterine Corpus Endometrial Carcinoma	FFPE
C3N-02247-23	C3N-02247	Uterine Corpus Endometrial Carcinoma	FFPE
C3N-02247-24	C3N-02247	Uterine Corpus Endometrial Carcinoma	FFPE
C3N-02247-25	C3N-02247	Uterine Corpus Endometrial Carcinoma	FFPE
C3N-02248-21	C3N-02248	Clear Cell Renal Cell Carcinoma	FFPE
C3N-02248-22	C3N-02248	Clear Cell Renal Cell Carcinoma	FFPE
C3N-02248-23	C3N-02248	Clear Cell Renal Cell Carcinoma	FFPE
C3N-02248-24	C3N-02248	Clear Cell Renal Cell Carcinoma	FFPE
C3N-02248-25	C3N-02248	Clear Cell Renal Cell Carcinoma	FFPE
C3N-02249-23	C3N-02249	Uterine Corpus Endometrial Carcinoma	FFPE
C3N-02249-24	C3N-02249	Uterine Corpus Endometrial Carcinoma	FFPE
C3N-02249-25	C3N-02249	Uterine Corpus Endometrial Carcinoma	FFPE
C3N-02251-26	C3N-02251	Lung Adenocarcinoma	FFPE
C3N-02251-27	C3N-02251	Lung Adenocarcinoma	FFPE
C3N-02251-28	C3N-02251	Lung Adenocarcinoma	FFPE
C3N-02253-26	C3N-02253	Uterine Corpus Endometrial Carcinoma	FFPE
C3N-02253-27	C3N-02253	Uterine Corpus Endometrial Carcinoma	FFPE
C3N-02253-28	C3N-02253	Uterine Corpus Endometrial Carcinoma	FFPE
C3N-02253-30	C3N-02253	Uterine Corpus Endometrial Carcinoma	FFPE
C3N-02255-22	C3N-02255	Glioblastoma	FFPE
C3N-02256-21	C3N-02256	Glioblastoma	FFPE
C3N-02259-21	C3N-02259	Glioblastoma	FFPE
C3N-02262-21	C3N-02262	Clear Cell Renal Cell Carcinoma	FFPE
C3N-02262-22	C3N-02262	Clear Cell Renal Cell Carcinoma	FFPE
C3N-02263-21	C3N-02263	Clear Cell Renal Cell Carcinoma	FFPE
C3N-02263-26	C3N-02263	Clear Cell Renal Cell Carcinoma	FFPE
C3N-02264-21	C3N-02264	Clear Cell Renal Cell Carcinoma	FFPE
C3N-02264-22	C3N-02264	Clear Cell Renal Cell Carcinoma	FFPE
C3N-02265-21	C3N-02265	Clear Cell Renal Cell Carcinoma	FFPE
C3N-02265-25	C3N-02265	Clear Cell Renal Cell Carcinoma	FFPE
C3N-02266-21	C3N-02266	Clear Cell Renal Cell Carcinoma	FFPE
C3N-02271-21	C3N-02271	Uterine Corpus Endometrial Carcinoma	FFPE
C3N-02271-23	C3N-02271	Uterine Corpus Endometrial Carcinoma	FFPE
C3N-02271-26	C3N-02271	Uterine Corpus Endometrial Carcinoma	FFPE
C3N-02274-21	C3N-02274	Uterine Corpus Endometrial Carcinoma	FFPE
C3N-02274-22	C3N-02274	Uterine Corpus Endometrial Carcinoma	FFPE
C3N-02274-26	C3N-02274	Uterine Corpus Endometrial Carcinoma	FFPE
C3N-02281-22	C3N-02281	Lung Adenocarcinoma	FFPE
C3N-02281-23	C3N-02281	Lung Adenocarcinoma	FFPE
C3N-02281-24	C3N-02281	Lung Adenocarcinoma	FFPE
C3N-02286-21	C3N-02286	Glioblastoma	FFPE
C3N-02286-22	C3N-02286	Glioblastoma	FFPE
C3N-02286-23	C3N-02286	Glioblastoma	FFPE
C3N-02290-21	C3N-02290	Lung Adenocarcinoma	FFPE
C3N-02290-22	C3N-02290	Lung Adenocarcinoma	FFPE
C3N-02290-29	C3N-02290	Lung Adenocarcinoma	FFPE
C3N-02295-21	C3N-02295	Pancreatic Ductal Adenocarcinoma	FFPE
C3N-02295-24	C3N-02295	Pancreatic Ductal Adenocarcinoma	FFPE
C3N-02296-21	C3N-02296	Uterine Corpus Endometrial Carcinoma	FFPE
C3N-02296-22	C3N-02296	Uterine Corpus Endometrial Carcinoma	FFPE
C3N-02296-25	C3N-02296	Uterine Corpus Endometrial Carcinoma	FFPE
C3N-02298-21	C3N-02298	Uterine Corpus Endometrial Carcinoma	FFPE
C3N-02298-22	C3N-02298	Uterine Corpus Endometrial Carcinoma	FFPE
C3N-02298-25	C3N-02298	Uterine Corpus Endometrial Carcinoma	FFPE
C3N-02302-21	C3N-02302	Uterine Corpus Endometrial Carcinoma	FFPE
C3N-02302-22	C3N-02302	Uterine Corpus Endometrial Carcinoma	FFPE
C3N-02302-27	C3N-02302	Uterine Corpus Endometrial Carcinoma	FFPE
C3N-02332-21	C3N-02332	Clear Cell Renal Cell Carcinoma	FFPE
C3N-02332-22	C3N-02332	Clear Cell Renal Cell Carcinoma	FFPE
C3N-02332-23	C3N-02332	Clear Cell Renal Cell Carcinoma	FFPE
C3N-02332-26	C3N-02332	Clear Cell Renal Cell Carcinoma	FFPE
C3N-02337-21	C3N-02337	Uterine Corpus Endometrial Carcinoma	FFPE
C3N-02337-22	C3N-02337	Uterine Corpus Endometrial Carcinoma	FFPE
C3N-02337-23	C3N-02337	Uterine Corpus Endometrial Carcinoma	FFPE
C3N-02337-26	C3N-02337	Uterine Corpus Endometrial Carcinoma	FFPE
C3N-02338-21	C3N-02338	Clear Cell Renal Cell Carcinoma	FFPE
C3N-02338-22	C3N-02338	Clear Cell Renal Cell Carcinoma	FFPE
C3N-02338-23	C3N-02338	Clear Cell Renal Cell Carcinoma	FFPE
C3N-02338-26	C3N-02338	Clear Cell Renal Cell Carcinoma	FFPE
C3N-02372-21	C3N-02372	Uterine Corpus Endometrial Carcinoma	FFPE
C3N-02372-22	C3N-02372	Uterine Corpus Endometrial Carcinoma	FFPE
C3N-02372-23	C3N-02372	Uterine Corpus Endometrial Carcinoma	FFPE
C3N-02372-26	C3N-02372	Uterine Corpus Endometrial Carcinoma	FFPE
C3N-02379-21	C3N-02379	Lung Adenocarcinoma	FFPE
C3N-02379-22	C3N-02379	Lung Adenocarcinoma	FFPE
C3N-02379-23	C3N-02379	Lung Adenocarcinoma	FFPE
C3N-02380-21	C3N-02380	Lung Adenocarcinoma	FFPE
C3N-02380-22	C3N-02380	Lung Adenocarcinoma	FFPE
C3N-02380-23	C3N-02380	Lung Adenocarcinoma	FFPE
C3N-02421-21	C3N-02421	Lung Adenocarcinoma	FFPE
C3N-02421-22	C3N-02421	Lung Adenocarcinoma	FFPE
C3N-02421-23	C3N-02421	Lung Adenocarcinoma	FFPE
C3N-02422-21	C3N-02422	Lung Adenocarcinoma	FFPE
C3N-02422-22	C3N-02422	Lung Adenocarcinoma	FFPE
C3N-02422-23	C3N-02422	Lung Adenocarcinoma	FFPE
C3N-02423-21	C3N-02423	Lung Adenocarcinoma	FFPE
C3N-02423-22	C3N-02423	Lung Adenocarcinoma	FFPE
C3N-02423-23	C3N-02423	Lung Adenocarcinoma	FFPE
C3N-02424-21	C3N-02424	Lung Adenocarcinoma	FFPE
C3N-02424-22	C3N-02424	Lung Adenocarcinoma	FFPE
C3N-02424-23	C3N-02424	Lung Adenocarcinoma	FFPE
C3N-02429-21	C3N-02429	Clear Cell Renal Cell Carcinoma	FFPE
C3N-02429-22	C3N-02429	Clear Cell Renal Cell Carcinoma	FFPE
C3N-02429-23	C3N-02429	Clear Cell Renal Cell Carcinoma	FFPE
C3N-02431-21	C3N-02431	Clear Cell Renal Cell Carcinoma	FFPE
C3N-02431-22	C3N-02431	Clear Cell Renal Cell Carcinoma	FFPE
C3N-02431-23	C3N-02431	Clear Cell Renal Cell Carcinoma	FFPE
C3N-02433-21	C3N-02433	Lung Adenocarcinoma	FFPE
C3N-02433-22	C3N-02433	Lung Adenocarcinoma	FFPE
C3N-02433-23	C3N-02433	Lung Adenocarcinoma	FFPE
C3N-02436-21	C3N-02436	Uterine Corpus Endometrial Carcinoma	FFPE
C3N-02436-22	C3N-02436	Uterine Corpus Endometrial Carcinoma	FFPE
C3N-02436-23	C3N-02436	Uterine Corpus Endometrial Carcinoma	FFPE
C3N-02436-26	C3N-02436	Uterine Corpus Endometrial Carcinoma	FFPE
C3N-02436-27	C3N-02436	Uterine Corpus Endometrial Carcinoma	FFPE
C3N-02437-21	C3N-02437	Uterine Corpus Endometrial Carcinoma	FFPE
C3N-02437-22	C3N-02437	Uterine Corpus Endometrial Carcinoma	FFPE
C3N-02437-26	C3N-02437	Uterine Corpus Endometrial Carcinoma	FFPE
C3N-02437-27	C3N-02437	Uterine Corpus Endometrial Carcinoma	FFPE
C3N-02439-21	C3N-02439	Clear Cell Renal Cell Carcinoma	FFPE
C3N-02439-22	C3N-02439	Clear Cell Renal Cell Carcinoma	FFPE
C3N-02439-23	C3N-02439	Clear Cell Renal Cell Carcinoma	FFPE
C3N-02439-26	C3N-02439	Clear Cell Renal Cell Carcinoma	FFPE
C3N-02439-27	C3N-02439	Clear Cell Renal Cell Carcinoma	FFPE
C3N-02451-21	C3N-02451	Lung Adenocarcinoma	FFPE
C3N-02451-22	C3N-02451	Lung Adenocarcinoma	FFPE
C3N-02451-23	C3N-02451	Lung Adenocarcinoma	FFPE
C3N-02451-26	C3N-02451	Lung Adenocarcinoma	FFPE
C3N-02451-27	C3N-02451	Lung Adenocarcinoma	FFPE
C3N-02529-21	C3N-02529	Lung Adenocarcinoma	FFPE
C3N-02529-22	C3N-02529	Lung Adenocarcinoma	FFPE
C3N-02529-23	C3N-02529	Lung Adenocarcinoma	FFPE
C3N-02572-21	C3N-02572	Lung Adenocarcinoma	FFPE
C3N-02572-22	C3N-02572	Lung Adenocarcinoma	FFPE
C3N-02572-23	C3N-02572	Lung Adenocarcinoma	FFPE
C3N-02573-21	C3N-02573	Pancreatic Ductal Adenocarcinoma	FFPE
C3N-02573-22	C3N-02573	Pancreatic Ductal Adenocarcinoma	FFPE
C3N-02573-23	C3N-02573	Pancreatic Ductal Adenocarcinoma	FFPE
C3N-02577-21	C3N-02577	Clear Cell Renal Cell Carcinoma	FFPE
C3N-02577-22	C3N-02577	Clear Cell Renal Cell Carcinoma	FFPE
C3N-02577-23	C3N-02577	Clear Cell Renal Cell Carcinoma	FFPE
C3N-02579-21	C3N-02579	Pancreatic Ductal Adenocarcinoma	FFPE
C3N-02579-22	C3N-02579	Pancreatic Ductal Adenocarcinoma	FFPE
C3N-02579-23	C3N-02579	Pancreatic Ductal Adenocarcinoma	FFPE
C3N-02582-21	C3N-02582	Lung Adenocarcinoma	FFPE
C3N-02582-22	C3N-02582	Lung Adenocarcinoma	FFPE
C3N-02582-23	C3N-02582	Lung Adenocarcinoma	FFPE
C3N-02585-21	C3N-02585	Pancreatic Ductal Adenocarcinoma	FFPE
C3N-02585-22	C3N-02585	Pancreatic Ductal Adenocarcinoma	FFPE
C3N-02585-23	C3N-02585	Pancreatic Ductal Adenocarcinoma	FFPE
C3N-02586-21	C3N-02586	Lung Adenocarcinoma	FFPE
C3N-02586-22	C3N-02586	Lung Adenocarcinoma	FFPE
C3N-02586-23	C3N-02586	Lung Adenocarcinoma	FFPE
C3N-02587-21	C3N-02587	Lung Adenocarcinoma	FFPE
C3N-02587-22	C3N-02587	Lung Adenocarcinoma	FFPE
C3N-02587-23	C3N-02587	Lung Adenocarcinoma	FFPE
C3N-02588-21	C3N-02588	Lung Adenocarcinoma	FFPE
C3N-02588-22	C3N-02588	Lung Adenocarcinoma	FFPE
C3N-02588-23	C3N-02588	Lung Adenocarcinoma	FFPE
C3N-02589-21	C3N-02589	Pancreatic Ductal Adenocarcinoma	FFPE
C3N-02589-23	C3N-02589	Pancreatic Ductal Adenocarcinoma	FFPE
C3N-02590-21	C3N-02590	Pancreatic Ductal Adenocarcinoma	FFPE
C3N-02590-23	C3N-02590	Pancreatic Ductal Adenocarcinoma	FFPE
C3N-02591-21	C3N-02591	Pancreatic Ductal Adenocarcinoma	FFPE
C3N-02591-25	C3N-02591	Pancreatic Ductal Adenocarcinoma	FFPE
C3N-02592-21	C3N-02592	Pancreatic Ductal Adenocarcinoma	FFPE
C3N-02592-22	C3N-02592	Pancreatic Ductal Adenocarcinoma	FFPE
C3N-02592-25	C3N-02592	Pancreatic Ductal Adenocarcinoma	FFPE
C3N-02595-21	C3N-02595	Uterine Corpus Endometrial Carcinoma	FFPE
C3N-02595-22	C3N-02595	Uterine Corpus Endometrial Carcinoma	FFPE
C3N-02595-25	C3N-02595	Uterine Corpus Endometrial Carcinoma	FFPE
C3N-02598-21	C3N-02598	Uterine Corpus Endometrial Carcinoma	FFPE
C3N-02598-23	C3N-02598	Uterine Corpus Endometrial Carcinoma	FFPE
C3N-02598-25	C3N-02598	Uterine Corpus Endometrial Carcinoma	FFPE
C3N-02599-23	C3N-02599	Glioblastoma	FFPE
C3N-02631-21	C3N-02631	Uterine Corpus Endometrial Carcinoma	FFPE
C3N-02631-22	C3N-02631	Uterine Corpus Endometrial Carcinoma	FFPE
C3N-02631-25	C3N-02631	Uterine Corpus Endometrial Carcinoma	FFPE
C3N-02632-25	C3N-02632	Uterine Corpus Endometrial Carcinoma	FFPE
C3N-02632-26	C3N-02632	Uterine Corpus Endometrial Carcinoma	FFPE
C3N-02635-21	C3N-02635	Uterine Corpus Endometrial Carcinoma	FFPE
C3N-02635-22	C3N-02635	Uterine Corpus Endometrial Carcinoma	FFPE
C3N-02635-25	C3N-02635	Uterine Corpus Endometrial Carcinoma	FFPE
C3N-02636-21	C3N-02636	Uterine Corpus Endometrial Carcinoma	FFPE
C3N-02636-22	C3N-02636	Uterine Corpus Endometrial Carcinoma	FFPE
C3N-02636-25	C3N-02636	Uterine Corpus Endometrial Carcinoma	FFPE
C3N-02637-21	C3N-02637	Uterine Corpus Endometrial Carcinoma	FFPE
C3N-02637-22	C3N-02637	Uterine Corpus Endometrial Carcinoma	FFPE
C3N-02637-25	C3N-02637	Uterine Corpus Endometrial Carcinoma	FFPE
C3N-02639-21	C3N-02639	Uterine Corpus Endometrial Carcinoma	FFPE
C3N-02639-22	C3N-02639	Uterine Corpus Endometrial Carcinoma	FFPE
C3N-02671-21	C3N-02671	Lung Adenocarcinoma	FFPE
C3N-02671-29	C3N-02671	Lung Adenocarcinoma	FFPE
C3N-02672-21	C3N-02672	Lung Adenocarcinoma	FFPE
C3N-02672-22	C3N-02672	Lung Adenocarcinoma	FFPE
C3N-02672-28	C3N-02672	Lung Adenocarcinoma	FFPE
C3N-02678-21	C3N-02678	Uterine Corpus Endometrial Carcinoma	FFPE
C3N-02678-22	C3N-02678	Uterine Corpus Endometrial Carcinoma	FFPE
C3N-02681-22	C3N-02681	Glioblastoma	FFPE
C3N-02682-22	C3N-02682	Glioblastoma	FFPE
C3N-02683-22	C3N-02683	Glioblastoma	FFPE
C3N-02683-25	C3N-02683	Glioblastoma	FFPE
C3N-02683-26	C3N-02683	Glioblastoma	FFPE
C3N-02684-21	C3N-02684	Glioblastoma	FFPE
C3N-02684-22	C3N-02684	Glioblastoma	FFPE
C3N-02684-28	C3N-02684	Glioblastoma	FFPE
C3N-02697-21	C3N-02697	Pancreatic Ductal Adenocarcinoma	FFPE
C3N-02715-21	C3N-02715	Lung Adenocarcinoma	FFPE
C3N-02715-22	C3N-02715	Lung Adenocarcinoma	FFPE
C3N-02715-23	C3N-02715	Lung Adenocarcinoma	FFPE
C3N-02715-26	C3N-02715	Lung Adenocarcinoma	FFPE
C3N-02718-21	C3N-02718	Lung Adenocarcinoma	FFPE
C3N-02718-22	C3N-02718	Lung Adenocarcinoma	FFPE
C3N-02718-23	C3N-02718	Lung Adenocarcinoma	FFPE
C3N-02718-26	C3N-02718	Lung Adenocarcinoma	FFPE
C3N-02721-21	C3N-02721	Lung Adenocarcinoma	FFPE
C3N-02721-22	C3N-02721	Lung Adenocarcinoma	FFPE
C3N-02721-23	C3N-02721	Lung Adenocarcinoma	FFPE
C3N-02721-26	C3N-02721	Lung Adenocarcinoma	FFPE
C3N-02723-21	C3N-02723	Clear Cell Renal Cell Carcinoma	FFPE
C3N-02723-22	C3N-02723	Clear Cell Renal Cell Carcinoma	FFPE
C3N-02723-23	C3N-02723	Clear Cell Renal Cell Carcinoma	FFPE
C3N-02723-26	C3N-02723	Clear Cell Renal Cell Carcinoma	FFPE
C3N-02726-21	C3N-02726	Clear Cell Renal Cell Carcinoma	FFPE
C3N-02726-22	C3N-02726	Clear Cell Renal Cell Carcinoma	FFPE
C3N-02726-23	C3N-02726	Clear Cell Renal Cell Carcinoma	FFPE
C3N-02726-26	C3N-02726	Clear Cell Renal Cell Carcinoma	FFPE
C3N-02728-21	C3N-02728	Lung Adenocarcinoma	FFPE
C3N-02728-22	C3N-02728	Lung Adenocarcinoma	FFPE
C3N-02728-23	C3N-02728	Lung Adenocarcinoma	FFPE
C3N-02728-26	C3N-02728	Lung Adenocarcinoma	FFPE
C3N-02729-21	C3N-02729	Lung Adenocarcinoma	FFPE
C3N-02729-22	C3N-02729	Lung Adenocarcinoma	FFPE
C3N-02729-23	C3N-02729	Lung Adenocarcinoma	FFPE
C3N-02757-21	C3N-02757	Lung Adenocarcinoma	FFPE
C3N-02757-22	C3N-02757	Lung Adenocarcinoma	FFPE
C3N-02757-23	C3N-02757	Lung Adenocarcinoma	FFPE
C3N-02758-21	C3N-02758	Lung Adenocarcinoma	FFPE
C3N-02758-22	C3N-02758	Lung Adenocarcinoma	FFPE
C3N-02758-23	C3N-02758	Lung Adenocarcinoma	FFPE
C3N-02761-21	C3N-02761	Clear Cell Renal Cell Carcinoma	FFPE
C3N-02761-22	C3N-02761	Clear Cell Renal Cell Carcinoma	FFPE
C3N-02761-23	C3N-02761	Clear Cell Renal Cell Carcinoma	FFPE
C3N-02763-21	C3N-02763	Clear Cell Renal Cell Carcinoma	FFPE
C3N-02763-22	C3N-02763	Clear Cell Renal Cell Carcinoma	FFPE
C3N-02763-23	C3N-02763	Clear Cell Renal Cell Carcinoma	FFPE
C3N-02764-21	C3N-02764	Lung Adenocarcinoma	FFPE
C3N-02764-22	C3N-02764	Lung Adenocarcinoma	FFPE
C3N-02764-23	C3N-02764	Lung Adenocarcinoma	FFPE
C3N-02768-21	C3N-02768	Pancreatic Ductal Adenocarcinoma	FFPE
C3N-02768-22	C3N-02768	Pancreatic Ductal Adenocarcinoma	FFPE
C3N-02768-23	C3N-02768	Pancreatic Ductal Adenocarcinoma	FFPE
C3N-02769-21	C3N-02769	Glioblastoma	FFPE
C3N-02769-22	C3N-02769	Glioblastoma	FFPE
C3N-02769-23	C3N-02769	Glioblastoma	FFPE
C3N-02770-28	C3N-02770	Glioblastoma	FFPE
C3N-02770-29	C3N-02770	Glioblastoma	FFPE
C3N-02770-30	C3N-02770	Glioblastoma	FFPE
C3N-02782-21	C3N-02782	Glioblastoma	FFPE
C3N-02783-21	C3N-02783	Glioblastoma	FFPE
C3N-02783-22	C3N-02783	Glioblastoma	FFPE
C3N-02783-23	C3N-02783	Glioblastoma	FFPE
C3N-02783-24	C3N-02783	Glioblastoma	FFPE
C3N-02783-25	C3N-02783	Glioblastoma	FFPE
C3N-02784-21	C3N-02784	Glioblastoma	FFPE
C3N-02784-22	C3N-02784	Glioblastoma	FFPE
C3N-02784-23	C3N-02784	Glioblastoma	FFPE
C3N-02785-21	C3N-02785	Glioblastoma	FFPE
C3N-02785-22	C3N-02785	Glioblastoma	FFPE
C3N-02785-23	C3N-02785	Glioblastoma	FFPE
C3N-02786-21	C3N-02786	Glioblastoma	FFPE
C3N-02786-22	C3N-02786	Glioblastoma	FFPE
C3N-02786-23	C3N-02786	Glioblastoma	FFPE
C3N-02788-21	C3N-02788	Glioblastoma	FFPE
C3N-02788-22	C3N-02788	Glioblastoma	FFPE
C3N-02788-23	C3N-02788	Glioblastoma	FFPE
C3N-02789-21	C3N-02789	Uterine Corpus Endometrial Carcinoma	FFPE
C3N-02811-21	C3N-02811	Clear Cell Renal Cell Carcinoma	FFPE
C3N-02811-22	C3N-02811	Clear Cell Renal Cell Carcinoma	FFPE
C3N-02811-23	C3N-02811	Clear Cell Renal Cell Carcinoma	FFPE
C3N-02811-26	C3N-02811	Clear Cell Renal Cell Carcinoma	FFPE
C3N-02828-21	C3N-02828	Lung Adenocarcinoma	FFPE
C3N-02828-22	C3N-02828	Lung Adenocarcinoma	FFPE
C3N-02828-23	C3N-02828	Lung Adenocarcinoma	FFPE
C3N-02828-24	C3N-02828	Lung Adenocarcinoma	FFPE
C3N-02828-26	C3N-02828	Lung Adenocarcinoma	FFPE
C3N-02828-27	C3N-02828	Lung Adenocarcinoma	FFPE
C3N-02916-21	C3N-02916	Lung Adenocarcinoma	FFPE
C3N-02916-22	C3N-02916	Lung Adenocarcinoma	FFPE
C3N-02916-23	C3N-02916	Lung Adenocarcinoma	FFPE
C3N-02916-24	C3N-02916	Lung Adenocarcinoma	FFPE
C3N-02916-26	C3N-02916	Lung Adenocarcinoma	FFPE
C3N-02916-27	C3N-02916	Lung Adenocarcinoma	FFPE
C3N-02919-21	C3N-02919	Lung Adenocarcinoma	FFPE
C3N-02919-22	C3N-02919	Lung Adenocarcinoma	FFPE
C3N-02919-23	C3N-02919	Lung Adenocarcinoma	FFPE
C3N-02919-24	C3N-02919	Lung Adenocarcinoma	FFPE
C3N-02919-26	C3N-02919	Lung Adenocarcinoma	FFPE
C3N-02919-27	C3N-02919	Lung Adenocarcinoma	FFPE
C3N-02920-21	C3N-02920	Lung Adenocarcinoma	FFPE
C3N-02920-22	C3N-02920	Lung Adenocarcinoma	FFPE
C3N-02920-23	C3N-02920	Lung Adenocarcinoma	FFPE
C3N-02920-24	C3N-02920	Lung Adenocarcinoma	FFPE
C3N-02920-26	C3N-02920	Lung Adenocarcinoma	FFPE
C3N-02920-27	C3N-02920	Lung Adenocarcinoma	FFPE
C3N-02922-21	C3N-02922	Lung Adenocarcinoma	FFPE
C3N-02922-22	C3N-02922	Lung Adenocarcinoma	FFPE
C3N-02922-23	C3N-02922	Lung Adenocarcinoma	FFPE
C3N-02922-24	C3N-02922	Lung Adenocarcinoma	FFPE
C3N-02922-26	C3N-02922	Lung Adenocarcinoma	FFPE
C3N-02922-27	C3N-02922	Lung Adenocarcinoma	FFPE
C3N-02923-21	C3N-02923	Lung Adenocarcinoma	FFPE
C3N-02923-22	C3N-02923	Lung Adenocarcinoma	FFPE
C3N-02923-23	C3N-02923	Lung Adenocarcinoma	FFPE
C3N-02923-24	C3N-02923	Lung Adenocarcinoma	FFPE
C3N-02923-26	C3N-02923	Lung Adenocarcinoma	FFPE
C3N-02923-27	C3N-02923	Lung Adenocarcinoma	FFPE
C3N-02926-21	C3N-02926	Lung Adenocarcinoma	FFPE
C3N-02926-22	C3N-02926	Lung Adenocarcinoma	FFPE
C3N-02926-23	C3N-02926	Lung Adenocarcinoma	FFPE
C3N-02928-21	C3N-02928	Lung Adenocarcinoma	FFPE
C3N-02928-22	C3N-02928	Lung Adenocarcinoma	FFPE
C3N-02928-23	C3N-02928	Lung Adenocarcinoma	FFPE
C3N-02929-21	C3N-02929	Lung Adenocarcinoma	FFPE
C3N-02929-22	C3N-02929	Lung Adenocarcinoma	FFPE
C3N-02929-23	C3N-02929	Lung Adenocarcinoma	FFPE
C3N-02939-21	C3N-02939	Pancreatic Ductal Adenocarcinoma	FFPE
C3N-02939-22	C3N-02939	Pancreatic Ductal Adenocarcinoma	FFPE
C3N-02939-23	C3N-02939	Pancreatic Ductal Adenocarcinoma	FFPE
C3N-02940-21	C3N-02940	Pancreatic Ductal Adenocarcinoma	FFPE
C3N-02940-22	C3N-02940	Pancreatic Ductal Adenocarcinoma	FFPE
C3N-02940-23	C3N-02940	Pancreatic Ductal Adenocarcinoma	FFPE
C3N-02944-21	C3N-02944	Pancreatic Ductal Adenocarcinoma	FFPE
C3N-02944-22	C3N-02944	Pancreatic Ductal Adenocarcinoma	FFPE
C3N-02944-23	C3N-02944	Pancreatic Ductal Adenocarcinoma	FFPE
C3N-02945-21	C3N-02945	Clear Cell Renal Cell Carcinoma	FFPE
C3N-02945-22	C3N-02945	Clear Cell Renal Cell Carcinoma	FFPE
C3N-02945-23	C3N-02945	Clear Cell Renal Cell Carcinoma	FFPE
C3N-02945-26	C3N-02945	Clear Cell Renal Cell Carcinoma	FFPE
C3N-02945-27	C3N-02945	Clear Cell Renal Cell Carcinoma	FFPE
C3N-02947-21	C3N-02947	Uterine Corpus Endometrial Carcinoma	FFPE
C3N-02947-22	C3N-02947	Uterine Corpus Endometrial Carcinoma	FFPE
C3N-02947-23	C3N-02947	Uterine Corpus Endometrial Carcinoma	FFPE
C3N-02947-26	C3N-02947	Uterine Corpus Endometrial Carcinoma	FFPE
C3N-02947-27	C3N-02947	Uterine Corpus Endometrial Carcinoma	FFPE
C3N-02948-21	C3N-02948	Lung Adenocarcinoma	FFPE
C3N-02948-22	C3N-02948	Lung Adenocarcinoma	FFPE
C3N-02948-23	C3N-02948	Lung Adenocarcinoma	FFPE
C3N-02948-26	C3N-02948	Lung Adenocarcinoma	FFPE
C3N-02948-27	C3N-02948	Lung Adenocarcinoma	FFPE
C3N-02950-21	C3N-02950	Lung Adenocarcinoma	FFPE
C3N-02950-22	C3N-02950	Lung Adenocarcinoma	FFPE
C3N-02950-26	C3N-02950	Lung Adenocarcinoma	FFPE
C3N-02950-27	C3N-02950	Lung Adenocarcinoma	FFPE
C3N-02971-21	C3N-02971	Pancreatic Ductal Adenocarcinoma	FFPE
C3N-02971-22	C3N-02971	Pancreatic Ductal Adenocarcinoma	FFPE
C3N-02971-23	C3N-02971	Pancreatic Ductal Adenocarcinoma	FFPE
C3N-02972-21	C3N-02972	Uterine Corpus Endometrial Carcinoma	FFPE
C3N-02972-22	C3N-02972	Uterine Corpus Endometrial Carcinoma	FFPE
C3N-02972-23	C3N-02972	Uterine Corpus Endometrial Carcinoma	FFPE
C3N-02972-26	C3N-02972	Uterine Corpus Endometrial Carcinoma	FFPE
C3N-02972-27	C3N-02972	Uterine Corpus Endometrial Carcinoma	FFPE
C3N-02973-21	C3N-02973	Lung Adenocarcinoma	FFPE
C3N-02973-22	C3N-02973	Lung Adenocarcinoma	FFPE
C3N-02973-23	C3N-02973	Lung Adenocarcinoma	FFPE
C3N-02973-26	C3N-02973	Lung Adenocarcinoma	FFPE
C3N-02973-27	C3N-02973	Lung Adenocarcinoma	FFPE
C3N-02976-21	C3N-02976	Uterine Corpus Endometrial Carcinoma	FFPE
C3N-02976-22	C3N-02976	Uterine Corpus Endometrial Carcinoma	FFPE
C3N-02976-26	C3N-02976	Uterine Corpus Endometrial Carcinoma	FFPE
C3N-02978-22	C3N-02978	Uterine Corpus Endometrial Carcinoma	FFPE
C3N-02979-21	C3N-02979	Uterine Corpus Endometrial Carcinoma	FFPE
C3N-02994-21	C3N-02994	Uterine Corpus Endometrial Carcinoma	FFPE
C3N-02997-21	C3N-02997	Pancreatic Ductal Adenocarcinoma	FFPE
C3N-02997-23	C3N-02997	Pancreatic Ductal Adenocarcinoma	FFPE
C3N-02998-23	C3N-02998	Pancreatic Ductal Adenocarcinoma	FFPE
C3N-03000-22	C3N-03000	Pancreatic Ductal Adenocarcinoma	FFPE
C3N-03001-21	C3N-03001	Glioblastoma	FFPE
C3N-03001-22	C3N-03001	Glioblastoma	FFPE
C3N-03001-23	C3N-03001	Glioblastoma	FFPE
C3N-03001-24	C3N-03001	Glioblastoma	FFPE
C3N-03003-21	C3N-03003	Glioblastoma	FFPE
C3N-03003-22	C3N-03003	Glioblastoma	FFPE
C3N-03003-23	C3N-03003	Glioblastoma	FFPE
C3N-03005-23	C3N-03005	Uterine Corpus Endometrial Carcinoma	FFPE
C3N-03006-21	C3N-03006	Pancreatic Ductal Adenocarcinoma	FFPE
C3N-03006-22	C3N-03006	Pancreatic Ductal Adenocarcinoma	FFPE
C3N-03007-22	C3N-03007	Pancreatic Ductal Adenocarcinoma	FFPE
C3N-03018-22	C3N-03018	Clear Cell Renal Cell Carcinoma	FFPE
C3N-03018-26	C3N-03018	Clear Cell Renal Cell Carcinoma	FFPE
C3N-03019-22	C3N-03019	Clear Cell Renal Cell Carcinoma	FFPE
C3N-03019-25	C3N-03019	Clear Cell Renal Cell Carcinoma	FFPE
C3N-03020-22	C3N-03020	Clear Cell Renal Cell Carcinoma	FFPE
C3N-03021-21	C3N-03021	Clear Cell Renal Cell Carcinoma	FFPE
C3N-03021-24	C3N-03021	Clear Cell Renal Cell Carcinoma	FFPE
C3N-03025-21	C3N-03025	Glioblastoma	FFPE
C3N-03026-21	C3N-03026	Glioblastoma	FFPE
C3N-03026-22	C3N-03026	Glioblastoma	FFPE
C3N-03026-23	C3N-03026	Glioblastoma	FFPE
C3N-03026-24	C3N-03026	Glioblastoma	FFPE
C3N-03026-25	C3N-03026	Glioblastoma	FFPE
C3N-03038-21	C3N-03038	Lung Adenocarcinoma	FFPE
C3N-03038-22	C3N-03038	Lung Adenocarcinoma	FFPE
C3N-03038-23	C3N-03038	Lung Adenocarcinoma	FFPE
C3N-03038-24	C3N-03038	Lung Adenocarcinoma	FFPE
C3N-03039-21	C3N-03039	Pancreatic Ductal Adenocarcinoma	FFPE
C3N-03039-22	C3N-03039	Pancreatic Ductal Adenocarcinoma	FFPE
C3N-03039-23	C3N-03039	Pancreatic Ductal Adenocarcinoma	FFPE
C3N-03039-24	C3N-03039	Pancreatic Ductal Adenocarcinoma	FFPE
C3N-03039-25	C3N-03039	Pancreatic Ductal Adenocarcinoma	FFPE
C3N-03039-26	C3N-03039	Pancreatic Ductal Adenocarcinoma	FFPE
C3N-03044-21	C3N-03044	Uterine Corpus Endometrial Carcinoma	FFPE
C3N-03044-22	C3N-03044	Uterine Corpus Endometrial Carcinoma	FFPE
C3N-03044-23	C3N-03044	Uterine Corpus Endometrial Carcinoma	FFPE
C3N-03044-24	C3N-03044	Uterine Corpus Endometrial Carcinoma	FFPE
C3N-03044-25	C3N-03044	Uterine Corpus Endometrial Carcinoma	FFPE
C3N-03044-26	C3N-03044	Uterine Corpus Endometrial Carcinoma	FFPE
C3N-03052-21	C3N-03052	Lung Adenocarcinoma	FFPE
C3N-03052-22	C3N-03052	Lung Adenocarcinoma	FFPE
C3N-03052-23	C3N-03052	Lung Adenocarcinoma	FFPE
C3N-03054-21	C3N-03054	Lung Adenocarcinoma	FFPE
C3N-03054-22	C3N-03054	Lung Adenocarcinoma	FFPE
C3N-03054-23	C3N-03054	Lung Adenocarcinoma	FFPE
C3N-03057-21	C3N-03057	Lung Adenocarcinoma	FFPE
C3N-03057-22	C3N-03057	Lung Adenocarcinoma	FFPE
C3N-03057-23	C3N-03057	Lung Adenocarcinoma	FFPE
C3N-03061-21	C3N-03061	Pancreatic Ductal Adenocarcinoma	FFPE
C3N-03061-22	C3N-03061	Pancreatic Ductal Adenocarcinoma	FFPE
C3N-03061-23	C3N-03061	Pancreatic Ductal Adenocarcinoma	FFPE
C3N-03063-21	C3N-03063	Lung Adenocarcinoma	FFPE
C3N-03063-22	C3N-03063	Lung Adenocarcinoma	FFPE
C3N-03063-23	C3N-03063	Lung Adenocarcinoma	FFPE
C3N-03069-21	C3N-03069	Pancreatic Ductal Adenocarcinoma	FFPE
C3N-03069-22	C3N-03069	Pancreatic Ductal Adenocarcinoma	FFPE
C3N-03069-23	C3N-03069	Pancreatic Ductal Adenocarcinoma	FFPE
C3N-03070-21	C3N-03070	Glioblastoma	FFPE
C3N-03070-22	C3N-03070	Glioblastoma	FFPE
C3N-03073-21	C3N-03073	Lung Adenocarcinoma	FFPE
C3N-03073-22	C3N-03073	Lung Adenocarcinoma	FFPE
C3N-03073-23	C3N-03073	Lung Adenocarcinoma	FFPE
C3N-03074-21	C3N-03074	Lung Adenocarcinoma	FFPE
C3N-03074-22	C3N-03074	Lung Adenocarcinoma	FFPE
C3N-03074-23	C3N-03074	Lung Adenocarcinoma	FFPE
C3N-03080-21	C3N-03080	Lung Adenocarcinoma	FFPE
C3N-03080-22	C3N-03080	Lung Adenocarcinoma	FFPE
C3N-03080-23	C3N-03080	Lung Adenocarcinoma	FFPE
C3N-03086-21	C3N-03086	Pancreatic Ductal Adenocarcinoma	FFPE
C3N-03086-22	C3N-03086	Pancreatic Ductal Adenocarcinoma	FFPE
C3N-03086-23	C3N-03086	Pancreatic Ductal Adenocarcinoma	FFPE
C3N-03088-21	C3N-03088	Glioblastoma	FFPE
C3N-03088-22	C3N-03088	Glioblastoma	FFPE
C3N-03100-21	C3N-03100	Pancreatic Ductal Adenocarcinoma	FFPE
C3N-03100-22	C3N-03100	Pancreatic Ductal Adenocarcinoma	FFPE
C3N-03100-23	C3N-03100	Pancreatic Ductal Adenocarcinoma	FFPE
C3N-03100-24	C3N-03100	Pancreatic Ductal Adenocarcinoma	FFPE
C3N-03100-25	C3N-03100	Pancreatic Ductal Adenocarcinoma	FFPE
C3N-03100-26	C3N-03100	Pancreatic Ductal Adenocarcinoma	FFPE
C3N-03100-27	C3N-03100	Pancreatic Ductal Adenocarcinoma	FFPE
C3N-03100-28	C3N-03100	Pancreatic Ductal Adenocarcinoma	FFPE
C3N-03173-21	C3N-03173	Pancreatic Ductal Adenocarcinoma	FFPE
C3N-03173-26	C3N-03173	Pancreatic Ductal Adenocarcinoma	FFPE
C3N-03180-21	C3N-03180	Glioblastoma	FFPE
C3N-03180-22	C3N-03180	Glioblastoma	FFPE
C3N-03180-23	C3N-03180	Glioblastoma	FFPE
C3N-03182-21	C3N-03182	Glioblastoma	FFPE
C3N-03182-22	C3N-03182	Glioblastoma	FFPE
C3N-03182-23	C3N-03182	Glioblastoma	FFPE
C3N-03183-21	C3N-03183	Glioblastoma	FFPE
C3N-03183-22	C3N-03183	Glioblastoma	FFPE
C3N-03183-23	C3N-03183	Glioblastoma	FFPE
C3N-03184-21	C3N-03184	Glioblastoma	FFPE
C3N-03184-22	C3N-03184	Glioblastoma	FFPE
C3N-03184-23	C3N-03184	Glioblastoma	FFPE
C3N-03186-21	C3N-03186	Glioblastoma	FFPE
C3N-03186-22	C3N-03186	Glioblastoma	FFPE
C3N-03186-23	C3N-03186	Glioblastoma	FFPE
C3N-03187-21	C3N-03187	Glioblastoma	FFPE
C3N-03187-22	C3N-03187	Glioblastoma	FFPE
C3N-03187-23	C3N-03187	Glioblastoma	FFPE
C3N-03188-21	C3N-03188	Glioblastoma	FFPE
C3N-03188-22	C3N-03188	Glioblastoma	FFPE
C3N-03188-23	C3N-03188	Glioblastoma	FFPE
C3N-03190-21	C3N-03190	Pancreatic Ductal Adenocarcinoma	FFPE
C3N-03190-22	C3N-03190	Pancreatic Ductal Adenocarcinoma	FFPE
C3N-03190-23	C3N-03190	Pancreatic Ductal Adenocarcinoma	FFPE
C3N-03202-21	C3N-03202	Lung Adenocarcinoma	FFPE
C3N-03202-22	C3N-03202	Lung Adenocarcinoma	FFPE
C3N-03202-23	C3N-03202	Lung Adenocarcinoma	FFPE
C3N-03205-21	C3N-03205	Lung Adenocarcinoma	FFPE
C3N-03205-22	C3N-03205	Lung Adenocarcinoma	FFPE
C3N-03205-23	C3N-03205	Lung Adenocarcinoma	FFPE
C3N-03210-21	C3N-03210	Lung Adenocarcinoma	FFPE
C3N-03210-22	C3N-03210	Lung Adenocarcinoma	FFPE
C3N-03210-23	C3N-03210	Lung Adenocarcinoma	FFPE
C3N-03211-21	C3N-03211	Pancreatic Ductal Adenocarcinoma	FFPE
C3N-03211-22	C3N-03211	Pancreatic Ductal Adenocarcinoma	FFPE
C3N-03211-23	C3N-03211	Pancreatic Ductal Adenocarcinoma	FFPE
C3N-03212-21	C3N-03212	Lung Adenocarcinoma	FFPE
C3N-03212-22	C3N-03212	Lung Adenocarcinoma	FFPE
C3N-03212-23	C3N-03212	Lung Adenocarcinoma	FFPE
C3N-03222-21	C3N-03222	Lung Adenocarcinoma	FFPE
C3N-03222-22	C3N-03222	Lung Adenocarcinoma	FFPE
C3N-03222-23	C3N-03222	Lung Adenocarcinoma	FFPE
C3N-03222-26	C3N-03222	Lung Adenocarcinoma	FFPE
C3N-03225-21	C3N-03225	Lung Adenocarcinoma	FFPE
C3N-03225-22	C3N-03225	Lung Adenocarcinoma	FFPE
C3N-03225-23	C3N-03225	Lung Adenocarcinoma	FFPE
C3N-03225-26	C3N-03225	Lung Adenocarcinoma	FFPE
C3N-03233-21	C3N-03233	Lung Adenocarcinoma	FFPE
C3N-03233-22	C3N-03233	Lung Adenocarcinoma	FFPE
C3N-03233-23	C3N-03233	Lung Adenocarcinoma	FFPE
C3N-03233-26	C3N-03233	Lung Adenocarcinoma	FFPE
C3N-03238-21	C3N-03238	Lung Adenocarcinoma	FFPE
C3N-03238-22	C3N-03238	Lung Adenocarcinoma	FFPE
C3N-03238-23	C3N-03238	Lung Adenocarcinoma	FFPE
C3N-03238-26	C3N-03238	Lung Adenocarcinoma	FFPE
C3N-03415-21	C3N-03415	Uterine Corpus Endometrial Carcinoma	FFPE
C3N-03417-21	C3N-03417	Uterine Corpus Endometrial Carcinoma	FFPE
C3N-03420-21	C3N-03420	Lung Adenocarcinoma	FFPE
C3N-03420-22	C3N-03420	Lung Adenocarcinoma	FFPE
C3N-03420-29	C3N-03420	Lung Adenocarcinoma	FFPE
C3N-03426-21	C3N-03426	Pancreatic Ductal Adenocarcinoma	FFPE
C3N-03426-24	C3N-03426	Pancreatic Ductal Adenocarcinoma	FFPE
C3N-03428-21	C3N-03428	Pancreatic Ductal Adenocarcinoma	FFPE
C3N-03428-22	C3N-03428	Pancreatic Ductal Adenocarcinoma	FFPE
C3N-03430-22	C3N-03430	Pancreatic Ductal Adenocarcinoma	FFPE
C3N-03439-22	C3N-03439	Pancreatic Ductal Adenocarcinoma	FFPE
C3N-03439-23	C3N-03439	Pancreatic Ductal Adenocarcinoma	FFPE
C3N-03440-21	C3N-03440	Pancreatic Ductal Adenocarcinoma	FFPE
C3N-03440-24	C3N-03440	Pancreatic Ductal Adenocarcinoma	FFPE
C3N-03446-21	C3N-03446	Glioblastoma	FFPE
C3N-03446-22	C3N-03446	Glioblastoma	FFPE
C3N-03446-23	C3N-03446	Glioblastoma	FFPE
C3N-03446-24	C3N-03446	Glioblastoma	FFPE
C3N-03446-25	C3N-03446	Glioblastoma	FFPE
C3N-03448-21	C3N-03448	Glioblastoma	FFPE
C3N-03449-21	C3N-03449	Glioblastoma	FFPE
C3N-03450-22	C3N-03450	Glioblastoma	FFPE
C3N-03450-24	C3N-03450	Glioblastoma	FFPE
C3N-03450-25	C3N-03450	Glioblastoma	FFPE
C3N-03450-26	C3N-03450	Glioblastoma	FFPE
C3N-03450-28	C3N-03450	Glioblastoma	FFPE
C3N-03450-30	C3N-03450	Glioblastoma	FFPE
C3N-03452-21	C3N-03452	Glioblastoma	FFPE
C3N-03452-25	C3N-03452	Glioblastoma	FFPE
C3N-03453-21	C3N-03453	Glioblastoma	FFPE
C3N-03473-21	C3N-03473	Glioblastoma	FFPE
C3N-03473-22	C3N-03473	Glioblastoma	FFPE
C3N-03473-23	C3N-03473	Glioblastoma	FFPE
C3N-03480-21	C3N-03480	Glioblastoma	FFPE
C3N-03480-22	C3N-03480	Glioblastoma	FFPE
C3N-03480-23	C3N-03480	Glioblastoma	FFPE
C3N-03484-21	C3N-03484	Glioblastoma	FFPE
C3N-03484-22	C3N-03484	Glioblastoma	FFPE
C3N-03665-21	C3N-03665	Pancreatic Ductal Adenocarcinoma	FFPE
C3N-03665-23	C3N-03665	Pancreatic Ductal Adenocarcinoma	FFPE
C3N-03666-21	C3N-03666	Pancreatic Ductal Adenocarcinoma	FFPE
C3N-03670-21	C3N-03670	Pancreatic Ductal Adenocarcinoma	FFPE
C3N-03670-22	C3N-03670	Pancreatic Ductal Adenocarcinoma	FFPE
C3N-03754-21	C3N-03754	Pancreatic Ductal Adenocarcinoma	FFPE
C3N-03755-21	C3N-03755	Glioblastoma	FFPE
C3N-03756-21	C3N-03756	Glioblastoma	FFPE
C3N-03756-22	C3N-03756	Glioblastoma	FFPE
C3N-03757-26	C3N-03757	Glioblastoma	FFPE
C3N-03757-27	C3N-03757	Glioblastoma	FFPE
C3N-03764-22	C3N-03764	Lung Adenocarcinoma	FFPE
C3N-03764-29	C3N-03764	Lung Adenocarcinoma	FFPE
C3N-03765-27	C3N-03765	Lung Adenocarcinoma	FFPE
C3N-03765-29	C3N-03765	Lung Adenocarcinoma	FFPE
C3N-03767-21	C3N-03767	Uterine Corpus Endometrial Carcinoma	FFPE
C3N-03778-21	C3N-03778	Pancreatic Ductal Adenocarcinoma	FFPE
C3N-03778-23	C3N-03778	Pancreatic Ductal Adenocarcinoma	FFPE
C3N-03780-21	C3N-03780	Pancreatic Ductal Adenocarcinoma	FFPE
C3N-03780-24	C3N-03780	Pancreatic Ductal Adenocarcinoma	FFPE
C3N-03789-25	C3N-03789	Glioblastoma	FFPE
C3N-03791-22	C3N-03791	Glioblastoma	FFPE
C3N-03791-23	C3N-03791	Glioblastoma	FFPE
C3N-03791-24	C3N-03791	Glioblastoma	FFPE
C3N-03792-26	C3N-03792	Glioblastoma	FFPE
C3N-03797-21	C3N-03797	Glioblastoma	FFPE
C3N-03797-22	C3N-03797	Glioblastoma	FFPE
C3N-03797-23	C3N-03797	Glioblastoma	FFPE
C3N-03800-21	C3N-03800	Glioblastoma	FFPE
C3N-03800-22	C3N-03800	Glioblastoma	FFPE
C3N-03800-23	C3N-03800	Glioblastoma	FFPE
C3N-03802-21	C3N-03802	Glioblastoma	FFPE
C3N-03802-22	C3N-03802	Glioblastoma	FFPE
C3N-03802-23	C3N-03802	Glioblastoma	FFPE
C3N-03810-21	C3N-03810	Glioblastoma	FFPE
C3N-03810-22	C3N-03810	Glioblastoma	FFPE
C3N-03810-23	C3N-03810	Glioblastoma	FFPE
C3N-03839-21	C3N-03839	Pancreatic Ductal Adenocarcinoma	FFPE
C3N-03839-22	C3N-03839	Pancreatic Ductal Adenocarcinoma	FFPE
C3N-03839-23	C3N-03839	Pancreatic Ductal Adenocarcinoma	FFPE
C3N-03839-25	C3N-03839	Pancreatic Ductal Adenocarcinoma	FFPE
C3N-03840-21	C3N-03840	Pancreatic Ductal Adenocarcinoma	FFPE
C3N-03840-22	C3N-03840	Pancreatic Ductal Adenocarcinoma	FFPE
C3N-03840-23	C3N-03840	Pancreatic Ductal Adenocarcinoma	FFPE
C3N-03853-21	C3N-03853	Pancreatic Ductal Adenocarcinoma	FFPE
C3N-03853-22	C3N-03853	Pancreatic Ductal Adenocarcinoma	FFPE
C3N-03853-23	C3N-03853	Pancreatic Ductal Adenocarcinoma	FFPE
C3N-03854-21	C3N-03854	Pancreatic Ductal Adenocarcinoma	FFPE
C3N-03854-22	C3N-03854	Pancreatic Ductal Adenocarcinoma	FFPE
C3N-03854-23	C3N-03854	Pancreatic Ductal Adenocarcinoma	FFPE
C3N-03884-21	C3N-03884	Pancreatic Ductal Adenocarcinoma	FFPE
C3N-03884-22	C3N-03884	Pancreatic Ductal Adenocarcinoma	FFPE
C3N-03884-23	C3N-03884	Pancreatic Ductal Adenocarcinoma	FFPE
C3N-03890-21	C3N-03890	Lung Adenocarcinoma	FFPE
C3N-03890-22	C3N-03890	Lung Adenocarcinoma	FFPE
C3N-03890-23	C3N-03890	Lung Adenocarcinoma	FFPE
C3N-03890-26	C3N-03890	Lung Adenocarcinoma	FFPE
C3N-03911-21	C3N-03911	Lung Adenocarcinoma	FFPE
C3N-03911-22	C3N-03911	Lung Adenocarcinoma	FFPE
C3N-03911-23	C3N-03911	Lung Adenocarcinoma	FFPE
C3N-03911-26	C3N-03911	Lung Adenocarcinoma	FFPE
C3N-03921-21	C3N-03921	Lung Adenocarcinoma	FFPE
C3N-03921-22	C3N-03921	Lung Adenocarcinoma	FFPE
C3N-03921-23	C3N-03921	Lung Adenocarcinoma	FFPE
C3N-03921-26	C3N-03921	Lung Adenocarcinoma	FFPE
C3N-03929-21	C3N-03929	Lung Adenocarcinoma	FFPE
C3N-03929-22	C3N-03929	Lung Adenocarcinoma	FFPE
C3N-03929-23	C3N-03929	Lung Adenocarcinoma	FFPE
C3N-03929-26	C3N-03929	Lung Adenocarcinoma	FFPE
C3N-03935-21	C3N-03935	Glioblastoma	FFPE
C3N-03935-22	C3N-03935	Glioblastoma	FFPE
C3N-03935-23	C3N-03935	Glioblastoma	FFPE
C3N-03939-21	C3N-03939	Glioblastoma	FFPE
C3N-03939-22	C3N-03939	Glioblastoma	FFPE
C3N-03939-23	C3N-03939	Glioblastoma	FFPE
C3N-04092-21	C3N-04092	Glioblastoma	FFPE
C3N-04092-22	C3N-04092	Glioblastoma	FFPE
C3N-04092-23	C3N-04092	Glioblastoma	FFPE
C3N-04094-21	C3N-04094	Glioblastoma	FFPE
C3N-04094-22	C3N-04094	Glioblastoma	FFPE
C3N-04094-23	C3N-04094	Glioblastoma	FFPE
C3N-04097-21	C3N-04097	Glioblastoma	FFPE
C3N-04097-22	C3N-04097	Glioblastoma	FFPE
C3N-04097-23	C3N-04097	Glioblastoma	FFPE
C3N-04098-21	C3N-04098	Glioblastoma	FFPE
C3N-04098-22	C3N-04098	Glioblastoma	FFPE
C3N-04098-23	C3N-04098	Glioblastoma	FFPE
C3N-04100-21	C3N-04100	Glioblastoma	FFPE
C3N-04100-22	C3N-04100	Glioblastoma	FFPE
C3N-04100-23	C3N-04100	Glioblastoma	FFPE
C3N-04113-21	C3N-04113	Glioblastoma	FFPE
C3N-04113-22	C3N-04113	Glioblastoma	FFPE
C3N-04113-23	C3N-04113	Glioblastoma	FFPE
C3N-04119-21	C3N-04119	Pancreatic Ductal Adenocarcinoma	FFPE
C3N-04119-22	C3N-04119	Pancreatic Ductal Adenocarcinoma	FFPE
C3N-04119-23	C3N-04119	Pancreatic Ductal Adenocarcinoma	FFPE
C3N-04126-21	C3N-04126	Pancreatic Ductal Adenocarcinoma	FFPE
C3N-04126-22	C3N-04126	Pancreatic Ductal Adenocarcinoma	FFPE
C3N-04126-23	C3N-04126	Pancreatic Ductal Adenocarcinoma	FFPE
C3N-04157-21	C3N-04157	Lung Adenocarcinoma	FFPE
C3N-04157-22	C3N-04157	Lung Adenocarcinoma	FFPE
C3N-04157-23	C3N-04157	Lung Adenocarcinoma	FFPE
C3N-04157-26	C3N-04157	Lung Adenocarcinoma	FFPE
C3N-04166-21	C3N-04166	Lung Adenocarcinoma	FFPE
C3N-04166-22	C3N-04166	Lung Adenocarcinoma	FFPE
C3N-04166-23	C3N-04166	Lung Adenocarcinoma	FFPE
C3N-04166-26	C3N-04166	Lung Adenocarcinoma	FFPE
C3N-04168-21	C3N-04168	Lung Adenocarcinoma	FFPE
C3N-04168-22	C3N-04168	Lung Adenocarcinoma	FFPE
C3N-04168-23	C3N-04168	Lung Adenocarcinoma	FFPE
C3N-04168-26	C3N-04168	Lung Adenocarcinoma	FFPE
C3N-04171-26	C3N-04171	Lung Adenocarcinoma	FFPE
C3N-04171-29	C3N-04171	Lung Adenocarcinoma	FFPE
C3N-04173-21	C3N-04173	Lung Adenocarcinoma	FFPE
C3N-04173-29	C3N-04173	Lung Adenocarcinoma	FFPE
C3N-04176-27	C3N-04176	Lung Adenocarcinoma	FFPE
C3N-04176-29	C3N-04176	Lung Adenocarcinoma	FFPE
C3N-04180-21	C3N-04180	Lung Adenocarcinoma	FFPE
C3N-04180-30	C3N-04180	Lung Adenocarcinoma	FFPE
C3N-04282-21	C3N-04282	Pancreatic Ductal Adenocarcinoma	FFPE
C3N-04282-23	C3N-04282	Pancreatic Ductal Adenocarcinoma	FFPE
C3N-04283-23	C3N-04283	Pancreatic Ductal Adenocarcinoma	FFPE
C3N-04283-24	C3N-04283	Pancreatic Ductal Adenocarcinoma	FFPE
C3N-04284-21	C3N-04284	Pancreatic Ductal Adenocarcinoma	FFPE
C3N-04284-23	C3N-04284	Pancreatic Ductal Adenocarcinoma	FFPE
C3N-04297-24	C3N-04297	Lung Adenocarcinoma	FFPE
C3N-04297-29	C3N-04297	Lung Adenocarcinoma	FFPE
C3N-04312-21	C3N-04312	Glioblastoma	FFPE
C3N-04312-22	C3N-04312	Glioblastoma	FFPE
C3N-04312-23	C3N-04312	Glioblastoma	FFPE
C3N-04330-21	C3N-04330	Lung Adenocarcinoma	FFPE
C3N-04330-22	C3N-04330	Lung Adenocarcinoma	FFPE
C3N-04330-23	C3N-04330	Lung Adenocarcinoma	FFPE
C3N-04330-26	C3N-04330	Lung Adenocarcinoma	FFPE
C3N-04382-21	C3N-04382	Lung Adenocarcinoma	FFPE
C3N-04382-22	C3N-04382	Lung Adenocarcinoma	FFPE
C3N-04382-26	C3N-04382	Lung Adenocarcinoma	FFPE
C3N-04382-27	C3N-04382	Lung Adenocarcinoma	FFPE
C3N-04616-21	C3N-04616	Lung Adenocarcinoma	FFPE
C3N-04616-22	C3N-04616	Lung Adenocarcinoma	FFPE
C3N-04616-23	C3N-04616	Lung Adenocarcinoma	FFPE
C3N-04616-26	C3N-04616	Lung Adenocarcinoma	FFPE
C3N-04683-22	C3N-04683	Glioblastoma	FFPE
C3N-04686-21	C3N-04686	Glioblastoma	FFPE
C3N-04686-22	C3N-04686	Glioblastoma	FFPE
C3N-04686-23	C3N-04686	Glioblastoma	FFPE
C3N-04686-24	C3N-04686	Glioblastoma	FFPE
C3N-04687-21	C3N-04687	Glioblastoma	FFPE
C3N-04687-22	C3N-04687	Glioblastoma	FFPE
C3N-04687-23	C3N-04687	Glioblastoma	FFPE
C3N-04691-21	C3N-04691	Glioblastoma	FFPE
C3N-04693-21	C3N-04693	Glioblastoma	FFPE
C3N-04695-23	C3N-04695	Glioblastoma	FFPE
C3N-04714-21	C3N-04714	Lung Adenocarcinoma	FFPE
C3N-04714-25	C3N-04714	Lung Adenocarcinoma	FFPE
C3N-05039-21	C3N-05039	Glioblastoma	FFPE
C3N-05039-22	C3N-05039	Glioblastoma	FFPE
C3N-05114-21	C3N-05114	Glioblastoma	FFPE
C3N-05114-22	C3N-05114	Glioblastoma	FFPE
C3N-05135-21	C3N-05135	Glioblastoma	FFPE
C3N-05135-22	C3N-05135	Glioblastoma	FFPE
C3N-05991-21	C3N-05991	Glioblastoma	FFPE
C3N-05991-22	C3N-05991	Glioblastoma	FFPE
